0,1107.40272411505,942.720794417855,886.172881152958,895.663616259938,646.884085755367,637.424614041825,611.890394740031,640.84757042182,631.894729740535,515.143277814681,509.226424698711,551.427759279117,514.549470385613,527.699398400039,583.413185361795,588.865799405315,617.059123937912,632.32162194322,659.310359947935,675.55762964705,672.16169576754,727.167973970154,714.299199628971,711.545543944002,758.04209484051,806.498144907149,768.800988386781,741.877786363887,733.2882798859,747.970336380556,782.381753865455,780.541278229687,716.479080712651,708.455978494089,772.189180415519,599.296713567186,749.890265430189,532.396685729231,401.02086406053,401.02086406053
0,100,114.671792776731,124.245128839788,157.670451970251,142.201683712114,126.87807451938,133.825979575346,204.857859409041,357.206466480106,331.231694127719,352.643725055408,454.303018102352,470.187716785464,525.618538063487,641.547787411897,667.705363091144,691.110992222063,692.041623223357,738.088116705743,679.709517092416,669.014838171343,766.68226045525,676.104534437029,658.29117563672,677.582830903091,739.491660943028,708.754688467354,695.088093209622,678.64820762953,699.925486463958,756.653994862828,785.025985928308,789.903091812932,798.96843054808,902.922527933539,946.089531440177,1152.47335977503,835.125055838051,585.131686739373,585.131686739373
0,100,91.3007993771219,91.3014637084327,123.961658552204,139.792813442188,130.893136086173,131.040967171423,178.281952531824,363.578441282915,321.741345174018,322.214204225569,373.828619583293,385.377441854222,398.667503358779,434.16885565922,439.824792520117,459.71613276075,464.302782055729,513.060359646845,497.377964714754,502.190983528447,606.732235594307,639.20066045065,649.156999805929,664.480961260419,706.209357105423,724.151461763349,731.985747397006,745.954689360278,739.894625512811,791.800307260546,787.935280135558,788.345103379083,785.776213988746,816.701604273295,840.356469402478,967.037987456437,819.297167535076,569.465709472929,569.465709472929
0,100,97.6588864965771,91.3000000500627,114.617204405678,122.520187087775,119.542146879855,119.554543919017,136.713942194068,325.879966561984,288.116265662409,288.178723867587,307.019637740775,292.578980037746,299.164212875434,322.392798386236,323.542884966863,336.818956576348,346.575472790621,363.368190977735,405.696602093203,403.002572985924,456.947775317427,507.633641615007,513.736927501696,520.141057699192,526.522868033382,541.065472396308,569.008235174106,588.800478108061,630.745422584706,649.238388691643,773.199370005218,633.350543966366,640.278163990562,753.903916999159,677.607241405424,907.532008653782,609.519813590023,430.093172972109,430.093172972109
0,100,106.85258157315,113.211025953053,124.527170372385,106.006418977483,98.0381545265002,97.9593983545526,104.942511705445,267.263100854238,246.649798934397,246.434483345163,252.82080876322,249.15393465535,237.325538665666,276.719018608796,265.123187657721,270.477089260875,269.884235504292,316.819082084621,319.058489492544,327.772382143886,407.165542855014,374.179749522799,384.885644234114,395.889201864368,389.990791621327,384.038592507652,387.49971289329,397.984214332532,388.85118342769,407.456817319285,481.156202490073,543.169552570774,553.083885787152,692.674624922706,756.436950048581,944.38752244475,799.978500984596,564.72444425856,564.72444425856
0,100,104.018304877893,91.3009740136333,110.667625257242,80.7055138278007,74.6802836907621,74.8081503558466,80.8858988746631,211.516034114225,197.849391109713,198.311869043207,199.177197284053,200.253244933575,208.465586275931,281.975491278031,296.819023327978,307.642074617509,309.909505139438,370.29675249603,373.161414066339,382.489173749285,433.313997999673,461.612096242239,461.699264528663,497.070947348701,472.122754590729,448.610985090044,454.649319803923,462.869749457667,458.652922310266,492.672454568719,598.859655651212,497.54154609159,491.778465148463,640.07730253964,585.655238978839,723.160665796217,568.618392972272,396.922080089816,396.922080089816
0,100,128.764049633729,135.122051939417,155.09573866326,129.653988956682,121.42668553134,121.170922247092,127.015406644523,234.031448780012,206.251807676398,205.326915671365,208.896404956283,202.533775430268,192.204433559601,221.841605833119,208.96302350218,221.404355112844,216.73529946874,254.442163994825,279.55622028216,279.593481800302,290.927222126819,311.764988663887,323.173764034195,351.360854862083,389.866411759015,373.211577162554,369.951469491018,376.408070459317,403.72508842083,457.628178442577,508.540548031553,605.199534927727,613.196273193623,757.113428173654,801.71691193917,889.732988302738,714.037572112153,501.15917874499,501.15917874499
0,100,106.85364545199,113.212973980319,118.53123809097,93.996437374946,86.9768419433743,87.1168815403476,88.2325344654465,204.496503001073,181.128515789704,181.652118499395,189.354073837211,208.170298827913,204.964298003671,272.930808241032,282.682845905813,304.98470890456,306.450169276828,343.192207729621,342.228081689877,347.434371283924,413.604742564863,320.954865380601,317.971844382617,318.344662315895,357.797026717328,346.262801278417,320.091191280102,308.398855898551,287.046042483408,314.934307981888,367.952708038748,315.116330241124,316.567425289943,423.287827322586,469.607000565784,583.986774090122,440.799728037521,312.272484157172,312.272484157172
0,100,97.6594184450438,91.3009740802609,97.9848296974442,68.5556022930973,63.4416468179131,63.5696683033845,63.6475129772026,189.804331996034,157.550237049762,158.01345417358,158.880109401064,168.260672708564,182.406369186291,223.853529486971,225.385568239239,250.396312407547,251.939220149413,266.891693167845,277.148852011336,279.298767313016,316.612131330641,349.324723937177,351.11499323838,361.129480618785,368.303603385779,377.661708549603,410.59815309273,425.472587262368,421.842182009207,464.28243369686,492.640882863316,489.260484481312,488.796189104264,570.656887565127,537.103438813875,660.8820870198,490.774728113551,339.543582413565,339.543582413565
0,100,113.211468060581,113.211025986368,131.892761839535,97.1844350217872,86.763687606953,86.6358502577048,101.467103977685,216.044125041212,201.220365556517,200.758061736132,205.19181963237,200.012487385548,191.813902745081,230.161775298262,223.25430979131,246.0342987733,240.462473279421,273.233549671316,245.36793487297,233.420973779838,277.466747137477,249.051852786153,233.7624387557,238.091081287523,258.593370778531,266.117281595362,248.353519601413,265.352515658589,290.841985432762,333.947214195807,370.918660446131,376.099105633209,384.710441678599,515.959101377924,516.462561991863,590.670990000524,513.334969539505,363.123712623648,363.123712623648
0,100,106.85311351257,113.211999966686,137.211999930305,121.550900492491,109.325372377532,109.300702848487,137.224692940955,234.787798234242,207.476100616061,207.352017914041,219.076342479032,217.343213450582,222.180198949111,265.193834985311,277.058493818923,305.673175503282,304.306321742772,317.548511003327,347.892926025931,352.867354791112,405.908070250412,411.934281550916,410.248427820965,416.199824973989,407.271201356537,418.274837152955,414.103733671032,391.932521196996,376.756311329069,392.164048642493,396.952584389383,391.272079390762,377.505077310811,417.217095457756,488.992411611465,593.924272436433,399.174442070156,276.353678227105,276.353678227105
0,100,94.4799751922319,91.3009740469471,121.984829627749,118.81952422548,108.378678255724,108.482008271464,143.514168057179,245.209848070469,217.005555058326,217.344516373218,229.934694785259,217.182689127558,224.20538015634,228.793846302402,226.234573286355,251.946301078377,258.559781215967,281.078199066027,270.012187608838,266.224025335425,306.699144053254,326.829692581363,335.512656308839,349.175294104063,361.893768120185,357.918122473618,362.092841909972,350.150294223443,369.796475177019,409.08449998963,413.304676033994,370.82321797613,377.294130293181,426.409734053358,368.368715519405,498.695196904576,397.918173756103,278.643603271505,278.643603271505
0,1136.68219178083,105.435177274005,102.255513009841,131.572187406096,136.860879399972,131.236358892879,131.160179198448,152.204709555512,270.521104810769,238.944792710931,238.651988466104,250.082727546554,247.349991917208,227.79947410082,234.601388964543,235.85002379484,240.108044579876,242.325613525179,254.539278337765,266.684858047176,272.535738934596,308.259118530449,297.941848318703,305.675079875751,317.970842177623,341.451248111144,327.066671853349,337.609263721347,327.078063973139,312.634503639947,353.741019263315,363.502694044965,385.7211504805,386.354923837995,428.407795415394,479.993407641728,596.591935075099,460.584393776525,323.472294364368,323.472294364368
0,1207,1123.86717971007,1123.83741085694,1144.42464411574,870.124284073479,804.906180894241,798.045071610897,801.956788928687,836.045264669752,723.092174051511,700.443955834525,667.096385733033,600.737589545176,528.071956388687,426.052423412433,365.814101232552,310.876184765553,285.072789422757,297.436477521608,257.984813903066,253.281193525588,274.302574633424,275.685051912644,267.11557282091,269.953011910126,301.008179883229,286.394722337888,294.268024286942,296.883619682004,301.521652164529,337.890949351019,338.519641367325,318.261181836681,323.169105206343,337.244709412349,342.362564434794,433.704983573119,362.17171393936,254.433527742236,254.433527742236
0,1207,1130.26188524409,1123.90299775668,1158.60998456304,869.115332235495,799.276811279556,799.284191841577,825.16742678791,845.073555981544,747.067738016424,747.104354664831,752.48185182621,698.538915781653,698.771847772205,751.610283589209,769.442636268606,745.617285248415,746.826392787148,758.008873018341,724.975703324281,704.77154983714,727.339605889633,658.929447790071,650.747272305515,632.581048493442,630.908469258545,593.44871195884,562.598877585488,498.346208312902,447.368722822026,440.060217544915,444.647930609983,375.5767294735,350.31696236781,346.901861935964,335.529270029334,442.449449455761,312.129838613737,217.737104057044,217.737104057044
0,1207,1142.63502480773,1145.81402595298,1183.7887725223,922.503800696953,856.3851252829,856.220332088766,881.149971694907,917.418512199769,810.567762159581,809.919565888711,825.940219828386,758.690649262055,760.717746499981,746.358352152191,737.586251677082,717.751713596113,699.074172105867,708.563963134214,689.490314952541,685.825756797449,747.170314376061,673.313285235583,673.19144601072,673.893663502951,686.859775621113,683.576843436033,658.114908892659,637.968899421428,631.903282895725,656.064532425843,662.740038355512,639.505937475389,636.150891748288,636.457240525858,599.986483924176,666.588478392193,534.5872874778,369.769960426107,369.769960426107
0,1207,1131.67982272599,1134.85948699016,1161.51861904558,888.998442151393,822.342339830253,822.430773523994,841.515213917587,882.338485074924,780.220986910245,780.575411016213,799.982977058361,741.628007850999,743.855499015732,763.419321185732,762.755667896653,765.111384117099,785.252248565474,809.389257152991,780.139685777738,784.08541350168,815.675560146138,800.961131485271,799.851417433669,806.254871268226,819.99806824269,771.221874262487,796.707646231592,750.626610786349,760.01621949615,784.901121722659,765.040536737996,734.04225039965,722.902630023731,780.130950037723,720.741439362067,837.656432510362,588.265402187953,409.444819619367,409.444819619367
0,1207,1117.54437951867,1123.90348704013,1151.24541484872,881.301455673422,810.561350119325,810.625371819339,853.512607649698,866.236972930689,765.911744607233,766.143420747336,789.174062744495,722.697182617006,717.856195609259,760.522071492999,745.680882326916,715.410637124501,709.120527410371,733.706907001115,707.131054129542,712.117578980388,758.050481765999,694.076154622032,687.815326669117,709.261966059096,715.159619955395,701.116349881706,693.68584965111,667.528394618811,648.648361089342,674.056813228304,697.299817560756,669.720235582177,679.169859960938,715.505022266027,798.932315730131,860.120785368079,732.186578402472,514.674688149813,514.674688149813
0,1207,1101.99153196671,1101.99197406361,1115.28604471623,878.913020593594,820.775408439192,820.866506814745,839.103435028864,902.517485803985,798.027658519729,798.305053713592,829.459568257718,773.457094479557,779.889486398788,846.056756075814,868.681592392626,842.6914352581,840.234064275798,895.470442075787,818.920475008729,806.085771288014,829.470677135304,812.435774888335,807.451993155138,818.107459469017,834.050242832578,809.10484733956,791.282401633981,748.060787696745,760.78265627464,758.765296163358,755.136378524514,729.67117800398,723.905434255768,691.583154011363,685.829836243238,695.450213632219,546.51179699169,380.655212277674,380.655212277674
0,1207,1105.17044325281,1101.99100003332,1108.67379576882,828.206207271117,764.551025121782,764.612544509257,776.65078001025,807.501043794746,724.574489470674,724.884011258972,744.273842861789,708.304589476827,693.298704590631,695.430202907094,696.402361550599,701.647602317934,696.034736145047,715.437004707395,751.765478688647,763.440950109843,786.102468610341,761.004279170289,766.824890936447,776.959832022359,790.447820311318,809.17474227657,798.671840588729,760.580677934796,757.890269371912,778.351814411985,768.238737513863,727.601126080307,723.894055780769,691.509969358227,686.275167822042,689.813728098906,529.914076139512,370.32835657485,370.32835657485
0,1207,1119.30562049043,1112.94651297653,1128.28738088492,849.635040207427,787.448212797378,787.37199591081,794.355825873329,821.376026206087,715.347209718872,715.054296187165,726.48531284786,700.880869833587,699.257705889785,702.189600845593,698.597659971571,710.482246950947,717.435384032245,784.295755880729,702.404150569595,707.224930085668,726.120946159463,690.601008757817,698.835821510694,707.166122395848,710.383975824107,699.7841400367,708.689911845037,673.306176941575,682.730833021383,721.735182535129,715.997631807256,694.978511233241,703.331150596003,657.420071249776,693.002086603956,668.53979561219,545.077761209939,383.96635396367,383.96635396367
0,1207,1125.32013832943,1134.85802593639,1142.83277248794,864.570663529599,799.702635701417,799.586948922811,805.516770502748,821.126556215934,746.704058664762,746.302863682429,757.573869498108,717.438948740571,727.682190146909,738.084924990474,737.017586941417,726.812473979746,729.156173810775,745.463313582309,757.244504210604,754.64201849784,771.136746865566,719.743943146986,717.979118166228,728.275625262493,783.871805330831,715.485967061338,733.443151685161,679.020490466926,682.006828018109,706.39476745757,710.875197725142,704.070622381282,700.836958884899,703.046574291832,626.585008581695,638.934648746422,451.536288925967,316.021315774216,316.021315774216
0,1207,1101.99179791823,1101.99246103711,1105.33544867333,828.291991304754,764.659499979562,764.851307589876,785.876919078269,754.45121418982,667.408862310651,668.102613855766,691.997772494485,633.304184443051,642.645698048415,666.104460856154,668.875784245524,658.821349866311,666.24098771789,691.6360272355,658.627318282772,662.197089389909,697.528433287313,654.336765691565,650.845424394421,658.637921512645,718.038457194198,696.807330000338,710.106129750073,677.330945857047,661.400777902692,683.64741181661,666.079916170526,636.482624621772,643.184487965192,687.532989538919,716.606268955407,711.280400129292,575.030211388644,402.610106641329,402.610106641329
0,1207,1101.99100002729,1101.99100004997,1107.99100010428,838.636335088202,775.736159031151,775.724001062813,789.777121923086,791.798788958344,689.359271939243,689.29808454746,714.564756941049,678.907351036887,666.402313828095,685.702372149244,679.640359555505,653.278598349547,651.850400937658,652.967139535092,646.052951958087,647.008497580411,695.237513501724,646.106894467337,652.710197032919,660.014716945535,688.456533723989,694.023508426189,664.906961793735,641.429106402104,660.212951183958,708.4777179274,691.925110703727,656.751510269001,658.2517811706,666.93844871753,679.347153958272,695.912132529321,509.024047193065,356.284482101361,356.284482101361
0,845.519127346521,1101.991,1101.991,1118.01519354839,843.677144197399,775.745000994485,775.744993760358,797.684311933195,787.253387955248,706.485206483791,706.485150401314,713.186340022444,671.165035677133,683.069098729756,718.208634602709,720.661834473824,690.006471936792,693.118935045182,692.751382178593,656.299013470699,654.599210087609,680.607572424746,668.398822234496,659.3437638748,669.756623832336,704.534733685496,692.311943183512,699.661849656822,657.107038392793,648.158076265488,691.611402372083,701.817979329218,686.972771998687,688.146018275984,734.532812488915,686.21664297038,785.906820330083,551.727506335363,386.114421740698,386.114421740698
0,821,759.123727138886,749.595700462268,773.62040130043,607.261093035643,566.890029661024,569.236094798547,579.745313907893,624.314911870378,536.227678545692,543.923388023213,557.469082039355,531.981049970904,554.061598549566,614.351212942609,634.758791788274,624.820018870562,624.688997099413,661.100203980039,609.872753993211,607.25065838423,627.413027941705,600.777841286959,611.348306130711,626.555903922435,642.593542921151,647.317982384578,661.488372479692,629.837943060005,640.757760608032,664.441659537289,673.582363251066,651.325530672342,653.627054478717,703.600186520542,742.549457795944,901.240856717701,667.764595909257,467.799193448858,467.799193448858
0,821,779.260759252985,782.439539705994,819.803542125863,620.77169256208,566.419452675363,566.266117985016,601.991369398646,622.979173297205,560.911901227108,560.411872571815,564.843925645878,530.959585886609,523.447467588823,526.78703816087,521.272195955986,516.849810346805,517.159621761141,542.436566870554,546.871869139147,552.20407669762,558.135656808831,538.951243578744,542.254550444491,550.423040399925,573.962383285819,551.079224792134,569.257735601697,549.772902044739,557.965203559823,583.465104914236,588.451871895108,557.879028642697,558.122487258353,600.678168801933,588.920058640201,753.487673362108,594.711786947243,417.614964394583,417.614964394583
0,821,771.48526595153,771.485486973528,809.461823311468,655.485109721041,610.98151934845,610.983919700223,643.045227333347,665.954458754721,599.224603510217,599.146268039189,616.189107350369,583.727525734871,581.991188854285,604.04783737696,593.66973683716,572.309716956065,575.942888205822,608.689380732367,576.078981346381,568.33116607191,566.009804716345,534.138051958972,524.028855743258,521.458202768398,531.541141257081,512.726202633777,499.311545511076,482.884996997091,473.292242948928,510.529872125818,523.249059433554,492.992831393178,496.697627433707,533.417032772662,565.362981625994,605.871206687758,563.094853672951,396.461647550613,396.461647550613
0,821,768.305556774478,771.485000016656,788.119408637128,619.050828011878,577.285806553987,577.322685857821,592.436623052304,606.853538408669,536.572629104753,536.758198847716,561.171072090382,532.887619209341,540.590135503175,583.109861876756,603.65891522086,580.910337414495,580.716607152548,585.949857742178,610.498852447077,621.155809832534,663.50123077141,602.280062135562,602.90804804652,610.815807453603,603.140426099789,594.093725116988,591.532114565237,563.290227419631,567.519653764573,612.266787971155,602.06362645208,608.160347382769,602.151261564472,578.116828823964,595.493895682789,665.879217144815,443.111737165112,308.101534641383,308.101534641383
0,821,757.349822744189,760.529487023475,769.871414814141,578.31394038987,531.857442828438,531.958299414468,548.989783543644,550.004957100802,486.476591984892,486.893555497424,506.440390471117,476.814210577751,485.5951131917,483.18399797219,472.933142075862,461.708034913645,468.914238310986,493.065205657194,454.384444930641,459.56411378965,489.504830031659,505.700685680941,509.639563064113,517.992842481075,529.444367169179,518.312492988494,525.857762526615,498.818726936482,519.472029163691,590.547704938611,585.762123930131,553.640479540579,563.056376088821,557.555077150457,536.439865503042,579.536576488263,499.742818258087,349.457789383855,349.457789383855
0,821,749.573265987904,749.573487040132,758.232619149668,584.828114216491,542.5270299025,542.566477848719,550.650811247541,564.759490457166,499.329627310117,499.437678005999,506.297814123121,488.66929213664,470.76511755829,500.660036753924,505.337213904498,484.693708351518,476.546741412881,489.013344122024,473.729961199599,473.166309931573,490.973843744521,469.037979452221,476.618028770267,484.590686318689,487.69664448208,483.561764461665,463.157277100606,435.189197787763,422.207669380245,463.03071969695,483.877769761807,488.979877773426,490.945888359743,484.024426813321,515.113029537909,517.65120699276,415.014965128665,293.01984407359,293.01984407359
0,821,752.752443243716,749.573000016658,762.255795733775,576.014723689049,531.263984482749,531.276304686196,547.223284592076,543.734676540155,480.699574295254,480.761577717709,486.198131579762,457.830922742326,476.296279026268,483.054045576883,491.647904982382,483.117966082714,491.491747683417,504.199259466725,484.302103146872,482.175859711544,487.233004876698,484.608070057185,469.536909619323,473.417248381925,493.24449637418,531.984952027569,501.757597362849,472.321037589599,481.104449677758,519.159431821264,484.778900819029,464.96894530311,464.223160634987,476.230909617205,438.634660588396,504.677717441243,334.730628511272,233.872369635497,233.872369635497
0,821,760.528734021193,760.528512976527,791.893574433306,605.861354092138,554.196954028365,554.120707865462,601.892148972168,574.83805605972,507.960765577523,507.667600711249,529.694461609937,488.881796120415,475.275845122695,455.704505853141,449.038611523186,433.603980687746,421.135633123471,421.219405087362,420.097308638215,419.559331462988,433.050444863371,412.600340614268,429.136042017345,431.124410095204,433.71573386479,463.826744584356,498.091177889993,479.953939526178,474.226800102446,504.870873307645,536.424756914948,499.032125624956,502.356900625566,502.495357981592,539.209996637006,591.268143307321,481.309261030721,336.228214002483,336.228214002483
0,821,757.349556756285,760.528999983343,789.163408567103,642.734859802332,599.176179978207,599.126966158413,638.187394782228,659.745096695222,572.509162470758,572.261527452603,607.710624867271,580.51945501365,578.205662447793,576.475056467369,565.647540495526,563.070704323765,558.438878922615,555.481161930923,525.565420248249,520.859608715361,520.873808926728,500.562089165229,487.545683388733,490.017301779883,511.504419114185,493.708484662375,476.529761770892,463.580189543955,451.912000244857,458.133510931588,471.196079504899,445.783426890581,442.076718102769,406.04205491594,419.90529858339,450.397331858674,361.698762641087,254.64019056716,254.64019056716
0,821,752.752709213425,749.573487023474,764.232619115214,595.335046893309,553.810430609977,553.911235965603,580.033704227496,621.436089990893,549.621536459192,550.038172697282,586.882386752526,551.023807376121,565.722384159206,598.059229686547,605.693920569589,612.308085391559,614.58182308869,637.780395782985,589.934412613322,586.427762762895,585.919483909487,563.797390843921,562.040847713875,571.876951578675,572.512458050231,589.820931419779,615.34710956871,610.045897162364,586.355430959023,594.163809013719,578.800304884966,573.379428164605,567.747170580752,557.042642984434,500.60226711988,583.648156917244,392.837629742587,272.385762980295,272.385762980295
0,821,757.349290795672,760.528512993184,775.869380919898,590.376427292684,542.985079047222,542.945763413612,566.922189563956,600.370231066314,530.645467192367,530.538123691432,555.784140132856,526.9135324844,520.998648189735,530.629690803784,533.961673809612,545.83929836879,543.754483832997,546.826085096175,555.763967315979,559.204576001054,588.189397810744,538.608743394334,549.034237576621,556.099429400977,577.676612239915,571.847810935142,556.820442060501,562.700552626472,589.994001482573,612.226072175628,596.435640308203,562.591022650824,561.222421128108,614.936508583478,588.202886879413,643.922823802874,535.632357316262,374.937027576146,374.937027576146
0,808.825773718924,749.57326596971,749.573487006817,770.915414779028,600.333991788951,553.765710035008,553.805062258484,577.828658863068,625.094580368458,539.629198091773,539.736773801244,546.595930837708,518.901810796206,518.882311220052,520.171673293905,517.080227606171,530.683421425683,533.608129814169,577.106152377784,520.753946079958,517.649201816797,540.471312291725,519.818782149499,520.72662272144,521.803418946706,545.853906727124,543.072553647351,544.690907552042,519.676005359203,527.493753001486,560.347690143623,563.259005097618,533.335653785764,536.316672728647,552.225613785168,616.760011499631,652.136853197621,502.97708932418,352.690929367776,352.690929367776
0,808,740.88386077391,737.704764539997,761.705596451576,600.24479795604,556.793752758001,556.861746108023,590.841983417537,650.326585453868,575.037803147715,575.241497345674,591.46959348555,540.863386845363,541.258318757619,553.192003491088,550.071636970312,549.716740674785,551.766659404557,587.697220043007,580.63949810593,583.957977569013,613.638920455787,559.519268089976,557.899573976002,572.552013909132,590.858785222717,652.96237668013,583.106146713657,546.457798527832,543.915292249989,578.219006054819,577.409291768154,561.352461744647,555.732478705237,518.45900143838,514.384055462951,553.499520022664,425.474370005055,297.569493800099,297.569493800099
0,808,767.736393443182,748.659513002675,809.414359434276,610.801575945939,557.219504694543,557.167882449388,608.045643776111,661.081300035136,584.275962034897,584.106639941086,609.214435787589,586.944660224613,580.422141203278,594.11802627928,599.024398427084,585.931792324937,588.931861165459,602.529755966511,590.585621515703,587.787630379372,608.528664757,601.900412268178,576.47027131668,605.6734356107,620.378530153434,633.132937602929,708.444129863052,659.825638598512,657.477347050206,692.909384996644,770.456889257316,660.130462563893,661.156261256092,666.190068767848,613.429319811505,627.977807811021,494.321754798819,343.496893262985,343.496893262985
0,808,808.035517648824,814.393077842499,887.682908930702,734.186484376777,683.683371805204,683.238104538582,722.057547663986,789.616057317439,696.881947929737,695.184528275705,703.901059640701,660.224478297164,656.725055130432,639.9189107786,624.620652408734,586.18052607318,582.310012496736,579.043208062074,557.831480760103,546.596277284664,562.751854327816,553.596787228014,576.17593102731,596.581601770465,637.202348750064,619.209248562243,631.124145697723,599.653367485376,599.44984220283,653.137335426827,718.878914104794,731.779984969575,734.866206501269,733.583002898646,771.43399168273,771.891677716365,594.30667301623,415.978556376688,415.978556376688
0,808,779.766758964559,792.484973947003,839.120442322608,677.714347322987,626.920838836652,627.085334501522,663.185848718485,724.621059487872,640.994282295638,641.640919859362,654.915038900503,614.936337687414,618.836230934051,658.862698533727,659.63247148063,635.064740761447,635.116728071752,670.192975122567,632.917818935841,635.052463710358,694.219966288215,612.138324553966,611.301499834607,613.744944078173,644.259970984524,631.289542350266,617.045094895064,578.671553722991,573.56251339662,598.187324093047,711.383164734423,652.327070175592,647.537982571359,673.766934029495,625.484353356654,671.173752189851,491.812184516589,346.019627981971,346.019627981971
0,808,748.661063933421,748.661948127208,777.981272228551,623.550226060144,579.943609398217,580.199571278216,606.41588758764,682.668036834541,604.111174292149,605.037151144009,618.769135197903,588.048685961853,586.510627126707,636.1294734594,638.976248950314,621.421441476071,623.79802343114,650.120735358561,653.534807660327,654.97624746659,687.191924474711,682.349643281627,682.874600021475,683.354721950973,707.685338917446,685.589972171698,695.864638298306,661.917296158809,650.761983717808,684.433503070802,733.340743033593,724.369385973541,718.443405452411,747.193103737563,763.413917931643,860.63149696989,619.454590234424,431.37276398191,431.37276398191
0,808,755.018886505626,748.660000066631,772.660000139266,599.103150068207,557.279642282364,557.30440036597,566.410803945742,650.62248752455,575.226878574308,575.351456153063,582.330004944053,563.027267000989,564.183527117602,605.421130944933,612.052882106039,590.832590275577,596.426451315119,654.580118259256,616.92008717304,619.273714423598,665.422197450633,599.586989685818,600.571715372641,609.446749833571,614.814415236477,616.510019075753,607.612216081742,588.073607096435,595.923813135156,645.559416859469,648.674961457987,688.374995236299,694.397414911346,690.81839841078,723.768199891662,782.593480302129,659.063091423827,463.458692421249,463.458692421249
0,808,783.289240980859,770.571025953054,834.666740264727,616.936170719901,558.226271782819,558.122941820118,618.726718097488,647.440311341378,560.923173306008,560.584232078135,575.889865506721,542.672359128651,535.661179280585,567.455623853377,557.092869423942,532.743469297267,530.250341317409,558.147696972391,588.052200390659,591.287662277768,606.731029311566,624.592458433511,611.820995794172,634.329943192065,673.774263687848,632.985968924459,636.482523604058,606.296139495089,616.805232529,682.154329079511,656.453631066266,620.181464413583,618.054563508163,621.991408192245,592.088698833434,607.864592461664,479.50540683123,334.322394255496,334.322394255496
0,808,808.036049597341,814.394051872789,890.343544975215,744.718073004695,694.997464693081,694.643214623414,731.638858213586,860.806379939804,748.842092128836,747.421528993479,764.693421680514,742.21338091163,739.105932336869,769.232111947598,768.063230779481,727.231742511306,707.949102029312,790.331734907726,680.91900575241,670.490044175032,688.29383736496,639.208111364895,629.839488791427,636.972242990841,664.421614037137,649.468570796381,659.843097042105,614.491893990161,599.319188974985,637.377244780772,694.19575688904,632.384388697375,635.734247583973,711.039308328527,667.245582076366,693.995183107516,522.621298156899,366.732426056778,366.732426056778
0,808,792.484531921225,792.484973980317,855.827431639551,679.39934207079,626.929831498097,627.106684209018,672.123862548184,782.964467988989,692.608085147793,693.316894139262,705.326346077751,656.80923038378,667.239361504102,701.349512657241,708.013484174041,709.296643282444,717.585611745313,761.47734647456,792.894889085113,787.724865277184,799.177186523617,818.468547585364,813.053421789742,843.01978348486,841.078355303323,820.648213079429,811.904070186185,773.786871624102,761.869479083485,780.587883448321,778.243260040937,763.994043540769,743.919013225537,780.272399850717,809.775780597698,805.860397680162,627.994999046918,435.787087277449,435.787087277449
0,808,802.022329722047,792.484000033313,861.825397918957,686.400144197127,638.021916680427,638.009743656382,671.093193849424,821.067008980176,714.611553783604,714.550291669005,733.115339394176,708.099263964564,689.633144774332,718.334601339346,701.833190446438,685.701571599771,684.296752557357,741.340809221121,707.973263867441,712.516650670988,765.384115366614,700.561695211705,715.225049620834,743.113121481534,796.889210824766,727.195808489173,738.8345825379,700.416659418804,723.87452869605,767.563617922296,783.437139566542,729.787288823961,739.629273320099,770.06974539163,765.313792292709,821.181152356611,593.971274607622,416.7221090576,416.7221090576
0,808,825.351202063579,825.350538929579,920.738734052934,715.252918285881,650.707529813094,650.540214952947,715.226439591388,847.564546529273,737.674840997512,737.1043716163,748.080875311889,737.345532365213,729.188135694387,813.300388772203,807.040995961088,804.023013741914,785.054910616107,866.50033524265,821.135249566174,808.372626868415,824.57231955514,858.270154664318,831.949491386098,835.737094227825,918.769937986295,877.138343221279,840.188575156174,774.640508461134,750.82977623702,784.718339764243,863.68864448519,785.912038055616,778.951414982547,780.455888446114,799.197622613932,919.867368035138,666.329978771132,465.217039752132,465.217039752132
0,1152.62425164891,822.17255673809,825.351999950027,946.034795594114,793.648896501055,729.451505456885,729.365353413846,816.220792240847,988.34014355046,862.252123286775,861.818629343054,872.854283532856,857.080602093277,853.02935093104,930.474066008809,935.714902204007,946.973238380454,946.390170174433,1025.43594319474,1003.91994113317,992.504632359208,1026.8812822301,982.349747423394,976.397146740939,1002.86953402914,1061.32609438681,997.588767798779,1010.7855345095,939.312710798722,930.489058988257,965.928833732772,1024.60786452027,979.784901602849,965.557878647499,950.721641361297,915.109229180019,1029.72797304255,803.074764499319,559.845846180778,559.845846180778
0,1176,1156.72733313174,1150.35884513198,1276.33582608699,1059.58376433946,982.725490720241,980.480715202773,1069.12274226623,1243.88836444833,1094.34630044675,1086.87820969967,1096.18775041372,1040.89542078107,1011.9181585127,1030.11098605856,1001.82268017795,976.23177199996,972.074604279381,1016.97745133784,1019.56711363466,1021.78332864941,1072.12594933577,1059.55102946586,1064.67452287478,1102.89152791096,1228.37670912192,1156.54406118929,1156.71616036813,1086.8295733708,1078.57143527587,1149.92118286636,1190.22036037436,1141.68475156543,1134.79099621603,1135.8063423679,1109.0344547168,1271.22930854765,919.20075496055,638.627565613548,638.627565613548
0,1176,1165.93258117799,1172.2910252295,1284.92437316246,1062.09558533595,985.519589750006,985.414642481825,1100.19944632902,1266.81122893448,1108.44200346876,1108.09468638907,1180.57461660898,1076.81672298323,1105.41717138802,1184.67534337763,1202.29130649286,1182.62728701107,1170.52557947646,1261.54723059089,1168.85879244805,1155.46318220791,1231.93746701527,1154.3771056201,1161.56010673567,1180.40500846404,1267.59881422045,1239.36862714096,1224.65620259405,1133.09231789876,1121.51802657771,1173.04024380426,1211.18289185952,1192.64272111328,1190.95719642134,1214.32829408595,1204.32375519237,1309.81547763578,1076.15381133475,753.642010900813,753.642010900813
0,1176,1150.38053193941,1150.38097401361,1242.35784031109,1010.84558791635,939.721160449904,939.873592668475,1020.20931848154,1298.02935564737,1125.50181894616,1126.08760207054,1220.7324754052,1166.53826028678,1151.88359834246,1186.7240842761,1175.44725663787,1172.60445786792,1183.41301289428,1246.06020648665,1247.24908674348,1238.45944790472,1284.7209893649,1260.49530425867,1249.74538876397,1279.36979689723,1309.33986247481,1307.04379161691,1298.07562347117,1239.13444298379,1210.80087210619,1266.8735500792,1264.16930199898,1207.26977417197,1195.63336791274,1268.7797897094,1206.3713890462,1340.33375691282,974.907807733546,680.206492995746,680.206492995746
0,1176,1150.38000001819,1150.38000003331,1227.69720437084,976.000098441653,905.911782298599,905.948757036089,943.184108204967,1262.38233338845,1116.06036904515,1116.24637579046,1150.16710566409,1134.01821571158,1117.83570908672,1197.76883128503,1199.62508456083,1189.05418708537,1176.74987301859,1259.99311403131,1244.60921148215,1226.25352789365,1330.30090086109,1232.22474324364,1217.12726237668,1236.91577338869,1288.65964518915,1246.56005440414,1245.32279652076,1190.00709312407,1219.75261098781,1257.04757511913,1272.18139399928,1239.41565665398,1244.14131639236,1298.64408031267,1365.43130413357,1524.48732008869,1175.18491665796,823.384000094517,823.384000094517
0,1176,1153.55944323462,1150.38,1252.4525806453,968.472722554796,883.425279071971,883.449882220637,1007.8887389627,1204.29450734706,1064.67248570158,1064.79636490713,1123.3564780972,1028.55480858142,1047.63704413792,1148.68572785493,1132.26829413977,1164.61191486719,1160.77300323958,1247.02821533768,1283.96939295743,1313.96909845655,1403.31223276914,1425.52805135142,1429.40042953979,1468.89231989637,1561.47668637527,1433.71418637587,1435.6838236923,1342.49008130206,1326.81948734572,1354.0068524285,1400.00369348656,1258.22236973948,1238.90558055072,1256.51278932113,1209.56283681792,1348.76725301874,1044.9413619971,726.922313534976,726.922313534976
0,1176,1167.69462049043,1161.33551297653,1280.65218733607,1058.14394506124,984.957957281933,984.795684415492,1098.87772216428,1697.50514937041,1234.96346696371,1234.23731724346,1354.10595385815,1310.73309568379,1281.09168965911,1395.68557703521,1406.66827585676,1417.82153606579,1406.16569663967,1493.62233794998,1442.46827896441,1394.83123352991,1455.02037273733,1433.89738620516,1397.79069931669,1440.79945320105,1532.36137843994,1479.86177027891,1465.60922864535,1394.1358134955,1353.57264702568,1466.1886244195,1468.31060202195,1415.35619939485,1423.90316064762,1547.81323118795,1473.3045051014,1639.21524796966,1238.49992026018,868.346429716872,868.346429716872
0,1176,1173.70913832943,1183.24702593639,1354.04972947738,1075.29267835826,963.585549380544,963.506683113607,1175.8222774175,2101.91754629188,1857.93037913512,1857.71306055502,1970.68202369877,1897.08235728223,1884.29629522939,1913.86864473358,1907.07561339135,1907.57199509608,1859.67116113138,1950.39603738044,1872.72265897962,1827.93388100661,1822.4858414343,1752.05368965951,1767.37189719124,1810.20845391918,1903.30700090779,1800.90601161481,1769.96327222303,1666.78798341774,1691.3670642803,1838.82106139705,1967.55060215572,1824.88543120643,1800.49807806708,1865.7168474411,1895.69338155904,2115.44781361233,1550.69926399248,1077.23392218831,1077.23392218831
0,1176,1150.38079791823,1150.38146103711,1302.89649168276,1214.7346192336,1153.11175377227,1153.05777182899,1272.71942543099,2385.8841458876,2108.83514681527,2108.2922350834,2205.6455322643,2134.20177427175,2137.98225194465,2168.9235876844,2131.0547160857,2148.6395631547,2156.42017420986,2253.39104539735,2174.48824390651,2141.96233924545,2229.26981105333,2049.21705220162,1985.927826393,2044.79492085699,2141.87079014543,2085.80634478347,2095.74659754358,1953.92374288828,1905.44263403997,1991.43174989946,2082.83495492937,2043.07174193837,2016.62884766083,2139.63121609664,1994.55637329736,2196.37329600194,1725.2481254651,1203.56969666132,1203.56969666132
0,1176,1175.81554590424,1150.38000004997,1319.20795709485,1036.05340773835,939.771052400849,940.004559638342,1090.81596368823,2121.34145796912,1831.40117953288,1832.57598470585,1901.89007232955,1834.99512900536,1845.90145510407,2014.53495707413,2046.23226338455,2082.10837784387,2090.26143519284,2243.03487957927,2225.48397911698,2248.23926032537,2372.07186576178,2351.18915790787,2373.9803331704,2479.22282855283,2559.21960567053,2421.65831896164,2409.69857063049,2276.85401880805,2261.37003410656,2339.21799730414,2370.65123423028,2221.5493083958,2195.8870523326,2340.84903561061,2353.74553387191,2590.51739231956,1914.06692779457,1329.80294211013,1329.80294211013
0,1176,1257.10253157725,1238.02410381221,1456.67846643392,1251.1692378709,1168.05588938849,1167.39683809155,1309.11547206268,2459.38629959004,2172.37702653401,2169.78473637777,2240.56896840031,2142.30115790873,2102.63296112352,2126.04304268029,2118.80234929781,2116.37864112983,2093.3315515893,2247.33537356918,2177.4500291028,2148.47943816105,2205.06480271953,2212.55660623967,2168.24419021864,2268.7611471558,2403.8317542829,2317.06274728754,2312.92094832344,2219.96976416801,2224.02031779943,2315.6521549753,2433.85777108082,2335.53405015071,2349.10109376586,2541.57556389753,2477.98924872871,2815.66912448647,2130.53211387817,1492.66633371354,1492.66633371354
0,1176,1297.40351758514,1303.7610777259,1536.46488718264,1266.12580219806,1160.23570528897,1159.9375203521,1342.48431421182,2432.16301967095,2149.34844550519,2148.3908152453,2253.34842357652,2195.15711997064,2180.55009031838,2223.06301996976,2207.49394433797,2230.53094276966,2242.86803140013,2422.81782673959,2396.19301589037,2404.57088910442,2456.90569002441,2472.0921598466,2459.51424380324,2597.4058767837,2664.25870472688,2588.86735906598,2548.47964510988,2426.1708038031,2410.05540737465,2500.28728602613,2546.84257092602,2435.38705057315,2411.78917496417,2668.80141243597,2610.16484832042,2998.59085690852,2262.55076822681,1579.74510749133,1579.74510749133
0,2994.64211060377,1278.67308866841,1281.852973947,1514.48844232194,1309.18659247494,1215.66426198226,1215.70593943599,1387.85147434788,2515.8011763051,2238.20433983954,2238.23307668171,2352.83457119114,2276.98433914661,2310.91238364815,2407.32161227895,2390.57567901242,2380.33271266269,2363.00403024666,2560.76755417621,2503.50161728449,2465.50350073937,2661.39654568426,2521.19830103768,2521.33758500689,2593.72950372964,2796.41890314431,2679.97643984408,2710.15856163473,2562.26783043385,2563.10798647352,2649.59009548353,2800.75513119202,2646.96920323372,2647.54307327108,2799.00845472154,2918.0299482824,3192.03478361418,2547.87960043482,1780.00017060542,1780.00017060542
0,3118,3050.23877987859,3043.8282790316,3332.53249390478,2617.34233290801,2390.4855229379,2378.59762944504,2633.83262715855,3483.95546961574,3052.14713604657,3012.91361541537,3056.83750057941,2864.70594900786,2670.4543671947,2629.39123207549,2543.15989771623,2471.12243636222,2434.04606343548,2587.77603115993,2649.65987416703,2642.12913361211,2815.24754572013,2872.14837497831,2892.15565577157,3060.92582462954,3078.12029365189,2997.13769590404,2930.23337692492,2786.66858154775,2748.55971532474,2856.49976466732,2977.38829262258,2797.05708684068,2764.17151687521,3000.69836212887,2755.49606103886,3327.29239665969,2284.31336150383,1592.75913191779,1592.75913191779
0,3118,3116.72455767207,3065.85302206349,3437.92453859314,2826.98349477614,2625.75054848915,2625.39288405739,2882.32400917946,3839.97169677943,3393.5078810055,3391.8884508146,3519.04364617433,3383.45650979994,3376.29863382034,3516.42956217799,3505.52649606227,3456.81246578136,3406.07497434358,3645.53353430176,3522.30964409522,3460.62084195509,3601.29422141202,3458.50196188144,3386.75991869119,3498.48563997874,3770.62202027373,3533.51438476432,3499.54020885375,3256.34846749119,3174.67034419261,3271.99764444753,3360.28846952921,3223.72666113758,3193.47038331455,3528.57948441067,3542.36860637994,4039.35610385298,3241.05098743431,2265.91742968842,2265.91742968842
0,3118,3187.09520933231,3241.14220759097,3560.28157796132,2946.69912795566,2734.80514081941,2733.86754290999,2985.29859274791,4038.48550867012,3453.36236047016,3450.09234639848,3619.92027393359,3479.46107738406,3435.96605792047,3579.90170111874,3565.34209972162,3597.42612115658,3593.99055848759,3867.45551137484,3887.03455187558,3889.90511285292,4083.08261028915,4042.77954242662,4010.61773910219,4159.95072494463,4365.39417889792,4192.55688251241,4204.55825992523,3923.91754061319,3914.97506716341,4092.28298414835,4133.34654628031,3882.78269176907,3824.6654723787,4065.2438636943,3987.10552273298,4413.46929498146,3335.58174653993,2318.47368705456,2318.47368705456
0,3118,3064.44085119802,3054.90627913254,3349.6706641841,2682.42345311705,2469.07488933885,2470.23534601172,2787.54754337977,4003.68073838269,3542.16687893185,3546.46672077883,3797.12492067007,3645.53348427197,3708.91436526287,3938.62549986907,3929.39802857,3983.42489747308,3963.05972409983,4171.89288083444,4221.43857950409,4183.45572778006,4253.76764755893,4326.61308058377,4292.97842134737,4419.31769761613,4623.65958849766,4461.89678078439,4425.96103884636,4124.11627359753,4066.93939865725,4268.92294975955,4321.21923143317,4214.95421400523,4205.14470834868,4485.28922399823,4435.54705233328,4670.30375544855,3751.23975072523,2621.53506938323,2621.53506938323
0,3118,3071.86798604514,3087.76453921275,3431.8113367941,2821.9058344516,2593.12838760604,2592.8389694483,2927.6313361711,4180.10184966134,3694.43410063346,3693.24939839387,3913.87482063388,3809.16281444591,3771.48031541192,4006.37505366896,4011.61159099151,4066.29828375411,4070.95021202773,4422.64851101646,4238.99735421834,4268.96740600962,4385.72746746195,4295.61402620625,4323.3663903758,4449.70421829371,4747.35067769877,4541.29266466601,4491.7693617543,4252.24635122966,4237.02106157374,4415.2324390293,4504.64304859048,4266.54240188406,4261.00216825345,4467.71577287502,4563.12708446386,4904.04939465065,3627.65284495823,2538.08180893066,2538.08180893066
0,3118,3093.39675132449,3032.98843506741,3389.64968686788,2840.25454167948,2658.31976901903,2658.50419663349,2870.37298066045,4291.76888762165,3753.76154052527,3754.23735188396,3884.39508580543,3780.16710164551,3785.4537694136,3989.8701721825,3984.13228773587,4017.99920254532,4013.41738799564,4305.83096369982,4284.37807968847,4260.17597869454,4444.94193907595,4332.02632137879,4350.06615800449,4473.61635880186,4775.65987906304,4564.7086184151,4648.54953979552,4393.11831441311,4418.18092266125,4632.14103249615,4702.13746240119,4494.53533655017,4486.51243063787,4791.38174548785,4581.23606319901,4939.48612900136,3838.71228110005,2683.32992054877,2683.32992054877
0,3118,3247.50383291738,3241.14074663728,3645.25164559206,2893.50074906862,2656.0971272029,2655.12778369237,2920.05626913577,4220.28043128807,3728.48541863567,3725.32697904321,3831.7521777692,3676.07924902885,3672.42783018734,3909.83676629641,3891.20876365251,3958.03303695071,3949.39111877814,4164.80508717159,4241.07050652641,4239.3918772056,4470.44175828832,4416.53426640132,4361.21095519012,4501.95371783297,4811.41742420644,4663.74882728563,4578.90743190974,4324.33288392706,4304.40097816735,4544.19632407239,4755.96166825294,4490.05721824949,4487.51442901674,4808.44800082213,4943.57884301605,5299.80849218622,4054.73950650205,2839.31892928448,2839.31892928448
0,3118,3263.06146786954,3263.06102563656,3697.03577186093,3050.4907792956,2826.30028080107,2826.01188372419,3127.71300804599,4462.24840720837,3943.81497046734,3942.54482397821,4108.97322912784,3950.43204595894,3898.98749497525,4200.66891149262,4158.53048229747,4216.18813980321,4197.69479994108,4480.26999832823,4379.13800502626,4352.40149466998,4467.8983658682,4612.74993807893,4579.18554010438,4744.8970961203,5130.3008186288,4856.6378866903,4883.9166299304,4587.07786411565,4596.57713020416,4903.71576035454,5122.09322439085,4860.5128584132,4854.20768575243,5058.52035176295,5019.15158756203,5427.54870457164,4131.10700648841,2884.72925270881,2884.72925270881
0,3118,3231.26756763562,3263.06199996667,3648.96522573706,3015.91143495238,2792.82971068321,2792.8663984747,3083.98021666416,4482.50677593908,3938.32921931845,3938.51361812985,4149.62402966467,4042.05139629745,4067.51269848054,4453.06032800645,4495.99054003053,4571.64266551765,4567.62815580222,4899.93546458046,4872.04493301008,4853.80090201955,5111.11042154812,4983.98597683247,4961.72201635549,5160.8653115853,5454.65323394431,5332.42331083262,5314.56419830782,4982.06283923338,4885.88827634594,5198.19874400161,5410.75772660754,5256.0262456285,5223.23551214825,5618.69973478366,5372.05330299098,5951.35840037205,4442.02092310613,3104.70365099307,3104.70365099307
0,3118,3220.27296771505,3153.50687023474,3624.4610943761,2891.6847576041,2653.22217648821,2653.88640867636,3006.89622358329,4384.77406582555,3877.7970713069,3880.23425228341,4083.53652202386,4000.98169162667,3977.32428275109,4239.76993198261,4250.2297873779,4354.33504447095,4364.02465294642,4769.07847955961,4731.26663958236,4751.84033775625,5010.72432979194,5126.66988579051,5154.63019027391,5389.51350794169,5842.67282126473,5529.06634161859,5524.73771352839,5267.68447399626,5304.05878649125,5617.14444669071,5888.34715382388,5580.3066610948,5563.64310536656,6043.48385582375,6053.12057164571,6769.05041616328,5102.00411090472,3558.8141083361,3558.8141083361
0,3118,3351.77798218984,3383.56777267362,3884.07008495306,3288.88844620217,3055.86548330542,3054.35065075642,3424.39690691975,4809.21674960041,4247.49722553329,4241.77557324864,4475.75605905139,4292.49014945678,4291.15793754773,4457.26039484632,4427.8148471797,4509.54400456091,4434.1349641455,4794.93775930413,4809.03918572949,4749.9326279697,4988.49219765625,5001.62758753327,4980.82342234398,5268.75214063243,5613.51570185163,5435.31920496183,5463.57114633113,5207.61749833252,5185.65489116876,5469.07234294253,5651.86620558195,5552.4290234161,5562.71212357691,5991.84411259993,6043.85178304922,6766.86947640702,5269.48161092579,3692.51286074276,3692.51286074276
0,7003.45114155255,3248.58511372009,3274.02286988494,3677.24859902248,3058.81076937948,2838.87324172625,2839.62245540514,3172.32220024226,4550.36337248552,4092.89779210695,4095.76226821916,4402.71491727423,4311.66494558695,4291.89489872854,4581.83277728322,4575.49942855904,4792.51697738829,4831.55316158544,5307.67120586028,5293.58712684779,5303.83797267944,5565.6762925537,5590.54223427634,5550.1539007283,5838.03209478503,6249.07506959207,6051.94647586006,5971.3168335372,5707.72386980442,5625.33608607264,5909.71106798729,6043.58630168755,5667.81172449935,5614.84512054536,6257.96086861748,5929.5911163726,6589.04368529521,5074.47066946069,3543.99304416972,3543.99304416972
0,7267,6990.17308772677,6974.16689578972,7380.00240767648,5730.40313462825,5284.24509374381,5259.21756338083,5622.75095800159,6496.87661510853,5685.03691469615,5602.54983454298,5766.0157812147,5395.36942495199,5112.47326653336,5003.92066184376,4861.07022555072,4839.0014912385,4733.16182279762,5113.9217901837,5174.62627495184,5205.38075061007,5482.44270077331,5619.23660274597,5599.88653804928,5985.66514526321,6411.51386259289,6124.79132977694,6120.11344669933,5883.77815382073,5914.9655079279,6321.2679786398,6562.1066158701,6234.64549102669,6233.70507444319,7017.30120358063,7040.50809124521,7946.84438478522,5870.73346336822,4102.90578506289,4102.90578506289
0,7267,7070.51842767106,7029.18455667043,7534.0098550183,5894.92546473739,5441.85101816105,5441.42724851824,5841.10750682838,6787.1849014656,5998.75902517055,5997.07726357521,6303.24390735442,6105.20445164793,6040.71933157156,6280.62313665337,6254.3804570754,6402.73405938434,6346.1350405677,6880.74930566064,6572.28128542883,6478.15628255213,6787.56225363612,6768.46940592805,6645.30472795846,6964.96084843723,7538.78831822137,7195.65101146368,7063.72341436533,6605.88368479423,6440.43101749861,6788.66673714704,6961.92148206157,6689.61991181755,6631.78997574801,7153.36026934835,7301.01260050972,8086.82970298356,6393.91726397715,4470.44180181381,4470.44180181381
0,7267,7158.8937692914,7171.60866861127,7684,6087.63743551104,5641.85261637681,5641.47202999933,5993.53900346274,6966.85375143947,6167.45131240481,6165.60078624603,6421.74343455209,6279.10212675725,6235.43236104792,6484.42108774686,6498.35260242407,6726.00378662348,6702.49072604535,7228.6723940607,7148.5207521411,7166.1798196602,7240.87073618751,7324,7323.99999998027,7752.08497670666,8329.59045555218,8032.52940547448,8052.19836820493,7618.33296762771,7625.73030117058,8124.92235232566,8210.88842353027,7830.11054258776,7777.47353415342,8037.70339728016,7941.17818015837,8679.95516465944,6550.40142952431,4554.76306435072,4554.76306435072
0,7267,7165.94538261238,7127.79294787735,7649.87023467806,5996.49742317351,5552.70190506683,5558.13125485129,5878.45280712675,6833.17293330471,6046.74299071395,6052.13214490966,6285.95171711731,6193.30330691297,6184.34619245322,6414.77396631893,6387.02591181788,6664.38006742574,6523.25624754995,7110.85284167897,6779.2152007307,6676.75524092034,7080.7753230428,7324,7324,7755.96358118361,8505.5745526839,8113.89411764706,8143.39999987288,7711.51843744094,7690.62835795027,8242.60797805901,8373.90427693042,8102.36189704332,8101.10670542581,8666.55598266299,8365.17293808532,9085.55594485863,7060.12365916794,4939.68584091113,4939.68584091113
0,7267,7252.90092182146,7259.25715578493,7684,6016.36445233038,5571.33719882192,5571.29559121443,5898.17872213277,6806.72383536713,6017.0165269657,6016.81145829633,6269.45812580632,6064.26633353003,6140.26788633171,6464.32605364303,6469.01708544002,6265.16215700863,6328.33410806082,6934.88044640861,6916.0804690727,6892.62288327387,7171.18517671744,7324,7324,7824.12139605463,8319.24453280318,8195.70588235294,8166.20000002854,7698.39023321583,7755.78264481864,8233.04661050712,8440.93108235643,8096.51335262075,8096.29660961814,8872.46203550235,8883.69919720519,9522.37358593481,7344.85317651287,5140.65896562139,5140.65896562139
0,7267,7230.99264537921,7237.35197384706,7684,6012.64976995932,5543.08063820567,5543.10557588182,5892.9997233254,6797.76142568025,6009.29870914283,6009.42550589749,6267.32198408291,6088.11536755896,6071.43220733772,6364.57355333792,6358.139162235,6584.33533453115,6573.09144630744,6931.36730347473,6795.47241782962,6797.26999127236,7158.79145279927,7324,7324,7703.75720789074,8428,8154.79999999999,8154.79999987199,7722.99067386185,7623.8492022708,8130.5768046174,8294.28332628719,7896.44032348405,7896.35933683562,8782.44461326641,8684.3457535735,9121.63161498743,7185.00060732681,5030.511200414,5030.511200414
0,7267,7224.97786167966,7215.43997408026,7684,6067.47777498053,5627.92304215655,5627.84816962792,5991.74094899631,6895.31556439391,6095.22587815602,6094.84491722058,6361.569909569,6126.95990255751,6087.45930326594,6312.06357708334,6191.38698753834,6370.18510727241,6277.17650333473,6674.7717380713,6586.74861628016,6549.28131500395,6930.39654588887,7324,7324,7784.24279210925,8266.37773359841,7887.45882352942,7926.80000034238,7582.11514022661,7623.90244245079,8146.05676064919,8506.84616687453,8125.75384923797,8128.40561981122,9092.46538932141,9075.9864554828,9810.5565945905,7250.72269140149,5078.98698188411,5078.98698188411
0,7267,7241.94731561254,7248.3055389629,7684,6016.22528224342,5557.26035816459,5557.3227197679,5903.48284050401,6843.0746640234,6049.47210807236,6049.78930053997,6350.81567704828,6251.79783506684,6254.84923008969,5963.59314704076,5912.03598504481,6090.6893254895,6086.91659691302,6602.67637824844,6556.37063427753,6594.36370523348,6963.08842898607,7324,7324,7936.10925644916,8635.16500994035,8257.84705882352,8188.99999963964,7787.19516189106,7776.70510889944,8303.06854126815,8608.34492071383,8303.3959132924,8299.99424375885,8888.43353347958,9247.69345479432,10064.5901632587,7783.39444032613,5442.65412487341,5442.65412487341
0,7267,7165.98611047258,7226.39597399698,7684,6039.32041814331,5592.57358168743,5592.54241571008,5984.21965524787,6848.80219638286,6057.84714755518,6057.688688776,6371.51239098932,6109.75798936978,5662.85644545163,5922.5556781529,5924.64603686826,6171.46345592455,6166.06517786654,6722.93346523485,6758.19001182612,6713.98766992297,7031.96873655152,7324,7324,7980,8666.67097298956,8394.09463494552,8377.38882922164,8047.29138558044,7984.66716830374,8584.44147343038,8735.14904532674,8497.12158734997,8495.84179259262,8999.9438509149,8783.84323234039,9421.37086691988,7397.85614781314,5174.91921698094,5174.91921698094
0,7267,7056.38937243095,7018.24025347932,7684,6025.53197689315,5564.30939274,5564.33433665751,5951.44085863165,6871.3998304356,6074.3950483459,6074.52175896084,6435.11871502008,5687.150807602,5506.69150936101,5729.89138281528,5687.72084996196,5970.61664136066,5962.81345624901,6576.96108903587,6594.14204512608,6674.09327586567,7068.15274162992,7324,7324,7980,8659.97779719108,8367.98793043247,8365.86573576812,8100.29761546665,8095.07822569648,8581.60716101432,8930.16168114105,8555.35018087959,8555.11408956351,9137.141212089,9210.01895897369,9592.50942467456,7505.67568215987,5253.03148445942,5253.03148445942
0,7267,7130.62314901945,7149.6971560348,7684,6054.61685780493,5606.72152646849,5606.6840976237,5965.81252390699,6893.11829065516,6093.4000773392,6093.20973496601,5727.48691097201,5419.55365384098,5333.90352660807,5691.28443090209,5733.64709920213,6150.76221690946,6180.03461733779,6765.69541838273,6818.22684344006,6749.01706449388,6964.16601373849,7324,7324,7954.42013970015,8683.42712354647,8365.10676614141,8363.865735768,8109.49761546719,8104.27985213407,8664.69583382052,8845.74304736819,8391.64457461634,8391.65514983391,9021.47468752906,8935.11727685971,9430.66517348412,7141.44583319224,4999.24875773279,4999.24875773279
0,7200.50999492643,7096.68636870216,7083.96992194097,7684,6037.47604257474,5578.46189003396,5578.48683022666,5977.22928591447,6840.93708537991,6047.46604072743,5682.02645041766,5471.41044999997,5389.61630027873,5419.22436030398,5838.8428719365,5802.76819599986,5974.18469807922,5897.45466335535,6479.09127168503,6462.17030650663,6461.17350788816,6880.58462604249,7324,7324,7900.71070903928,8631.31246225209,8363.07726871268,8360.73147153599,8123.91523093443,8113.47985215091,8706.21855147696,9245.38866672066,8811.47443535709,8811.40492092261,9537.98160371213,9463.12334471753,10333.9582618609,7689.12297021715,5381.76326723694,5381.76326723694
0,7196,7053.43088679272,7062.97022747967,7573.65581811202,5985.00966469428,5529.44990138548,5534.38491797333,5955.30336734189,6861.98252424714,5627.46172983692,5154.42223688484,5439.89704041882,5310.81922989957,5221.08997718963,5584.87402013799,5566.46665023557,5885.35068203247,5901.75103298921,6534.45269499717,6526.85008799603,6392.4948839037,6700.76233879235,6979.2210402134,6896.78171891878,7582.00650173455,8442.21348996669,8359.14997593212,8356.731471536,8142.31523093438,8131.87970430336,8721.24669956007,9194.60738347933,8845.2009347998,8845.16834793144,9753,9623.65982106709,10673.5045679035,7867.39130434783,5507.17391304348,5507.17391304348
0,7196,7023.74191150879,7030.10146114661,7519.37186825649,5986.19488618156,5546.57277906881,5546.70640888286,5976.72620131705,5950.64421860473,5077.29631580437,5006.56513868526,5281.91988958815,5194.0491767221,5133.39713524046,5398.76721832689,5316.5739783984,5486.10152909319,5351.11641054762,5865.91131320293,5715.52062969729,5533.03963587973,6119.67081324134,6727.41648217522,6763.71896954663,7614.68222492332,8524.90182442845,8355.15240984376,8358.40279269605,8134.62715359818,8150.27970430183,8777.22631739133,9355.94053845768,8917.82794913094,8378.83448992474,9753,9752.99969478832,10459.3162486905,7867.39130434783,5507.17391304348,5507.17391304348
0,7196,7024.085748158,7008.18897409692,7502.92121682941,5902.99744580967,5455.65886294396,5455.8606302095,4864.60490148259,5603.1350937628,4901.31760813248,4872.79088136978,5216.05788709927,4976.1374561674,4780.61937307638,4830.75072335766,4702.77121656199,4845.2909288079,4805.59915578477,5305.4626028737,5459.70120909341,5626.41812118535,6400.10692937467,7073.51367723379,7072.40544396517,7774.24293838257,8626.1140922797,8360.78401801484,8372.34264232005,8070.50384532775,8122.68044353961,8863.30935616913,9400.24241833108,9031.25363369352,9148.83037985884,9753,9752.99999999928,10218.8244812448,7867.39130434783,5507.17391304348,5507.17391304348
0,7196,7034.3516810126,7062.96556491595,7555.57313030074,6001.00966650681,5547.75305934407,4148.8524033553,4487.12949595069,5509.13407757234,4823.79240067218,4742.90045998717,4866.45922639054,4514.39588783739,4328.6960769832,4662.09993308448,4760.59781494939,5341.62076750346,5430.24420962766,5980.39379124795,6231.83728436287,6265.26774244426,6712.41048263191,7050.3512584838,7057.19011572934,7836.6839850744,8661.94961981156,8380.255823281,8370.79162191182,8077.63853920565,8030.68147848015,8685.21380580277,9503.03010973091,9073.89189093783,8650.25819845303,9506.58241982756,9031.38725183895,10217.3997945679,7867.39130434783,5507.17391304348,5507.17391304348
0,7196,6942.11029112145,6964.36838312798,7401.61777616218,5127.49739499341,4196.38906485449,3880.97402154215,4198.58421110337,5137.46852969196,4402.45662610341,4287.31304759753,4505.38504955774,4550.18108402691,4701.65116584872,5127.07922314647,5168.2476823418,5492.62066301398,5566.29261500929,6121.80206809444,6098.21371915351,6020.84698837087,6507.1744927316,6816.80073415352,6807.77386306566,7631.36188259447,8581.16316679965,8363.63834025051,8377.74543501621,8045.65099892544,8113.4786693873,8640.10997821425,9300.47051789047,8221.42502160453,8019.56279857149,9101.50142251154,9097.95646468951,10217.3913546444,7867.39130434783,5507.17391304348,5507.17391304348
0,7196,6871.77664576043,6887.67540931423,7272.28933411842,4071.98013700689,3667.16093740946,3483.32347722871,3826.37151929717,4889.6588567919,4335.25606220659,4387.44146555969,4774.32078534467,4853.89579750229,5011.12262411583,5383.4532164727,5392.01315625486,5662.02973687049,5551.57540121255,5975.78876815329,5941.50236053726,6029.32147585085,6602.54340405777,7077.78354231024,7079.29084484704,7878.46267329323,8643.98540623774,8388.06333817487,8385.59720730384,8009.53284640236,7993.88192200446,8482.93700482813,8967.28537803961,8317.35996252094,8403.43636932169,9260.46071607642,9321.16088720288,10217.3913046458,7867.39130434783,5507.17391304348,5507.17391304348
0,7196,6851.96998936543,6832.89443523398,6904.94521687504,3845.51040845348,3569.6247866507,3613.94692031017,4052.19516574918,5031.85344883202,4505.51625469262,4567.76173264784,4958.63524334149,5003.18182620037,4966.30474594886,5090.88280476226,5082.28686755289,5465.73013114351,5633.35691184309,6261.26144646061,6429.78071933886,6476.4504442037,6872.64819946124,7137.14835505994,7173.63672427973,7980,8675.21597011496,8383.18972874594,8385.26852846405,8011.04476906537,8021.47955647723,8561.26677974637,8806.94190428061,8440.24244575234,8499.65147190993,9442.86652125731,9456.12058356097,10217.3913043496,7867.39130434783,5507.17391304348,5507.17391304348
0,7196,6889.08807446879,6898.62507794245,6282.22474038704,3958.92731942658,3696.13898113876,3782.12574296405,4254.50949975578,5194.86243858849,4608.81899383263,4608.85073315477,4906.46588863814,4978.5331887925,5085.40143588537,5603.70544684359,5703.93053401296,6067.58260488538,6022.93546311729,6416.15516652556,6381.47512047697,6366.772785767,6888.30177024293,7321.95193659253,7324,7980,8680.08257177581,8386.85896194539,8383.59720730395,8018.73284640182,8003.08029569052,8526.76637898369,8793.84237403626,8442.81481949242,8381.93257426059,9365.94593192923,9313.91487485437,10217.3913043478,7867.39130434783,5507.17391304348,5507.17391304348
0,7196,6862.58135464722,6230.85557199045,5915.03616419817,4166.30523915721,3886.99356423973,3958.9352777346,4379.21864176345,5314.85735965083,4772.2967050985,4863.15249679042,5255.36175127464,5307.16031065423,5447.56527251515,5751.38235267694,5727.76667226981,5885.0634095317,5910.5198778983,6440.82944976668,6418.92908924187,6396.07309903953,7008.3292051111,7216.76203504522,7228.70972397212,7980,8686.53035293263,8381.21636266167,8388.93984962409,7994.15669172918,8030.67955646039,8345.99701231057,8584.69607317846,8090.26465169934,8007.22727369241,9156.00961493901,9220.3866641543,10217.3913043478,7867.39130434783,5507.17391304348,5507.17391304348
0,7196,5946.43678935965,5801.35968961428,5767.48450827365,4418.1329915262,4146.86407542637,4269.69123715984,4674.15904546198,5569.70696453115,4983.75879106373,5028.82331341877,5374.74211988964,5361.09145774748,5333.73804046738,5667.70637785,5668.06928128059,5953.13275728037,5945.0673003373,6452.17983517267,6432.25568472954,6487.88144599272,7101.47424636289,7246.87048991123,7163.3108486229,7846.59533859238,8625.82601578655,8394.49138022408,8389.32867883988,7992.36807733654,7966.2810349283,8319.01797329855,8655.27271453851,8564.06323961239,8794.34514151714,9670.01647279369,9753,10217.3913043478,7867.39130434783,5507.17391304348,5507.17391304348
0,6260.78238299838,5620.91300046338,5583.94116274759,5754.11880376398,4691.36719908653,4386.34039423176,4485.3425056613,4879.42160756102,5697.08197566537,5048.40585388423,5048.67966657253,5353.55294214568,5314.07763801301,5318.74830675474,5705.56329284967,5728.02891700276,6016.08054199371,6058.32180280361,6488.43473927329,6273.22081068946,6204.14666147137,6659.81219117145,6926.1539026321,6972.42321323794,7864.19415421467,8643.12159324353,8385.35144699627,8386.13426423206,8007.06238453252,8012.27926077294,8647.13825729899,8862.74225739446,8457.76111365571,8313.27834419336,9333.73538425904,9245.08536154403,10217.3913043478,7867.39130434783,5507.17391304348,5507.17391304348
0,5867.99158698956,5542.04753379736,5539.39823489699,5860.23290094978,4914.17022731947,4573.82028073502,4615.78345443665,4955.13040843238,5735.57585342776,5093.07740065882,5131.21397473322,5493.04900178117,5492.61448410464,5601.55597062489,5842.50326231586,5843.14623986375,6014.24245732754,5971.37371415084,6318.85173898397,6334.79650106585,6395.84826637134,6843.18653825604,7248.29010673301,7237.70567341962,7865.31177922298,8620.33067777695,8386.93807020823,8372.25456498388,8070.90900107416,8003.0801478399,8622.44176804851,8713.78002203355,8320.4294968587,8246.39972129338,9231.46773079191,9218.74250896438,10217.3913043478,7867.39130434783,5507.17391304348,5507.17391304348
0,5814.21908292531,5557.07396615242,5570.14535586814,5983.35719608658,5049.51232891552,4705.42674911776,4803.93417792324,5169.54968953059,5926.38182663609,5313.90808485776,5386.21603918847,5704.44332010163,5582.64053119726,5591.00820562995,5842.24586636898,5839.57774676625,5975.15346135,5944.71366157654,6393.6185983971,6310.47864854083,6280.99498670754,6681.49910718499,7042.43745524917,7028.53843064012,7753.07440620634,8581.71237333653,8361.95595746227,8379.14822771228,8039.19815252353,8122.6780779833,8156.33148765345,8476.33021156644,8021.045076215,7982.68050806894,9219.73568967162,9184.04365872339,10217.3913043478,7867.39130434783,5507.17391304348,5507.17391304348
0,5871.88806477794,5678.8589542226,5715.19110431475,6190.59177501242,5355.61580594269,5016.67812433121,5137.15726996014,5415.6470630745,6119.33778696997,5431.39220719525,5437.48964080412,5640.63533532699,5528.90445652649,5459.39156578052,5619.96979416107,5574.7396741086,5717.00466232422,5718.64427447179,6246.6696606119,6274.40237538722,6259.44103676069,6660.17180978137,7081.52111093971,7098.48365730669,7847.98569074072,8641.54927545498,8391.85288659149,8373.71750805568,8064.17946294386,7535.84985797449,8040.31423324371,8407.04967001073,8083.26357203322,8008.74289176647,9025.3523216364,9022.40548351568,10217.3913043478,7867.39130434783,5507.17391304348,5507.17391304348
0,6164.94045509538,5880.15439714861,5929.07358994146,6436.27415833784,5600.00767313745,5210.43288564206,5257.18343363144,5491.36532212102,6135.85864471019,5405.33468685628,5365.95782417261,5493.16854387351,5409.98152072213,5370.30487522492,5585.20096903711,5614.88379466842,5853.80395229769,5880.02481682122,6379.91281630469,6439.8042493834,6538.55656344234,6986.04791143132,7275.82677707972,7306.38599988228,7951.90057098557,8622.15245022262,8359.9405963767,8348.87814451889,8007.56806736162,7296.73880221247,7827.10908181012,8211.56374468169,7793.84582096226,7833.16640205911,9183.34011230187,9170.96967296087,10217.3913043478,7867.39130434783,5507.17391304348,5507.17391304348
0,6357.15515947854,6109.49102718622,6161.4015909481,6672.22139911095,5565.70509742365,5109.55532273782,5019.2391807848,5222.77735643448,5971.96214301631,5229.17908303568,5196.60559254877,5439.91422254366,5440.1518534097,5508.31019004108,5833.09044149926,5881.85037640999,6090.38671115932,6155.91895660386,6717.69619695987,6827.06217701078,6848.53309647089,7187.28869513855,7279.61415967592,7161.07381377097,7611.66752537595,8210.55598943414,7834.02120923155,7641.41892513842,7271.83762648784,7139.01133707628,7730.21421345604,8326.67425494706,8109.73969470045,8086.32356969405,8957.44184200568,8983.84156678714,10217.3913043478,7867.39130434783,5507.17391304348,5507.17391304348
0,6628.70219623822,6330.75432576604,6371.38652059555,6785.58886992302,5357.84100289618,4920.72052715815,4868.36425880405,5088.17695716351,5934.83171847483,5276.78897914095,5331.38302902968,5636.7645029114,5608.33830150412,5716.85369761299,6062.39358567522,6086.592342121,6239.29325117405,6252.27968001587,6682.32909498088,6431.75302610775,6296.27892153714,6534.86298272322,6575.18783041376,6541.71173701415,7208.60476582779,7853.67061862312,7642.88947017583,7646.41791950226,7324.83535471996,7390.98731219393,7870.61139281777,8311.64579642259,7992.99173421634,8086.05117799234,9321.62121747351,9292.32940442541,10217.3913043478,7867.39130434783,5507.17391304348,5507.17391304348
0,6786.6901547064,6467.97373969119,6491.13261795029,6819.9584373089,5323.21145239468,4943.07887451163,5003.36345164505,5242.29596576529,6187.0428577957,5565.89064690577,5652.26477590262,5920.49855546374,5811.85034852749,5885.23896530365,6087.30482973098,6056.19756855043,6122.09009242733,6018.95694797344,6356.98593315676,6226.12882780769,6239.26299563666,6458.68792707809,6792.86207491077,6807.97516984798,7280.1843659004,7847.23753819144,7659.31705920596,7697.12837824184,7472.56911180807,7534.17495658278,7976.87466829901,8382.4355593622,8021.86628777092,7936.78953070254,8811.85449128787,8856.71429546664,10217.3913043478,7867.39130434783,5507.17391304348,5507.17391304348
0,6960.05179571528,6576.61177263776,6593.80724193731,6887.69455357377,5526.50252196017,5169.12999519041,5270.29801660956,5554.98386933619,6464.93543325339,5782.42508060184,5833.82815890138,6086.64750560467,5798.85839346728,5716.14921806265,5787.81323840258,5752.78766072232,5879.87942032949,5944.46827566805,6424.87790724945,6430.70500733977,6524.1378385855,6770.39013312152,7041.6404880536,7080.87848455427,7544.8085012119,8106.81406214724,7860.39224542498,7931.40558265277,7673.80271626137,7787.94240755062,8265.78734354471,8585.73855973326,8564.97311399636,8892.25655984309,9550.56584487711,9625.24198691808,10217.3913043478,7867.39130434783,5507.17391304348,5507.17391304348
0,6980.72243272168,6578.45138448088,6583.46384134633,6950.52462830903,5703.32548251985,5307.3859624977,5383.86365662558,5741.76460151397,6527.2772005947,5733.58817837656,5672.5997886185,5860.90357190855,5687.64404424521,5694.53430337099,5928.06564855311,5986.83951366669,6269.32373444571,6291.40237594958,6725.63656325218,6720.48250604252,6722.81506229676,6940.30336257871,7131.17728213652,7174.46681283199,7707.04273203536,8329.19484663557,8073.21890059564,8133.69334426291,7891.97406327501,8050.57127335941,8602.61577332299,8987.99293373613,8679.13034768644,8539.97559799396,9264.07337902012,9238.35674846117,10217.3913043478,7867.39130434783,5507.17391304348,5507.17391304348
0,7081.966581642,6691.04845781298,6722.1029383598,7110.47868761369,5847.14360393417,5409.6166160039,5384.21725003373,5637.01923001601,6373.19415171785,5617.92389369193,5630.2094152844,5985.82726713681,5843.9624822527,5931.58521572495,6065.69469233272,6090.32277505344,6308.21611367997,6350.9767247665,6844.71756805289,6777.88397954129,6814.22973474469,7159.42707833285,7317.21792002203,7324,7846.0698461646,8465.97663426301,8208.69375484794,8253.99286363966,8015.67437969439,7985.050440293,8456.97659167677,8794.29897253722,8351.58442477777,8376.38421971499,9435.82770500957,9478.44634038521,10217.3913043478,7867.39130434783,5507.17391304348,5507.17391304348
0,7171.3615647543,6822.1344961523,6848.55030868129,7237.13564595546,5802.64116219442,5362.72601032929,5362.35638880366,5651.45453019406,6407.55098603101,5688.58525852829,5725.24872458379,6078.78259207744,5943.61528429362,6022.19765547232,6318.25735064534,6349.14171548761,6458.5161293123,6453.2809847427,6886.79804100031,6805.52834822865,6854.50505278109,7210.75714647765,7323.96736353167,7324,7807.80790309871,8602.97718305538,8348.23302416316,8360.49279577815,8002.08744423118,8028.61320131364,8542.114023333,8887.11675608271,8679.45093454732,8814.90179472748,9494.09899839776,9536.62413466793,10217.3913043478,7867.39130434783,5507.17391304348,5507.17391304348
0,7260.171196369,6904.05796261629,6920.99377193641,7301.24812098565,5837.04778159316,5419.90678072397,5481.21686330095,5796.95937869208,6610.18031996079,5923.59110163152,5996.7818690705,6310.14187715481,6165.48232002567,6258.55175826232,6409.51825132279,6430.29438647759,6563.96501694287,6632.82858193659,7127.32641672324,7149.40804518112,7153.75648976964,7364.53336972513,7323.99984294802,7324,7643.93930197269,8315.98409542744,7947.60506832995,8141.54068741529,7938.12067940934,8179.57516109216,8804.06868808163,9270.40689057574,9142.31424280041,9209.0957606579,9694.84412210126,9713.77864441546,10217.3913043478,7867.39130434783,5507.17391304348,5507.17391304348
0,7364.82929903813,7010.12195830018,7035.24220628123,7417.79735335827,6037.39636539667,5633.93165059624,5736.66468200947,6035.48885981167,6803.15164861816,6051.52212742224,6091.13009322172,6408.44622040715,6245.31588545413,6281.90312961751,6527.90349040008,6538.0091295394,6656.77006611932,6648.84721963142,7052.54002854543,6949.23751478591,6872.79973633504,7241.70821767649,7323.99999924424,7324,7688.0971168437,8282.39363817097,7938.2,7938.2000000913,7552.22586775774,7584.55644589364,9123.70637689249,9212.30919046022,8676.49676951962,8595.65389834147,9623.36269351869,9591.07161978749,10217.3913043478,7867.39130434783,5507.17391304348,5507.17391304348
0,7531.1664708687,7123.39514161183,7151.76216508367,7567.13018085698,6259.74812177968,5827.09811162183,5907.81393902118,6189.75350949719,6941.02448847327,6162.80270735089,6177.69274954573,6404.99467541116,6320.79286130409,6351.83796640481,6533.49465611359,6513.0915819518,6569.24724765982,6509.41078920224,6893.40108441451,6802.35926463138,6847.51259480595,7333.15547446178,7323.99999999636,7324,7695.96358118361,8245.63817097415,8130.88235294118,8052.19999985626,7750.26397187438,7750.23832914475,8185.66204371265,9216.10673964148,8966.65936799465,9012.25728598986,9521.33784687734,9468.55531548322,10217.3913043478,7867.39130434783,5507.17391304348,5507.17391304348
0,7647.08707531196,7278.41319992238,7310.17023301777,7684,6458.06222363868,6004.51177611191,6060.58508334996,6293.83635227351,7014.70145105488,6224.97379858639,6249.13565041471,6492.53588132737,6330.60208011755,6291.81132757717,6376.03548067014,6372.29199570259,6506.67994052542,6520.84899661839,7031.12059274938,6982.24199915016,7031.17339676566,7336.99522963582,7323.99999999998,7324,7635.92716236722,8289.5745526839,7952.72941176471,7972.40000008052,7666.41278639768,7676.86463104201,8056.35536145626,8392.45775632531,8800.99798687932,8763.26108377329,9310.8497449906,9352.19398910329,10217.3913043478,7867.39130434783,5507.17391304348,5507.17391304348
0,7002.00000017534,7379.3042039107,7392.63253973175,7684,6585.74493190274,6111.54787220181,6122.99729670986,6375.40707011425,7058.29013966656,6230.54015817669,6196.90228734824,6391.90202464772,6231.5937160767,6197.64011451381,6393.872765128,6411.30482790861,6562.0904328243,6562.98859465774,7111.58195867895,7043.00931411661,7019.81402313173,7236.89056839294,7324,7324,7628.02427921092,8089.63817097416,7933.05882352941,7972.40000007845,7665.20324365044,7654.77483761979,8150.8838254299,8358.19181667865,8071.72692276858,9446.81350685401,9692.99418355527,9753,10217.3913043478,7867.39130434783,5507.17391304348,5507.17391304348
0,7002,6546.67472422153,6528.21128267561,7684,6060.83422677124,6061.38662751517,6027.93275938407,6371.45670956851,6913.76822753816,6069.89378882053,6041.52428049402,6382.26477244624,6232.85065245569,6242.33805315908,6432.61890543565,6427.33974372832,6492.72291317585,6515.37846295124,7071.95368834296,7036.28254459263,7047.11789875055,7287.89553860425,7324,7324,7587.92716236722,8137.59045725646,7832.47058823529,7812.80000001229,7530.01600682221,7530.02999050502,8108.99147207338,8401.27727920828,8082.45923556313,8083.57798314214,9168.73778567935,9236.3562822633,10217.3913043478,7867.39130434783,5507.17391304348,5507.17391304348
0,7002,6585.09092610084,6600.98659838986,6868.17914677244,5445.35069462803,5056.993320308,5880.64795427499,6238.3099138276,6810.60150558898,6001.89730898663,5998.28568980076,6357.80092361023,6206.95719779998,6216.73075161511,6548.06121722966,6571.30294702495,6641.08451623646,6638.34102343153,7118.61520853953,7002.75076032451,6958.8832331045,7223.37045634437,7324,7324,7515.92716236722,7877.65407554672,7771.89411764706,7801.40000008963,7477.7870918018,7519.53751797834,8047.75969230359,8426.53520667794,8094.75551817795,8095.26227346278,8946.11820145193,9067.57810355357,10217.3913043478,7867.39130434783,5507.17391304348,5507.17391304348
0,7002,6539.85244336126,6546.21243500103,6768.21508458025,5255.75105225026,4858.56529482354,4859.53059162193,5235.23878411147,6831.53445461123,6053.31870664063,6060.87945657432,6359.96596583239,6271.18601955872,6300.75621862286,6551.14999756054,6526.88511233107,6521.18343413904,6520.01653025969,6967.38353762858,6823.43723761557,6781.9572662763,7208.85780834363,7324,7324,7556.0971168437,7959.9522862823,7544.34117647059,7505.00000016477,7200.26096091171,7158.56255961997,7590.81909796954,7991.62620075491,7689.18168643525,7692.33369211667,8391.80420578727,8516.72575167347,10217.3913043478,7867.39130434783,5507.17391304348,5507.17391304348
0,7002,6578.34906699161,6524.29897413023,6813.12799109198,5256.07414223463,4857.23502840901,4857.33868473955,5140.6137566814,6062.7456962055,6061.61206047918,6081.92362804199,6421.74463492941,6287.61278207399,6287.66906255847,6515.39229024334,6520.12580624498,6577.62143510185,6549.10768072922,6957.51652020649,6825.11906866905,6858.46127401286,7355.81681132771,7324,7324,7636.07283763278,8034.40954274354,7743.95294117647,7812.79999980633,7524.7983423456,7529.97013573411,7948.3428687399,8293.40022389145,7941.54920446998,7938.23127028531,8511.08021216354,8510.50429739553,9068.32118694547,7867.39130434783,5507.17391304348,5507.17391304348
0,7002,6678.75104603229,6710.54172063426,7012.43593747968,5499.55098270614,5089.94606738173,5088.82189999837,5359.16819341185,6195.03319451726,5463.67596262475,6234.39333472967,6470.78829193967,6312.79147615716,6312.87717225984,6478.67037895949,6476.09864656315,6540.03884374243,6573.48103305706,7063.55830800689,6975.74887518353,7051.15931929666,7407.62191863303,7324,7324,7603.91502276176,8148.78727634195,7806.54117647059,7767.1999999176,7456.15352497754,7477.01912697078,7849.22641470512,8231.08895093902,7977.20967749653,7977.08934166823,8577.19538596529,8540.17058220032,9496.97576414956,7005.27265422257,4903.95778839832,4903.95778839832
0,7002,6594.63377316418,6600.99486995157,6867.65877120415,5354.23674426087,4951.26014584606,4951.92358260385,5247.17561269021,6122.23294579143,5383.91086077546,5386.34397100493,6416.90906950402,6280.52840325607,6268.72097502822,6503.71087340223,6518.07873392688,6647.97171673669,6677.88003102646,7151.6607924859,7129.43634496129,7078.27687749838,7302.77561679258,7324,7324,7559.97572078907,7989.62226640159,7739.25882352941,7778.60000010046,7526.83386444998,7443.36191933368,7913.89448498998,8007.33517418156,7774.07157584272,7774.62460956631,8311.99731487408,8425.19779656152,9234.53696359092,7352.39177292723,5147.65146473756,5147.65146473756
0,7002,6582.2579752832,6579.07897421351,6829.71444287885,5330.54248708321,4938.53770362172,4938.65379523287,5248.66354780197,6186.95004251343,5469.54332276239,5469.94630834335,5783.76729707604,6291.50235292562,6313.55140598708,6589.06922449644,6601.57940780388,6701.69240214392,6697.79477429947,7103.23815010573,6959.81657385059,6964.04936512161,7317.35626638301,7324,7324,7568.02427921092,8094.36182902584,7709.08235294117,7630.40000006379,7452.34232177277,7483.66216771665,7938.52189081942,8235.99339371822,7911.59535668438,7912.45272423251,8415.07667115369,8355.87561708916,9255.45086030674,6967.5050388903,4878.28490618689,4878.28490618689
0,7002,6583.67484757015,6590.03351300985,6846.73997235274,5302.56598847339,4894.00726617349,4894.00483751373,5196.06486696431,6112.3151411201,5443.04868912739,5443.12677926913,5755.69436289379,5720.80022714631,5734.00979452792,6689.974269851,6689.98673713395,6739.53213008329,6720.52442599141,7117.7143610947,7005.38572104319,6995.37864811083,7325.13321365312,7324,7324,7576,8161.59045725646,7832.02352941177,7881.19999991345,7622.05590116656,7648.11724311768,7954.40790337242,8200.05345776179,7934.86409668098,7932.9186499252,8526.326980477,8469.42730013721,9420.37296637643,7262.75689003848,5079.99965666891,5079.99965666891
0,6978.58802638255,6564.9430887139,6568.12297403029,6848.1482274421,5357.18497329175,4949.1979755168,4949.23985974533,5358.59671782249,6094.26187117997,5377.44509266414,5377.47533007281,5724.75559212117,5559.22723317111,5563.63790422295,5838.79449305634,5848.34208130193,6082.88975961326,6533.72345829849,7003.78003011561,6897.6323176403,6909.3727605728,7271.55835894503,7324,7324,7592.02427921092,8130.40954274354,7897.74117647059,7858.39999999705,7571.96799963467,7571.96958811218,7965.96699943488,8164.02876141968,7665.13289487484,7665.36441715588,8275.21757230501,8326.07083124229,8937.28037110412,7150.17630862119,5006.16030299328,5006.16030299328
0,6977,6543.88039864354,6534.34295729398,6819.00368921674,5362.60571404662,4966.65668086879,4966.82585402213,5339.2916151222,6257.55106258034,5522.10837088728,5522.6026056062,5948.99771528051,5888.10196976127,5888.60480849959,6116.26105142474,6107.7914813192,6229.27127792535,6277.70748689759,6839.83717167844,6688.02538428684,7033.54996793732,7313.73058014495,7324,7324,7527.89074355083,8017.63817097415,7941.77647058823,7892.59999997015,7603.431994524,7603.42738701589,7993.74107095757,8409.18867017062,8172.07413082191,8171.70870639405,8643.88947137931,8691.58876044725,9071.93914036406,7037.69252628483,4925.16415008118,4925.16415008118
0,6977,6573.56708856938,6567.20753899652,6859.230142795,5360.34192878058,4956.73255864601,4956.58995754345,5316.50391285173,6222.25031834181,5480.28265678924,5479.83667703556,5845.79247510313,5787.48735620334,5756.72613505384,5994.04461469685,6016.09349722366,6085.92039399517,6039.01922188314,6551.8387197526,6595.54739054925,6832.40731347813,7191.84836954932,7324,7324,7516.03641881639,7978.37773359841,7690.52941176471,7710.20000018757,7477.36496182813,7435.65856566253,7861.37597883608,7926.40885439745,7767.70077697384,7770.02500787532,8087.37997300885,8256.87215946635,8400.37380306909,6660.58336232248,4667.06664829606,4667.06664829606
0,6977,6566.86436537277,6589.12002590308,6909.16735306341,5418.06671190507,4991.50397214556,4991.36365240625,5440.73206819368,6265.19824235339,5557.94565702759,5557.42050297511,5942.9083712302,5884.52654255729,5869.75869940282,6052.23898578501,6020.84537188543,6159.15600016825,6184.2189158716,6663.75083036813,6531.96781377552,6495.24712220032,7013.32077701142,6968.91952455577,7086.12309608078,7456.13358272355,7999.43734420829,7781.7294117647,7801.39999992777,7592.195137985,7607.83085778041,8020.5519012773,8366.07653398755,7858.92992812098,7857.6550229429,8314.6634361056,8037.45304506409,7690.96329246201,6226.55001436426,4355.68254656839,4355.68254656839
0,6977,6544.22529417964,6512.432409131,6871.82590362716,5460.42883587827,5055.61773327803,5055.90560046286,5509.16950042772,6432.44246273845,5647.16119538314,5647.97635152325,6069.21668149974,5989.62861391446,6037.61014140447,6295.9821763287,6305.06429148741,6353.45181037337,6352.33895082505,6728.03317762075,6721.4137935325,6712.6100990248,7181.06568779773,7276.88145612671,7198.0035404637,7527.1963442819,7754.94794747882,7618.58540186415,7662.8141196092,7437.16939109485,7412.73580112684,7791.10797428908,7920.15878396689,7821.4271268211,7815.38006179068,8503.46982057836,8482.67986667241,7958.83381746195,6133.26712094117,4298.58461549704,4298.58461549704
0,6977,6602.9096808679,6621.98412988186,6943.17506715802,5537.15247892381,5138.80834773405,5138.20580463412,5548.08263728475,6511.21456373022,5794.17748556841,5792.05034727589,6224.03235977256,6107.60703783099,6062.39834759453,6259.19205264439,6260.96343314158,6290.09130561871,6291.32042821598,6769.55254906261,6540.45124380725,6551.87230761227,6891.81852620873,7059.8151186521,7128.84296397172,7378.98660600563,7964.14506774974,7602.05002097012,7541.64716495925,7347.22639407109,7375.60571954996,7825.78486007855,7847.66257480674,7565.72320870723,7577.18084850557,8216.35009409256,8318.68983238326,7818.51019195373,6006.10404665807,4203.12681404869,4203.12681404869
0,6977,6562.61348225111,6556.25592197427,6869.01447778387,5361.45974496599,4945.49145242151,4946.01000614431,5353.2967895353,6196.23163975129,5508.63155779267,5510.69781203516,5928.41413276327,5910.27848986038,5941.1473868196,6171.31794763902,6173.39825622728,6264.33797015297,6243.96924940968,6866.40007673504,6650.3486912742,6633.18276524159,6960.11953303581,6950.5306675777,6938.42631346892,7191.37709963525,7619.56209144947,7365.39301314799,7360.56224873701,7172.6823889642,7142.50605327407,7561.17064473934,7704.52166767505,7373.35583937781,7378.01386134124,7741.94013009312,7989.27436293533,7530.70733227842,3717.76464248333,1466.97950342373,1466.97950342373
0,6977,6555.90836545464,6578.16402605299,6836.62802004257,5450.47709386423,5069.57952233126,5069.3413268347,5362.89279597841,6315.39845933847,5532.49275249723,5531.47567255939,5862.88738573134,5795.44338122057,5806.19662365481,6045.70696509539,6029.56451822873,6182.14654863371,6167.76271548248,6570.77383767814,6703.14935089053,6762.75603988998,7201.5783287795,7143.98721595627,7124.79943475547,7360.23579191914,7880.69152462986,7699.52712800678,7730.65312080237,7529.51427725448,7547.49329707392,7900.49196935821,7973.48504003426,7698.11607809511,7665.35760261642,7794.31388785246,7771.10190707988,7277.88006820048,7411.56847265998,5600,5600
0,6977,6526.9104077104,6501.47640913101,6756.96667782277,5191.97003757365,4785.64048132341,4786.30929803735,5175.99082186052,6013.23215658579,5327.42007168078,5330.15153723669,5704.53243856397,5513.44162951909,5573.04456219314,5891.94032748861,5926.43334471198,6121.50984998826,6164.58552243012,6536.95443004931,6416.81717671285,6393.45321366339,6799.89950026303,6900.3190253307,6964.37703683401,7182.84669353853,7581.79221361149,7333.89630632136,7374.16873792175,7077.2732856629,7177.0588625707,7525.95050181038,7584.09351960551,7305.37183137009,7341.94946338838,7649.64454571008,7573.77206804173,7169.42246329761,5490.08498275866,3849.35151843241,3849.35151843241
0,6977,6579.58054252937,6589.11710392881,6901.79566022584,5416.48174424045,5002.34707281484,5001.70061421787,5415.30572004012,6304.57253652924,5581.49309297711,5578.96421395919,6003.50146251748,5888.88627732079,5814.09003427232,5990.01337640794,5976.06554759614,6040.63995441556,6037.88540454224,6464.21936885534,6272.51616642344,6269.93756817635,6678.9506247548,6563.93870040269,6588.72863589451,6805.7758891487,7311.50830815586,7014.54747457777,6982.34531719591,6687.86621666816,6655.69857383417,6998.55441354791,7135.40630248099,6883.80786584628,6908.71259449026,7383.70402816639,7363.03019940084,7374.13847644357,5395.81538599246,3786.75871719186,3786.75871719186
0,6977,6540.35658169056,6556.25446093717,6857.54906136754,5431.17537093757,5023.86628499546,5023.99628696456,5418.19585570877,6332.2428530545,5578.12053785012,5578.50333682742,5953.91585805081,5924.85782737966,5895.56687032463,6106.78375692809,6098.18923551963,6162.40411035381,6150.10270377872,6626.13958567817,6464.29440924054,6451.59291118345,6881.83294896162,6784.52897639815,6757.97368616914,7017.25268834751,7334.76222982811,7219.28839944004,7229.23734548496,6922.86636600063,6940.78973691281,7332.86857728786,7294.26665438107,7034.16051362475,7018.23179335298,7581.31989275753,7478.19742693902,7227.7203277839,5853.73679214063,4093.20666899978,4093.20666899978
0,6977,6523.73043256365,6501.47543516734,6766.0882999805,5344.21464867286,4965.19746887588,4965.51737930751,5261.28833656841,6292.70271208416,5563.53984351944,5564.69706245269,5888.36849877171,5896.53694335016,5902.03368800775,6138.78820559589,6152.48962218206,6265.52394282325,6245.76084176469,6660.80114994271,6614.65564182355,6616.16907896258,6938.92277127883,6929.82387643656,6965.07752870348,7185.88323559946,7708.27912674011,7398.85308830616,7344.0747198126,7086.10219416159,6977.99317646778,7366.05958829605,7627.20330546514,7153.10078688229,7136.10454344008,7899.95939667847,7736.51055112519,7286.516745867,5633.33309763013,3940.97342273407,3940.97342273407
0,6719.46829020801,6587.70146789769,6578.16159091897,6844.20626852026,5291.27372633007,4889.70963980949,4889.43418853334,5190.1173279294,6131.25249428546,5409.5212878029,5408.76871844274,5706.2654606907,5691.83121739648,5692.18404927008,5924.86142207361,5909.2453719662,6049.04439189981,6103.60733179452,6540.91536838293,6399.39258766421,6455.96510435274,6849.32172241082,6607.4973478659,6641.63854280655,6804.25187161723,7218.90974380295,7113.80942056514,7153.81129699714,7011.52888128837,7042.83557884369,7414.93736141357,7691.71735734177,7411.26594735966,7426.74939766782,8807.46288942063,8318.16013067374,8027.16212133958,6041.96061711765,4234.57054316611,4234.57054316611
0,6702,6366.32492083865,6359.97271142211,6662.03710631633,5180.38290488238,4785.97043486574,4787.43915555872,5173.84071842167,6088.21271794634,5385.34783304105,5390.08192404115,5773.89449800338,5678.25196076957,5730.07864790104,6026.468569819,6044.88035830376,6086.88957468934,6072.05770746719,6470.1010369431,6296.66128109248,6251.66228722797,6687.57514227477,6564.63455656371,6460.07667732876,6642.5174983804,7144.07547710341,6779.20442177622,6735.19838086006,6571.07736431586,6600.73433538933,6943.44455641369,7323.77383197741,7042.94016088959,7074.71503288243,8903.08605485159,8913.04937499807,9045.18695756698,6681.17908316576,4684.77311545142,4684.77311545142
0,6702,6375.51058184795,6381.86902645622,6683.16097787414,5241.61069727833,4853.10885893984,4852.93283028535,5274.70379294216,6251.54624224761,5506.03696475976,5505.33213551108,5997.01722908791,5885.88226947625,5863.44769273305,6091.68153560035,6076.20468761697,6132.56101628206,6124.84353610222,6592.73192704437,6386.61392181878,6377.61978347166,6780.64375844423,6781.77996605224,6829.60395017649,7073.66594526224,7514.70758825122,7437.04046441233,7427.51367479568,7204.70322565402,7191.73614897685,7601.0860598081,7733.51154286842,7516.74832627792,7489.12568354802,9250.71955488064,9197.79592857043,8933.59492170864,7230.49538559124,5043.19491823232,5043.19491823232
0,6702,6312.26688342016,6359.95897401365,6634.59444246178,5203.42757995456,4796.13231127512,4796.29699178291,5217.42795948976,6246.05952737273,5531.87886359511,5532.5262088699,6010.21778811946,5990.90731311088,6012.54961201932,6312.3725492146,6288.31386455074,6407.93786663972,6345.66037804926,6747.81393308051,6687.57417621514,6665.14290966284,7133.97021703346,6912.31952305219,6915.38223923418,7086.44185691133,7725.75420535976,7458.43873328956,7422.09034536554,7223.67111679938,7173.35800899374,7644.28496331957,7940.00464996262,7489.55122207687,7477.8535209204,9149.91208626161,9259.38936018392,9386.71752585953,6803.16995127655,4765.57477902562,4765.57477902562
0,6702,6249.67252468881,6195.62530538543,6526.46121152527,5133.32467215845,4743.84944854226,4744.67380635971,5190.0215437748,6178.92150736396,5464.11984439397,5466.91082596695,5878.48950192015,5736.10398382959,5800.19012053488,6155.9263576254,6210.1123578867,6452.74124271699,6474.21068111019,6949.00183195383,6773.61310115101,6786.08667868221,7336.34140945718,7223.67408435753,7155.8325454876,7339.6405161616,7720.87097736326,7618.81553664999,7730.61406463561,7566.49166539007,7530.78593268641,8053.68969518108,8393.97915474567,8006.35064346064,7979.8863992625,9753,9487.60638225447,10014.2883181061,7542.60860450255,5273.82534328815,5273.82534328815
0,6702,6350.07104615056,6381.8617208508,6672.29357234046,5349.49381584123,4975.97718920313,4974.85353070955,5324.7765748052,6452.59838678416,5661.56766539907,5657.45215445844,6059.09399752129,5892.91396197151,5842.65910471908,6011.63043516256,5966.38486169624,6146.56962194804,6141.94382591803,6703.30437146504,6526.2743181936,6502.26224106442,6994.39504382238,7003.52629680568,7103.59002480186,7315.87559630599,7759.42159050203,7474.63185378359,7475.75130578896,7429.78006632369,7445.20295128573,7947.11740701177,8331.00743915081,8136.04644620338,7671.9841160999,9753,9752.99937373495,9487.25237375494,7867.39130434783,5507.17391304348,5507.17391304348
0,6702,6291.38931904113,6272.31486995157,6495.00296475361,5028.34876390841,4657.61400076771,4658.47408700168,5023.7876613737,5943.47339910293,5424.52419212187,5427.94651532681,5889.02084233972,5761.56896659403,5735.03432264261,6100.57035321723,6110.78620430668,6323.58879890559,6341.82871926246,6741.56118185894,6855.451465081,6914.32460890092,7369.51622715411,7285.37640615663,7172.10444353232,7390.32931142073,7812.99792656038,7557.88424144358,7517.92761764972,7396.85873808821,7402.99510111841,7723.92494447937,8043.67023855526,7703.94680717061,7359.0315914861,9753,9752.99999999852,9145.97327999729,7042.39942559612,4929.67959791481,4929.67959791481
0,6702,6341.22384745274,6338.04307802572,6616.16086630313,5085.51267175073,4682.2965008197,4681.96245894516,5078.60832145957,5718.44880737317,5046.76158039585,5045.62447362023,5523.90496160393,5602.11547576094,5550.62541769754,5929.07044924053,5913.51877372317,6118.77047533715,6131.68633749437,6578.93566020783,6396.6841690999,6386.28145447401,7002.46421286828,6889.76126302886,6965.25054098842,7120.36704369328,7689.96365942266,7498.16030384064,7461.98938962214,7299.18978523502,7335.56185474796,7778.28670335844,7906.36883680081,7657.25821645173,7427.83433492314,9753,9753,9145.97328,7042.3994256,4929.67959792,4929.67959792
0,6702,6326.74563132429,6349.00151287659,6580.12463873989,5213.03186680566,4851.49614766502,4851.25988100924,5158.69033285705,5910.99522495835,5224.62868331921,5223.53060486631,5641.17158441398,5670.26670461856,5696.97685968854,6087.91270339512,6096.38231839005,6191.65125390849,6244.6859066838,6703.32057654523,6575.44793366278,6590.50137668935,7057.73098009755,7077.44258494622,7133.5920977446,7281.35333846178,7690.12269725644,7458.20391998934,7500.822193779,7332.24245738094,7285.65566207051,7763.24939532355,8206.07659918099,7709.63769950818,7959.08758231873,9753,9753,9145.97328,7042.3994256,4929.67959792,4929.67959792
0,6702,6300.92685095411,6272.31340914766,6551.266043449,4969.224274008,4556.32134958495,4557.00246417429,5019.3579060403,5606.07929616762,4904.73291281471,4907.52641657963,5380.85229713772,5413.04553464908,5383.94020405921,5790.32640438354,5808.32579277962,5839.59612419195,5858.04213059919,6449.15594987043,6245.09556945817,6266.06431380176,6908.08763106442,6582.39017786176,6533.1289188743,6756.02527265508,7087.72398942114,6976.28223173428,7010.02658676033,6873.08900265171,6972.78545707849,7399.04329547681,7770.99648598181,7717.95281066481,7640.80166081648,9753,9753,9215.44769263667,7042.3994256,4929.67959792,4929.67959792
0,6702,6358.19383331594,6370.90961690534,6712.83226691629,5346.60170416646,4953.17821022114,4952.28343742333,5390.09913655268,6177.2766442167,5511.17226057326,5507.48432227151,5990.92724787773,5959.28164437013,6053.42951259688,6299.94948916105,6301.97087753729,6274.06250816998,6182.1037182077,6515.9613885441,6524.20608642352,6473.0356138943,7159.54905841486,7105.29807540236,6994.80961242163,7134.94266475472,7531.57099657377,7305.76957884931,7249.49453650092,7010.57525428456,6983.76650506067,7384.49544715092,7690.11931316357,7272.08216947985,7724.05548252496,9753,9753,9173.27569936332,7116.91758624,4981.842310368,4981.842310368
0,6702,6336.62939353721,6327.09194794398,6598.31449765273,5215.5877897655,4850.8723832049,4851.18909991026,5177.98927261187,5891.4408224101,5246.61839084017,5247.85033149325,5678.3694807364,5573.40008596714,5568.98140752324,5834.27797183983,5827.2944870852,5988.47050526614,6036.19844851962,6601.77224134884,6269.64425005276,6321.16424216425,6778.44279971374,7094.19330997409,7257.37214023244,7431.82509311147,7879.88490453252,7574.96464978166,7584.79456475476,7431.53883477612,7351.22878085707,7836.59583841405,7941.82294475256,7815.23182400707,6835.78839314967,9753,9753,9180.71048631833,7042.3994256,4929.67959792,4929.67959792
0,6278.71151699644,6347.23942916149,6359.9565389962,6607.32054064466,5088.94036941014,4694.85351368942,4694.87077775836,5045.61104454934,5636.87499967901,4930.30075680124,4930.65921853571,5345.0019643509,5327.73884037618,5262.81123407916,5598.94475633366,5610.01762210425,5719.02475890135,5737.9365587082,6139.56702568955,6179.58789624718,6206.01683764535,6685.05449817612,6479.09663016239,6469.95977330856,6629.42595402003,7041.35922091058,6846.03392920736,6873.02651079973,6822.87721190148,6878.37510999533,7366.46764016608,7707.32963580957,7260.4482968733,7212.11126273528,9753,9753,9159.62448968166,7079.65850592,4955.760954144,4955.760954144
0,6250,5890.75580815318,5903.48652993238,6161.51757393927,4820.95941155592,4453.82884193741,4456.77674286475,4803.64974235136,5578.48505541294,4930.65942262446,4940.31851212429,5340.20055959811,5420.38182150517,5472.68394218809,5770.2312514931,5826.65871976575,5914.36820181415,5902.07485361141,6347.98417527845,6092.57352769415,6045.155562312,6494.3122414774,6509.65788385286,6417.22932724235,6589.74046540955,6877.53924149631,6745.55477659209,6732.76278308459,6622.60328014736,6632.12400111235,7027.68057637391,7519.96165314327,7232.12415715797,7602.06405439481,9753,9753,9180.71048631833,7042.3994256,4929.67959792,4929.67959792
0,6250,5869.173394152,5859.6359490697,6147.7106505404,4820.2776380643,4449.49001072768,4449.6988141784,4831.58243288685,5535.8184106665,4916.80870898317,4917.49774621837,5265.30168102058,5229.40641131854,5279.41855723921,5455.01047921221,5401.3375804208,5533.86262454492,5532.37038020503,6077.74001805906,5928.31726942722,5931.79531805556,6633.48992967205,6420.2048200874,6527.88253016265,6759.01684649814,7235.71838083331,6909.23467106055,6920.07560890626,6845.32389076319,6868.03580549765,7276.12412049103,7555.36039696452,7367.02889739734,8298.06326639081,9753,9753,9194.361696,7079.65850592,4955.760954144,4955.760954144
0,6250,5895.6806453346,5892.50053899624,6167.74357290128,4900.82822657094,4551.83515404129,4551.56967072456,4901.64996158197,5656.05704643506,4976.59413820343,4975.52994039393,5354.60380729948,5311.34989697769,5251.03810386056,5592.02047540325,5591.60061640228,5716.31178428056,5703.55864402667,6285.40663545638,6178.08038851455,6181.93379314977,6779.52225128375,6891.35953649971,6813.68419418537,6954.88580754423,7426.01478664659,7294.93712315751,7275.72628478058,7122.10419452194,7113.42924525615,7509.21525166554,7834.44130371796,7431.5192423249,7402.43700495154,8800.34094518355,9163.54813140254,8776.93401614543,6930.82287162871,4929.86347242156,4929.86347242156
0,6250,5897.09884752467,5903.45751292656,6192.89515497498,4813.256504553,4428.99633634613,4429.07968385786,4860.58625170744,5516.97484750873,4899.96179102044,4900.47130757415,5325.58007654362,5380.77733258686,5344.67080006306,5719.96552128352,5697.50506171415,5872.1390248064,5860.46172866314,6397.12369335085,6340.47687882234,6357.24663858741,6839.966073232,6866.22005396934,6910.7686023117,7104.94778058592,7408.17599925574,7160.00805886762,7175.0507043407,7052.93138531495,6987.47844082664,7424.40435241439,7822.29401563352,7445.91268873725,7444.32733486112,9024.0370087075,8752.94258707897,8249.30687855156,6330.97975947546,4436.54771863308,4436.54771863308
0,6250,5903.80263459084,5881.54697403029,6165.45125969963,4912.95385694339,4573.96311024738,4573.90672093098,4899.62841725318,5730.70933332099,5043.03457698986,5042.57009472495,5453.58308927342,5545.10751825354,5568.59047271055,5990.76693779651,5990.02301347786,6185.97150536953,6144.73999022868,6654.14811246687,6471.46446550784,6451.23633562198,7085.31952242425,6841.48401556466,6800.26182568614,6984.82472428612,7440.33266053363,7195.73827653216,7179.25758259841,7142.39744600152,7083.2892608401,7594.02917204595,7879.37818477235,7699.23975780093,7710.1399246237,9567.87278731661,9499.02127002381,8929.17394567966,6906.92436563674,4837.07151078011,4837.07151078011
0,6250,5913.72393288189,5958.234590869,6193.52389207215,4817.98108800993,4442.61357719623,4442.39933639729,4841.6654393814,5481.81335412422,4875.7501079006,4875.30533326689,5305.17246682428,5289.92291287295,5304.96633666936,5692.07104084856,5754.96280561609,6061.58542879797,6079.13504186615,6604.0711476664,6467.14256030881,6494.65572311704,7180.80647947794,7166.08247166407,7199.72915367061,7433.80389353618,7994.02210007754,7713.26481408117,7554.29044445395,7493.540422803,7546.48573174529,7995.72156363714,8284.5469747498,8011.77316302908,7978.866723202,9753,9747.73529840764,9171.08977314264,7028.88335386145,4912.86279238928,4912.86279238928
0,6250,5833.47271275118,5804.86081821204,6016.84404371025,4714.70572728557,4379.89975509866,4380.68445025552,4666.9792355771,5502.12484201566,4850.64298901189,4853.32450086041,5282.66383598201,5360.76450431268,5400.84250400105,5648.01262148097,5596.72975295918,5841.32802245818,5883.9159652574,6409.68916230327,6252.36656866488,6212.90123565218,6902.54774111562,6799.64398405464,6806.30113053074,7003.2600090785,7461.38624551611,7448.46704174219,7646.52581124662,7527.79599504105,7565.4113338402,7915.19625102198,8247.22280514846,7900.80011277804,7928.10742801418,9753,9752.99998757657,9159.62446690272,7079.65847333295,4955.76091042304,4955.76091042304
0,6250,5900.27616308348,5903.45361702193,6167.59400909775,4734.59659475499,4349.9168111089,4349.48918482231,4806.01761420729,5350.89623961561,4729.22769574038,4727.89058136364,5160.92436869822,4975.5276580584,5038.17604318698,5469.73097424201,5483.29742033722,5684.69984354105,5662.2797409262,6263.26024855179,6166.12823216047,6204.08007590316,7000.998101797,6835.08310722762,6872.96270074122,7086.84243056858,7627.12587003303,7306.10701235593,7207.46900556234,7162.6045726094,7109.05591482502,7521.73812753612,7665.72463802663,7389.83496484911,7383.33274248219,9753,9752.99999999997,9180.71048631828,7042.39942559992,4929.6795979199,4929.6795979199
0,6250,5879.78449295846,5892.50248687357,6187.79602740288,4919.35580870018,4551.92295009198,4551.75308225616,4965.1624018156,5749.52781053384,5082.01714485436,5081.07167869169,5570.10807099441,5571.18879289976,5465.80712526293,5821.27337391039,5793.80970858973,5967.89663972418,5976.7328904757,6473.56498748437,6384.09181293961,6358.03825446639,7079.41039854143,6973.51074416666,6945.76911022862,7144.06238679169,7686.19475116735,7473.60102242253,7539.91990706024,7508.10572097392,7505.73986774911,7949.70238879041,8441.97406399985,7914.35902654917,7908.22728388076,9753,9753,9159.62448968166,7079.65850592,4955.760954144,4955.760954144
0,6250,5874.11460980127,5848.67994811055,6170.7788420863,4864.98839668302,4493.96364176018,4494.23168909203,4935.12179140313,5615.8130309551,4957.4959966208,4958.48304743833,5370.8455264389,5311.78989732178,5376.5486257607,5774.84813808207,5826.71127056604,6015.58563428372,5983.04097387681,6403.9291128397,6370.81412081493,6365.81641112292,7091.82721298576,7007.9321084826,6973.64426046992,7231.43141189705,7620.34519026116,7562.33470817965,7497.85477880427,7437.30352978998,7450.5668649935,7835.11788343725,8206.43529829201,8083.43965783769,8087.24552073663,9518.4492593153,8874.18601301627,8358.71416624645,6410.83432201594,4488.45674486505,4488.45674486505
0,6250,5920.42665603284,5936.32210387884,6216.80711173486,4979.5690280536,4632.36671271186,4631.80603117915,4987.04088379452,5773.23363834964,5124.78084083304,5122.68351116455,5552.07615779876,5527.21100077348,5444.50442707014,5642.79772426909,5639.1181051028,5862.70002481897,5885.64685511518,6353.82084578599,6152.00072874128,6182.5121444062,6833.15030327242,6831.25024485339,6872.74867997139,7114.91887966199,7592.14053064281,7406.67864611695,7443.05395561564,7360.8392116349,7415.92696467806,7786.37945777955,8138.43313072173,7782.61365491242,7787.75940777829,9753,9752.99762723076,9159.62013909693,7079.6522820704,4955.75260381247,4955.75260381247
0,6379.23409436834,5875.18844335202,5881.54843498411,6150.33065443773,4765.47694898072,4383.34356179722,4383.87193326027,4779.83195483588,5411.69464680859,4785.37365874292,4787.57974728599,5190.88293016647,5250.98566360953,5290.13794471214,5545.23389593454,5550.63348845952,5715.69442267735,5779.72838575821,6360.12467452312,6145.16009618602,6115.89140051854,6593.59715271807,6679.74307153515,6660.76965127549,6877.75761121417,7409.87994888987,7125.5774540648,7129.76666391736,6980.15146028119,7012.55910098824,7375.47245340785,7510.61757584056,7451.14037241639,7469.62615455196,9753,9752.9999999944,9180.71048630807,7042.39942558531,4929.6795979003,4929.6795979003
0,6388,5995.16242946334,5985.62085842092,6294.95448537229,4997.83474609803,4625.90194918467,4624.9816402511,5022.4828769879,5697.90604588372,5027.11944949795,5023.77710557464,5389.45767340232,5400.15234551331,5364.78291132102,5603.36995983424,5568.4081022796,5656.1205596743,5565.10289624995,6143.39112857451,6067.16465283684,6071.83729855419,6590.72234099064,6435.4351898345,6445.52897296466,6642.16931706558,7266.64568134416,6969.42303473863,7050.12180342162,6866.36802494036,6910.87201364857,7264.90694598976,7547.71089266274,7098.11116198127,7105.52155277734,8823.47564161481,8483.03849257533,7971.85658872732,6167.83662626288,4319.83275218463,4319.83275218463
0,6388,6008.95687222633,6018.49453868532,6337.17574429557,5023.90462607132,4639.31446941649,4639.14652411745,5079.77167982662,5740.58247721984,5051.61631352045,5051.04259203331,5443.20569580081,5379.38905560412,5448.67055053222,5808.2247902997,5783.51748344368,6057.44551210276,6045.13264608755,6665.11870845044,6496.5175494081,6516.67413997809,7151.25877624773,6966.37901025359,6957.7547393739,7175.32301323953,7483.39771249476,7483.74744852339,7403.18597045521,7187.02608678816,7069.13312122515,7466.82335368145,7737.32332377006,7302.65522480951,7260.25797019086,9390.92896134187,9169.71263205876,8623.73626579553,6607.73514502131,4622.35591516463,4622.35591516463
0,6388,6020.60267348993,5985.62946102044,6322.99664218659,5026.56103807835,4660.46292128212,4660.59323877103,5046.06605155366,5882.40573741229,5170.11911476638,5170.50319566241,5559.31924434029,5547.05678956743,5475.85168439752,5876.55995417268,5910.76805752812,6137.6457665616,6189.63193380725,6677.81946622824,6583.93872256008,6579.0309398766,7117.53943114257,7193.70995248005,7120.1446684486,7327.69180915332,7948.1238865668,7535.20513944508,7492.16831476846,7362.96883580743,7353.43575752352,7772.64225821601,8316.81324902577,7930.99191888241,7921.75525300512,9753,9752.99260739493,9159.61093499032,7079.63911488082,4955.73493783877,4955.73493783877
0,6388,6102.96163102579,6106.13864279176,6437.42582424822,5085.95211250601,4710.5792175039,4709.9617553991,5096.49645198051,5863.78879619195,5219.88100475391,5217.76940953606,5599.0629992757,5523.30284206522,5568.77236843929,5827.55725171732,5832.03160476209,5983.39388982668,5942.45897119312,6422.12950515569,6232.21021330345,6216.44402145611,6774.87517929283,6650.13648907723,6803.18630125782,7045.24791324603,7386.39937887227,7330.4517053066,7446.66162924556,7344.91898961071,7375.34495640151,7751.44267216527,8226.16464729726,8046.63598003275,8085.28000821194,9711.0648953179,9739.62737242644,9180.71048628635,7042.39942555424,4929.67959785861,4929.67959785861
0,6388,6072.93216323641,6095.18848684024,6399.82342518429,5036.84288604434,4654.44698425937,4654.55967432961,5064.50749739341,5758.72044343537,5098.57050205478,5099.04700912877,5537.32357891365,5460.83589782369,5458.29341864772,5690.57729300604,5717.9891953592,5915.01198472079,5978.8458019646,6396.71577467796,6332.67666640962,6331.68441217873,6939.41610295281,6695.27566908827,6654.09272729774,6825.68271740637,7307.38969076725,7073.78544487601,7026.46148595308,6923.50825052323,6941.19322882663,7345.47529360292,7707.49071545925,7363.1596166186,7356.21172161021,9083.50204989985,9060.39990477595,8524.37324134489,6604.55567403198,4636.13576426398,4636.13576426398
0,6388,6053.47173744154,6018.49940918097,6299.13752738808,4954.26349528791,4606.06502824737,4606.47597018652,4921.33212085095,5733.41698772183,5061.78047245225,5063.2148384645,5483.33939885342,5423.19023819055,5453.06182395693,5636.9965476677,5608.70248623413,5715.06378998787,5684.17020417919,5972.22752480098,6004.86225683707,5996.09763499517,6433.67594128976,6401.59711975679,6465.00758339821,6612.9033282806,6998.79006783668,6750.94321086146,6791.61294357657,6685.45648062676,6733.40864859387,7181.52272973471,7558.0816388956,7443.86834038586,7473.59158580769,9256.62050621475,9247.48929419898,8710.25804050399,6681.54470157564,4677.45044013372,4677.45044013372
0,6388,6084.95853930829,6139.00664285839,6409.0008136352,4964.99643499003,4566.12058471066,4565.60163880452,4948.74248517177,5573.4453361004,4948.4165805966,4946.80073717792,5333.40618120482,5188.8976695662,5227.10802846011,5514.71170052931,5525.4762685442,5717.36503525744,5722.83622859909,6180.70430716498,5973.94020576337,5984.78777679713,6372.19006281178,6124.11617199325,6124.76053496161,6263.37808518909,6688.11420183465,6550.04261354763,6482.06491458987,6362.80701839837,6355.15944083548,6680.9607453601,7110.52034280054,6769.16403383122,6783.69199511457,8436.76095907659,8694.84349749975,8189.71922999874,6350.91719689372,4459.59430223179,4459.59430223179
0,6388,5981.37951065122,5952.76827921583,6229.46008371135,4915.98983687092,4558.34864299511,4559.22669638873,4926.97014765451,5681.01705076312,4978.74189133274,4981.62189112432,5382.63642860739,5258.41188257053,5219.81482230896,5538.49807687613,5484.57619433735,5641.53491030166,5666.32008614765,6109.26078268418,6090.00074925378,6070.96803682699,6567.92862497451,6279.88327320508,6189.75030301033,6328.17929891151,6766.60450088931,6532.83561664585,6578.80708231885,6441.46507622673,6462.90674233944,6819.10821829794,7179.01617502496,6858.02855382548,6842.56958934826,8670.8657478345,8288.88813818737,7836.93646209232,5977.739332125,4182.74778516014,4182.74778516014
0,6388,6019.5671739992,6051.3596170719,6309.96506296521,4961.29372645567,4584.43318265504,4583.94417752437,4948.61766655516,5713.97447119229,5072.65727314275,5071.01091184979,5453.48746671758,5354.4200376913,5360.29083394452,5771.3843142981,5841.54911880273,5909.46706694521,5913.45679406111,6421.20018771384,6357.28065705983,6322.11771983657,6867.88871018737,6758.13352857154,6745.30232716963,6914.9808327353,7308.4883483026,7050.00550152844,7066.9799174611,6904.12821042,6808.69970027427,7144.7359011708,7581.0999817715,7294.33607783567,7271.27931048362,9042.97511594189,9284.01729482922,8712.2158931574,6744.77379418007,4708.12998242395,4708.12998242395
0,6388,5983.13942175624,5941.80887008483,6231.9351370735,4869.59050093212,4501.39794979482,4502.00036089666,4923.0324302283,5609.70500211217,4960.44482338228,4962.57122234683,5386.16964001268,5247.44153682597,5244.9207547406,5439.09028645448,5442.36729083184,5505.86525375669,5537.19931278036,6100.69430378071,6118.20501066738,6166.63845651206,6732.0106738054,6666.62134187077,6686.46369135582,6912.60945186701,7281.54634137962,7137.11930984978,7132.48731041115,7072.30008721961,7129.04398253794,7561.43652764127,7866.99761814517,7574.66079292164,7564.91415634702,9103.26848005181,9076.42556236159,8497.76377336455,6532.60045612973,4564.75555612798,4564.75555612798
0,6388,6033.35745061259,6084.22566886141,6327.34243572344,5038.1570375273,4675.63155563639,4674.7758765459,4986.98338353211,5794.88781000678,5143.20954642576,5140.08030030997,5540.00456170017,5572.70619368219,5485.62267977748,5637.58228875955,5623.62096087339,5621.19826314092,5580.13888196228,6016.21187615988,6047.95135987056,6055.83272597359,6538.10780023498,6495.7672379385,6502.04589403333,6693.63944647726,6963.15903043443,6802.76491821074,6835.46982351402,6785.71280588551,6755.6032808424,7274.78436038362,7530.69631770343,7364.44881616843,7389.93373252932,9405.71493233278,9000.84933256982,8453.72276757083,6519.04130334566,4570.44956702142,4570.44956702142
0,6407.66605783866,5950.27301759269,5908.94379215904,6169.82861506618,4753.02951085129,4376.62097633132,4377.7666995933,4755.91890807504,5364.70170530692,4745.30393420609,4749.62123800483,5096.40787633499,5070.30710665564,5171.35886665949,5418.51803959696,5441.06708610227,5548.99642159717,5594.79793565778,6052.43689645397,5954.5767054255,5993.19974738413,6624.02832537908,6341.94924370538,6398.05644795726,6565.55763565394,6864.61765780493,6603.9426188465,6601.94187893874,6570.66346876298,6590.64517933278,7017.36575610964,7408.68785542224,7089.51735332483,7098.51221289104,9286.882015223,9484.09639609804,9010.49871720786,6867.58541313471,4814.60332330403,4814.60332330403
0,6409,6095.96841382615,6070.52943396211,6433.93517968481,5070.81111290137,4687.15542926596,4686.03527246569,5121.10973592716,5801.25753444949,5065.04023694595,5060.80401903536,5456.43262068277,5348.99580973922,5289.84362216908,5409.61228428654,5411.54130801553,5385.10976595984,5379.46103929495,5789.76299116092,5672.53067860908,5629.69075259259,6142.47622493139,6130.93606025182,6095.39349350194,6341.20911081929,6570.84691316487,6347.23110921292,6305.68439359752,6235.67157545099,6328.64133052712,6655.40809085671,7114.20146820969,6836.27593394731,6864.96774922457,9104.03103762257,8970.42904172815,8668.47405165149,6598.93123081739,4622.22469713014,4622.22469713014
0,6409,6132.74732615127,6158.18110355343,6504.73869170066,5185.46231248724,4804.19734139578,4803.6602947191,5182.72780515532,6038.73707487901,5352.00607509759,5350.02720881928,5747.88929799761,5649.0660992343,5710.27355674787,5786.90567052124,5753.62837773187,5770.52064132986,5675.54743299496,6195.35249149935,5976.99600445168,5961.6114749869,6438.27439528535,6253.85237539102,6240.48491965845,6396.24382631628,6784.88026953533,6633.38183171078,6604.35284804386,6522.55037113131,6394.91433287929,6830.18581641024,7162.30806428609,6757.69023841695,6745.27509245328,8871.11883875038,9076.88181599475,9179.77343830107,6771.01095003899,4737.452009164,4737.452009164
0,6409,6105.51300333848,6070.54089605452,6452.71449027659,5048.83934442835,4654.7783027494,4655.35109015812,5056.48782561656,5786.60890377375,5139.47428707763,5141.63259552,5477.88338634798,5395.13360833927,5335.41740541921,5588.91177412946,5565.34160351251,5777.94359766943,5820.58657240774,6215.45952318486,6286.79593151873,6296.02035426224,6825.97957443028,6669.79664519345,6682.66061483283,6950.24637493244,7131.66919954931,6901.29236782833,6934.45538692134,6838.54729380512,6922.89882310303,7367.67573910447,7852.72866879078,7593.7662035509,7539.09078943719,9163.12498150072,9361.80437202993,8995.43005945113,7371.18615081625,5153.44906229923,5153.44906229923
0,6409,6162.43508519433,6191.04764287504,6542.1654695823,5264.05163025315,4895.45675196742,4894.63064419319,5222.6120978549,5996.83863680779,5299.08761052709,5295.92662279689,5607.09744439441,5526.69995784183,5526.86799969659,5818.99425507056,5815.7836019877,5911.33856571416,5894.71527280861,6259.40077861369,6163.1510517546,6160.58642526754,6732.04416926701,6555.48708300812,6512.23719152192,6774.14939391733,7171.00748889007,7049.46191854695,6901.68852873331,6686.63533024983,6667.23683789557,7044.47227239042,7343.91069592005,7233.77649796964,7262.24224154735,8740.07856183627,8805.62646817638,8265.91756582058,6369.3699927925,4460.83154288128,4460.83154288128
0,6409,6063.83640459763,6092.45338302804,6344.38557165367,4972.56773618162,4599.79179341341,4600.5758401492,4918.02504793113,5684.59039813224,4997.03395365295,5000.1643499524,5335.68710018118,5251.20450948019,5294.64384678428,5592.03667850713,5654.19390135422,5810.04841024287,5844.96249959009,6262.0234794907,6161.55129410265,6182.88201122881,6933.57169838726,6703.60394023286,6723.76129842869,6943.12357254303,7406.46403641367,7071.47174878655,7248.62668426751,7047.18781131211,7025.80588170469,7467.12797670706,7764.74544002221,7244.55297039693,7229.87468335208,8997.20042847149,8627.227798472,8077.87835965618,6209.90101550467,4338.92681067424,4338.92681067424
0,6409,6006.56516682961,5993.84938336118,6235.2197443912,4857.99651230954,4493.77150844917,4494.34769669512,4807.72839333267,5611.47438086089,4992.17881586997,4994.26350096414,5328.86356071454,5207.75499021902,5241.44663359039,5405.97259510744,5369.74985871555,5405.95131136326,5484.96163540913,6102.76769035196,5798.75509879187,5806.16307739651,6585.56382935956,6460.24594751651,6511.40393913744,6691.79239578043,6974.07767928129,6977.21306484591,6940.61505374491,6849.17415203284,6864.0953320479,7394.95279390562,7722.39563719697,7643.10916239823,7663.04803234833,9295.35556478418,9664.80396984412,10729.5173806881,6976.12385384696,4881.70365616751,4881.70365616751
0,6409,6075.82125498207,6037.66705205603,6333.10310449815,4910.01884808358,4540.16000554117,4539.90455212935,4866.65821301998,5627.00198033974,4943.42752586442,4942.50436036375,5275.37728660743,5141.66983904401,5113.56541672351,5376.74248282349,5403.81225966249,5384.24306177624,5269.66233003413,5621.62380999843,5816.89600810351,5812.74199598762,6632.5787366757,6500.70914905989,6407.7375800012,6640.78516713252,6900.55788310261,6572.85016604502,6624.83348710616,6566.38443509256,6575.58080848338,6977.47221362145,7398.80771489531,7051.70303261712,7055.65026338026,8924.31972036698,8482.34287532352,11153.6676448026,7867.39130434783,5507.17391304348,5507.17391304348
0,6409,6124.62560293327,6169.13515565169,6452.34922639459,5072.76537228152,4692.13928368374,4691.35926142479,5080.52073735216,5829.95380931039,5151.74368722675,5148.90452122264,5555.15364095337,5396.69866622442,5352.9383538425,5516.66922577502,5477.60517410048,5588.35936767444,5670.95780863169,6130.65706268444,5872.03149940264,5879.82365865781,6510.80811512318,6708.27214682808,6692.36775087895,6852.50506464506,7268.15653072368,7101.29462364112,7004.50204621018,6851.16132590959,6879.27233139931,7286.77390313119,7596.43948012943,7231.22708217137,7219.02395719821,8881.23692777467,8328.05922821995,10240.4753600166,7867.39130434783,5507.17391304348,5507.17391304348
0,6409,6012.58128035952,6015.76381812874,6248.40564568746,4890.74737847403,4528.79143997593,4529.68638283774,4882.53393206147,5728.31636979527,5088.70134680189,5091.93725199361,5552.89610808871,5464.75830429715,5539.63309228189,5837.52773912428,5848.52112354706,5789.31967770445,5770.55771153686,6130.46296863207,6081.46314386843,6058.3408754983,6663.6063487508,6544.53496604575,6617.44920885643,6822.10441564108,6960.10552846126,6737.74170121631,6841.28924264108,6652.53821793292,6620.86058584589,7212.38816292696,7590.62442271685,7244.76600123292,7261.89879683254,7804.83866766954,7517.8137656791,10217.5280555843,7867.39130434783,5507.17391304348,5507.17391304348
0,6409,6039.77514168696,6004.80148725667,6243.50900669894,4836.04455238438,4482.67532866563,4482.77678203371,4785.08168483132,5608.03558615961,4942.67198389191,4943.09228764214,5341.35012440262,5136.05874458765,5192.72796014162,5465.79047594847,5488.5480729777,5530.12950063405,5506.62584500604,5981.56597002639,5746.1340302006,5790.55878010964,6543.04217957825,6336.60199394005,6325.58228774304,6621.36390883027,6899.0195661468,6635.0625568035,6638.5937261263,6578.6254685349,6550.09125284491,7284.26341553087,7621.45321887741,7484.97494021802,7007.47492009892,8113.12488151073,8007.49262794322,10217.3921144698,7867.39130434783,5507.17391304348,5507.17391304348
0,6409,6122.1346310076,6125.31164275845,6380.64721127539,4915.9926514723,4544.05152046341,4543.42173829974,4846.97911643263,5626.24919107075,4987.19945675912,4985.02588645357,5365.09189936237,5210.81551338636,5088.83756092486,5258.27021374557,5280.64155985912,5361.59348502499,5386.29247390534,5877.39391300021,5698.15168262454,5688.93345306515,6346.53400069426,6403.8048464919,6397.22833908324,6626.87409493264,6954.58301117246,6724.65141118621,6709.75330294056,6669.28064495841,6709.47792488577,7320.56645247685,7821.37420533061,7481.90666659211,5470.20369578098,7085.95368887261,7155.76384482357,10217.391309147,7867.39130434783,5507.17391304348,5507.17391304348
0,6343.44647387113,6120.72015234798,6114.36148684024,6402.4345972269,4936.39255254461,4555.30708342062,4555.34602272021,4886.21766952637,5632.20767844256,4971.3994431879,4971.50493354791,5345.06098872539,5272.87791726113,5302.65869846703,5430.95045249008,5383.43284543553,5453.64014748966,5405.28320865921,5940.31122848173,5775.65223900887,5749.54175000605,6397.82754596678,6200.79228276323,6292.02408507301,6491.78493396723,6901.38528937694,6484.3403371888,6493.8852306856,6513.37739693709,6417.95259780521,6883.42687026462,7225.58012273083,6399.52914837085,6665.60338805001,8437.5990955052,8577.73933638339,10217.3913043763,7867.39130434783,5507.17391304348,5507.17391304348
0,6339,6088.26193246408,6072.36614263385,6441.173325637,5007.45696582467,4613.32237015752,4613.54057843758,5009.30661848223,5767.73003559237,5061.33426693965,5061.86810718278,5422.57187474926,5368.97021735968,5308.54396926407,5602.86789544748,5586.16724638165,5749.67875077731,5732.65433616109,6158.99206481628,6168.50460508331,6164.0190661894,6758.57562716457,6658.42993676727,6517.15836809111,6687.80581321907,7010.75295118848,6934.27301262255,6882.45031629122,6891.14195342119,6922.32398786509,7299.89408860491,7514.07789989398,6121.30183819983,5930.94555181226,7927.36692655141,8127.66430473655,10217.391304348,7867.39130434783,5507.17391304348,5507.17391304348
0,6339,6120.78278369543,6127.14056499012,6517.74813045502,5187.88225985216,4806.4527468639,4805.98561483617,5243.51755881901,6077.26315816336,5363.50166371851,5361.60357682643,5776.07458477074,5549.65748499666,5674.23799606364,5955.78488102698,5961.02047245496,6061.64214232364,6090.36793661369,6553.69083375012,6322.41607524875,6323.4232317488,6856.64277444413,6815.06912920027,6843.31110347885,6918.39938925015,7212.9410411684,6969.48135281987,6989.66776026813,6866.66070133635,6885.6578726264,7349.57640908388,7275.07610043217,7056.86554496691,7752.40039445756,9503.77775682468,9753,10217.3913043478,7867.39130434783,5507.17391304348,5507.17391304348
0,6339,6102.05208867751,6105.23197396366,6440.4776574113,5093.70891380142,4727.24195335852,4727.43102331694,5151.6681655752,6045.30937149627,5352.11151500705,5352.88151720316,5878.21944658354,5682.21402946568,5561.94279186523,5861.5305820019,5828.65946449697,5898.76346300319,5872.37307745369,6276.77799044999,6160.99532596025,6151.51952628205,6705.40495847453,6584.64681535,6610.58111727211,6771.66390415803,7065.70724904448,6750.13481092861,6684.8570424723,6638.50447519424,6604.10242611674,7056.71756620998,7441.50372073702,8071.97967078988,8148.5216797819,9730.12363104049,9753,9457.35180352291,7867.39130434783,5507.17391304348,5507.17391304348
0,6339,6046.58361747773,6094.27548705679,6360.17924284115,4981.30039955029,4603.08516369711,4603.27215716903,4933.93361170326,5864.82641356696,5215.25645701463,5216.10670059393,5670.64557233138,5598.79311077229,5736.70463467587,6127.73061316733,6165.99828220161,6262.58882226011,6295.23658558609,6739.22002893323,6521.53590887158,6506.12369438215,7125.99053668614,6858.1793548083,6865.11656141625,7049.52202977971,7339.83055037223,7133.06173289572,7186.97527666233,7010.16018551508,7061.94063001716,7578.47525790695,7740.49570550153,7358.26691092975,7166.67530591597,9750.9001542956,9753,9159.62448968166,7210.30222843933,5381.7086720095,5381.7086720095
0,6339,5942.65676262968,5929.94230536877,6157.26745880285,4812.36665613965,4460.95217465313,4461.87486417769,4709.82981272021,5556.28447303291,4944.22422222051,4947.51019221784,5228.50452639847,5135.34881942951,5031.34129386856,5350.01735877068,5372.38574180192,5443.95983672354,5486.71504901812,5942.08496882195,5866.9443049472,5922.96499822777,6599.09897035992,6484.84212488991,6510.33539031316,6717.55174130714,7056.58869556269,6879.82889926516,6907.87179760175,6811.7396196309,6805.5100892401,7338.90464439977,7740.62470778224,7196.85035442007,7205.83472184528,9752.80725297839,9753,9180.71048631834,7042.3994256,4929.67959792,4929.67959792
0,6339,5983.29626592508,5973.75705215597,6209.12052406207,4801.37843071073,4439.68253490854,4439.50106806017,4787.69393970894,5436.60397682763,4782.89742752595,4782.3466264968,5126.0193176684,4976.43082890454,4993.56024428565,5233.95309491075,5257.74017341722,5279.83213313871,5273.3211291378,5700.8706283136,5628.99278076469,5621.48459092272,6237.37121237299,6183.59600300625,6167.35374235229,6372.43971615764,6784.76294055682,6389.96830138136,6373.21208673808,6369.3418223474,6370.55406864896,6757.5812624613,6975.21001310146,7348.66973824548,7445.47280632924,9752.98230755038,9753,9159.62448968166,7079.65850592,4955.760954144,4955.760954144
0,6339,6044.77952084261,6006.62553886296,6312.7691102577,4860.06015857404,4486.19888720569,4485.9945752635,4813.14322417605,5650.03690416829,4986.56702310556,4985.80989713982,5396.88966010396,5419.82769315954,5385.80396608972,5552.42746971359,5515.37728633304,5521.12849522135,5516.37906795953,5950.10965256485,5817.29015181626,5792.76105805872,6368.62022568535,6209.6654239051,6234.37497451472,6434.78999953358,6831.13161566198,6688.3624791374,6672.67116202032,6704.73272449207,6642.07449799417,7049.13860857144,7259.53326528244,7783.2902290515,7788.72936719226,9752.99837599164,9753,9215.44769263668,7042.3994256,4929.67959792,4929.67959792
0,6339,6115.83970558469,6138.09315566834,6455.33141997741,5068.3870756682,4694.2854527073,4693.44401416849,5050.6886732784,5833.48957074332,5124.46818308099,5121.32050469397,5490.88678832805,5401.24715002588,5378.74638917171,5616.98295592453,5623.86019335765,5588.68025583499,5598.03466735245,6048.5165841668,5920.08745712749,5938.14929870575,6426.25713764417,6374.10496928742,6347.15949211307,6517.93114176589,6873.95925760103,6792.19245690228,6750.59155858608,6859.52403823236,6825.57735330275,7191.48156224707,7532.88948127514,7224.88472161555,7094.9617270168,9752.99985093058,9753,9173.27569936332,7116.91758624,4981.842310368,4981.842310368
0,6339,6064.5883049771,6061.41040896443,6326.02433338798,4924.89107273421,4568.04792007219,4568.54424823339,4850.36245233423,5794.35734286241,5146.12700429668,5147.99042059771,5559.87151107447,5492.81853703385,5591.94546268987,5809.63978078412,5807.14655262083,5738.95099551482,5746.48035825581,6047.89724617051,6020.74607793539,6006.17254918613,6606.51554842539,6271.40486003135,6286.29566981699,6463.08739351497,6670.67211737969,6462.26840761251,6526.78469506274,6563.48325045307,6663.30854142712,7149.13277141428,7329.18923814236,7207.34176260166,7303.04926913717,9752.99998631676,9753,9180.71048631834,7042.3994256,4929.67959792,4929.67959792
0,6339,6066.00384761563,6072.36251309312,6335.06897252683,4865.2838569915,4489.52877960612,4489.56347970567,4808.25218273199,5616.89086864776,4942.82035341539,4943.08571106273,5312.9538905209,5164.93308599653,5126.8933421695,5401.50361892998,5397.75273921637,5407.31413698004,5362.71039293878,5868.26886087927,5550.79245398418,5583.08633799898,6200.60969038199,6115.09304737213,6146.61767156638,6394.78871140349,6858.63263000045,6444.0562802532,6471.85511548677,6417.37481098692,6465.51754457279,6996.77297465909,7315.88860361655,7153.26901783483,7941.3569777059,9752.999998744,9753,9159.62448968166,7079.65850592,4955.760954144,4955.760954144
0,6339,6066.34874812161,6050.45197403029,6316.42884034533,4899.74614261715,4544.69248531825,4544.7343916412,4770.39582601749,5747.75310064549,5096.16933396693,5096.19908952193,5423.21931673825,5330.03324359936,5381.75335754375,5621.16111525136,5653.11654992911,5712.69312490285,5732.29150524696,6044.40571309444,6055.01223125545,6020.92668126743,6692.8118793906,6334.51778395058,6335.1898260525,6516.5255595192,6759.58061458032,6725.80813921193,6716.90981800836,6604.17066541947,6541.31259140528,6888.77132978064,7240.31431816652,6877.36457613337,6910.26261720919,9752.99999988471,9753,9180.71048631834,7042.3994256,4929.67959792,4929.67959792
0,6622.75312024353,6082.97356748183,6105.22856491594,6423.37107653802,4921.32697969385,4513.37508096655,4513.15362819588,4945.62472031521,5553.66366156834,4931.61113249292,4930.94955956578,5281.15902290353,5040.87009506602,4986.4902115066,5156.13230363366,5139.16486714802,5230.85652617362,5202.23899598477,5510.11324316875,5442.86963853333,5485.19664975382,6130.16748480403,6063.62081907869,6059.24941903049,6322.39377778342,6591.21039885246,6276.94619443,6302.71512521336,6341.89205428268,6363.72664922728,6704.81716122865,7037.69858757815,6772.87521234034,6796.47307815363,8811.8123180449,8366.00149656731,7861.51847038462,6081.46808810181,4258.11655193623,4258.11655193623
0,6642,6311.52901661008,6305.16358980625,6647.75812483657,5285.53297588912,4902.71023438677,4900.98000424427,5350.11197113892,6176.29977312019,5395.22226388244,5389.10831267832,5885.63481372866,5719.6810100011,5689.62440478629,5843.55696721164,5808.14442727553,5891.86974244734,5852.87812370384,6374.67295101206,5909.61737992722,5859.35997640016,6506.19270241914,6215.51594308364,6175.07687843637,6398.25034306973,6873.66423248382,6475.6555483949,6387.75092959125,6405.99228776211,6334.51776202733,6788.26271909341,6968.75504469551,6691.87070754229,6694.63433798382,8774.07397264,9073.0133365483,8517.30112972487,6564.95661401035,4599.89848457962,4599.89848457962
0,6642,6368.42222982325,6327.08902546018,6674.47774998871,5207.73137942579,4826.45859711264,4826.44007519099,5200.85502845978,6142.72275549642,5467.9531398614,5468.0402954962,5954.00584496262,5872.27547226687,5851.03253532036,6131.45913657341,6099.75735158017,6221.84057909839,6235.69368109399,6699.79155842648,6626.0772558221,6576.73768015132,7173.87212915294,7108.20134337719,7024.0353424837,7259.14320297624,7571.26737087984,7448.19473450046,7473.46197176484,7412.65003612829,7391.64681799859,7843.16462012353,8180.42122534423,7800.72114353769,7722.02431148164,9324.03817451553,9343.34614992715,8719.85560236457,6683.07671294609,4655.09451489781,4655.09451489781
0,6642,6412.28456403418,6469.5116686615,6775.35961810224,5309.75687011582,4911.35994642755,4910.60214855301,5285.05134697076,6084.43097454833,5369.25741082232,5366.62108564525,5809.72004997069,5659.16139746129,5690.19389840044,6078.97517508046,6073.25592442306,6202.23808346133,6170.16897002728,6476.20002288779,6541.9436522513,6600.33695193863,7038.62986944872,7090.90696816695,7161.22796604678,7516.89243359095,7871.29630593146,7473.54416390924,7444.12548931833,7264.63273902306,7363.65726985007,7782.54030916038,8093.83391396641,7755.3748757952,7750.05594166156,9099.058124896,9310.34134914593,8728.66639962977,6719.76565441938,4703.31752254431,4703.31752254431
0,6642,6262.77645779641,6272.31876620599,6490.2315307149,5066.9554311534,4701.15199271458,4702.30279432923,5061.12388651008,5922.92287580544,5246.26022488845,5250.42171472103,5752.69507382922,5639.74484625238,5593.94611315388,6040.81551357122,6050.27061266247,6302.95481791816,6282.46925399479,6838.20736140056,6382.99048718585,6376.55139222582,6969.54357530466,6691.82985167091,6591.30314047836,7017.44751006743,7451.24776429315,7182.27318845905,7189.98422307598,6973.23832946046,6911.05298474788,7407.88087609503,7562.17350700783,7411.24276046998,7454.08696122248,9311.9930745446,8766.4953782905,8318.6928052322,6371.97710626278,4473.73116856506,4473.73116856506
0,6642,6293.49333308867,6239.44346137025,6508.97999775667,4947.4394202475,4564.02851783612,4564.33181736082,4953.30536835821,5770.37517038801,5094.27773694174,5095.53232941972,5620.77818068845,5651.96643036177,5606.80733188758,6059.75818006825,6057.41500602637,6326.18283968503,6378.85294208152,7004.15315142876,6778.24542238153,6775.82074950778,7537.15675267623,7324,7323.99999978612,7980,8258.39362128806,7938.19993850347,7938.1922272552,7728.30982786731,7728.37857674794,8248.50314016339,8401.51052963636,8040.7859266947,7983.32175877836,9753,9752.77427218971,9172.86182085302,7116.32554610148,4981.04855609154,4981.04855609154
0,6642,6397.07448927601,6425.68572065092,6734.945528912,5248.15799898401,4852.73883810643,4851.5533428145,5256.77050371875,6066.86561689821,5367.67124049974,5363.24462028871,5876.09027735223,5881.34293928635,5887.80882913406,6330.61440831995,6284.25971530822,6407.80319355899,6382.60703143936,6985.21031641442,6814.15901070371,6774.24225127994,7719.63842968394,7324,7324,7980,8449.60636182902,8231.24705882353,8162.39999986415,7949.79842817153,7928.89090460684,8385.06467840564,8558.49370305773,8255.8262325045,8253.25006183976,9753,9752.99999946734,9180.71048534167,7042.39942420281,4929.67959604543,4929.67959604543
0,6642,6355.70738276618,6327.09438292809,6691.95130262657,5168.76403713579,4759.49906119869,4760.06162682251,5297.61471312098,6089.79985912943,5294.13146144829,5296.14762686201,5891.47706691609,5787.44944766599,5838.48771902538,6435.71713749082,6443.90340932873,6643.61669882771,6618.59483009698,7140.96347087912,6690.80095135859,6283.70891528252,7296.85885933148,7231.34078943721,7241.22210475171,7980,8492.78727634195,8219.4,8219.39999999666,8088.13938410232,8025.52355002573,8490.35968033875,8647.13953847871,8224.0289679531,8223.61687773472,9753,9251.28355065662,8688.04396561904,6715.50947292433,4699.91829016546,4699.91829016546
0,6642,6419.33271980337,6425.68961693864,6855.02624548125,5434.04428767846,5021.67537176604,5020.92802761365,5504.95671119003,6617.00663941982,5847.4799396227,5844.53340627863,6410.04039161969,6477.2419664801,6351.5875150024,6739,6501.64533889066,6023.68137229519,5847.53761245902,6488.41292408506,6281.25172966809,6381.20908722172,7416.94790251505,7317.50446482591,7324,7980,8406.42544731611,8245.32941176471,8264.99999998642,8330.40038254674,8199.95179646394,8766.67786658635,9023.11218736926,8585.58838786516,7829.84344921773,9753,9752.99881606996,9180.70831552657,7042.39632011367,4929.67543139251,4929.67543139251
0,6642,6375.16754276418,6403.78297389704,6785.66306587379,5430.47799399969,5032.52501758078,5032.61557158689,5565.27572695947,6500.80029355518,5784.6721015305,5784.94709261339,6330.06961507099,6304.64574091226,5693.20094025793,5733.57118949815,5715.85640965564,6045.32492201936,6174.01494818808,6793.76875123894,6754.61176102204,6840.28266947719,7533.48563636928,7323.96874243172,7324,7756.03643461697,8185.59051280877,7915.40023341174,7915.47123672464,8025.25859351495,8174.78812028976,8698.85811186304,9106.13892622405,8057.32860077654,7755.34746765342,9753,9752.9999999972,9159.62448967654,7079.65850591267,4955.76095413417,4955.76095413417
0,6642,6330.6159397044,6305.18238324458,6627.13876565349,5230.0464208675,4859.66210921562,4860.31158514047,5297.37494354733,6369.72183847988,5617.3794292324,5619.83275474173,6254.162570042,5633.88513977805,5516.160984765,6108.72253854304,6194.44847807215,6565.87030529386,6597.88816405252,7065.77012021231,6910.78437174337,6888.32361018163,7446.2690902168,7323.99984958351,7324,7655.83004552352,8156.81908548708,8052.64705882353,7983.79999993846,7930.82075721532,7941.25054287324,8407.66528425495,8683.79020849109,7925.63382893943,7962.75049276081,9753,9753,9180.71048631833,7042.3994256,4929.67959792,4929.67959792
0,6642,6380.10609931294,6392.82210396213,6675.4280796519,5179.51153175926,4795.62851856886,4795.28932510644,5204.11574100542,6189.99036807071,5493.87906870475,5492.89626857688,5690.85005487768,5738.04064050971,5867.66930223746,6331.84991959546,6334.71891907599,6570.4998327945,6601.57881567215,7041.13235507965,6847.84237976321,6864.99623845275,7473.49561196607,7323.99999927617,7324,7575.96358118361,8039.98409542744,7707.74117647059,7835.6000002499,7840.22581774056,7782.87000197876,8225.54212648531,8421.86028541954,8134.53873548975,8189.54264582057,9753,9753,9159.62448968166,7079.65850592,4955.760954144,4955.760954144
0,6591.4301369863,6349.00306384245,6349.00394796064,6629.71305682717,5106.02325411151,4715.37368993096,4715.66616224636,5098.99618670195,6032.99697634539,5371.67896247172,5372.78866355144,5863.5575584383,5993.19878787179,6101.99256169719,6447.46579614044,6490.89613563302,6800.84157302048,6821.04027513967,7187.94180962752,7021.72347520231,7035.51494432034,7592.69517094475,7323.99999999652,7324,7596.04855842185,8063.98409542743,7739.70588235294,7710.2000000532,7747.16308700726,7788.91380220261,8261.23820370418,8451.03531818602,8217.40347019348,8178.64095204654,9753,9753,9180.71048631833,7042.3994256,4929.67959792,4929.67959792
0,6588,6328.31672350415,6299.70317577896,6650.51039484969,5134.82879970999,4737.3607311688,4737.63284118806,5110.82671648662,5960.75396898091,5269.89407814999,5270.6888904134,6184.9949116675,6155.85002371368,6226.53559157449,6614.41416984309,6611.66191153654,6823.53409810386,6884.76743905472,7242.09452546142,7102.01284384564,7149.4455072081,7657.17544172985,7323.99999999998,7324,7660.07283763278,7970.44135188867,7827.3294117647,7846.99999991021,7800.35190380311,7826.42238509777,8307.98371367877,8726.93704674712,7868.45836687986,7848.6187117496,9753,9753,9159.62448968166,7079.65850592,4955.760954144,4955.760954144
0,6588,6388.7632765462,6398.29961689735,6760.88086905135,5320.71396320474,4932.38083640897,4931.70704750938,5288.38704453269,6153.01416183611,5414.87994348019,5412.30433474202,5800.50891216739,6199.79925327605,6216.68026298488,6654.50731175009,6687.22326225953,7014.59337568304,6963.68519826384,7240.19552261536,7112.03084505137,7106.0394847102,7537.20853943473,7324,7324,7563.81790591806,8087.98409542743,7803.41176470588,7744.39999994431,7713.37130239517,7676.85303738712,8204.64600039626,8514.04562442375,8243.01741863673,8273.24794735103,9753,9753,9180.71048631833,7042.3994256,4929.67959792,4929.67959792
0,6588,6314.56570610066,6365.43746092051,6654.65948068839,5213.20242775908,4819.16680332007,4819.44426974815,5193.4927813365,6034.72504438842,5373.19987432597,5374.32418973196,5807.17427815638,5740.27564460728,6346.03576578747,6679.53688392705,6667.16024368054,6814.36234806106,6808.36598328754,7236.83015989739,7090.9682690769,7085.53747974095,7555.41946741065,7324,7324,7536.04855842185,7900.80318091451,7698.8,7698.80000023113,7696.52319417019,7712.20058746065,8231.38529251932,8335.64111786111,7851.27051051802,7810.17503042307,9753,9753,9159.62448968166,7079.65850592,4955.760954144,4955.760954144
0,6588,6221.93868803438,6190.14779242555,6498.96003497673,5042.88126777657,4654.01698683214,4655.01599599836,5038.59277578359,5828.34068776678,5169.81249377811,5173.39157219888,5592.25170208019,5538.39577709387,5573.11548317986,6004.12246166571,6247.75138917234,6853.99510095788,6805.43871134107,7270.65703537242,7015.56938798735,7200.74404174388,7592.2186972687,7324,7324,7543.98786039454,8003.98409542743,7703.49411764706,7732.99999993492,7710.5199881386,7710.51185771871,8307.13186692385,8387.64594442228,8203.89414341795,8298.67169435027,9753,9753,9180.71048631833,7042.3994256,4929.67959792,4929.67959792
0,6588,6280.62068094978,6299.69513003178,6586.86187392203,5218.78219737445,4848.94751269428,4848.22254243904,5142.32667067923,5968.27010974376,5281.65893113706,5278.91636762051,5624.44334930435,5518.73092312958,5515.78827714942,5777.97601420368,5746.60043017266,5984.2005208951,6013.09331675086,6445.17801725704,6656.88388856231,6846.99436043423,7511.82480131389,7324,7324,7604.0971168437,7861.63817097416,7754.23529411765,7744.40000000449,7642.7437678658,7721.0065101865,8343.63765363083,8557.55830547205,8271.02814640782,8222.38853670197,9753,9753,9159.62448968166,7079.65850592,4955.760954144,4955.760954144
0,6588,6227.60670931264,6233.96692197428,6424.53192939698,4978.20460343845,4622.03023787842,4622.58559047154,4819.41100236591,5675.78114591702,5003.76415302011,5006.01548331771,5308.03860121649,5292.47956823537,5247.53876016651,5620.21433564261,5665.87686198382,5836.18069535986,5894.19178653767,6336.25755049432,6271.20763717565,6311.32810353552,6717.41194054781,6690.0982792014,6681.85757897424,6902.73534637716,7391.93673415977,7050.23242489683,7110.52150389315,6955.36380718666,7019.00099022164,7535.47216196984,8376.88257655575,7911.81702307534,7890.66420698891,9753,9753,9875.4546126851,7042.3994256,4929.67959792,4929.67959792
0,6588,6237.48807788914,6212.05297414689,6438.22338897708,4859.21021334354,4474.6469293807,4474.91041892966,4804.16229978566,5481.60192776484,4846.47165797331,4847.61643812616,5204.07391399234,5161.97004411824,5146.6533470681,5420.89449300519,5414.25681331463,5501.83254295519,5513.47578384656,6095.2862294928,5850.97013523667,5871.29185157144,6377.71881436703,6254.9872726531,6232.23482654712,6480.28787928752,6955.86129402695,6577.8515543252,6582.46781104671,6639.90096769533,6505.2027408323,7005.37766050461,7175.50339785004,8285.15498295754,8358.53345184228,9753,9753,11551.6182687335,7824.84011232,5477.388078624,5477.388078624
0,6588,6283.80065601465,6299.69610384553,6568.32627295503,5098.18999346024,4714.13066757733,4713.45935586147,5082.98833769806,5838.48803772074,5174.57061946302,5171.91653370155,5639.96559011829,5581.40644796009,5636.48864099072,5866.20255081358,5868.18628853092,5859.51990675275,5855.05706718075,6384.94557550389,6209.14353490677,6182.05652447496,6566.64355533568,6687.64774278279,6641.65475713361,6838.96787032979,7229.52176161559,7244.44865939495,7122.3099529601,7235.58541460741,7269.06304376266,7924.05074613773,8089.03204577053,7626.53675318686,8134.892697274,9753,9753,10273.7266350663,7867.39130434783,5507.17391304348,5507.17391304348
0,6588,6244.92132982126,6244.92243498411,6563.07024583439,5075.88751257306,4667.32448368392,4667.63155899821,5144.1809925542,5784.8766222228,5114.58187481351,5115.67453699104,5613.5911392865,5494.17527696101,5499.13251103209,5804.35271783993,5721.42202170827,5773.58869731845,5726.25667194248,6136.58277435535,6094.60975786666,6094.97379628288,6526.67573839497,6492.35157983713,6537.01130668005,6752.45784300951,7201.33655868989,6829.15918901131,6958.0275250794,6943.33111359685,7066.61758771105,7671.63689906052,8268.17305918703,7913.09977912975,7913.18283473365,9732.0151273576,9753,10217.7250379969,7867.39130434783,5507.17391304348,5507.17391304348
0,6588,6232.20222710701,6244.92000008328,6534.06784963508,5232.18293476499,4869.21491313816,4868.99389632802,5227.70601244247,6077.95209593343,5372.22588915482,5371.11395172388,5836.95441773762,5723.37369844938,5742.86522990676,6196.72816069251,6280.63852476651,6392.21314604866,6359.54373072208,6788.07945917026,6522.40514632792,6492.25765110557,6860.12559050785,6806.11355376439,6833.54014939039,6990.12942111567,7404.88217372944,7172.06265787465,7140.07817766311,6938.20359746071,6875.30731840719,7317.71616970911,7648.70538884156,7463.48183756655,7492.97354607288,9751.07377671022,9753,10217.3932814046,7867.39130434783,5507.17391304348,5507.17391304348
0,6588,6216.99428008832,6201.0979480939,6425.75867000972,4972.69804598116,4609.16084530221,4609.65008636118,4984.67766505092,5661.3112504793,5036.16473067204,5038.26443395575,5530.08535755166,5336.28100931583,5321.84873849076,5595.15297260428,5549.3626879156,5766.92727325997,5819.63743126195,6333.40504138501,6180.03358916264,6211.36398234089,6700.44605639104,6497.06137478056,6523.29911113752,6786.75333782494,7133.5410191043,6877.25324868901,6895.81922461546,6819.40730909813,6843.8184493787,7440.86881901806,7491.37564148793,7321.90586312989,8220.17292055335,9752.82318996044,9753,9180.71048631899,7867.39130434783,5507.17391304348,5507.17391304348
0,6684.45733130391,6262.23355661159,6255.87356494926,6487.89510886552,4974.67572042213,4599.96861428375,4599.72285886816,4938.84747297262,5629.8570967368,4991.33803296106,4990.55378038707,5524.23263369982,5424.3558349742,5469.91356236953,5881.70602239269,5910.43060333469,6010.63874492138,6011.0488443703,6449.34147298765,6370.18211598082,6358.39663250406,6775.20175872993,6745.68951149054,6678.90070164861,6890.62970049282,7221.7326852585,7133.53637236423,7028.91356639234,6872.46262884593,6875.30825927799,7340.79805056339,7671.7095038553,7321.27146576866,7324.91117607904,8879.31091337918,8612.2186278998,8171.07477438026,6280.6194428841,4417.82343439571,4417.82343439571
0,6691,6371.82315987304,6371.81996849253,6595.10532811617,5072.3828577721,4699.54454494215,4698.7682901169,4968.66227259393,5634.42850911082,4986.55098590946,4983.92282676144,5410.10622071369,5326.21503713774,5250.10371319884,5554.62819142773,5558.15806976063,5648.37412288023,5674.75730782739,6009.56181561471,6059.66660328546,6031.70582781341,6426.1156791631,6421.42348194652,6477.64795112797,6677.27501538635,6892.23295331943,6804.81889413561,6890.65948486927,6759.22607257848,6800.47865264635,7219.03422953317,7477.38391395103,7142.92638750893,7155.51858394107,8962.22739909704,8946.40446580659,8523.01523582713,6536.93480811432,4576.31406468825,4576.31406468825
0,6691,6336.85312428786,6371.8269997595,6571.80280594976,5033.9786172716,4644.02554909068,4644.08645132844,4941.88159423575,5526.84534049649,4870.81410725373,4871.12061504599,5255.80304102469,5193.62965053233,5214.43441901692,5544.37746292378,5519.77257878071,5566.51635691187,5576.83357908763,6036.86104266256,5923.87977386084,5986.16767432816,6490.09875348714,6305.99267489355,6293.53345500764,6487.12512905678,6732.40315123661,6484.4329337712,6424.47834158298,6306.6533260891,6299.54480287467,6722.72332970554,6915.01068395633,6795.78646047038,6811.52788960295,8522.84226922462,8702.25420386233,8946.40310106725,6420.46192476778,4505.5331738026,4505.5331738026
0,6691,6270.39058517458,6251.31635725821,6446.66358445819,4969.83052746666,4604.98634127102,4605.59164505491,4852.32243976363,5571.37538404571,4918.97772167599,4921.02803868162,5271.59734953671,5235.77846707091,5237.33143998862,5664.42707055467,5663.62097390959,5734.35436162305,5681.02795287949,6004.10506210561,6002.61261777074,5989.88305905004,6403.26216858918,6479.59277605558,6451.31493406223,6650.12517622637,6922.50021601077,6796.01255394986,6760.46334353178,6642.35334975328,6612.3428282559,6908.59283476694,7293.67409387598,6870.75352793579,6865.9313414031,8377.97324608185,8426.5841609788,9811.49693530087,6850.31511773863,4787.23215415717,4787.23215415717
0,6691,6317.04540422723,6317.04407804239,6538.4306835423,5004.92456721186,4618.61978310829,4618.29788635704,4891.86028123227,5519.90097335162,4886.38831880983,4885.31167086291,5188.70763709042,5096.33099148264,5116.49246077965,5467.76005790788,5548.47485109729,5727.35089696938,5741.37441029248,6220.44325011519,5950.5239483991,5957.66876344025,6314.80935939538,6293.7425327394,6361.40244033339,6619.94557722094,6874.60378356179,6623.52717159063,6745.74905643264,6633.44068741559,6653.23911670069,6854.07025684123,7194.48725426561,6927.59394342106,6929.80178172806,8287.36627984276,8406.99169040906,10754.2623580525,7830.15640550317,5483.64215634498,5483.64215634498
0,6691,6301.14978377233,6317.04699990006,6510.26742989838,5063.28449014755,4697.48983097593,4697.40356848093,4899.83537333265,5621.92742851079,4969.51697740923,4969.0829981061,5243.02827803708,5195.48479898384,5161.68168194871,5275.58460698815,5223.9858799892,5358.68726866028,5378.38459878056,5899.95938542213,5788.09099808112,5761.19162953781,6171.8330083356,5956.40868686468,6002.28153850759,6297.36192876102,6543.14877520968,6471.007181448,6398.31477233972,6326.62604958499,6365.04948734527,6729.82381805121,6962.9582623219,6683.19018230312,6691.09693987541,8163.65423867479,7999.25051591445,10777.6282952682,7867.39130434783,5507.17391304348,5507.17391304348
0,6691,6259.08888665942,6262.26943511737,6418.27208482298,4907.44247183776,4537.92369537185,4538.3540738041,4769.34420659818,5308.45855431576,4769.33788108305,4771.05099649845,5044.84059694079,4922.58878563648,4981.00811035285,5309.20698124393,5306.43763829959,5438.65491111928,5426.28315456073,5808.5352318337,5931.1359310638,5984.20138990622,6287.56549452478,6259.63713864819,6208.26741826762,6471.38978863013,6800.56587492997,6529.24516597549,6587.36435539241,6453.73356132053,6436.21013690748,6823.6237247306,7272.94242323941,6912.76575113991,6893.63002092,8786.32863571029,8447.89094268678,10245.3810922824,7867.39130434783,5507.17391304348,5507.17391304348
0,6691,6251.31126602429,6251.31148710676,6410.65341498779,4906.6446629222,4537.10562244101,4537.15758166952,4792.0979977172,5259.26113502106,4619.09662253259,4619.26788313856,4954.166004134,4872.0573573461,4825.11262318255,5160.76235492111,5185.99160077141,5334.73671723254,5368.67720659653,5666.34733127601,5633.14141110317,5623.79845081332,5816.34651199616,5917.83215551476,5835.07941133273,6094.52064109336,6456.17725334341,6269.80053392033,6226.16029298199,6062.30009636318,6140.47530443523,6524.23280770959,6923.28110150616,6778.27318487263,6819.30248870775,8523.82719660276,8759.79572188992,10217.5571174165,7867.39130434783,5507.17391304348,5507.17391304348
0,6691,6254.49044324372,6251.31100001666,6426.67659143257,4922.11017887236,4548.2930893044,4548.28083580699,4796.33389732178,5337.20952644666,4718.05526183343,4717.99341571113,5039.36178763961,5018.77862737254,5024.0364693272,5269.42929656962,5262.30816825919,5365.24717467208,5327.77892283396,5777.03125159821,5547.88718594072,5531.44257270444,5834.15191762944,5720.44534555382,5811.04163808945,6031.92766486214,6422.70186364084,6279.51649873625,6267.30569584813,6064.36387360015,6038.2286526899,6435.79350058001,6636.0511366966,6548.69385845683,6563.90349302234,8306.8838575148,7745.94436609319,10217.3922866337,7867.39130434783,5507.17391304348,5507.17391304348
0,6691,6255.90784755196,6262.26651297653,6454.94877873425,4972.90086454122,4593.70354281763,4593.60270088566,4864.38919388477,5358.39867875503,4744.10510213248,4743.68831479258,5036.14254445518,4986.68450006013,4977.96184239727,5241.30075035565,5239.05194078426,5401.14143498556,5413.94675173133,5683.54606581771,5810.63411459765,5829.58013757777,6326.18873422906,6104.48762100529,6092.19162941699,6294.9297544232,6606.3915095318,6467.1348237382,6546.16627478206,6366.22862460829,6341.86761550103,6753.94988982191,7037.88868540203,6536.61131934985,6494.89257435224,7895.32639977435,7244.00453289277,10217.3913101669,7867.39130434783,5507.17391304348,5507.17391304348
0,6691,6224.45831577543,6240.35597403029,6388.23606615198,4972.68913648723,4615.27640885358,4615.35510624016,4866.55398834771,5401.03952533243,4767.1299793578,4767.34503128912,5094.15254995605,4979.12148985583,5026.73425259273,5293.65696209654,5289.80578378785,5450.98012060881,5416.01073624217,5732.34442273494,5550.62336139421,5556.94801479994,5973.68060777364,5965.33091952406,6024.09222398304,6214.30493276874,6489.91477998703,6287.41248701758,6276.65655220419,6280.14865029374,6139.43079317915,6449.82899767782,6758.81058916031,6780.84057974109,5725.5000053074,6617.56744842232,6704.28713648332,10217.3913043823,7867.39130434783,5507.17391304348,5507.17391304348
0,6691,6188.75577314685,6185.57743515069,6313.62847198939,4812.99238987541,4444.35139499966,4444.79417447892,4646.33811070635,5208.96104846395,4628.55072609061,4630.32596718409,4919.68390464785,4790.76437342127,4885.36389638036,5153.56147992097,5202.46533215989,5419.73304689649,5469.91796099436,5777.93953899243,5678.22042647666,5678.75318185132,6086.8406144587,5894.82616857052,5866.1087751258,6027.16729329011,6537.32471358577,6123.48817464367,6132.8932155457,6219.33590039686,6303.03840609896,6459.69635463474,6534.03049028707,6295.14650474135,6789.29741688585,8058.52479591892,8384.41717537355,10217.391304348,7867.39130434783,5507.17391304348,5507.17391304348
0,6180.61897513952,6221.96627994362,6196.53051305981,6367.26116600481,4877.72319080786,4511.86777461912,4511.74265309231,4758.3320238027,5145.8468111113,4578.79265327913,4578.25406818673,4827.42516972511,4638.92809363623,4504.10583176698,4688.68161473493,4626.94138373068,4790.34471466716,4775.26791703697,5319.61251393965,4992.85006251825,5046.77178025839,5465.16891522961,5397.83985330165,5449.75017284742,5601.83660310998,5896.30026026688,5994.82055914754,6012.63134045697,6015.97183279733,6131.37352985663,6344.14117359257,6624.58737174225,6160.46962370077,6202.63758166886,8509.42334215347,8426.39667058509,10217.3913043478,7867.39130434783,5507.17391304348,5507.17391304348
0,6146,5802.50659248404,5786.62215496637,5988.67698450462,4604.8363367618,4263.2077368297,4266.06046215048,4575.48062583665,4940.32180684345,4373.82118084588,4383.0973966162,4786.92396458294,4683.76612930096,4758.57732539957,5183.44755326334,5194.69014406684,5326.30560341402,5385.42933690019,5698.35355632392,5731.26626110444,5703.1733213662,6126.75992499239,5888.54471485599,5848.11385381891,5966.57542429994,6309.92109321094,5973.21144421369,5884.20576275511,5796.3789195706,5663.94185108089,5888.78616209668,6076.80994105243,5938.49617379383,5914.52756797129,7751.40609277846,7699.45676617533,10217.3913043478,7867.39130434783,5507.17391304348,5507.17391304348
0,6146,5806.39879505107,5841.3715658456,6051.36891718855,4663.90191258958,4296.97209612833,4296.67891520036,4629.40998836644,5030.41797351983,4431.07590110137,4430.0531127253,4853.7988026915,4801.58044094418,4785.29700372958,5115.49354857731,5167.5380730586,5207.85562586937,5161.31538841888,5502.32243094323,5289.80888916278,5279.20900307113,5686.81950586413,5568.19938713018,5598.40871650578,5711.56977684284,6066.2623558622,6006.36562082902,6074.34348361723,6116.30265284968,6139.21819839251,6530.26620154202,6655.73848493325,6480.04031258964,6516.92116677238,7827.29639446504,8366.68458666143,10217.3913043478,7867.39130434783,5507.17391304348,5507.17391304348
0,6146,5730.39925542527,5720.86335717496,5957.6003692304,4648.14932880785,4291.90256415157,4292.47075474811,4628.81441896117,5054.06201227052,4484.21634103094,4486.08007159809,4834.83252345619,4736.953628296,4790.50565276455,4950.59825720028,4945.87974498295,5093.068443867,5090.23082561965,5337.36422189228,5322.17471084048,5294.01804914845,5865.40178461344,5494.52842772074,5507.10111760232,5622.2443547052,6038.0185789276,5719.50695780691,5734.25436913263,5779.66128165827,5837.31744433004,6160.57500009586,6345.33773383999,6166.36803005175,6157.75548519857,7309.91171061036,7217.54804504775,10217.3913043478,7867.39130434783,5507.17391304348,5507.17391304348
0,6146,5741.00742922517,5753.72453911281,5968.28477744583,4723.037262366,4382.72468588835,4382.47175008324,4668.62051667453,5089.73926982573,4513.77211467768,4512.77116721719,4817.49372097978,4715.2312771312,4649.60136782372,4829.55657020008,4814.74594347629,4983.61492679703,4963.00245216664,5366.67751712237,5158.23685789867,5183.0468163966,5576.23021888179,5629.36957477836,5624.146554361,5754.84934622576,6005.32409240576,6018.95207538807,6032.03970255214,5945.50906570528,6014.38114411879,6327.3528180549,6530.84812399044,6102.19963576382,6091.44522621356,7324.56424694631,7298.37713225913,10217.3913043478,7867.39130434783,5507.17391304348,5507.17391304348
0,6146,5709.90306388794,5709.90394804393,5869.8576806574,4568.23261805423,4235.00553966052,4235.37183752578,4486.74774592128,4879.18429993061,4314.17290936317,4315.65403127062,4623.9194422249,4619.34011623643,4593.18983634982,4804.26415792207,4852.80262827786,5098.27914970843,5095.43733197097,5434.67131662999,5408.60240832666,5444.53797392303,5983.51369707532,5561.3560311262,5575.15152034295,5699.28264371072,6015.91730984066,5766.98159280059,5714.7539614751,5618.21877806465,5531.34233785593,5844.17234661496,6188.66122974938,5920.22376431202,5914.68800509665,7568.40113717514,7207.30032725494,9579.86682954871,7867.39130434783,5507.17391304348,5507.17391304348
0,6146,5713.08144327101,5709.90200006663,5873.9503872363,4513.60841255612,4167.34210365513,4167.41608968654,4458.18902548279,4790.19234180446,4234.75892517253,4235.13115723255,4569.15299731779,4475.25996149041,4585.98082270576,4680.86163404117,4656.20356270471,4870.90577163772,4937.89458972181,5144.44835361099,5120.83860672143,5097.18069477513,5631.50091442189,5499.50941361638,5510.89780339583,5687.25430489455,6065.08264674368,5782.40333644906,5860.67715104188,5815.6136019786,5874.50930054151,6191.85496921469,6509.38942487504,6350.11178141466,6366.84913771892,8008.22684677557,8257.42920292087,10330.8011673655,7867.39130434783,5507.17391304348,5507.17391304348
0,6146,5730.39606372505,5720.85751297653,5937.61235937928,4591.99202683945,4235.14944826195,4235.02407650119,4544.88633972873,4899.03504641828,4330.39891373391,4329.85855387786,4656.94705644031,4552.81930562715,4507.09664844671,4650.29042412902,4679.90067959848,4765.55587910417,4738.26792332297,4992.77137272358,4828.76845049744,4852.15987632994,5274.46053263663,5220.72013851839,5155.1538857481,5271.27866499781,5618.49831834923,5649.81653963601,5581.03955052178,5543.51093005558,5548.0479917244,5865.86137497488,5937.71231305423,5936.87499694975,5968.0739549724,7295.24966267944,7495.44945137672,9599.01840100486,7292.36705614062,5111.5271881546,5111.5271881546
0,6146,5750.54575881986,5753.72453891292,5969.65036842609,4700.39397863844,4360.21999830392,4359.92970419571,4631.99457471893,5030.31920652711,4438.47074849933,4437.28173496145,4722.88396772005,4642.2559025768,4610.59125531265,4658.55853333896,4620.15558700534,4729.4804505959,4743.65896686879,5091.11580532913,4851.942451782,4831.60392832586,5280.35378871694,5136.62815886212,5183.51064991555,5249.76484927842,5467.06857161012,5291.83815293987,5414.93532373211,5385.98846252453,5412.71568896143,5726.66195139174,5809.29129182958,5504.22379199707,5503.0413005294,6967.58375347866,6735.11991634995,8446.6037997845,6882.42001656694,4821.57146452035,4821.57146452035
0,6146,5736.41137948228,5742.7704869735,5901.35703836603,4590.74986104193,4258.89420145291,4259.05629774943,4448.61126223549,4876.47136941718,4341.47356879697,4342.19854357549,4594.638539838,4589.05658125637,4588.73117556164,4757.96731238421,4779.44959797401,4891.37391271231,4865.48080731618,5295.27065609507,5120.21974259852,5125.33476160463,5525.67986192754,5442.49286117337,5414.7493966902,5515.90252876061,5800.15985972064,5448.65374601342,5394.58580404346,5336.25858943117,5292.11859023791,5484.78004115118,5773.07516940022,5456.43474226818,5436.05330647778,7074.14730796931,7065.06092192999,9253.93054941513,6591.44002082062,4616.44032067274,4616.44032067274
0,6146,5739.93519137442,5720.8589740636,5859.54282966319,4474.86816669594,4145.5090665677,4145.73541960739,4339.75302470209,4616.11354434981,4103.92352580245,4104.88172535352,4353.23926824503,4269.58495414569,4306.36361841325,4435.38461459647,4449.20272446177,4642.98359858845,4671.54171171241,4969.97767654403,5030.25999691222,5053.06175451058,5688.28548162892,5412.65837547864,5375.31725310669,5490.19501918893,5914.14891360734,5666.54565348646,5690.58675066551,5624.15053455502,5663.45413153233,6003.19721742144,5952.91503487768,5788.06432252742,5776.81504096236,7470.5213773478,7367.73605144286,10012.2911462723,7541.6041126369,5272.66383847871,5272.66383847871
0,6146,5770.69518797226,5786.59107789247,5943.95348968081,4524.03359803936,4170.68886477434,4170.35439654586,4397.96965550317,4636.43136984673,4082.70383369557,4081.56378356251,4363.62361889927,4321.02399166893,4298.81269080462,4418.45312052855,4385.65915564317,4519.43714368837,4530.66900119203,4697.38654709266,4714.88213391029,4721.03283517256,5155.0431691392,5369.31324990236,5439.72058447719,5582.19725062911,5766.51699717026,5736.47752953301,5693.01889965478,5599.41920360575,5611.83525442275,5999.80043765306,6310.47680939086,5995.39105364262,6014.17874457199,7935.80262709961,7755.79648030561,10042.7940601978,7867.39130434783,5507.17391304348,5507.17391304348
0,4373.24535768644,5728.63588660484,5731.81643501743,5889.79489106472,4551.69288663109,4213.46704872288,4213.67601220453,4452.77124057755,4743.79316185403,4186.40775141076,4187.0067812336,4467.82533591397,4387.76591225785,4405.98029912759,4613.58942037582,4623.69096859606,4680.68679787639,4706.70489973047,4902.22191316404,4726.3160872724,4723.81068883988,5139.76899485478,4876.09068250103,4921.13165610136,5056.85722173403,5392.35426682307,5126.95939245304,5145.07480291317,5038.6712236646,5073.24680569113,5371.09147983781,5654.37988680992,5484.94015636282,5522.58738444835,7430.05313339031,7713.68555844185,9811.19960315572,7635.77383103897,5374.55967010724,5374.55967010724
0,4253,3983.07173514043,3992.66081346705,4159.48946924098,3242.67363516871,2989.64769191014,3001.42265918266,3248.54438557478,3711.24825519067,3300.66198241306,3339.66788951878,3666.43737036256,3731.92761496064,3903.64866508262,4287.14409497288,4363.50810759912,4471.67060486431,4510.48050718456,4812.08933847197,4636.92076347758,4640.042252259,4998.58561337333,4879.01562736868,4857.15022875842,4950.26443932165,5337.90317921672,5132.87785612211,5147.52136259511,5070.80619339158,5023.03217547782,5251.86657779871,5530.8211375168,5378.14386948006,5381.86820499413,7609.65401921129,7108.62468000231,9041.42423044196,7067.30149886093,4946.05903654111,4946.05903654111
0,4253,3966.04068649424,3959.68246489474,4133.00126317963,3274.06859339184,3034.74534671259,3034.84732793338,3250.05981565642,3696.8255206578,3290.84849732161,3291.0912772913,3490.09255943805,3453.71738143789,3447.15907850267,3628.95979645767,3633.56503757356,3723.98757619555,3697.83621802911,3933.50014894497,3934.88133895974,3966.91094874642,4485.43687287272,4228.27875976657,4247.1860025664,4405.82053420636,4635.18127345289,4661.83590630585,4672.12752119076,4729.08730806371,4849.61575488505,5153.98863721818,5199.67230137349,5146.44555375175,5175.62798899022,7311.00691873896,7824.90204857828,10361.8582872277,7448.13744215533,5216.74609598274,5216.74609598274
0,4253,3965.69525189666,3981.59202600315,4136.22537477808,3259.17017627595,3013.16252594116,3013.08384158671,3213.09733816933,3602.29656260815,3191.81920202047,3191.60437455856,3367.3955848292,3319.5139747793,3355.45390623596,3539.63504920614,3531.3459321053,3741.28898220491,3699.32191006365,3952.77072295792,3878.33178224714,3872.30843858592,4287.80646631117,4354.76544186713,4337.38551204202,4477.93700235829,4650.40851683451,4542.99742123231,4633.75168935552,4589.50174495037,4592.61642735957,4873.19259228651,5097.82488114816,4772.45079717984,4771.51741569297,6410.36007149819,6561.47904539168,9374.15275563032,7272.15238110952,5091.61022645865,5091.61022645865
0,4253,3926.81432987584,3926.81543508406,4077.50088045169,3209.66002699281,2965.89803644072,2966.20550133917,3233.96754763363,3520.30070835124,3127.80361686008,3128.89834048557,3350.50691559455,3250.35455741328,3207.67654179854,3412.4521831385,3441.98521462281,3717.10233890081,3760.88889109717,4070.20635023915,3977.91542256095,4002.10044936907,4447.4416805054,4301.41587889109,4322.06249850508,4403.21776591715,4820.41499029971,4464.73820138541,4428.54924095666,4346.71028502634,4381.45778686153,4651.32077357286,4802.78700892284,4681.91020783509,4670.98751425135,6161.71729134968,6216.08888193287,8267.18212856786,6962.74327655881,4881.68124900321,4881.68124900321
0,4253,3958.60743239167,3926.81300008329,4076.13020447486,3210.26029759174,2988.11128675717,2988.08691935084,3205.46617707188,3622.876410802,3172.33609620656,3172.21337904537,3466.64108050955,3470.7384975009,3457.60735787321,3544.57744853874,3547.65432566865,3712.03913129003,3714.65258484681,3979.56335751091,3911.84267290977,3908.55209706514,4301.21750813213,4301.21909521979,4253.32283268553,4323.7922648581,4522.8302518061,4517.75365579158,4491.8307543829,4358.19879170596,4367.30505657211,4628.73220479497,4902.50054790271,4658.51862135476,4674.53883799672,6422.87803123358,6143.62240841388,7993.55035483992,6072.80942722016,4248.70599886016,4248.70599886016
0,4253,4001.39646463113,4036.36812976526,4153.63164756031,3216.49478902282,2970.49257670079,2970.00041986924,3148.8548439549,3552.88693067906,3169.83876390751,3168.2670138808,3411.20029584645,3461.84807496439,3457.57459346945,3535.01776035512,3530.13306145396,3671.60868644909,3692.60005631408,3947.57109926874,3862.11265926879,3848.00795257266,4240.38013107735,4206.16754892382,4228.63332618996,4292.00316084096,4585.14765721584,4396.57188278589,4425.67052250449,4361.32941903704,4307.52235604378,4605.44199148737,4696.15795475521,4632.51743689467,4640.21611079605,6859.44958590947,6604.96818534299,8192.0965582194,6522.86028682843,4566.43579276674,4566.43579276674
0,4253,3931.757141849,3915.86235709164,4035.25797120748,3112.12052008456,2875.75206354862,2876.41842953661,3080.64107985248,3410.01918065067,3000.97502881606,3003.33290157108,3220.87261151237,3247.06983471081,3245.74732998076,3388.22504838688,3377.29989618932,3516.85488734936,3507.50965816893,3775.94977874126,3729.72687931127,3748.87969562554,4315.66057544424,4132.04324862572,4134.65795662267,4224.40266551219,4463.03891717545,4314.73999398105,4323.71154713786,4317.87433186339,4347.58511096933,4680.14756341001,4954.08669846054,4617.91096056994,4621.28827247996,6643.98424189139,7035.68225490893,8867.9943598636,6534.84156062702,4574.90268424419,4574.90268424419
0,4253,3970.63567020603,3970.63456506586,4101.94911986115,3192.65673241375,2956.23761470209,2955.89368319309,3130.89660138176,3537.07767464792,3125.91167276642,3124.63348316248,3335.70660393993,3435.55791652479,3393.0690037013,3546.30172418894,3553.67118755399,3703.99378440343,3689.4033777227,4003.70349998172,3847.91075619187,3848.91844235136,4602.31549397826,4426.67328998594,4388.18714641251,4468.03475234555,4689.35010741062,4628.53273382191,4549.6697673408,4473.96733709309,4469.88538111392,4749.4952233812,5008.75354767088,4901.05446138577,4889.48875190664,7125.82876293042,6566.34679266816,9053.80327903923,6589.30776588371,4606.67873711878,4606.67873711878
0,4253,3976.99588642375,3970.63699991672,4093.29560197677,3166.90769856224,2934.05088497943,2934.07523068772,3102.09036210689,3472.14597466365,3077.00518446355,3077.12773123514,3273.29637068042,3324.81166634828,3373.67545513208,3508.40445543788,3502.32463968123,3639.89474327861,3690.01888641766,3972.08358105874,3901.7626125938,3906.70458224413,4530.57857886544,4696.81164894566,4729.25775353637,4854.91920207495,5210.89735353911,4899.45864888522,4929.07764971909,4867.77609251291,4815.8745481311,5195.7929285561,5432.195443502,5031.1299341207,5008.18200862948,7043.2859051271,7590.44747052352,10334.9807163568,7836.29072511246,5474.44025371001,5474.44025371001
0,4253,3992.54846804238,3992.54802595305,4109.20556822177,3159.17421628832,2923.76800939713,2923.6769697607,3071.74346468591,3440.94496173218,3049.14612294773,3048.86897460524,3248.52048940656,3277.98213243073,3289.4066806924,3464.82550092741,3452.45263826999,3493.58579945515,3491.84789120704,3681.31878667626,3659.07552276668,3670.21227642093,4325.22857229257,4188.36566195129,4207.30446964884,4331.4242290834,4721.93551189032,4596.94104344101,4653.46143873644,4682.66615284552,4699.29577724168,5049.0213822035,5491.78254476008,5438.23004715624,5474.63514345149,7456.6959541727,7104.90582510518,9066.50052349431,7687.54467852685,5387.6947143895,5387.6947143895
0,4253,3992.54899998181,3992.54899996669,4106.5489999305,3148.76870259403,2912.6135141662,2912.62573825298,3076.51198115128,3371.06896199742,3002.72122907574,3002.78282100877,3204.11459798258,3241.09318336039,3194.03997353579,3390.75322207093,3420.69662825942,3501.3715315296,3475.07844686935,3788.64450659277,3555.37722292034,3545.30527920827,4152.14278847018,4172.92254059434,4176.88020245235,4328.48303022425,4426.77934218757,4506.68340885411,4479.20281205889,4456.45826661789,4519.93861942083,4822.1864562874,4949.5571808476,4875.94794970161,4885.57367232029,7113.89341837347,7211.12349301988,9008.03926577695,6779.54786655391,4748.83355161806,4748.83355161806
0,4015.13434804667,3986.19011353076,3992.549,4103.20760215054,3150.43972023181,2912.60462403421,2912.60463130783,3080.60463583124,3353.67339121741,2964.64731215893,2964.64739492773,3187.34936914319,3296.477543124,3290.55320418712,3396.59756767286,3383.77263470502,3539.94391074922,3525.95486897016,3751.48732035728,3798.58987669459,3771.42374725883,4211.94533598284,4301.74448714517,4269.37816056858,4362.84523209605,4687.38892787343,4404.62437250063,4411.05318963813,4283.07134899079,4310.83920953923,4546.58439533758,4892.57599568194,4543.03115771926,4524.11801287489,6210.3353246857,6704.19101165172,8611.12842166461,6634.34464629751,4648.86605420868,4648.86605420868
0,3999,3764.17923573222,3738.75091165683,3890.20639750133,2971.02551364764,2740.80842492616,2742.49210673519,2931.38920002204,3213.70981511378,2837.29938121328,2842.8862994358,3063.50019913084,3185.3947646285,3218.50922361773,3392.0137704014,3409.97352764631,3564.94071296526,3614.370798069,3932.06255897344,3820.70266494111,3851.32087495132,4247.26270482673,4254.18574698192,4245.25364569583,4327.40679505912,4599.28579063565,4444.58139883148,4410.3789857629,4301.44529134078,4227.7765008985,4496.30431097158,4626.31233673076,4563.93908626174,4565.56401492195,5845.60383880302,5899.51768400275,8208.18196965055,6057.52272380258,4243.8039170761,4243.8039170761
0,3999,3785.04811041672,3826.37910435643,3948.88830628045,3113.61299683612,2889.28180699859,2888.70985336452,3040.60397430757,3356.57979363652,2980.87121614996,2978.71740433763,3167.98579235525,3226.41808452356,3250.5633414296,3361.98653052052,3337.46519009135,3363.42991348422,3365.75024009219,3641.01509549963,3577.77850336106,3591.68523700339,4162.71417551097,3956.31183475539,4028.78619622678,4146.80812957107,4357.71841120752,4315.2469254964,4348.68059620167,4297.05076138796,4370.83678276566,4861.65255580159,5041.63306943889,4725.43688776254,4743.41614809038,6497.10122819229,5980.23756441919,8239.65271778758,6475.65256747162,4529.69787273804,4529.69787273804
0,3999,3693.49678735558,3683.96133117192,3772.67520950771,2889.73746371744,2670.0977242296,2671.00259605387,2840.40209791045,3104.21367463451,2738.85395348845,2742.23062331256,2944.57215855266,2959.25980314593,2994.96567102005,3215.57330572098,3239.89976635033,3329.12455215802,3304.33916337647,3523.40463295322,3499.51853057975,3495.40724639129,3850.27236435219,4085.20149896189,4023.30888500154,4140.47219995552,4423.55686869999,4272.31408364493,4244.53257588204,4146.6722470585,4133.2927785944,4695.79819976767,4916.47028064266,4884.77377684982,4888.14741852255,6750.20526962557,7014.5810160481,9040.7791664806,7043.74252478581,4932.59033423509,4932.59033423509
0,3999,3723.18108865107,3716.82153914612,3818.8199495586,2944.77686797778,2726.97646658797,2726.7606151583,2865.84141445981,3157.0249305659,2820.47292299122,2819.65830016026,3007.59918338462,3044.51144319716,3028.12185815663,3169.41337320306,3165.61679062979,3314.15892403665,3306.04854651253,3573.20510773099,3445.71842110706,3435.43775090419,3793.82814274097,3677.87049318428,3739.44353843545,3817.42948478294,4026.80638556328,4000.30236197264,4055.69371820613,3976.90727413327,4002.64970273344,4578.78505223963,4771.89225921837,4566.39309560779,4581.97696569454,5966.11898053936,6318.28582287111,8149.85129602938,6446.27546009085,4519.7018153697,4519.7018153697
0,3999,3741.91391124972,3738.73402590309,3847.41576166576,2951.01256580718,2728.11173511167,2728.00824350552,2859.94564465879,3085.84930239096,2712.54467801268,2712.20514372282,2862.31685794929,2878.76569096299,2901.69799842591,3030.72476732552,3060.79077965764,3225.27645976468,3241.20489035587,3422.04370828783,3484.5482407809,3511.50461176344,3820.91021235534,3823.23557745764,3838.64876351684,3953.52597943089,4111.34988813841,3995.10523202907,3949.44669746531,3896.66666873551,3848.96543706477,4352.84523393988,4558.85266027561,4439.13344083142,4423.53080176755,5538.43948731811,5553.03313338487,7509.24272801175,5649.68965084706,3957.50756768874,3957.50756768874
0,3999,3743.33184753376,3749.69051294321,3857.00718726696,2974.22094328493,2751.13803219126,2751.0617048005,2912.83309545554,3132.61996937767,2769.03971231413,2768.7460860876,2943.96574804968,2887.46950754955,2897.66684749308,2970.84573917615,2922.15390840904,3042.83510627417,3058.68070077006,3247.23792236107,3145.59685923451,3151.6319709796,3529.78911502258,3373.32464043304,3346.65702535978,3476.032640787,3681.71764292568,3630.06014529882,3653.27389012656,3620.02529364277,3721.38664855131,4170.86824107658,4481.97379645058,4225.28550124461,4264.49375656806,5541.42579224764,5447.1886468688,7181.51335655677,5779.96370415272,4051.39093280746,4051.39093280746
0,3999,3737.31786165237,3727.77997403029,3839.80522744256,2948.91476828272,2727.77384562595,2727.9017198924,2886.04015043513,3161.84041278912,2780.27725843642,2780.73957557897,2987.00612723148,3005.08310452513,2959.53653378328,3172.05993131927,3196.31615089925,3252.64207660197,3266.07555097785,3424.15690861613,3351.4420147944,3336.08159604312,3609.59138637802,3674.84797968309,3688.03253912068,3813.21878005838,4059.03853870242,3846.65141788154,3868.46795434789,3736.24291094915,3677.58649486585,4005.52084669753,4343.69462387806,4197.84542001101,4184.90880721278,5621.35643133677,5519.01297868467,7693.99697719492,5464.20239220979,3821.40114859475,3821.40114859475
0,3999,3760.64620208177,3760.64553896289,3877.30255132667,2985.18651281302,2762.80811778886,2762.61631743042,2923.46935579528,3181.71448525514,2834.82008236767,2834.1264413746,3035.42620596884,3098.349951858,3065.21146491485,3187.52651724112,3182.4856545468,3207.92017054992,3201.50975212977,3388.73748538542,3273.70551754361,3269.59097687405,3555.28602005948,3405.21167911444,3426.10952843729,3520.72908893557,3821.82991595727,3690.83694451647,3722.15428253241,3619.18279662418,3673.68619095055,3981.4831450987,4147.17073909353,4113.73029570425,4130.05310320741,5633.42219999889,5672.41770200649,7703.26047131539,6231.13272672896,4365.16498410703,4365.16498410703
0,3999,3747.92922703424,3760.64699995003,3864.62280634733,2976.52013101594,2751.73145347198,2751.74361144462,2873.99387722861,3147.51061966208,2774.88420924358,2774.94544114149,2943.39520343991,3016.71548978253,3094.8191914874,3248.46434838209,3233.88739895581,3271.89818959425,3273.89974059654,3445.25340583579,3405.23959710141,3390.28533030002,3575.39808271672,3554.81059059197,3560.53000637407,3653.58103159855,3834.00093619493,3764.7109129606,3708.40167688847,3572.83942299333,3533.49188155054,3699.65935890261,4000.71416536436,3777.41636528794,3767.97039644722,5168.05893803483,5273.00493623695,7205.37809233214,5522.65056795542,3867.95358616952,3867.95358616952
0,3999,3720.00350714985,3716.8249480939,3826.1926592557,2941.30525720343,2716.10392147806,2716.34748982333,2875.22237802032,3060.44236058423,2728.68379069661,2729.5475395088,2870.9332758108,2830.23046367738,2816.26939485812,3022.17596553085,3043.41193583662,3102.2641233886,3099.39827127953,3259.31470763603,3258.79671169154,3282.29397130554,3502.17881194863,3310.16419792652,3330.50976305321,3444.04097896849,3610.16946074748,3584.63125228609,3600.85693145885,3504.71973733341,3537.91459690387,3787.45418737548,3901.12452844146,3708.57483490225,3713.24927021468,5090.53002429235,5058.71276662114,6468.39834287928,5413.39004797958,3792.8018595979,3792.8018595979
0,3999,3718.24040435373,3727.77851304316,3831.07099392714,2981.86716890719,2761.31012195158,2761.20945687299,2934.11741438587,3092.41881830721,2748.53224282343,2748.11627409289,2943.1689164818,2876.31794874492,2921.2070189185,3036.78485277714,3044.58354407811,3117.9641967731,3103.93237011025,3279.98007055092,3196.85802621718,3199.4029459161,3471.62046643307,3262.42829444406,3275.21943399065,3345.0002285327,3556.39924239556,3396.51674913162,3425.27713528599,3296.62879323406,3313.56119233405,3564.294304222,3792.07817601377,3800.88934922842,3810.84464112699,5298.87740166346,5222.61665998802,6993.07772288142,4933.79367738651,3456.69016644315,3456.69016644315
0,3650.6298325723,3701.27068439656,3694.91246105377,3781.57265300933,2917.93411685641,2703.79189919709,2704.00830304983,2823.47394287093,3004.20069251298,2671.36908650173,2672.18648514734,2847.3704981016,2791.83793908547,2808.2292533509,2918.87550304195,2912.16661650145,2999.44361651042,3032.93532189177,3182.76334815891,3151.75417495229,3162.09197650816,3278.82410764208,3306.08295715974,3280.85056500403,3354.22276413408,3519.82997020271,3455.91185108373,3433.46575975366,3318.93555952335,3304.26148132861,3490.62504149728,3589.37029276528,3437.38038526913,3432.21716985056,4645.47104812584,5008.75204090902,6635.8408593442,5403.02112163518,3781.98794915347,3781.98794915347
0,3627,3377.19841585681,3377.20790313246,3457.8892504086,2656.83328772289,2459.60824632563,2461.81384854377,2576.11758366125,2697.72486401591,2397.49242792938,2404.8115084673,2548.41087135242,2516.66055821646,2497.27219604987,2687.18540885925,2705.45916840196,2741.72242964928,2774.00535510449,2992.12169195532,2908.06405820502,2903.93497822563,3089.90068430947,2921.6291371204,2911.00282152749,2978.78218221512,3126.34904523045,3102.26460391494,3124.62517087566,3053.0304327438,3082.39468312496,3272.74703503055,3435.66404848175,3285.35083279533,3313.00964181436,4068.50803233091,4316.66290383753,5818.31877308865,4517.33902000926,3169.29324055805,3169.29324055805
0,3627,3377.18700039045,3377.18700071494,3448.50420579403,2641.59220930326,2446.57982728753,2446.59369393403,2570.54163423427,2670.4740354055,2360.74198690849,2360.81192244878,2526.16245848832,2484.71638034611,2515.2053076154,2632.78901079123,2657.30658086885,2677.70868182447,2635.9488805342,2853.05538665705,2847.00514560054,2875.95978380465,3039.26875477214,3012.5861385889,3051.61424045225,3140.75877937524,3221.54454334647,3101.9762837123,3144.07466486338,3078.06625897631,3062.74559487945,3263.67733972309,3342.32275314618,3300.78364685296,3294.87989952429,3757.472429698,3848.79792539333,5064.96930537689,4108.01649414438,2871.8086526845,2871.8086526845
0,3627,3396.26365940772,3377.18700000002,3466.57678494642,2622.33220203944,2424.1101253379,2424.13471474339,2525.30169087844,2652.55071014752,2352.48368824744,2352.60731683602,2513.09040743739,2472.33488075779,2497.27546630064,2541.55024917041,2537.38034003782,2620.1327626052,2657.34695728669,2797.04344501359,2796.47680786861,2800.79761672924,2945.46067430654,2828.04343746082,2829.90416111637,2916.38604492255,3073.8240780221,2985.77316410887,2951.82175609456,2894.76868893115,2937.46665544322,3091.38769217344,3189.68165026413,3084.8072596152,3093.61124712397,3618.53127654395,3529.89205083578,4918.42092080707,3607.89702845337,2531.36178376914,2531.36178376914
0,3627,3430.20363118868,3442.92007785916,3534.20990896575,2707.16565846091,2505.59479181185,2505.19873834418,2576.1094461536,2675.79334789756,2371.9677656522,2370.51806176175,2466.59204689755,2432.09668952465,2389.23984661625,2421.99737565266,2438.87412069393,2450.11365104681,2441.51059592588,2562.28648159015,2527.68908320506,2515.99667122519,2692.44525145924,2612.84711227632,2583.43563934121,2672.51206018843,2803.28826344726,2759.98335301697,2762.21403561961,2692.10719639952,2709.6678620227,2849.89239262301,2966.37514850048,2823.90956833948,2848.42542765439,3354.72665075977,3503.4505351958,4986.70675729804,3844.74972340447,2694.54308897684,2694.54308897684
0,3627,3405.45895032988,3399.10094799395,3480.44446549875,2644.56421430944,2447.83183028263,2448.0996999283,2524.20206260831,2577.75041992985,2286.95366463123,2287.93961539268,2377.70117860683,2297.79979428563,2356.47934658979,2366.3488075353,2344.25433907518,2388.42338416134,2393.19810791246,2560.0211404049,2497.97004057394,2530.67079416581,2713.9052851274,2645.10695668494,2701.17422732273,2779.77717833,2910.32912139562,2819.12011391596,2870.7059924944,2807.73379942049,2788.73288499903,2891.15311923418,3006.18168878259,2932.97083961565,2923.77133875741,3326.49533459831,3290.77497473294,4425.32135006004,3669.87349211726,2565.29171789784,2565.29171789784
0,3627,3408.2926951403,3421.01002601968,3508.35036405969,2667.67462847152,2459.8132576272,2459.69780637986,2587.32438763501,2584.93480126948,2284.80481650444,2284.40487807135,2418.17182744753,2282.86102748553,2275.2738787133,2352.68472505933,2365.08732794583,2399.8953240805,2400.01137668994,2491.37730383551,2486.03679501598,2478.31800290353,2659.71534006966,2534.91348247556,2529.09318146662,2626.76855821151,2835.76842718658,2662.04738580036,2623.25459547446,2553.35632194013,2597.85207968444,2710.54609798315,2741.93935509837,2654.75056068947,2665.54940057912,3061.40992828967,3148.24048679852,4173.4534887034,3222.70376864295,2262.9581913936,2262.9581913936
0,3627,3374.00862066242,3377.18894806058,3450.48407854071,2662.65448161041,2469.20685586738,2469.40117367381,2572.73087032504,2648.51136763836,2341.72593930483,2342.34166789,2495.48741894103,2399.75234038819,2401.24484712026,2434.65668693167,2428.28418243918,2458.63845392892,2450.85906299517,2597.79906121946,2451.65478806666,2451.63301040901,2652.97893576841,2539.32761349265,2495.58884007291,2566.36490383863,2756.6753203515,2779.98174594162,2767.12351619565,2628.13518938247,2637.4146710637,2765.22234457059,2915.49453036254,2731.16447021251,2737.62380563374,3374.45981284589,3070.83416957571,4191.91211063687,3145.17247432805,2199.03207597439,2199.03207597439
0,3627,3372.59015248443,3366.2314870901,3429.57341495334,2606.31360044239,2412.41598597459,2412.52925144346,2458.90217316666,2550.79281881467,2262.7642759414,2263.24373569118,2348.5416234267,2270.11011724215,2297.38547821586,2378.52096253146,2366.64109611483,2410.66368562051,2426.92563802218,2509.47765523159,2528.61803998086,2509.98130683826,2703.2256612093,2652.56761891758,2701.97838746065,2773.32048494438,2867.41981565298,2830.85753324717,2871.73977667024,2734.65119445743,2713.70312656672,2911.87570600864,2887.5151775107,2869.24859675595,2853.83644902553,3627.4155157029,3675.0776864535,4515.53651672234,3685.60938645717,2576.52244284282,2576.52244284282
0,3627,3384.96302481687,3388.14202596971,3444.11677255751,2617.77780261884,2424.52350188646,2424.40794017371,2445.42885546027,2485.30638921438,2204.28582464015,2203.88555603332,2221.86203226074,2128.18879104384,2090.92781408094,2213.00084111828,2226.54967648139,2239.4951545174,2254.17664947247,2361.97780629871,2346.63201333871,2367.73016671496,2623.87757330104,2436.00144925466,2454.83198085151,2521.9721056941,2709.11723297923,2592.86106730354,2574.7676900634,2488.95835639689,2499.94353329515,2704.64519265009,2768.12882098038,2686.11226967357,2698.84604270297,3177.31439165968,3478.61997396351,4379.1413642682,3273.21866102117,2297.72425739306,2297.72425739306
0,3627,3370.82837949138,3377.18748699016,3425.18801689505,2587.60039098944,2390.44491111321,2390.53337410247,2433.43580072975,2426.21593968068,2145.00877021706,2145.36342937618,2173.96627063794,2078.71553870683,2098.87504402902,2176.36437650284,2183.91651982259,2173.13779402642,2179.901733028,2278.86979594829,2263.55179455275,2286.85155097392,2464.09300524756,2452.83487620888,2415.73543806473,2472.27651766908,2565.35162420944,2531.76223384434,2581.72257712106,2487.65015228021,2494.43283191578,2651.88268836567,2725.50655263266,2584.02691162281,2590.03066643016,3079.18493429465,2863.86143318521,3742.56975075094,2961.51020708402,2072.45976500161,2072.45976500161
0,3627,3364.81386167057,3355.2759740636,3423.32542106038,2588.15674828911,2389.41138804855,2389.51479154067,2457.45598099663,2452.32459483988,2168.09520704354,2168.43449115702,2222.32358158816,2135.38660561773,2118.54026438151,2156.67453795291,2172.12692069188,2158.39549292174,2146.06069516905,2273.93470941664,2155.66863496588,2155.9246170314,2298.35055312649,2221.67299779207,2251.28055605313,2319.17737351145,2441.04043020948,2340.14005077423,2313.21358652608,2248.14468128714,2253.27450097705,2418.53901728066,2408.335064984,2417.45412014494,2435.69505865782,3002.97174249454,3132.36126690871,4171.94155888805,3059.22983168971,2146.75418515618,2146.75418515618
0,2798.21613394215,3369.06554267406,3388.14153896289,3452.09156207916,2657.51549877484,2458.15287507912,2457.92418844001,2539.72396256824,2526.01399205088,2239.96112011831,2239.08192900208,2307.96929462647,2204.27849057107,2217.1270185461,2203.13964791212,2183.19857268765,2167.40419767969,2180.60844033435,2265.75992775458,2218.83500030331,2203.5893425236,2371.88142778739,2211.26927166058,2224.34660450412,2278.66846305154,2380.95065557106,2341.08442634642,2360.43127885872,2288.23304948996,2293.81340751533,2409.311717756,2483.22439768706,2326.18297684794,2322.64227708033,2633.58578096992,2805.37709418614,3659.1609191337,3031.64136053124,2122.33452059033,2122.33452059033
0,2742,2520.79090648578,2514.45696848752,2565.8581786798,1977.43723572596,1831.96738165089,1837.81447385637,1905.47320971309,1982.35570064381,1766.08389037962,1785.5406278879,1888.23997372217,1857.05713494164,1937.74052523817,2098.23948232845,2137.58289469853,2136.26669450204,2166.27549048997,2272.57789966046,2218.99721455432,2228.03750828725,2369.21410547556,2264.46406585159,2255.91553513705,2278.20671017083,2407.09970191509,2327.24676706444,2293.87206362183,2216.27395699573,2210.77052985203,2322.45235620651,2406.44320901213,2255.93843082544,2257.00678171535,2577.85046234109,2450.54706509193,3635.78485414267,2480.07280871774,1737.52892243069,1737.52892243069
0,2742,2536.31346906915,2536.31302783312,2586.97057214746,1986.88636183788,1839.39762936831,1839.28616682726,1914.12759583187,1937.26306389299,1719.82826999521,1719.4489118245,1787.96569674021,1667.16607425279,1689.70448099375,1748.99694967737,1752.26956291832,1728.46368072067,1714.42974729613,1758.60523900737,1776.12315944552,1804.1903228934,1928.17426201739,1896.07833533716,1876.19330251701,1916.10066598769,2031.45925698968,1975.93207650747,2045.21495777079,1999.03781344839,2074.12852631017,2193.09252988735,2294.90327815603,2337.83741506659,2362.03266820745,2867.08749610518,2794.90597463353,3501.15237740059,3180.50249621561,2228.02335341532,2228.02335341532
0,2742,2536.31399998184,2536.31399996675,2580.97260208117,1974.81447960379,1828.25797410269,1828.27018605701,1866.52048538001,1922.37064550418,1706.96622683538,1707.02761623522,1766.07401298614,1699.03264998414,1681.70060289501,1720.28892992582,1733.88740185659,1735.43475137258,1746.83149865943,1827.02793395906,1702.41098790398,1705.72823235804,1840.62263167005,1754.13324254147,1799.54817066245,1823.48785100188,1909.0956086697,1857.78284922068,1858.08844889669,1765.173626445,1767.20784971236,1848.24477901368,1910.30291725567,1800.14335237404,1812.45691210695,2260.69295324007,2451.49037080325,3145.12343289576,2268.06648884247,1592.98707232837,1592.98707232837
0,2742,2549.03177293847,2536.314,2588.33819354845,1962.66452864825,1817.01928682272,1817.03158466233,1847.03922802027,1847.5328887787,1640.8099740075,1640.872024328,1658.30975459484,1576.13759383338,1576.81615888131,1580.34954342231,1579.35378282433,1569.88831776093,1573.80106629454,1682.47436560617,1606.24177321928,1600.45790320114,1791.26844723701,1673.63635975851,1658.8820613234,1690.95049898981,1758.4098394945,1730.44988626722,1730.31459043031,1667.40915140299,1670.22384075968,1730.5469417722,1794.72736046839,1792.56606353028,1796.92436284783,2089.35116830387,2116.36640914421,2802.81862594182,2241.06764871853,1571.0358812111,1571.0358812111
0,2742,2564.23971991168,2580.1360519061,2613.40274934645,1997.86550105951,1852.62903284382,1852.38547905056,1872.29822925422,1865.65468580317,1648.64450979833,1647.78099604676,1675.48666684564,1590.15770715834,1586.3321139245,1597.54996746159,1587.72532808821,1563.00236932025,1569.30518982925,1687.91155608965,1647.18446027751,1651.27029504684,1782.35388945795,1776.14265819253,1784.04066128785,1816.15580515611,1845.70523115557,1818.54241692083,1808.06873890387,1729.27179521826,1737.16102155832,1778.95470305758,1822.50571471882,1698.70431435551,1689.76802488649,1859.86641413673,1956.43734173672,2568.75270315469,2000.91789368521,1398.20617653201,1398.20617653201
0,2742,2522.17988662303,2525.36043505074,2560.7528696297,1916.66447312247,1760.574325821,1760.93084259255,1818.90540762221,1801.38926695257,1569.32855590285,1570.66991561565,1609.24345572005,1544.37468610965,1545.62335795296,1596.08061217846,1609.33425454636,1576.26135047972,1585.02124169846,1653.02238535548,1660.40493914342,1675.80154515024,1784.37753691749,1704.3796122856,1703.26118039246,1737.53433935268,1816.77877246054,1687.75474728548,1723.44264439576,1626.24233738486,1631.73121952402,1655.3231821498,1716.4235371237,1688.44590014046,1693.79848566203,1858.72167504649,1805.60143745092,2425.24050394025,1872.34986476424,1314.36038631934,1314.36038631934
0,2742,2514.40226602429,2514.40248710676,2545.01323219162,1975.74022478404,1838.41861345373,1838.3844947175,1859.63547552835,1954.40663055168,1727.55007490603,1727.28789394271,1752.02534577988,1698.91325279584,1683.4533243627,1676.47327363024,1671.00357197039,1604.02796006642,1594.9910582817,1649.17741987028,1554.52544955328,1534.76361172971,1649.51276704519,1549.83230170533,1552.67443503465,1577.43708995959,1656.74680114619,1613.46940910928,1585.63934656147,1496.66167924934,1509.77523868037,1567.33033434145,1555.76599304349,1529.58874011602,1548.07244774967,1695.3463850596,1796.26769101738,2485.43935475511,1863.69879869581,1306.49775948803,1306.49775948803
0,2742,2527.11977294757,2514.40200001666,2553.13318283095,1909.21229088099,1759.83023569276,1759.91625555992,1801.78768661967,1835.5839991771,1622.92238049618,1623.35516637764,1646.91478634191,1571.03408327347,1598.89799568695,1623.23365373961,1622.98257627007,1586.72726620582,1590.15462614786,1709.42817084542,1610.66308762195,1615.58038256546,1799.55000855774,1649.10190578931,1659.23552571273,1684.85832044462,1723.96304984165,1684.38313827119,1702.94599682121,1623.19596001977,1589.85022996821,1657.33179582855,1673.17704526553,1585.4935723536,1573.96088479097,1766.15808181085,1625.38734235081,2376.8511135229,1800.29269815804,1258.21393426847,1258.21393426847
0,2742,2551.86604961554,2558.2240519061,2604.85634074397,1998.3745389513,1851.53539449541,1851.23043170499,1884.13535365938,1949.02513696837,1722.15399654356,1720.98149176254,1749.40265612859,1650.09296907974,1649.33454299129,1672.62274679228,1659.09503027748,1599.42655398004,1600.28518525984,1694.54501391284,1658.66336076991,1649.84355282005,1777.93084109658,1733.39765599756,1724.72803005642,1732.29534869334,1840.33206654218,1706.88712360156,1708.06824270433,1640.33207481035,1662.03874723392,1726.40440400691,1755.67429744721,1683.76700082588,1677.14070541145,1980.06017082947,1950.4566063939,2279.6420061077,2073.88220147564,1450.18418539704,1450.18418539704
0,2742,2533.13508868661,2536.31497398032,2565.63323809103,1950.60194527317,1805.8915272178,1806.04382811123,1836.13676300422,1881.52583394946,1674.21362380994,1674.79894421426,1705.2354595742,1586.35469163348,1601.62176331714,1645.03534702374,1676.57622298489,1627.69066531109,1619.98489786711,1662.9748856433,1672.35262683999,1685.01353242058,1807.7121578706,1690.83976578733,1698.70817638905,1714.49633552,1771.62358618211,1714.90370405085,1712.6458289505,1611.22884387364,1610.70605973953,1652.87852975228,1715.08879869535,1624.37920530828,1625.47297134877,1847.90117828403,1961.65146335051,2515.02508225406,1644.78724507645,1153.20187201417,1153.20187201417
0,2742,2528.53770923162,2525.35848705679,2549.35901703411,1925.6878571046,1782.82973265818,1782.90608909192,1807.98302317769,1830.41127055591,1628.83322850063,1629.12698274116,1665.6987236748,1544.09323389511,1545.80329184958,1501.98489350218,1493.24134566441,1468.43178829906,1478.24703192997,1537.86237029483,1454.86015491885,1464.18804795065,1539.91490115087,1499.90947895376,1505.62309128611,1536.10303099126,1646.84036123697,1549.89445826296,1561.10320214587,1477.52992654485,1504.44819912423,1559.15521714891,1600.54731538962,1582.86741935626,1598.06207482316,1684.1151846811,1760.25777705896,2130.40057414753,1910.61509706467,1338.99246705805,1338.99246705805
0,267.822628107537,2536.31373403029,2536.31351299318,2563.65438091983,1929.53021230633,1783.2519681844,1783.20034742948,1822.07810970098,1806.78169274192,1597.0751447762,1596.90595014384,1643.20901200056,1512.76345346953,1512.27374066175,1504.42743351355,1502.13534759013,1459.13595881065,1460.51936413915,1488.57970785511,1456.17635949757,1452.73992402863,1508.45531253063,1422.67602707731,1416.30528876634,1465.09361208866,1470.95849696698,1483.24090646371,1482.41377388886,1400.08081336721,1382.63630402261,1437.55114297456,1451.52589118702,1411.59033389293,1417.53851130606,1485.05886143288,1480.78063813566,1628.91674925559,1339.09943260897,940.881457733135,940.881457733135
