0,90.4380418808071,0,0,234.086406465153,51.683076814202,0,0,70.2105255267261,67.5979866815645,0,0,46.2982788332114,0,28.2287528688382,0,34.5434141679336,0,0,35.7302101728113,0,0,49.3711590255292,0,0,0,40.4632099150937,0,62.856786865341,0,0,28.5762679214172,28.3016684688989,0,89.9211140243369,0,44.8381271952563,159.027581451588,171.86608459737,0,0
0,13.6209932246295,0,0,65.4384089328552,13.6341850950631,0,0,43.6819575335898,47.528731153614,0,0,43.3688630552628,0,34.1014300683531,0,43.2642667091635,0,0,41.4019756231218,0,0,52.6605122180984,0,0,0,42.7398292194721,0,65.647618764644,0,0,29.1164820882128,27.8532623790715,0,92.2920631787399,0,67.4114771662695,218.736099950348,219.643603499797,0,0
0,12.2700855871749,0,0,51.7320420412847,10.4916723127123,0,0,36.6273789984242,38.2708730168809,0,0,30.5780477339491,0,21.0045526070232,0,26.6535554980143,0,0,30.1888720687022,0,0,43.6512846248694,0,0,0,38.9223747119719,0,65.759574680999,0,0,33.2156928461398,33.2360064311259,0,103.730782530719,0,67.1953572834815,228.056440152003,227.884423657242,0,0
0,10.4850807444648,0,0,42.5842498679485,8.63732623101666,0,0,31.8266225477801,34.6522126840478,0,0,25.1448724077584,0,15.8741036188556,0,21.2140885859933,0,0,21.4237637349847,0,0,38.166062600588,0,0,0,32.9132749562777,0,54.1173463599703,0,0,30.626843800006,28.976943746351,0,97.8879373043378,0,68.8311109481206,243.05273502706,244.922622959355,0,0
0,9.74402534692132,0,0,38.5957045690187,7.70495393418711,0,0,30.3095709649171,33.0482294316771,0,0,29.3957822611364,0,17.5909262442564,0,22.1587179933022,0,0,21.469331128547,0,0,27.5871189393941,0,0,0,21.4738005625059,0,36.3018459406358,0,0,23.4846013446942,24.4810916698991,0,91.1163716953215,0,72.4759180466498,216.33018673393,219.842093577696,0,0
0,9.74400000086693,0,0,41.7445446783845,8.58716269681121,0,0,26.9515544720335,28.1325893718347,0,0,20.885828812365,0,14.4879277864298,0,19.0256143392896,0,0,19.5416120608082,0,0,28.5389795636755,0,0,0,23.0292537279231,0,37.3143248406348,0,0,19.5345164231968,20.1512910718691,0,66.6458975298694,0,65.9900135541584,250.73822878135,251.649195552832,0,0
0,9.74400000000003,0,0,37.9796351350254,7.7016214364692,0,0,29.4701018930205,30.7716352071362,0,0,28.9073051281191,0,16.0523761865907,0,19.1811273746708,0,0,17.753775665429,0,0,25.3979020534553,0,0,0,19.8754578721686,0,30.2150108255939,0,0,15.221550790195,15.9328710298234,0,51.8819784022427,0,41.1970972188815,154.387538077204,155.535580052775,0,0
0,9.744,0,0,39.7893248839529,7.70091641906634,0,0,25.9903217146209,25.7490899654206,0,0,19.6150789736937,0,12.3361468582797,0,15.711587036402,0,0,18.096146250704,0,0,30.0082628149587,0,0,0,27.2549174720493,0,43.4777285479485,0,0,21.6727514157031,19.1367041822578,0,55.4678711317515,0,38.9105637984003,159.512656022012,158.770581290189,0,0
0,10.6529098403454,0,0,51.0915701270552,10.3596484374598,0,0,31.7419257679403,34.5088134786855,0,0,24.1954738038781,0,16.4702655257959,0,20.5236899902679,0,0,19.0395702393371,0,0,26.8300902823384,0,0,0,25.0825295404782,0,40.398366386092,0,0,22.083637776543,23.0342054892166,0,68.7622968266615,0,44.298649921357,139.317965858282,140.419382186261,0,0
0,11.967014124092,0,0,62.9777763632133,13.1346892340652,0,0,36.0886522595683,37.6159750121108,0,0,28.8662745730865,0,15.710773616401,0,18.4062701021882,0,0,18.9543825564311,0,0,24.5243150590435,0,0,0,22.3025248308887,0,36.2020215983056,0,0,19.633244898404,19.425118023243,0,60.7432427970347,0,41.8342749917779,148.877041101778,149.945700630381,0,0
0,9.74407603296201,0,0,39.8403417566233,7.71512442592744,0,0,25.3743004527777,26.5658562752994,0,0,18.9902069027842,0,12.0580183610582,0,16.2817583592635,0,0,18.3492064608772,0,0,23.9224933850658,0,0,0,21.3237346365677,0,35.6354690443645,0,0,18.5180202788745,19.0439445427792,0,62.7341715745122,0,40.2750502789745,143.762457398376,144.956241247156,0,0
0,9.74400000260053,0,0,50.4875340646414,10.3596573347031,0,0,29.1269382291459,30.3940174062105,0,0,20.9572359784749,0,10.688319485138,0,11.6004144267478,0,0,12.2810562364802,0,0,16.5003379673334,0,0,0,13.9248342406499,0,24.7663458638012,0,0,14.9501862877865,15.3697615864449,0,57.4173940357094,0,38.8145464782525,135.149137372114,136.388355961786,0,0
0,91.3471292468512,0,0,275.4019685901,55.98997198346,0,0,83.755239711891,85.7215637529533,0,0,50.0761285485308,0,20.7515449982758,0,20.7841340921572,0,0,16.9221065894919,0,0,20.6109733945741,0,0,0,19.0938216084024,0,30.8899081488799,0,0,14.4497971363963,14.1402946132419,0,44.3285514440809,0,34.3861746594834,122.809393342542,123.17136983357,0,0
0,91.3499999018126,0,0,270.415818085437,54.5896607215794,0,0,82.5022500380878,86.1404156583738,0,0,54.9256542595747,0,29.7003762208761,0,34.3363603726853,0,0,32.6624240645848,0,0,39.8492994320346,0,0,0,30.4692636701454,0,46.1021841527355,0,0,20.6071765126719,19.65398628671,0,54.0650223743581,0,30.3333495994079,103.998633860781,103.478022751031,0,0
0,91.0470300532148,0,0,276.738333640335,56.3609764878391,0,0,85.2672060920513,89.009255894062,0,0,55.1663771027489,0,30.0374916018577,0,35.0261439190641,0,0,32.4642411859373,0,0,40.0020042302759,0,0,0,31.894317799387,0,49.5038855062711,0,0,24.3949205149461,23.6522380815427,0,67.7475150072101,0,44.6142740943579,154.345270724483,154.648380604556,0,0
0,91.5179051323147,0,0,264.040841051383,53.6655902063078,0,0,81.3899838572489,85.0010386381306,0,0,53.8892428260499,0,28.4445756183889,0,32.7363247415729,0,0,30.6781335149213,0,0,38.4423366975244,0,0,0,31.2547457990409,0,50.6407587576006,0,0,26.3490497398364,24.7918764750912,0,73.3051035988402,0,43.4777891296442,146.751188402088,147.080997157514,0,0
0,94.1789286733349,0,0,279.716529945594,56.471138396441,0,0,84.7167261388187,88.3683845274209,0,0,56.9445559553745,0,29.9673857386132,0,33.544866020171,0,0,30.8713904536826,0,0,39.7011788955607,0,0,0,31.9477460841381,0,49.7690748316439,0,0,23.7370508132428,25.372858726381,0,74.5036343742928,0,53.080658917976,172.57864574693,173.116304055874,0,0
0,92.5291155013747,0,0,281.535034891988,57.3347308566613,0,0,85.893709616659,89.683442866237,0,0,55.5897626905693,0,30.878249608936,0,35.0889840839307,0,0,32.169076576104,0,0,38.9567122271007,0,0,0,30.7205496264078,0,48.3634480887873,0,0,22.3692583558463,21.6041035237018,0,64.838469053596,0,42.4322775039652,158.772948991699,160.115112789539,0,0
0,90.6090459832112,0,0,262.112118478973,52.7867084200984,0,0,78.4308369894041,83.3368995469785,0,0,53.1300726258179,0,29.0302266256525,0,34.1989533794815,0,0,32.8462877781833,0,0,40.9454626738115,0,0,0,33.6050994368506,0,51.5100870433317,0,0,22.1754507380651,22.6731500337747,0,65.8163865127524,0,43.9435566694097,151.86606234758,152.148848277626,0,0
0,91.3499746574131,0,0,277.929481798808,56.3562455849658,0,0,85.6153739036056,87.9629365437924,0,0,58.1735382742568,0,31.4347736721143,0,36.061342488132,0,0,33.2026521907654,0,0,40.4519374046702,0,0,0,30.9394546596039,0,50.1500539555781,0,0,24.1304676024689,23.0941938918743,0,66.2003624571067,0,44.2838037322199,149.799573178345,150.431798652253,0,0
0,91.652969945915,0,0,278.555554240843,56.3623836990766,0,0,83.2267466895454,89.6583254399074,0,0,56.1387677963384,0,30.2781312089666,0,35.7405072883017,0,0,36.3079387499532,0,0,45.6959349653751,0,0,0,35.8316604087281,0,55.0452482856296,0,0,24.5428810121428,24.2657568998327,0,75.0587849774653,0,43.0508049207596,152.300144010186,152.512062047279,0,0
0,92.0910047080306,0,0,285.074401390178,58.1729398074767,0,0,81.9986723776008,85.5815721476451,0,0,53.4586082020217,0,28.9673648392034,0,32.6811652047636,0,0,32.026493747558,0,0,40.2091247994786,0,0,0,31.235577910804,0,48.5130905759591,0,0,23.8526491734381,23.0122745581164,0,70.1750629128892,0,52.1007248481455,181.205817529874,182.639296971925,0,0
0,91.0470553975389,0,0,268.621470080752,54.5946349314351,0,0,77.78457510896,79.8570194524268,0,0,50.7824004425381,0,28.3043624409574,0,32.7398423944963,0,0,31.2349344941066,0,0,39.1824709365599,0,0,0,31.7599359300641,0,48.0216436918238,0,0,22.5719951138584,22.8811633476495,0,64.9499396997314,0,38.1408866785979,139.770787266212,140.47362123049,0,0
0,90.6089952928362,0,0,260.268408779411,52.777938994471,0,0,75.0219113899635,79.7327605774467,0,0,50.2065205548559,0,27.5411427287983,0,31.8618170182764,0,0,30.090265192758,0,0,39.5091831501309,0,0,0,29.5152347400208,0,49.3102067000612,0,0,23.4027433766882,23.1863270485985,0,65.553127515107,0,41.1380943971695,142.392253111278,142.823025724009,0,0
0,67.2098432871095,0,0,200.684181121065,40.1101305775155,0,0,60.0427352892533,60.398348231602,0,0,39.2012766363316,0,24.2912097552898,0,28.7072056496933,0,0,28.2470953937276,0,0,35.5029015584759,0,0,0,31.3081724142434,0,50.4148803970223,0,0,22.7426077982398,23.0789693417896,0,63.7023664502213,0,39.9512487288669,134.858320864118,135.476194882078,0,0
0,66.4680253730023,0,0,211.559456350051,43.5121478053153,0,0,69.9038789690626,74.3608306968266,0,0,46.2398053998064,0,25.5401993596805,0,27.5985169806927,0,0,24.9073204981004,0,0,30.299565488406,0,0,0,24.3354148891582,0,39.1288014166165,0,0,18.9655342360289,19.1861155769391,0,54.6742596003021,0,35.7421237715009,124.557358384812,125.860710250172,0,0
0,66.7709699476496,0,0,192.116157083194,39.0803567628895,0,0,57.5240635215983,61.4642243357618,0,0,38.6554375865822,0,22.8473469451689,0,26.952640059128,0,0,26.248805308289,0,0,34.9346192479893,0,0,0,30.2782435649356,0,48.5918440710099,0,0,20.5929233637625,20.0047674211106,0,55.5531111235594,0,36.2485274349365,117.369940451536,117.031493376115,0,0
0,67.2090047080307,0,0,194.107921106616,39.1148931151359,0,0,54.9045039514942,57.3049860494458,0,0,36.278241149929,0,20.4085636156593,0,23.8897589658266,0,0,21.3779600025211,0,0,26.6214955690286,0,0,0,19.6856065232273,0,32.5271619635568,0,0,16.0536832175677,16.3825857371008,0,57.5908653311678,0,35.0727278543806,130.542997067899,132.810679572299,0,0
0,67.6799051314478,0,0,198.299233341989,39.9663959999959,0,0,58.3897857618564,60.969396693237,0,0,40.0807928686654,0,21.3295900514832,0,25.3231145184451,0,0,25.2498308804123,0,0,30.7197813821909,0,0,0,24.5484559637289,0,37.3182815059609,0,0,17.1023262373358,16.5584255476734,0,52.8427574929643,0,35.1560423131268,128.726637326084,128.836085839553,0,0
0,69.4320188329895,0,0,222.266895105932,45.4334996556226,0,0,67.4044800515705,70.2798178350177,0,0,47.7486406177147,0,24.5463905722126,0,27.3435056709098,0,0,25.2935268999672,0,0,31.9196460323876,0,0,0,24.312196480183,0,37.5700719270555,0,0,16.2533111842062,16.6858041234895,0,47.0903045337937,0,32.6143414294683,101.723666753901,101.949449435217,0,0
0,66.7710713240645,0,0,192.169077085011,39.0950648770274,0,0,55.6187855106146,58.1612643302668,0,0,36.7868594673627,0,20.5324611209671,0,23.9363314697877,0,0,22.9402903928861,0,0,30.3175832050107,0,0,0,24.3079102746851,0,39.1741309996996,0,0,17.2768557947378,16.6277156252325,0,45.7848726965929,0,29.6611248162002,106.329492562882,106.579690298087,0,0
0,67.8149446050616,0,0,194.712022243796,39.1149024617775,0,0,55.5045857419358,57.9315335357426,0,0,36.7369903890119,0,19.4913465457984,0,22.4878911123337,0,0,21.1995209049206,0,0,27.043409734963,0,0,0,21.5721648858537,0,33.7904642411482,0,0,17.7360172215591,17.6770955767082,0,52.9832007021405,0,32.0711834875747,115.471198686524,116.621905307562,0,0
0,68.8589446007275,0,0,208.777620579575,42.7012564793119,0,0,63.6326224381415,65.0128698433029,0,0,42.3379386785839,0,23.2278666912609,0,25.8565689992699,0,0,23.6257990067782,0,0,28.5894697126414,0,0,0,22.8280885244667,0,35.8873141772747,0,0,17.413690918528,17.198247555535,0,49.0025430383193,0,34.810997313016,113.04055137695,113.313415856186,0,0
0,68.6910648136002,0,0,202.061037708216,40.9729809195475,0,0,61.1483572743593,63.8332372249415,0,0,40.8346230418534,0,23.176207795334,0,26.8779927480992,0,0,27.3209706887053,0,0,34.4262492993865,0,0,0,25.5322968480819,0,38.9209043647416,0,0,16.5271429668369,16.4247486627897,0,43.9153534023066,0,27.1171256776361,101.069023572975,101.356347622983,0,0
0,66.4680760346957,0,0,190.189334539935,38.2019742156328,0,0,57.8171683847495,60.4216826695624,0,0,38.5061044411837,0,22.1596412692147,0,25.227753687664,0,0,23.4470942528654,0,0,29.5520665746482,0,0,0,25.0069892221431,0,41.1942819595134,0,0,18.5853714867304,18.2412062788994,0,49.3076250416545,0,31.311257239228,112.160050165568,112.347845897789,0,0
0,66.4680000026006,0,0,200.239981796501,40.8486170805437,0,0,63.8270176457396,64.910238003766,0,0,39.4852688187433,0,22.9110194972551,0,26.5865729094327,0,0,24.4629847722788,0,0,30.889840469017,0,0,0,24.3805760333292,0,40.3238555957185,0,0,19.4616539093585,19.1253954921536,0,49.5599529461044,0,31.7219093727154,98.8731988792886,99.4385348575743,0,0
0,65.4240367260532,0,0,189.167673836395,38.4831698468422,0,0,62.2546620790488,65.0256211055274,0,0,40.3086387046062,0,21.6754602169125,0,25.1735041233066,0,0,23.0224963271458,0,0,27.8880991403008,0,0,0,21.9701078774709,0,34.5156318359511,0,0,15.9917762310554,16.4938265687252,0,47.5203295890425,0,32.4857768995382,109.306540115337,110.296064062381,0,0
0,66.3329098416015,0,0,186.586186108168,37.5907457485081,0,0,60.5196286778239,63.187375783931,0,0,40.03030121794,0,20.7891734727961,0,24.6639453122172,0,0,24.4355395814526,0,0,30.2270858334612,0,0,0,24.6052100365946,0,40.2531209685163,0,0,18.9115775555384,18.0181565244119,0,51.8307677019146,0,33.8260953390638,124.132364747077,124.180512503501,0,0
0,67.9499840708738,0,0,209.621555881957,42.135449205118,0,0,68.4317683029552,71.3724872362474,0,0,47.0258045037727,0,24.8159577351771,0,27.8887713979868,0,0,25.2336120939457,0,0,29.682957710605,0,0,0,22.494838729218,0,36.0684203215439,0,0,16.8148106708849,17.2270384935651,0,47.4637906225114,0,38.1362807713307,117.755660363133,118.695861022463,0,0
0,66.7710206345563,0,0,211.845057045359,42.9590666267207,0,0,70.1702218962416,73.2834632595647,0,0,45.6515054976869,0,25.4790390269544,0,28.1635051155455,0,0,25.0806427036676,0,0,32.406763147137,0,0,0,25.706401877718,0,38.7975966892528,0,0,17.2319784234444,16.5335071188539,0,44.1630999832234,0,28.8919268550905,114.39193589916,114.273233637301,0,0
0,67.8149446033279,0,0,215.179139493964,43.8774389970751,0,0,71.2422271362519,74.3567223164728,0,0,45.2427814155019,0,25.4453626252088,0,29.0566752050238,0,0,28.0249053493174,0,0,34.4010976039789,0,0,0,27.4613213426494,0,43.7368573502322,0,0,20.0305934415131,19.0522650564831,0,52.0655826590128,0,34.3700159348063,115.109011414365,115.347137870033,0,0
0,67.950034760382,0,0,211.014269988076,43.0332853267812,0,0,70.2117957758447,73.2906194370435,0,0,47.6076590918189,0,26.0536395995321,0,30.800035442508,0,0,29.9215052862308,0,0,37.5707979434543,0,0,0,29.262314374962,0,44.0652699856256,0,0,21.1111779751191,21.1925181334675,0,59.2884138130933,0,37.1187125855967,132.174267140981,132.630259060107,0,0
0,66.77102063629,0,0,197.38200330273,39.4148026695966,0,0,66.0303416706293,67.5194824201796,0,0,45.2408893852097,0,25.3094458138478,0,29.8539327920047,0,0,27.7543939128771,0,0,33.4356826237036,0,0,0,25.8207133147375,0,38.931413820297,0,0,21.4706542097681,17.2780644301865,0,50.6884370555957,0,32.1912372422804,119.716498619222,120.963588650481,0,0
0,67.5119746565462,0,0,221.956835046767,44.7608618263656,0,0,78.4475012785227,80.3884860327354,0,0,52.6899663168493,0,28.3167431510066,0,32.7780111820254,0,0,29.432024992576,0,0,35.9433066088404,0,0,0,27.0816752705227,0,42.7036849366858,0,0,21.8680173845335,25.3106255172044,0,68.5902952545967,0,42.8292065854324,136.846026919933,136.929027742844,0,0
0,68.7238797862603,0,0,227.706506809746,46.5409016504013,0,0,83.4181331321777,87.0787843314176,0,0,55.3141891572992,0,29.8785575417423,0,34.0849638180525,0,0,32.7657509883855,0,0,39.9463900751844,0,0,0,30.7714496918471,0,48.0283241631285,0,0,22.7422688354111,21.7729097810209,0,60.1176791825319,0,39.298380313359,131.833457230554,131.826646606193,0,0
0,71.384928672468,0,0,232.851589134892,47.5808173774094,0,0,85.4295755229551,87.6560081223115,0,0,56.5686659716402,0,29.7074394139758,0,33.3124104137595,0,0,32.7309082261576,0,0,39.627006263515,0,0,0,30.1496057727465,0,47.3935025493515,0,0,25.1877772414433,24.0216776530564,0,68.0619245558828,0,44.5214251223885,158.003540200922,158.696017076172,0,0
0,70.0380854481565,0,0,217.036136589304,44.011782464089,0,0,82.2938776792855,84.483229813318,0,0,54.5624614152557,0,30.0250573510442,0,33.647496815713,0,0,33.5404580815791,0,0,41.825736373972,0,0,0,32.3855648475914,0,50.0603824619924,0,0,27.7006293645597,25.8845755954212,0,73.5366534655609,0,41.7114588218777,158.963687453136,159.202330384395,0,0
0,68.8590206380236,0,0,209.095026322637,42.1570284726446,0,0,82.9540306708799,85.1781377753069,0,0,54.5463323729064,0,32.0283998734166,0,37.1697829563319,0,0,36.3657550056323,0,0,45.5630993387291,0,0,0,35.0140628074126,0,53.3343943329117,0,0,25.8891616212324,27.7061644147,0,76.5766817431592,0,49.7310889451861,153.714502913566,154.332341477687,0,0
0,106.399680063175,0,0,324.228100499697,65.8218937462602,0,0,114.962811348829,119.213962955433,0,0,73.761348255869,0,36.6652260985331,0,38.2424180071405,0,0,33.938224950245,0,0,40.24398383693,0,0,0,31.4950300671121,0,49.6789639489716,0,0,22.7281904835534,23.8866020386541,0,68.1799315611057,0,46.5027419945787,157.790730202409,158.695596647875,0,0
0,107.3099097952,0,0,321.085850226727,65.1092399839281,0,0,115.953095896252,119.592847137514,0,0,76.1798797260573,0,44.0531461467118,0,49.8336403398991,0,0,48.2061263955409,0,0,60.8727795107849,0,0,0,46.2232258837192,0,66.9530218361122,0,0,28.6860838319983,27.1986931575292,0,76.2306067285882,0,44.329670606331,163.103864343835,162.305632926143,0,0
0,108.321044177309,0,0,339.607137869625,67.8815700950406,0,0,126.633473685321,129.212229000926,0,0,84.2664828441128,0,46.6868804944516,0,52.8027634733355,0,0,50.0331471496554,0,0,61.4531017750963,0,0,0,46.5688327570319,0,72.5082029435466,0,0,34.0097533910552,32.7212444665313,0,94.4883818073267,0,65.1522562524218,203.011629551504,203.232632031211,0,0
0,106.568981165277,0,0,347.306969510527,71.2863811159879,0,0,138.836254627322,144.986899609402,0,0,92.8724635343342,0,50.5841579331362,0,56.4211851572578,0,0,53.9561687250307,0,0,66.3627854388461,0,0,0,52.6010442648507,0,78.8560155770984,0,0,36.046173036299,36.3221611376982,0,101.596711725339,0,65.5949674538209,237.676740166151,237.934903787174,0,0
0,109.835868569499,0,0,343.380210978076,68.7694347189212,0,0,130.207729830527,135.890156272389,0,0,86.0927472560867,0,49.3759167720375,0,58.2583739015045,0,0,55.462630033003,0,0,69.3244386760742,0,0,0,57.3199957676968,0,86.7548127117363,0,0,41.1629573375114,36.173123911601,0,101.260791536587,0,68.1315474598573,228.119348223479,228.502038236417,0,0
0,109.668064811,0,0,367.711323402219,75.9086281813022,0,0,177.143718223342,150.087898568447,0,0,96.5250986855871,0,55.4065907166172,0,65.7044023370589,0,0,63.3824373561993,0,0,80.0403543548489,0,0,0,61.4211797067035,0,94.5601940732689,0,0,45.5786569893781,46.8688487874754,0,126.874568103346,0,82.6787724601945,286.292882094611,287.318821786114,0,0
0,109.262895715386,0,0,318.651687029498,63.3959936673185,0,0,205.942737396034,215.118119393081,0,0,138.012524249746,0,77.2127781085117,0,87.0366117550641,0,0,76.824398889622,0,0,89.0851815366145,0,0,0,67.063354861705,0,100.449235200115,0,0,47.2069427888235,47.4556655440094,0,139.624181154266,0,84.017100727288,289.842771568396,289.516670169685,0,0
0,111.891028250785,0,0,383.636455929771,77.7844389446873,0,0,231.14528934089,241.146066025956,0,0,154.232087455949,0,85.7662510231366,0,96.7014233671929,0,0,90.3323380865472,0,0,112.418309280694,0,0,0,86.8088501696113,0,131.541314758683,0,0,59.8255315657638,56.4552984649825,0,156.538296895193,0,97.7172934021914,342.208263129881,339.859329996007,0,0
0,107.142182119142,0,0,355.762704270575,72.2698137919205,0,0,228.509017142984,232.833622426166,0,0,146.323594039875,0,82.8837129681703,0,97.1238659041895,0,0,93.2692768080775,0,0,120.527641587147,0,0,0,95.0742023386584,0,144.797183187378,0,0,65.3457779867337,66.5046485957692,0,183.559986446558,0,119.760018487852,376.483175057384,376.650366952774,0,0
0,107.612905137516,0,0,348.552935296404,70.4350992168718,0,0,237.037328157789,247.492110694442,0,0,160.161549895327,0,88.4996064337853,0,105.485522835526,0,0,103.854894722942,0,0,130.021948884874,0,0,0,100.934098968067,0,153.000535792469,0,0,71.727027743015,67.4859927264754,0,194.620538681026,0,126.07763877512,443.729919439123,445.211356228011,0,0
0,109.970958726553,0,0,374.325193017778,75.9000691739416,0,0,244.233161315907,254.888972017641,0,0,163.618504964278,0,89.8621098842541,0,103.941281998996,0,0,101.197746324098,0,0,129.328219936898,0,0,0,100.902650388544,0,161.941646066743,0,0,76.302308556447,75.6814590642023,0,212.077252034151,0,135.684810226647,502.621889933553,503.476557086041,0,0
0,109.397960527253,0,0,365.260927835851,74.0689818929975,0,0,239.756012032296,252.207195160021,0,0,166.800495506113,0,91.4615465601083,0,105.287254910234,0,0,103.299976486036,0,0,134.178425640703,0,0,0,112.015342869657,0,174.38387669072,0,0,82.4537640479192,79.9182126140987,0,222.632562630515,0,133.143621997663,433.881871158261,434.051738795517,0,0
0,296.96942290295,0,0,904.334001298214,182.656713173559,0,0,365.078554634967,377.159852479887,0,0,224.506605266823,0,109.257826505793,0,116.890740367451,0,0,108.605070456119,0,0,136.01868005167,0,0,0,103.682255319413,0,159.610476956325,0,0,77.4136053954742,76.5017143002989,0,224.780764998653,0,142.341849137683,502.71995269578,507.284400648073,0,0
0,296.537995065987,0,0,916.126812530824,186.137792005087,0,0,377.614145702742,394.226124528616,0,0,253.746833277347,0,134.955969913861,0,155.822937569575,0,0,147.532617420198,0,0,186.541084238763,0,0,0,140.507712092515,0,209.334891136725,0,0,92.0598385906963,90.5179838092315,0,251.52623731212,0,160.408259699305,522.21770543906,520.641455982627,0,0
0,298.793824389581,0,0,914.822333392503,184.402710018791,0,0,388.643220598839,390.726778985899,0,0,256.812365924994,0,140.14553326494,0,163.820952572669,0,0,154.746070288525,0,0,193.466968664266,0,0,0,148.960323450589,0,230.529701929831,0,0,107.916200661341,106.390828268169,0,306.492019266932,0,196.14988478953,671.095729723135,672.295827895481,0,0
0,304.013723007104,0,0,969.137851652923,197.002361591882,0,0,433.658802786837,452.595103876831,0,0,296.852465481515,0,158.819500627039,0,184.718897314194,0,0,174.496974119289,0,0,213.581432900216,0,0,0,165.862723779058,0,254.131414983991,0,0,116.100233170872,110.718263378651,0,325.428551936339,0,207.880821939775,714.10271685456,714.55038731374,0,0
0,308.930753056855,0,0,982.417994829711,198.105427472288,0,0,431.488952820151,450.392832675981,0,0,293.377678815219,0,159.924386461934,0,186.491624976607,0,0,185.726081326177,0,0,237.857889165593,0,0,0,192.758660444976,0,302.23351000481,0,0,135.776486016986,136.550740190397,0,390.136047697227,0,245.99986383184,847.111192907079,845.033494449972,0,0
0,311.288958721352,0,0,1031.0172597507,209.796203644889,0,0,456.958160346311,471.620874497193,0,0,305.067603840685,0,170.180607670284,0,197.386690842529,0,0,194.445695672319,0,0,247.54756061913,0,0,0,198.686074031867,0,301.015891750094,0,0,140.866155799985,133.189019658139,0,376.985430336391,0,246.910372554665,859.683256411491,863.92407518038,0,0
0,309.201110793344,0,0,1004.80276725809,202.652603574997,0,0,453.721590403628,473.754751311676,0,0,313.563174374793,0,176.309527977798,0,204.82930025147,0,0,200.418322755639,0,0,255.226935934707,0,0,0,204.026245853542,0,314.09101074531,0,0,144.043870940346,144.952173981891,0,420.047992598289,0,255.948734173878,874.650105527077,877.135749827694,0,0
0,311.657660000272,0,0,1033.1626514507,208.767905337263,0,0,465.383411322589,485.857006417653,0,0,320.409001944649,0,183.73340243634,0,215.582438906955,0,0,207.788140746243,0,0,263.655880194043,0,0,0,215.500259705144,0,335.3140598215,0,0,154.532189098242,152.079976096045,0,452.319928773943,0,288.726751513207,995.501641335038,998.074994548103,0,0
0,321.290670514296,0,0,1107.23497199997,226.099657083226,0,0,500.847850949951,519.402216231062,0,0,348.841494576923,0,195.424757756117,0,230.544530789403,0,0,223.583833619173,0,0,285.713617376848,0,0,0,231.862802272781,0,357.293022770105,0,0,162.482209574642,160.903103182678,0,468.854696661328,0,307.736195040668,1026.91852900435,1028.99690486669,0,0
0,319.170210361258,0,0,1065.10676476145,214.635108215873,0,0,478.586820987099,499.707528766818,0,0,328.510791258641,0,187.376873272958,0,223.528236812017,0,0,227.283639980202,0,0,299.926177536105,0,0,0,246.487423846962,0,389.415721126946,0,0,180.595075773584,178.159757616743,0,520.453178026465,0,319.432063713004,1151.17622251003,1151.8846727947,0,0
0,310.650508001713,0,0,1073.36228100661,217.904501634936,0,0,492.269835791727,514.017647501618,0,0,340.998032821814,0,191.379020952363,0,224.208447369683,0,0,223.896655382438,0,0,292.400954415241,0,0,0,231.174363040095,0,359.493541337758,0,0,173.078115634698,166.267837866005,0,501.323802312338,0,323.267900548806,1100.99391886949,1109.29752362604,0,0
0,307.952737845203,0,0,1016.15790269407,205.944165881507,0,0,463.086663320371,492.677403398382,0,0,322.160712635498,0,187.814020948953,0,227.320409428902,0,0,226.633072873971,0,0,303.228731041932,0,0,0,252.845852369881,0,390.326495939462,0,0,191.469997414527,187.248950216737,0,531.869261010482,0,350.877683026463,1186.25009032269,1187.03315718555,0,0
0,638.532480374045,0,0,2002.88946979956,405.11617612255,0,0,689.032878416775,712.248978330271,0,0,432.968175108841,0,208.955036254159,0,230.660579745857,0,0,228.170529725935,0,0,299.406556158408,0,0,0,256.233135046226,0,404.299548899356,0,0,196.523384167023,191.304226819846,0,552.560661292375,0,347.851461817078,1208.63985265241,1213.40555317672,0,0
0,641.807435102778,0,0,2000.79347896007,406.455620183174,0,0,703.713916265922,734.747226551927,0,0,481.068091502099,0,267.547501794773,0,306.851145831651,0,0,295.164363998322,0,0,370.583268840346,0,0,0,288.371246267215,0,438.503940759634,0,0,204.622006869681,203.123599087211,0,614.518509705571,0,381.593059181948,1315.02896297972,1321.3516450867,0,0
0,660.668236745698,0,0,2083.69996592176,422.38159770699,0,0,717.859814165593,750.310678031086,0,0,487.444188293576,0,276.639589707684,0,325.33237116494,0,0,315.22796431283,0,0,406.648987945551,0,0,0,330.030315132509,0,504.971819587739,0,0,237.949545213322,230.652088328501,0,701.749240858732,0,443.523202323794,1519.2311555592,1518.17469502831,0,0
0,661.782178494337,0,0,2115.16724180125,428.902144796832,0,0,725.607346654793,757.407690821874,0,0,490.431357413687,0,271.358561551165,0,314.763200705929,0,0,315.992253849303,0,0,414.079874111255,0,0,0,337.882896243506,0,529.544133634011,0,0,249.280156044054,248.829812045632,0,730.842240330301,0,470.375629508235,1637.67222319132,1641.37578164691,0,0
0,653.025338898297,0,0,2060.82858373731,418.759698205006,0,0,714.139531329379,745.783642346114,0,0,485.41294165499,0,276.969784066483,0,329.371700425522,0,0,329.79765642983,0,0,437.990999275953,0,0,0,357.256934004656,0,563.153462347913,0,0,267.92757978572,260.898318537148,0,761.456203418034,0,482.772946619103,1621.85542045366,1625.64182121733,0,0
0,651.846020646692,0,0,2026.98230687975,410.663055420841,0,0,702.161022057084,733.130672016683,0,0,483.533395263784,0,272.714219545457,0,328.156567708501,0,0,327.483321341804,0,0,438.551829759514,0,0,0,372.350058244829,0,581.916490961357,0,0,276.580600512802,273.879761769636,0,811.467291878674,0,514.896123143494,1807.99603583409,1812.97748850421,0,0
0,653.19291455011,0,0,2048.23810041049,414.233069399188,0,0,705.233330653439,736.228898187905,0,0,481.75076809943,0,275.301045109275,0,331.060418248644,0,0,332.754263357667,0,0,446.269465734536,0,0,0,372.974601454966,0,579.43816676724,0,0,281.072412028542,275.763655547689,0,857.279625271525,0,539.610123111069,1807.94705067023,1817.16143694717,0,0
0,655.280889202322,0,0,2082.83714049463,424.064021588451,0,0,727.500239111722,759.426131559385,0,0,504.93791093627,0,290.974869496992,0,353.550943376996,0,0,348.322265734934,0,0,467.267388076932,0,0,0,405.005951011961,0,628.939006610088,0,0,296.317601172813,293.450142859981,0,882.245091428552,0,594.323658224134,2080.45456065058,2083.47180937852,0,0
0,661.307498509618,0,0,2050.14541426824,413.519633165524,0,0,706.366103276205,737.946552024254,0,0,499.908946692001,0,282.789243412503,0,346.107290967111,0,0,363.46773991002,0,0,494.506599568959,0,0,0,413.823214420114,0,656.503662286129,0,0,311.90941860504,305.911701050609,0,907.424241689672,0,560.954366932061,1952.51179787748,1959.07690767723,0,0
0,666.060250938035,0,0,2185.19887908784,443.33484360236,0,0,755.745409553653,788.607956996207,0,0,535.915684778299,0,301.485681689605,0,365.728673913174,0,0,361.062797384649,0,0,495.690159191125,0,0,0,424.564705882283,0,667.282326271754,0,0,324.086075649502,320.437321771491,0,970.628435626715,0,614.381117250037,2130.52397772487,2137.04364791599,0,0
0,653.832201650535,0,0,2080.27840695284,422.225035246721,0,0,729.539318340906,762.072416698633,0,0,521.696039716046,0,298.787929930923,0,365.608776416846,0,0,378.832006045123,0,0,495.690159191125,0,0,0,434.623529411764,0,671.439997806995,0,0,325.45518543271,317.670969787694,0,960.996487154844,0,608.918712594225,2109.5665126845,2118.05809628241,0,0
0,658.347081859759,0,0,2125.51159493308,429.647691436924,0,0,736.680244817041,768.887039375192,0,0,524.061794960779,0,295.88629389657,0,361.463662146257,0,0,368.747167374135,0,0,495.690159191125,0,0,0,425.576470588235,0,674.148470237298,0,0,330.879439251267,328.195751603976,0,1006.27230420382,0,609.424339234189,2160.56843550284,2170.39064438874,0,0
0,672.758329185908,0,0,2164.51515198709,440.248193812935,0,0,752.08670757179,784.926146725794,0,0,533.647454541018,0,295.568574387948,0,362.129479406024,0,0,361.068805026796,0,0,495.690159191125,0,0,0,432.388235294118,0,681.13600018862,0,0,334.48910998192,322.4257993335,0,1030.48961589954,0,643.999011050976,2127.29404801209,2136.0639595072,0,0
0,679.898677010906,0,0,2157.36380748957,437.948803279728,0,0,742.837421877604,775.413932445861,0,0,528.080269775602,0,298.980739840674,0,365.129048267451,0,0,366.10814805435,0,0,495.690159191125,0,0,0,431,0,682.0525874731,0,0,333.654300518884,341.634368892743,0,1083.66666666667,0,692.130855652515,2350,2360.21739130434,0,0
0,681.045078931623,0,0,2166.67768377539,438.125577030255,0,0,740.879072087831,771.997938351804,0,0,524.036398671458,0,296.653817757169,0,365.153626428053,0,0,370.991071930224,0,0,495.690159191125,0,0,0,444.157894736842,0,695.627407975224,0,0,328.953119255712,324.377567516133,0,1006.23286214737,0,640.976821422292,2256.5760337133,2323.65111946824,0,0
0,675.690242227312,0,0,2176.41625440967,441.456117828663,0,0,756.23621366694,789.586759158059,0,0,545.58520078633,0,307.821677740782,0,373.040284862524,0,0,336.459807434962,0,0,483.706965760253,0,0,0,441.238926149863,0,696.05147153592,0,0,330.380762113217,327.685669144621,0,1009.18474813368,0,643.179556869454,2217.56259078149,2226.99132858952,0,0
0,672.8611361472,0,0,2161.91430227499,437.779197578349,0,0,753.479200916957,786.697786202279,0,0,549.032056018061,0,287.197416963127,0,318.459215733984,0,0,338.805840134444,0,0,488.233178916395,0,0,0,441.616660053043,0,698.403351235252,0,0,345.232644117644,332.59227588493,0,1029.21719015652,0,667.068109912738,2248.50230184119,2258.31717800803,0,0
0,677.13547968183,0,0,2164.32929927796,440.348994220942,0,0,752.740930893927,796.160893310312,0,0,516.992172957854,0,260.468000479069,0,328.649919253086,0,0,335.676364168618,0,0,462.883331039342,0,0,0,440.718619105991,0,698.797765843141,0,0,346.978950322878,345.498953204935,0,1078.63438945674,0,694.259280365918,2350,2360.21739130435,0,0
0,683.640269773626,0,0,2165.88377197821,439.681824481371,0,0,727.896736411182,759.894479744192,0,0,460.611256718527,0,254.378788786352,0,312.88337140828,0,0,326.641032836054,0,0,477.145480675244,0,0,0,441.293669320387,0,700.349645542453,0,0,354.781234188698,348.093798688224,0,1083.66666666667,0,709.290892872827,2350,2360.21739130435,0,0
0,666.024543453563,0,0,2081.69287489723,421.35400648688,0,0,706.288782198937,740.244733500608,0,0,437.707720043844,0,241.601044817759,0,305.339929118124,0,0,326.662278911373,0,0,458.280640572034,0,0,0,440.503973057974,0,706.749645542393,0,0,358.998902452391,349.466242749906,0,1083.66666666667,0,684.632727455389,2350,2360.21739130435,0,0
0,665.823164411854,0,0,2130.62620903794,430.446543167204,0,0,711.872789657554,745.344783360973,0,0,421.52723057986,0,249.524334488212,0,314.48562669745,0,0,312.357725383827,0,0,463.957732410517,0,0,0,439.663622213124,0,706.797765843145,0,0,364.341845214717,363.137420444886,0,1083.66666666667,0,678.947955268259,2350,2360.21739130435,0,0
0,662.621932279936,0,0,2140.73931314422,434.590524608375,0,0,721.767197497212,632.934753576986,0,0,427.917707946714,0,239.355150515864,0,300.299612032076,0,0,310.645061944514,0,0,455.297534766493,0,0,0,440.240958561337,0,703.358882921615,0,0,360.350983385056,339.522724099904,0,1083.66666666667,0,678.142526743312,2350,2360.21739130435,0,0
0,666.261072432429,0,0,2156.99397771917,439.341260569885,0,0,588.852331203411,602.508268974542,0,0,414.289437441506,0,239.442907396191,0,303.112135125438,0,0,318.978919025675,0,0,470.160650504923,0,0,0,440.566568235179,0,702.773705692816,0,0,344.697709636752,349.174653382921,0,1083.66666666667,0,678.137755339697,2350,2360.21739130435,0,0
0,658.548283497292,0,0,2067.50923658823,415.95170853203,0,0,568.825122634173,589.452382120759,0,0,417.565272761087,0,250.088803582219,0,314.919190204587,0,0,325.747732514636,0,0,463.181528696023,0,0,0,440.477148479034,0,705.842234156816,0,0,353.471173144639,351.221850305545,0,1083.48024621169,0,678.137727073635,2350,2360.21739130435,0,0
0,673.373400157753,0,0,2186.79648886445,426.793853102846,0,0,559.398567007949,584.05712014601,0,0,438.567744809233,0,254.554702419078,0,319.668935595307,0,0,340.181378381201,0,0,475.803275331071,0,0,0,439.865493229565,0,703.836648764744,0,0,353.95233339762,345.01090629903,0,1051.51197258431,0,678.137726906185,2350,2360.21739130435,0,0
0,674.520078922155,0,0,1730.28096323477,329.982460358942,0,0,573.305502802491,606.178160537666,0,0,454.151141053995,0,268.357920351744,0,328.664157003591,0,0,331.108205753821,0,0,481.865277512576,0,0,0,440.755348611088,0,699.358882921628,0,0,345.967918873057,349.441653085599,0,1068.07268502762,0,678.137726905193,2350,2360.21739130435,0,0
0,670.074152067657,0,0,1625.89108154811,331.974719245452,0,0,606.33573461304,646.844524737699,0,0,463.9866356538,0,263.117933855484,0,325.238332519922,0,0,325.471194450387,0,0,462.148760301457,0,0,0,441.09248480437,0,700.134822771226,0,0,351.909973302974,328.148546652615,0,1020.52089676375,0,678.137726905187,2350,2360.21739130435,0,0
0,668.862120218074,0,0,1710.24863137081,350.707200100908,0,0,639.703043500685,673.308549084226,0,0,453.79846138909,0,255.384401432948,0,313.00090571521,0,0,330.416013961099,0,0,473.899272901118,0,0,0,440.699297429836,0,699.705177228769,0,0,346.048566283002,313.652368190672,0,1018.22025821829,0,678.137726905187,2350,2360.21739130435,0,0
0,666.504041274314,0,0,1791.46965335846,365.817127360018,0,0,638.576274174098,663.530211363522,0,0,455.809921227729,0,258.584218382566,0,321.411725670776,0,0,333.170413382487,0,0,486.800234167568,0,0,0,441.090253534276,0,698.77370569282,0,0,320.695696761617,314.13335625119,0,1038.55163811122,0,678.137726905187,2350,2360.21739130435,0,0
0,666.471099579183,0,0,1823.75676309545,369.84356061697,0,0,634.193139358814,662.6562137248,0,0,461.626310440941,0,260.887062445972,0,327.571485861171,0,0,351.206069939738,0,0,484.533174444805,0,0,0,441.003376211487,0,701.388528464013,0,0,329.778038352485,334.037550983432,0,1042.226758614,0,678.137726905187,2350,2360.21739130435,0,0
0,660.039397203168,0,0,1864.9186941524,380.463745832942,0,0,657.099323540449,695.862126449528,0,0,466.992674235362,0,280.735684114898,0,351.567552496349,0,0,364.29066233815,0,0,483.956084199093,0,0,0,440.493190562807,0,703.573705692782,0,0,345.891493209794,351.287082545305,0,1079.10278972856,0,678.137726905187,2350,2360.21739130435,0,0
0,653.976168004586,0,0,1871.02338174292,380.281337464566,0,0,662.724842894188,692.484667801973,0,0,492.809408695128,0,291.375343883114,0,352.492215806366,0,0,337.760404033458,0,0,469.516217549508,0,0,0,440.372952704199,0,699.836648764765,0,0,363.373614765757,365.967380971896,0,1062.83164756938,0,678.137726905187,2350,2360.21739130435,0,0
0,657.578738944899,0,0,1926.39657487618,393.071765901666,0,0,682.160958781851,722.271860391307,0,0,508.621544412677,0,285.282076621939,0,327.645969286982,0,0,331.51715596393,0,0,480.122957321586,0,0,0,441.281033175705,0,698.988528464056,0,0,347.215471558774,325.904304615618,0,1018.26203098125,0,678.137726905187,2350,2360.21739130435,0,0
0,619.233175957773,0,0,1999.14648104936,409.696076191875,0,0,708.151147380027,746.004457250152,0,0,497.84620976435,0,266.871624011789,0,322.625140249431,0,0,345.663664093388,0,0,490.630593732624,0,0,0,440.807703531087,0,701.173705692782,0,0,325.246170533276,316.17425473648,0,1013.55905712313,0,678.137726905187,2350,2360.21739130435,0,0
0,620.827751541908,0,0,2100.41523909731,429.413077596468,0,0,710.916718227778,735.354758371473,0,0,475.073470852823,0,272.462281864694,0,345.494176903378,0,0,356.078841764684,0,0,493.558932576508,0,0,0,440.688699446207,0,701.066294307192,0,0,327.729071677153,330.005299198351,0,1035.50291817242,0,678.137726905187,2350,2360.21739130435,0,0
0,635.630136228324,0,0,2154.27165179515,436.497059342546,0,0,692.580180723134,721.635123945462,0,0,493.927416543713,0,295.881739406059,0,356.140232996152,0,0,351.10697491421,0,0,495.679109046647,0,0,0,431.094117762817,0,675.729173360708,0,0,340.290260903686,343.668512291568,0,1066.16082189221,0,678.137726905187,2350,2360.21739130435,0,0
0,652.72163500567,0,0,2100.1333511477,423.764990143038,0,0,695.978739784297,731.585137242084,0,0,525.697425043851,0,306.070128917322,0,357.220099169029,0,0,358.336654454402,0,0,495.690106016039,0,0,0,427.705883849009,0,681.783731464898,0,0,349.115650090595,348.159504835055,0,1080.27599534942,0,678.137726905187,2350,2360.21739130435,0,0
0,663.876397679314,0,0,2081.17726100615,423.245802789736,0,0,722.865095628412,766.814955870155,0,0,533.578112236268,0,297.831655457509,0,356.483994921862,0,0,361.31547693479,0,0,495.690158935238,0,0,0,421.423529411765,0,661.778238018728,0,0,316.447411960451,352.399408448281,0,1055.75564304576,0,678.137726905187,2350,2360.21739130435,0,0
0,597.304746784411,0,0,2175.50582480609,446.633739998856,0,0,755.269934072618,794.838871065653,0,0,530.005193489732,0,300.803970928637,0,367.662403762615,0,0,371.103448175236,0,0,495.690159189894,0,0,0,419.682352941176,0,665.741765000722,0,0,315.932151422782,316.662718668841,0,1046.66613883373,0,678.137726905187,2350,2360.21739130435,0,0
0,598.037974920801,0,0,2311.44943153059,473.79792916431,0,0,763.882864662419,798.344709844284,0,0,539.387517550719,0,309.567200863635,0,374.201888477266,0,0,361.585135332244,0,0,495.690159191119,0,0,0,418.317647058824,0,662.231940745645,0,0,317.861315042709,312.054841777906,0,953.744643190699,0,678.137726905187,2350,2360.21739130435,0,0
0,598.643939892706,0,0,2012.63264086513,484.209792082909,0,0,768.492143924478,806.760114163989,0,0,546.972424541146,0,303.568905148603,0,353.022036873948,0,0,372.534223765111,0,0,495.690159191125,0,0,0,418.294117647059,0,669.433177546887,0,0,321.855670821587,317.38479884992,0,954.199320091739,0,678.137726905187,2350,2360.21739130435,0,0
0,600.125949309625,0,0,1817.88130037803,368.388255006304,0,0,772.643829419075,805.433470074271,0,0,544.526773676813,0,305.704861539227,0,363.49968840783,0,0,369.391232299519,0,0,495.690159191125,0,0,0,422.294117647059,0,656.482353496652,0,0,314.345471332079,311.831911162054,0,925.611787021084,0,608.523163441847,2068.60985115802,2161.27077604325,0,0
0,599.520060104703,0,0,1822.30266217269,370.134555053096,0,0,644.246459065452,806.38112861923,0,0,551.719029185337,0,315.548854557992,0,371.301383577758,0,0,375.564825714957,0,0,495.690159191125,0,0,0,406.352941176471,0,653.770178058975,0,0,306.260780044663,307.592722630997,0,913.85569939022,0,599.377053605734,2093.03200907767,2103.53447262529,0,0
0,598.341020637157,0,0,1800.98806310266,363.856113613736,0,0,631.040345553332,657.567424585791,0,0,558.53217157825,0,313.854316674253,0,371.867210379491,0,0,373.807609175201,0,0,495.690159191125,0,0,0,405.470588235294,0,649.38505851056,0,0,305.931425876368,298.400549719191,0,913.096353970818,0,566.669559262318,2035.1125929441,2044.98987249143,0,0
0,599.384944603328,0,0,1839.09882283686,374.51752045926,0,0,652.668500791491,677.402293702091,0,0,484.181363832867,0,317.544502617801,0,375.626173831683,0,0,376.739983209402,0,0,495.690159191125,0,0,0,412.15294117647,0,658.586412770232,0,0,321.159578526005,312.483854149192,0,942.904142963393,0,612.271127418131,2068.46597100639,2075.75272067206,0,0
0,600.125974653945,0,0,1803.7891889632,363.93243761321,0,0,636.431938032552,664.477833280378,0,0,458.576442978445,0,255.085115620386,0,314.354842632126,0,0,362.271736548857,0,0,495.690159191125,0,0,0,417.388235294118,0,658.283410768608,0,0,311.777086210939,318.135845575292,0,933.882663279252,0,588.608299245358,2102.8246803036,2111.86942972016,0,0
0,599.823030052351,0,0,1850.01308841961,377.220966584851,0,0,651.302764157289,685.100684237712,0,0,459.976443393948,0,263.302212936038,0,318.234390799048,0,0,334.260162091036,0,0,495.690159191125,0,0,0,413.411764705882,0,654.7681195497,0,0,311.633407063933,305.878463821298,0,909.053771747731,0,566.686715581488,1926.47527844288,1934.68909798042,0,0
0,600.899845025878,0,0,1787.48179675281,361.241086570468,0,0,620.65392529905,646.762048807721,0,0,439.933077974589,0,250.144915516023,0,301.959253011699,0,0,307.538172063254,0,0,415.521733456482,0,0,0,346.595893313139,0,593.937277925399,0,0,299.528977146017,288.723811907946,0,875.879069083718,0,571.830405443715,1947.4562150957,1959.94695806982,0,0
0,617.744431149314,0,0,1886.44953362461,382.873349848307,0,0,657.001065630572,684.167820572706,0,0,462.314034726431,0,248.041512618969,0,294.057357394656,0,0,302.802708972772,0,0,398.351215085422,0,0,0,331.18096852518,0,541.608392562397,0,0,270.343995039902,274.493961830262,0,838.041788725223,0,565.451286334588,1933.38998058111,1946.4578371875,0,0
0,616.095115484358,0,0,1875.73730871895,379.37957473746,0,0,649.887503737642,675.910215856416,0,0,458.939837260256,0,243.481625610885,0,285.848157863608,0,0,289.316462402104,0,0,389.59417698913,0,0,0,311.439888309795,0,504.600914049827,0,0,256.290011241315,250.29224468348,0,805.318330667607,0,519.96271267242,1849.36821186264,1860.89114047109,0,0
0,614.478015929992,0,0,1883.10291926924,383.690513446083,0,0,669.693169272807,701.788107431773,0,0,486.788752869105,0,269.955142849782,0,320.140874280323,0,0,321.973140577124,0,0,431.052119497967,0,0,0,348.526998471355,0,547.613277385586,0,0,257.272069114624,257.342286855235,0,831.189007889163,0,557.197638027991,1874.91145724001,1878.776208203,0,0
0,616.868859152571,0,0,1842.94438106812,372.239016433787,0,0,645.965709582956,669.207285591268,0,0,456.689324620826,0,250.899441592275,0,296.202435151304,0,0,309.376155910596,0,0,413.436350860934,0,0,0,345.755173287931,0,550.958911558951,0,0,276.797223622419,268.812710303476,0,881.486409272125,0,559.503090363393,2012.49374508584,2020.43229259992,0,0
0,616.365194441668,0,0,1892.7744520503,385.644345437065,0,0,672.120749627949,706.788637751058,0,0,482.941316881505,0,269.066451374667,0,317.526434804443,0,0,322.31145253867,0,0,423.695142799199,0,0,0,352.213418611232,0,559.260800700496,0,0,280.326638407172,271.048377511867,0,888.048660353106,0,588.231204185413,1990.64983603259,1999.74787941674,0,0
0,611.514047784778,0,0,1799.49274602734,364.05246466274,0,0,621.411679047532,652.918329220301,0,0,449.737844326199,0,254.659794818367,0,303.189551045055,0,0,303.219046385711,0,0,402.141245854379,0,0,0,330.604134927146,0,524.818986568434,0,0,256.920272070885,269.779868797356,0,902.10434213371,0,594.736487688775,2026.85023437128,2038.77988215277,0,0
0,616.868757777022,0,0,1856.09863528404,375.755181218666,0,0,643.09543377508,664.719935421316,0,0,455.525512382819,0,256.562758343792,0,301.634056449907,0,0,299.111280217513,0,0,408.443468074242,0,0,0,325.334033729935,0,529.743684562447,0,0,261.435375792912,250.276331983164,0,838.438306890031,0,556.812541808822,2041.78641089087,2051.27339813231,0,0
0,618.788954012455,0,0,1886.31474499294,382.988417014682,0,0,663.937902954376,694.369539108032,0,0,480.756986085153,0,264.238663695381,0,312.422654306999,0,0,309.845759262042,0,0,421.075823885298,0,0,0,348.968269619531,0,550.931029281483,0,0,279.867972262209,276.759482341215,0,842.29212638672,0,563.34438516157,1888.04109416432,1891.22565085496,0,0
0,618.048025342587,0,0,1869.15384149218,378.534768501524,0,0,653.050987395938,683.128134216542,0,0,472.553338106726,0,271.673651564612,0,327.149710074813,0,0,334.351991989267,0,0,440.278512224932,0,0,0,352.135415567755,0,566.46849393265,0,0,269.293211546491,267.466392648685,0,845.682473887463,0,515.184418190457,1827.8692312672,1838.20614219316,0,0
0,614.715330586267,0,0,1887.2193275327,382.072902802433,0,0,663.346525804811,689.907666180806,0,0,478.029635353746,0,259.500669653891,0,306.561360844039,0,0,307.421979388446,0,0,411.4012911825,0,0,0,338.575532328004,0,550.583612786953,0,0,277.937045460642,274.550155270475,0,869.395928938135,0,590.983391622126,1994.98240860486,2002.08978871462,0,0
0,608.382098477754,0,0,1855.26254756969,376.339551249906,0,0,656.144857163364,685.213022755209,0,0,467.386992318943,0,261.696583916193,0,315.159586380506,0,0,326.798277126064,0,0,435.602348350074,0,0,0,339.97607748159,0,551.127281000861,0,0,262.071099092435,262.096597610604,0,771.848927696209,0,504.296860870736,1849.01359208592,1859.12400184011,0,0
0,612.524877991628,0,0,1878.12598980202,380.958351769101,0,0,666.286703506292,694.183859867599,0,0,476.46680687688,0,262.35659878109,0,310.092353768239,0,0,311.400043397597,0,0,418.602650311651,0,0,0,354.608146957164,0,571.536533299359,0,0,276.439589701944,273.642602475109,0,834.203514983857,0,505.346166282839,1685.19574245646,1688.52632104332,0,0
0,574.888206945146,0,0,1753.57108695258,357.104159362498,0,0,640.019242745057,669.022801520027,0,0,461.855795079641,0,265.964385310715,0,313.705032906949,0,0,310.457078721442,0,0,402.233102489369,0,0,0,323.726042859661,0,526.997846133161,0,0,257.942582622946,252.124558013427,0,816.641688120862,0,538.454065756375,1857.36889149552,1872.35220945411,0,0
0,581.150667657014,0,0,1743.54666199493,351.833457783706,0,0,624.61914088441,649.433622370719,0,0,448.357587342549,0,251.476643572295,0,300.526983042536,0,0,313.03581888156,0,0,410.945309087952,0,0,0,331.062947096326,0,542.090139430313,0,0,262.601225069645,261.189770794899,0,818.552130831555,0,551.908232135548,1869.85407792502,1876.55414885373,0,0
0,584.081998189766,0,0,1824.332617183,369.80232508727,0,0,662.384802207175,692.643883840602,0,0,490.964279899721,0,269.204290655371,0,318.537103106153,0,0,317.739527146598,0,0,415.942562528485,0,0,0,334.086037435026,0,542.631057779407,0,0,275.516262858745,267.448689150906,0,824.596715775961,0,580.312821010574,1943.73934382458,1951.25155265804,0,0
0,578.256337093264,0,0,1804.19597523432,366.101096411024,0,0,653.274962030028,682.115008392592,0,0,473.854197692483,0,270.078228168308,0,323.544151452517,0,0,329.991639312375,0,0,433.681010198699,0,0,0,351.523634731916,0,579.023801465465,0,0,274.837125582379,276.952778847265,0,819.25802560086,0,561.563273810231,2024.64913364258,2030.52442407643,0,0
0,572.766207473865,0,0,1767.06220845075,357.839026118763,0,0,652.346371122526,675.98731012422,0,0,479.502738321234,0,272.472295152789,0,335.056218398218,0,0,340.910952733303,0,0,455.868136164748,0,0,0,377.777478341257,0,618.305699369624,0,0,295.214438206749,288.978219554856,0,874.087226592089,0,565.545240350887,1922.94414460059,1927.11060742615,0,0
0,573.236905138383,0,0,1776.25361313322,360.430059351158,0,0,640.597048005542,690.859775048114,0,0,484.289128012103,0,277.011426629651,0,329.363735532735,0,0,327.821079356138,0,0,426.818497485951,0,0,0,348.676383956726,0,560.125054846188,0,0,271.988612301478,274.464056472859,0,864.721698470338,0,585.81740400018,2072.1250864333,2086.38349450405,0,0
0,575.897928673335,0,0,1785.7606364552,362.353576496449,0,0,616.500164613342,642.564065261285,0,0,466.19039189652,0,264.429724184955,0,320.148097075869,0,0,331.707242647925,0,0,446.949079722623,0,0,0,365.991334787641,0,583.399235081537,0,0,271.654850641707,265.766740617758,0,811.808498237684,0,551.249189951068,1877.44870861974,1882.8682690693,0,0
0,575.15702534172,0,0,1777.94358304963,359.67148944154,0,0,608.162426223318,634.951414910615,0,0,453.701395572666,0,260.350507991342,0,314.586850560215,0,0,320.631666049466,0,0,417.984002275831,0,0,0,342.915638149368,0,549.787318659343,0,0,269.684028196902,263.817415909819,0,834.341287424147,0,555.799746685663,1942.30380311713,1955.87648576483,0,0
0,574.551060107303,0,0,1807.31634466968,365.869766651246,0,0,631.978367987156,652.813791336305,0,0,467.194246580682,0,262.363641274787,0,314.073594635527,0,0,307.736479046041,0,0,408.178687671566,0,0,0,335.27244607257,0,548.018897257123,0,0,268.306055642299,264.103851508768,0,838.848872241262,0,572.663219740112,1977.30365565887,1985.55783444877,0,0
0,574.280930477502,0,0,1807.37868884794,368.457305717491,0,0,643.481429831068,678.748324196256,0,0,493.242438717461,0,271.626553213701,0,326.671899147508,0,0,333.377446727067,0,0,436.048632701942,0,0,0,362.998099109583,0,588.805753555554,0,0,284.286580436835,279.211162039888,0,891.283993661689,0,565.039470060513,1975.68573513158,1979.80270518438,0,0
0,575.427078940293,0,0,1769.56660691709,357.970101571976,0,0,600.664618575023,632.0463062557,0,0,456.907675354066,0,268.027098896763,0,325.449351004821,0,0,328.179358526879,0,0,434.498296532373,0,0,0,358.077032719759,0,574.712080507507,0,0,273.554579379449,275.957393607435,0,854.957087952595,0,615.461240523073,2105.41059171691,2116.9689345231,0,0
0,571.587091961221,0,0,1765.55415373997,358.632792804824,0,0,609.449041679716,629.414271410384,0,0,457.09307395551,0,262.798144805131,0,316.952802672497,0,0,316.356023969695,0,0,422.222565962004,0,0,0,343.436751843407,0,563.605786228673,0,0,282.451384042478,275.540422190939,0,847.292065907908,0,536.004004575319,1910.17069135113,1918.95333696642,0,0
0,536.74620773397,0,0,1653.2015403825,335.153992942508,0,0,591.814929508544,617.621337811995,0,0,452.712532242985,0,269.300589401954,0,330.640624452408,0,0,327.00998695424,0,0,429.726487397183,0,0,0,359.48700570199,0,579.692238128834,0,0,277.980441721699,275.459701393303,0,883.318713312052,0,557.544449481922,1971.80933617775,1979.00046108292,0,0
0,535.971124963239,0,0,1663.36240781106,336.801707044927,0,0,587.216341487504,616.00281629452,0,0,442.058449157605,0,250.830777806569,0,304.829620408759,0,0,312.58649266525,0,0,414.617977855272,0,0,0,341.200792577928,0,563.141190350477,0,0,278.374266797765,275.115993234906,0,883.763249589603,0,569.057593164683,1943.59959289039,1954.02610555705,0,0
0,532.872066618636,0,0,1653.81839268619,335.729774357759,0,0,595.352580217625,618.656311362011,0,0,458.866219081244,0,266.171857306875,0,323.058480513593,0,0,321.74431312022,0,0,419.05119481704,0,0,0,341.95120070738,0,557.416379825939,0,0,271.179937058981,268.126693483801,0,871.006451591698,0,579.376426166554,1950.00447238352,1959.89943922767,0,0
0,536.474738941432,0,0,1658.82982571618,334.902331451982,0,0,583.068933978986,611.671519645184,0,0,431.149421237313,0,245.675275792704,0,298.006171282184,0,0,303.555752761399,0,0,412.828016475002,0,0,0,348.810967694507,0,576.010841346407,0,0,285.630973078609,285.478392965714,0,892.533139142087,0,593.875499504813,2094.17621392339,2098.14095117627,0,0
0,539.238063007699,0,0,1732.98521774144,352.013351565334,0,0,612.085262476048,635.844109970312,0,0,453.444133720009,0,249.848952027303,0,300.362181477467,0,0,300.300657805476,0,0,397.033705181945,0,0,0,331.151276166375,0,540.25805859137,0,0,274.750443018539,271.594404882571,0,864.281607914525,0,581.490422823957,1952.45772309133,1965.49200242164,0,0
0,535.430992382905,0,0,1670.52197669259,340.224346588984,0,0,604.550098431773,635.300295393858,0,0,469.832267658497,0,272.301068044046,0,326.223481450152,0,0,340.420668537744,0,0,448.810414496034,0,0,0,366.531867596951,0,584.816265129454,0,0,271.481357884789,272.398149538095,0,842.62130223468,0,561.208547837019,2029.74800226474,2035.08149435685,0,0
0,538.800002909931,0,0,1667.39908206315,336.023827366409,0,0,580.153134914169,603.614810506336,0,0,441.374678771873,0,250.772221742329,0,304.589782848954,0,0,311.519363958686,0,0,428.384070414375,0,0,0,356.09558911175,0,590.855148090338,0,0,288.833861328297,279.445920076574,0,885.027780910753,0,594.352049604103,1925.17534562546,1931.79677107443,0,0
0,535.869001798966,0,0,1701.11424428887,345.563853202427,0,0,603.980522677705,630.594152376038,0,0,461.052067603889,0,264.766961157521,0,319.760332184974,0,0,306.985649877649,0,0,403.459678180383,0,0,0,338.548381322359,0,552.39044657449,0,0,271.73241390258,273.926532906933,0,869.587853865464,0,618.90812424326,2194.12715424,2208.35692060431,0,0
0,539.876843226045,0,0,1702.03080029372,345.741996743559,0,0,608.236720985094,634.922520346514,0,0,467.040593815681,0,269.70107053958,0,325.550456805356,0,0,324.802224089786,0,0,424.888369998845,0,0,0,347.470740659773,0,577.933132097753,0,0,274.792535941912,268.882272768842,0,835.825442841529,0,584.717678660078,1972.82775601715,1980.55008771196,0,0
0,539.406094863351,0,0,1692.64972895719,342.251700296589,0,0,597.783682412562,623.099095995148,0,0,455.272175959552,0,262.190102412988,0,321.193787175039,0,0,320.668798025744,0,0,423.908925681397,0,0,0,345.353784051682,0,581.396107696603,0,0,288.970141757201,283.975868505261,0,916.501421081243,0,612.449512406282,2174.35158959525,2183.4272066129,0,0
0,536.442101379883,0,0,1698.4958417499,345.644934552075,0,0,601.821221496152,631.316537932742,0,0,464.034590449005,0,260.19837542009,0,314.307607198493,0,0,320.632481941723,0,0,436.004687950178,0,0,0,366.508996531829,0,611.773683545829,0,0,302.89780718228,292.698334516217,0,949.190056344677,0,637.350889855487,2210.94543657833,2215.17788444386,0,0
0,537.956849737376,0,0,1661.38791843675,336.772015879978,0,0,584.145727239396,609.896750593691,0,0,453.184401697395,0,264.746830460364,0,324.957861658805,0,0,321.109023428971,0,0,433.12439919396,0,0,0,355.973228927289,0,580.667203334583,0,0,293.044680891014,297.050061218864,0,952.524164616365,0,660.823997064223,2256.87738230652,2270.79087108428,0,0
0,528.927457028129,0,0,1662.27731398077,336.222885645299,0,0,577.925913149935,602.481993993141,0,0,431.611566505445,0,245.200850913523,0,294.049971285804,0,0,292.679393045395,0,0,394.277997760969,0,0,0,338.852282597574,0,567.569786880009,0,0,287.124165323278,282.624100341309,0,897.93550664145,0,628.48580435534,2186.00320274861,2195.76835495479,0,0
0,522.831267584404,0,0,1652.3756630796,335.92879178814,0,0,593.833319485342,617.096151003138,0,0,455.509110404543,0,260.942763201885,0,315.166730388571,0,0,316.733168822251,0,0,417.317686940971,0,0,0,344.675948581894,0,570.294239402971,0,0,279.38765669228,285.031946253728,0,894.101880670853,0,588.320804779427,2128.17101068815,2138.44633177041,0,0
0,523.031835615885,0,0,1606.79239515919,326.928866399572,0,0,580.029854242263,601.681466654679,0,0,436.854219937009,0,255.169236574529,0,315.603396433322,0,0,315.431954912142,0,0,418.491722659078,0,0,0,342.613093900936,0,558.738035109601,0,0,268.365578246573,256.681967529757,0,817.571897686088,0,556.410852414651,1907.861876168,1918.52788604429,0,0
0,529.565737134664,0,0,1609.33349868608,326.330090588593,0,0,579.442268974927,609.775448238675,0,0,443.955269848753,0,261.542497431217,0,322.888357330818,0,0,319.383707311676,0,0,412.532070335608,0,0,0,351.519562294583,0,579.2072133765,0,0,285.640090628909,280.298901786518,0,868.767743748043,0,574.372527984455,1996.03866158561,2001.87062287478,0,0
0,528.321219781654,0,0,1627.61500054192,328.20458972386,0,0,568.899233322425,594.881411202546,0,0,421.342679846646,0,246.859587221096,0,308.094090699176,0,0,324.540533140946,0,0,441.316609692386,0,0,0,364.159103460379,0,597.893525989758,0,0,293.536796081835,291.555047818941,0,888.967613198191,0,606.87681589037,2010.47626139697,2016.62553747835,0,0
0,521.652228104954,0,0,1634.02166275463,333.187555604052,0,0,584.353400995623,609.182680144872,0,0,439.721030881291,0,246.815434091003,0,291.930645597308,0,0,296.013774720654,0,0,396.678992134787,0,0,0,337.533525801209,0,552.473626568107,0,0,269.00438829189,277.15670267562,0,864.670870404805,0,615.163902148321,2143.04857038302,2155.88385930455,0,0
0,523.772789635274,0,0,1584.66658229145,319.868207453501,0,0,564.051086896563,591.915564423095,0,0,437.262184794049,0,263.548597455767,0,322.991370712884,0,0,332.476019143388,0,0,433.278293677446,0,0,0,366.95817501911,0,597.17361310026,0,0,285.162842051829,270.86944963934,0,865.454859804223,0,578.722027984124,2010.49006471893,2016.84339559533,0,0
0,527.74794279656,0,0,1661.78313285401,336.962696196513,0,0,593.979354196223,613.968337103904,0,0,448.824650465456,0,244.596135046952,0,295.7332832081,0,0,293.651142896462,0,0,394.474373790752,0,0,0,330.037423976568,0,559.993837018111,0,0,285.634710342236,287.288009198539,0,895.407522276027,0,649.991544859246,2266.08045028195,2278.06661661324,0,0
0,525.390041268246,0,0,1647.88870737738,333.302134479709,0,0,595.615656444449,624.87661230878,0,0,455.064119519313,0,265.880657308832,0,324.276503221282,0,0,325.332537811887,0,0,427.742203578335,0,0,0,358.072596475553,0,580.219781284074,0,0,283.145660334458,278.107912277284,0,832.640132672039,0,576.825678423688,1975.04843456403,1982.26284419352,0,0
0,525.963039472747,0,0,1673.66489801386,341.338361526686,0,0,597.409486759498,623.621214078099,0,0,432.016538610001,0,251.064326815004,0,306.312271346786,0,0,318.92405095888,0,0,434.03668150819,0,0,0,366.697287645739,0,606.734700331887,0,0,293.633078464227,289.673288360626,0,910.398052889767,0,603.829679680026,2099.57627768911,2104.82070703645,0,0
0,525.55789571452,0,0,1597.92972974492,324.398519150995,0,0,572.720511667177,601.031696816379,0,0,440.289113177792,0,252.313661442702,0,314.23611532506,0,0,317.195849307995,0,0,414.198354970846,0,0,0,345.045895407679,0,566.690845572977,0,0,272.782913273743,276.034905391684,0,878.407335624034,0,622.974244941255,2209.52397963033,2225.58636976373,0,0
0,527.580088357221,0,0,1618.15400409563,327.262265895167,0,0,561.425791089089,586.022073547966,0,0,425.579888760896,0,246.819300970987,0,310.198928761777,0,0,305.345052091371,0,0,412.963451478313,0,0,0,336.926537112715,0,553.437024884558,0,0,272.915567571779,264.87987273236,0,793.320455538129,0,553.342680550808,1939.94703722608,1948.15537362471,0,0
0,483.097365145231,0,0,1491.55341873268,302.390034289265,0,0,544.606394505337,561.646172637567,0,0,414.902973729204,0,246.120501796384,0,307.69864795364,0,0,308.027446505384,0,0,405.34759531227,0,0,0,340.894977493259,0,545.040028718863,0,0,254.108035150047,257.162552465763,0,780.36122605126,0,511.790578038685,1782.6005404478,1792.37657655621,0,0
0,488.081987030841,0,0,1541.3825096127,312.302051471514,0,0,571.485021092074,598.406741960216,0,0,441.298575243756,0,250.598252750473,0,304.692161845673,0,0,298.178067534499,0,0,393.461922654904,0,0,0,327.803717499264,0,540.741636792368,0,0,276.623662359975,265.749105270704,0,835.296800502688,0,554.844118195593,1911.77347346489,1919.61304221191,0,0
0,483.366082539961,0,0,1512.55528336259,306.72094366281,0,0,562.923904467384,590.817455794279,0,0,438.227082239479,0,257.974569991669,0,314.994860151105,0,0,320.572543005453,0,0,441.762722548425,0,0,0,367.037556029808,0,599.217967544546,0,0,292.722482703354,289.915207811859,0,900.016798973208,0,620.282556072133,2015.66930541625,2016.8179167078,0,0
0,486.329898626184,0,0,1530.69897531603,310.387370686276,0,0,559.823020063662,584.374618773309,0,0,420.961414702291,0,245.538402105181,0,297.012966218348,0,0,306.594401676572,0,0,417.845225805393,0,0,0,353.185028495172,0,578.437656549669,0,0,285.643683496755,290.029667597356,0,893.376341964936,0,623.057020071343,2294.63502104098,2306.29918791605,0,0
0,488.753759570787,0,0,1535.58940605932,310.403472319503,0,0,561.942417562916,582.70344537995,0,0,424.096947928072,0,236.839432327567,0,285.827389799117,0,0,294.606504762731,0,0,402.541939096263,0,0,0,342.335147147379,0,559.821156675676,0,0,277.47920845982,269.917083258711,0,843.724345312385,0,568.201963130481,1902.81877620802,1912.00019911789,0,0
0,495.287737132063,0,0,1603.4458738762,324.88790097185,0,0,583.330042201517,612.760566610243,0,0,440.995022064684,0,255.015285961846,0,308.928494500606,0,0,307.580854080423,0,0,408.140541759406,0,0,0,337.345170192232,0,540.710477781434,0,0,269.049630413386,261.665550430132,0,859.827137955761,0,590.929349412879,2051.56326084638,2064.79268547617,0,0
0,495.861039462344,0,0,1611.78703575338,328.546891380678,0,0,592.6572185136,614.719509412238,0,0,452.076437868304,0,259.472440617891,0,317.776314599188,0,0,323.900532474276,0,0,438.012234830933,0,0,0,353.429245005804,0,573.170524789391,0,0,281.310399697787,280.863827712153,0,902.065495479312,0,636.718041668023,2166.45073659669,2172.95245964237,0,0
0,495.152925767737,0,0,1552.03119305121,313.376044018831,0,0,569.129282745341,594.299484581004,0,0,435.649666242681,0,251.838821872011,0,301.955587687251,0,0,312.351024852343,0,0,434.113651664148,0,0,0,353.807106733075,0,577.057705679238,0,0,294.067463526526,292.711457351041,0,930.124384678525,0,634.103205395426,2250.82938777226,2257.95115804724,0,0
0,498.251933383099,0,0,1612.58780559684,327.724309434086,0,0,595.638450983137,624.665541961282,0,0,459.894452172817,0,261.084546837369,0,316.345599777084,0,0,324.967560008021,0,0,442.686559410283,0,0,0,368.004225663322,0,603.267809032431,0,0,300.33504949704,292.796080145183,0,957.281744483057,0,601.450129521319,2167.25038066023,2174.11290819495,0,0
0,496.770050686041,0,0,1578.53986387559,320.586125952978,0,0,573.277264433986,596.588688007527,0,0,432.15175298928,0,250.84029694188,0,310.452916715276,0,0,311.000852590064,0,0,417.096217857355,0,0,0,338.510488754447,0,558.967775522993,0,0,280.30061944255,280.770510034791,0,873.014852483524,0,633.967116351959,2147.99205813659,2164.48187461695,0,0
0,493.134360640352,0,0,1566.44653259225,317.02887351868,0,0,563.213862118581,589.996937632106,0,0,418.219374401971,0,241.88530264835,0,299.204504491855,0,0,301.151700711422,0,0,411.1148103524,0,0,0,339.880534073827,0,554.912979414686,0,0,278.301185007776,277.83554714009,0,807.877677542895,0,547.557853957172,1877.96878367911,1885.0215804598,0,0
0,486.060123822941,0,0,1525.07345575136,310.365566942434,0,0,561.119847547672,585.036026253608,0,0,419.842542739635,0,241.459637362156,0,302.78545206775,0,0,310.411886497118,0,0,422.860543722775,0,0,0,349.671306225481,0,570.205243673304,0,0,277.334423214589,268.055328016395,0,809.647766149893,0,555.229359697304,1886.09281060757,1893.80587447339,0,0
0,510.251114521868,0,0,1576.53261197072,318.799953472003,0,0,571.3927408788,591.097035563658,0,0,421.020515355466,0,240.347857243803,0,297.604294315947,0,0,300.628981828645,0,0,415.086024633013,0,0,0,355.919292394416,0,591.969528239351,0,0,294.455767891176,297.587225738291,0,922.659410004698,0,616.367425106238,2166.77974653564,2172.50670248912,0,0
0,511.430979334613,0,0,1609.39062656513,326.957539317488,0,0,594.362214291107,619.448212748008,0,0,447.283274687798,0,253.778261564641,0,310.842052825579,0,0,308.514385756747,0,0,419.162772494411,0,0,0,361.527508609675,0,596.518816517199,0,0,293.314171914152,284.387321761508,0,934.963723503043,0,617.787498345011,2119.47278911279,2129.53989274533,0,0
0,510.690025343453,0,0,1591.47336309363,321.615076535754,0,0,590.807759645192,617.838801226533,0,0,454.204271085043,0,270.566724234257,0,327.136108421832,0,0,337.504595404377,0,0,457.559159597202,0,0,0,385.490181540151,0,635.118534774404,0,0,315.876500081766,314.323941045335,0,1024.7252126403,0,692.878057674841,2350,2360.21736979508,0,0
0,512.507819681557,0,0,1619.31238895907,329.583724451435,0,0,600.095612336454,630.420515915934,0,0,459.780070246002,0,266.965342825335,0,320.081326421958,0,0,326.123816179775,0,0,441.708423370233,0,0,0,376.003879073234,0,621.21221570248,0,0,311.392086613235,309.727868740125,0,971.824386941995,0,684.364970332943,2350,2360.21739130435,0,0
0,515.741968141748,0,0,1614.47919144651,326.273476255579,0,0,580.995313665612,610.450884548029,0,0,452.043699696676,0,261.027463895323,0,317.673413280909,0,0,317.564723804996,0,0,412.305303879151,0,0,0,341.616839208984,0,556.679747237612,0,0,287.056869018935,275.209593138927,0,887.173539347751,0,576.486012871854,2077.35609688405,2096.40649903184,0,0
0,513.687011215894,0,0,1633.81765191688,330.569572058315,0,0,582.92728188404,605.639789645696,0,0,434.222532620177,0,250.926625362601,0,300.138188141181,0,0,305.320657916891,0,0,423.315241317411,0,0,0,344.594024923541,0,560.956464792988,0,0,285.511436482046,290.46688355556,0,913.058758606208,0,625.648655871401,2093.93750372445,2099.37944172067,0,0
0,519.848533276068,0,0,1663.43298160409,338.650200278117,0,0,605.806082758647,631.3807868847,0,0,450.643518794241,0,266.280189790449,0,320.488921627161,0,0,312.304772657466,0,0,420.87353339738,0,0,0,351.296467940899,0,570.99485025432,0,0,278.762042828941,276.531224241933,0,888.292845867358,0,584.438561103385,2058.84541470845,2067.55597326074,0,0
0,527.663850829271,0,0,1686.20956738585,340.933837872768,0,0,608.896989993383,631.514974214787,0,0,457.509538202055,0,272.502961021946,0,337.412824894785,0,0,345.89739172454,0,0,453.488478172091,0,0,0,377.955528032748,0,612.622406127032,0,0,301.699461794721,288.93667831087,0,912.287350537644,0,604.793016019127,2127.36597015651,2135.1859731618,0,0
0,519.582512698474,0,0,1685.50349001683,342.522586163831,0,0,622.561694451971,653.009763857957,0,0,477.783903258693,0,273.919554070438,0,331.272748488689,0,0,340.126828517194,0,0,442.971106813864,0,0,0,362.515644080802,0,601.605890274292,0,0,305.639720535524,306.869972313898,0,965.506131983375,0,635.300525104957,2149.56409031377,2158.76629759465,0,0
0,513.114063721706,0,0,1603.84035073105,326.09491357423,0,0,590.251606813425,613.520903546527,0,0,440.124194524349,0,251.337955094118,0,306.469044237036,0,0,320.205883951919,0,0,429.096961789792,0,0,0,349.696299372126,0,581.396098476005,0,0,293.124444673222,292.732480080864,0,913.475904751566,0,618.956218276139,2179.6812025761,2190.91231480658,0,0
0,517.223977568211,0,0,1619.22501590391,327.233061891285,0,0,589.376289466388,617.163737986481,0,0,439.992175360616,0,248.594428825541,0,297.484054169964,0,0,311.266903201965,0,0,421.984445484732,0,0,0,351.892297983931,0,574.073177304466,0,0,280.837327366614,283.60802104104,0,858.909907030263,0,588.707527598641,2013.22616529714,2020.85966710151,0,0
0,512.475182117409,0,0,1621.01567735471,329.69068139826,0,0,591.747439722119,620.834915064429,0,0,448.422789115709,0,255.998753351145,0,304.270052542122,0,0,304.931357185995,0,0,414.212740260669,0,0,0,347.702890395735,0,558.723170925071,0,0,275.623168459885,262.174485222978,0,830.617295850457,0,568.290625261578,1904.46855958144,1914.6478758406,0,0
0,541.477862609159,0,0,1663.10609042885,337.576663196017,0,0,606.328007238893,624.546917326526,0,0,466.068494213782,0,273.349126244041,0,331.23059041836,0,0,323.125044474395,0,0,424.081557039955,0,0,0,344.114015145032,0,566.771273739783,0,0,272.825943731628,273.821205396724,0,887.851452117473,0,621.114640689381,2169.61832365326,2181.47970430056,0,0
0,546.833757736486,0,0,1682.02680895508,340.581700948578,0,0,613.795008632836,645.650353152642,0,0,472.987257064433,0,275.212200010038,0,332.234585159096,0,0,336.11355674743,0,0,433.388267577555,0,0,0,361.06141343031,0,608.561271417245,0,0,296.6505581867,296.574581864054,0,961.498299704624,0,638.48986764354,2238.78504640327,2244.63801934668,0,0
0,547.542074225326,0,0,1708.45072634423,346.921743249434,0,0,613.592677353432,639.519583407045,0,0,463.804185829684,0,267.266384387473,0,326.249117674557,0,0,334.088493315492,0,0,454.906967319632,0,0,0,378.072488567431,0,623.524380272174,0,0,307.356136720748,295.600330694362,0,948.279026759879,0,647.909201746525,2260.27965318741,2266.46659673111,0,0
0,541.110397202301,0,0,1670.01246836213,338.770152517281,0,0,599.479829834435,626.968343045839,0,0,448.867445351364,0,265.735855231229,0,322.607435600748,0,0,325.695809548385,0,0,431.211745732428,0,0,0,353.413600098705,0,574.762949525212,0,0,281.5161078719,285.236807595349,0,930.542910089436,0,611.963776423308,2147.87540790775,2162.60382684736,0,0
0,534.744198057804,0,0,1623.27778192465,329.542171040113,0,0,596.69236336945,622.142385195808,0,0,458.191982495837,0,256.146170390763,0,309.340138354891,0,0,309.453089007602,0,0,407.245634649324,0,0,0,338.338009864805,0,557.807880748408,0,0,278.197934802408,274.040605773368,0,898.401633882268,0,603.145533094347,2110.19176518658,2120.53575813492,0,0
0,538.21170418365,0,0,1619.42652359413,327.770754337011,0,0,582.155071253332,608.755539478247,0,0,436.488081445796,0,243.175131288199,0,287.319933806383,0,0,302.186514270554,0,0,413.453210507949,0,0,0,347.070875596555,0,580.555067881087,0,0,290.016716228434,287.25177814042,0,917.710126834991,0,609.559128901278,2048.97441303629,2054.07727962576,0,0
0,544.577801945664,0,0,1678.73898724043,340.522639178543,0,0,614.184002651446,629.108992415275,0,0,455.106760985176,0,265.037804287545,0,310.769436509442,0,0,300.633276892504,0,0,399.427549111018,0,0,0,326.955047469202,0,538.859216198466,0,0,268.354652670239,262.546261810734,0,843.34054470758,0,608.644632063999,2107.97303246543,2123.33510077681,0,0
0,543.534055390604,0,0,1668.7387325454,338.751887910607,0,0,628.994174489291,656.694773509466,0,0,475.506643427347,0,284.984662056502,0,353.868912426485,0,0,345.837805872,0,0,458.828697803385,0,0,0,381.869551224112,0,614.062430847354,0,0,301.848993931837,295.065800333243,0,907.956277508911,0,603.503295182844,2073.40488182027,2075.33920035644,0,0
0,543.701935186399,0,0,1659.50069475445,335.16413660122,0,0,626.43362466127,658.986936340503,0,0,486.988701121285,0,282.074765436177,0,343.8428717482,0,0,334.535871422205,0,0,432.698382650763,0,0,0,354.67432122418,0,588.710423436404,0,0,297.475576561662,297.083128685999,0,948.805331685484,0,650.910404254767,2270.30120884471,2283.77532874596,0,0
0,546.83383380565,0,0,1717.63142393046,347.679597152853,0,0,644.779576667237,671.053736177697,0,0,494.632690413916,0,289.040076598917,0,354.625662222243,0,0,357.664314645002,0,0,469.879389067226,0,0,0,386.465433818765,0,642.454827215338,0,0,309.657192929201,311.209027633339,0,955.236964037059,0,656.41495464542,2250.3497030341,2254.17227943756,0,0
0,545.724254547237,0,0,1750.2304874117,354.903589216395,0,0,640.557612618824,671.630504885281,0,0,473.003799679544,0,272.760644399028,0,332.751825290035,0,0,339.674007971057,0,0,453.988004198998,0,0,0,389.743089798764,0,651.425856095485,0,0,320.573011287952,311.963350735404,0,967.519958747304,0,652.570156633175,2266.78371921788,2274.12176037107,0,0
0,539.997038368717,0,0,1694.65012952358,344.751829697994,0,0,627.149563208201,659.921615603562,0,0,478.993557799132,0,288.617975427549,0,356.60388957505,0,0,350.432912602703,0,0,459.582534388456,0,0,0,379.017305704454,0,619.009321443547,0,0,299.679393127129,300.688366605805,0,951.843763104831,0,652.559146115363,2269.59963380909,2284.81958933137,0,0
0,575.083965393581,0,0,1787.77159792481,362.473692195446,0,0,638.061994818318,665.339169304448,0,0,480.125294330407,0,286.2247217338,0,353.448882465225,0,0,356.875825863436,0,0,459.707533578859,0,0,0,387.174355469461,0,638.406598640196,0,0,323.285163672824,306.586014359629,0,963.109175050357,0,667.504274789262,2276.12361318265,2285.97444881276,0,0
0,572.219802607937,0,0,1748.19495067195,353.40356127844,0,0,632.230835282172,657.276840137255,0,0,475.137814900643,0,291.144946000511,0,362.99897792987,0,0,365.426294575902,0,0,472.114412299919,0,0,0,390.060433199321,0,654.105909921139,0,0,328.501529773023,332.321392499743,0,1045.69294698479,0,702.957168501943,2350,2360.21739130431,0,0
0,580.001950416254,0,0,1849.20337662758,375.204188935914,0,0,667.010353063598,700.967892935795,0,0,499.070098886073,0,295.192799568505,0,368.483047608024,0,0,373.506772840646,0,0,495.690159191125,0,0,0,420.964697694816,0,701.100621420412,0,0,348.418607922449,341.744119428403,0,1075.77570068144,0,714.396668508437,2350,2360.21739130435,0,0
0,573.972068411533,0,0,1785.66792001095,363.331088675284,0,0,637.382102179081,667.640615360801,0,0,482.315148988035,0,278.672761600137,0,343.692499598523,0,0,350.782141527194,0,0,495.690159191125,0,0,0,414.717647058823,0,682.140649772292,0,0,335.312876678551,334.916853341045,0,1059.02784485966,0,678.695308925703,2350,2360.21739130435,0,0
0,577.643972859313,0,0,1777.35857782578,360.893102282652,0,0,622.323970163351,650.604761783178,0,0,469.698171021688,0,276.443871399977,0,337.54645980506,0,0,346.702561459977,0,0,462.249840819731,0,0,0,385.401482859843,0,639.03866674565,0,0,317.77261490865,318.973063853512,0,997.982799160214,0,678.141030052253,2350,2360.21739130435,0,0
0,576.968826187688,0,0,1745.58765879108,352.747713721127,0,0,622.009362490035,647.515856122057,0,0,484.910213686488,0,280.959104634966,0,339.682717090171,0,0,332.448269533977,0,0,439.977939268792,0,0,0,369.915066452161,0,622.176466975527,0,0,305.907980529279,296.323703690526,0,924.900837316218,0,628.594883096587,2350,2360.21739130435,0,0
0,581.954986978204,0,0,1822.17082351295,370.830277256702,0,0,636.536253100758,664.29350700751,0,0,465.82220434167,0,274.014527436568,0,334.88288580961,0,0,351.465414813954,0,0,477.627934828674,0,0,0,407.763362458534,0,687.314719609227,0,0,334.929748443526,338.335604324549,0,1039.45771548992,0,669.315272171247,2350,2360.21739130435,0,0
0,575.72423280605,0,0,1753.4512927112,353.734469169959,0,0,614.126354878429,643.344820467475,0,0,463.487131009555,0,271.743037014201,0,326.686250519031,0,0,329.868082021937,0,0,435.295496594993,0,0,0,361.260454758255,0,621.69098907647,0,0,312.501935520207,308.46546272183,0,984.572922125328,0,702.993734599374,2350,2360.21739130435,0,0
0,574.074115511777,0,0,1799.81881814088,366.063850751119,0,0,631.529742815408,659.264574854489,0,0,468.851699007878,0,274.39106294077,0,333.451157529273,0,0,327.564284612772,0,0,433.678232734005,0,0,0,365.006277568995,0,608.667044354875,0,0,310.907296725604,305.760782481174,0,971.112664703159,0,654.744594970456,2350,2360.21739130435,0,0
0,571.548106089648,0,0,1755.86876887981,355.321255219557,0,0,616.06044112953,643.27134607595,0,0,462.037312417532,0,275.039272281171,0,339.0318130175,0,0,343.699041443352,0,0,447.213645468042,0,0,0,373.416225513747,0,616.855475251711,0,0,309.295232564717,304.069932464307,0,944.325273888288,0,674.54612411284,2350,2360.21739130435,0,0
0,572.018905134915,0,0,1767.19880379044,359.695975876147,0,0,614.526969285599,645.521663505007,0,0,453.804638410232,0,262.024457308215,0,318.488269176241,0,0,326.081197243707,0,0,428.721624457527,0,0,0,361.391057816582,0,602.322836826424,0,0,300.64291425253,305.361323158656,0,928.141944131827,0,641.598507824429,2350,2360.21739130435,0,0
0,573.468048886208,0,0,1742.80414307121,353.64471384185,0,0,590.959587187368,618.916665215608,0,0,438.213328850795,0,254.290331234942,0,306.734152262571,0,0,317.062047412112,0,0,424.01269549562,0,0,0,346.295206045813,0,575.527198609524,0,0,280.946147239672,272.757700496012,0,852.284025273125,0,625.000354542914,2065.47198677617,2078.81627084747,0,0
0,576.7137658334,0,0,1726.94105475079,350.184795132983,0,0,590.098102515516,617.055702185157,0,0,451.216077385213,0,258.263277194664,0,307.444557544528,0,0,309.056589768482,0,0,401.546602894013,0,0,0,321.153867531668,0,531.503107184959,0,0,277.44168817481,275.743034823608,0,900.512275534307,0,622.955245951027,2250.84791885628,2263.57980878909,0,0
0,579.03905829956,0,0,1751.30946430875,355.732541532381,0,0,599.047106735146,623.3018489188,0,0,456.628143399622,0,260.446626699772,0,317.378190765977,0,0,332.321189002565,0,0,440.860103581792,0,0,0,353.160643521839,0,569.009202579397,0,0,282.349150372398,277.469765971356,0,891.061214019635,0,613.667602558173,2182.00676153657,2187.97632202953,0,0
0,574.761087251457,0,0,1704.23838547816,344.85534683421,0,0,579.625330098394,604.30325803896,0,0,430.398741260346,0,251.414598211418,0,307.493168636496,0,0,312.285833135588,0,0,421.059111416075,0,0,0,349.98320731453,0,561.366684252155,0,0,280.447899390606,284.519252040295,0,928.94507224778,0,609.473840639997,2116.24886096273,2125.04330956676,0,0
0,573.651254555906,0,0,1739.21165996111,352.914012290136,0,0,590.342188097743,617.218770971194,0,0,437.900152295083,0,249.830308636508,0,304.30424483436,0,0,312.75416680801,0,0,423.339038305919,0,0,0,342.117048279979,0,565.349768573706,0,0,281.333301219034,270.271228660956,0,854.896160055048,0,610.495359041085,2085.32139206372,2094.23903940183,0,0
0,569.135918155844,0,0,1689.99243066817,340.990437756374,0,0,576.99568975817,602.615221163116,0,0,437.607229506304,0,263.992345751969,0,324.086283876819,0,0,330.946426736575,0,0,438.762419016365,0,0,0,362.854892646998,0,585.974222700024,0,0,284.891130092628,280.878933238268,0,838.116890244614,0,614.16014214115,2031.84066590857,2040.69711735664,0,0
0,578.027695867285,0,0,1794.9190559662,364.443819869325,0,0,599.35344024465,635.325861406593,0,0,440.415464120174,0,254.082815441222,0,301.116999671027,0,0,299.359686860379,0,0,398.000844399824,0,0,0,335.096264744939,0,558.835250885225,0,0,285.074396431838,285.254379710175,0,879.234905711788,0,587.493369396186,2174.76491160632,2184.97177470084,0,0
0,577.725030042816,0,0,1778.2461731746,360.957053987428,0,0,585.432423331367,607.246262857941,0,0,432.073635584504,0,258.993669472125,0,310.846544929284,0,0,310.769143858633,0,0,401.387950536574,0,0,0,329.495225121348,0,526.778011555848,0,0,265.865578916274,261.077067086474,0,815.844281112211,0,582.260255859754,1959.42271801216,1974.00628813048,0,0
0,576.075115504842,0,0,1762.9744421604,357.371228054341,0,0,588.599061822627,614.532181233505,0,0,444.832795645071,0,273.660050194992,0,334.888762881863,0,0,331.311575146968,0,0,430.467191018789,0,0,0,345.641946384157,0,564.128257149867,0,0,269.030730401844,275.859574191819,0,854.15787665885,0,597.890748449976,2032.43545072544,2038.28874039278,0,0
0,574.458015929993,0,0,1753.63302051123,355.478399460691,0,0,579.945029483704,606.509447709997,0,0,430.039335581232,0,257.504603961585,0,314.121794959221,0,0,321.857059890066,0,0,428.103136649546,0,0,0,364.701498479476,0,598.635986689827,0,0,293.036641807903,281.90751064011,0,855.88410860615,0,594.809082658685,2152.64532760385,2156.35737320159,0,0
0,575.636979365444,0,0,1764.07044079371,358.201870700801,0,0,585.683071588912,610.416848142325,0,0,436.774267496245,0,263.458825310264,0,316.994029684717,0,0,318.122157574854,0,0,417.238510537472,0,0,0,334.171212287504,0,545.1299258893,0,0,274.563011869048,270.370689032575,0,869.366119273114,0,567.648396495262,1942.51599611387,1956.74165392711,0,0
0,571.563355928854,0,0,1745.67676102179,353.741344741973,0,0,579.479555589347,607.989505483182,0,0,437.840294462398,0,260.022393608807,0,314.345786529947,0,0,313.049810768678,0,0,413.693888508634,0,0,0,348.505938242921,0,565.647557017756,0,0,270.114060895747,270.324677025413,0,892.056026246219,0,617.178845167628,2114.63343121043,2121.5369300915,0,0
0,566.139008318966,0,0,1698.15468389541,345.339596709451,0,0,556.417692310333,585.076849622818,0,0,412.340399552424,0,240.450402356395,0,293.624320824017,0,0,292.852037697927,0,0,396.928287197088,0,0,0,330.364076863099,0,551.365689533431,0,0,276.516497679088,273.316473918298,0,876.424432988323,0,598.628329012861,2145.6346642109,2155.35554453682,0,0
0,530.173194184204,0,0,1590.24718488693,321.532650953951,0,0,517.248623699217,540.79110091757,0,0,390.685357381131,0,232.822234091729,0,285.710017766283,0,0,288.864048599145,0,0,391.512489354179,0,0,0,325.044557837963,0,529.029707141635,0,0,265.411331577307,260.945386198468,0,853.76196887217,0,563.291890819541,1924.12913931148,1934.66959835928,0,0
0,531.924018877079,0,0,1641.65394757748,332.15008462746,0,0,530.464931589214,551.704352583782,0,0,382.938196300862,0,221.247540894515,0,264.568142213403,0,0,263.527839838847,0,0,355.742653374585,0,0,0,297.840572473602,0,488.547234200715,0,0,254.398402407809,255.590127325835,0,833.39574819705,0,581.752006350193,2033.90986945205,2045.89026561374,0,0
0,529.263071324066,0,0,1640.04096855176,333.791972736659,0,0,546.290355005023,572.360827395731,0,0,404.131087260598,0,228.426790912844,0,276.952681480036,0,0,283.172748764298,0,0,382.597976256516,0,0,0,313.544846710993,0,506.613656516815,0,0,247.213376423119,239.304053562832,0,744.040957245807,0,525.106804848278,1783.68156336273,1789.55622395964,0,0
0,527.883185030807,0,0,1608.69981840503,325.841964374858,0,0,517.260381711739,542.030463378182,0,0,371.053528883924,0,210.344707429107,0,257.187664152504,0,0,262.550615598403,0,0,353.343546923511,0,0,0,292.002536762671,0,492.380692729401,0,0,249.014578489766,255.937876387051,0,805.5373864213,0,540.944675673565,1910.61539235092,1921.21021815661,0,0
0,524.211027149355,0,0,1591.06636509802,322.027507938877,0,0,518.80666584144,541.760921208973,0,0,386.215890134703,0,223.239606818951,0,268.988766518408,0,0,264.756310696688,0,0,349.822562491413,0,0,0,288.048228718316,0,464.186166012639,0,0,227.082945127107,219.729517484491,0,709.50968152529,0,496.871908550512,1755.16940369982,1766.67575392131,0,0
0,527.612903333349,0,0,1624.7747817243,331.054172127977,0,0,532.621495629828,555.931727967021,0,0,396.970558693626,0,221.170915387765,0,265.100557105245,0,0,254.616323111598,0,0,340.729386974306,0,0,0,275.90681539629,0,457.811165741222,0,0,231.439354386774,233.663338316332,0,743.846865451322,0,483.202798392688,1700.09618580121,1706.60987100386,0,0
0,525.357175606944,0,0,1574.34006080666,318.632352114553,0,0,507.351390150424,529.758073648551,0,0,380.674791910209,0,208.31355602239,0,249.7872532086,0,0,244.766741150223,0,0,324.941426370612,0,0,0,267.573873377373,0,437.629928867481,0,0,213.789033813517,215.654832991157,0,684.424773414101,0,481.959371476145,1627.12210591777,1636.29200318478,0,0
0,521.955096673586,0,0,1573.93630508553,318.42884589896,0,0,512.255709022728,533.880586489721,0,0,384.708576107341,0,218.120879256103,0,261.613748717694,0,0,262.102039317566,0,0,347.723349916248,0,0,0,279.299252379603,0,458.071994296411,0,0,220.458530309395,212.53045771706,0,659.543214448042,0,452.469655017467,1574.40150537781,1580.45618722479,0,0
0,520.878154978456,0,0,1598.62824846434,324.65398668678,0,0,525.819182209441,552.870335304558,0,0,399.483444327375,0,226.069201725827,0,269.588377011453,0,0,260.146224406251,0,0,344.778833418327,0,0,0,278.056548868912,0,449.352664103189,0,0,221.688669950755,221.841203169826,0,690.977857707089,0,461.949659945686,1649.2565134116,1656.16841850637,0,0
0,519.158881591295,0,0,1558.01860337598,315.571413375464,0,0,494.833673458732,519.720173696969,0,0,359.438296739124,0,208.509073939136,0,256.372021451848,0,0,257.588336862439,0,0,345.990101257103,0,0,0,290.880640955881,0,476.005744385532,0,0,224.318908244578,223.975703638375,0,677.72201124664,0,461.667613977193,1556.47810260106,1560.67993702745,0,0
0,523.706982271041,0,0,1607.88019215584,326.521920875697,0,0,505.489762934618,525.552979141508,0,0,365.400869747631,0,202.080411110954,0,245.227691396792,0,0,247.760431718142,0,0,331.475893923156,0,0,0,275.168770410089,0,446.633898289193,0,0,222.10438026812,221.735002970129,0,682.852307195514,0,448.946810663994,1602.67437811422,1612.26538248771,0,0
0,520.03502714242,0,0,1565.23154493798,316.545159088879,0,0,502.265904497243,523.535083577019,0,0,375.272748914272,0,215.82741080424,0,258.207850276189,0,0,263.482844207455,0,0,335.34602638683,0,0,0,270.906472618656,0,430.920427413604,0,0,202.95272983542,200.314892968034,0,639.620864482353,0,412.7645092874,1470.26155552157,1479.99278094633,0,0
0,410.508798502279,0,0,1291.56065652797,262.278674165521,0,0,436.338333511819,456.822378532562,0,0,321.233159645322,0,189.138174340251,0,233.863732984337,0,0,237.361135030669,0,0,319.671915726929,0,0,0,262.058537769784,0,433.629571676733,0,0,212.374361901241,206.196908820063,0,671.210618249063,0,445.235292397195,1448.72779315394,1453.44223411718,0,0
0,409.39525468284,0,0,1291.69963910235,262.782623698864,0,0,436.080112119904,458.192251739482,0,0,331.749305779,0,180.808039723809,0,220.735114594381,0,0,214.885410825058,0,0,290.174285306599,0,0,0,250.390479130352,0,414.043013862074,0,0,201.14445097398,205.359002746793,0,672.13037047455,0,495.232468220248,1643.12519839747,1650.7756194317,0,0
0,403.062098475158,0,0,1219.39367181013,246.421886560337,0,0,419.409133239722,439.110248507109,0,0,338.054160435655,0,199.703537468365,0,240.292717912147,0,0,232.262522042266,0,0,302.010667231462,0,0,0,244.43959444076,0,393.672481721306,0,0,192.978549297863,186.342407716519,0,585.732185972839,0,437.391642863853,1604.19684176769,1614.84621457686,0,0
0,406.295968151283,0,0,1270.55407134487,258.12217996382,0,0,419.188279979304,439.459851921085,0,0,305.886674058703,0,170.351311707098,0,208.06313147511,0,0,203.417416000667,0,0,280.187241384592,0,0,0,241.502487585075,0,407.563929506554,0,0,198.331132430004,200.812013365789,0,597.423421959888,0,409.365984837941,1449.49399088978,1452.56438002111,0,0
0,405.452891003022,0,0,1233.10588133953,250.909059556076,0,0,403.719962264303,417.619335378301,0,0,288.160115701739,0,166.349352323184,0,204.255951087997,0,0,210.57819239543,0,0,284.323992464,0,0,0,239.047844667723,0,384.391906314565,0,0,178.132776051648,177.684655741628,0,522.051145030003,0,369.434444903615,1286.43853691501,1295.67380784113,0,0
0,410.942792533936,0,0,1241.02763974397,251.156582986415,0,0,408.131097664669,429.945975930947,0,0,302.825012914555,0,172.600985160334,0,205.312234282981,0,0,194.788008689544,0,0,255.91595969069,0,0,0,206.369352400408,0,337.246456834591,0,0,160.851807172491,160.068070505269,0,478.305164412017,0,356.44640607452,1191.96562667437,1202.02729725096,0,0
0,410.472094861617,0,0,1265.57724415598,255.649129852971,0,0,413.496371867549,429.668313634378,0,0,304.577367023732,0,170.305299929651,0,206.599599610974,0,0,205.474022776336,0,0,281.770347194607,0,0,0,225.937753589011,0,369.977266188308,0,0,172.878217356731,168.614534677439,0,517.017974819596,0,350.163336404679,1224.06925603557,1225.27701289395,0,0
0,405.690281699192,0,0,1269.02973709934,259.048717275706,0,0,421.880203401174,440.48480952653,0,0,310.176181012862,0,167.15329752077,0,198.306174853295,0,0,192.756123855515,0,0,258.826493734428,0,0,0,213.862805768453,0,347.417722426083,0,0,170.928458094435,168.450235873035,0,572.693984566621,0,380.743257642575,1370.27538201071,1378.66604033225,0,0
0,402.759001808502,0,0,1191.88670763751,241.08497681077,0,0,388.145066479667,406.403716781913,0,0,287.478541717238,0,161.555567033334,0,194.469309766479,0,0,196.852307189163,0,0,267.862676797438,0,0,0,217.429610101275,0,353.612091628579,0,0,170.043726141816,170.441490214501,0,571.315617393579,0,391.040114477219,1345.98992663856,1350.20389458211,0,0
0,406.160903332482,0,0,1232.21158382444,250.103673711395,0,0,400.692913445383,419.189413387336,0,0,297.956540991776,0,160.727816910897,0,195.498671033071,0,0,189.521011292777,0,0,253.3522652341,0,0,0,212.230046326724,0,347.729525340981,0,0,166.63036647973,160.750906310052,0,530.373098083755,0,375.768443899142,1285.16210943815,1292.37515073681,0,0
0,403.905175606944,0,0,1224.42655353885,247.430534720377,0,0,392.096951433441,412.352295198963,0,0,291.919057664696,0,162.349590402423,0,200.165226350684,0,0,203.59731722448,0,0,267.682858389532,0,0,0,214.497768944998,0,357.70585429696,0,0,170.92189510538,170.633468404311,0,534.59934486806,0,370.599123413705,1302.9500521188,1309.03149619578,0,0
0,402.320916354277,0,0,1222.52427844208,249.007276577976,0,0,395.16941676859,412.623848598061,0,0,291.831503452492,0,160.700641732269,0,192.701084198752,0,0,199.954352869156,0,0,268.953454091276,0,0,0,225.016667638899,0,370.209131244186,0,0,181.16146146743,178.354083929301,0,577.20699381658,0,379.095196042336,1289.02955237109,1291.94269193124,0,0
0,326.471692789344,0,0,997.304809670595,201.467457935115,0,0,332.311119412178,347.549544870724,0,0,258.265899621558,0,152.391685187018,0,187.349116310397,0,0,186.332855267392,0,0,256.047210010616,0,0,0,210.985556004958,0,348.622663841332,0,0,177.533483352951,170.992024505575,0,595.69931201343,0,408.68544786063,1399.33336759022,1406.9536014231,0,0
0,325.425055489478,0,0,1014.23870845346,206.399806158142,0,0,347.81221664005,365.085858716013,0,0,278.897679919194,0,159.697628755309,0,195.87997229429,0,0,191.591868722804,0,0,256.370340303901,0,0,0,208.9821029417,0,341.369386582235,0,0,170.434812266547,169.605075118933,0,596.473937796164,0,432.662225918091,1457.21797061281,1466.19338161013,0,0
0,324.078085452494,0,0,985.864781838279,200.158718707015,0,0,337.648012166352,351.562757289332,0,0,273.216234856941,0,162.108028001066,0,199.184215936252,0,0,196.547233186395,0,0,273.539075932992,0,0,0,221.32356571205,0,371.644332925644,0,0,187.841313572555,190.855801384382,0,633.326861003827,0,439.469884387195,1577.52849893735,1578.86508787,0,0
0,325.322780212278,0,0,963.736518312647,196.529351444297,0,0,325.420839739754,343.753856646162,0,0,260.477149853556,0,148.866947917621,0,179.800586309332,0,0,176.570307268602,0,0,243.193761246625,0,0,0,214.329362499128,0,351.284547962915,0,0,171.844686619285,171.22698341079,0,596.538626621186,0,398.190119622781,1408.26370245864,1416.73125992768,0,0
0,331.385832001482,0,0,970.868343513991,196.862451102106,0,0,312.717471767273,324.356911076077,0,0,244.688470926082,0,144.195885279851,0,175.385197153489,0,0,176.323044246607,0,0,236.485315574651,0,0,0,194.956562345713,0,328.19603171942,0,0,163.523757747449,161.269508890251,0,550.004575055538,0,407.197633239238,1358.19813946117,1367.55675535074,0,0
0,327.177321161537,0,0,966.681391216254,195.043752517045,0,0,312.392008523028,326.177501613602,0,0,237.415846209896,0,140.91605028328,0,171.02438385247,0,0,174.747125419857,0,0,227.592712358016,0,0,0,189.991197638144,0,306.324820491383,0,0,153.007814787916,149.692147437544,0,538.426212847745,0,350.165033999505,1282.30248445422,1290.286008242,0,0
0,321.114168001985,0,0,958.13548361216,193.806890774514,0,0,313.501749251612,325.456532763237,0,0,231.125754823879,0,130.142116769477,0,159.313174028487,0,0,159.011962250982,0,0,223.552661371463,0,0,0,187.224932360604,0,307.184501707005,0,0,152.101080308819,156.115972931742,0,547.312021630916,0,381.613523419813,1339.48846528833,1343.50323656448,0,0
0,322.595949317427,0,0,982.826153973223,199.169849491786,0,0,333.692183708601,351.288233084749,0,0,262.292342725017,0,150.445068600496,0,180.814178716106,0,0,175.348392291716,0,0,223.917968860628,0,0,0,176.47621608574,0,281.309404097055,0,0,139.112326775531,136.80318039459,0,495.669552506813,0,330.611860731917,1119.88857194153,1129.21510961825,0,0
0,322.595999998266,0,0,981.799996886579,200.066956384087,0,0,321.288627410101,334.429347087713,0,0,236.074203680702,0,128.393404867533,0,156.359509463931,0,0,167.738424898859,0,0,233.678354726315,0,0,0,195.30958317954,0,328.960772371374,0,0,165.471180240871,157.903694130526,0,557.066754207118,0,365.106733437957,1281.21747997612,1280.1489500131,0,0
0,322.596,0,0,955.287618267181,192.977715410763,0,0,308.187793204474,324.76017861481,0,0,234.841536807944,0,134.898752633101,0,161.601805676893,0,0,163.779205775734,0,0,223.792057929467,0,0,0,184.729516433873,0,297.342094542214,0,0,154.622593487787,155.841880451799,0,569.912830488586,0,384.747743503813,1310.97709977045,1320.29312124896,0,0
0,321.687090159655,0,0,975.455721025056,198.289537228686,0,0,309.038778190617,324.589562006316,0,0,227.625620921309,0,127.394859857948,0,148.387985358974,0,0,148.198074843881,0,0,197.82113328558,0,0,0,163.071418975328,0,271.36112258106,0,0,142.215485938842,146.063480895356,0,505.676328447373,0,358.779716774657,1305.30987149838,1313.61948784999,0,0
0,321.887835609817,0,0,949.730612280489,191.975865411149,0,0,296.599471627151,311.712009090482,0,0,227.496960931297,0,130.749716508387,0,156.979846827973,0,0,159.855384136669,0,0,217.392793637533,0,0,0,175.598998214058,0,283.273415427906,0,0,145.720830131039,140.373065816822,0,471.181722157547,0,306.964364135073,1025.90271707436,1029.97016454245,0,0
0,292.417158915117,0,0,911.631453770061,184.645299960376,0,0,283.12909467699,297.101491787625,0,0,211.694039733244,0,123.811030205684,0,145.914549137734,0,0,152.002065692791,0,0,212.549925147692,0,0,0,178.165343062138,0,301.070917143142,0,0,152.428649407418,153.30306921804,0,511.038882070587,0,356.0881084177,1201.81276136701,1204.05780792974,0,0
0,288.879061944941,0,0,887.735922042009,180.754253645085,0,0,287.128922077562,299.874530786266,0,0,226.653285652747,0,129.75872792533,0,155.970282632628,0,0,158.308316806549,0,0,208.027165089614,0,0,0,173.091445509476,0,271.80044883478,0,0,141.19637099872,138.366694503085,0,458.902145268527,0,337.890392716965,1166.66783566645,1175.45684346445,0,0
0,289.587074235731,0,0,878.740115689683,178.186866612422,0,0,276.225082924029,289.338753624695,0,0,213.516035566823,0,119.497834281732,0,140.420921666614,0,0,148.237269868162,0,0,200.622886792895,0,0,0,169.495320888872,0,280.234943213665,0,0,142.034518019806,140.379180057511,0,453.787527281294,0,314.964034369751,1131.41441616038,1135.22621243294,0,0
0,286.185096670119,0,0,855.950334671104,173.573169560409,0,0,265.315962762666,278.081873268,0,0,198.186114848667,0,113.704743620471,0,133.931718874302,0,0,134.955716732019,0,0,185.676013704364,0,0,0,155.987504334453,0,255.229821496056,0,0,127.222059731094,131.551850486291,0,433.059933699093,0,297.705656406179,1052.32517470113,1058.9023563688,0,0
0,286.623004712365,0,0,859.233391252419,174.477331401122,0,0,262.086037543728,274.588818126659,0,0,188.724586729398,0,103.574678194273,0,119.840522275099,0,0,117.410762368854,0,0,158.813695005004,0,0,0,133.656953175171,0,219.92664312557,0,0,113.938208764582,110.156697308748,0,357.571108812034,0,263.055901013624,914.736705746547,922.169899896902,0,0
0,286.487965237884,0,0,849.565653961275,171.784552504081,0,0,257.384649326109,268.739458408908,0,0,184.069743184114,0,103.062246023802,0,122.744848038668,0,0,117.281499800121,0,0,153.425796629661,0,0,0,127.033529393102,0,205.941118221757,0,0,101.595828889606,101.580781013919,0,314.723611300856,0,227.420077144155,797.681847083801,803.576491964175,0,0
0,288.575889204055,0,0,870.722709417268,177.172706796103,0,0,262.721007514861,274.220955255138,0,0,182.916085247235,0,98.8266269864885,0,119.246016163036,0,0,116.830675851974,0,0,153.524041470874,0,0,0,125.166111591683,0,206.615809428326,0,0,97.9789768917786,98.8060215282847,0,299.966494023287,0,213.599768776363,743.787841382614,747.091679938851,0,0
0,289.149039467546,0,0,860.44783400144,174.600981328009,0,0,256.848142698833,269.124408657416,0,0,181.090932481868,0,105.766398107455,0,128.072232374469,0,0,124.548585639258,0,0,162.764231072551,0,0,0,131.425097081383,0,205.653887033332,0,0,101.048008618837,97.2134475647931,0,290.586248823763,0,218.362647377821,731.042100218463,734.652430797138,0,0
0,286.926076033829,0,0,843.610049466273,170.946352858724,0,0,248.25593489274,260.235694768629,0,0,170.913228983393,0,98.7675929993067,0,118.46839036788,0,0,123.550612035578,0,0,161.067600030929,0,0,0,131.625112548638,0,215.182560376991,0,0,103.305872874893,101.553435208188,0,309.001869733348,0,206.673901659612,763.661760399349,766.119740798772,0,0
0,287.531939896164,0,0,846.727424333698,171.819803707363,0,0,246.603521417384,257.449279241416,0,0,165.566596962523,0,92.1672000013749,0,107.726255908373,0,0,106.393374696064,0,0,143.084261826111,0,0,0,117.294493341049,0,189.717609832714,0,0,95.8226466300422,99.463358173708,0,306.437658760064,0,224.788229442641,750.70766948503,755.242388402693,0,0
0,288.710979362843,0,0,850.881602378891,172.782873267759,0,0,250.750742611738,261.748246353525,0,0,174.863025770599,0,94.2263251733563,0,111.306952350529,0,0,109.732692491095,0,0,143.650665004549,0,0,0,117.226894186591,0,183.315400396105,0,0,88.8376263878488,85.3706411750742,0,267.512246087372,0,186.374021832288,665.112654981859,669.044217012382,0,0
0,287.667055396672,0,0,844.850293119224,170.093432367521,0,0,244.166639970267,255.930935651862,0,0,170.059245437559,0,92.4627488768571,0,109.061781231569,0,0,104.977561685709,0,0,136.651549515717,0,0,0,110.750772501598,0,180.031448912907,0,0,89.7422837001945,88.6313663925468,0,266.650917385176,0,197.048405197303,698.540197598421,702.302308415938,0,0
0,233.947927876153,0,0,724.364134547411,148.173570827703,0,0,221.882787986939,232.723571005863,0,0,156.613127001377,0,91.4812132490329,0,110.809151915619,0,0,105.655497529688,0,0,136.557395696103,0,0,0,107.926258591491,0,175.914659028433,0,0,80.914848367069,84.2382181705835,0,254.052613800803,0,181.421565326387,588.591524901319,591.945609270148,0,0
0,232.161080807476,0,0,676.711424532621,137.226221898951,0,0,201.908700142589,211.873763068192,0,0,143.165170126079,0,80.8109411646619,0,97.8230538084876,0,0,98.9651203625006,0,0,129.852562711013,0,0,0,112.840230029779,0,179.403605164323,0,0,88.7218699343307,84.6143988250107,0,259.790428979327,0,181.571654560373,683.705536149752,685.305913255708,0,0
0,232.025965240487,0,0,674.509403224014,136.286647215705,0,0,197.678015677713,207.387197690544,0,0,138.928067517312,0,80.325452837314,0,95.8664958825532,0,0,96.9275957890961,0,0,130.361609902375,0,0,0,105.804100164403,0,167.199437358455,0,0,82.5397200456827,84.2025145899345,0,243.658746880606,0,176.585350066644,601.891779171146,605.867961457054,0,0
0,234.416859150837,0,0,696.275514249167,141.676200464571,0,0,201.23526366386,211.020926012878,0,0,134.556190352691,0,75.318176490038,0,88.5433494412143,0,0,86.6878532159175,0,0,110.882596121079,0,0,0,92.6306698666554,0,151.771539200325,0,0,79.0905713184945,76.2343646793095,0,238.781834723468,0,152.119287592216,540.112479861819,544.18383215031,0,0
0,235.428044175576,0,0,693.727610991146,140.915028137254,0,0,196.471598450191,205.075161020674,0,0,132.18905860202,0,71.5579878128882,0,83.4430433646121,0,0,86.7649950928841,0,0,112.771868761356,0,0,0,89.5106698693762,0,142.010199994952,0,0,70.2870294177812,71.2531728436179,0,219.009120897675,0,171.159971328066,563.874446934627,567.231884147034,0,0
0,232.767071324931,0,0,673.408336467299,135.454583081634,0,0,192.922673576059,198.351925050418,0,0,130.865402384126,0,72.0179399294146,0,82.1544933201939,0,0,79.8100424402811,0,0,103.601585742185,0,0,0,82.5090073979931,0,129.41982551027,0,0,63.6367260060421,63.7438957155202,0,193.935231556188,0,142.958915876194,511.452656778872,514.730351757207,0,0
0,233.205004711498,0,0,708.795392140533,144.337562502843,0,0,216.67459823836,226.144452381812,0,0,151.474949933109,0,81.480040768925,0,91.3550004196646,0,0,86.8201653849831,0,0,106.901639163015,0,0,0,84.0282352862934,0,132.875505151954,0,0,64.6196787821657,64.6648195706918,0,199.572683602883,0,137.07643037664,501.143904512921,503.495231205253,0,0
0,232.464025344321,0,0,683.01550800352,138.992401792018,0,0,206.608523467968,215.743726248417,0,0,145.205045606871,0,79.9950918226119,0,93.9279920251402,0,0,91.6594688253305,0,0,118.822275408211,0,0,0,92.7097128577356,0,148.253870181533,0,0,68.9369329417011,65.7218855828847,0,203.877030706796,0,141.28591128044,469.429078523159,469.797779330731,0,0
0,233.06993989443,0,0,669.126938642075,135.439874057903,0,0,197.996167361094,206.727458843197,0,0,136.191883309944,0,73.4382311303896,0,85.5393820905254,0,0,83.8930650109507,0,0,113.874030880919,0,0,0,91.1382437890435,0,147.643041098459,0,0,70.3634823516333,71.7291543042728,0,224.112702525661,0,150.486008685221,539.493232328856,541.086201958196,0,0
0,233.946009416061,0,0,686.383003362643,139.0581522995,0,0,199.248778928146,209.350463249072,0,0,131.158012137462,0,71.8136435564289,0,80.8566901790737,0,0,76.8507750905956,0,0,100.299378115215,0,0,0,82.7644324177403,0,131.590262532545,0,0,64.2094349071397,64.2383123834582,0,208.694354274942,0,145.623613447259,495.18297540055,499.048698867657,0,0
0,232.464050688641,0,0,681.661247182626,138.10524988403,0,0,196.639803245212,206.712250143344,0,0,130.454063908603,0,74.6526191258276,0,88.7537501857918,0,0,87.4978822327926,0,0,115.225451220217,0,0,0,95.0428634954944,0,146.818291332151,0,0,68.8480120989403,65.6093613277054,0,196.338133015502,0,133.929960517454,492.857682324101,494.180391911641,0,0
0,232.766969948515,0,0,683.590016655486,138.984144818958,0,0,195.657549366238,204.261660045311,0,0,129.453402100966,0,69.7696725389442,0,80.6821595666114,0,0,78.1928651270873,0,0,99.5685831932492,0,0,0,80.0866404459644,0,130.062588347219,0,0,61.5231152995387,63.9220259885416,0,186.82042010137,0,118.464455248348,434.395827487258,437.83476185268,0,0
0,13.1867060408113,0,0,56.5460882358539,11.4928000902804,0,0,43.9525959839398,50.5412665819779,0,0,57.6882039706935,0,55.5108603793856,0,75.087484107022,0,0,79.9870721892099,0,0,104.322666472835,0,0,0,79.2140277093819,0,120.588548689931,0,0,52.160749621857,52.5236569605085,0,159.177508431214,0,92.0635528977125,323.45019152377,325.890509447498,0,0
