15.8769230769231,16.0077095722911,14.519542649099,14.6416512568475,14.3006256344884,11.4791494572581,10.1928644620932,10.0957408195053,10.3699029097876,9.71235440827076,8.48710707831185,8.74891724572069,9.21357291642826,8.79498997333398,9.9083683121276,9.81442999008858,10.6621945972022,10.5386936990537,10.6226016332279,11.7355246030583,11.202694929459,11.4454236796444,12.5756807840541,11.8590923990667,11.9663566135533,12.2516329177527,12.4829883925844,12.3646297727314,12.8115978722772,12.4661722730093,12.4169075042686,12.6599741078774,12.4130124863592,11.8075996415681,12.0096239704409,10.8963038830397,11.2322683145532,11.9207672082926,9.54811581096501,7.75141599020493,7.75141599020493
0.0994835121175868,1.96706734675565,2.03570035316926,2.46965494597168,3.77291135821687,2.84372986223687,2.66527518429444,2.8835094885749,5.89219941777647,6.76568131807001,6.30622326789444,7.19236061210235,8.38634111281754,9.12418008529225,10.4239161423279,10.3477012411795,11.078035732041,10.744537018286,10.7962635646627,11.3629370110185,10.6452123270656,10.6922919937186,11.040042906233,10.1922156032618,10.0723589538412,9.42774734631202,10.1294792688516,10.5739195711892,10.6305092053899,9.96900141225191,10.4639107050202,11.5520918351381,12.1944073115388,11.9216285152248,13.4083211314104,15.1465332760311,15.9237109029007,18.5314210409798,13.8521867000005,9.73634535718068,9.73634535718068
0.0994835121175868,1.83295116844437,1.85493554024351,2.24019722523307,3.39041842796871,2.54628414166885,2.29271504691163,2.447830513621,5.20959373503242,5.88790113613422,5.20885549642722,5.55149711473826,6.00915128848809,5.7494977962301,6.43195524607411,6.3458287188045,7.25166059668564,7.29638956478316,7.42505720330132,8.85220933891084,8.73372339487539,9.16813887139776,10.693097475497,10.4855375215349,10.9004293741031,10.8103279215656,11.8835860546946,12.4934497913387,13.5379939071342,13.36810794642,13.6359924764066,14.3048837771614,14.5577099017585,13.856612951397,14.3955166799514,14.6966061140072,15.2362816735393,17.6411099423428,12.9913462039269,8.99485038456538,8.99485038456538
0.0994835121175868,1.83294658131639,1.85492751763552,2.15160625404817,2.95555422608885,2.19082176985086,1.97209494562784,2.07529603262965,4.58704040861475,5.32553576839688,4.70956149458752,4.93691857542597,5.11866659153494,4.72588916623148,4.77617888511695,4.5837082914784,4.91412562707104,4.81434959403511,4.8896289930149,5.96281751210306,5.91243526170685,6.21235602722795,7.05938329315826,6.68418388537211,6.89749572193215,6.80099004908294,7.2729400601894,7.83247006761632,8.22197002067459,8.02811355928719,8.79002650716283,10.1958877113488,10.7743565719238,10.6593754926629,11.71847339535,13.0077297684689,14.0001568182622,16.832920450083,12.6795384715019,8.98529699137128,8.98529699137128
0.0994835121175868,1.96634021977584,2.03442865228467,2.20123334908733,2.36915615468845,1.68114807539055,1.51276132819218,1.52976889906402,3.62614525008144,4.45877411044803,3.94157379081859,4.05455543140678,4.14567421908191,3.83022249330931,4.82245923899724,4.89721015295536,5.38704563047073,5.33709446772685,5.43817370583327,6.41819215007359,6.218434367149,6.50148630870009,7.81426792756901,7.73680514307045,7.93722702605132,7.86123576894061,8.54667333615511,8.61413340155915,9.06232088315975,8.64198592312494,8.80167030633621,9.12059076941804,8.70611109614952,8.33791536162146,9.85861592659953,11.668781624813,12.1198129043251,13.9078431724427,10.3342569816875,7.22103061421255,7.22103061421255
0.0994835121175868,1.8329511435747,1.85493549674797,2.10733622375323,2.73861932254266,2.01356767168852,1.81266011312738,1.8644162049198,3.79205308996922,4.41034571880318,3.89962149013146,3.90032694508436,3.99213633632401,3.76514885549184,4.51030168697476,4.51276330792405,5.03454604531079,5.00108459789738,5.01269508352157,5.34439783407251,5.15084432946245,5.31534400143744,5.97254773399226,5.75244178066775,5.84373638469328,5.65852751814187,6.25370166250019,6.69591349721367,7.36531043340556,7.36220040367499,7.62715201775468,8.47986493573744,9.32510408616738,9.12048673757827,10.6037912885483,12.4266394163256,12.6940861425621,13.9202018534977,10.4318864401727,7.34657217978358,7.34657217978358
0.0994835121175868,1.96634021993188,2.03442865255757,2.24552031937674,2.58596284093359,1.85826904805358,1.67181572637444,1.72292972827231,3.31251956658973,3.77718813264527,3.33726868285332,3.55797927491353,3.82432404571812,3.61752546255617,3.94741281252481,3.86820626539616,4.0415812167716,3.9155826322464,3.96672678505336,4.5367289411236,4.40810197318339,4.68174312793128,5.64103109849118,5.43918767041778,5.52530501567709,5.36863403468152,6.10942962098978,6.38681983940792,6.86030635724998,6.75956769251255,7.04284833106997,7.55649285753995,7.56989665886235,7.32258577759269,8.01800991511347,8.76166871644363,8.9705352708274,10.004678062224,7.44111826190235,5.20717362456173,5.20717362456173
0.0994835121175868,1.83295114357471,1.85493549674798,1.97447531462095,2.08790732604577,1.4819182040638,1.33488463633156,1.35275466447262,2.7811854163306,3.30360486749035,2.92482809748091,3.04514013519474,3.14342650068212,2.91728569212003,3.43560731562904,3.43409686930859,3.75565828632273,3.70830333544882,3.87955148547802,6.01232967809875,5.92112696227609,6.04553010181871,6.73712627003406,6.60530654541792,6.69523950985688,6.45433305043309,6.99325149926367,7.1009186591901,7.41550978217778,7.01844317643722,7.34315213954511,8.07829807642921,7.97916326798511,7.48880474281993,8.05307379460434,8.66933772160603,9.11405767629552,10.764818469945,8.00809376612635,5.6113576329615,5.6113576329615
0.0994835121175868,2.09973385854823,2.21392978748112,2.42800832413075,2.65027736519449,1.88024540907226,1.69025883959704,1.70622921108466,3.12677401514515,3.60594522536267,3.18055652150219,3.27897302735577,3.44447582695294,3.23443099291242,3.33129987542903,3.20341447068183,3.44022370719957,3.36336893397707,3.38819635507357,3.73697394445174,3.54430562183658,3.69351195261229,4.32171057428718,4.18727580668627,4.19505059166136,3.97760499055865,4.51284208109895,4.60017115397446,4.86096884853267,4.7773562485408,5.090732632584,6.08565417826421,7.38375322763439,7.38391379452096,8.26106585601557,9.30082895356192,10.421820279837,13.3977566213515,10.0404712571423,7.06777038025744,7.06777038025744
0.0994835121175868,1.83295570598992,1.85494347613484,2.01877922433633,2.30560812576091,1.65990951106633,1.49570270202946,1.5654386311173,3.57933373786183,4.22278010668629,3.73914020681324,4.08548405363919,4.54668706810524,4.40615623666965,4.73264174849204,4.60879827782194,4.58241669302412,4.31512930887577,4.34503487469344,4.91381487744333,4.61498613178772,4.55007831072123,4.42991450801732,4.0681556389927,3.98833100911826,3.72358945498662,4.24399504940563,4.54521680079829,4.57172197949169,4.22105180203004,4.34453118648273,4.83949607308702,5.26200291889082,5.07238251181802,5.94410023325707,7.02010100291994,7.36352738594667,8.54466486867374,6.39354348147063,4.50022160518423,4.50022160518423
0.0994835121175868,1.83294658147158,1.85492751790694,2.19589322433004,3.17177693209488,2.36736954195363,2.12992458332827,2.21530140798978,3.96987339510356,4.36813964495129,3.85787625278293,3.84998180873193,3.83982987857577,3.50100748508916,3.73882393495087,3.62899196008315,3.99186435148717,3.94503245483302,3.97133601009574,4.65638152533151,4.59299077367047,4.83585955616406,5.88166894991779,5.84878916721403,6.05560186032683,5.99094944480612,6.24635976479099,6.57306598192119,6.84859741963262,6.48838630209109,6.54982859270286,6.82115991358277,6.83794577621181,6.41463699792383,6.79779192915746,7.08490586667465,7.52442838497741,9.1727377152253,6.72768586886224,4.64119452868956,4.64119452868956
0.0994835121175868,1.8329465811595,1.85492751736113,1.97445837462001,2.08759668098631,1.48162056815395,1.33434465878341,1.38638552615765,2.97995842890994,3.48233096339325,3.08283685139309,3.42780440910714,3.98154943535888,4.00159730591696,4.56871855255716,4.53761848615453,5.03666820854751,5.0022277492757,5.08102387717736,5.81058280982675,5.5673017179499,5.65186736959609,6.24158620276644,6.05987395030143,6.05752348546684,5.77680107922271,6.08958710768414,6.22308109493314,6.413872328086,6.02099092388239,6.18666960011454,6.60480650733455,6.52780907542466,6.29133141134062,7.85586392366369,9.81978848995798,10.4323334092765,12.3926463523148,9.263237686906,6.51105707495477,6.51105707495477
0.0994835121175868,1.69955294254314,1.67542638243756,1.74768340014604,1.80516207485895,1.28123408254102,1.15409260773585,1.17185305109011,2.59977835252336,3.13963648463619,2.77899364741184,2.897338960397,3.08511929247172,2.95501407036777,3.4545624248306,3.44449698495063,3.75276830845394,3.6997044750879,3.71481442554825,3.78581792373726,3.6603662193043,3.6996932602157,3.95605594471846,3.8989446734073,4.02888292367269,3.96012164542638,4.21258467707689,4.52230131338255,4.73316913569206,4.59611501237067,4.75437977333883,5.1315991133558,5.54678049203757,5.50868954650781,6.65152801800086,8.06010330304001,8.25983534974472,9.0931770271992,6.81453529780558,4.79779584339629,4.79779584339629
1.40868653158503,22.3093596911166,21.3603165816352,21.8039703959019,21.929965363957,15.5549873256002,13.8746592851393,13.8334905260656,15.0391228876789,14.0086945842497,11.970316940806,11.3495333251216,10.7515301485131,8.42780782820196,7.16769438060745,6.35429070784892,5.56573363474223,4.93906426079887,4.81604117089155,5.83734597091669,5.52286109826593,5.67569351084125,6.40333880617502,6.10839271462736,6.15287008467254,5.94089467615046,6.87437208752929,7.41949712408921,7.57320059539598,7.02278713874835,7.10084640199104,7.36256287370133,7.06534562238524,6.57306389976059,6.41263476996406,6.02487172032051,6.12400364734295,6.91422758479879,5.06469029982844,3.49173922423733,3.49173922423733
1.40868653158503,22.4434783465908,21.5410857269694,22.2105851962377,23.1959403616173,16.5768682508878,14.917401507053,15.0021253799001,16.7539767899551,15.8767602361812,14.0274782004525,14.0118441688739,14.0847846445433,13.0012742179632,12.9950738379577,12.3823957937164,12.1924402424427,11.4280085650333,11.362093976271,11.4599271456344,10.6799211743849,10.5885611672514,10.5053857923573,9.56239038037206,9.33040892856889,8.68433365597715,8.78954132059153,8.47918946538188,8.08513503498929,6.88936374007109,6.88962351379526,7.32301391187966,7.10957958087881,6.68254308105319,7.14514970156707,7.7240133487247,7.49729443162872,7.40177725370034,5.55932603388834,3.93105983541816,3.93105983541816
1.40868653158503,22.4434829338035,21.5410937497256,22.0777413191859,22.5466346720671,16.0465918167228,14.4424634222428,14.4942834288359,16.0868375829634,15.2834224034453,13.5132147600359,13.6308339666602,13.8188054586369,12.8370622667479,13.0563477180185,12.5401472652979,13.146021180135,12.7328193691469,12.7875202959246,13.4848159864007,12.9398692633003,12.945107891148,12.9372390008052,12.10380388865,12.1486426966722,11.5207559520315,11.8962351653528,12.3239260245409,12.7591039480212,11.9821075801946,11.9418958049829,12.125952013088,11.7792253865663,11.06233138719,11.5628947228133,11.9340578071771,11.1619976030666,10.3222670138046,7.56287342276733,5.203898639611,5.203898639611
1.40868653158503,22.1766956567277,21.1820914801529,21.535617431406,21.5488823531282,15.2922936852699,13.7653820723515,13.7667961615632,15.1154133351219,14.4135600891747,12.7504760232923,12.7677303409016,12.9717465147083,12.183241606429,12.4443080972762,11.9710335939826,12.3327464483127,11.8572142964796,11.8874600111543,12.1180068988133,11.6231746521806,11.7520011247777,12.0939309495241,11.352593724007,11.3756131118088,10.6920075981391,10.9340895990561,11.4349810201163,11.8955757638466,11.3772086275919,11.5819301412708,12.0625470394078,12.1717350239312,11.8244429493687,12.0636780509337,12.1428423162173,12.4791213526088,13.9592399339247,10.3962496906052,7.27830977494146,7.27830977494146
1.40868653158503,22.44347380913,21.5410777912263,21.98913350033,22.1102113467229,15.6896063365684,14.1186844587768,14.1518186894248,15.6551502656337,14.8873591182531,13.1533298041552,13.363440839204,13.5252253302941,12.4090716885658,12.8098941177336,12.3397894109797,12.4295868602163,11.812829073564,11.8147688981684,12.0943861735727,11.5156708254952,11.5507155784103,11.8539192896653,11.2244464139835,11.2137657719173,10.5319399291464,10.9024841861076,11.2079129171682,11.5263289788036,10.8813367762849,10.9685276831713,11.2814948394606,11.3070923849035,10.9050596057699,11.2641946060293,11.5336074530146,11.753038483925,12.9530853883151,9.64938421938215,6.7605046696213,6.7605046696213
1.40868653158503,22.4434829336483,21.5410937494542,21.9891673791819,22.1119988787014,15.6913463231141,14.1222103348407,14.1736996079892,15.7647281440274,14.9915103629527,13.252487828703,13.5875413068317,13.8524384199139,12.7439549928459,13.2034551867424,12.737744837223,12.8653662303848,12.244403531093,12.2394680431961,12.2121941607023,11.5763887182914,11.5608683364581,11.7059637736438,11.0768759370576,11.1203843247111,10.5345880980929,10.6198689507033,11.3886392541593,11.7810023355378,11.1594193263242,11.4520285814189,12.297620484105,12.6764932603725,12.2215804395292,12.9269762382891,13.6210096984758,13.7322667044364,14.8048392877977,11.019237989605,7.70877637509454,7.70877637509454
1.40868653158503,22.5768765725768,21.7205948849235,22.3488032639425,23.0445629199908,16.4228104680053,14.7790160730143,14.8295788359793,16.4166259545036,15.5739222562909,13.7611210096651,13.7485425519257,13.8255038470262,12.7777236034621,13.1523214636869,12.6551480832753,12.8601342270136,12.2720423138169,12.3211042611066,13.1662467868874,12.5622334245929,12.7680953411243,13.3888895107029,12.5588845855975,12.6464472066957,12.0085974591362,12.2507845730533,12.7620458789937,12.9808349592559,12.0755820807634,12.2651623298168,13.0314829431488,13.3996441307905,12.7157485031176,12.9325154384468,12.9498895355947,12.5957803198527,12.7030799217599,9.40983807883726,6.56221114979296,6.56221114979296
1.40868653158503,22.4434874963757,21.5411017293869,22.0777582597716,22.5472376331031,16.0471763725053,14.443616460137,14.495812903675,15.7541416076905,14.7863771530097,13.0755963184635,13.1959047098826,13.4782393236354,12.6241977597716,12.8364826344139,12.3264493708294,12.6530898408483,12.142664155902,12.2138484606342,12.8248492909453,12.2216291218619,12.240069737496,12.2619921168263,11.4942575705047,11.4989335180417,10.8188587197663,11.3939685941849,11.8685413503325,11.9689831004165,11.1054472528786,11.4912057810839,12.1261646507139,11.7387861656576,11.3715169640771,11.9499451272342,12.5421134192536,12.2292613224977,12.1713604805656,9.10806864142604,6.4072774986158,6.4072774986158
1.40868653158503,22.3100892955001,21.3615926153494,21.8509663458761,22.2644930296229,15.8464928864843,14.2628257873322,14.3320765048744,16.0083560739517,15.2136420289916,13.4524138768495,13.682435393771,13.866456450596,12.7733181790157,13.0991382785977,12.6009289259615,13.0017450444009,12.4900517073931,12.5147324797158,12.8259723221628,12.1392884321883,12.2139624817741,12.4730501016098,11.6591138461211,11.6406402911539,10.9282279907496,11.2961612222831,11.605401572087,11.9218798752595,11.2337483041777,11.312321832639,11.7035746215991,11.8951444452268,11.452694725454,12.3126317774895,13.2128209575493,12.7952602504881,12.6358345890548,9.40173282098861,6.57847361793598,6.57847361793598
1.40868653158503,22.5768720101616,21.7205869055367,22.3487863239394,23.0439606518747,16.4222265921019,14.7778644858079,14.8280513329805,15.7423174842327,14.5672925241424,12.869497665092,12.8542636688426,12.9289643905643,11.9535688915338,12.2078587098647,11.7282902388339,12.1356738182351,11.6938210592302,11.7077058503766,12.1004816712651,11.708083071561,11.8699814038339,12.2791413086904,11.5711488971377,11.635901312268,10.974182015239,11.3631146971368,11.5636268239444,11.8117939918621,11.0648379277072,11.2225543632659,11.7377360480091,11.9102209562401,11.445088086691,11.7759127860256,11.9908713228634,11.7636676815652,11.9851516256081,8.9170675091443,6.24067103727187,6.24067103727187
1.40868653158503,22.1767002189869,21.1820994592669,21.6242083102553,21.9838271950027,15.6478352482048,14.0861717935047,14.1395614343028,15.0671398021835,13.9742740777806,12.3647969650019,12.4983749047903,12.6114726793377,11.6613141819101,11.7675248404585,11.2785285341501,11.4849995755041,10.9778544378344,10.9967088535718,11.0332716488119,10.4969524468184,10.5028952189109,10.5102976198799,9.84924468541958,9.85632180161296,9.27170408186581,9.6310180414797,9.78480119171773,9.93550928592428,9.32783527252412,9.46462982011691,9.73880426762492,9.75301068123576,9.53933583794725,9.9915829141707,10.4476515841792,10.3981660215318,10.7904307565011,8.09138076596101,5.7034380072448,5.7034380072448
1.40868653158503,22.5768674479024,21.7205789264227,22.4373433239356,23.4769721485449,16.7758850468282,15.094822522505,15.1956832435938,16.6904995998691,15.616086328142,13.7913000487977,13.8771368174906,13.9355263869318,12.7446840522704,13.1979536590126,12.7107205816747,12.9752225452026,12.3923817083757,12.3752172843118,12.5795869139924,11.8433081291735,11.7869808779253,11.8747671233205,11.2025030739737,11.2179600035387,10.6462323628379,11.1610300301259,11.4129840338757,11.5472411003911,10.6723761720979,10.6037003055344,10.8036193374834,10.8764027358192,10.3533512284647,10.967134189382,11.5550609365579,11.4415524980352,11.9632099553858,8.86694191841598,6.17991767247528,6.17991767247528
0.971953913388823,15.3015427982199,14.6154806896941,14.9484670877207,15.3428273620129,10.9454304956569,9.89594371970483,9.95753751064519,10.9041251572352,10.3365371915363,9.28841640159063,9.55795621303289,9.9386986916874,9.83775423225715,11.6529160459984,11.705647813038,12.4727478714968,12.173356840484,12.3498624422282,13.1714502043701,12.6508121831915,12.8128866815877,13.182598980827,12.377691796143,12.393075805272,11.6340691712802,11.8549050485827,12.3089725980335,12.5646580784764,11.7074501650308,11.7201612670368,11.7870851930367,11.219819215676,10.6867463467452,11.1300635796998,11.4996118935881,11.262881085622,11.4872974187932,8.52686068980368,5.95528370705147,5.95528370705147
0.971953913388823,15.3012872554628,14.6150337609464,14.9918052414326,15.5178599365448,11.081955937127,9.97361512023608,10.0250149625686,11.6156311248582,11.2548751982932,9.94858096834434,9.94696583545231,10.1289337669162,9.51008431682406,9.48313671823949,9.04371689884813,9.00880258254641,8.51399210052131,8.53363574354821,8.87231320683086,8.43605463288983,8.50104250941514,9.07532067221501,8.84400640023951,9.01382662968751,8.67393037628221,8.96225607817729,9.32282684031239,9.87106602389857,9.78835025809152,10.2203532660176,10.8044594861493,11.0774745286284,10.9581404794736,11.1191799419753,11.0798056658906,10.8296822313214,10.8290336796527,8.07493444119764,5.65633662298232,5.65633662298232
0.971953913388823,15.3012872467226,14.6150337456602,14.8589442998482,14.867121478876,10.550280510713,9.4957843146289,9.53044161297272,10.7045446450895,10.2378722354543,9.05295459513675,9.28228360407621,9.65062262987595,9.10220067818544,9.32901735889199,8.98466542632438,9.19799180732924,8.82307169052167,8.8695525604065,9.14069877635494,8.73429930667777,8.80768360631491,9.33113756261884,9.01463353761492,9.01038866117423,8.48999115338883,9.1764297141144,9.2649687838951,9.4270657906065,8.77551005155992,8.89108872782148,9.1992596832227,9.02619765777646,8.67614160056469,9.19520711060614,9.74296527218933,9.66735720930107,10.0558401236938,7.5128468966474,5.28181872829453,5.28181872829453
0.971953913388823,15.4346808853386,14.7945348805833,15.1742932137345,15.5822938825456,11.1040495294195,9.99230885934274,10.0429820224256,10.9591990611422,10.2623666225655,9.06659969832387,9.16770080747735,9.33553985704386,8.65548065801632,8.59451401677015,8.18457137317671,8.151303087887,7.71183395136879,7.75864510577369,8.33700947300005,7.96359479000656,8.04394018437657,8.43623017458601,8.08568218487201,8.20509906696267,7.85487516762657,7.89699930455304,8.07348967907763,8.47095110214279,8.15603322209223,8.43058727291306,8.84273751403455,8.57602156361805,8.28772503154891,8.99433546224521,9.77622176029164,9.29528477978363,8.74284046042841,6.53126116887986,4.58998595084086,4.58998595084086
0.971953913388823,15.3012918091375,14.6150417250466,14.9475351792737,15.3017749812058,10.9055361116847,9.81596301735073,9.88521269564907,10.8901481546202,10.2069149764966,9.02645945295751,9.25646949801062,9.44048690028799,8.7019345053974,9.34505847437524,9.10743426351407,9.11733832277302,8.64161191564496,8.6757349031394,9.02312533394644,8.54839113046888,8.63268101602222,8.89438565797216,8.30060499097893,8.33202496593251,7.97272000459227,8.86656479705058,9.24967210699338,9.37874313602606,8.6903476013424,8.78770406608598,9.17083286214072,9.19416189393535,8.8358096347559,9.18110779335187,9.47128478900222,9.78773316830201,11.0974327675204,8.25296967261248,5.76773637722637,5.76773637722637
0.971953913388823,15.3012872468783,14.6150337459326,14.9032312701366,15.0839286699798,10.727401978916,9.65483977269371,9.70644051202844,10.6266439039579,9.96751887996864,8.81218208834774,9.03755386596102,9.21673816119445,8.48768267321083,8.81996419446379,8.52033708909144,8.54483083476108,8.1117578362692,8.17229218903839,8.89554398048732,8.52998825410974,8.59366751029008,8.7684542226264,8.23038953925201,8.24974379840731,7.78590460330334,8.35329442936117,8.6603366243356,8.70015840465618,8.05157853826685,8.14690563577961,8.37157561850753,8.2611559648986,7.92890972007597,8.25675897768718,8.55120982016981,8.51557134238189,8.95758066324612,6.6830383651754,4.69373666060578,4.69373666060578
0.971953913388823,15.4346808853386,14.7945348805833,15.0857192743134,15.1485345180767,10.7496642864797,9.67389387137727,9.6905707682469,10.4427430136222,9.79917492323642,8.65981186016855,8.76684686419883,9.03434787726279,8.50176118219693,8.80711736269899,8.49834059942987,8.78110116188697,8.45030900809717,8.47381498819648,8.82478556329622,8.45632505693406,8.56543570740036,8.87431073042338,8.31457619259856,8.3800160193695,8.02896528414595,8.72336719925436,8.8244582886295,9.11709631558353,8.61362770855043,8.89870617308722,9.56009585796719,9.60845824292851,9.24944994333572,9.42707489177623,9.48149144111408,9.52405067437387,10.2043084755604,7.58417615246102,5.29725080528955,5.29725080528955
0.971953913388823,15.4346854477538,14.7945428599701,15.218597123451,15.8001407543087,11.2821842121295,10.1534332767917,10.2045924280857,11.1227588559312,10.4117680780161,9.20132467029183,9.19537542943353,9.3717580453601,8.79613854225879,9.19348276311238,8.88187983809622,8.9547783949153,8.50900060974047,8.53794938568774,9.16902604825391,8.73346230099242,8.76906963205407,8.90276176811626,8.33143306936402,8.52675355066024,8.36773975352061,8.36681404629479,8.47743272971756,8.58068018379288,7.97310230354286,8.11832938376993,8.44892756625086,8.32186804439008,7.99157406385166,7.98491034941282,7.84827163530494,7.85461727354064,8.34138734411405,6.2257197460085,4.37353893961697,4.37353893961697
0.971953913388823,15.3012918092935,14.6150417253195,14.9475351798541,15.3019215271893,10.9056799523305,9.8162703600866,9.91995734028782,11.0909718479176,10.3883727932626,9.18776201535778,9.64313370144244,10.2823835194955,9.78219394647893,10.2843539129176,9.96570966274855,10.1129397927447,9.64169584593214,9.67164682162237,9.97597473220475,9.40787894978238,9.36245914710388,9.26631257697309,8.6087732681605,8.53447174295911,7.9868427016942,8.45438037277965,8.4760504728328,8.48975654559109,7.81043567996721,7.92814192069035,8.1572103386347,7.85423134089819,7.57924601176699,7.60346688908564,7.517528194751,7.69152721308414,8.5177437369436,6.35784866140638,4.46160910467313,4.46160910467313
0.971953913388823,15.3012872468783,14.6150337459326,14.9918052095589,15.517834020493,11.0819305131472,9.97356093185819,10.059268075074,11.4796938807118,10.933390330316,9.66422891229109,9.88563553503238,10.0597033977978,9.24650141055098,9.53024506337387,9.17723800093785,9.42350012625116,9.03471413933135,9.02531912556045,9.15291296382496,8.75632839851589,8.91596360905082,9.57819726776872,9.14089900340285,9.38539457743452,9.20979411884963,9.27930736817708,9.64741249103551,10.0553419967452,9.60859148924221,9.79850326379971,10.0725527664016,9.69698326181286,9.27921853124031,9.90775843868556,10.4703616214034,9.97470212569089,9.58395723999999,7.05601504905835,4.88187671712942,4.88187671712942
0.971953913388823,15.3012872467223,14.6150337456597,15.0803791484028,15.9518846220657,11.4366016175008,10.2925867232034,10.412509854991,11.9979939197011,11.3994796271248,10.0753556416178,10.2947726218785,10.5583034944149,9.79649741064942,10.0591178640571,9.67325624199384,10.0342119150139,9.66027835410914,9.67624053205691,9.982501316521,9.4424929581721,9.47080576198649,9.5845489789521,8.95374252929972,8.93092348806169,8.36983332171184,8.52775846732032,8.61215287063889,8.57582639992174,7.83176549577093,7.8000246673524,7.94633014564185,8.01203009948837,7.69822740722264,8.2244948348344,8.84409548556384,8.85128182278809,9.33241392225572,7.01368552311791,4.96292915573628,4.96292915573628
0.971953913388823,15.4346808853386,14.7945348805833,15.2185801834512,15.799976441193,11.2820302070255,10.1532001966069,10.2043138427441,11.4582323796927,10.9131784960817,9.64548157700443,9.64280643148728,9.9165803790614,9.42114933953437,9.90660003379084,9.60335526331383,9.77928136539114,9.35446629734597,9.37297440762252,9.86765479640186,9.58782266189135,9.71310942708265,10.2228533946782,9.72724569685696,9.73883588853207,9.1475514586189,9.32411881112491,9.44243362712936,9.42865644200567,8.6551426340223,8.94835910484747,9.61590004252324,9.64475373106085,9.23854648378735,10.2263113522928,11.2941068485109,10.7924667914525,10.3905486677796,7.69260959943294,5.35545867039477,5.35545867039477
0.859537544695951,13.7983916409738,13.2837753822949,13.8598759271446,15.0236524324886,10.8035898650248,9.7324205225942,9.87527294492389,11.9811634146115,11.6549746194506,10.3321842469878,10.6056818888286,10.8337746050326,10.0577434453404,10.9003813085105,10.640652752862,11.0121198757824,10.5737950958722,10.5919338250871,11.1249840162605,10.5022384218012,10.4851041067477,10.8802093064818,10.3965914287316,10.4076318161995,9.86137300439874,10.030169846147,10.284556073849,10.4505389831625,9.71761032843859,9.82856495510132,10.478412489117,11.0290650043049,10.5514527946191,10.8601807861042,11.0660457965141,10.4720425232749,9.7999638170182,7.27640299869338,5.07829112993405,5.07829112993405
0.859537544695951,13.6649403104282,13.1041733476943,13.5443128063655,14.2993874504449,10.2409880996556,9.21823198323508,9.28770675527997,11.0440011675593,10.791473979853,9.54503320738119,9.55572405462127,9.93647770906196,9.57315518469095,10.1191723010063,9.8293560197858,10.0462105668023,9.62844514489569,9.69297382842087,10.1599297059051,9.72043879471721,9.75658344306449,9.8123892598218,9.22406243826026,9.38747137568001,9.09560574449467,9.46549264942672,9.62442823081743,9.77206758705826,9.15337202536179,9.27270382066937,9.61490860151554,9.76475028024644,9.46936445966322,9.85911935544762,10.2004066168582,10.1066362396851,10.4650337405685,7.8086444693425,5.47783986867305,5.47783986867305
0.859537544695951,14.4652975777379,14.1811721743977,15.0820935846867,16.8562362331871,12.1469046131391,10.9256173535441,11.0932303540615,13.3259427160358,12.8233314197448,11.3109520133528,11.4865600332383,11.700450439488,10.728874271819,11.3856965041983,11.0270572236103,11.2244932901656,10.7014934442828,10.701593787464,11.3911416105738,10.7694848940353,10.7676698279295,11.0230713857475,10.4206193990667,10.4551902481627,9.92048432451725,10.0770177269307,10.1827338884893,10.2505971680253,9.44142410066511,9.54600041751022,10.0118042609244,10.134785696655,9.65137995345285,10.1020645495371,10.5119722720299,10.7416677556514,11.9729523651797,8.90059102492496,6.22667760921482,6.22667760921482
0.859537544695951,13.7983567589913,13.2837143758281,13.7711724729568,14.5858502639514,10.4452920646588,9.40637465160061,9.47844987725907,11.2455704833683,10.9851627945522,9.73218670952219,9.77327513927787,10.0966200102905,9.70457757419721,10.0984116353381,9.78327079153756,10.2466089885205,9.93519929008171,10.0484512865469,11.1925381799294,10.8986562563162,11.0477914989617,11.4140750862937,10.7275785850763,10.8914565424553,10.5047663144601,10.8983372826441,11.23348843614,11.4713232348708,10.7511143250769,10.9085347598085,11.4206148358704,11.5649707734596,11.0573502100943,11.0007395922365,10.688233433558,10.6161172644898,11.1845769191128,8.28332174712628,5.76837311469245,5.76837311469245
0.859537544695951,14.0651212250842,13.6426767503783,14.2246377253389,15.144208016565,10.83971014443,9.7537801293557,9.82124249739033,11.5691308409445,11.2548503511614,9.94220432094469,9.92896651371906,9.91418558095779,9.08746216693402,9.80483132219835,9.56117780174195,9.53234752803559,9.02106863093508,9.0331466770674,9.22741695254197,8.789000900843,8.9064097295761,9.4229559595633,8.99251232257263,9.09489203071629,8.71542956575846,9.27057868388967,9.44790358944605,9.62075691063031,9.06349337664143,9.51696216572937,10.4822874523012,10.9412002995258,10.7359044686269,11.2176445446739,11.6588258403261,11.2705637229617,10.9512543051793,8.19095426928034,5.7553483509034,5.7553483509034
0.859537544695951,13.7983430719017,13.2836904379404,13.6382607443825,13.9317257492258,9.91031489502963,8.9217768044116,8.99195354578099,10.7511935262211,10.5311467402932,9.3193045417882,9.67358137327319,10.1450205926966,9.59000357005035,10.3236668703987,10.0788322742412,10.295916664765,9.8556986389018,9.89345719565692,10.0906715263696,9.56524887001095,9.69517959002845,10.2604938783309,9.6957280509984,9.63930308054642,9.02083923049312,9.32365119758517,9.37002697033855,9.28828756636421,8.45736834992053,8.4946009844359,8.76596406744906,8.80668545685445,8.44941821475938,9.46640906507528,10.652392946845,10.3801839530826,10.3906664458124,7.75280958858638,5.44456037333795,5.44456037333795
0.859537544695951,13.7983339473834,13.2836744797125,13.903948683794,15.2312158759835,10.9717302106563,9.87349497971877,9.9929784049046,11.9910850782163,11.6365659920213,10.2813826103673,10.2695210659154,10.4382914110005,9.75319195543831,10.243761920731,9.90256820660583,10.059227385487,9.58788693146182,9.54978042436636,9.46768941551262,8.96570203293373,9.05984215376252,9.55182292369202,9.10354912836957,9.3346906929776,9.15232792804426,9.20950790809086,9.55234096942971,9.71967985969679,9.0979977898602,9.20391365472818,9.4396023947763,9.3344066043106,9.00391982417048,9.52831493095029,10.0247490036311,9.76537981898645,9.78327990767088,7.26425398220367,5.06801859195857,5.06801859195857
0.859537544695951,14.065121224304,13.6426767490138,14.2246377224453,15.1446425631588,10.8401366709825,9.75469150079708,9.83964508793208,12.0272450824571,11.8798851332773,10.4973863600357,10.6017185705332,10.8668538675735,10.1860873342599,10.6462018574921,10.2982441836677,10.7092206811629,10.3286488897368,10.3445813788402,10.7843550880184,10.323349369239,10.3519910194419,10.6322798071569,10.0605480797754,10.0266927898194,9.38931621302458,9.53891241848013,9.62478054842574,9.68157564912709,8.90943640428638,9.16129243648001,10.2236189040657,11.1427927770475,10.6143946184876,11.0661826722975,11.4890574718871,11.4213891990743,11.995349735515,8.94139171818661,6.27350592691524,6.27350592691524
0.859537544695951,13.9317367105181,13.4631915728639,14.0421835976953,15.0812415597513,10.8190424182377,9.73794122805737,9.82424398168594,12.3726056140267,12.4072944111851,10.9707018907766,10.9753432701459,11.0722003136157,10.2939122356726,11.3731348657981,11.1624422546583,11.2766080959175,10.7277282351718,10.7658418872394,11.6810278235681,11.2165843953302,11.190658694419,11.3233349757558,10.7129890056621,10.8197483750106,10.4267776157799,11.1593349837775,11.6035607739942,11.667917107081,10.7569596103762,10.9486499804262,11.5541298665321,11.6615063299943,11.1443855237673,11.4314876253052,11.5601678761797,11.3054938125455,11.503931541303,8.51165488082308,5.91864601989639,5.91864601989639
0.859537544695951,14.5987003414967,14.3606892686406,15.0874675917698,16.055113857105,11.4621393380308,10.3113735734101,10.3944274754663,12.9295564576734,12.8942086381089,11.38250872743,11.5766453424391,11.9053067480031,11.0829854719527,11.5959810157705,11.2108135102454,11.289261456607,10.7306979476282,10.8015200754324,11.9631898468155,11.450687211869,11.5372152117919,12.3395436200339,11.9453217297359,12.1288575565038,11.7866501753368,12.5030627481026,12.8263921796233,12.8302981056299,11.8209197247761,12.1312956538323,12.8975379696498,12.9972710765281,12.4310631573063,13.5601259244211,14.7310695774997,14.6924068428025,15.621663570806,11.5651962687551,8.05268965291583,8.05268965291583
0.859537544695951,14.5987231534167,14.3607291653021,15.4418480489041,17.7949145341454,12.8843192302541,11.5944656163445,11.8167058518709,15.3767339997346,15.3159926177485,13.5321848707893,13.7396649527024,14.3558882677016,13.6373198198644,14.5216766431245,14.0855117074644,14.5500183264118,13.9536600831521,13.9695241766983,15.0451971168994,14.1841598870978,14.2147564226869,14.6383256447702,13.7144523603753,13.6527710481142,12.9136560593266,13.8692352554495,13.8958983349154,13.7077391435706,12.3396717208737,12.2745796556652,12.4513864041816,12.1659053104586,11.559069291468,12.6842027276732,13.9795557256322,14.188767466127,15.5539239461966,11.5907969234821,8.12740163123411,8.12740163123411
0.859537544695951,14.0651485997315,13.6427246269724,14.3576002750915,15.8014544181964,11.377729748751,10.2445908073594,10.4018884131111,14.0021416776598,14.3073224955329,12.6654414357094,12.9232983044533,13.507882263228,12.9245558127945,14.819430042224,14.708149413459,15.1208397687356,14.5199057074739,14.6274295668924,15.7135442014027,15.0573254211092,15.0587856495589,15.5659338892828,14.9606941801996,14.9291069712943,14.0083773902701,14.5011945789014,14.6308999362377,14.6532977865876,13.4529510984012,13.4724628595235,13.7275534164801,13.5529701473877,12.9844005803188,14.1457655194265,15.3932892835895,15.7692206895953,17.6360587322307,13.0983721654014,9.14765693448164,9.14765693448164
1.26841477949923,21.3021429787417,20.8674906674452,22.0567099282338,24.1391298479151,17.3289723895912,15.5509049416649,15.7295227671494,19.8115504704858,19.6153321179589,17.1880534841096,17.2511939094053,17.4082594504536,15.6099773079054,16.0938582027408,15.4386625916546,15.4812766640713,14.6752061208397,14.6177671182,15.6559979582062,14.9709118684208,14.9691332047345,15.4210751652793,14.6973785070967,14.7639264981672,14.0744384212199,15.5169300713271,15.9362598735765,16.1136406820119,15.0053856009924,15.5750316193157,17.1776778342943,18.1855365480338,17.4655141668049,18.6287804005425,19.7682840347668,20.4356189113291,23.269511501066,17.266016931221,12.0410857610814,12.0410857610814
1.26841477949923,21.1690031440781,20.6884334202063,22.096599131986,25.2011225106251,18.233689618247,16.4102060569667,16.7362256982071,21.5071851867914,21.2614996563705,18.7932002281079,19.2343275014895,19.8551987024963,18.5298349250525,20.4093646952781,19.9971312899356,20.6518500633661,19.8241755790888,19.8388334547106,20.887939719325,19.7720195609868,19.6825878219408,20.2666201288735,19.3290016135033,19.3216603467037,18.3791661837006,18.7839035406514,19.0524477231406,18.6698754584672,16.6305253031822,16.5037986789584,17.3922002105489,18.3439271332812,17.3471095524581,19.9131106350101,22.941951461818,22.6129764974634,23.3877922650507,17.3724757226521,12.143200006378,12.143200006378
1.26841477949923,21.1689985903437,20.6884254560016,21.8308604059517,23.8994147924931,17.170119456253,15.4541714192271,15.6607931134607,20.2114077087649,20.3101798951479,17.9595497953896,18.3065068647295,19.0468693144346,18.0687159846944,19.7423728836155,19.3444534270725,20.2831151117614,19.650903192714,19.8285826801706,21.6818160835302,20.7634073373529,20.9883419817096,22.1402157915695,21.1514270577893,21.2892619386245,20.3234120691372,21.9235634423161,22.3768541809472,22.5803226089855,20.9098303114158,21.2567910256405,22.3683043077161,22.6023341651786,21.5500555650583,23.1065353854624,24.6205752034218,25.333408576313,28.7267670825971,21.2529561396089,14.7811441706928,14.7811441706928
1.26841477949923,21.0356049515716,20.5089243208056,21.6040854308984,23.6168338301832,16.9695893162913,15.2736124238949,15.4458432793535,20.5411306654954,21.0274514777151,18.5918206246917,18.7101486059766,19.2659780646395,18.23740928671,19.9506765862268,19.5343604869743,19.9299122581373,19.0510701254223,19.1412245586993,20.7426212187463,19.8773476491505,20.0515207408823,20.7905549064491,19.5907024026916,19.9815178448407,19.5835950136291,21.0658698588316,21.8643986891758,22.1261631955236,20.6404045461245,20.93319138754,21.9870046469015,22.7631057300473,22.0215708329727,23.4642332462689,24.9250296075413,25.2784347574926,27.5694644451799,20.5294548095653,14.3704850857088,14.3704850857088
1.26841477949923,21.0356003891563,20.5089163414188,21.8255033394487,24.70070205498,17.855039298923,16.0686494791029,16.3770395794673,22.1296015580886,22.4519719843897,19.8430862603536,20.2799404174151,21.3565854311307,20.4010627975024,21.8210283569,21.2187698018581,22.4414528429345,21.7801425154677,21.9107141460215,25.4138744421977,24.6487644280702,24.7110974596804,25.7101312291226,24.5176546686084,24.4156387450932,22.8705146089817,23.5199833241521,23.8684652252191,23.9185918328212,21.8818112922471,21.7783324043187,22.4219663299876,22.7083805932572,21.3917101613737,23.1488171933332,25.053641681966,25.2283005747118,27.4130714495112,20.3684736770499,14.2559517331984,14.2559517331984
1.26841477949923,21.1689940276166,20.6884174760694,21.6979825556542,23.2475153925482,16.6373117788897,14.9740171777144,15.1459354467114,20.2403656075643,20.7560930916711,18.3519671413669,18.8079364970712,20.2784765077964,19.8971244830704,21.9027548032726,21.5071678003708,22.4863978545025,21.7663970047903,21.9454445954956,24.2402036891616,23.4435641641617,23.6287599090879,25.1537695491956,24.3631756880192,24.871624086064,24.3449656348553,25.0359074049503,25.462834741323,25.9113914887274,24.2336444635808,24.9180141811916,26.594390003868,26.992051324684,26.1026131342407,28.7417046695784,31.5843555955827,30.7143242823569,30.6516905638404,22.7277933433182,15.8280635754324,15.8280635754324
1.26841477949923,21.5691795058809,21.2269288602269,22.8211941161674,26.2618837499384,19.0086898683087,17.1031036909461,17.4263156000165,31.6860311098165,36.0453037635468,31.8444520159327,32.1395651828621,33.2763299715205,31.4586612311776,32.9040863548345,31.7213634627975,31.7094284931027,29.8270918623555,29.4978517842873,29.3998261221801,26.9761046418228,26.463192148744,26.8038101640134,25.1001587766711,24.7205822486579,23.2868695234454,24.0337778614576,24.0305199043833,24.3736553141794,22.8309059708134,23.0840165444991,24.2058837351625,25.1058911925711,24.3042323816619,25.606887407301,26.888184297023,27.0531668285546,28.9630587082759,21.6119099499938,15.1642641548981,15.1642641548981
1.26841477949923,21.5691931932826,21.2269527986604,22.6440970579293,25.3982161845279,18.3036776322913,16.4740160336633,16.731905501576,30.6749735070952,35.1517970088561,31.0777400803223,31.4207022764266,32.3399698940678,30.4808419560181,32.4247357561481,31.5271923887114,32.3002904232491,30.9634428638009,31.2019334359056,34.3511127687452,33.028274097113,33.3605294710365,34.6497270520711,32.7405001590749,33.0140718236742,31.6018961460538,33.7707151569521,34.6711991246521,34.8849959909701,32.0263806265451,32.7041299620838,34.3839295778763,33.2888999196908,31.1761229946245,31.9302902380577,32.0947601354454,31.4162338640232,32.5488196179412,23.898829221877,16.5109631569309,16.5109631569309
1.26841477949923,22.2361613868324,22.1244584740969,23.9551198108498,27.6739704465252,20.0105157300871,18.0038482916583,18.395181575516,32.9841674358553,37.2124759864206,32.8745042848393,33.6151973427412,34.7381543323357,32.4367725328942,33.116023552332,31.7867565370906,32.6689274540618,31.3207687859015,31.4025616382435,33.4018822688058,31.8184739170538,32.1024625151352,33.2358102196066,31.217143698103,31.7840062831886,31.0239766088657,32.6202639396743,33.2421862864049,33.8318020660701,31.6953853011011,32.6792869892039,35.0383527917739,35.7571998483367,34.5419492865683,38.0535205424635,41.9774639219829,42.9382138184971,47.6634315455968,35.4911715676512,24.8445458936816,24.8445458936816
1.26841477949923,21.7026096444431,21.406493831337,23.0923915827184,26.7691586399743,19.394024431833,17.4583664853431,17.8897251827912,34.0861293950222,39.071940713383,34.5528857972979,35.470912894455,37.3086403136671,35.5723461835429,38.085897253148,37.0737735465553,38.6435737952776,37.2735804254004,37.4238152675247,40.7078773303844,38.92046884,38.8846658531176,39.8490756528518,37.7398886460185,38.0014553346777,36.6642873497122,39.6508355310531,40.134899334605,39.7909608387338,36.0402039459661,36.3776546347308,37.8089890208548,37.1865825619604,35.2704291156473,37.6900466685051,40.14010118067,40.9470300114107,45.5953725620485,33.8148309524376,23.5904175994706,23.5904175994706
1.26841477949923,22.3695595886443,22.3039675897719,24.6690683950486,30.3437815662443,22.1616824042514,19.9388366016921,20.5354704879595,37.5330206553098,42.1454917440508,37.229951381704,38.0704825976064,39.7266083159767,37.4743452114776,40.1909709826242,39.0994981807609,40.8240139307211,39.4091841512152,39.4547946864117,41.7959166850073,39.9184937859932,40.0349218155456,40.8720213802558,38.4879886491786,38.8335008738068,37.2879563519332,39.6318723743712,40.7594192223253,41.2111773812707,38.222494638412,38.6821945596914,40.2837882667188,40.532013743984,38.9378150985209,42.3321476649971,46.0217967361109,46.7076272337374,51.1454555383326,38.0460116600623,26.6093067419613,26.6093067419613
1.26841477949923,23.5701251476433,23.9195176999265,26.6215539235626,32.4511512991633,23.6099712417896,21.240491644143,21.8017298647221,38.6299492094116,43.129683968054,38.096437338231,38.9340967159433,40.4070296813517,37.9321829571274,40.187133607438,38.9967627312862,41.1949600289833,40.0089379182199,40.2041902218427,44.3923306238536,42.8875554138433,43.1915277874365,46.3902320159727,45.2135313460604,46.2873570377199,45.5045057692726,46.9616619950004,47.9173670416264,48.212522787182,44.4819485749343,44.9807564814988,46.5532396342442,45.9731496842178,43.6744336139688,46.4952273276037,49.0977990805577,49.3720585331715,53.6132093590401,39.6158776706956,27.5359297425742,27.5359297425742
3.47197457290379,58.1257786914832,56.8723448136491,59.4577539423128,62.6488915881556,44.6638539187653,39.9911196873423,40.2439657643238,55.2325223343573,57.2937584096591,49.969431533796,50.0028219152231,50.9999086158437,45.8258465245748,47.0103022352898,45.0573970564785,45.0093376047525,42.7055561478493,42.6815349329613,46.5078956707861,44.7948410590796,44.932891704056,47.9661659624544,46.8807035469641,47.8362249673546,46.9312839057135,49.3822950552928,50.5985120056247,51.4287132144728,47.8810079565779,48.6191115562916,51.1408976053234,51.8164228297823,49.8421821805964,54.1254282974117,58.7316637270905,58.881272933843,62.8539546955097,46.7245926051448,32.6480441148207,32.6480441148207
3.47197457290379,56.6596644040861,54.8999585802679,57.8091956125131,63.8650746761462,46.0228403130512,41.427834884664,42.1702383488094,59.4131804468163,61.618221720221,54.4918680062392,55.9774830393871,58.6285721439664,55.5466459763951,61.0647332205298,59.814656808085,61.318045388613,58.6552335938449,58.6915556740069,62.0242749966086,58.7938931334572,58.6216317739748,60.5318372984414,57.5184210367648,57.4113674319796,54.6359803181568,56.786938732868,57.182381248025,57.0200522706933,51.6914402395771,51.8678822218927,54.4877038283665,55.2312910379312,52.4879001647606,56.7939298552377,61.5883428249951,62.3666433438238,68.0772222151763,50.6829903747868,35.4955169391027,35.4955169391027
3.47197457290379,58.9273061155781,57.9513901734361,61.7084709625395,68.8640702977707,49.5877665315493,44.6121340299282,45.3399075077152,62.5235493948175,64.3538633989752,56.8275747099984,58.0530376280166,59.5362613317031,55.0737631635509,59.201928445484,57.6547026818096,59.3935083283229,57.0434726645961,57.379478954924,65.2431482702733,63.3983313755324,63.7943644020656,66.9218151701438,64.2859214063662,65.2947284766814,63.1248764283731,65.8552919448086,67.9309367143043,69.1939318811015,64.5711566004736,65.6379957478088,68.5076995870862,67.8503881928138,64.3619781817126,69.4785608720127,74.5947419500542,75.2284562064896,82.1721683106187,60.7414276224601,42.2288822029913,42.2288822029913
3.47197457290379,57.4600536501418,55.9770133358541,59.5242430050887,67.2993300073629,48.6471816214899,43.7920060945305,44.6902869608858,66.3233774108352,70.0053344402205,61.9174683272529,63.5400886259339,65.6679252023189,61.4290910133282,64.7088862213483,62.6932461609324,64.9145219720953,62.3906036742209,62.456429160953,65.7458983486969,62.4701875263672,62.4475957617833,63.9227693490899,60.289401723921,60.8708221971473,58.9069197151663,63.0334441361227,64.4541380193738,65.0340116881415,60.4392522360136,61.4004175700539,63.9553256279796,64.2931786795347,62.3665394820319,67.5431858276406,73.2620416322001,73.7921938811145,79.053263288648,59.0098332977095,41.4023875638401,41.4023875638401
3.47197457290379,58.126971659309,56.8744312418559,60.3479227592513,67.180379677932,48.3961194665846,43.5528484029317,44.2715018927327,65.0445511786014,68.8186280539944,60.8241882979882,62.0335405285158,64.1821684621182,60.3129606361713,65.4356653192825,63.9483101876315,66.3578151013381,63.9735432936547,64.4637732512928,71.5189551748363,68.8805988232671,69.5855393294085,74.9252193442183,72.74750064883,73.857422039579,71.5665084861258,74.6638868646848,75.5147749446062,76.2196584622092,70.3975985306115,71.7510304792664,75.8496434035535,75.9880263432768,72.1450032325909,75.8762361124283,79.0286035601288,77.7937439415083,80.7082208363949,59.6398820788372,41.4628139634174,41.4628139634174
3.47197457290379,57.5934199152032,56.1564665960941,59.3966205853124,65.8400515591374,47.4235184118104,42.685266859263,43.4257873790795,64.3006875688508,68.1697500726509,60.277142926003,61.7576369241885,64.4102314544607,60.9222316891536,63.8332484971219,61.7930773860652,64.5977601456773,62.4547637635417,62.7630068526507,68.5907155403202,66.2154095759739,66.4667612054767,70.0384886943266,67.7701121061427,68.5267094265848,65.922310470727,69.9652878260508,71.9877353985573,73.2195963672961,68.5592612237257,70.1007008370346,73.74141578975,74.2751933879309,71.804966554732,78.7204347747554,86.4834891467479,85.6975119989394,88.8656246384065,66.2715423095254,46.4635597890853,46.4635597890853
3.47197457290379,58.3937634980206,57.2334414894524,60.5357678264416,66.4417971071304,47.7315958699607,42.9534372326873,43.6026176642885,65.3303064429496,69.8361505561484,61.7183181069791,63.140357390974,64.9927696538144,60.5253623016972,63.6755655759884,61.690282647203,64.214867385718,61.9575135540702,62.2064040750011,66.8913994489336,64.209726769406,64.4840547076386,67.8233531283854,65.4121316038839,65.9599591145804,63.2978295369356,69.6587301771667,71.9739975979949,73.4483567858002,68.8622631465674,70.3814879089281,74.3207647753921,75.2606525163485,72.5928675756341,77.6788605680347,82.9450551676606,82.7359297457437,87.2267666388936,64.9311903086452,45.4390988395645,45.4390988395645
3.47197457290379,58.7939717877368,57.7719927694526,61.7919249938008,70.1119306218136,50.6395469378206,45.5703394054602,46.4424463013873,69.2445474374353,73.3578447216995,64.8260671561571,66.2323177314582,68.9812390091528,65.0926708855364,69.1811055695439,67.1642905888992,70.0615021564764,67.6157143740022,67.8363718216394,73.6303209575258,70.5601758047056,71.181926277711,76.4222863775851,73.7844539121573,74.0846219691352,70.6688356560698,75.8071638643951,76.9748271472242,77.7234813132217,71.8565876334711,72.218056868889,74.3708851168358,74.0258977130044,70.6551711010813,74.3822687598315,77.8397249609279,76.370718921574,78.1329848732557,58.019397153067,40.5407008949994,40.5407008949994
3.47197457290379,58.1270172828369,56.8745110346329,60.7466748843876,69.1418947375849,50.0002010629827,45.0047299506481,46.0201300813884,69.5097829037577,73.6254678318373,65.1008678301386,67.2521821982406,70.4343424291556,66.4558345189583,71.6306855831181,69.8660034002142,72.8612257773713,70.3487176273133,71.0104048388915,81.4373546986279,78.487617635413,79.2482932661959,86.1830172655634,84.0936306210598,84.7487737706917,81.3051401187547,87.6168368757269,89.3995032289739,90.7199287143403,84.285483482496,86.1841918002697,92.220222343726,94.2103214858634,89.6898752968381,97.0359597815098,104.598225768688,105.030212822529,113.324287191121,83.9243279233215,58.4478442450455,58.4478442450455
3.47197457290379,60.5280799663233,60.1054915671412,64.6956788173998,73.5575500155112,53.0584112877463,47.7354399691431,48.6175265016151,72.2472191048592,76.488960874039,67.5550045702226,69.116788286891,72.2480393556706,68.273572094932,75.068989552965,73.5648640056305,77.915129677331,75.7449712502768,76.0276826047606,83.6576654832638,80.9066169736012,81.6470009258053,87.0851429259694,83.8961723760438,85.0430720185252,82.430524471494,88.2694973025652,90.3534011363375,91.2784152091295,84.5032743080349,85.6024432160714,89.9180332852794,91.6867521830782,88.2147808445085,94.111495427855,100.29091501465,100.329282120171,106.371756069993,79.2592408200038,55.5280356610543,55.5280356610543
3.47197457290379,59.4610129800861,58.6696261153518,62.9260709085595,71.536521301724,51.6535513977112,46.495858299544,47.46166347929,71.4843877073515,75.8708899049631,67.097324863843,69.1587632184523,72.3693453670272,68.3943948550344,73.3772509613976,71.4935572800367,75.6771460458062,73.5575947283703,74.0334826949142,82.5136800899543,79.7530741790461,80.3958721119476,87.6212912713112,86.1275601701355,87.8879168821214,86.0719483569895,91.7527924452175,94.4186686226471,95.8877599671647,89.5679844926613,91.000682654609,96.0426229589044,99.0867324766686,95.1947047020314,102.723459762292,110.487043718687,109.998585094079,116.004534821625,86.1047929422368,60.0925910420643,60.0925910420643
3.47197457290379,59.4609764835732,58.6695622851693,63.3688050960582,73.6990481273497,53.4193815486129,48.0756755712048,49.2588494998733,74.3335644228625,78.4089995852382,69.3046630997926,71.6304098037258,74.9318063955657,70.4441454132898,77.1578335765313,75.5398844785746,80.6044956180896,78.5800855272785,78.9097622315228,86.9859876653649,83.8993199284964,84.3265897073649,89.8065356248659,87.0725175680576,87.9205131790707,84.6623294653185,91.1675153594389,93.1349421216606,94.3000675246423,87.4785903957481,89.1027090906132,93.918602155893,94.5733290305486,90.8419357312481,97.1605982511791,103.937895244307,103.280068220774,107.923564734211,80.499861568449,56.477590143279,56.477590143279
7.64033373063065,126.681084182987,123.896773480039,182.924533974362,132.330463483184,94.742371871468,85.0440564826993,85.9177916143649,107.374209381025,106.151566159632,92.85802990507,93.3044155067413,94.3966470838585,83.709128852316,83.2270819030728,78.9282926161446,81.0027248014921,77.7974862698119,77.6788797827299,85.6368205199418,82.799724884121,83.5240638654287,90.7341298670733,89.1099498224422,91.1729875946725,89.5706861859499,96.2686098929073,98.3638004095228,100.283822221307,93.8256220117156,96.035051851118,102.369198806794,104.791578407062,100.593847654125,109.968601928262,120.049282121652,120.265681895781,128.506898943044,95.4000442454488,66.5869275641179,66.5869275641179
7.64033373063065,125.883085475111,146.159436508562,242.620837738529,132.750365230222,95.13753742023,85.6234803820726,86.7560743481831,109.409200300254,108.707957534151,96.0962649666767,98.9966029212409,102.760153964293,96.108254637784,103.851310121215,101.328160988772,106.785975517756,103.516813657884,104.100790039813,115.472026792246,110.523056261243,110.856335594733,118.285800991598,114.420788539713,115.137793418903,111.016797522015,117.309045334952,119.756293665445,119.803690573911,108.943860824041,109.475037766204,114.494618132327,114.365754714028,108.202700782285,118.777731997998,130.564961603151,129.702532970356,136.57503981687,101.366358932106,70.7764978328078,70.7764978328078
7.64033373063065,127.483781844841,246.358206921157,273.771899182144,131.931410686204,94.3931482896807,84.9544246896931,85.9502677828267,107.943693493295,107.391475766734,94.9370763966491,97.7361423571877,102.897547521064,97.8751733618824,105.382326163667,102.770580534931,108.456844228684,105.304215468423,106.243047623863,119.12387159293,114.382364033944,115.670355364851,129.831046901682,122.066666152894,124.259980086851,121.189708309925,129.345485576638,132.870676025183,134.960125554435,125.770280104579,127.251014415092,133.342308930189,136.290962338171,130.49636200324,139.040335650729,147.220626415349,144.588371773799,148.387230817534,109.885221490162,76.4924224757646,76.4924224757646
7.64033373063065,160.98505076115,291.713280870133,291.572018995862,132.750128171887,95.1373047377473,85.6229832063321,86.7897250682101,109.292441698668,108.415007735174,95.8358561627454,98.9564133866255,102.984601699011,96.4041684859516,103.571985116567,100.916006931045,107.092407741631,104.201674913528,104.953850426457,117.003860543978,112.598231445351,113.672721155581,123.247288805441,120.386847451654,122.650971563958,119.725509600622,128.675972235969,132.103194725501,134.54194639823,125.68329702165,128.824314716275,136.046216106001,135.917172032221,130.751846841348,140.326246309495,150.362881074201,148.888227512831,154.673943580997,115.128191589108,80.5856878847531,80.5856878847531
100.741424847585,200.088552370477,297.742815078388,319.19553904563,134.506051649659,96.7334263422011,87.0588160508671,88.4482611489189,112.025231087664,110.873414880674,98.005642338686,100.89505276965,105.196592741657,98.9012628304346,104.87638100655,101.806492960068,107.848215603212,104.830207740128,105.439694828257,116.195869114908,111.581088738058,112.892533966643,122.411968104065,118.766225457159,120.976211996411,118.299507234944,127.766911141364,131.932125851207,134.291997786345,125.576747812045,129.270475146058,137.604418903062,138.007551435692,132.906893104754,142.398951253209,152.276409292512,150.739228290438,156.430631137756,116.441402347308,81.5010553710095,81.5010553710095
288.479751917946,199.746158268175,297.085451505213,311.04990675816,133.570861631665,95.8834399471052,86.2957710947707,87.5834436719971,110.669294341117,109.659282623731,96.9422439951291,100.077337075379,104.952758439104,99.1737187397753,105.762199813233,102.875434628317,108.840346179814,105.791894136878,106.357908430396,115.517415341887,111.093496378505,111.948946650019,146.466865320241,122.066666666667,124.92463328275,123.190233598404,133.069852941154,136.483333273997,138.803841876904,129.610273247639,132.399169997758,139.637335989894,140.547850250394,135.093781856474,149.166605388484,164.753524569858,161.250412577181,163.481152314177,121.48527945923,84.886135471487,84.886135471487
479.849765350779,200.39178223596,295.793059079676,305.335825082552,132.985160374124,95.3510132430119,85.8163347554449,86.9837068885197,109.489339965384,108.595881859129,96.0009140800143,98.9097404841484,102.868589606269,96.4493962562072,102.705468524292,99.86056855807,106.233170639156,103.510999857447,104.325104732695,115.885741355603,111.483334234823,112.040297276826,120.102952383726,117.625953061388,120.170589575677,117.900519641449,127.101151963915,131.120784472623,133.337327161161,124.680837080802,128.370657606405,136.707921210633,137.891795409901,133.256563796062,146.274206627144,160.685869180959,158.711413326805,163.694142296659,121.934360274699,85.4141735704064,85.4141735704064
550.298026521811,193.747136170748,291.281308257583,281.784263082234,131.463433602446,93.9677800700775,84.5721006460564,85.4137887814674,106.348458830825,105.769998387702,93.5062764081005,95.7527298376194,100.388230259294,95.4943976577736,102.946188905873,100.446874877895,107.628265978577,105.211892897868,105.954339557782,117.464352887477,113.429558930093,114.768578442302,127.791989983984,122.066661394352,124.45929303725,121.965326563165,133.094690243756,136.65896575138,138.276019248636,128.361497444886,131.752069053568,141.320318275416,144.759331829806,138.96984891828,153.629431793032,169.941246809182,167.754612096689,173.419241652704,128.895025135044,90.0928884042525,90.0928884042525
550.209450186981,193.382462117519,290.139410645716,279.459409481472,131.813617040073,94.2860216152313,84.8571666459705,85.9039751728637,107.828172492844,107.097670321799,94.6730499892581,97.9091572935581,103.226987836145,97.934234688703,104.507165119348,101.641981054198,108.62075312352,105.988798899864,106.771283314677,118.761318289085,113.90399781388,145.06008416941,185.973645447355,122.066666666667,130.627184644501,126.896484906958,160.972986287741,147.193541532958,143.680075187334,135.837703415447,138.477875388005,145.909246890052,147.652157670548,142.01087671795,156.337429968673,172.226628907816,171.131830952436,198.627968935407,131.123188405797,91.7862318840579,91.7862318840579
551.09196551324,197.160157024018,291.72084959436,288.457869513224,132.281941631855,94.711730928218,85.2402197368833,86.372792102992,108.596065734225,107.720904618507,95.2235574953772,98.5704019159107,104.343427568686,99.3560009775315,106.094828061461,103.209344877152,109.682721082428,106.786314952508,107.268995490679,119.165895381368,115.6579156147,162.846080300355,174.455466477535,122.066666666667,135.968611048143,208.418997246599,168.161434061977,146.350516258303,143.102918009316,134.61135304327,137.930835734101,146.04484697696,146.773034127498,141.198097734827,172.849298981435,177.327258973997,175.668063955761,331.888501771228,131.123188405797,91.7862318840579,91.7862318840579
551.020216328857,196.848663278011,291.680470409629,286.763472112732,131.931132417967,94.3928751579883,84.9538409022232,86.1039442486922,108.411703322399,107.556975711077,95.0816551940224,98.8820431353515,105.109184936427,100.189556693842,107.630914238411,104.887410577294,111.58120351067,108.694499385635,109.479510817254,128.309878587347,177.759676410727,189.563194532248,189.773850235361,128.425791123036,178.694379515272,217.267313169054,165.888080850105,145.675698019548,142.814339419982,133.998009856708,137.619251557794,146.845946538878,148.974592218962,143.314588047174,156.994391918075,172.133011675565,170.208678734417,360.931925347037,131.123188405797,91.7862318840579,91.7862318840579
550.599036837939,195.035646278,294.156202723807,300.47466122611,134.03744855872,96.3074436708657,86.6751786877045,87.9099961916847,110.626576242103,109.545149705958,96.8301711553294,99.1582546085911,103.842756345351,98.5388434443331,106.362671559173,103.749746912895,108.877495377961,105.422670235627,105.722896856853,147.981680709697,195.968076277486,194.113470753876,190.575646993087,122.118317277508,135.579932828781,213.538248251338,168.996268631061,146.453487478999,143.175062656637,134.764654346139,138.159545956884,148.504813880246,154.045315987752,148.189696997667,187.288350918525,177.327186701199,184.740527130136,535.481705424282,131.123188405797,91.7862318840579,91.7862318840579
548.629432104749,186.594607765216,292.381010277898,288.584543814439,133.687612397903,95.9895429921505,86.3908412496699,87.8327214795864,111.547815909614,110.380943521737,97.5780354032915,101.60176407382,107.821376035451,102.483957462074,110.045298207587,107.217665643109,120.101804427977,187.306174012077,182.660670974011,160.443660176432,187.551818551312,188.104316834921,188.990883601072,130.837951717112,180.25339939469,218.014972151828,163.030106792712,145.198130668695,142.597905477988,133.53801971288,137.611925619801,148.112671210817,151.421143005325,145.669708493953,182.846890456709,177.32727272707,334.759351380694,555.464970510554,131.123188405797,91.7862318840579,91.7862318840579
550.628065817883,195.164241796594,292.721660072037,292.370773518442,132.751171448008,95.1383287560663,85.6251719269791,86.9814985537374,110.283888637001,109.244310182918,96.575412788908,100.939114285264,107.890237634352,103.068131554355,125.534471318631,189.309650554775,197.431476692982,216.00055422993,198.222315428035,173.682986762009,195.422446439848,197.975182793305,202.757817746518,148.662780112895,196.688091501227,234.409754641494,170.426504528297,145.472662088758,142.742194772644,133.844661738619,138.069426592571,148.907027803508,152.389358069427,160.339049467012,280.546424190685,177.327272727273,556.040227713767,555.58335249024,131.123188405797,91.7862318840579,91.7862318840579
548.900128921873,187.767358510486,289.8601972132,276.224783041509,132.165469447347,94.6059013225709,85.1457340275851,86.2272893019282,108.204398322554,107.37090312834,94.9180358560442,98.0502705723086,104.026299734739,125.196790465928,194.723754637413,212.837474532524,212.111828358123,226.124279312147,210.533099870925,189.440050003326,212.168050264744,207.987555980257,206.545889907608,144.464168140304,188.200345299888,216.217605105092,158.776348462557,145.00139977319,142.525760830651,133.384674058993,137.760336403244,148.934854865888,152.62107422824,236.607539884909,310.267679156952,222.133217887165,627.711622868465,555.584053791707,131.123188405797,91.7862318840579,91.7862318840579
548.071377988508,184.230038218811,287.893092993257,268.19070365498,132.165121509575,94.6055598073713,85.1450040781152,86.3464402614296,109.245629525085,108.510797388754,95.9235429214901,99.8326985832566,179.938241763601,223.985648933614,221.413220383945,215.382130410087,211.870771269512,222.172549128231,207.224222131717,193.153307472484,219.46223109827,216.998814387209,220.607703486573,147.56931921706,194.167845117341,226.028693222107,167.760585482152,146.910243455643,143.391496598629,135.224637097232,139.524818576433,151.452531232651,206.965413797036,302.073630718631,289.968633053002,221.292786481861,616.665890649085,555.584057946256,131.123188405797,91.7862318840579,91.7862318840579
547.072947901998,179.960189401591,286.39843328018,261.413859866329,132.282150443985,94.7119358858909,85.2406578104122,86.3733878301597,108.941195503365,108.236366841924,95.6805195914043,109.910376912026,397.120177413399,242.121223578327,217.642552264952,222.894103538678,221.358752407188,235.752211246064,213.150489322762,185.947042248642,203.725420949736,197.264805615255,195.623708813295,133.691810923734,179.921536566181,218.64834982731,163.682829507901,145.857208497639,142.886484067317,134.151350581909,138.527023204261,167.230068661146,320.16489661237,334.061665281154,324.921183277616,235.548962499881,632.118327439975,555.584057970868,131.123188405797,91.7862318840579,91.7862318840579
547.482849515907,181.719039513048,286.679044805226,264.060897609253,132.399249106426,94.8183804053341,85.3364578275134,86.2975540977874,108.037516083837,107.422632155683,94.9611798441652,236.222131104618,466.084248735762,250.941894575249,219.969242963085,208.845977118955,202.902007826589,213.424316739764,195.337938127671,178.297344030609,198.228697310879,192.43322648402,182.8759651179,124.770857657695,171.151079986545,206.475656730365,159.244881317712,145.49697293553,142.742194772648,133.844671595097,177.95791242359,401.672612740238,383.23845387217,367.133968253403,352.12039699634,240.147541726577,634.185198270246,555.584057971014,131.123188405797,91.7862318840579,91.7862318840579
545.917351006578,175.009853164122,286.353042216494,261.864171161457,133.335551798015,95.6694589352177,86.1018370951063,87.5088133924104,108.906891006299,106.725919098076,173.11274705338,375.347276158146,460.41389460753,242.106211696933,207.620483163676,194.583211281549,189.576701932327,203.516840363613,184.583087213842,166.025665448486,196.05473232071,196.427918174926,195.545839071825,133.703421547319,182.347874927414,223.074368577196,168.336690365389,145.804840815867,142.886484067309,141.351157670735,439.116076507544,428.110793119646,405.529551698315,372.406118004546,349.124076068353,236.924496983677,630.316505752817,555.584057971014,131.123188405797,91.7862318840579,91.7862318840579
545.160165257451,171.776810942014,283.250426398264,245.373851790505,131.814729176678,94.2871132229406,84.8594998301351,85.7526776745806,104.672320919648,102.919073821835,311.520390084874,361.912768881281,436.228692697245,221.980115671631,189.694493341827,184.569838311739,181.137976652347,199.175062030017,179.711158529817,159.868960238146,188.776584511093,184.628950242353,178.598509186891,122.869499201592,169.734154431224,136.016589844769,156.421981867783,144.211016341112,142.165037593994,276.371684933732,480.984457565963,420.899722081221,393.835605696801,348.923069912114,328.308610638858,249.686237751171,643.883982562442,555.584057971014,131.123188405797,91.7862318840579,91.7862318840579
501.73334981129,172.586757184901,281.653428949337,239.413315551709,131.345709163694,93.86072132551,84.4749877941054,85.2303866400268,103.485568806386,145.126065181459,330.799864177367,343.407533801487,415.059880309917,207.402966574794,182.847689997621,184.495391754425,179.418990897195,186.908318024185,168.831969514966,152.249162934622,183.914598045718,185.260556823006,184.751555642672,129.389140143436,180.606897995847,233.631592865302,206.031408164796,191.227143653565,202.684792632812,327.536676437971,463.036757163296,416.380643803222,388.628959801493,347.137046510689,316.687816847221,215.688599909352,607.082626605498,555.584057971014,131.123188405797,91.7862318840579,91.7862318840579
355.226416655572,174.836397214827,281.816788987933,241.299793558871,131.345430541155,93.8604478460559,84.474403262832,85.4183888377927,104.038870638274,182.307118103715,325.512231348186,338.924012194796,399.078789226535,206.078439774003,185.575962083512,184.161490854086,183.435825099517,203.616603681101,186.038296026786,162.945127499386,199.097782390615,207.052680462508,219.245465616049,183.670297807199,238.246697920981,293.89722999486,240.730425782887,225.862891067091,228.424823854071,341.42283985188,469.358728497575,403.553238007072,378.845090194859,343.797140462208,331.206280164155,241.839790660185,639.811905535854,555.584057971014,131.123188405797,91.7862318840579,91.7862318840579
172.160841143739,166.485646181537,280.794330094325,235.445145536061,132.164634363364,94.6050816533776,85.143982078887,86.1390900040309,105.006224106933,200.0044786021,313.41172853164,325.871080762543,384.598515338703,203.32438144046,186.361487032516,203.033999486857,205.782855986053,230.786218166198,219.481352967946,200.39371415967,239.492900623489,239.964853640725,259.31527524722,195.635323870927,242.210004141743,290.616599885321,244.626953247373,223.223046616147,213.908242845569,320.012593539538,440.80669532301,391.459052246779,370.625262237529,323.918487351678,295.156644595475,222.264161387592,614.820507342326,555.584057971014,131.123188405797,91.7862318840579,91.7862318840579
7.31004848056778,148.281688255219,277.905596373853,220.718080485148,130.877800461351,93.4354202250717,84.0928072082537,84.9858800439402,103.360679777474,178.405749195723,313.452813393197,331.586611513745,399.356131163472,224.291365208826,212.503371895924,226.012803262936,227.483958285955,251.359952799047,235.85440853928,217.347341490605,252.364170336726,246.32006350948,262.514058527043,199.305072974659,242.934473976171,284.78569823695,221.908507120133,203.948234966394,196.956432269178,311.402029820584,439.564545312401,390.957635898887,371.685638903691,342.853136349555,325.516833399489,218.242800633187,614.61960961166,555.584057971014,131.123188405797,91.7862318840579,91.7862318840579
7.20758045291917,118.422753977486,238.68225762621,249.942130156652,132.398414848725,94.8175615471705,85.3347076134714,86.3123373902579,104.178419033561,172.879221135272,330.848375560422,356.587955733908,457.29892021547,254.586437223041,238.14493749231,248.755784532827,249.357755876036,268.660879517596,248.533816939053,223.348260010379,245.194089970399,236.128723596974,247.94769369854,187.204168752926,232.442164503875,278.447312611996,210.048152770361,190.90927169474,187.761618280608,313.360207418011,442.87108600238,389.662065364632,363.019828263623,314.167914499695,282.813505716244,200.624726618118,597.134111267656,555.584057971014,131.123188405797,91.7862318840579,91.7862318840579
7.20758045291917,117.469559091449,124.467056886697,246.925199366961,131.580114185868,94.0738142278097,84.6670235613998,85.4569058988638,102.417213789633,232.229475351831,353.377588033632,377.480244928122,491.770664055311,285.984984799727,255.834641760705,242.05740617996,235.453251450497,244.719920094154,219.013507686097,192.99409135437,211.1066922385,197.280864102012,196.50337611761,129.994055673377,176.196607458334,234.560787852414,201.750032173177,188.441550046526,185.732379465738,311.739640219301,438.446275070955,384.634777195908,348.993755745302,312.167941799504,292.167471131726,199.36571777026,598.93620473757,555.584057971014,131.123188405797,91.7862318840579,91.7862318840579
7.20758045291917,115.335228271802,110.891883210362,115.044453267729,125.900877934411,91.1602292943067,83.9178556142415,85.5521761679847,160.316210959301,312.602432535295,374.290175304912,394.273336080259,502.343041258925,280.709784320995,234.147438908561,211.231093808912,202.528907384553,211.286169525664,188.935181449066,167.218349024289,200.204639906189,204.579803885761,214.500779371453,164.977258728697,216.2822126054,267.61667942236,212.238575546019,197.246293484399,190.750143982698,295.446818880282,420.04038563502,374.657563580755,353.766934898974,322.541237900933,302.775870979902,199.410557029038,598.950691181496,555.584057971014,131.123188405797,91.7862318840579,91.7862318840579
7.20758045291917,115.868729826509,111.609760077915,115.110999892052,119.457670332635,85.2147695340955,76.6952264943544,77.468833643243,272.429605847553,333.761657826301,385.899869930224,398.480241756601,477.867155206614,235.890848861764,192.570942564518,196.338353397402,196.817040218178,225.822367196567,210.772224912707,189.252474672101,222.525522227599,217.88403109619,221.540958051667,155.389869181552,200.352844495343,247.247640914331,199.060560921815,181.159714537801,176.968143853481,297.019366939006,431.740925368338,390.858340353641,348.410265903737,309.341327173234,290.564997014881,212.817903430395,612.549383605192,555.584057971014,131.123188405797,91.7862318840579,91.7862318840579
7.20758045291917,116.002141712289,111.78929312602,115.736425344651,121.690704707,87.0085674625291,78.3051342578284,122.121314372598,371.787094028121,312.652153863512,354.187071506064,358.937402763307,422.770451881229,220.615611726373,196.542293476229,199.746449387075,196.555772088787,218.029396801438,195.618803843924,173.890121528949,196.724241506324,190.547423563859,190.924709596016,132.826738694613,182.035453619698,241.495690043556,193.024038335645,175.556066561205,167.499971967483,280.874357869145,402.735971502337,364.640349558397,349.791166515787,318.836620086411,303.85252744733,221.002691277527,618.486660206336,555.584057971014,131.123188405797,91.7862318840579,91.7862318840579
7.20758045291917,116.66911446841,112.686806781116,116.64888231077,122.016674335965,87.1227578350676,78.406459962048,224.486094922085,350.622852666051,275.063969450502,323.270908414844,332.43598948182,393.803897532843,214.557284263219,188.098009041963,189.843373993081,185.223600129914,204.053060189139,182.31568264708,158.877206112016,186.039036295083,185.661449536768,184.835860889949,138.406035333637,184.889402725602,230.533505019657,182.426076348608,166.84268850778,166.095690962838,291.321084559126,434.050460461416,396.073916581905,369.345517234259,343.492012518983,324.457859206436,214.624208537059,610.763773202907,555.584057971014,131.123188405797,91.7862318840579,91.7862318840579
7.20758045291917,115.201807255863,110.712334194164,114.110155322507,118.704709905382,84.7527575211647,76.2884516845369,148.041291217144,321.383104917782,254.620631908422,310.891444724378,324.563328684412,385.75827277727,208.414875222662,183.706340635294,180.46487594269,174.0958956142,182.794243655775,159.939509314091,138.07457004084,161.452129136821,160.602836622044,157.840001289787,122.339218374912,170.401838871599,227.718075841609,187.802267737139,175.912663474729,179.433483376259,313.346350273655,447.200082472673,392.129666103844,367.593689902227,324.90287789094,299.910765129343,213.35130400946,610.701691423362,555.584057971014,131.123188405797,91.7862318840579,91.7862318840579
7.20758045291917,115.201757070076,110.712246422273,114.242829894477,119.345585637475,85.2748323150725,76.7468247090599,77.4845237890181,247.069688716343,246.981912024319,305.607532491296,318.668702325103,372.903904970176,175.808350362445,144.089859210051,152.162391325562,147.355778349109,170.482120487807,151.588068987627,130.356064462567,168.12085456077,171.702079808116,169.269971650686,122.067978229671,124.260023620955,217.554431257596,209.521197930712,197.416257199529,191.62747363623,295.227881164556,412.997982979556,367.283727198705,340.779725752301,293.682671748952,276.072006476715,228.545440989135,626.242422050254,555.584057971014,131.123188405797,91.7862318840579,91.7862318840579
7.20758045291917,116.135512538674,111.968754363736,115.874541679098,121.534905150663,86.8502128824456,78.1581441255562,79.0463518577896,137.954863500595,231.706758572057,285.481416818552,291.084321872771,314.719693376693,150.144365008159,136.815458371862,155.543780244759,154.258349239322,176.544415785965,157.272693942197,134.370423875075,165.262326621622,168.016581954722,166.260219489944,122.06667297812,157.362822331642,230.645087255373,184.62914162481,161.654004078977,149.284842221276,270.795124212253,393.866807892138,354.697625408861,339.056359610287,307.178842457751,288.769928793449,214.092345526011,608.883465542345,555.584057971014,131.123188405797,91.7862318840579,91.7862318840579
7.20758045291917,116.13554447558,111.968810219444,116.096095107692,122.626075445564,87.7427719467631,78.967603328482,80.0655050947859,99.8583145891586,98.8223080577737,240.951125290569,276.237564143388,293.524008407394,140.90513049211,127.976915161219,143.122323566087,137.457183407803,153.353852715081,138.14628106393,129.100132484315,161.61438977268,164.217785179631,160.654671494987,122.066666697038,124.392918819762,121.445789280078,155.710767208476,145.471242373128,142.381471570946,254.590584260186,390.058734192412,348.285777845439,332.263073310031,295.841529845679,285.634527314665,239.938999117488,637.883728184728,555.584057971014,131.123188405797,91.7862318840579,91.7862318840579
7.20758045291917,116.268938115289,112.148311356278,116.234296146799,122.474609146292,87.5886342594652,78.8291435244137,79.7555889343965,98.7215962732635,97.4873265981894,86.1774488934855,137.242051236153,259.768330597428,129.65757947386,121.370593491818,140.999656610876,140.88066931511,164.247196908051,146.74519727387,128.603333753226,162.305378818423,165.372483581475,161.602984573115,122.066666666813,123.927668184117,120.264786282306,128.595588235294,132.113333405988,135.066729240949,183.012534919467,387.107337890673,354.530834172564,331.921491426897,292.697506658919,267.729445339099,210.430679893077,603.149085089431,555.584057971014,131.123188405797,91.7862318840579,91.7862318840579
7.20758045291917,116.135549039088,111.968818200741,115.8746772032,121.542649104358,86.8577556892612,78.1734929999775,79.0497520240216,97.7728347324576,96.6391066494641,85.4351951353623,88.2400525771641,92.9487749407489,89.7746887696998,117.444141664791,142.488827300765,140.264175450529,164.166893008923,147.414059816759,129.948262054614,169.789969993647,173.210745198213,171.568443559421,122.066666666667,124.259989883662,121.13953777336,128.698529411765,132.873333332093,135.932194532282,127.623092210586,299.450154122559,332.757562864082,330.422043379675,296.031880628304,274.456565824288,193.142959348533,591.213942316855,555.584057971014,131.123188405797,91.7862318840579,91.7862318840579
6.80666189908529,108.890425816295,104.684176163204,108.158935414135,113.472706838871,81.1417142477026,73.0725861735848,73.9580180327073,92.9046253928337,92.4896209673649,81.912005136427,84.8627926347116,89.9404573279841,86.2205917293006,92.6544186838745,90.3595463798089,94.4025610852559,91.3189362168019,92.2364743411279,120.907957465079,161.893444854313,162.535308077332,155.280720440414,122.066666666667,123.72827516439,119.790134194831,129.319852941176,132.683333335058,135.953151035783,127.772805118545,173.880934465755,349.147727153649,325.555994216432,290.942965184689,276.901285636985,209.639380292021,610.544536684379,555.584057971014,131.123188405797,91.7862318840579,91.7862318840579
6.80666189908529,109.557140049627,105.581237677657,109.42472825718,115.490209187087,82.6311561310793,74.3626335970965,75.2689978820551,94.3404833204515,93.647179549948,82.7638381674031,85.4056489961774,90.6096482714051,86.6312323820987,90.9112991433277,88.0056185648757,92.5071045575151,89.6459420068208,90.2256021998128,99.8959199507326,96.1368280493163,96.8646969093938,102.574836263836,98.8630798865996,100.462741772117,97.6405709355351,106.273116581494,110.94781740275,116.390073972122,115.487321047359,122.083689418489,223.760884319033,346.163228201065,327.340975858326,317.934065146718,222.447042200112,620.413197603559,555.584057971014,131.123188405797,91.7862318840579,91.7862318840579
6.80666189908529,108.890194659935,104.683771884782,108.335225022328,114.303520200767,81.8148254979006,73.6380689754198,74.5677622764708,93.7475501414421,93.141827003269,82.3542218783133,85.0659873115306,89.7965860289115,85.4705161005007,90.0709140793411,87.3236822768726,92.2992221277449,89.6662208728373,90.3312588264345,100.871914500841,97.2411765745939,98.3642881578564,107.506223077276,105.174199079019,106.405017058151,102.698112737634,112.30726557953,115.812763231955,118.897327240038,111.856244614067,114.895454649161,122.739072665471,226.606995398634,331.765749294794,311.413740777393,222.586520866331,618.549874852208,555.584057971014,131.123188405797,92.2252821461609,92.2252821461609
6.80666189908529,109.290352764488,105.222235393982,108.88260433947,114.493454347808,81.8778370796889,73.6876443791221,74.5100286439031,92.2586680354034,91.2382448340637,80.6466500170599,82.9782511805878,86.8428242450393,82.05726512261,92.1158090683783,90.8171231413376,95.1405254914678,92.103341508712,93.012828581463,105.390404661518,101.464408185646,102.313486315676,109.601562320326,106.471416276943,108.192233591235,105.117567555335,111.827685966945,115.055387835694,117.609072225836,109.945415004112,112.7490879086,120.915667636712,123.628753991499,216.909995806275,272.028449732992,199.458712529038,595.223051682759,555.584057971014,131.123188405797,95.0931210922378,95.0931210922378
6.80666189908529,108.089823703406,103.606749116467,106.620245537814,110.875588529243,79.196661957463,71.2867132687656,72.0134955250597,89.2959541693558,88.6045765233896,78.3628606518806,80.6663478047933,84.9967439565708,81.0727961536082,89.4797107395746,87.8635402674977,92.6421666754429,89.9276545369818,90.6623190685769,102.80092907455,99.723206514461,100.639096502488,107.149931976134,103.385006307142,104.243539363185,99.7389121787739,106.471332340174,109.313385312678,112.429003515403,106.14009318305,109.981547696532,119.54817236556,123.146831744092,118.675040741943,131.99432333155,158.825438445634,616.763176367613,555.584057971014,131.123188405797,91.7862318840579,91.7862318840579
6.80666189908529,108.756750835219,104.504182977421,107.842541891263,112.709240692048,80.5409915505773,72.4816373699827,73.1649722393021,90.2438819744558,89.4154110079593,79.0237173717538,80.7736906560277,85.4574407367007,82.0970474666455,87.4805109862295,85.0438353847873,89.4342852811963,86.6894886708698,87.2278794951589,96.2351521814278,92.6172714302162,93.2497428321836,100.766364766656,98.7727916959001,99.9331254893632,96.1059961245995,101.185890274611,104.386680809345,107.128977617917,101.145951174672,103.822622410916,110.290807151626,112.301841384468,108.647263236398,120.137214166504,133.035585226048,133.312493352409,360.210430966964,131.123188405797,91.7862318840579,91.7862318840579
6.80666189908529,109.557135477589,105.581229681441,108.804693705488,112.451655718489,80.1482701131513,72.1291468895277,72.8302542613901,92.0104439552491,92.2048084853055,81.4957407596403,84.3775631833998,89.2284679947269,84.8381488912902,89.5689244930602,86.8630491308148,91.1278589866568,88.2031868961708,88.5362533700778,95.3880513383084,91.4861772811719,92.0663311481953,98.7659498162485,95.9624902920065,96.4654647776381,92.0323032266549,98.3042116515604,101.018393568516,103.340447372054,97.1281914127265,100.325689074124,109.145569501137,113.826425328169,109.823425541696,120.652235102285,132.784149515917,133.341149590789,142.498046851166,106.186994512728,74.4075152100566,74.4075152100566
6.80666189908529,109.823950130093,105.940279828973,109.568354085321,114.537789777691,81.7923975016143,73.6099506197219,74.5519692233226,94.2610042340378,93.8578949019984,82.9570161591459,86.6156188880638,91.2454953978736,85.7414288419435,90.9273013987135,88.2663129499898,93.1082568209597,90.3451364845351,90.7864181834115,98.7664278354841,94.7547843230422,95.547184957621,101.877977032888,98.3379731200313,99.8221290102182,96.8607096319345,103.035589022432,105.989953112056,108.849508632346,102.348961370225,104.541487419745,111.321770312566,113.930477424535,109.229135963768,120.43660173441,132.914217331821,134.174635216451,145.520255666212,108.189235329853,75.6410638675714,75.6410638675714
6.80666189908529,108.890203785545,104.68378784492,107.626667389848,110.833046855695,78.9793379284956,71.0896903911559,71.6611391851516,89.8946100573154,90.147376314304,79.7222695594626,81.90675215559,86.2337580858345,82.3028184061006,87.9687073314904,85.661063153689,91.0810637423288,88.7626809523561,89.7190673438303,102.641187420632,99.2539496743287,100.37081242991,107.51303002081,103.947315333668,105.134929253878,101.116316359458,108.187927391076,111.97956618834,114.918467507219,107.935149579057,110.927863295565,118.935931177723,120.763062390017,115.467523038529,130.533858833192,147.877075826187,149.031192686333,161.281599880892,119.878574441906,83.814462617786,83.814462617786
6.80666189908529,108.623384571718,104.324729719911,107.704442498558,112.86564133797,80.6999288490415,72.6297766033952,73.6079633247181,94.7535894595561,95.0584128921072,84.0280596285368,87.4799882499537,92.778370251173,88.0689731840444,94.5846669823216,92.1100549039664,96.4940561829415,93.2875637754852,93.676071227231,102.693675296854,98.4510751017368,98.8969063523875,105.721291061147,102.594523169811,104.069874725712,101.153415829417,106.844864044879,108.792683161755,112.548987006977,106.752167213015,110.39802301012,118.305273759959,118.683448164445,114.6526014033,125.410348530689,137.270040674798,138.783286747855,150.429851647453,112.018534588444,78.4218654926488,78.4218654926488
6.80666189908529,109.690524554726,105.760722838615,110.005765077074,117.505718870764,84.2471719954275,75.8126531896881,76.8707961201314,98.4062344881984,98.3206588794832,86.8772414496768,89.59459757643,93.9234813854757,88.5687491601167,93.3566820942431,90.4499655819558,93.5056743452876,89.9292704900042,90.4564648101078,100.298569448987,96.5138795396079,97.373710182152,105.118430620283,102.467980372253,103.865442805819,100.349136320138,107.564081002058,110.896842717705,113.542177747797,106.7947279188,109.40641627538,115.473850076282,115.825191893382,111.372886764409,126.321840378364,143.544656044672,141.07699328522,144.339678327077,107.34364251254,75.0825872697383,75.0825872697383
6.80666189908529,108.756805583421,104.504278728699,107.887032138158,112.939113175393,80.7308498410739,72.666755876658,73.75354384631,94.1566475317744,93.8004095893456,82.9550909380273,87.2695358396304,93.2844602077718,88.8199720684444,95.7752225419414,93.4834695855684,97.4069230621058,94.0754342628303,94.8252827753162,106.081109025099,102.486658198524,103.431503156506,110.714209184127,107.05511848566,107.782899493145,103.024918974468,108.447737273518,110.806266689954,112.841829692174,105.225666483393,106.701693283586,111.867196188328,112.931875657275,108.317150027216,121.835124060809,137.548006381279,134.883790260365,137.129641361527,102.168175622186,71.6107631363842,71.6107631363842
6.63455542312186,105.780641874481,101.557464233826,104.625456665716,108.882702208376,77.7614192618783,70.0043421258927,70.7882420199279,90.040530749715,90.3058205339606,79.8952752319697,82.6932049750041,88.0686935173132,84.6743550529818,91.4757107118461,89.3217020091275,94.4370717676067,91.792930768228,92.4561179133821,100.564000849456,96.5611614769755,97.6383976322344,104.512685422689,101.059721529739,102.855438518825,99.9164826215227,105.136181901874,107.89668214093,111.479422345478,105.604744385029,108.307648511138,115.750026394555,119.07458657079,115.018032046988,130.2295939058,147.898397876134,149.425399221892,161.710023917984,120.417137030424,84.2871405228955,84.2871405228955
6.63455542312186,106.847686547502,102.993290661157,106.793564454432,112.854295214154,80.7597204483366,72.6744921469389,73.7673007577979,94.8380224740857,94.7349757204204,83.710235877067,87.5505494602639,92.3101289219672,86.6096736040027,92.1872240959284,89.5522650317958,93.9247932651095,90.8823114946495,91.3370648547825,99.7274972065759,95.4282557457141,96.2620214757047,103.551084050056,100.447355799493,101.573183196017,97.8239296150772,104.555308449475,108.550303661354,112.04198333622,106.100154714887,108.747910284425,115.264802006668,116.462735419456,112.073231608832,124.203942295717,137.835647973613,139.786042967406,152.822710610791,113.71556582376,79.5736860423331,79.5736860423331
6.63455542312186,106.18075485017,102.095848815387,105.659825088879,111.454082109572,79.7694689843508,71.7974228529245,72.6242445265607,93.0382576307337,93.5294536059712,82.6977658200275,84.8530576889676,89.6048272482763,85.80059729345,91.6815411707147,89.2319405284786,94.0041843243079,91.2093933979216,92.0777277433928,103.722573715994,99.7019477097111,100.716687678422,107.871684171969,104.316156686576,105.740300227026,102.247481767438,109.254172893447,112.962433324756,115.174728624048,107.587254841735,109.740754255782,116.127882826996,117.593742140786,112.610599874932,126.631652805044,142.752760054644,142.696782515466,151.620570158668,112.78467607782,78.9181292956543,78.9181292956543
6.63455542312186,107.514668425505,103.890820269871,108.193211956438,115.568381259969,82.8254099858127,74.5319944319703,75.555170192849,96.290820874801,96.0388920177438,84.8575309046467,87.5715334864475,93.5547957374861,90.024068619161,94.2301509321064,91.1266842087616,95.5704332193199,92.4960072982452,92.9034965371125,100.500661005041,96.2148989478908,96.9612810022644,104.782165311524,102.20497844725,103.155305419148,99.001158137901,104.256989155695,107.193179794879,110.424334759471,104.439300178629,106.841432575895,113.559317949669,116.473579911516,112.578267180241,124.044550601159,136.890705613202,137.92614041269,148.39301805663,110.553264330854,77.4412854884153,77.4412854884153
6.63455542312186,107.114533133028,103.352396657604,107.335908551351,113.865272903426,81.5269052535449,73.3778607860119,74.1867656963728,95.1469519910318,95.7997813141179,84.7011899435696,86.5160012997194,91.4582234098722,87.9989102802827,94.6503706677945,92.2837047361013,98.1283285653971,95.5820650747672,96.162884328647,104.934764426808,100.834525197506,102.158137138882,110.819672211188,107.439209278588,108.69116127557,104.650092089397,110.378050955393,113.876854572029,118.198415055259,111.984155725472,113.416440246232,119.845648263172,123.693228773778,118.423245496041,127.461386029474,136.941234701786,136.842073003519,145.391783387823,108.042488773314,75.5032905980598,75.5032905980598
6.63455542312186,106.180763977029,102.095864777708,105.571285037001,111.022266141856,79.4169767118949,71.4828605915607,72.4486289535015,92.9000487191198,93.0384758929734,82.2744532177838,85.5679352188963,91.5039834934806,87.9114546503695,93.7652024508626,91.2275824033834,95.12362674667,91.8801266751934,92.5244093560096,102.003141977576,98.1750397835548,99.0471264280824,104.236325146837,99.6462463835718,100.83459643569,97.196452499678,103.127069694159,105.531869199922,108.729313065123,102.940620198529,105.751683647994,112.07741056041,112.839562861725,109.095183002081,118.884129088495,129.840697884567,131.291240034452,142.071399243149,106.061651612774,74.4676198804745,74.4676198804745
6.63455542312186,107.381274787201,103.711319135493,107.612141225437,113.550764509808,81.2073405125425,73.0777789788313,73.8962533468795,92.6962320544681,92.2467630632381,81.5142066360502,83.8000492668634,88.3486954069923,84.1121718151592,90.2416114401144,87.8991255013851,92.2288928146374,89.3496529853305,89.9098937297435,98.7222409314023,95.1969485941161,96.2410184633791,102.146196821453,98.2162429212362,99.263187716726,95.2541135534917,103.108789744026,106.859014039782,110.866334846541,105.283609108959,107.823894940126,114.683879791133,116.826096683602,112.431488828994,121.521566786282,131.221250241207,130.717467948256,137.596616724936,102.368046165933,71.6055442543642,71.6055442543642
6.63455542312186,107.648103125078,104.070393217912,108.420139388055,115.857841062989,83.0326265169799,74.7259764400688,75.8223533355848,97.5396295991583,97.5586157732718,86.2275393705932,89.4372994159145,94.8154634071093,90.2049782479685,98.3819308705223,96.2044773614322,100.989036611806,97.7260903121583,98.045805090443,105.035362253524,100.145684673861,100.566817276258,106.793439744141,103.132736226083,103.598955635072,98.9211784230879,105.162995810303,108.70866397117,111.970448066147,105.486197218562,107.217951453739,112.714452656081,113.759551171511,109.328491258815,119.905560660686,131.687644747607,134.823551986994,150.15444782495,111.782165779186,78.2589028291455,78.2589028291455
6.63455542312186,107.648112251313,104.070409179142,108.021590545889,113.908229131265,81.4401410281904,73.2977205444555,74.2255330773668,94.8126138777447,94.931816552268,83.9277426746747,87.0729086806126,93.3415579483781,90.0217642705802,95.9508377591835,93.3374804019347,98.742341674174,95.9970611951565,96.4409296168225,102.957945000588,98.9129342698928,99.9979333378521,106.095160877819,101.724151006481,102.905988683166,99.0493283950789,105.166575007537,108.605398796926,112.827354142714,107.385424575705,110.05439143206,117.275775404579,119.806614576576,115.29117948359,125.203699569786,135.888621037145,135.649304084818,143.482775109247,106.743098649381,74.6707490354498,74.6707490354498
6.63455542312186,107.11453769716,103.352404639993,106.715907921764,110.827523293534,79.0447936879135,71.1458367156985,71.9730579519908,91.7573574575001,92.0043810160796,81.3541110365499,84.8609445322078,90.4119600701406,86.3011310251578,94.8119717889765,92.9866595691116,97.9116940871546,94.9995115037095,95.5794063967507,102.996322536648,98.8152452874311,99.9684232062137,105.540640849513,100.68047249609,102.068201055594,98.6248266387802,104.476320412074,107.3451737308,111.838231739619,106.528238574083,107.905974624108,113.65046282373,117.380577497634,112.947900637427,126.328226956318,141.703828418908,141.158370826149,148.467064106451,110.578461686689,77.4536120082177,77.4536120082177
6.63455542312186,107.648094001965,104.07037726214,108.110096726429,114.335930042584,81.7886087501659,73.6038754633826,74.5614273564971,95.6100099182672,95.8137380791039,84.6753455561629,87.7543607277462,93.2980959925198,89.0530231827837,94.0833587391267,91.2153279972014,96.5960165960412,93.8689663112655,94.2595815389474,101.965701304891,97.6811021159759,98.3048654080557,104.03709106764,100.274797477763,101.644980305965,98.1959943603913,103.584747951869,107.780489801693,112.591776093423,107.695264801597,109.147911794476,113.846259467457,115.448581698808,111.033596901067,123.633681970922,137.889662946903,137.663763211717,145.686032063815,108.387642582984,75.8331632240467,75.8331632240467
6.63455542312186,106.714356780687,102.813901234131,106.611313602288,112.803080597148,80.7505003374637,72.6819616468256,73.8358619517604,95.8266922949247,96.04460728262,84.9264868601693,89.101507336327,96.1886571644925,92.6664957562837,100.202541324316,97.8189765549932,103.268800447994,100.237800154131,100.870579551287,109.997162319684,105.090324452486,106.207677117023,113.216821902828,108.435270133978,108.76561371871,103.316427342104,108.067825563692,110.978189424804,113.555274462728,106.30158426784,108.634546693043,115.341288293632,116.354885705421,111.452346311053,122.270338654699,134.303256374506,135.411401930009,146.448547486785,108.991565162148,76.3135370575199,76.3135370575199
6.44056257449257,103.527045791166,99.7175090281595,103.020530857368,107.612832074337,76.860752722301,69.1957297865962,70.1009868836381,91.2015925627465,92.1062237063214,81.4946247292987,85.0898279467722,91.7458857494894,88.8013374177402,98.6341310165393,97.0226203030342,103.287386806216,100.686099172823,101.563790889543,112.527166657267,108.117947063686,108.932408780981,113.646385077367,108.412123282852,109.26664464464,104.417234493186,111.112027458211,115.013800216948,118.370339522327,111.45609052038,114.432548387359,121.583007951484,121.585169457474,116.699358721595,128.702873077618,142.195180655728,143.246023070166,154.471904106496,114.942056048538,80.4174131636953,80.4174131636953
6.44056257449257,104.060508351791,100.435317697435,104.281510686046,110.455826218248,79.0586385451932,71.1474453972517,72.3971121605266,95.1705136948116,95.6071493400336,84.4954507659171,89.3675690257567,96.7921374452264,92.7879150475107,98.7905208596071,95.9887990432997,99.2042267492133,95.3729632228787,95.7070824414139,103.488837623362,99.3121855592771,100.178296946636,108.810689056807,106.294994094887,107.208869650915,102.669015873811,108.43833212689,111.928446931912,115.886237194546,110.509706305644,112.849648405072,119.278111675912,122.997299476695,119.027500442046,131.131091471218,144.262804922243,143.533546022967,150.756258068362,112.024576138559,78.2653557950385,78.2653557950385
6.44056257449257,104.327313874854,100.794351878131,105.310858987036,113.844353745159,81.7670310053809,73.5860564648109,74.8020275349198,98.0440355524545,98.5715171771984,87.1185081299903,90.3184822435092,96.1442845340946,91.8893463868334,99.2815140336664,96.8522986798783,101.345588627742,97.9968179976066,98.6276787253012,108.283844051765,103.665844128183,104.725486538734,112.159246333492,108.348917204123,109.215813162236,104.277651096429,109.354232815589,112.800459703453,115.770966017614,108.629613113707,110.23870257692,115.429310694075,115.969027267202,111.075011616911,121.939781897731,134.226910835577,134.685644020086,144.005054951663,107.305584894893,75.2238490058075,75.2238490058075
6.44056257449257,103.526961168611,99.7173610284545,103.020216658633,107.601807892288,76.85006696928,69.1746695671618,70.1932015270836,92.162839123426,93.1314827098552,82.368253605852,86.6939258137525,93.8287448095494,90.5691680197742,98.4608043661453,96.3376109872512,101.651876454688,98.7377837290658,99.5126350741196,110.589429855361,106.902265075121,108.172524260935,116.524321648627,112.738945823575,113.655473099387,108.860584681147,116.17646273336,120.16949792223,124.180161111224,117.454308245475,119.88466781174,126.633496497721,127.745024432953,122.537930874536,134.572945426011,147.728527254943,148.099031721824,158.438099079798,117.672251031944,82.1717513161801,82.1717513161801
6.44056257449257,104.32729562613,100.79431996222,104.735060624237,111.019229175464,79.4579723315628,71.5048744365241,72.787669144183,96.0376190732342,96.5696945367582,85.3391954823555,90.4213249166914,98.0995944418917,94.05658133712,100.166079298197,97.3301167070355,102.30435202201,99.0958263689233,99.5695334745705,108.844818492482,104.418768467432,105.592776885108,115.28188409861,112.458523041055,113.112895993715,107.846425317923,114.784811750869,119.445259945211,124.282329422054,118.499945675444,121.217784792571,128.32472063951,130.253500012631,125.536653821628,135.743565442049,146.588602649426,148.652466046164,162.418081153378,120.834930141981,84.5270577191757,84.5270577191757
6.44056257449257,104.460716638301,100.973868971828,105.36051996267,113.260037066469,81.2593857330823,73.1308650188266,74.433689656686,99.041883265588,100.037060101441,88.4211560711634,92.6408639188535,99.6470652276233,95.5565005882691,100.094009064114,96.8298180067385,100.388833826815,96.6610474131994,96.9222733201334,102.465114494916,97.9575647206288,98.8920196086282,103.772125630919,98.6804026713155,99.5856401630996,95.4884855780263,102.274659957185,106.451295077546,110.019378677878,104.498063345754,107.334619773071,115.653334893437,121.368321712304,117.749018821563,135.069619535597,155.805419770473,158.087524674817,171.940750979934,128.481274075934,90.2830949330849,90.2830949330849
6.44056257449257,103.793753008571,100.076371278234,103.916653245841,110.335055853865,79.0223485239252,71.1262602673985,72.4001039052773,91.5146653087946,90.1136746037108,79.6844945611028,84.5343918492102,92.5280969660437,89.7474289759248,97.7592419408362,95.6924482885003,101.289861697904,98.5843064344809,99.3085305090361,106.794591733106,102.671277601643,104.224575404082,110.753002468061,105.849401752881,107.040459963385,102.737982731234,107.965234700641,111.467563941513,114.485714600535,107.331130274652,108.664389852056,114.207203794634,116.062999244212,111.046475924964,121.807836022302,133.774989124699,137.154117794632,153.48397965249,114.180654368935,79.9025351414761,79.9025351414761
6.44056257449257,104.460698389732,100.973837056191,105.316165236995,113.039804150078,81.0789308728234,72.9650710022875,74.2830082630632,93.8549605598219,92.3279339661359,81.5948061559654,86.0173950705239,93.5464734083574,90.2999228184833,98.5167455116232,96.3651538817783,101.052502136458,97.810051808224,98.0484338987532,102.600595713026,97.9510048228948,99.530592056369,108.007839502093,104.002275494603,105.220024527412,101.407135851756,108.696496165426,112.995654317694,118.156359041599,113.117827614006,115.992506286374,123.195861852695,125.069277651525,120.713030951878,138.028896119543,158.065571404165,160.301345961212,175.180340495927,130.22475084683,90.9912910653433,90.9912910653433
6.44056257449257,103.393572092097,99.5378678723721,103.103467410984,108.838934830727,77.8913994162823,70.1117025245502,71.1472681079021,89.3514696915151,88.3176476002626,78.1092218228766,81.7542775670965,87.6993448754685,84.1723987585423,92.2039351606338,90.3778785177263,95.4309609933109,92.7287707880825,93.5650681959553,103.131055432853,99.0470723921129,100.684752225991,107.232900453066,102.204257784346,103.423999959212,99.4252457905718,107.046122475032,110.289263892464,115.050855580651,109.714493587237,114.046779191729,124.178166685735,126.36800043644,121.206709113726,134.842141847823,150.51179575678,150.406665197572,159.40410328644,118.786366064815,83.2749029557492,83.2749029557492
6.44056257449257,104.594078341103,101.153314252954,104.790010906355,109.630193151593,78.2620675864721,70.428453057524,71.2649731668166,90.1978781958696,90.0293493665588,79.561145198425,82.7563003743191,89.9641671617595,87.7444594200449,95.1918275772516,92.998780624314,98.3716132262759,95.5813177394433,96.2314561057378,104.359158399193,99.347435761734,100.136407959556,108.225329785631,105.509774143713,106.192258604663,101.520691867038,108.240742485101,111.923492367749,116.243219776419,110.506291821193,112.790864343746,120.497058861507,125.108937878245,120.444429195223,135.028444176347,151.6678954822,154.789662094462,171.364018870582,127.490440378092,89.1899158838826,89.1899158838826
6.44056257449257,104.327332124359,100.794383795405,104.425187352245,109.50756493829,78.2239394577306,70.4031484385876,71.4510839352052,89.7177122921179,88.6241359846065,78.3490299741967,82.714247833637,88.7446785906198,84.444947881362,91.4316026052501,89.290762354744,94.7933793266715,92.2781005800731,92.9375468562636,101.727091550833,97.534652330126,98.7511545069772,105.80351944421,101.972052854268,103.695148924327,100.67287861249,107.317876269944,111.322785196971,116.064197860085,110.766019699532,113.468480290805,119.900443938926,120.429542696849,115.846299119638,128.825632655034,143.56248700494,145.397935416725,158.460221546878,117.961246055552,82.5816589115724,82.5816589115724
6.44056257449257,103.260173892002,99.3583587596991,102.965249439392,108.988053281498,78.0432398656851,70.2453497608353,71.3305352212573,88.573292765871,86.8944004041667,76.8359385329808,80.5590830640474,87.4694247476383,84.81648030877,91.2462231653178,88.9577848023845,94.0645020626473,91.4059798994353,91.960159494328,99.1640040212726,94.8468753154859,96.4519847864076,106.090488558964,103.176514694087,104.059637866268,99.6029203364721,105.733744652578,109.42010105234,114.154508357026,109.01494401551,110.823769083297,117.644123548872,122.561919184662,118.111267766968,132.239462983975,148.33525345294,149.388451773619,160.899104620975,119.748526098354,83.8132722539036,83.8132722539036
5.99388160508461,96.6285513791643,93.1805982663789,96.7733436517141,102.817653851879,73.6493535462544,66.3241855445283,67.343704436982,85.9347736265755,85.6028724451818,75.8039289513745,79.2742803065788,85.3930915674519,82.6235796818315,90.6778114402739,88.8982168769443,95.6918483359692,93.6580537610295,94.5072498308324,105.515985278401,101.060536529273,102.904623810255,113.218398934241,109.658544362344,110.77374136355,106.324418304549,111.425436163448,114.201557029957,118.121641060257,111.607145222718,113.303534599432,118.08823944009,117.118072208466,111.879296946669,121.62372906771,132.225273046484,135.063874247966,150.20968875584,111.713902954723,78.169383598681,78.169383598681
5.99388160508461,95.6945622296198,91.9236816311459,95.5836339199682,102.761141174878,73.8109461590822,66.435154052748,67.7084466401673,87.7808170530844,87.3167160147837,77.2049542677234,81.2547988439649,87.7761573521015,84.3749405013972,89.6080272440058,87.032626468175,92.366318390919,89.8483347579189,90.51797930883,100.55253622349,96.3055022843725,98.1859117831196,112.925150392688,112.632184051836,113.457799822284,108.388548691362,115.474995245413,119.532240405494,123.810682410008,117.802867215096,122.249069502453,132.730438613187,136.295360462805,131.235246184735,142.096803069887,153.281722273146,155.418714411694,170.285323343782,126.344436965702,88.1273711546812,88.1273711546812
5.99388160508461,97.295253948117,94.0776393805422,97.7290843976415,103.316246667993,73.8977277988111,66.4984870407927,67.5568901763428,85.8795089967797,85.1388649037913,75.2317538987645,79.3104391331504,86.3871640630192,83.553556753691,92.941487832181,91.4220959202407,96.7161082786831,94.0361200340887,94.6507460719776,103.44365531175,99.4539596986724,101.765982403631,114.831967628521,112.347549823344,113.884536052848,110.318835716851,118.110657985432,122.092092029175,126.626866368188,119.950823465502,122.178787627861,129.232910030674,131.370021476047,126.391328599861,137.585099540377,149.906949747455,154.641298173915,174.667888032773,130.070294515059,91.091367881519,91.091367881519
5.99388160508461,96.4949468643089,93.0007283217323,96.6343596450909,102.936564298927,73.7718725776004,66.399503106671,67.672507662953,87.7438413483502,87.2824126314927,77.1735718770421,82.0041248713233,89.1432911047665,85.6372436084269,92.2743057971251,89.9761130635649,95.447560221222,92.8237018053397,93.4026804620856,102.326646744634,97.8806003071963,99.1993243687583,110.451457615295,108.852509217212,109.231821504475,103.629912534336,110.349156351891,113.279572994562,117.542998876175,111.853946555733,114.400247632475,121.767711439507,125.336915869617,120.838925184819,132.500758839478,145.677000261636,151.52026889273,183.590184987465,131.123188405797,91.7862318840579,91.7862318840579
5.99388160508461,96.3615258530738,92.8211793137625,96.1860481889938,101.565611145314,72.6815225485961,65.415241702169,66.54917413177,85.2308485231973,84.5854858422157,74.7816012489152,79.2658576367835,86.7756041476068,84.1653345891397,91.1338781251591,89.0242509360392,94.9455051521601,92.6296409945176,93.6148128334337,106.293566912115,102.223319776394,104.131314908302,114.410636536942,110.869070438651,111.842660302784,107.073075800384,113.810017639419,118.071802680246,123.346435034804,117.637454867866,120.173641838702,126.748195429645,126.7989519161,121.468222600691,132.758956099031,145.178701196941,151.615405226441,175.768991320701,130.741047996256,91.4612173358645,91.4612173358645
5.99388160508461,96.628308566955,93.1801736025854,96.7724421035771,102.778251910499,73.6110660979119,66.2474659426995,67.4302152530453,87.0694911275554,86.6551117405858,76.5933442006796,81.0417475699949,87.7724295938473,84.167612243255,91.2817838006283,89.1577435586543,94.330097589967,91.6530494412415,91.9740867044448,97.8214761571226,93.6122564697056,95.6050215036027,106.393139615282,103.294191296666,104.184697741782,99.970672081484,109.45527451764,114.311143048262,117.457533754888,110.961993306769,113.455273124464,119.682344501211,121.612879855204,117.948937422146,128.841359380285,140.818002684352,144.846151862972,162.287780488593,120.916018018388,84.6874461187949,84.6874461187949
5.99388160508461,96.3615304143967,92.821187291239,96.6732217917638,103.952688700503,74.6320093001971,67.1693509996998,68.439751339488,87.5393053418339,86.5164398091245,76.4804957939058,80.6105032244013,87.0932665393927,83.5728872130578,88.8904131778405,86.3756691632621,92.4434949399978,90.286573777853,90.7863286388634,98.5978046443155,94.6432636136496,96.667038443044,109.259180646668,107.507926437519,108.764354706642,104.624378395141,111.210285502854,115.157288409593,120.497613462787,115.218422336295,117.785613739973,125.487517899353,128.672024847126,123.364577113817,131.081816265479,138.717623395914,147.690142820511,182.16575914821,131.123188376844,91.786231368152,91.786231368152
5.99388160508461,95.9613403740293,92.2826679282405,95.6828542015374,101.588285639066,72.7915550356487,65.5165854584998,66.600439850362,85.2799234982981,84.7787947212711,74.9613549933827,78.680958543039,85.3162955501039,82.5728072070662,90.2284436295259,88.3563643466253,94.6933231214679,92.5587051607394,93.3412592149497,103.447960601224,99.2213307080403,101.498664558315,111.11699193892,106.254342312878,107.37598193415,103.454670113296,112.043855716525,115.136399341116,119.269194379424,112.889288795996,114.511325186509,120.197846671536,121.860879831385,117.022840882436,129.110238173203,142.928197061667,148.432166773872,169.791720480798,126.575241274043,88.751177092831,88.751177092831
5.99388160508461,96.7616885181697,93.3596507990754,97.2648880757212,104.359573385588,74.8722830525828,67.3782825160785,68.5584254194576,87.7063793310748,86.9315976716711,76.8217775783119,80.5695390170499,87.3798102909955,84.418803659643,91.2331316169096,89.0132745141998,94.3711668965403,91.7730405792682,92.3125647305877,100.684181003589,96.308489465226,97.9104178402842,108.591370652372,106.12702097176,107.171248255364,102.972048218095,110.332984254927,114.133469418068,119.70630065053,114.891257838721,118.968685815446,127.624862575017,128.003809774774,123.427336656156,137.769716154001,153.983164920555,159.42776909731,227.082051867239,131.123188405792,91.7862318839377,91.7862318839377
5.99388160508461,96.6283222535764,93.1801975396542,96.5953450424408,101.914436161283,72.9059084146541,65.6180675202066,66.6495657448002,85.0772852283032,84.5926789521458,74.7923746085771,78.7279579064098,86.4528911196326,84.6022576022969,93.6540150654431,92.0251278356598,97.4291790630304,94.7418534354769,95.4473583022374,103.927678190738,99.3727443621478,101.700828747001,113.05481602555,109.22191127497,110.403645759793,106.301204044112,112.255030040588,115.578291160493,120.99627561887,115.604077300901,117.635479714313,125.668600838217,131.171442756166,126.031176819152,137.403127240162,149.868187227896,150.798494263832,162.207489231894,120.726950920623,84.5071321195031,84.5071321195031
5.99388160508461,96.6283176920975,93.1801895619048,96.683902045323,102.345990953849,73.2581370532992,65.9319704513138,66.9958801740651,85.8208606225983,85.3944735905058,75.486939216837,79.3921727784873,85.2386287926566,81.3829290461005,89.060726830348,87.2096858284901,90.7188541273103,87.5174952362897,88.329270231241,99.0215328358383,94.9086231713497,96.58152550001,107.884767688227,106.115415638263,108.037364337564,105.142622181718,113.124079879623,117.564569158525,123.114492755605,118.137705785913,121.756044975367,130.567471706535,133.467349617025,128.492762107563,140.267856893826,152.990869441205,161.147798366177,433.304295528678,131.123188405797,91.7862318840579,91.7862318840579
5.99388160508461,96.2281367760924,92.6416861568613,95.6935683333627,99.9824980004306,71.4185615479338,64.280890597776,65.1072939645421,82.0645389914559,81.5986435101544,72.1501020874785,75.3112829413121,80.9530255489226,77.965374522378,84.5864857838969,82.6894099647969,87.497589705504,85.099070026102,85.907682465791,95.8260063442121,92.213400661258,94.8924509703589,106.588904562071,103.072556840684,104.527594791094,100.823482153753,105.885122545255,109.940203999343,113.596581452811,107.549993579662,111.01563279329,119.568688759008,122.007344022989,117.524594940009,132.031307078646,148.966603555414,153.04462050864,431.038996358106,131.123188405797,91.7862318840579,91.7862318840579
5.91926897099642,96.2540945230777,93.1353127343851,97.4797291911106,105.718573943661,75.9538436585901,68.3531872021156,69.6543267339959,88.9035151246834,87.7259788839597,77.5234827544586,81.4865848723261,88.8251394549564,86.0587838285026,93.0036703175526,90.6804593676167,94.813173924095,91.5685502968601,91.8709987454831,99.4421354735135,94.8660042436184,96.4949587089166,106.524112922398,103.043975886799,103.609582026624,99.0427446477862,104.814226536361,108.582837735196,113.329574309599,108.138444269972,110.94463562455,118.720574847334,121.402113069289,117.040757559779,129.737558185503,144.17580122014,149.454108458415,306.748605579652,131.123188405797,91.7862318840579,91.7862318840579
5.91926897099642,94.6533706015916,90.981298663919,94.3155588422433,100.172925622175,71.78941557974,64.624020898979,65.6620842099803,83.8766380782655,83.3993361923495,73.7765356506632,77.2267566332698,83.5795752504092,81.0534267186714,87.5099904803512,85.4615982267398,91.8018171510886,89.8545510735666,90.5447776824619,99.4086115455253,95.8269155119328,97.9679078062999,109.397869517946,106.71376150992,108.044327660911,103.968794020184,110.092290599345,113.087177290157,118.86195139421,113.993182563075,116.883296433622,125.149369498224,128.225002893856,122.857612658888,136.516764597274,151.840111252215,156.770312522304,285.266292109991,131.123188405797,91.7862318840579,91.7862318840579
5.91926897099642,95.720464961531,92.4172119906496,96.3067032367274,103.282186112663,74.0839575341477,66.6670104714086,67.8632374506228,87.5700500317617,87.0887863296001,76.9545506085453,80.9144356252274,87.7970262719521,84.6758205246548,91.8844237703145,89.7352552766819,96.3645282231006,94.2006933413067,94.8315279264336,103.876220616336,98.9229591081658,100.255215897312,110.781383382106,108.416481661665,108.950738648008,103.749584352857,109.168066968538,113.501772080773,117.134590050684,110.620649859705,112.403586687914,117.687360767229,118.224247441288,113.668768119908,127.021312214509,142.438491187178,144.963987049769,159.401744926139,118.781336798187,83.2503983355061,83.2503983355061
5.91926897099642,95.0535332658984,91.5197701478518,95.0843899380574,101.447487377187,72.7386079642221,65.4700029817737,66.6574761299243,87.2774328183401,87.4342431192633,77.3113792005488,81.4810177371947,87.5512365875035,83.6260149231459,90.8897073985346,88.8583629501275,93.4286169464329,90.5466554515969,91.2189658801772,100.448176576742,96.2219321366231,98.6153807720034,111.610450138129,109.006265152434,109.914185545394,105.004455214827,109.480578077605,113.560955082289,118.241567269342,112.870278995462,116.050017380514,125.069777198892,129.953155027361,125.07949220991,139.385075693592,155.396018917602,156.743436385085,169.673318612473,126.111156652481,88.1452206823669,88.1452206823669
5.91926897099642,95.7204786481524,92.4172359277184,95.9081713270276,101.332584872217,72.4914752675614,65.2386655062126,66.3177478681928,85.2177917883951,84.8432970749026,74.9899818269249,79.2149714217298,86.4166601405246,83.6507581159588,90.1836774627939,87.9853606574516,94.662007939783,92.6973055864153,93.2438499325273,100.895963169485,96.9057156175729,99.7011046467866,112.896310621384,109.615583990211,110.743355219853,106.208224720272,110.326776452132,113.654478630097,118.12602054858,112.2359085928,113.532380088577,117.89035559491,118.27247151574,113.730405389545,129.123236961002,147.0946706528,150.006263433017,165.714404867634,123.404100770142,86.4276068161006,86.4276068161006
5.91926897099642,95.3203205435992,91.8787724185176,95.360792009878,101.141774886654,72.4276040143343,65.1872532385334,66.2528402668777,84.8444469685444,84.3804449717858,74.6002807263088,78.4117388874281,85.7540074678699,83.5896742690576,91.3456645266696,89.4218627528678,94.7552998145974,92.1525122041808,92.6704734849772,100.877472284285,96.8971142730097,98.1826144221392,106.482933026133,103.159588151233,104.065121747646,99.6797064252103,105.353611860545,108.492207994279,113.368618795152,108.346993611113,110.166530731448,116.264888557808,119.400074826345,115.262381908413,125.694065799436,137.415614447715,140.629442805484,155.965892654002,116.364007732848,81.6265007154226,81.6265007154226
5.91926897099642,95.1869132185174,91.699247346798,95.7539837942495,103.895163615731,74.7074529226623,67.2352083612257,68.6073330773051,88.9187958307063,88.1793645133104,77.9416300457427,82.1647845406512,89.1731420628156,85.9133831491865,95.0254796499957,93.2652032985184,100.143478871498,97.8791340786325,98.2717255420342,105.7583841928,101.048949017934,103.449135323479,115.853941715289,112.202056172191,113.05563748952,108.287286847544,115.691298068899,119.176086309639,123.446574987244,116.815368268422,118.340018408372,124.917794326903,128.608693262186,123.10308341156,130.348169059825,137.211555207872,140.131680117307,155.965605703742,115.741590252826,80.771088081574,80.771088081574
5.91926897099642,95.1869086556341,91.6992393665924,95.0010883674322,100.208116837638,71.6950951548231,64.5285991753792,65.3886407168604,82.5091556727079,81.9969765008845,72.5004915722337,75.3265016261494,81.7189082452857,79.7952945243098,89.3556517423734,88.1039086158981,94.8998688917356,93.0400607834259,93.9244173975483,103.28407329686,99.2529208781403,100.848621458311,110.449177717299,107.800584387535,109.002834584678,104.586851104328,111.858861282533,116.506849928122,121.524971637491,115.931940575792,118.844537991944,125.976681068175,126.910811801993,122.213045393886,137.212596483847,154.604621581384,160.39201148929,297.984593872848,131.123188405797,91.7862318840571,91.7862318840571
5.91926897099642,96.3874514030252,93.3147495806314,97.5735067735836,105.344412548664,75.6168638977744,68.0442188811326,69.1531460383176,88.9199555754774,88.5813943096737,78.2632901068043,81.3070526807627,87.455159992261,84.2771740088501,91.2612462574703,89.0429175686542,94.7657070317356,92.2498656723216,92.6275507018681,99.9103746741878,95.1731398679179,97.8331087335348,110.864931770706,107.360227743452,108.69336961982,104.829648667691,109.689038520501,114.237724386928,119.463675485602,114.509396354919,117.211840262406,123.742933361382,124.958531640866,120.454417902398,133.187373382959,147.321145744823,150.261130883825,166.213221730091,123.637723048727,86.5023040229289,86.5023040229289
5.91926897099642,96.6542797419948,93.6738236649602,97.8500613037373,105.049812144837,75.3167014429537,67.783770370248,69.0359392568595,88.769652960088,88.0479699346002,77.8308298045319,82.2930040375798,89.8696583410131,87.0485264741547,95.4006699352582,93.4637261116424,98.6466125982358,95.7642091933608,96.3029732122465,104.873684829244,100.580956515332,102.657432238244,114.985113263204,112.146268043243,112.842888217046,107.784641192054,113.819180882198,117.933898821224,122.598382678889,116.487767915844,119.736899230908,128.536819161241,130.995711135651,125.748258339698,137.884502622946,151.305529881948,158.543436410879,326.929368893298,131.123188405797,91.7862318840579,91.7862318840579
5.91926897099642,95.4537461206825,92.0583294118782,95.8534073884533,102.73263051884,73.6981063829855,66.3369501468193,67.3720123621086,86.05406829515,85.6297877304397,75.7278042895917,78.6895939474178,83.5346299828734,79.6808233592112,87.6891139228258,86.0331293667229,91.3344090383187,88.9411578821374,89.5401951760157,97.5949434024733,94.0293967642783,95.8004797843834,105.321238814481,102.478474012543,103.830696650422,99.7187749622205,104.96433670665,109.216177496422,113.609010155055,108.317255383353,111.70858548042,119.154739153329,120.13305786286,116.02216850274,127.484404392175,140.517211644034,146.541101120274,257.625394359532,131.123188405797,91.7862318840579,91.7862318840579
5.91926897099642,95.9872796137231,92.7762621376366,96.4060590697499,102.115926609021,73.0709824737124,65.7613831118154,66.7725204236521,84.6236988263321,83.8845130503183,74.1468692115555,77.8220264765461,84.1319813559437,81.0754736080596,89.0189705006644,87.268240257718,93.6430114690525,91.5786615971935,92.3036157036647,102.837772664194,98.9308928022558,100.429483887805,110.913931959264,108.452492948799,109.20052876836,104.336235014688,110.706995677182,115.398687560783,119.966154233427,113.933441243996,116.790281191978,123.606735409269,122.966935378544,117.804770139847,131.495988814127,147.02176494916,151.741176948146,172.075236310394,127.930691120233,89.4485057631309,89.4485057631309
5.70040524433773,93.7424314237991,91.1010158177323,95.4116364218521,102.844135337387,73.7544951867861,66.3898085433657,67.5977037760166,86.3900671447884,85.5069794646036,75.6189074094639,79.7999077441179,86.4251754851464,83.1362428867537,90.0149715418881,87.8724804313415,93.4176236278167,90.9330218445397,91.2609800968117,98.2084831361179,94.2195819056418,96.1594220416492,107.641554947441,105.003241279532,105.891828415279,101.411450347905,107.188095144443,109.812227049593,114.584451361321,109.605062206693,112.403585292245,120.393349530595,124.762114196863,120.547801862301,137.285838152277,156.772182299665,162.597861101791,346.556083688248,131.123188405797,91.7862318840579,91.7862318840579
5.70040524433773,93.8757449213243,91.2803767907593,95.9038356553251,104.417184725257,75.0076987113715,67.5048916097431,68.8423816536003,90.1886100172043,90.034280242911,79.5814358497027,83.918888303389,90.3769763650478,86.3551526194618,90.7641001557971,87.8824391454337,91.2775256458749,87.9332097956942,88.5070824453491,97.3843004618162,92.9112311789362,93.5724679619119,100.312581198366,97.2936329501005,98.0449345771506,93.9442797105608,101.790907507141,106.263382921643,111.004695523752,106.332096979681,108.741056163739,115.556965558483,118.902758489671,114.736937928996,128.657867981603,144.79242220897,148.194308762537,165.01957838672,125.249254493823,90.6075321172263,90.6075321172263
5.70040524433773,93.2087812879168,90.3828790907345,94.7256907431064,102.793470614848,73.8338064485732,66.4555088414036,67.7115280924327,88.1816599151027,87.9630717639752,77.7780010087425,81.7223830347283,88.7179400251061,85.887151052712,96.2677227730999,94.8822289978801,100.893837279162,98.2848995725607,98.9830394098155,108.727701180695,104.343504465501,106.502947978392,119.46048951372,116.778703071356,117.133451111121,111.272459997949,118.721266331376,120.993722833362,123.248887603694,114.485949661201,116.461874083271,123.147299692749,123.560331707059,117.606100924149,127.881526432827,138.782563073403,141.074693874009,155.882602916506,115.620220655191,80.683339843677,80.683339843677
5.70040524433773,91.8748220898332,88.5878278448375,92.72357811724,101.273519174689,72.896192695609,65.6153271017886,66.7877447767042,86.1320087835327,85.6996286221944,75.7886596546311,78.5238639571244,84.843470726588,82.6498675227043,92.5875894830727,91.2413999065049,96.7240766265808,94.1105227907935,94.9782922554325,106.996892997667,103.121943134698,106.365557685374,122.737101642395,120.424143434705,121.896469088181,117.226188058293,123.741583573298,128.263337546015,133.697494768121,127.515336091453,130.167513549399,137.685992172501,139.957819528519,134.257736772619,145.696235508256,157.668969070146,160.017726616085,175.804172299676,130.439119605904,90.9921641269096,90.9921641269096
5.70040524433773,91.6079891876681,88.2287457797572,91.3398324014255,96.1460327452747,68.7664538619997,61.8955010303253,62.8258346759664,81.005163900864,81.0778686360753,71.6986982438267,75.2160711563645,81.2430558164609,78.4263623708649,87.4449819447539,86.1263527449335,92.0718438798202,89.9466610902624,90.6497660717459,99.81398720141,96.308469534813,98.8095572951975,112.105878312044,109.819773989353,110.848668599338,106.264556184097,115.075423838239,118.652623997168,123.606848374982,118.071559753409,121.009573930233,127.9387652269,129.337385606378,125.234371932122,140.196713648176,157.624999634237,162.906537017999,408.138205267261,131.123188405797,91.7862318840579,91.7862318840579
5.70040524433773,91.6079800612772,88.2287298182543,91.2069376064642,95.4903152416178,68.2299058361617,61.4074507701946,62.214462076939,80.7611577164817,81.4110721075784,71.970080703149,74.9917113494539,82.3530699103176,81.152911244158,88.1518106483608,86.1618982303734,90.9532102234446,88.3009563349544,88.8611720820025,98.0844446094809,94.3619913401347,96.3366691117654,108.882792231459,106.958734836037,107.812651112568,103.46998018042,113.333367325389,116.624800554441,120.799766873124,114.802917586076,118.157849509264,126.741902792793,129.860097265857,125.258943109903,138.964317707917,154.454919367709,158.432078565347,437.300071688156,131.123188405797,91.7862318840579,91.7862318840579
5.70040524433773,92.5417355312795,89.4852377621732,93.2815190934035,99.8482884671745,71.5770721476826,64.4105449574493,65.606591746652,85.0720467786101,84.6953841540811,74.8360482786362,79.1236948219202,86.1686517506111,83.0391222852572,89.9944168552571,87.8459126172286,94.544378410965,92.5092048020311,93.026675965986,100.894408708619,96.1360374407584,97.6911431709964,109.625073177474,108.066714717173,108.738117291155,103.910939732118,113.111944063002,117.670019484736,123.362224864457,118.012245665779,121.619955098546,130.493936660378,131.898551849079,126.741511167168,141.576393704778,158.599942074442,419.262686307303,554.647477304626,131.123188405797,91.7862318840579,91.7862318840579
5.70040524433773,93.7423102157331,91.1008038321931,95.0568906254021,101.089784377831,72.3181904918077,65.0785967603754,66.2753196398495,86.7054143126665,86.740811343042,76.6522292289464,81.630319143435,89.049479649885,85.5938934453487,92.9887532049705,90.8715457292511,98.505036679,96.7003188054394,97.2270740109661,106.043036721921,101.63709794001,103.469342102553,116.194940835618,114.124198026095,114.880831701679,109.822937984571,117.053892133702,121.834040297537,126.314569910338,119.700938676378,122.785863319584,131.027109588618,132.555829899377,127.024704342867,138.322437337828,150.620281829489,308.244796525698,555.57850961478,131.123188405797,91.7862318840579,91.7862318840579
5.70040524433773,92.9419894468643,90.023868839044,93.8292541518222,100.057590807969,71.658941631538,64.4983984873905,65.5314472480134,85.1660289883882,85.3902370018094,75.5035792383348,79.1115674948806,85.3792456172064,82.3033931122344,92.1745706045007,90.8230606271361,97.2149585146863,94.9724972842159,95.5512018526831,104.705647655743,100.925268973727,103.367680814034,114.745476717391,110.83096289007,112.203680530924,108.100687051095,114.99460450418,118.879042579658,124.689099576234,119.464625734926,123.220795041042,133.217979857531,137.149126366512,132.054360695395,148.911532172129,168.45642401665,598.296040733647,555.584025102242,131.123188405797,91.7862318840579,91.7862318840579
5.70040524433773,91.608025687614,88.2288096159437,91.5171158026126,97.0186639255858,69.4801842279595,62.5421609310473,63.6123699520104,82.703719464208,82.7593034649427,73.1956521458066,77.1732906822965,84.9421984487008,83.2923623871058,90.101668908221,87.9983210712962,93.9454793258451,91.67104886536,92.5714124208395,103.950736040413,99.7058924098121,102.36990979028,114.74964049038,110.931120627375,112.344745340469,108.457825297988,115.667989062155,119.593891474326,124.095789115236,118.07424339008,121.803376713483,130.444386014049,131.900061684889,126.86040201446,141.488096976928,170.185914059302,661.475694320649,555.584057776298,131.123188405797,91.7862318840579,91.7862318840579
5.70040524433773,92.0081609783746,88.7672332252083,92.817288898443,100.892022624578,72.5520418672741,65.2914179619218,66.5753420594449,87.1837579524113,87.0332506718747,76.9142869097027,80.6641808592651,86.7375747925784,83.0097743682854,90.3220020277774,88.2596619181905,94.0129724478289,91.5830517968013,92.3549753622874,105.263598061745,101.22703396929,103.65515500771,116.340817075249,113.049718949004,114.651849098047,110.820421221219,116.691377342075,120.701347554021,125.288223428445,118.980617690005,121.83067070753,128.965699136484,129.623689995126,124.393079961776,135.463841550151,159.933479041572,694.837722986527,555.584057969861,131.123188405797,91.7862318840579,91.7862318840579
5.70040524433773,91.8747810254434,88.5877560257161,91.8376862531226,96.9268442000158,69.3434920471519,62.413135073898,63.2737716751601,81.3576757623348,81.532432970112,72.0933703131368,75.0376595698954,80.5134260903703,77.6088936948712,86.0945529910894,84.6834679962007,90.221435231281,88.0340092820713,88.6911626647108,96.2968685764544,92.7261907392539,95.7630795034024,109.739944021524,107.059379629714,108.255023703739,103.800897726085,108.648837535298,112.540998601243,116.274550385583,110.241730356402,112.792348406945,119.530208381879,122.086355609212,118.271678478469,129.270611910392,141.494312524374,154.190004757138,555.584057971008,131.123188405797,91.7862318840579,91.7862318840579
5.97398490266109,97.1152934159702,93.957741553247,98.0055193146282,105.00824196012,75.2791358566005,67.7167108334865,68.8114094113645,88.2813020434545,87.8025515495263,77.4983831858687,80.8555192226249,88.3216246851094,86.0017576823829,92.5239959059638,90.1115474426039,94.7989887204986,91.844425116455,92.3090070138694,100.65278274104,95.885327092308,98.2695795170512,112.288510485685,109.933686894789,110.437784713311,105.255032909661,111.385673210744,116.167689478189,119.368250833478,112.466675191276,115.107788772188,122.885301171914,126.03765589401,121.17443057958,131.198808496215,141.922750325835,146.009677096834,268.960631722642,131.123188405797,91.7862318840579,91.7862318840579
5.97398490266109,98.316019604583,95.5735725948315,101.198636403846,113.216234085393,81.716036564319,73.5309657680276,75.2905419904695,99.1569097794534,98.3602632857627,86.8951866611636,91.6979246894813,98.4865293825267,93.5129527763429,100.14655024219,97.3727355223605,101.481835535052,97.8287859720499,97.9670759269625,104.927595044968,99.9943342493348,101.689467761833,112.64506113682,109.198292067761,110.03215346159,105.624522028151,113.025956082056,116.802874642117,121.287918766868,115.235940119279,119.675598822262,131.110355732021,135.53046829184,130.331525068299,147.257113262816,166.891441593411,169.103997167213,315.933291309315,131.123188405797,91.7862318840579,91.7862318840579
5.97398490266109,98.4494543112104,95.7531455552099,101.204129013131,112.425041412125,81.0409667656494,72.9367663876953,74.4470918695024,97.3474124765088,96.9145226981584,85.6733025550193,89.4739759083333,95.8866602280825,91.9161910912609,100.049106755889,97.857676583899,103.444104383769,100.525034192386,101.333819210999,112.006757824521,107.489257005435,109.67159478852,123.444642924514,121.324084720701,123.061888879553,119.004851071721,124.729738921136,128.394107282086,133.931924165668,127.367975179565,130.743705035538,140.602649367021,143.646967035931,137.111095494261,145.755397911146,154.174734343844,156.23096480454,205.754888028398,131.123188405797,91.7862318840579,91.7862318840579
5.97398490266109,97.9158843205649,95.0351489973592,98.8355760600051,104.138956262859,74.3927272228858,66.9632313227045,68.0848740603621,88.8674757046679,89.1673382866339,78.8675625358251,83.8739044992126,92.0145474357751,89.4615831167796,98.6462931190512,96.9146361118213,103.548659507242,101.156330419313,101.982732752214,110.80915001737,106.415877058394,108.57465372889,119.719453961855,115.950885825914,117.263659707132,113.096944437542,121.812795907953,124.85138799885,130.399240959997,124.54380140455,127.056138650283,133.928156685654,135.412481107838,130.715273231813,146.989347171688,165.948735540425,169.053580250691,419.59364692808,131.123188405797,91.7862318840579,91.7862318840579
5.97398490266109,96.8487169621294,93.5991080006964,97.9070478990022,106.215973653375,76.33243775571,68.7035051498188,70.0448218954031,90.9256043050223,90.4291374033404,79.9499693811955,84.0961552932989,90.3168795196711,86.2448341746158,94.2624561968054,92.2461285037336,98.3331498910298,95.8574124088092,96.4850998184329,106.783242325964,102.732434109876,104.123743350237,113.006730187752,109.744988117624,111.57723293119,108.09767236073,113.966746791197,117.098036889141,122.154087366449,116.708762535433,121.189591378373,130.458108105233,130.81000815881,126.05175846451,141.09245663945,158.530185091853,167.095025074195,549.223904740114,131.123188405797,91.7862318840579,91.7862318840579
5.97398490266109,96.0483186304854,92.5220373549686,96.1033928327418,102.351976478455,73.3576690531229,66.0295670430759,67.2528509927375,86.6035256485951,85.9807644470126,76.0372427877863,80.5646044968894,87.7561041651547,84.7952137220446,91.7028640166662,89.5784324692585,95.1355887410593,92.6613618237019,93.5452113606569,103.262933908939,98.832271419875,101.507379831679,113.518042717534,109.637071987829,110.892792311355,106.700862845281,113.340108669466,116.879218585435,121.630196591608,115.997661741961,119.185152800495,127.233709266415,129.61946632239,124.884545188425,135.211142813765,146.188490315561,151.477654600392,524.322309674857,131.123188405797,91.7862318840579,91.7862318840579
5.97398490266109,96.5818658092111,93.2399940161582,96.8775301768038,102.821109596187,73.6178984898007,66.2527200854158,67.228979098771,86.1132152351638,85.9346621511815,75.9547389618205,79.1732287660642,85.8533941631374,83.4133305179685,91.2557957438337,89.3620717296001,95.3845084315758,93.0693544051917,93.7914426370891,103.263141078984,98.9264796747614,102.00208108317,113.207434292348,107.715634615108,108.435965880071,103.444098667339,110.955712832092,115.555227319249,120.468181293068,114.787986928483,116.748816163285,121.88795562708,121.605182892356,117.023806306087,125.81644867188,135.241214247941,137.807938695869,151.868054386222,113.215489503752,79.5806764666527,79.5806764666527
5.97398490266109,97.2488522510174,94.1375316066858,98.2771946239544,105.534485978653,75.6828841864141,68.1086224604479,69.4780457837648,90.4995033594847,90.0184163296185,79.5531522298802,84.6457490672986,92.2442939634357,88.6009818092948,97.8348650444238,95.9833617748453,102.023946133068,99.2803827705048,99.7088869845611,107.737179902241,102.816409383008,104.35244088833,111.897016665568,106.501027119582,107.173061579745,102.484758333168,107.558800550704,111.240612531238,117.593152448098,113.312265729999,115.915257484957,124.254668766049,128.615262212153,123.903897703978,135.053313097788,147.506076841422,150.26607558114,165.322357463322,123.253189941692,86.3988121377419,86.3988121377419
5.97398490266109,97.1154814251013,93.9580703697882,97.6076346547255,103.088604595777,73.7157863995376,66.3469582764436,67.6873975475687,89.5271140159673,89.7387980458138,79.3415417587152,85.3992135269682,93.237487366373,89.152283761299,99.0863549664095,97.449861377884,104.668228467601,102.376250250827,103.100353849942,113.385085755336,108.715694762456,109.994963640609,116.244504164418,110.572544260711,112.103457947831,108.587930045249,115.043496780336,118.047893796666,125.537756135292,121.456717078799,123.26282219217,128.762355961763,128.882137535061,123.436841914071,135.557654290481,148.949778348707,151.98272237341,168.536332575026,125.276143231034,87.5686117148256,87.5686117148256
5.97398490266109,96.8486895862336,93.5990601219188,97.4640765566472,104.0415120246,74.5549949531073,67.1002188049809,68.2334244884608,88.3528598241127,88.2464426854136,78.0107325468383,81.9194222269,88.1362638574619,84.4441693782682,91.2191730520673,89.0257931286015,92.4952055524772,89.2241262738777,89.8604798483495,98.2020103052939,94.3838959914047,97.5958830989583,112.482045711711,110.032282990491,111.767192232603,108.053549791106,116.30265854123,119.560049916643,125.543174319342,121.10350494361,124.884440898812,133.711056676761,137.328525365472,132.650064072656,145.067865000929,158.074895458708,163.099191125253,282.939726114483,131.123188405797,91.7862318840579,91.7862318840579
5.97398490266109,98.0492232087943,95.2145543771842,99.4164435068586,106.142183635184,75.9967602327652,68.3886068011861,69.5334028099993,90.4338318845314,90.522871023389,79.9920378313555,84.1804581741344,89.8670888273234,85.1226303595005,91.6759334575045,89.3725663787284,94.7849840002021,92.195444585194,92.8205767771381,102.806930848379,98.6670110617352,100.497445767191,110.267195235176,106.478798057137,107.382451501389,102.961586794823,110.904074056313,113.993469224683,118.452235913771,112.439457747819,115.945388942296,125.442908990658,128.766363390912,123.747253323264,136.974018517301,152.405298562916,195.008513534799,545.166962240778,131.123188405797,91.7862318840579,91.7862318840579
5.97398490266109,96.4485406068229,93.0606125720375,96.6952962721245,102.769480564941,73.6082643361821,66.2592088814281,67.3476585674325,87.487114235076,87.6410301459588,77.5172616185433,81.3944096526106,86.9706129701207,82.8995878171056,92.2261553304805,90.7414468800814,96.3215504011727,93.768272968246,94.226193378864,100.175029425595,95.9534325539135,97.5917463615419,105.529489353765,101.278106394109,102.057117139523,97.7430076971259,106.379444674663,110.616049983195,115.378455011702,110.038004392042,112.924240107901,120.508149043705,122.781548458349,118.67498000292,133.656310732214,151.112176285429,233.044591143272,555.522346513462,131.123188405797,91.7862318840579,91.7862318840579
6.05456654747634,98.5173847093244,95.3491321059104,99.5532073479526,106.976084730261,76.7271238085848,69.0397948553737,70.3181711154399,90.6644472666109,90.0016001229446,79.5094076316021,83.8804388838514,90.0660644560377,85.5949839045773,94.7321324021436,92.9995272600672,97.8758295787075,94.881815382198,95.4061672903471,103.743600285339,99.1854988829266,101.144027648857,110.252013672013,105.607581037945,106.651620223998,102.493703221439,108.781891457444,111.596810661212,116.221328844834,110.660597774534,114.108526219558,123.024811958173,125.496691000646,120.377617389576,130.72147613615,141.885797696427,147.286581293295,494.457070240269,131.123188405797,91.7862318840579,91.7862318840579
6.05456654747634,97.7170948751525,94.2722512156657,97.8828160360341,103.780580968725,74.3012847601514,66.8782757308825,68.1870375427271,90.5926463817498,91.1373124148229,80.5928761172482,86.0075678377823,92.8851399294289,88.3891606456071,97.1310850278568,95.240792470368,102.135321661312,99.801962943374,100.552309924362,110.067249371282,104.878140611068,106.952837194274,120.467446889194,118.057993484797,119.356896583673,114.927446869516,119.203272677235,122.039313894321,126.014327993957,119.009385249219,122.317795420063,130.825939566187,131.969853088211,126.169146831167,137.542990390434,149.638047608559,152.845561090085,300.060151957202,131.123188405797,91.7862318840579,91.7862318840579
6.05456654747634,99.7179720823689,96.9647203675045,101.417199931297,108.650634288122,77.8219144728259,70.0244747956014,71.3024489033294,92.3673948739238,91.9596312362423,81.2363945896281,86.0453218855214,93.2170330954342,89.1597221712777,98.5886156722615,96.7705098436435,104.162317270718,101.986104889294,102.779076674986,112.897609407505,107.760759617367,109.463046060077,119.224139121082,115.337113566533,116.668373578764,112.317998319917,118.862418802529,122.127267384036,126.764615246072,120.241577896678,122.750533408078,129.68543864848,130.747528481355,125.722486351559,138.937605198565,154.02405537792,160.544823527311,482.737480673268,131.123188405797,91.7862318840579,91.7862318840579
6.05456654747634,98.5174977701138,95.3493298423581,98.9778965302888,104.17656556556,74.4429885118453,67.009107649129,68.0624293306324,88.273730626791,88.489085690319,78.2642896088544,82.6977308129257,90.3725313498246,87.8391738329917,98.4981140419633,97.1242911150766,103.217375988901,100.542713314981,101.512650614465,113.215553425404,108.577494046836,109.838136597543,116.369449944409,111.212775762729,112.90938882741,109.48890236027,115.703880115072,120.265790547056,124.804259563096,118.588650360009,122.283950155745,131.042774960059,132.473363495777,127.6277560077,140.096150121234,154.088553733017,238.398382080961,554.609429701452,131.123188405797,91.7862318840579,91.7862318840579
6.05456654747634,98.2506694334848,94.990255762123,98.302759281429,102.519037434407,73.1482098769679,65.8362453196781,66.9364499964663,87.1366649413619,87.3011588536525,77.1858215763818,82.4585555804105,89.7656059244818,86.0363775804888,93.7677996949141,91.7471559265143,98.0167266957564,95.6714975270615,96.2798576640881,104.03179036039,99.5643902219358,101.524668819458,112.861777522956,110.101879066613,111.476220443657,107.466822153466,116.006467111897,121.035424695619,126.081105254917,120.55863272994,124.321789094072,133.011854415269,135.413569588217,130.717682365991,143.036233961406,156.265949464663,424.482230114816,555.578284218652,131.123188405797,91.7862318840579,91.7862318840579
6.05456654747634,97.5836921141683,94.0927341262754,97.1688505238563,101.107987731475,72.1473945932866,64.9375640532788,65.7987175355436,85.0850077527797,85.6012194055029,75.6892494850002,79.408317365092,84.7523892195196,80.642026741762,91.7903753741678,90.8243614290665,96.4561107553764,93.9294868553964,94.7381643091642,106.054758976929,102.242124472301,104.436948798782,112.906164124442,107.55912552392,108.735258661081,104.481773513226,112.543383156513,115.790765292336,120.441937649323,114.426301599252,117.891349312247,126.421829083195,127.691429127769,122.628706361428,134.028310559316,146.931908824507,576.304931619782,555.584023766983,131.123188405797,91.7862318840579,91.7862318840579
6.05456654747634,99.1843929651763,96.2467078478777,100.20007430427,106.002642833331,75.7799339592054,68.1889258868972,69.3309415635048,89.7389539902951,89.5985478056717,79.1562691927156,83.8654206547323,90.3164936164426,85.8091832889216,95.3176592529435,93.6443221002381,100.296951973288,97.9327050954533,98.5855691222964,109.692137800915,105.044559980658,106.82802174901,117.922893677263,114.512488535921,115.267188882931,110.002277350506,114.57167460625,119.040309086007,126.04138343035,121.648158183525,125.302217812653,134.051417511644,134.899633045694,129.44450132401,141.846506665008,155.394937702444,609.52153871395,555.584057768388,131.123188405797,91.7862318840579,91.7862318840579
6.05456654747634,99.8514159064603,97.1443092737732,101.511300332631,108.290730542767,77.4987905440964,69.7432863260824,71.164416142089,95.7985035576796,96.7847938106296,85.5363742189798,91.6380197084861,100.956445110761,97.621384491517,107.752519045068,105.694246662061,111.335275451623,107.874207959809,108.357749514288,117.948886927194,112.309782895895,113.810328050117,121.000007294856,114.277084625418,114.801558835626,110.042032227488,118.310496427679,120.293749015458,126.209884508062,120.907806018718,125.550448128581,136.909130533191,139.754993589996,134.560157120709,147.349493365587,249.567385066599,696.500853611654,555.584057969814,131.123188405797,91.7862318840579,91.7862318840579
6.05456654747634,100.651800552107,98.2213559835238,102.916321856137,110.202976670137,78.8790105030051,70.9850398825751,72.3715799620661,96.8391786442679,97.7210277662917,86.3631685238638,92.129225443351,100.631227373215,96.7426647747101,107.829200937516,106.083300738989,114.014408925824,111.793991920132,147.891133684301,123.434275927068,137.782384593628,181.677423916254,168.903966811364,122.066666666666,123.462417804743,118.902087475115,126.687499999864,131.163333082141,138.019376628572,132.623559715409,138.199393468592,151.180370374967,154.233061301159,221.851910497762,370.585807708247,286.7964736665,674.91568028353,555.584057971008,131.123188405797,91.7862318840579,91.7862318840579
6.05456654747634,98.117348793668,94.8108822976622,98.6076989841671,104.856096807212,75.0906435872007,67.6002217663727,68.8988101851597,91.730547933132,92.4781200471688,81.8181215466847,87.0820995720522,93.9541093343288,89.6435671725482,95.0400084442303,92.350383782468,99.2417198017169,97.1570864397896,98.080466452113,109.649737841353,115.119256342947,166.754143172,157.967407299263,122.066666666667,123.196560445119,118.026590457256,124.165441176471,129.263333334944,136.96322629011,132.354568719512,135.297132802013,143.052166035599,144.548058220792,316.727320666228,322.767626068442,285.803534442089,672.216714264612,555.584057971014,131.123188405797,91.7862318840579,91.7862318840579
6.05456654747634,98.784230301797,95.7082363655672,99.7855389695952,106.464584162806,76.2497211176477,68.6196775495524,69.6978840587259,91.9571665324181,92.9005381286532,82.1054954894691,85.7562851712215,91.7599344668439,87.7061554479296,96.9886109303601,95.22999551951,100.766333635598,97.9491871796301,98.9571407169258,111.684875870591,106.910598323976,108.999059237461,149.172395136111,122.066666666667,123.861203844208,119.788643141153,124.198529411765,128.313333331134,133.58723200048,127.248221842706,130.49219632595,138.657109362323,141.3877836457,328.959198377231,306.540355166747,253.116040598655,639.364170450111,555.584057971014,131.123188405797,91.7862318840579,91.7862318840579
6.05456654747634,97.4503167247448,93.9132649080806,97.8278827019083,105.170809731734,75.4983529492469,67.9570870292802,69.0950634174566,90.9158056846229,91.5730240218101,80.9798108777984,84.2713831527687,90.3856385294148,87.0432263947064,96.1600637152537,94.4114534819805,100.765752582014,98.302453096032,98.8550307427142,107.022634047031,102.678462387767,104.299199636408,114.364731440048,111.206158718235,112.309344426676,107.581067601653,111.638441508698,115.451703074864,120.133404842906,114.622655048295,117.650404263882,124.947111598043,127.32049439307,185.233719975373,282.849364865202,264.613928194626,656.778228287235,555.584057971014,131.123188405797,91.7862318840579,91.7862318840579
5.95408820023759,97.2024514522704,94.1974254039935,98.2052906097095,104.716368746559,74.9873022062977,67.4897492867069,68.6403988204817,89.3243855265113,89.4076858161108,79.0397024179493,83.2895338638132,89.8720129742385,86.1758781009772,94.7425473880999,92.907606330354,96.9700458104878,93.7133669116062,94.514982374581,104.463517287933,100.042868719951,101.99994410667,112.74564053453,109.5125465745,111.105837436124,107.523704302572,114.288550861234,119.688396232277,124.506981107913,118.740589002654,121.142865795539,127.764622171448,129.913776685852,125.099484232871,133.490297654372,236.58843400561,661.969113887263,555.584057971014,131.123188405797,91.7862318840579,91.7862318840579
5.95408820023759,97.0690477928427,94.0179067432801,98.1999132772059,105.518271297366,75.6728346829531,68.1056469575213,69.5130897379118,91.4360994502101,91.3060901700227,80.7136770944192,86.0715555139753,93.5258325940664,89.4945175494529,99.2619721641017,97.5235646306588,102.531366805201,99.332033779929,99.8657832768322,107.658213882331,102.589321014153,103.92244511058,112.048259596791,107.753557350138,108.84699619499,104.873036094828,111.872536778133,115.347102447282,119.524775625606,113.269372986019,116.922458941259,126.469607409752,129.515217619748,124.784286293886,138.518265886246,220.731882410885,659.485391906795,555.584057971014,131.123188405797,91.7862318840579,91.7862318840579
5.95408820023759,98.5363732548645,95.9924112474528,101.004429843064,110.135529762132,79.1099034367535,71.1868765808593,72.6041009358756,95.3000545447263,95.1784727176132,84.092460110169,88.6965451783448,95.4348331449204,90.9333191705614,98.3296564198358,95.9342552575683,101.705163124827,98.8977070387768,99.4349306475602,108.977749029135,104.534955307682,106.161198459449,115.612837901569,111.772995500609,113.116643576458,108.93451600066,115.741979900267,121.23533425633,127.029632185276,121.612217593639,126.302882113087,136.61549131949,137.288074141062,131.564404158787,143.820061487792,241.606199468443,684.719924306217,555.584057971014,131.123188405797,91.7862318840579,91.7862318840579
5.95408820023759,97.069093416496,94.0179865362763,97.9343608571538,104.227250588004,74.6196742485654,67.1707991683939,68.2772466852436,88.2633944727304,88.2029635186574,78.0220445461931,82.1416921502158,88.1043848373546,84.2330171507871,94.3202262787305,93.0065424971069,98.8005160790262,96.2804652383005,97.155690259603,106.417566958991,102.210924359584,104.510614630431,113.086325863357,107.76501864081,108.94895100615,104.562223583192,111.159463510176,115.170796330086,122.234991904974,118.214461248445,120.895986205862,127.908146017375,129.224650104221,124.54812515718,235.176840773455,322.097441837158,712.702724570612,555.584057971014,131.123188405797,91.7862318840579,91.7862318840579
5.95408820023759,95.468319568249,91.8638851469404,95.2571617995438,101.052013330324,72.3894609599065,65.1621232534096,66.3019619993286,85.9686027177077,85.8458940153916,75.9295438847199,80.1399460496109,86.7149207590548,83.4509467434276,92.2837519873972,90.6515607890281,96.73493420186,94.3732349275931,94.7952565332759,100.215911014179,95.8520629657959,97.1043755204818,104.733822224654,101.18032632648,102.496488789783,98.9977264335206,106.255291437556,110.236840714679,115.050285502856,110.070586402858,113.718339843294,122.837309745145,126.656823381649,122.597418282428,231.807347952391,312.318740864495,692.724070623861,555.584057971014,131.123188405797,91.7862318840579,91.7862318840579
5.95408820023759,96.4020202878644,93.1202973357609,96.4900875766975,101.277733187252,72.3587283647081,65.1174122365305,66.0409437264386,84.4317609350345,84.2730451604927,74.4796897219213,78.1349654822247,83.7785689267427,80.0055115088447,91.284885404599,90.3708840870544,94.9823513392133,92.0875401154887,92.7848544283276,100.847589836215,96.427506059353,97.8400164026939,106.888775059435,104.087275258914,105.128175175691,100.776068093315,106.764104664616,110.363589792857,115.104530239482,109.723543655139,112.757902925276,119.647590711322,119.32361788742,114.592695664389,125.741567012463,285.787233589412,692.563468715614,555.584057971014,131.123188405797,91.7862318840579,91.7862318840579
5.95408820023759,96.9356267773637,93.838357727888,97.4415930173582,102.626592286194,73.3396156326735,66.0015472309347,67.0803400558453,86.6994579269084,86.6024376562682,76.5414326902663,81.0921279910158,86.9810104541932,82.4272841467899,91.8257207100656,90.3170733101658,95.4531465868759,92.6906480347789,93.1802425899692,100.786662497598,96.2677591959372,97.8180032278514,107.354192455565,104.105807723154,104.642773823721,99.5778914986632,105.25164049723,109.472907897345,114.627452548319,109.794323591907,113.195097566321,120.669295698446,120.758778131917,116.170696039729,128.980472190586,327.467633142791,738.020274509335,555.584057971014,131.123188405797,91.7862318840579,91.7862318840579
5.95408820023759,97.6026132211985,94.7358953219635,98.6641095932006,104.472749543532,74.6961249136029,67.221247942456,68.4538048365858,88.8150183533118,88.5040723248986,78.2180414583663,83.5419776201025,91.5114986413349,88.1606709476214,99.9867481341127,98.7905137030164,104.029041751425,100.856317608618,101.383106708586,109.129105382763,103.916619683462,105.49750994681,114.895872522018,110.691105327409,111.218300540254,106.076668906816,110.938909797617,113.767751211292,118.313404342747,112.27416892543,114.403642246167,122.15329006787,126.056311672871,120.915637628107,130.640214253215,160.955051437551,647.46949336216,555.584057971014,131.123188405797,91.7862318840579,91.7862318840579
5.95408820023759,96.135306009119,92.7614227358305,96.7896871523504,104.416097477178,74.9860919716487,67.4957922443889,68.8910444623756,89.55011500341,88.9176789368087,78.6297931335523,83.4778029999823,91.0019601152706,87.7679573284828,97.523920031961,95.8716122867556,101.944851727571,99.2721607405128,99.719600198105,106.49248663584,101.843489376914,103.148344618131,110.237629634149,105.774203918675,107.159809378703,103.350988734321,109.809023254524,115.101875029776,120.009217976044,114.556398768224,119.152658440558,129.069158668418,130.200817503437,125.397366713543,141.100972746046,290.283492478628,737.657778691972,555.584057971014,131.123188405797,91.7862318840579,91.7862318840579
5.95408820023759,97.0690112936463,94.0178429084045,97.6240471513937,102.692046141469,73.3627248397606,66.0226028302542,67.1702486997247,86.6418342646175,86.2687245082007,76.2518835807224,81.376925013609,88.5595325834543,84.8735136861628,94.4771675888176,92.9715566257479,99.0918454253495,96.6615964035235,97.4355510493428,107.494235051003,103.365095635002,105.831766722988,118.543997474231,115.404053471891,116.582641450522,111.737425940346,117.222617004358,121.033682728763,123.46745789294,115.543923636106,117.935655413082,123.963877839459,123.794552021188,118.430874327717,125.750829300961,172.50471201327,692.924676196339,555.584057971014,131.123188405797,91.7862318840579,91.7862318840579
5.95408820023759,96.93564959022,93.8383976261869,97.4859646899931,102.848020570512,73.521236517645,66.1697366926943,67.0111164172548,85.0025792059609,84.8027656830435,74.9674041696068,77.8740704230607,82.1970691410643,77.8108127871962,84.5009423723658,82.5968933994482,87.0887755669338,84.5636168634508,85.1730498173949,93.4792973776773,90.1384012608708,92.1920336544355,101.738908051938,98.6331518934448,100.656695555283,97.9520227013608,104.755972783835,109.441361500404,114.963513546953,110.866816281925,114.046013970516,121.389567279727,124.315739316521,120.623162709073,132.584784139228,146.051072133301,496.781253549055,555.584057971014,131.123188405797,91.7862318840579,91.7862318840579
5.95408820023759,96.535464113048,93.2998862439397,97.0270576791958,103.087068657673,73.8079648762375,66.4292265038818,67.5117584340718,85.7046733797045,84.8690243814237,75.030414898181,78.9496182742092,84.9947171106784,81.3837129388638,87.8398796325469,85.695461163678,90.6635771794058,88.0891794084639,88.4087753918066,93.0461331255648,88.5968526121913,89.6868970660921,97.7908130109331,95.0548967787703,95.6566965461719,91.4420241076215,97.2160308969235,100.382361028971,104.86786834992,100.221526078536,104.121520136566,113.622084465504,116.811019143871,112.972067573774,124.918220999319,138.692217930609,457.87900920875,555.584057971014,131.123188405797,91.7862318840579,91.7862318840579
6.3609757647985,102.273811127849,98.5202315207374,101.271219789043,103.741934289563,73.8210193339373,66.408454062181,67.0251481776408,82.5084277972817,81.6243048832282,72.0624057990851,75.0336335215206,80.2037083019569,76.6271561823652,85.064552315924,83.6625665384913,89.1307368891013,86.9844138254261,87.4724403185267,93.5875265304706,90.1482070927565,92.5808376625526,104.214947587253,101.457240244667,103.080466156226,99.929640739718,106.548548711419,109.626301953283,114.601248720241,109.317334595932,112.905674551607,122.899676569104,127.025373382554,121.655927338189,130.637287392174,139.74243167698,144.652536210101,537.684723405702,131.123188405797,91.7862318840579,91.7862318840579
6.3609757647985,103.074375475239,99.5975925179128,103.518360959422,109.800119304832,78.592371858582,70.7236776511546,71.7133548461838,88.7418103198384,87.1425815986894,76.9947807786177,80.1540679382694,85.379785161942,81.2619105389486,88.1927466236563,86.0891715947756,90.1420219138742,87.1335568876291,87.1513868299764,90.4984009364954,86.225133980325,88.3102523541691,99.0446434634435,95.8866730379741,96.6683382370893,92.616778091324,98.4766239566807,101.615917102551,106.576277010754,102.381582167311,105.08938085736,111.975933319016,114.4289376966,110.704221096508,124.135923173423,139.716963365765,142.964270921826,204.63713976447,131.123188405797,91.7862318840579,91.7862318840579
6.3609757647985,102.007253747726,98.1616313269598,101.172819192913,104.951352182167,74.8759458932242,67.3983241235245,68.2969119907697,85.3598868466009,84.4404076694916,74.6844000545782,78.6703933361814,85.4400185279602,82.7107598067117,91.5163032821829,89.9315762566224,95.5744223862766,93.0788499895824,93.6075574532816,100.84099142431,96.6566939531244,97.7775299840326,105.33681271646,101.676788957435,102.010150904656,96.9497291817698,102.36279818528,104.75089901541,108.187071596804,101.949858255477,104.111558485032,111.54129255177,114.624171034848,109.599973342834,119.50407172921,130.596160775046,136.385085564903,157.939624461379,117.66473633207,82.4664569491954,82.4664569491954
6.3609757647985,102.674185442423,99.0590731681205,102.129410669832,105.483164759762,75.156561354573,67.6367141335661,68.4236904867297,85.1941777055002,84.3929865134235,74.5892445298352,78.2498428726659,84.3581214077316,81.0349527048839,86.8562534310543,84.5900763227805,88.9696375652176,86.2629547807541,86.7618970916952,93.8810980492248,90.0652814892994,92.052769723991,101.869513602438,98.6384189526887,99.7942735630841,95.9959648362522,103.509117279684,106.125784282247,111.111212888729,106.708492132027,111.059587156474,120.886256038885,123.935460521519,119.454971480449,129.233058882494,139.407303708558,141.227684959255,154.254388112641,114.575260077267,80.0060657849231,80.0060657849231
6.3609757647985,102.67420825325,99.0591130628716,102.616652032041,107.873526311437,77.1102423838561,69.3972647280207,70.2713826175925,87.2202076494111,86.0793471914116,76.0843194361229,79.0781630962366,84.9313518953309,81.8224608792297,88.0798212454637,85.8464530110516,89.5939547783267,86.5344076666095,86.89429880312,93.0192835187926,88.9647740648093,90.0694971574853,97.3820091525053,94.2417050636391,95.5059054185048,92.3184614493181,98.1747391449775,101.116298862618,104.898469057094,99.6487079243648,101.859343629072,107.530342286839,108.505754536311,104.725379221243,118.693161380271,135.153219449038,140.004593442324,159.093626634433,118.685990015473,83.2721809796755,83.2721809796755
6.3609757647985,103.07438916988,99.5976164690067,102.942681200667,106.984628626602,76.2927183094358,68.6619196076808,69.399035264234,85.6878661038345,84.7030837795761,74.8740004485779,77.885569118576,83.3048787040386,79.9335929154288,84.6648944653068,82.2087082348799,87.798066955406,85.7008564725221,86.2205096450184,93.3703706430259,89.6463386620784,91.4754358907839,99.4583155144313,95.2982622093056,96.2210411575578,92.1481853797876,97.556181197247,101.638745541741,105.906389265347,100.88674071717,102.904549125158,109.366171352615,112.364822300808,107.791384412167,119.561546005835,132.894386692931,135.883470797376,151.118153932724,112.472713383002,78.7357671428362,78.7357671428362
6.3609757647985,102.007253748195,98.161631327779,101.26139313406,105.38336263079,75.2286145027679,67.7130711683227,68.5413556160232,82.8632403837937,80.7589833645334,71.4166782065867,74.7029482189367,79.4323231041062,75.4774402631265,83.2745853675997,81.7526410297303,86.7467754595546,84.4559048472544,84.97671448787,91.2155438833993,87.4509207077097,88.5968479527377,94.1583782517925,90.166346539351,91.5548994286213,88.8067674013991,96.4376652330706,99.2161385741441,102.432051292885,96.8340285224539,98.6836503724296,103.459810224105,103.747028734176,100.168573546398,111.419404388792,124.375639861663,127.472683515633,141.860038683401,105.77608935738,74.155888558052,74.155888558052
6.3609757647985,101.607036333492,97.6230640887322,100.44807178322,103.880673296304,74.0912765260172,66.6856301433846,67.4429425165343,82.3853912362823,80.8883068880609,71.5186175933632,74.6718736399397,79.7511684464158,76.2267691062347,79.602744712337,76.9841624301082,81.8284841759023,79.6821425731512,80.1901765687413,87.6298893081051,84.0828047489222,85.5965453035219,94.8958544964819,92.5884485878408,94.287155438256,91.8675391124911,97.5814870961999,101.319301308524,106.203616582571,102.046975789938,104.650791961719,111.115639646669,112.967369019317,108.568307399342,123.238264796858,139.920015220884,144.188907233328,163.175576936393,121.163738835417,84.6051246289218,84.6051246289218
6.3609757647985,101.740416283614,97.8025412833118,100.984804721012,105.6779213224,75.5287505664993,67.9736552624246,68.9334373839087,84.8543680738873,83.0943475481098,73.445618933246,77.110918661331,82.3004242502717,78.1244870190271,82.4004292528573,79.8660326857778,83.197407712424,80.2750338955935,80.6358346925158,87.519393287258,83.8836609820802,85.282426688693,93.8250111806884,91.0066564162438,91.7035499448984,87.8241215387573,93.8926897455333,97.3502601913722,102.873044253539,99.2655496794019,101.869117861107,108.182961399287,109.114382369061,105.204665528783,116.490445407409,129.311519326946,134.648726782373,154.741109921598,115.310552786691,80.8105007207942,80.8105007207942
6.3609757647985,101.206846291096,97.0845447221857,99.4134172157456,101.298726110981,72.0729774664947,64.872263634967,65.4083672975265,79.0429247600933,77.7462931416614,68.7553044376005,71.3805083232109,76.0563894350161,72.9468216968406,81.4713256571384,80.2794872701793,84.3187996141006,81.768623179645,82.4006344099401,89.4679034300831,86.0471495226808,88.0501737452133,96.3309324104667,92.3631080146274,93.2173999809567,89.3027602815227,95.0753196028462,97.4883550818449,101.700833908545,96.7283911030925,98.0081070441234,102.033240389687,101.762794570115,97.7493164683091,112.426872929784,129.847038803374,133.345413774162,149.315539138805,111.25743542019,77.9748597991034,77.9748597991034
6.3609757647985,101.340221680207,97.2640139398347,100.038707158156,103.527238553865,73.8623951291376,66.4735826820168,67.1585316553452,81.7538981954875,80.301237276764,70.9747367721427,73.5191960600685,78.0966294876978,74.5391754693038,78.3169547293331,75.8219139827404,79.271431704657,76.6110988979022,77.0916816860023,84.2006891369686,80.4057170645764,81.5135156733099,86.5225482825335,82.3383979843847,83.2772649247563,79.9632165032574,84.1193828929697,87.5956423940717,91.4212197823404,87.6635843519504,91.2757800706535,98.9933205234378,100.97544525348,97.7255027811968,106.509260636714,116.372958253679,118.425855125083,129.756928882023,96.8918639128084,68.0370776511067,68.0370776511067
6.3609757647985,101.340226241999,97.2640219181299,99.7287153078755,102.010774870776,72.6237023262207,65.3625716643373,65.9812234587213,79.5353261835943,77.8889418666977,68.8600604751388,71.7778868889407,76.9445693554522,73.9267647900802,78.4212063721525,76.1857514878822,80.5921694175805,78.3493210223222,78.7937932067786,84.8649118950073,81.4500880375998,83.154340936735,92.3497439665213,89.7262993318858,90.1566403672877,85.6494644725446,89.8481879915038,92.3907245237505,96.1110718983589,91.3732235426849,92.8989335696119,97.5451041441423,98.3727621222527,94.3513347885865,103.689238422227,113.846133489855,120.054132042336,141.868308554469,105.377057578963,73.6180600806291,73.6180600806291
5.351218116805,85.7111484125077,82.4405229334906,85.0131867560909,88.5197306954125,63.2126628109055,56.9845122619071,57.6930093882759,70.6732320021961,69.5793701032467,61.8138533175041,64.8093434100614,69.9891449126903,68.389304400905,75.1558941969893,73.7670487701128,78.1655296866945,76.0104509375024,76.4927861943744,81.3020540667913,77.8244551016855,79.5106629904434,87.0434772389597,83.6632272307753,84.4369787508668,80.6582646771028,83.5403637821657,87.052040853002,90.634220346207,86.4227837296758,87.885968707519,92.613038522754,95.1212313624185,91.958219664909,99.9949448707664,108.924302069649,112.840024747094,128.16094313636,95.6044250169631,67.0589313695212,67.0589313695212
5.351218116805,87.0445347348472,84.2345722545363,87.2788941446109,91.2497348011531,65.1248042656412,58.6025765495112,59.2488587086362,71.9796279110287,70.4841248315855,62.2727940474448,64.6643732032551,69.3867988600246,66.7506719536491,72.9791072681247,71.4304610035664,75.9436395047655,73.9734777262899,74.368428296413,80.6912651970732,77.5041818844496,79.0243541098156,85.6012822602927,81.9394917020767,82.2281580335185,77.8125861807379,83.2907325839018,86.3981165436589,90.2813297042874,86.2524144659318,88.0293663952371,93.9741535894984,97.5652759160549,93.7749440907156,104.675281128801,117.178490350218,120.567890721573,135.596150315263,100.977016637899,70.7183169159155,70.7183169159155
5.351218116805,86.1108248698713,82.9781440710362,85.4702038049756,88.2019253478617,62.84944262216,56.5722480271446,57.1776900703148,70.1847308808114,69.2021812893765,61.2040117936488,63.9408966127793,68.6095446245597,65.9608686662549,70.2715779619977,68.354453211668,73.5945702871954,72.0671235251145,72.5456899516663,78.7800846473313,75.4967477863205,76.9501217485591,82.8504994758492,78.8556381708813,79.3143828684377,75.4732348653355,80.1489415672651,82.8503989178566,85.4985134695625,80.9741966341702,82.4094882141287,86.9304592473464,89.2252727205844,85.9821127739246,96.1753035577466,107.941223902656,112.96470498668,131.066300875433,97.6928147994494,68.4909573776461,68.4909573776461
5.351218116805,85.8440056572919,82.6190859482091,84.8836743726539,86.9806721544339,61.9115038198962,55.7228534640952,56.4967325669013,69.8378665904892,68.5901200669681,60.6434693121965,64.7953006095912,70.385877498326,67.2958744570352,70.7981850697388,68.6088975300655,71.6615254832407,69.2513177403227,69.5981387322444,74.4747813108272,71.1688508712142,72.6968679956389,79.4199186660901,75.9337742175841,76.3366948158182,72.733047966737,77.333686748051,78.8742395272701,82.3799032493631,79.0096195576017,82.2405839209118,89.5916126562372,92.0956984031953,89.1000231678565,98.9502014117359,109.986699799758,113.784929086456,129.211825009629,96.1687594591402,67.2960625723313,67.2960625723313
5.351218116805,85.7106028927528,82.4395688526015,84.8340133929604,87.5645465175343,62.4187149430401,56.1771172764585,56.8123190076864,69.0046796368482,67.5479648256852,59.7123988992874,62.5034549300225,67.7453504682664,65.5911448718312,69.1299540172827,67.0178213266924,72.2309488169391,70.7761582320564,71.250264682778,77.1998912421637,73.9100260283403,75.9783809536361,85.181769005521,82.3329595929075,82.9718663754072,79.2140797579618,84.4940225591807,86.6288552517469,90.0373677136708,85.3772441252108,86.5850497037049,90.2028034475385,89.6708775607723,85.6648265180781,94.4855977068539,104.210694480212,106.340671203974,118.166882026218,87.7332331471016,61.2658833842536,61.2658833842536
5.351218116805,86.5109601617236,83.5165676822101,86.0174984197666,88.3866542873569,62.9073814550013,56.6114643851427,57.1747161640971,69.0227779964773,67.5500050142843,59.6964639636598,62.4568152595177,66.6547748916682,63.4391575946069,67.0677496029601,65.0713130916015,69.2933133547588,67.5464314255045,67.8169766409265,71.8150298281698,68.7873515482439,71.1992858494304,81.2309846220686,78.4294739583473,78.9624522558135,75.2396557656052,80.7096146787171,83.7926276812073,87.3149110293789,83.4279616285914,85.5373049797256,91.8483887373727,95.9167075788513,92.6798674899512,99.937357077584,107.62180388645,109.307204914421,119.637753673109,89.0751882232363,62.3522142323291,62.3522142323291
5.351218116805,85.443838427128,82.0806064788699,84.5576960211565,87.8734174621504,62.7327826703825,56.4659334938597,57.1906851704782,69.8121421512079,68.2917718130763,60.3911844345885,63.3323829723071,67.9679000720071,65.0830909611759,68.9860180420788,66.972632428735,71.141036562279,69.2299334813009,69.5822074952753,74.8768560630832,71.4773176595227,72.8205634544845,79.0462509689869,75.5520745651459,76.3152168593573,73.4440188364268,78.3261820607088,80.7281819295379,83.7622423396803,79.4961741624073,81.5961995870627,86.8000943693795,87.3773322160156,84.0973736864284,93.4285428748774,104.265921157793,107.134960584182,119.875424459039,89.4503997640206,62.7770293796877,62.7770293796877
5.351218116805,85.7105892059753,82.4395449152596,84.6568146958466,86.6952220516234,61.7081938763767,55.5368347677898,55.9999367870354,67.3631787812339,66.0690663313574,58.4051125856434,60.5298857692852,64.514097960954,61.8700482953927,67.2696450795227,65.7928205831189,70.3554738817213,68.7328950116898,69.3497944130399,76.6344905789042,73.5457138103106,75.0352081327443,80.872362538124,77.0832227506833,77.6506652638434,73.9572889071008,77.4101861317388,80.104759544716,82.7965377019957,78.2177318408776,79.1291771050276,83.0050342918468,84.8799215456287,81.3902701894273,89.2853297956766,98.1652695041172,102.348800803873,118.104458304129,87.9885355474305,61.6677741428263,61.6677741428263
5.351218116805,85.8439919681737,82.6190620067736,84.9721974851042,87.4114494944243,62.2629839113424,56.0353489765457,56.4807791782908,67.9988328910756,66.7803716312307,59.0285109247171,60.8049568357341,64.8740806683528,62.5316027929532,66.4735660366365,64.5834482018768,68.3379451681895,66.4118772129352,66.6647872215443,70.2579958805835,67.0084760472837,68.0620093390835,74.3977215652023,72.1386681265364,72.6482685773441,69.2362999696073,72.5480523079431,75.4493017836,79.4630189502414,76.7123552826909,78.3645307159465,83.1018984842196,85.9456866725351,83.3548888804589,92.4987699581275,102.78690431121,108.990969078117,129.383182545068,96.3440682260432,67.435833434623,67.435833434623
5.351218116805,85.443815615052,82.0805665819356,84.7790461696875,88.9540001766295,63.6150368896934,57.2545260780542,57.8386581669688,69.063317306338,67.174707308695,59.3832841816053,60.8334156747175,64.7364080759917,62.5001840545669,65.7697615221351,63.7103927203581,66.5900136335533,64.3648735655221,64.8248525704199,71.0911309189436,67.9486038611399,69.7840955580865,78.4258284143423,75.9495930536182,76.490308556593,72.8036689262503,75.3719485575698,77.9584368649002,81.0308900513333,77.0905731399131,78.4033085410492,82.2751805504341,83.0866865304347,79.5766014078562,85.094277066026,90.6567800007268,91.4784086496828,99.3262991876914,73.8056654160629,51.6025870797352,51.6025870797352
5.351218116805,85.5771955665787,82.2600437789715,84.6957615367535,87.715960113181,62.5728227232034,56.3158011151699,57.0196745776017,68.1024363730506,65.8824644715327,58.2427921548891,61.2656652165607,65.5009189190533,62.2870922208911,66.1067932977573,64.225272554618,68.5532421886044,66.8869275813616,67.2770937151516,71.8764560572765,68.5551489694839,70.3487291454308,79.3778688108946,77.1263403728393,77.6596524281709,74.171963544047,78.3938837085305,80.9685638119886,84.0990599954457,79.8626438682598,82.4748639647329,88.3648546106801,88.457480606028,85.0581562176575,95.6485661409298,107.791833544,111.241612310001,125.906939865195,93.6431642331174,65.478595317682,65.478595317682
5.351218116805,85.3104128512931,81.9010494876925,84.0207936775204,86.0676586916692,61.2870277372314,55.1611744051958,55.6606567271499,66.236834521333,64.494337057641,57.0245578885548,59.281578029833,63.2839899041693,60.680830738917,65.800896164976,64.30678240576,68.0146828312162,66.1150069163738,66.6004498891885,72.2064949224085,69.0418313986216,70.5300763366646,76.4589964775551,72.8650511668917,73.2889274125099,69.8083592860064,74.842835808815,77.7869207304855,80.6918015343013,76.5982742296332,78.3011739652245,82.1995560373751,81.669792886732,78.7247959392651,87.6092876012391,97.9320739814338,99.3957307026267,108.453148200053,80.9398250842785,56.8088927945159,56.8088927945159
3.91169169646352,62.2488269391887,59.7181170055672,61.2920532622054,63.1125290637569,45.0076259273722,40.647047858949,41.2810672848646,52.6784472658306,52.7896489582753,47.1311447134087,50.6368571934701,56.4868575632577,56.8148543742359,63.1445914529951,62.237828738053,67.6329556070017,66.4463698276101,66.9011982802144,70.2563112831283,67.0366111976861,69.4180049621763,78.0820574489593,74.2602162808869,74.6357584066332,70.9507901636723,73.4992991718623,76.5366633666099,80.615611439413,77.6304122499054,79.5854037568638,83.9248579308925,83.7083468580056,80.6799957027614,91.5161445476101,103.974238702163,108.136290623266,124.233469381402,92.3979145173158,64.6208695228286,64.6208695228286
3.91169169646352,62.5148033407032,60.0757011030762,61.786879444648,63.7621685733123,45.4572137121566,40.909452384042,41.6805626337301,54.0491574161424,53.7901593184972,47.5430163621773,51.5497807962151,57.2897117364937,55.4503150353953,58.3101595741616,56.4831982633085,59.5603650191407,57.7964675625253,58.086591663747,62.6662969890233,60.0976989724404,61.7387008638084,68.7626848470734,66.2014760851664,67.0344356575884,64.3367174321181,67.2119055769585,69.7696890486312,72.5928776853813,69.6252269613598,70.7228257554579,72.609621474487,72.0032903643995,69.7949850639867,75.7246649003167,82.169524743521,87.5254305973404,104.736781146451,78.1057866292668,54.7853389789634,54.7853389789634
3.91169169646352,62.6482060764158,60.2552181482682,61.9251142567307,63.6118202709429,45.3041588807272,40.7731148117111,41.1503317824514,50.8978736688784,50.5295839681211,44.6663862139232,46.3391353420894,49.7782184896905,48.0854964590247,51.123981289407,49.7074049462494,53.7526727463257,52.8020395346289,53.1503168593044,57.0284438901528,55.0766247964569,56.697113470667,63.2642820880851,61.3048280346835,62.3313841396746,60.2118567740308,65.790959533522,68.4148731558985,72.2853480634646,69.6892393468138,71.9894762050313,77.6904615652841,79.6611055149817,76.7964796841061,85.6484622827634,95.7868383858333,99.4811774265866,113.769277189152,84.7205509953245,59.3081926963393,59.3081926963393
3.91169169646352,62.5148170005259,60.0757249932757,62.0083650113986,64.8493872689969,46.3459232633002,41.7110706785802,42.191470122709,52.1958328617082,51.5558627927511,45.5726896029279,47.1291356731569,49.4593116272144,46.654560634118,49.9345445855841,48.5933400561109,52.7081964841355,51.7565799553863,52.0290255080142,56.9810234826086,54.8146936284585,57.1765252307136,65.2925433752597,62.0468989476797,62.6794368628043,60.3033019887386,67.0964298554738,69.6130491190813,73.4480629968653,70.7064864309245,72.1532933470255,76.0843019405683,76.7912172064043,73.6862047937513,81.4107969633755,90.0501856187477,92.4482478248203,103.693442246689,77.1400049548272,53.9788984035545,53.9788984035545
3.91169169646352,62.3814187996504,59.8962158792383,61.7372861278008,64.3508574839491,45.9691214531141,41.3733679672454,41.9404661454028,51.882351166752,50.9937515300279,45.0829188141316,47.3253548347819,50.8499650652531,48.6942991694981,52.2911801308311,50.9555970422947,54.5196761418224,53.2361313234256,53.3724196549076,55.9049514056516,53.4612751258048,54.6775838056543,60.7178283930944,58.5683068899789,58.8289983263663,56.1290153765008,60.7937459069984,62.890967539862,65.2442392580926,62.0465364275264,64.4865306986679,70.2157629771319,71.945953364714,69.7401295952049,78.3571771167648,88.4976602323867,90.9269592885015,101.438586228704,75.7782733349866,53.2323483674332,53.2323483674332
3.91169169646352,62.2480205984628,59.716706764655,61.4662072430354,63.851159474462,45.5911729832138,41.0332151887013,41.617477263776,52.6030858078823,52.2123461603516,46.1601581106782,48.6259604281813,52.0510581604865,49.4994126317823,51.6807585595307,49.9671625766838,54.7076035805894,53.9215237575744,54.2206702022977,58.7000437053394,56.1046213565983,57.7811276513131,63.6655904898835,60.2027011465491,60.7197791395453,58.2531812248583,63.0729083595775,65.6040644760894,69.2582946900932,66.6673765770841,68.4321426660493,73.0944604911156,74.0927380461561,70.8864406345957,78.9951913040243,88.1873439316816,91.3124497435161,104.239206863269,77.5025956421962,54.1970636648324,54.1970636648324
3.91169169646352,62.1146223972751,59.5371976500716,61.0622674491366,62.7006028758019,44.6814311589634,40.2149794886299,40.6794285696906,50.1261340485319,49.4141990443391,43.6892789052642,45.8260189223387,50.0063013586229,48.7402006289656,52.7553700600462,51.538200575642,55.1258480147663,53.8613197039141,54.3288468880081,60.0644265958526,57.710415769981,60.0405699015441,68.6873716789488,65.7534798806157,66.3164120030003,63.4931055256699,66.9004262980487,68.6069766262493,70.3853230217399,66.132388676851,67.8977861702645,71.9769546956133,71.5770937278602,68.638429991928,78.8800284217906,90.7612358107908,95.1141258044573,111.088854841122,82.5665523470626,57.7318162850458,57.7318162850458
3.91169169646352,62.3814051119366,59.8961919402589,61.6486613666177,63.9133918190929,45.6111201499245,41.0475144824058,41.4750753663655,51.2257410743535,50.6765782089072,44.7883223326303,46.3327815026106,50.0312859123134,48.6524306113506,52.8519146493612,51.6412635516306,55.7651517432245,54.6585878056441,54.9166797560099,59.6605790887283,57.3163560888323,60.6244902269379,73.1608443327179,70.5625193177306,71.0494447570424,67.7653887479259,71.6383769341787,73.7652157513386,77.4640602087615,74.2696980394144,76.1223931597765,80.5151553705106,80.4413607770394,77.1497213629852,86.5051082275047,96.9372061423944,98.2237290270815,107.597504288314,79.7979682924497,55.6415625451824,55.6415625451824
3.91169169646352,63.181776068309,60.973214708301,62.9650581231518,65.3888952153712,46.6340483972786,41.964930761759,42.442033874374,52.4332369972542,51.7553826141931,45.7313307915309,47.7038653617633,51.0918841357546,48.8970139479955,52.5968024144295,51.2571035381872,54.1485483923606,52.5832918114048,52.9444884335506,57.9314307187263,55.3338022955526,57.054190254575,63.8077629938285,60.9910835683366,61.6173625964525,59.1958613699767,63.1613983554848,64.5909055584868,67.4830385526398,64.6268769329483,66.4492080492969,71.8927812202398,75.6438712114288,73.3229006549157,83.8662934495073,96.6121712429733,100.688273864205,115.333171406004,86.2587422797543,60.6636988599155,60.6636988599155
3.91169169646352,62.5148352500307,60.0757569105503,61.6541370131548,63.1177814376718,44.9317214741875,40.4441616462152,40.8080145198363,50.0080744538475,49.4612511147098,43.7450525722615,45.4615205675562,49.1340756425781,47.8051397209407,52.8410495349302,51.9126181876474,55.1192399633123,53.675716419562,53.9342755588598,57.4187352437211,55.1515568299807,57.6838606679198,67.2459434392615,64.6029994898269,64.8451546023702,61.5030260243559,65.0640463120693,67.6224466870282,69.5740282215705,65.5490736317509,67.0479872512136,71.3630561399178,72.7585570032169,69.9424429089006,79.4583123593873,90.3943857792151,93.6191507524781,106.818849286561,79.4033426306394,55.5108735940859,55.5108735940859
3.91169169646352,62.5148124388909,60.0757170152535,61.7869132257335,63.7635866021671,45.458591058213,40.9122038230725,41.3409598782183,50.6160857947645,49.8483056606908,44.0632465954383,45.8444054184683,49.1822731320108,47.309635915786,50.0293378893446,48.5359581710217,50.9405559757472,49.332477445752,49.6095100573758,53.2987475737424,50.9041872732242,53.5815471947985,63.9436222218279,61.8195824137377,62.4216244890872,59.6427208156812,61.8589079598956,63.9470985199402,67.8077566472871,65.8232809493562,66.9445235758812,69.5269734248721,69.6076580656811,67.1757164543438,75.4732960757605,84.9342372039798,84.7260252263879,89.4334590990931,66.5528322093695,46.57308827385,46.57308827385
3.91169169646352,62.7815997153434,60.434719283736,62.2404631717768,64.3274314608304,45.8583585856104,41.2705596005346,41.5096531232744,49.1500390435159,48.097340043334,42.5109495213367,43.0561675626524,44.9553948855261,42.917915950981,45.2337609839005,43.8607913038528,47.0906840737221,46.0963893587649,46.4003810670506,49.6243508464645,47.600749603588,49.0926619550837,56.221126305735,55.1630657025811,55.9767539169625,53.8582912620769,56.9170322545447,59.4552442751659,61.7436679378667,58.7084803416535,60.766671714381,65.564343771458,66.8210364995866,64.5796156311967,75.7934284348077,89.4401045237104,92.6492232853357,105.109931829847,78.4950700664051,55.1202420760299,55.1202420760299
3.34662534763562,53.2192205675772,51.0410121169528,52.2477818318649,53.2430998539929,37.8908522487842,34.1613607238126,34.4377191204739,42.2282594618438,42.0287276112738,37.3536350016471,38.8289239382425,41.6610953617385,40.8128142407138,44.1516172944813,43.1890712661624,47.21240969967,46.5202989756728,46.8801925936514,50.1680717371867,47.9765959555067,49.2543516747967,55.3940982322521,53.6506872557338,54.1849422122625,52.0663770901964,54.791609576086,56.4203568030601,58.0246547148896,54.7046336430794,55.8138798516049,58.8144961494647,59.3503482963787,57.2095187605682,66.2123224188107,76.9988757304958,79.6379892954865,90.2620413500387,67.3389221847565,47.2534450570155,47.2534450570155
3.34662534763562,53.2188848305367,51.0404249332784,52.5565440469288,54.7063649991312,39.0778565762063,35.1688721205395,35.5972113277336,44.3899461214765,43.954717811469,38.8499434277882,40.4002335869687,43.6438564631289,42.2819496877979,44.901015577748,43.5927727346954,45.7382383866958,44.2619281149838,44.4688156837951,47.7559667447803,45.4608703255604,47.280990991852,54.6705085351419,52.5900499340451,52.8453162162708,50.2353865183266,53.1873069209725,55.9404587430036,57.7839251211329,54.8947833086039,57.2101594967916,62.5596578389587,64.5006438713687,62.2466729804509,70.866713504665,80.777357130639,85.0952439091687,100.133960525232,74.4661766582966,52.0721591687338,52.0721591687338
3.34662534763562,53.752459373519,51.7584294528893,53.3307829930406,55.1833140296527,39.3457140184839,35.4077482202126,35.7146321032852,43.4425249659891,42.8118731430513,37.8341642602606,38.9304664630101,41.7241038855214,40.4308146894627,43.9620579591142,42.9855805724511,44.8131955606168,43.3005759671037,43.5786628436016,47.4742141424349,45.7059610037565,46.7029909875576,52.1922065207903,51.0006116434875,51.6786513465465,49.7725185871155,52.0663478567209,53.7776803245359,55.1472877652622,51.8166268383254,53.0675762206373,56.2979966831814,56.8614873754744,54.7567775891661,62.6940758520598,72.123254252855,73.0584477722803,79.4749643908945,59.2775742308647,41.5854406410478,41.5854406410478
3.34662534763562,52.9521157914813,50.6814545608948,52.1473487850912,54.3640346876727,38.8598019001013,34.9789984941635,35.342567463549,43.5800885740854,43.1012423498846,38.1192272860452,39.1563380207963,41.7338488402812,40.350822066758,42.8995917894908,41.6879987204201,44.1493552215964,42.913731041588,43.2285132884679,47.2235791361191,45.0553171130994,46.174005606315,51.1332517807609,49.1237337551946,49.489106795176,47.366014628719,51.9107787322396,53.5122242844599,55.2072344568023,52.2178077276646,55.0572498377832,61.2740953097317,62.7031285721744,60.3366557996728,68.7355381437901,78.5690377010713,79.5995729978267,86.7540485507145,64.5951289505512,45.2215001736186,45.2215001736186
3.34662534763562,53.218875694847,51.0404089555124,52.6007970963179,54.9226641822061,39.254493981172,35.3270854180073,35.7378151195706,43.2451210480972,42.2105654115741,37.3070572578859,38.6341245369352,41.4275605650541,39.9684051224409,43.0202369083796,41.944304926715,43.1791175098703,41.4748246514405,41.5744204422665,43.7082960241571,42.0330702886094,42.8991193500179,47.0082749078235,45.2707437129889,45.4892988806678,43.2061321687178,45.8662429509949,47.7944635752689,49.0865600080192,46.3636833863821,48.5249437932435,52.6497468298682,52.6221364893234,51.0920802014875,60.1403737710258,71.0655018359838,72.3592053265967,79.3333509735749,59.2370081660686,41.5973132502533,41.5973132502533
3.34662534763562,53.2188848187411,51.0404249126487,52.157961275741,52.7549236757741,37.4835900354483,33.7370028146976,33.8925743473881,40.6485698255565,40.1689270280649,35.5182437512092,36.3198837007422,38.2519238815292,36.6647817269724,40.4479693337341,39.7295811216157,41.8775677737958,40.6731254373267,40.9862738299221,44.3817514111257,42.6543092327897,43.4486823897885,46.1901149530428,43.7879020387983,44.1003965332383,41.9676918663206,44.7721883340088,47.2626137695065,49.1043901937236,46.586484561079,50.9679750391206,59.899081430758,61.3555278076913,58.9082695459388,65.7128055159504,73.5861046570692,75.4242683726191,84.128345122465,62.6826850618632,43.9158987118733,43.9158987118733
3.34662534763562,54.2860339279839,52.4764339925828,54.2821698606141,56.5257735674147,40.3203707763513,36.2792423077882,36.5311481723199,43.7555329966125,42.9341480809193,37.9191370401019,38.522290612433,40.7233772209958,39.1600236026591,41.8596629840773,40.6911816708618,42.29637881937,40.7600969560425,40.954092495701,44.2396952704382,42.0521882084394,42.9642076705495,47.3820792758277,45.547924557895,45.8474473171711,43.7168455566183,45.5838034074418,47.0128840770929,47.6760517410434,44.4714538179825,47.8444356927217,55.3065692897233,57.8241327313348,55.6228634408546,63.7964849515375,73.3154861602964,75.3940274482702,84.8070891687792,63.0941608284828,44.1566096043568,44.1566096043568
3.34662534763562,53.4857085956076,51.3994910181364,53.1430903824097,55.9284829122664,40.0166368772005,36.0199688919051,36.4005886890324,44.7203750047997,44.1274001549231,39.02543764514,39.948814744901,41.7911862383965,39.6986820409409,42.670450505341,41.5802190229242,42.6174786231853,40.8151138107364,40.9127614561242,43.3311364460199,41.471635216714,42.5283607948343,47.3763954655206,45.5308530358645,45.9559697843117,44.1296001848468,46.7697417469197,47.5679990551516,49.508897806859,47.2178898115883,48.7148133512386,53.777215332493,58.0447254805669,55.8987062258124,64.2872483462397,74.0472577754273,79.5721911946075,97.0265497399415,72.1437879842642,50.438175368957,50.438175368957
3.34662534763562,53.3522875837483,51.219942009075,52.8276398331276,55.2082411614761,39.4579357341012,35.5134817337568,35.9433853765018,43.7821074961452,42.8459788237095,37.8811992677489,39.3438333313594,41.8848211146073,40.0581720126407,42.610766220127,41.4238589046865,43.5448604760871,42.2125276862272,42.4958074750767,46.3036139680293,44.4059399080174,45.2440359822132,49.0250084483493,46.9091920772544,46.9426870528758,44.2433733704834,46.2324652708101,47.4249024488403,48.8950241664548,46.070717295064,47.3733282169846,50.6608192415663,50.9098052737427,48.7448048507046,58.0335560520566,69.3288167816849,71.0131751916576,79.158809980969,59.0092170363834,41.385412946898,41.385412946898
3.34662534763562,53.2188893817805,51.0404328931272,52.2908391271974,53.4066784020858,38.0162557092076,34.2168536322702,34.5099996702123,41.9292134768817,41.3229975574864,36.5393289517662,37.9001418033932,39.9054086569289,37.7807420092532,40.439292544755,39.3954712449333,41.6187960166533,40.4479766200599,40.8369039474338,45.5152832648773,43.7715195132929,44.7541429370624,48.641214485962,46.4572754734622,46.9467281340927,45.0141192900305,47.9899973958555,50.5445066800728,51.9267255853978,48.9251980922862,49.6431669030312,52.3636991901972,54.0693938536334,51.9361824217516,58.5320764118905,66.0576926796136,65.8558720615555,69.5664610641552,51.6889955553335,36.1084221198687,36.1084221198687
3.34662534763562,53.2188848192093,51.0404249134674,52.335109156316,53.6217139867318,38.1916455484517,34.3723050974414,34.5438294938835,40.6563235300635,39.7418982451252,35.1309582498935,35.5757999594084,36.5707915752598,34.3352538916265,35.9053012372065,34.7414554313704,36.1925894536145,34.9725619880849,35.3682506269936,40.6164447399805,39.3724871175424,40.3035511830617,43.6934554509347,41.7798886183749,42.1069126501001,39.9328382751609,42.4669342007324,44.8494746865111,46.9246583497095,45.0620433442729,46.5121442902891,49.5844258448734,50.1640966676091,48.5249777034295,56.047883981403,65.0077005506502,68.4320488908992,80.1506698738104,59.7903205544937,41.9493299767396,41.9493299767396
3.34662534763562,53.3522784576695,51.219926048118,52.5618841302061,53.9035638293921,38.3914580649814,34.5513307476881,34.8253478880022,40.9521240614553,39.7213293203674,35.1101024041029,36.220363294255,37.7401892091424,35.3991643267949,36.7559726275692,35.4803817283925,36.6777730201348,35.2802234113798,35.4049881387054,37.0959986895525,35.2991534311591,35.9439962151396,39.2175383733969,37.6940517825938,38.0416768314492,36.4808285183787,37.9984752266362,39.4438344858328,40.2773034710548,37.8947332372724,39.1511907489468,41.8779423713829,42.5393651753873,41.5013169208661,45.5011107541967,50.0439532890423,52.1072783706512,59.5197342741633,44.4816817609916,31.2539556084388,31.2539556084388
2.96958283670996,47.2833890115104,45.3713018821835,46.7489347419637,48.7569661509271,34.8417613005985,31.3937558551812,31.690235944697,37.4264353659192,36.3594640993469,32.260541349836,33.1397977341917,34.810577911605,33.4524788348112,36.0456237776942,35.1874552652723,37.2377716833217,36.1927465824898,36.5792758790452,41.0446615289034,39.4032818798034,39.9699622898041,42.3880906808875,40.3345487429514,40.6141474563059,38.728943478581,40.9995834393336,42.6415895832029,43.3676491842117,40.2936387916039,40.7059489373762,42.5577086378344,42.907230669311,40.8478874958885,44.1764897999478,47.7975279909722,50.280686012763,59.1658366020762,44.0152815931409,30.80634366714,30.80634366714
2.96958283670996,46.8829947329096,44.8324253189303,45.9792436751699,47.4441381689242,33.855378362589,30.4731653035752,30.698315877342,35.8669689673048,34.7274247492217,30.7116162813897,31.294279602566,32.5918675715021,30.948339208042,32.0310664853688,30.9156900195268,32.8386908468577,31.9955987053964,32.1749834837402,34.1254481318901,32.787355407101,33.5103655940212,36.3375724071097,34.8135779229607,35.2001962471681,33.6865515328478,36.3449278295262,37.4451871516118,39.8120498582978,38.8416834003602,39.8240951961732,41.7512960161631,42.0813224040416,40.9949482668988,44.7333148758914,48.8182611492867,51.1580283705798,59.3236350070471,44.2123335406709,30.9674864568127,30.9674864568127
2.96958283670996,47.1497683155991,45.1914036378538,46.432742776993,48.0045515515117,34.2517995907183,30.8246590813341,31.0294274611098,36.1019092951916,34.9239310888516,30.8656640008938,31.299174059942,32.1897590325802,30.1770880504605,32.7494684875537,31.9963914890023,32.9249851681705,31.612368594167,31.7624959012518,33.7051763646894,32.1479209726826,32.3098765366672,33.0416515847908,31.1590524894827,31.4960024206556,30.3291422895186,32.8767268579692,33.949047465964,34.6501713858669,32.4620350062908,33.2945276355899,35.8261070981904,37.3414846570473,36.183158894727,39.9966628905932,44.4848394428769,45.4074903773125,49.9116412203604,37.3595345321957,26.3005076473057,26.3005076473057
2.96958283670996,47.2831710785775,45.3709207307319,46.4824037508885,47.4202330087121,33.7441524894663,30.3694637338503,30.5066139338742,35.0122066940817,33.8055044025281,29.8840756127433,30.332114406623,31.6083892719526,30.0894333809105,31.8563934148972,30.9335536493655,32.9274118648906,32.1012547389252,32.2899790907529,34.1933168291248,32.6109600062697,33.0230181657686,34.9826880706736,33.3933421926667,33.7385575128601,32.3486595629159,33.6003571035472,34.205265839135,35.6622419961247,33.9633905513074,34.7493911313324,36.948553051428,37.4714333877679,35.8991743465583,38.8711186016826,42.0334912272894,44.6622691782935,53.4722723981926,39.7523933003094,27.7975699180791,27.7975699180791
2.96958283670996,47.2831756413048,45.3709287106646,46.6152816011816,48.0714024961327,34.2762437277431,30.8480871565131,31.1052069658769,35.9489625366651,34.5050296227998,30.4997685749207,31.3873422071541,32.270180590532,29.8622455354302,31.0268466065711,29.9476550576562,31.2382653569223,30.1615606085007,30.2376647825765,31.2718041246454,29.6853604424686,30.2082701884733,32.5975842425343,31.1715570800019,31.4888014167688,30.1787645548655,31.9163820776364,33.1285596117855,34.2648961041638,32.6185310568291,33.24166627954,35.022810640235,36.0985569132469,34.9536941521772,36.2756621155035,37.3101934545161,39.4298162845411,46.5708244708506,34.6674889036213,24.2634377525297,24.2634377525297
2.96958283670996,46.8829947256118,44.8324253061669,45.8906697086478,47.0097729586143,33.500398468739,30.1534798372936,30.3956672793234,34.9258185841027,33.4520398236191,29.583148794418,30.4985861182722,31.7820384093752,29.8949719684168,30.7824426301182,29.660235359929,31.247777184837,30.3217801795809,30.486405392812,32.4462290407316,31.02459021206,31.2646215257534,32.2100975137723,30.3678101969266,30.5569947379406,29.0877592793779,30.2771042389042,31.6334438681929,32.0150818248745,29.7319593455368,30.5964001113723,32.7521059113354,33.0825735122311,31.7870820249528,34.6984648795333,38.028538388555,39.6488950325401,45.626585409515,34.0747053136778,23.9420523206711,23.9420523206711
2.96958283670996,47.1497683155988,45.1914036378534,46.5656036861233,48.6551172026451,34.7833054143655,31.3021276325999,31.5921617820866,36.3553218427441,34.7218226823223,30.6825403722643,31.3295248284549,32.38395870827,30.3147529952479,31.0763412591005,29.8714412149025,30.8259274653945,29.6189254170394,29.678241532955,30.9626436727292,29.4840985433121,29.922085437367,32.5902332831328,31.5467171705369,31.7656512054975,30.2860750085605,31.9866688898158,33.116801032666,34.0281236704047,32.1253273716405,33.2532337319249,35.9441350415963,36.7876699379353,35.4303149483299,39.0045335874459,42.8358213647856,44.3369709680525,50.6010055383129,37.5372633775678,26.1777828086347,26.1777828086347
2.96958283670996,47.1497774399611,45.1914195958083,46.2999157461345,47.3559183975143,33.7221760431155,30.3510204381168,30.5576409464359,34.9173790829586,33.4393024929721,29.5656846817726,30.3593859144216,31.176889484652,28.9304958412481,31.3810813051238,30.6796291756301,31.9019826174115,30.790023035637,30.9227734668443,32.2529525639182,30.8219450473827,31.3049315131095,32.9406357919699,31.0551371268917,31.4373449911184,30.3040084890191,31.7991589242743,32.9556118621922,33.9763929740846,31.9818175277772,32.5385515947182,33.9946309174994,33.616478905366,32.3062158936842,35.2301005805054,38.5318116020241,40.6255264653118,47.7529517023347,35.6113589126573,24.9748632329817,24.9748632329817
2.96958283670996,47.4165647175059,45.5504218662012,46.7534656962235,47.9184540901124,34.1206585685717,30.7066305314251,30.9972147580542,35.5226778996865,33.8327518062461,29.9010518460657,31.2280584335795,33.0091085178138,31.1287453539269,32.2970494344592,31.1649057411911,32.8766477914397,31.9009777738515,31.9112897755838,32.596244085499,31.0389918467939,31.7354759063462,35.1911143704279,33.8947194840215,34.1487561751397,32.6381194130183,33.3604923349647,34.2235177690796,35.4369933950534,33.6315965722753,35.5219981529169,39.1715210381562,38.9333836805569,37.3839563017423,41.2368121402448,45.428558833045,46.0897369896319,50.5861821470909,37.5438201956397,26.2022950241516,26.2022950241516
2.96958283670996,47.1497865651036,45.1914355551279,46.1228017484528,46.4890218198185,33.0140016737855,29.7152722171372,29.7683957882972,32.9065103959002,31.3480333335031,27.7223291570121,27.9669413563748,28.8128690167254,27.2722661677686,28.3860958398232,27.4521614513289,28.7585093997208,27.8751429736339,28.2070709833781,31.4382142821227,30.2852055269487,30.8397937749451,32.5472652718838,30.9004392829279,31.443942149865,30.3085017759415,31.3587015230731,32.168003624093,33.1283980315741,31.283493206992,31.9552882720384,33.7745856513386,34.3322308566484,32.9881548986504,34.6880744152831,36.4168836295254,35.6667086062821,36.0557667317884,26.9486004208897,18.9538864903237,18.9538864903237
2.96958283670996,46.8829901633526,44.8324173270529,45.8463657995041,46.7910506483517,33.3214045069793,29.9905193916764,30.1114167752644,33.5766115476289,31.9464834742775,28.2442361408839,28.4729963678845,29.1143903972793,27.283010043485,28.94950922242,28.1078685337254,28.5996886427308,27.3066422149379,27.3691145788716,28.3541867688237,26.9494163882915,27.1554791466621,28.0716917080159,26.4862423560681,27.0156080106705,26.4177787853264,27.7501933075412,28.794747371184,30.2103875829821,29.0873510832539,30.1868866324214,32.3830454209593,32.6839579982308,31.9101848669718,34.6309916531997,37.6374412164246,38.8640934229928,43.6854553701482,32.6172501871897,22.8815893407372,22.8815893407372
2.96958283670996,47.2831619540591,45.370904772504,46.3495089628999,46.7671488447996,33.2101891916305,29.8869362449973,29.937077521842,33.0628964138609,31.47513586306,27.8169378108458,28.0283320061595,28.1929196349196,25.9196804014326,26.6993222368321,25.7243852561619,26.0437962098048,24.8354816354666,25.0146433964421,27.3510581859584,26.3113042226533,26.5265351377433,28.1622859088195,27.2825784212258,27.5877320709014,26.3787733268553,27.4210586081556,28.441793835552,29.2684250730529,27.6690993168884,28.2885649095419,29.920139425055,30.4244523150615,29.1608166298086,31.6265962499965,34.2631473594258,34.6927133350108,37.9037881078939,28.1987891066537,19.7449626012251,19.7449626012251
2.43038220103265,38.9283339220438,37.443123756294,38.4228773919966,39.2853591289205,27.9603703830182,25.2143344131919,25.3475444121542,28.6077711187072,27.4582187342291,24.4376039404008,25.0629151091407,25.9108807193043,24.7430902316431,26.3340910783587,25.6426696203969,26.6907404106953,25.7409929166635,25.8438214967977,26.8472152767302,25.722936928727,26.0108124062475,27.1279744825948,25.5728201148876,25.6619127125074,24.3639220391987,25.5506457750762,25.8251796670159,26.2805310109284,24.5567300277456,25.2235561836883,27.2284468919395,28.3911990523678,27.4928722333094,29.5236705844805,31.7625721246175,33.9349456393157,40.7092360027165,30.4145542402902,21.3684894037031,21.3684894037031
2.43038220103265,38.6612526064622,37.0836072312493,38.1896705436956,39.7599955488597,28.4019652705202,25.5628808143453,25.7695059988432,29.4079788628457,28.049861090615,24.7989047058286,25.2494689413963,25.973445904916,24.2879946965148,25.0173669976497,24.0879017870359,24.8518192680518,23.8794156885864,23.9115107618678,24.8594183076402,23.7939834553036,24.0369621831421,25.0406427659031,23.7166368204077,23.9275530313186,22.8190257356485,23.9709446804185,24.6026152208954,25.2125814280877,23.8038372816024,24.5359538850726,26.5167222170165,27.760680714548,26.816873901047,29.7829200374759,33.1323325254494,35.6326088403318,43.4290769827787,32.3388505375533,22.6437164562503,22.6437164562503
2.43038220103265,38.7946371101913,37.2630923898103,38.1064028128402,38.5219436070349,27.3597321862417,24.6240196085714,24.7100116717035,27.5273769708037,26.2131287074207,23.1751025330963,23.6291130263359,24.3609414997077,22.8506265711978,23.6073361335525,22.7822391277514,23.2159267506992,22.2205545798908,22.4043808902684,24.326744884172,23.4206644402067,23.797064630969,25.3351391090446,24.1986114991198,24.4536716889039,23.4350415353812,24.9187841843431,25.625505800907,26.0973061192707,24.4210738742294,24.677300883413,25.6876176251683,26.1623648100413,25.1163604527907,26.9421660410618,28.7991618036227,30.0366304431025,34.7711803030367,25.8377627146475,18.0589076525074,18.0589076525074
2.43038220103265,38.9280353109104,37.4426015035742,38.3331947261462,38.8035204428375,27.5592694606306,24.8023611691061,24.8704179509673,27.3612038289064,25.9167496463069,22.9068565359949,23.2352976139552,24.22902592948,23.069108113812,24.2845459586153,23.5338242247105,23.6700808522254,22.4940319888086,22.6008854615573,24.2896525581115,23.3100463386384,23.7672047438629,25.1100147652322,23.5062444410018,23.550970985189,22.2220994525337,22.7193798677844,22.9643187964039,23.5260980229301,22.1007820482797,22.5341106748157,23.8048630542828,24.2177539203891,23.3986606955721,24.6811346147056,25.9988834493254,27.1992838212519,31.4396398872314,23.4917024218844,16.512022027489,16.512022027489
2.43038220103265,38.9280398734816,37.442609483234,38.3774986364421,39.0213674412747,27.7374042674276,24.9634858485166,25.0320287115637,27.2845302972383,25.707430935766,22.7244745635853,22.9458756961791,23.2119773404281,21.4467366895373,22.6716750887429,21.9964262629688,22.276082398236,21.2394901998223,21.3340807250258,22.4707032482145,21.4883811485124,21.9210615717586,23.957262088238,23.1356617748448,23.3660491272919,22.2880281181972,23.292271844479,24.0585118858945,24.5080170273985,22.9492920778415,23.7647262012147,25.3199191428321,25.0739300792215,24.1621919982445,25.0298306453681,25.6508380688524,26.5509497289269,30.2580659069901,22.4666574681856,15.6795595613451,15.6795595613451
2.43038220103265,38.5278589577887,36.9041060787363,37.6971737136173,38.1763989109107,27.1385369913314,24.4276274046551,24.4980710568465,26.7584637114242,25.2425818466133,22.325096467677,22.5684028295335,23.1353829648159,21.732704812194,22.8994185425086,22.205292712286,23.0735884863757,22.2492377707009,22.3121207178462,23.4368711287328,22.4764153409186,22.8430707277993,23.9365220754033,22.393817885643,22.4963804683716,21.3553995319854,21.9039455892462,22.4715753225817,22.7207878017972,21.0599008107882,21.2308842708214,22.5209064991631,23.8635608365971,22.9527247765703,25.2049323879408,27.8237584305613,28.7492131272354,32.4798939129304,24.2729930990095,17.0646862028825,17.0646862028825
2.43038220103265,38.6612389091594,37.0835832754993,37.9681848377808,38.6723734146998,27.5128597877257,24.7604171243638,24.8970184167494,28.2416893297346,27.019139753869,23.8804834223028,24.4303099581185,24.9538580893559,23.029855614592,24.3380750687826,23.5972091028952,23.6260770860477,22.3742982728276,22.3588358531287,22.9444900988016,21.806577004511,22.4729909873198,24.5820538625752,22.9422806509118,22.9406215281453,21.6182804808955,21.9613888217111,22.3937709009222,22.8273392156612,21.4389605532364,21.8040989472736,22.6327926423464,22.5529007814054,21.7698485076042,23.1574528139698,24.4787424987951,24.9119552780447,27.4727608842288,20.4021069191942,14.2481626237882,14.2481626237882
2.43038220103265,38.5278498324901,36.9040901191438,37.8300007410029,38.8256123695064,27.6687301331967,24.9024831157557,25.0573293138022,28.4891894306909,27.2468663238447,24.0879938698174,24.5374294112509,25.445119806439,24.0061238669617,25.0712773688159,24.2389775955599,24.7563555830962,23.6808802113306,23.7874897841305,25.4391904420343,24.2871975914619,24.5609541047629,25.4041103582309,23.7528184779919,23.7740885905862,22.468283835758,23.7827767503682,24.8474176550258,25.4913069942571,23.8916838555066,24.0946686954434,24.6706317970974,23.9243594992438,22.8330626597375,25.1228520988875,27.7016813909653,28.3216300390089,31.5265839449608,23.4446168414265,16.3923129010535,16.3923129010535
2.43038220103265,38.6612389088473,37.0835832749534,38.0567587760475,39.1067155986838,27.8678170924265,25.0800544440104,25.1824382211946,28.3620441965913,27.1281318110661,23.9777203433667,24.0827836771856,24.439775692266,22.7662735945079,23.5202002349286,22.6744378652772,22.9546599669591,21.8838251969936,21.9624383605619,22.9168491428402,21.9097896836287,22.5660766039609,25.005901039242,23.9105743056661,24.0698839359261,22.8075103955682,23.6351867654666,24.4104884648148,25.0915041104617,23.7254703137764,24.0552104576021,24.6933005595453,24.3419435016647,23.4848558731041,26.2324841551192,29.2748945103024,30.1458145515343,34.0344194830492,25.2764437718815,17.6539868607751,17.6539868607751
2.43038220103265,38.2610625552574,36.5450878492967,37.3764507920682,38.2624945488803,27.2696762247026,24.5456521424408,24.7019122983066,28.1397100751987,26.9389023766576,23.8246398816393,24.2913124054424,24.8508286295364,23.1116428829306,23.806911972106,22.9369924258068,23.3792412954542,22.3446843285054,22.4494898551217,23.6572219773102,22.4900040464188,22.8406496922986,24.1767072293112,22.8114580242873,22.7772077028299,21.3563562666154,21.6834986227782,21.9413880805495,22.5468804687293,21.236317612971,21.6001247976428,22.6504532670637,22.8354622291644,22.0135957983254,23.0980645135841,24.223012784452,25.702559264321,30.4720348131985,22.790765271053,16.0353191416216,16.0353191416216
2.43038220103265,38.6612297840168,37.0835673161797,37.9681509566146,38.6710216818473,27.5115475568954,24.7578052452737,24.8420535431657,27.5993057530769,26.2380990546144,23.1856208156668,23.3930795604674,24.0127379998028,22.5552095305254,23.6113703161848,22.8497168669298,23.421478221865,22.4626646412237,22.5183352471745,23.4166885482302,22.4944374694126,22.6903756708943,23.7332320462716,22.6678426023829,22.8233509650094,21.69386712268,22.2460039638473,22.6872752145652,23.697750174092,22.5991399833565,22.7905691275369,23.3141765992046,22.8483175348875,21.9959176335708,22.8680898628432,23.5910183832793,23.7660398254887,25.6091017183007,19.0454111080341,13.3125586661955,13.3125586661955
2.43038220103265,38.3944561935616,36.7245889836744,37.4703648562422,37.8930485871006,26.9372662424105,24.2456779210699,24.3327973378148,26.7661622671706,25.3020024109268,22.3749563819701,22.7252787936884,23.09961572174,21.3934244108336,22.4082342708076,21.6966803398822,22.5916791287358,21.8151549933445,21.9117799611422,23.0290842154221,22.0647507900386,22.3340059386289,23.6131855745757,22.5730198887334,22.7579556801009,21.7466952552311,23.5857146665696,24.2869867662498,24.7655669769921,23.1733913194888,23.4098518214255,24.0469741453988,23.7376694838497,22.7942353763832,23.9586211868219,25.0262076877388,24.2166618113042,23.9198617518081,17.770075022887,12.4118807080285,12.4118807080285
