15.8769230769231,16.0077095722911,14.519542649099,14.6416512568475,14.3006256344884,11.4791494572581,10.1928644620932,10.0957408195053,10.3699029097876,9.71235440827076,8.48710707831185,8.74891724572069,9.21357291642826,8.79498997333398,9.9083683121276,9.81442999008858,10.6621945972022,10.5386936990537,10.6226016332279,11.7355246030583,11.202694929459,11.4454236796444,12.5756807840541,11.8590923990667,11.9663566135533,12.2516329177527,12.4829883925844,12.3646297727314,12.8115978722772,12.4661722730093,12.4169075042686,12.6599741078774,12.4130124863592,11.8075996415681,12.0096239704409,10.8963038830397,11.2322683145532,11.9207672082926,9.54811581096501,7.75141599020493,7.75141599020493
0.0994835121175868,2.23385462398834,2.39470262301636,2.83463095548629,3.96483168763178,3.02824170079487,2.9113029805147,3.09776948785289,5.95077653924951,6.82884068299051,6.37457828357035,7.28122592753815,8.49530250256626,9.25504706058836,12.2656757225768,12.5838217173515,13.5618593892588,13.1986186847283,13.2190275651721,13.684294904677,12.8551429618931,12.9217092319212,13.8456413256819,13.1440285069245,13.0223338826923,12.2645374868965,12.870902513438,13.0401787298731,13.2039771459639,12.2716513619361,12.2962507393479,12.4788765236149,12.2163431487156,11.770032783549,14.0079051296599,16.6907164400915,16.2970479775454,16.396540170937,12.2024224166554,8.53929564904308,8.53929564904308
0.0994835121175868,2.09974757050748,2.21395376886432,2.51663317533391,3.11875965728792,2.33026905435914,2.15701560314697,2.26092449087558,4.77562550788407,5.49868865185071,4.86701521035799,5.32622000030234,6.154475690994,6.20075193509265,7.55166170227809,7.61079963961075,8.15413347763979,7.99639855400884,8.1745425849948,10.0047755380523,9.84762211077176,10.290504631116,11.4769113490218,10.9603325236006,11.3236550820192,11.0577038450083,11.6779479798442,12.6696009459665,13.6053893725407,13.4579480811342,13.7645611436744,14.3253678560144,14.5771958031254,14.0229382442909,14.9982880882362,15.9153681403957,15.9401349455253,17.0951963715272,12.6602457587357,8.81728672769169,8.81728672769169
0.0994835121175868,1.8329557064589,1.85494347695507,2.06306619579099,2.55408112806964,1.91840665897993,1.77660132352509,1.84651662676655,4.19687592377977,4.97876619023675,4.40874124972855,4.6461786447367,5.02256416470428,4.85569803717089,5.69705585561395,5.68554725522535,6.42501309108597,6.42471874429237,6.4807155064741,7.08307276014641,6.86832698387739,7.57311303348801,9.62960715915502,9.10088971821224,9.19145179540561,8.75814219580682,9.96186901207209,10.7230998446293,10.990881100325,10.4254877928892,11.0705387626573,12.3103450389645,12.7091858536627,12.4205405371127,14.2534981171945,16.4154894559161,16.6902958035064,18.2193242653221,13.6068123866308,9.55662904812077,9.55662904812077
0.0994835121175868,1.69955294285525,1.67542638298342,1.83625734072935,2.27058649254248,1.71132067252464,1.58401013713435,1.73911197094444,4.16512558886335,4.74830882639039,4.20126475475296,4.99013130636413,5.80019492403532,5.55255143651878,6.19623475149449,6.10027225200889,6.78901776020667,6.73464040504091,6.74958964805636,7.04008007315203,6.70414069614953,6.67827463976998,7.11824000339386,7.00660821558691,6.96518156180605,6.51412863323344,6.71056267578309,7.08648007900509,7.3738405322977,7.0550255916591,7.75339563825507,9.51755600677833,10.7373209078505,10.5136579726901,12.2088335822717,14.3574515785822,14.7294670306945,16.2161920129981,12.2134496432053,8.64945900641629,8.64945900641629
0.0994835121175868,1.69954838012794,1.67541840305072,1.88052736927633,2.50224747439285,1.90726500987651,1.76402157531339,1.84971502582193,3.60574751612897,4.04203870284981,3.5721654669626,3.79334912768804,4.24323887578668,4.19414392151036,5.27477828965959,5.3446842036369,5.92049760876966,5.88012162063897,5.91916757781537,6.51387068693606,6.41298902307005,6.63184827247277,7.36850571940621,7.10712616867787,7.24699605489531,6.97770566287769,7.19664178997596,7.34406335547881,7.58477363646415,7.14839191590005,7.36416050696225,8.16267577360767,8.83828555783733,8.45881460296066,10.6496144549349,13.3266558201434,14.7151076226475,18.7954317624582,13.9805108640462,9.7833853289815,9.7833853289815
0.0994835121175868,1.69954837997188,1.67541840277779,1.83624039898686,2.26984565072871,1.71058050298119,1.58248612372688,1.77140699463127,4.02528690952609,4.42121195504831,3.90935149922821,4.91677804019977,5.80640431477941,5.44918149517993,5.76308273255288,5.59057865352591,5.84248885861363,5.63613091942656,5.6537227518565,5.91792522180968,5.53000201007967,5.72595001120736,6.542645302353,6.19323756900274,6.13994546373628,5.73787803651596,5.88755117328797,5.95520367970539,6.20027190266468,6.00550112684993,6.08741215097242,6.43211711096238,6.98810132886991,6.85371217354968,7.27289100024367,7.69256688604278,8.73844717232986,11.5729478149677,8.64086555848748,6.06686443706616,6.06686443706616
0.0994835121175868,1.69954837997188,1.67541840277778,1.83624039898574,2.26969048771,1.71042391400398,1.58214223896378,1.63363242810366,3.22466547786048,3.69958189158343,3.27043365735076,3.3821495789352,3.65457294569539,3.56240124911246,4.2044597188459,4.20268404595158,4.80329887277289,4.83646001328801,4.95307811860205,6.03204875023465,5.87465703318358,6.26218054724131,7.48473683638348,7.24263389691703,7.54388472874879,7.55145687356581,8.19363229825071,8.71358323085856,8.86881607548783,8.21313796610005,8.24567429635225,8.48918874059798,8.39329130800781,7.89078848091659,8.78661005524855,9.74791973349807,10.1843873812401,11.9571285801999,8.82058784945494,6.11850771518828,6.11850771518828
0.0994835121175868,1.69954837997188,1.67541840277778,1.96910130811915,2.96735994716076,2.30094568800078,2.12777693161218,2.23038559922537,4.40372711773761,4.95816285613297,4.3800058124542,4.4849969204221,4.93274824901857,4.90699741109226,6.05453789763755,6.09061018125183,6.39671213320803,6.17660196138767,6.15089555802299,6.17197795856691,5.7415878569072,5.82390099394833,6.64912329780739,6.52834079689713,6.91562642346206,7.33219074627654,7.67652577551709,8.01554039867877,8.13276027243368,7.58400558749724,7.94457679689735,9.09870998595764,10.1027217057967,9.86395007795406,10.3152949710018,10.7425239369507,10.488736760584,10.4433270239667,7.80107678812559,5.47077549262276,5.47077549262276
0.0994835121175868,2.09972929582091,2.21392180754842,2.64942623152776,3.81294078827117,2.9173004024993,2.69539127485015,2.88229635427534,5.12780440941951,5.40459411093545,4.76639952546316,5.41547848478482,6.01380720272635,5.57800753108608,5.63656326211224,5.38987989341022,5.59617400309752,5.3889016037772,5.4031324336008,6.14358206426493,5.97470971904043,5.96242694040272,6.44799785955815,6.41947756051534,6.42893444364204,6.07614164792528,6.64600959788803,6.95153568859076,7.35304379431224,7.1484737540862,7.35579889084292,7.99492941021933,8.51978860668551,8.15752262296829,8.97878596606402,9.91516417005349,10.1031352293844,11.15987889292,8.33031670168785,5.85561542787605,5.85561542787605
0.0994835121175868,1.69956206721752,1.67544234093836,1.8362912190051,2.27283967738101,1.7135796052728,1.58876805543156,1.65968355911439,3.34300868939193,3.81693337288784,3.38842761162269,3.63954252498662,3.84831764462401,3.62259500466413,4.42037228106805,4.46954065001774,5.17571312838179,5.24034932759822,5.31573986993966,6.11640215362574,6.10861599936677,6.17926718841407,6.28976531131772,5.95713560257391,6.1468232311894,6.07145722946194,6.50190236804506,6.93967010310013,7.14048999290712,6.66750089088994,6.99375046906347,7.91701327703422,8.35260725560493,8.00050844786597,8.85257229560024,9.86273774919162,9.96826621770198,10.7764877783784,8.05312451373088,5.66004133466427,5.66004133466427
0.0994835121175868,1.69954838044002,1.67541840359653,1.96910130985733,2.96736190606177,2.30094766413674,2.12778126473432,2.21322811695671,3.9681227385527,4.36695652388082,3.85739400832134,3.85073920999355,3.93418898835815,3.69151462134148,3.77639506534817,3.62054376855234,3.56014414938197,3.34093524795811,3.39050142019125,4.09368541216006,3.89123768010034,4.00022604345358,4.33831255385535,4.10010208811544,4.21469757717258,4.11490346336575,4.18974599432076,4.51096773135254,4.97061134962383,5.07720526415027,5.51302778355311,6.30988084861619,6.74112350282673,6.66517635748961,7.96644270579976,9.53228633734622,9.56369712968494,10.1308300755676,7.57713088676589,5.32915817440567,5.32915817440567
1.03263885578055,16.3895202718468,15.7061437002795,16.1886987716598,16.9255452467209,12.4357390489032,11.4093690688544,11.4556923597072,13.0681000808111,12.3163166311715,10.5779437263872,10.2533318279267,10.2165758606985,8.63442252774871,7.640196961519,6.91841409882478,6.41578124792556,5.86717281479884,5.70192109617209,5.40797492377003,4.99665727800471,5.08100686445194,5.41909170599309,4.99710764630935,4.97744191661258,4.80388114058775,5.80505454674339,5.91191544825558,5.96278743434639,5.46345191148404,5.60097876208575,6.08448032997196,6.20188360229908,5.9561194247131,7.15907434065846,8.61223702691651,8.63405563779844,9.20583823048176,6.84285387964275,4.77959263989712,4.77959263989712
1.03263885578055,16.3900370392929,15.7070474951284,16.1020435608457,16.5431819073454,12.1247207571788,11.2156982222724,11.2673944184197,12.8593771783556,12.3764965026399,10.9424846655811,11.057837290035,11.3348691772887,10.640720127731,10.817897560066,10.3822626458239,10.7875412966696,10.3914449788649,10.3800065133118,10.8292928700131,10.3740712395942,10.3841468004727,10.4772833338683,9.65303674678069,9.60370745983235,9.14422268377428,9.3598801910381,9.35320910810828,9.51009967915251,8.63536369113068,8.65056201469704,9.07029329312733,8.62016942399561,7.91644004974665,7.86574922895125,7.66913145527826,7.51139663640675,7.79577663772892,5.74877904172392,3.99290582667049,3.99290582667049
1.03263885578055,16.3900370569677,15.7070475260406,16.1906175658915,17.0080369164885,12.5181415763377,11.5788826018161,11.6472885026748,13.3199632987452,12.7886861916756,11.3031938327471,11.2987385566608,11.3850197696167,10.5552044338598,11.1249968895769,10.7779466540876,11.006812561969,10.5261036784049,10.5287899119536,10.8214137286458,10.3224070801787,10.3682583627794,10.5174328838082,9.8525534845152,9.85534987081547,9.26639213313239,9.64344490054375,9.93390151961739,10.029743422471,9.29425066421804,9.7366732447192,10.564265635625,10.3737886322556,9.97965048858389,10.833217367825,11.7399478166222,11.4673059576327,11.5697794383396,8.59157670025309,5.99614166719353,5.99614166719353
1.03263885578055,16.256643418352,15.5275463911181,15.8752686520052,16.2615292132576,11.9194786507156,11.0269531486813,11.0793214220073,12.6740959821721,12.2127929077774,10.8018665152064,10.9250309521358,11.1189501286377,10.3650230497002,10.4439071163111,10.0060312024339,10.3426372499084,9.95591963578458,9.99321719101246,10.2260445049738,9.74159186559527,9.80431221272346,9.9723226026814,9.35210515627198,9.43187181504411,9.01551662827918,9.60534335631794,10.0921132532509,10.4556360551661,9.95730076671734,10.2240566365441,10.8078480766622,10.8736300329347,10.4898794970295,10.8434118663433,11.0889361559802,10.8554457891154,11.0005241764564,8.17116650875078,5.70402746372601,5.70402746372601
1.03263885578055,16.7902134104021,16.2455429514254,16.7380646401603,17.1545880589977,12.5426092568878,11.5979654709042,11.6470576478095,13.2282643997163,12.6966069723306,11.2097961081781,11.4073419631693,11.6474982371243,10.7525948022003,10.9623504192925,10.5201159398839,10.5996597175154,10.0777069988026,10.0806707665027,10.232281666379,9.70196841254736,9.8426894609857,10.4383390901722,9.88949323736393,10.0738296916724,9.80884647558282,9.8219059454108,10.0954117744138,10.1795132179244,9.43925949904695,9.66432356697739,10.4801465816727,11.1284468098162,10.7090152073682,11.7302196956504,12.8384007131878,12.6243641744031,12.9365600752586,9.61757244754854,6.72639962307419,6.72639962307419
1.03263885578055,16.6568380212906,16.0660737337764,16.599931364555,17.3414177219369,12.7344187916929,11.7799731610484,11.8318444567626,13.4243261971702,12.8855521359536,11.3925614737288,11.3950923609379,11.5812005605353,10.8528961733147,11.299707408301,10.9132285674196,11.0267884551811,10.4952045945612,10.4866910130974,10.6066618890044,10.120181255827,10.1150505006734,10.1075635790647,9.46155574046306,9.52130996285611,9.07084305383669,9.43840705237009,9.70803918981821,9.8866743131626,9.21567920103961,9.338435903886,9.65180520359811,9.47548400162359,9.12615238106543,9.66132367549091,10.2354110418689,10.565832242952,11.9016798635043,8.89528404386325,6.25183350168454,6.25183350168454
1.03263885578055,16.2566525436505,15.5275623507106,15.8310155640418,16.0306078575637,11.7242732565896,10.8484630354362,10.8849295740555,12.4021215498095,11.9736924636463,10.5980114854352,10.7352220193945,10.8528142101333,10.0567002285725,10.6608148967791,10.3669916153443,10.7438617896432,10.356349498154,10.4049303960962,10.9487625927278,10.5539602462548,10.5737195865875,10.7654894762085,10.2248464960227,10.2383662012874,9.63207796151873,10.0162994563688,10.3251625679296,10.5422240953593,9.85442749089415,9.83653881457285,9.98894177390321,9.9443640499012,9.48455059805703,10.2823450520603,11.1319719425251,10.9844664384952,11.383937047654,8.45271379320143,5.90485842238595,5.90485842238595
1.03263885578055,16.3900324948652,15.7070395472007,16.1906006270461,17.0069883094054,12.5170908118612,11.5766764788014,11.7129827772701,13.3779610601701,12.6383529516943,11.1655541090463,11.5986368873545,12.1194871404702,11.3031043323304,11.5058274317003,11.0308750901872,11.2084419114019,10.6869451254059,10.6878955971634,10.9511870938915,10.334392078207,10.3977209420752,10.6357305055135,9.92191206999168,9.95046976390482,9.44159994864469,9.66857958112621,10.2565662919523,10.4479279074121,9.80188458332077,10.0472056699272,10.4451427020767,10.1290324087168,9.80013875235094,10.3463410427861,10.8667129647606,10.7816706827686,11.2290322437197,8.3573221473474,5.84647681153395,5.84647681153395
1.03263885578055,16.3900370568123,15.7070475257688,16.1906175653165,17.0083466208514,12.5184541271591,11.5795689963725,11.6653851897498,13.4219837138839,12.8819433103315,11.3876323482502,11.4993102349644,11.5876011641145,10.6604474940067,11.123001779488,10.7526297228298,11.2976193043075,10.9472810261956,11.0160596167182,12.0444644318026,11.5706622079056,11.6838767487908,12.0144962311025,11.2770480936897,11.3698761688394,10.8279457329395,11.1973938777275,11.3701951184072,11.3732380401721,10.3928724787743,10.486191791523,10.8431331577538,10.64287583326,10.055115834475,10.448639396049,10.774262437304,10.737168375595,11.4164759720474,8.47289233595995,5.92092191445675,5.92092191445675
1.03263885578055,16.5234306955846,15.8865486609652,16.4616795100755,17.5226089998122,12.9205904830071,11.9503098389484,12.0525356185638,13.2174112100722,12.2962028947766,10.8650891772416,10.9675486242908,11.1372100420878,10.3196602908133,10.5919723084,10.1905641533819,10.3251029067177,9.85265276292134,9.9129154643961,10.6754979158527,10.2633330580964,10.3531005487237,10.5718895723507,9.94546480380884,10.052010437433,9.574171669386,9.59935339124389,9.76546265096406,9.91784983132339,9.30452155944868,9.58798545847667,10.1077806160587,10.0931028763669,9.84145283469998,11.4668262521265,13.4129870251432,13.2440552798535,13.5832561109505,10.1466276095514,7.12560484629213,7.12560484629213
1.03263885578055,16.3900416193835,15.7070555054285,16.1020605664801,16.5442840916137,12.1258255617277,11.218022719512,11.2876778474138,12.2944673063206,11.4737096914406,10.1495169377304,10.3865954653332,10.5796667588621,9.77878451124517,10.3464158646052,10.0544983575999,10.280033515441,9.85102429073192,9.9144257569353,10.3534630131871,9.87269102363613,9.9887411180453,10.3019590199716,9.65233547720235,9.71732432431798,9.24460210516186,9.43968586049799,9.71614219768512,9.90998708312924,9.27801902477078,9.35160964143685,9.74312806756752,10.0355979594954,9.70248090140938,9.90891968320183,10.0028108167751,9.97118179405016,10.4772706867049,7.80409006836053,5.46339384052926,5.46339384052926
1.03263885578055,16.256643418508,15.527546391391,15.8309816828712,16.0286630236297,11.7223255097905,10.8443885259286,10.8794703866869,12.0552230184825,11.4558564048056,10.1317381037359,10.2526852922151,10.351716322139,9.55039386713446,10.0637418971389,9.7605764601993,10.0646450942416,9.67218211790228,9.69654700358913,10.030088397586,9.58536123529102,9.78635204413145,10.3878590603489,9.73310594669462,9.73984091689954,9.13735597390311,9.2235108562565,9.85790342099075,9.98939367117727,9.3119509278205,9.55486344445266,10.1173389967701,10.1694416879818,9.78662365846876,10.4674861191411,11.1572666844513,10.8014279000177,10.6737767506107,7.93461254022274,5.54707446390603,5.54707446390603
0.760054032578363,12.0989319632378,11.6085121143356,11.8911039654638,12.1641836013212,8.90872239098035,8.26695781138898,8.30007732941659,9.11807331597819,8.67792359649454,7.75829025984036,7.91201681537615,8.16693263256908,7.93797346133434,8.86006301806161,8.75096694900631,9.12556604033738,8.81777023807594,8.91049211135944,9.41569846457587,9.02769027059769,9.12000479265919,9.33451689500866,8.78204477129687,8.95018807299439,8.7258330220005,9.62203917356871,9.77980617824048,10.1250120053768,9.61531215657262,9.7119880085053,10.0321992776174,10.1223549744691,9.78487423396635,10.1590259416602,10.4674258917111,10.1756174878154,10.1090303609489,7.52645527122657,5.2648318032753,5.2648318032753
0.760054032578363,11.9653919334902,11.4287549502225,11.8852202974856,13.0219375650272,9.66433267235877,8.93956731813491,9.05973398158252,10.9817016817672,10.6840273989693,9.44351285760806,9.55127633283196,9.63329279162634,8.83402215252411,9.18597042467914,8.85098857547556,8.70940953012959,8.16121762509232,8.13590265946288,8.30244016603347,7.76184923691835,7.75079921143628,7.83140363304415,7.30924452732518,7.4384843763538,7.23261619165775,7.28128774109724,7.61371112193715,8.15183362846176,8.04393213488749,8.1492993975469,8.33081479013497,8.4149629723417,8.23036529957555,8.65434146667365,9.07128531549945,9.00966239443628,9.33686634627738,6.99226168056511,4.92547031726947,4.92547031726947
0.760054032578363,11.965387366068,11.4287469620788,11.6637684903394,11.8590220421725,8.68000289024788,8.0299991919536,8.04778191962514,9.14043316013949,8.83106671490831,7.81168022658465,7.82284504556344,7.8372652436259,7.25751203050358,8.32529901431313,8.27457087339996,8.56781742613262,8.27701827130848,8.3565787493484,8.74960176942967,8.45093963658191,8.62259727997568,9.1851026050348,8.78017563147545,8.88141306436968,8.52954810418015,9.46195111404238,9.89694767887345,9.83973479012491,8.92315160641567,8.92288741197672,9.06387295578072,8.77402079873273,8.31362321675512,8.57179915386151,8.7244174373074,8.55584668837031,8.79809479967382,6.50174963200637,4.51979153281175,4.51979153281175
0.760054032578363,12.0987810045282,11.6082480967291,11.8462564945112,11.9073941674936,8.68767364000935,8.03526090604004,8.03475453282008,8.70406717240743,8.23347500710428,7.27564601864217,7.27087380126545,7.44999144611252,7.04472551041284,7.51316681980918,7.31083026920505,7.33928827089534,6.97719490867966,6.99348998871858,7.06780484932523,6.77335325942283,6.80678057492605,6.86435574973515,6.46685808900429,6.50410995890268,6.12306833233425,6.15175203850854,6.2879027291924,6.68197005640695,6.55774151358954,6.7210207418991,7.01917018722453,7.18534462153543,7.11223670883336,7.76633702168782,8.5569953014608,8.82423535509699,9.78555206911062,7.37837108734996,5.23094087032131,5.23094087032131
0.760054032578363,11.965391928327,11.4287549411924,11.7080723994693,12.0915408737993,8.87679800104022,8.211676080291,8.28071208371782,9.28464508980249,8.75997078925818,7.74555734823376,7.97148421696697,8.24218972084926,7.6810756518132,7.80872727671639,7.48665067733825,7.98609512290486,7.7773794183082,7.80736246774064,8.41661029347078,7.99233367510625,7.96065808059371,8.07692627180704,7.66292344375302,7.70535951570036,7.34743252026932,7.50962778278294,7.59369117302776,7.68011996107448,7.09450004643257,7.20335365367484,7.4915319078408,7.26246734547081,6.84523929068033,8.12007354876232,9.64297840485336,9.44140683111048,9.64939706096017,7.15756032441962,4.99727204456524,4.99727204456524
0.760054032578363,12.4989619205332,12.1467515017727,12.7037292973415,13.6828905746495,10.0910774872804,9.32970027961932,9.46423745716899,10.7863120198954,10.0976749762956,8.90932820210395,9.32355604002547,9.7316825417785,8.96197746236746,9.09125576748617,8.69782078432744,8.69206741398365,8.21796051061616,8.20512451564515,8.4311756333224,7.91789100355416,8.02024304649502,8.39239786306662,7.81205841020446,7.76683176240346,7.26480392850481,7.43579669417483,7.65805877509535,7.73257629880251,7.20143178564471,7.21366241773127,7.32131134423704,7.31833514188136,7.08510822951283,7.61936652227726,8.15789558816701,7.84619985178315,7.62524424932123,5.6638583019565,3.95512686915597,3.95512686915597
0.760054032578363,11.9654056155727,11.428778879353,11.6638362497786,11.8622887089513,8.68326965861446,8.0367674817472,8.05682287389718,8.82305212759666,8.35650349572799,7.40515568661133,7.43989592085854,7.66392905570057,7.34945575291413,7.55905478473801,7.30382512762246,7.48153681358181,7.19100163218536,7.26989501479209,7.64676346429536,7.39422837727487,7.56329419665131,7.97117926197893,7.53245675521553,7.59323537876949,7.18218328488274,7.5962219608391,7.91447369855302,8.06675527227003,7.54763436838834,7.56178318014249,7.57014882558944,7.29285773036513,7.0093751794349,7.17277698272212,7.2455464552847,7.32518598269234,7.97049868109741,5.92109390544927,4.1354913585056,4.1354913585056
0.760054032578363,12.0987810051523,11.6082480978208,11.8462564968288,11.9073962255534,8.6876757159596,8.03526545494353,8.05192408622079,8.8040287408308,8.32349619766416,7.35523701033103,7.46217553633494,7.54556420425479,6.93335342767359,7.08233590343518,6.80654556913147,7.08482250350394,6.83966041981003,6.8608954144888,7.06650696830687,6.734226947882,6.79757050031185,6.97528653953753,6.55422407294063,6.71082190006488,6.55913268861364,6.57953682094694,6.70351261695308,6.85063601157112,6.44196642388514,6.92005314312357,7.77697829713054,7.75311209504747,7.52230541333163,7.91446318360335,8.3202847902884,8.28983438275795,8.65576440413633,6.47899473930901,4.5593613935265,4.5593613935265
0.760054032578363,12.2321792055597,11.7877572110395,12.2059093181174,12.8875074431836,9.48422840421989,8.77127576704088,8.85609009596599,9.93703635647061,9.34092957518719,8.2506161193926,8.46027813207212,8.71242843124895,8.06879755832642,8.42067180835667,8.12521285037281,8.1556718540463,7.72572552008993,7.7039124368258,7.75890269922909,7.2817906162626,7.2836235597386,7.5168190862495,7.11350790019678,7.0609263667274,6.62175765291848,7.13377766389585,7.33079614640145,7.47652378693222,6.98642719891173,7.18670668819908,7.63178626873818,7.54309103312937,7.25511906850572,7.9380729396982,8.68006574170118,8.45468787287206,8.47356216928871,6.29518976978811,4.3965181076488,4.3965181076488
0.760054032578363,12.3655774067473,11.9672663256228,12.2998403240404,12.4729035622355,9.10036709648113,8.41739924049359,8.43430291238738,9.5232076982664,9.17144213002033,8.10680479262069,8.2181490391136,8.39923767359676,7.83604466873517,8.49265977443891,8.30244574907521,8.48036628752248,8.12003003525134,8.1854093831873,9.04880841138663,8.71810868586672,8.77114053417278,8.9164022687334,8.34418350839897,8.33345872143492,7.81607546318345,7.97884276502558,8.0577858094549,8.01399972332045,7.27726682432452,7.29337852862409,7.44465899407066,7.20383713280248,6.78401196336352,6.8611904336744,6.84659851325999,6.91752802575996,7.57617195071064,5.63090820127684,3.94351994060514,3.94351994060514
0.760054032578363,11.9654010534695,11.428770900512,11.6195323412165,11.6282179722287,8.48490838035918,7.85165113171494,7.87070606830396,8.96829856517158,8.68127624562677,7.68550547381589,7.81824839802958,8.02210509191327,7.53335354225779,7.93391187265476,7.698184359296,7.89205948440522,7.56677045795748,7.58204415383289,7.75751626610664,7.44352183774261,7.45284150259542,7.63486923914452,7.29029226204262,7.50522151271417,7.44902349362791,7.8146841319197,7.95299307649908,8.10953197822838,7.64555475878038,7.85391539406624,8.15957030846896,8.00052906969271,7.80918898981097,8.21793750694242,8.57514812723345,8.37637626412407,8.40755946792275,6.24154699432159,4.34863398031389,4.34863398031389
0.760054032578363,11.96538736638,11.4287469626243,11.7523424309133,12.3232045678945,9.07274507428351,8.39169351444911,8.44281340247827,9.69646813383404,9.32618362123074,8.24134856443893,8.23468640969467,8.22609767057152,7.54052039711449,8.39444188626155,8.24659675945003,8.45145047664592,8.0907602808097,8.06791847190701,8.15432825742625,7.7755791982706,7.81531452898261,8.1216386572585,7.73083533442224,7.72974303693532,7.27094976684439,7.61893001041537,7.71005329723248,8.21175921043992,7.93135030121155,8.12384589670969,8.55429212046363,8.38833135620771,8.04182063758815,8.03097459099571,7.88595010683855,7.5989903456256,7.41157210730783,5.52436304764302,3.87328719641295,3.87328719641295
0.748116011124253,11.7774559557812,11.2492494100252,11.4812880918894,11.6770169034812,8.54736376955718,7.90791081748737,7.9260480816761,9.43454529086628,9.34276165309302,8.26497896997231,8.27646333103411,8.28965760333694,7.65921009403381,8.02794822848612,7.77642529417251,7.81109246642302,7.41585545234824,7.43924982191428,7.61598362420011,7.22105621980205,7.21149410017135,7.19737451485904,6.73548082236557,6.73594371356831,6.34413063217464,6.7038940058273,6.82636705239639,7.09623461315577,6.80822557426924,6.94087677102323,7.20350280678173,7.23413445996717,7.02293821466948,7.23300223144203,7.39488074774971,7.51354022412887,8.19365928328287,6.12755911457672,4.31065485841438,4.31065485841438
0.748116011124253,11.7774493446838,11.2492378476177,11.4369765755414,11.4430895379597,8.34915053931813,7.72316462149727,7.72328915678922,9.14552358946494,9.07864594596709,8.02653174600801,8.02877530856489,8.12369516682544,7.58249471852634,7.60857298831375,7.2775544818509,7.71283373087774,7.50537254033426,7.54923617784387,8.08699804230239,7.75721201513103,7.76713661651489,7.94738545339991,7.57954030574758,7.58853190386543,7.14531560982372,7.52736343055345,7.80134791473019,7.91345677177065,7.34984490245425,7.70869471102002,8.30650997910319,7.90270023000522,7.50607136134675,7.95140858358737,8.37564327222297,8.47891000944243,9.30500866364016,6.89891736130564,4.8126664515321,4.8126664515321
0.748116011124253,12.1776302603067,11.7877412519929,12.2058754375283,12.7531615369695,9.35855890726203,8.65315731349367,8.71967137673818,10.4635270668424,10.2546677063574,9.05186098697638,9.24972153337435,9.58109168470725,8.94064634162672,9.0999745669734,8.71728168489752,8.8653987532541,8.45052969315152,8.40758678849363,8.41120403131523,7.94894319836562,7.89582678405139,7.8043218464019,7.24899716597272,7.18874094401454,6.71124224165297,6.86787239699827,7.05448686381845,7.51425423365498,7.29758338437043,7.36083969094866,7.57423904093915,7.55571863752855,7.34182969162179,7.91063177041857,8.53423985964207,8.48467386015592,8.82700850905542,6.59421450124795,4.629567268066,4.629567268066
0.748116011124253,11.9108566703197,11.4287629203064,11.885237217743,12.8904146952042,9.5414897244842,8.82735193853219,8.91405694366743,10.7531185035168,10.5292332269489,9.31232735515014,9.31965085060022,9.51073031201811,8.95671075456012,9.25443934009501,8.91700827083991,8.88901031048844,8.40431622683579,8.39230847355085,8.36021423455588,7.92729712686529,8.07248436293445,8.52047198483909,7.98262359431556,7.98717618486187,7.50439143439254,7.70972117502217,7.98324326076517,7.98831062426029,7.35113865986609,7.42641344261215,7.54993379347529,7.25153821002364,6.9389112070772,6.90248153049386,6.68801915007734,7.1121131255886,8.57486246041499,6.34851297985008,4.42257500147605,4.42257500147605
0.748116011124253,12.0442411845737,11.6082480972749,12.1119783139423,13.1707985249465,9.74546623568561,9.01352026414181,9.09870719534758,10.9316930359496,10.6834371144357,9.4404108977074,9.43340498492369,9.42557946156289,8.65371328914294,9.24196659870774,8.98927852211597,9.10921299618596,8.685051481104,8.7329360858541,9.28345329825731,8.8265103383382,8.88232934623635,9.04482768154255,8.48048191159462,8.488993559149,8.00120398496054,8.58166291957793,9.02309723216804,9.11184528129837,8.40428512535212,8.43456512713518,8.59835253948404,8.35625660372067,7.93784185727052,8.21956197645876,8.44747042432827,8.33253315206503,8.62861471024173,6.40817432611295,4.47546062159765,4.47546062159765
0.748116011124253,12.1776393852932,11.7877572110395,12.2501962878351,12.9882840858929,9.55797418328647,8.84048687591421,8.92592040248096,10.7600438764856,10.5302614133683,9.30699982363347,9.52780907787213,9.70231139055021,8.92635422314702,9.55837525747525,9.30961309290823,9.59967766548255,9.22670853482196,9.28321283791308,9.97383509541027,9.51816022075277,9.60796529499161,9.87821368866129,9.22809599614708,9.26703334735203,8.81795314772919,9.14447324217563,9.22618368644622,9.18026458033867,8.3830559486166,8.65250888639227,9.29732097891435,9.29496409362608,8.88726977849413,9.19434960211717,9.43047677501106,9.39098648330062,9.90783268620586,7.36834772556149,5.15587314060691,5.15587314060691
0.748116011124253,11.9108566706318,11.4287629208522,11.7080893400584,11.9603454643869,8.75428551398294,8.10018633461423,8.15318505366118,9.82954002221474,9.70107506037063,8.58526009599729,8.82713439387611,9.20923436833995,8.72549294422941,9.14606659369459,8.86625547740645,9.36264855692754,9.10013922016728,9.12756999772425,9.19328281944388,8.76583915611419,8.77923807795181,8.79099821835821,8.23714760042019,8.30379170923394,7.90899019230914,7.90720820497312,8.01115356075898,8.01618919322783,7.40759773538186,7.43243810302912,7.54927936507903,7.57809843429231,7.39792702526104,7.99003770922257,8.65482880988156,8.62013647011061,8.97399368087649,6.72019936947119,4.73023726269444,4.73023726269444
0.748116011124253,12.0442411845737,11.6082480972749,12.156265283649,13.4027341156719,9.94168022518618,9.19402241537333,9.31291718745245,11.6640316849636,11.5500698322896,10.2015013413275,10.2950356840855,10.5451744755195,9.83557622012773,10.4421222032711,10.1188039106099,10.2284448278951,9.71575914847434,9.67252589506708,9.81067499752532,9.25751890523566,9.24837100546481,9.3152709939408,8.67911716385188,8.70878861967159,8.28118828003317,8.46302352203833,8.71666934562112,8.80207900914215,8.16436620435594,8.30619557404005,9.42602098228604,11.1011515426335,10.6540476566329,10.9736807423894,11.1679053006531,10.6757841899564,10.2580295531243,7.60716820793578,5.30256013033238,5.30256013033238
0.748116011124253,12.0442457466769,11.608256076116,12.2448561619234,13.8695165325121,10.3370387146475,9.56136094896966,9.69841940115798,12.4920390733913,12.5113195878473,11.0579928813373,11.0535098221054,11.415813947648,10.8807477230115,10.9750115323679,10.4974669468144,10.8350701945618,10.4023089765987,10.4236793658704,10.8637351779467,10.2432690818692,10.2519525744874,10.5028106628765,9.92605734111076,9.89444132890868,9.2826664794296,9.61607802870221,9.72592308964527,9.81685682865033,9.08542877340703,9.21221908365411,9.60760929262311,9.54952183378109,9.07242967256602,9.33256049702359,9.48235020803501,9.40067584732185,9.88228544737225,7.32370258923295,5.10838893662615,5.10838893662615
0.748116011124253,12.5778203012983,12.3262606160831,13.0190951512453,14.2989786136835,10.5680108004657,9.77185926005364,9.88985189236501,12.5931473371411,12.594254040562,11.1213157111127,11.3233047448124,11.5691878238463,10.6988359255547,10.9571948932597,10.5360643518644,10.5257657616341,9.97423998201777,10.027669374752,10.7357572875071,10.2673053596589,10.2741336657362,10.2837990621626,9.63740441850559,9.64234794582044,9.06807966430354,9.4217518039833,9.55535924869644,9.77912434511417,9.19521379821938,9.51076120813194,10.2847523566653,10.5358235320423,10.1422574996815,10.6566013925821,11.13724032446,11.1445397727103,11.8440046916935,8.81644539312069,6.17128855005994,6.17128855005994
0.748116011124253,12.4444449123428,12.146791398707,12.6595270276616,13.3227161108693,9.77530479854832,9.04378933693691,9.09628005187922,11.8368454629299,12.1383950881204,10.7370898623209,10.8624540207898,11.1512285412662,10.5028764044116,10.7559080494994,10.3554184629224,10.5685624814327,10.1149511653884,10.1716157787089,11.0056072393142,10.634656510727,10.687646368092,10.9969333685576,10.4193433523598,10.4103739382159,9.77815059842738,10.1204890148723,10.2431654624664,10.3347243269144,9.57074327030242,9.85798447224473,10.7800117788854,11.3528840330795,10.867973253153,11.3400386441734,11.7317550836223,11.5543464160005,11.9159776901813,8.84457391024414,6.17520574459368,6.17520574459368
0.748116011124253,12.1776530733191,11.7877811505647,12.2059601410336,12.7579478479133,9.36335180374545,8.66317565078436,8.69876425290933,11.7128560651813,12.2382381861073,10.8261135074411,10.8401576530807,11.0398928639874,10.3907749186228,11.6801285424884,11.5214205311874,11.8156853443741,11.3226817754337,11.3576034507398,12.1219183352108,11.6487307831699,11.7273783025823,11.9795707363751,11.1842690856511,11.1434849280373,10.4542062352711,10.9418946273164,11.0134743053255,11.0168101333559,10.0674624786384,10.1395153080651,11.0251285655156,12.1518264976754,11.6409637304463,12.3047451571498,12.9659470805912,12.2906042505477,11.5224968464283,8.57401897098259,5.99911010640428,5.99911010640428
1.16893126738165,18.9356197940525,18.2945550267009,18.9537091991361,19.9022158709794,14.6194731902157,13.4792386035717,13.5385723097552,17.044875751253,17.1284429533668,14.9956860526584,14.8477784536618,14.9350457128152,13.4729415808667,13.2607902530784,12.5451521600383,12.0929370990939,11.2466341291707,11.1502321023626,11.0800143773544,10.3908431762151,10.3776491355134,10.4460164396183,9.74264534195982,9.78144982376964,9.32115620371683,9.84219689597253,9.99440332995159,10.1607401173677,9.58330877237299,9.6736759995882,10.0257049917226,10.476579841515,10.2381657737617,10.6762692267859,11.0455061319847,11.0992846547614,11.8280523743112,8.81642203599307,6.17430528110243,6.17430528110243
1.16893126738165,18.9358573973386,18.2949705804045,18.9103044371455,19.7082498047467,14.461188127612,13.3767670596147,13.4455250031923,16.9758796371405,17.1828803358498,15.1905086069938,15.3040559900321,15.7628328161392,14.906197123143,15.9970569375891,15.5846420246078,15.7138811679945,14.9399430141915,14.9818267318916,16.0105269803318,15.3308249328277,15.4138421572532,15.869794026476,14.8651351614451,14.7861422785428,13.9031455386676,14.1212286768975,14.0593949145011,13.9485462158567,12.5156273004054,12.4818773085593,12.7094407342653,11.9292513848812,11.0732453750043,11.3309957213012,11.4354773416733,11.3884689333534,12.2263269042275,9.01697960700793,6.26374103337429,6.26374103337429
1.16893126738165,19.3360383213143,18.8334739993882,19.5906293907236,20.5532340806737,15.07694078113,13.9430590806666,14.0784743279766,18.2871007260168,18.5649754311675,16.4001773648444,16.9375558884964,17.4475417990675,16.095959591298,17.0636349939182,16.5541517834012,16.7214403307663,15.9007729944456,15.9105346243638,16.4449884438245,15.5617042617291,15.6479322780513,16.1574122561646,15.1955150819476,15.2053131544397,14.3583724950346,14.5527602365725,15.0370555905579,15.0113535939048,13.7973766279109,14.0966927512595,14.6830527861565,14.3514230116365,13.8089074628847,14.831993367801,15.8732867311897,15.3741826210918,15.2178279665049,11.2907017795117,7.87124945899647,7.87124945899647
1.16893126738165,18.8024774540949,18.1154933978551,19.037876070556,21.2895492792646,15.8331715822427,14.6482356721568,14.8900530917671,20.3198388319202,20.8314510933048,18.4219779134687,18.7672442742236,19.1324789827409,17.6974577129676,18.3703897465705,17.7088175230947,17.6805134573125,16.7020911961648,16.7130793155746,17.9272077568284,17.070037582283,17.0259272210989,17.0431641971363,15.8917047404152,16.1709791614711,15.7840889338677,16.1142969210011,16.3186356663713,16.4283365785622,15.1950154917026,15.40922618554,16.0247962316981,15.930772428815,15.197627641005,15.7876974541148,16.2472245366959,16.3879557547222,17.8163376722739,13.2186057659541,9.2245231206077,9.2245231206077
1.16893126738165,19.3360337593675,18.8334660208206,19.6348994221774,20.7861398281089,15.274141322266,14.125829254961,14.2099918999922,18.8824999797731,19.5244477402858,17.2516315780862,17.3508884827118,17.6120626313166,16.3956330916517,17.6950907939886,17.282883212341,17.9459169604569,17.3271930857347,17.4319321357745,18.3129978897889,17.5796453324187,17.6446866413317,18.2269649987049,17.494782378112,17.6553595268114,16.8502882655756,17.4272045597582,17.9577018259689,17.884875276277,16.2999732832264,16.2875567191557,16.4196861793778,15.8654052243864,15.1632165707943,15.9607283226777,16.704224677422,16.4965121500049,17.0999119841822,12.694557679801,8.86224803315827,8.86224803315827
1.16893126738165,19.4694456470206,19.0129990721999,20.17175094232,22.6982298396432,16.8598028929493,15.5928836225299,15.8145086141621,21.1490818216316,21.5643532425929,19.0521030209815,19.2528266298569,19.6774937190065,18.3181151423599,20.1109155174248,19.6794232654931,20.6952231211857,20.0282361647856,20.0358034163643,21.1274791187331,20.0693155530884,20.0806290629484,20.2341917473664,18.8571536712355,18.7635967043367,17.627220378064,19.0323539524625,19.6505523301471,19.700040431931,18.0467153017677,18.214299162282,19.4698333242035,20.5565126260857,19.6239268964935,20.2296910838042,20.6874211695777,20.526188449824,21.4606219228704,15.9621567658952,11.1624133541419,11.1624133541419
1.16893126738165,19.0692692942109,18.4745036479078,19.0042862944227,19.2969758681109,14.0806649130952,13.0299167809261,13.0674967503264,25.9464197369161,30.907775774868,27.3447343846981,27.6134658682678,28.2127319180835,26.4927254295018,28.0050394371272,27.1551709054747,27.3489507759581,25.8646749058874,25.7465466814036,25.3754056904801,23.147189064638,22.6857642790158,23.0173967516319,21.7228408801855,21.3312842940464,20.008523023766,20.7955336884005,20.9186822534605,20.7378799613559,19.0735255489258,19.4177770041727,20.4155140455435,20.8138883964953,20.0726089341432,20.7515036254724,21.1445199134028,20.8969141173763,21.7267229705371,16.0842594538714,11.1940808642485,11.1940808642485
1.16893126738165,19.8696174388194,19.5514865195614,20.807755018896,23.3083813557821,17.2764327345479,15.9724884840928,16.2249190849965,30.1446584783809,34.6474232795914,30.5957903088344,31.0898624212399,31.9157339664106,29.6586560220644,31.2185528137196,30.1948250042296,30.4849632665614,28.9649252473995,28.9148437636657,29.9944157258188,28.4596684412713,28.5290195267915,29.4222812142315,27.8141004626409,27.899472737073,26.4945423067259,26.9660009721212,27.3577439821811,27.4044405747257,25.0822535885113,25.0503048403863,25.4629070956122,24.7610958179748,23.248761936796,24.7156107490688,26.0303212207884,25.2860497600195,25.6520598772189,18.8810738886671,13.0802502359217,13.0802502359217
1.16893126738165,19.0692829811445,18.4745275855226,19.4472068103903,21.6250675371039,16.05159841292,14.8539455300239,15.0636861621278,28.7719600379469,33.4531066704261,29.5950370494879,29.860473593641,30.2681311713953,28.1529236068788,30.1965065719449,29.4322620253185,30.1094755338729,28.8419748237896,29.0015715687259,30.6824862087531,29.3369755447571,29.7304988230029,31.0142548863432,29.2198057413561,29.4615207556719,28.110515456901,29.3871588190661,29.9718559607791,29.9770357920357,27.5128282111322,27.8362165462054,29.010597830124,29.1687055244602,27.869996407973,28.7611905409195,29.3526480058022,28.4215643844563,28.2213201429098,20.9250203862652,14.5895725480206,14.5895725480206
1.16893126738165,18.9358619689731,18.2949785759153,19.176043229655,21.1054437983761,15.6440963035912,14.472029736364,14.7474008062705,30.1926052876801,35.5592113066728,31.4391153821274,32.2302007569502,33.0430631811584,30.622154110795,32.322027560015,31.338315371143,32.8949577301213,31.8238714647372,31.9233590625985,34.2692073318899,32.6907411215333,32.6435696701248,33.5105233034771,31.8542561597047,31.9017522028125,30.2379423022015,30.8948471039917,31.505644390344,31.5915455654289,29.0512772436683,29.5475465169319,30.6117227601716,29.5991196168752,28.2377734914009,29.459528079889,30.5454455741304,30.7656792769933,33.2621613477691,24.7339642348895,17.3026132340753,17.3026132340753
1.16893126738165,19.469431960087,19.0129751345852,20.1717001234683,22.6963239046337,16.8579018814238,15.5890132028761,15.8780209498004,31.3912865009013,36.6219787381669,32.3568156068677,32.9944385693763,33.7632621538566,31.2702994361982,32.6444166865968,31.5443023774792,32.78639966805,31.6092182138991,31.6425965511433,33.1507639262144,31.7923260372825,32.0312051700719,33.5982029777146,32.1019827057435,32.2409013515984,30.5451884712512,31.5320782464201,32.6300175995929,32.981666775899,30.6790507478274,31.1773854301593,32.6726600635193,33.1936223965799,31.9747748056492,34.2011208389167,36.4145245755635,36.1003462130957,37.6767255654576,27.9709198381134,19.5203130981227,19.5203130981227
1.16893126738165,19.2026629323591,18.6540047820126,19.7182179339755,22.1368013625395,16.4512054178443,15.2194360682417,15.4953092815538,30.9425215406197,36.2366659712674,32.0407030634209,32.6131605818637,33.3464222488451,31.0124820134156,33.2368006406169,32.3737430726527,32.9593753778835,31.4930185577803,31.6064183736042,34.1424164044363,32.9922550720911,33.3428467219883,34.8734319054649,33.028031968446,33.6059226468304,32.7659415482282,34.8430299408854,35.2616584948862,36.0464082525645,33.7783979694472,33.8897424536269,34.8069300120258,35.0518476377626,33.6005647993775,34.3572163048255,34.6400700043717,33.3170955884517,32.5239479514475,24.1139854886398,16.808748779446,16.808748779446
3.29190941597095,53.0233038255595,51.1131401873833,52.8496064003191,55.2637644659914,40.569250887065,37.3098459783154,37.4362268228575,51.8187389445004,54.1896339769952,47.1855711617527,46.3595449694019,46.5562585103427,41.4063828848339,39.7824549900653,37.3030735167459,36.5842176998383,34.3838368886711,34.130192753959,35.5616901520396,33.8672222324626,33.9507886886019,34.8171230157934,32.9382095270256,33.0768933362017,31.3999410354006,32.2389400814344,32.7104724247368,32.8740946218983,30.3165553176665,30.7602087333858,32.5365882766902,33.5533834650434,32.3466660929469,34.4862324661602,36.8168537583026,36.4591573858699,37.6840763869292,28.1824667026707,19.826932316456,19.826932316456
3.29190941597095,52.8910995473629,50.9357191715326,52.8043953334162,56.103580183426,41.3424212678312,38.2418247276735,38.5851311333494,53.9069165299705,56.6416845587092,50.0701928643584,50.6248882859565,51.2442916976069,47.3129741460286,49.4825276629413,47.8365168451355,48.8327027403694,46.6518128728666,46.6580951702253,48.9448118673386,46.6093636907566,46.7571768738861,48.6407607686033,45.9887540822742,45.6254355267018,42.7532724941485,43.5851306171462,43.5693829234058,43.04430353748,38.5670941967342,38.6079665514885,40.1950838644688,39.7008700917682,37.2784980917298,38.9438111850714,40.3591171512916,39.0872997539171,39.1456352524789,28.9245253323682,20.1103375187317,20.1103375187317
3.29190941597095,53.0244886642433,51.1152123982149,52.8982926097904,55.687463559487,40.9570482082339,37.8848304915739,38.1935122436626,53.348974044835,56.1389050267097,49.6260485863728,50.2958649961884,52.2068707129014,49.5301013714649,51.2679068275917,49.4572620129214,50.9928134016409,49.0014598880246,49.1640633818425,51.3492961567812,48.9389765838262,48.9896481250021,49.6515024635569,46.7745654149501,47.1121650594582,45.0493252509449,46.3883363724268,47.1392364419559,47.5544111387111,44.0176349805403,45.0333958356555,47.337589301696,46.6626439772672,44.7936536154568,46.959687010765,48.8999127437022,48.3938704238864,50.305587845113,37.3497682164156,26.0567023592914,26.0567023592914
3.29190941597095,53.6914614195856,52.012726051949,54.4307671489607,59.1894258710216,43.7555132461582,40.4668704991465,40.994667129225,60.8476655076978,65.0280321662113,57.4569741241458,58.5186051575843,60.4405826603871,56.6166941893506,58.2753119262759,56.0386998913717,57.7633829556961,55.3737384652042,55.3401260094657,57.2929307670359,53.9133560669451,53.7597526950759,55.3451657562444,52.582266138155,52.6349245902809,49.9733867814569,51.023277651544,51.6084521408032,51.9043025756569,47.9008634885838,48.2797528060398,49.5385598854919,48.5606418327417,46.3694120308257,49.199705522246,51.9108061625419,51.3463701889795,53.5294077463156,39.6972437396522,27.6906442989642,27.6906442989642
3.29190941597095,54.3584524248994,52.9102716237739,55.3875788430743,59.6735945751757,44.0005113941574,40.696080091075,41.1225039314469,60.4862121035648,64.7116138902272,57.1902902884387,58.0575946765054,59.932619691821,56.3770351907471,58.1833640044154,56.0765891345165,58.1357391830406,56.0139189653782,56.2693218236195,61.0359665026651,58.8689104021838,59.2491674386428,61.3228808358888,58.2091084031398,58.944155520119,56.8349247432971,59.7517872714078,61.3257235048727,62.398182468331,58.1139103420059,58.3978992771706,60.0994860393423,59.890675522104,56.9472044891048,60.2133057157491,63.1615201070033,61.9055936615458,63.499773045712,46.9463052472207,32.6365299650633,32.6365299650633
3.29190941597095,54.8920497922211,53.628316061767,56.6933461712676,62.8972780134876,46.5971092600136,43.0963811404908,43.693460144828,63.8801898842966,67.761619899022,59.8772159158058,60.834245944872,62.5839716590384,58.5144384299614,61.7086017804536,59.7837474979836,61.9177177798925,59.5750228958258,59.7025934513313,64.0588682544093,61.4707867329402,61.5602807293518,63.4653998247093,60.4654133496807,61.0809831159861,58.7107690025083,60.7952804878996,61.926165115829,62.3335560372668,57.52888922916,58.1843952659328,59.845506291526,58.4162366921662,56.0791251801255,59.6246591224282,63.2624263278818,62.4548569357249,64.44217964585,47.9957819544655,33.622143120723,33.622143120723
3.29190941597095,54.6252807654295,53.269345710832,55.9741421669924,60.9435062442218,45.0104689529752,41.6379496655253,42.1720160649723,63.341042366515,68.0682113953558,60.1857985402838,61.4417305676898,63.2741275857506,59.1945982225022,63.8418909289685,62.295070592443,64.1561615612261,61.6078132564326,61.8558800784619,66.1661075852131,63.4483570111981,63.612969045523,66.1596733347282,63.3531962092515,63.4836565956845,60.0864275234177,62.4640841821732,64.4410240123114,64.679451083934,59.6351146404063,60.1389044497055,62.5502214050109,63.5755149043382,61.0514116001158,63.3664893324192,65.1947856839337,64.0674028726522,65.5641002744603,48.7297638793163,34.0573499022045,34.0573499022045
3.29190941597095,54.3584843639906,52.9103274833029,55.9191410677561,62.470387566009,46.3687174790382,42.8913464826859,43.5437024462067,65.2836674024689,69.8070411519616,61.7079146702732,62.7071293860603,65.2402189634174,61.8612121027859,66.6370345070117,64.9549273985898,66.8097507549934,64.0956635122994,64.277506935036,68.331804491172,65.3463713330563,65.6512085112087,67.8356802278746,64.3072591013351,64.7223148718533,61.8985416563217,66.211478216681,68.2480760602429,68.9118756028054,63.8760475527856,64.6806386663262,67.062470394185,66.7017439017743,64.0769175058233,68.9741629283833,74.0883845169504,72.850081260567,74.6231767691243,55.4486108082279,38.7308987702805,38.7308987702805
3.29190941597095,56.0925925408606,55.2438262779895,59.132903672953,67.527498794725,50.218212921487,46.4371696131341,47.406541154076,70.6821221790461,74.6267552056123,65.9152412617819,68.267781593148,71.37960584872,66.7691455466859,70.967166106929,68.8859097630322,72.0757383349208,69.6472701204865,69.6815533879685,73.5970354488151,70.4221421277474,70.568854726725,73.0950054476413,69.6384668302697,70.431566463976,67.9871982940358,71.0012433573028,72.875283495326,73.6798702557661,68.260295020231,68.9444592247908,71.2802166474229,70.5715364836308,67.4553397459651,71.9589751429692,76.5043404189151,75.1453570899433,76.978198463452,57.1664947148164,39.9280996207862,39.9280996207862
3.29190941597095,56.0926518519463,55.2439300094728,58.5573932856256,64.5168226835376,47.6718616200446,44.0990525631454,44.7013744524706,66.9738818937193,71.7970587308646,63.4815886352317,64.9624499618595,67.2520181175338,63.1840391244704,68.305391266952,66.7258286014016,69.654203774612,67.3525713271325,67.8878627718189,74.9466678721884,72.3461126050308,72.9347626919829,76.9668477649741,74.1111792413859,75.0212643212161,72.2056559718653,76.7037905404109,79.2863378979697,80.1830550414398,74.4136939428332,76.08564807829,79.6513840352028,78.1402445687471,74.7030738438723,78.9555990703401,82.9036764236198,82.246792446733,86.2926018178883,63.9935929330388,44.6324821622006,44.6324821622006
3.29190941597095,55.1588963836604,53.9874220685559,57.4571251386868,65.100998722944,48.3980152859132,44.7732331962078,45.6516178898195,69.2531972177593,73.8531102732209,65.3013934566901,67.3364318974656,69.9615022366509,65.4797086325734,69.1042615065032,66.9885031428539,69.8067099977844,67.348509805188,67.6893777412156,73.934036642631,70.7966412903082,70.9868089014652,74.0430276318652,71.0428082563344,71.4579360730904,68.074264718158,71.2714002147357,72.5943781460141,73.760223546691,68.9607337925249,70.526593127689,73.718742160411,72.9244902921074,70.4324966202623,76.4544224847174,83.1483001325283,81.5270658123334,82.5309174973804,61.6276402014468,43.2851288802179,43.2851288802179
3.29190941597095,53.6915344219742,52.012853728689,54.8739079000866,61.5325761236138,45.7415464737687,42.3227406428808,43.0336254636101,65.8251940177242,70.786983246894,62.6190043951381,63.8176481580626,65.7131341508004,61.6667019226198,68.1028142516184,66.8970114818067,70.3498998679421,68.2268321884902,68.6903993584483,74.5552667155661,71.7003539809829,72.311175906819,77.430048788892,75.2629160697322,76.5865660411012,74.4193349752159,77.5584465126465,79.529878894333,80.6563658520496,74.9412921098479,76.6535937286217,81.3667176442134,82.1267325512005,78.7365319741592,83.835507934625,88.8041391120727,87.0958309206056,88.9217521166774,65.9462865103084,45.977445747306,45.977445747306
6.93698529995934,113.474293622617,110.050372192431,114.717306214751,122.255491439814,89.9789528781649,82.8449272163444,83.4011774427926,103.463293357052,102.334623323315,89.1817203812647,88.4677330091047,88.4740957857121,77.7857193171923,75.8416990297137,71.45218295141,72.2400723415569,68.8765457315949,68.6499947350606,74.9513886965238,71.9713355139542,72.5217390328313,77.1003042626537,74.4734576026234,75.7192679099791,73.5560746644716,78.9405017607693,81.5834371177848,82.4331543200188,76.5333480010971,77.9878013446887,82.3697060860693,83.9053626402834,80.5811862409587,84.0778287146368,87.1456715784716,86.5545943017642,90.6000971065546,67.4114196209286,47.1681461458553,47.1681461458553
6.93698529995934,112.809426139696,109.156540532182,113.812666010471,122.349838102787,90.2764521663132,83.5096319558617,84.4044900183871,105.908859266332,105.567130251714,93.3336765266968,95.0296843589808,97.847058940238,91.6319066150846,96.7680846236574,93.8217341191838,95.8226272648464,91.5751939773303,91.7692269135388,97.457212241865,92.6433731344734,92.6709062629099,95.2741205954071,89.7638853187972,89.2697997768702,84.438686832049,89.4689556349753,90.1651607509298,90.2207234262485,82.1440853001072,82.9826151459336,87.9277021761692,89.0892978452679,84.8934862429233,90.5108381498009,96.4930155066729,95.3071442341937,98.5750647576557,73.4084247270388,51.4203225165704,51.4203225165704
6.93698529995934,115.877457087646,113.285026864151,118.762684171732,127.430234347546,93.8137159578252,86.7550328941331,87.5307891615838,108.472736827356,107.8032583378,95.217793471575,96.7451419680904,99.9312406593212,93.7663052166611,101.092293941648,98.5654185217853,101.952403873827,98.1085135746541,98.3168128748854,103.388715377004,99.0225503881,99.6262096781503,104.081423154374,99.3893906980909,100.23041085844,96.130893542778,101.84035583185,103.497525082218,104.257242220772,96.139766518383,97.436687936491,101.666794938361,101.163196635307,96.6349439428279,105.049293341994,113.876306731896,111.571058968402,113.882137775703,84.3430386126837,58.7200370111113,58.7200370111113
6.93698529995934,116.677923854116,114.362217198229,120.168010605482,129.372658784551,95.2619721221491,88.1108866765288,88.9308112911334,109.763320063454,108.822944083603,96.1758804722579,97.9184079320817,100.661543019467,93.9812745669602,98.407390463385,95.2061094968648,98.2103003250078,94.3883713532629,94.7994725191072,103.643478555828,100.095007925035,100.679799829935,105.900133060042,101.941314175299,102.864837622222,98.402066365627,103.80899331139,106.761458135556,108.147688062402,100.741935459263,102.69861827186,108.043985588049,109.135882476154,104.569634392294,113.104372520893,122.088076084648,119.900495850915,122.76052467096,91.1875434248283,63.71150518786,63.71150518786
6.93698529995934,115.210621207417,112.387752596668,117.673587539689,126.279437581609,93.0092683849397,86.0449767127176,86.8929157405894,107.853012461095,107.152822176166,94.7643549704814,96.7402503710588,99.6160397364051,93.2338784332277,100.667862805613,98.2614302019731,102.408057446858,98.8789944663812,99.3848213085411,108.478006688731,104.627711353831,105.44789894139,111.511717592899,107.125166613313,108.525525982206,104.921591308073,110.672203641161,113.677160075008,115.71676366047,107.836867351102,109.844952509347,115.170414115117,114.429087077696,109.673198933926,115.916524035298,121.914721256365,119.473030253682,121.574891199746,90.3134345120739,63.0817473332933,63.0817473332933
6.93698529995934,114.943783744553,112.028662555204,116.909842466192,124.078296825596,91.2109510565117,84.3736067084245,85.1652548828887,105.857633508916,105.334866669064,93.1305890442131,95.50583136598,98.6845902709571,92.2811271846525,99.0006069073261,96.4695984998152,101.575732415801,98.5350147973652,99.0950833547667,108.113834386662,104.18060031041,105.025608759431,111.929249355147,108.278193352636,110.364796350454,107.879833547889,115.227040260333,117.78486300335,119.625727954937,111.580567437527,113.632045852774,119.280389848906,120.122702530542,115.455270087949,123.56465274534,131.831836076973,130.450684768605,135.528061610213,100.720971583567,70.3785323252148,70.3785323252148
6.93698529995934,115.077168256623,112.208147728351,117.269444463402,125.054789625674,92.0038745151762,85.1019512847656,85.8561388946405,106.369418387018,105.780014107458,93.5027836949675,95.2761710126002,98.4211850718394,92.3902669345667,99.0930419897347,96.5115728089627,102.307654692395,99.5098855676428,100.142230424056,109.638087785889,105.164223849024,105.728689301973,111.527700106126,107.637816942363,109.712557385133,107.257794738834,114.613386484089,117.273174042385,119.014888395162,110.8329577097,113.612902916561,120.454853771438,120.948971731443,116.293903325454,125.016567343563,134.33205890829,132.246835080817,135.52438966394,100.953413163732,70.7194102424582,70.7194102424582
6.93698529995934,115.343960095958,112.567157977039,118.121594078589,127.712566739049,94.1873933078634,87.1194700877253,88.164059219806,110.078637911563,109.112949936693,96.4393058873695,99.0857408511561,102.819937989023,96.2615072407943,105.67268970258,103.520677148533,109.4570364485,106.289961638562,106.653307041942,114.594694638917,109.712135213474,110.255265448434,119.209143264924,116.822659494705,118.667618131461,115.659943376619,124.137889103002,127.353400495345,128.760431246418,119.375649170164,121.553279536196,127.95871203723,128.706203008763,123.447752353395,136.506040503761,150.891952440831,149.482166410877,155.951654917773,115.748433854362,80.7741035835191,80.7741035835191
6.93698529995934,115.610756498178,112.926176205933,117.95516033217,125.023372506618,91.845415660571,84.9577226958173,85.7820357573164,106.633553804152,106.026803451761,93.7342177210131,96.5436443742768,100.800457963697,95.015564032602,102.413174111706,99.9368534641758,106.517319766834,103.897171996517,105.001797114403,119.643186030613,115.306036750462,116.362412016546,123.805219983858,119.454008247121,121.52099111404,118.356186271865,127.54034274158,131.786205536431,134.408545826259,125.707152427744,128.186725048488,134.557615923883,134.171798706407,128.320043225355,135.664179080137,142.84207171762,141.129794104796,146.36101738759,108.837605982069,76.1348329571282,76.1348329571282
6.93698529995934,117.611670202565,115.618709189106,122.153984285151,133.434582408645,98.4675689417007,91.0633583080698,92.270269521309,114.85915401695,113.305740947731,100.087924326831,103.29321640735,108.625788112043,102.578918233191,109.520022662002,106.43004428012,113.136978305498,110.080829927246,110.341507119549,118.899720340338,113.870260693482,114.802140516867,132.120020247358,122.066666666667,124.392918563478,121.665134194826,131.220588235272,134.773333281604,137.410276977937,128.589623484034,131.982628143341,140.042596574542,140.542684987496,135.117592471147,146.656246536355,159.009921179641,156.226399164549,159.704877218895,118.724647106444,82.9898950891263,82.9898950891263
6.93698529995934,114.810472228162,111.84930504706,117.30338998315,127.069874461412,93.77894241121,86.7676860872647,87.9654409687654,110.493745798272,109.493163318769,96.8727094626807,100.375135106971,105.77133751753,100.484601033433,108.429734453472,105.854136579281,112.971420908985,110.222114294102,114.111930124627,124.008244439283,119.189396553916,122.807345058109,153.906436922429,122.066666666667,124.858168942843,123.027833001988,133.231617647059,136.483333331158,138.276458547778,128.692341373467,131.55881213702,138.749344847445,139.329372713901,134.015751717229,145.279939357731,157.412367328292,154.713277412391,158.133897771545,117.669894237911,82.3408018394748,82.3408018394748
6.93698529995934,116.277706444563,113.823649968189,119.664698061746,129.451877067432,95.4275629080796,88.2597009186741,89.4030913276843,111.683280661554,110.472275772298,97.6192962156168,101.011380834067,106.156227733393,100.177704244407,107.491735776498,104.697350902497,111.526310847248,108.711632636901,109.356559585921,122.042995185318,129.120883885111,171.407515687676,168.731406575888,122.066666666667,124.39291856348,121.67768389662,131.536764705882,135.913333335331,137.706459405416,128.168527961323,132.016357275155,141.617139722406,143.945505089463,138.4901835918,149.619662932257,161.562161010212,158.714942668282,161.957021053325,120.577258021597,84.4200791321956,84.4200791321956
7.17574572904154,118.43566116707,115.259675152239,121.08034932017,132.2696735376,97.7820038314344,90.434576309511,91.6448477160445,114.249687783636,112.776745219223,99.6491171287451,102.248540846503,106.857534624471,100.904261226177,107.692985001164,104.729121132805,111.737963609588,108.969290302684,109.58866310405,118.90172288772,126.203123957722,173.963456698805,170.179369478057,122.066666666667,124.193525543753,121.253230616302,132.856617647059,136.103333333736,139.162194811942,130.551004273639,132.738766379884,139.423181837689,141.414824269079,136.034139702028,149.533565347819,164.543745408651,159.975052911746,159.462760475034,118.670219972622,83.0463712743087,83.0463712743087
7.17574572904154,119.502887750682,116.695819730136,122.407680108109,131.977385061608,97.2712941520131,89.9698326020395,90.9959463983854,112.708942639367,111.41004776521,98.4674408280424,101.116288420231,106.885434526359,102.266226855353,108.318903750158,105.168313679628,112.500313224628,109.878288132363,110.508151191597,120.406958442359,122.142746015593,168.410732277387,164.007758072889,122.066666666667,124.592311583207,122.265283300199,132.422794117647,136.48333333201,139.542194534876,130.900538849425,134.219868616103,144.352607776966,149.839635479273,144.137937285782,181.239210385334,177.326888276088,175.387213000113,255.700494402848,131.123188405797,91.7862318840509,91.7862318840509
7.17574572904154,120.036498807119,117.413888109559,123.137767657008,132.179434340603,97.3105567584116,90.0089093486604,90.9337017033357,112.156406135558,110.919244016064,98.0415897074593,100.479589233346,105.071182238558,99.511882765621,107.684882982516,105.148250607277,112.826735935753,110.333583327271,110.977649993611,121.685508825226,137.074062220451,171.083753818021,170.047889659768,122.066666666667,125.323419322205,124.377982107356,135.235294117647,139.333333329968,142.181238100818,133.154118306919,135.492261190219,141.810521260286,142.270862945672,136.830189369539,150.300141956247,165.204550347738,162.999490029105,169.153786658684,129.091728859346,91.7862318840579,91.7862318840579
7.17574572904154,119.23615522633,116.336913219749,122.220055272101,132.817868811645,98.0502916572426,90.700923159799,91.8878481897312,114.714597340824,113.44637344225,100.299725240847,103.336194671992,109.236589632122,104.285739851332,111.593325194643,108.599292198582,115.333779751149,136.730023975107,178.2612021119,158.252765476705,198.142425485318,202.641448505915,205.446231654468,133.870398905494,181.882145324539,161.088113862135,168.801769161216,145.271700262718,142.742194772633,133.844648809746,136.258784470279,142.878040927567,143.721784712553,138.258157292841,151.250158087342,165.576071052592,162.7185228885,166.229324329954,123.721740477195,86.5941819269449,86.5941819269449
7.17574572904154,118.835946936614,115.798361939749,121.495341741141,131.736245903143,97.2336236162218,89.9444155840953,91.1821959982459,114.255334415267,113.031291121017,99.9319387201675,103.417670343092,109.954684472065,105.293587633772,119.906354709559,175.974033086684,191.796018969153,218.520596718322,198.949274671724,171.675059268843,195.666057635864,193.113709624812,193.718112414134,129.411970652695,178.422345901435,216.59347475207,162.46094926639,144.673621582682,142.381471535987,133.078012320445,136.850141233322,145.535923525661,145.873805212689,140.331752430998,152.985775457663,166.847793211649,164.286019013573,168.548576686482,125.462065444891,87.8246259933089,87.8246259933089
7.17574572904154,118.5691459712,115.439335730104,121.263175817267,132.332777419334,97.804392261462,90.4701428912303,91.8781827115661,115.773135614137,114.390932946884,101.124085564941,105.147857134645,135.796657546234,178.449167582057,202.871273740948,207.488345114183,203.078624083418,208.288536051617,188.658811407169,166.116223162191,198.96939337757,202.61613515703,211.270685843781,154.382177331064,200.129147279675,226.801871896894,158.141118926696,146.095519748847,143.030773361968,134.457977822994,137.777416834096,147.383641190022,151.534628598656,145.773164074542,159.618852374215,174.909014790355,173.897475647095,261.161977570428,131.123188405797,91.7862318840579,91.7862318840579
7.17574572904154,121.103615979612,118.849841334059,154.557143359777,132.577885066661,97.6562094978578,90.3307334116374,91.4798966716408,111.634592025132,109.180241342556,96.5093733701329,100.182961924731,329.203183023203,232.480878978079,217.50762351353,214.667600875351,213.888039472306,224.119069610969,206.56473907038,182.243767336619,208.506687561943,203.93340892609,204.894303932467,140.333618704064,187.152271378615,225.023230433544,171.787577306804,145.185023576055,142.597905477986,133.538014784526,138.215454122574,149.624871574817,152.672718722905,146.872694943663,181.417357951914,177.327265679616,175.387912727145,381.643249877913,131.123188405797,91.7862318840579,91.7862318840579
7.17574572904154,117.76886169978,114.362464568774,119.194235080153,127.082611026299,93.5854812256127,86.7675311879475,87.9359590949677,108.035141037147,106.357001939743,94.4359588710564,216.152563120334,460.804107036548,254.43010162465,232.50967542816,229.732718764247,226.801515080862,231.693125612499,209.232007111599,178.908070795718,208.484261149107,209.199813877639,216.197839133082,158.915937565154,206.179432205336,241.612948043091,170.582219429548,146.435375991541,143.175062656634,134.764646953812,138.536742462346,148.978098349836,153.274667872766,147.447853534661,158.55884717278,170.278306897876,169.745625574322,486.74992788982,131.123188405797,91.7862318840579,91.7862318840579
7.17574572904154,118.168928558213,114.900768494059,120.228419624229,129.618441445113,95.6049931032485,88.4300436494902,89.5085345808452,109.323656210312,107.089767724278,149.717780453133,377.379598081648,502.995537740291,269.936404027634,236.920774278394,220.391062424392,216.039003258194,222.510311855276,207.454652760235,190.284597195558,223.583512094849,220.313174039772,227.77554102996,153.323866274371,198.13743287895,229.657943822093,164.694985796218,147.765931495887,143.752219835295,135.991313620122,140.291505377398,152.658141220962,159.270798440739,197.186557048789,274.826067494866,177.32725609341,260.546129900916,554.566759677106,131.123188405797,91.7862318840579,91.7862318840579
7.17574572904154,117.101793132627,113.464783346008,118.990001240266,130.391859673058,96.5253984901474,89.2916966300707,90.5995456739033,110.971865741124,179.49032428101,366.450055918063,404.382966641802,503.631738967278,263.812196551066,231.968179359043,232.380655873272,230.815355412589,236.753897923968,218.942787167539,198.18018650802,225.391323503013,220.491613775628,223.668353288993,161.854368157285,207.777540821475,238.076899509522,166.278132441265,146.851815611217,143.319351951312,135.071348117885,138.918921921636,150.011581114035,169.812945519457,293.526182929588,288.782590425405,177.327272727233,352.157429722451,555.578031439042,131.123188405797,91.7862318840579,91.7862318840579
7.17574572904154,118.302299381321,115.080229726044,120.853692613347,131.991844199028,97.580568025239,90.2534929968174,91.5012417920257,257.360672482491,326.760751597442,385.772622289156,402.321427603307,502.079685626528,276.87262245189,246.204860490744,232.277189427948,228.302969327095,233.929960708658,215.033437995691,195.549356111576,216.594474361788,207.928047573226,204.582078140817,147.213843540605,192.811772894199,228.224602433608,166.541820133772,146.336266960967,143.102918009312,134.611340725864,138.081695214701,148.902679089583,215.385496796331,273.163998784275,247.748849732394,177.327272727273,489.338924395418,555.584022269502,131.123188405797,91.7862318840579,91.7862318840579
7.17574572904154,116.968404055646,113.285290189107,117.877503808693,125.461315085484,92.3855955094565,85.4702291022947,326.83493777818,385.375697826743,341.781158024371,394.063860779633,411.011058172858,507.227502787818,273.733280270625,234.092736003907,219.725546393804,214.003575655129,222.074988808188,202.572113511114,183.111109021733,209.449615678996,209.501917179122,218.412562729584,154.088445504567,200.411285087521,233.632655778681,169.862607455057,146.477848241529,143.175062656641,134.764664202617,138.913989304726,148.39809803885,170.346658045705,268.845131592249,250.130365870082,177.467088068505,581.698087751415,555.584057759517,131.123188405797,91.7862318840579,91.7862318840579
7.33989352403557,119.419021683577,115.573800599751,121.355413092236,133.943369787615,101.179775116716,329.684095422075,444.126578489945,399.566909497972,348.851074744038,397.490162206126,410.268433005969,491.869028784574,253.605911224485,216.524127235666,214.460196530594,209.865774598639,217.305967425303,194.234431879459,168.518803922006,194.214100597621,189.953943920008,192.232316488372,141.655723081627,187.779085016582,225.711234068828,165.994035366198,147.446302386521,143.607930540632,135.684651881886,139.833964135928,151.161460685756,193.862206477813,281.948044167397,273.031122268116,201.44329328904,604.471154272506,555.584057969762,131.123188405797,91.7862318840579,91.7862318840579
7.33989352403557,119.952682576656,116.291956140432,120.934224469233,154.577210274306,378.486079271178,429.184693519976,432.213967780421,396.522220459635,338.420872898131,383.442030233264,393.454033123104,467.740368919909,238.671823156588,203.852629613709,198.186032177881,194.09818907961,208.274240519748,191.830119520582,173.274401604069,203.791338370966,200.70717989745,197.477428579571,135.684505893617,183.480732176846,226.577060947056,175.122780673499,146.037364699111,142.958628714652,134.304688843647,137.775058749717,146.928221618031,176.688680498035,272.600723095732,249.16497852435,189.022758956555,587.761578604879,555.584057971007,131.123188405797,91.7862318840579,91.7862318840579
7.33989352403557,119.152338997572,115.214981253603,119.706503302508,333.702630909703,402.006021749962,427.137094108841,414.777703023458,375.806392158461,313.64819904022,357.616551818875,364.913555167846,428.453965170659,229.246140831775,203.657117513217,204.364040948164,201.663996231355,211.713968099368,195.26177503331,177.875955255148,209.741516969036,210.563800036466,215.751057742016,155.105747083191,201.657843936709,236.096164486718,172.962966550865,145.503565726415,142.742194772649,133.844674059274,137.918567118608,148.331510815482,194.667994598449,317.521706403912,317.772126035465,224.686600154463,626.480329960251,555.584057971014,131.123188405797,91.7862318840579,91.7862318840579
7.33989352403557,119.152311623705,115.214933378374,127.49741295072,491.308484665743,382.999536759046,407.884266562956,394.868689884748,359.571737711486,288.622717374487,340.810375437891,356.121590284368,437.237319110886,239.009807835455,217.201763172462,213.481971150043,212.039668256561,224.001058312076,204.416679605222,181.055141539962,204.521985263285,198.711576104676,197.575600673583,143.531211030219,188.950377489272,224.832466853119,166.292523577019,146.12611240276,143.030773361973,134.457990143573,138.682749858207,155.234337911202,321.84871772403,348.103556580205,331.08992735324,226.412079063551,621.723785135472,555.584057971014,131.123188405797,91.7862318840579,91.7862318840579
7.33989352403557,118.618737068303,114.496928837042,200.323794155549,584.722747465505,364.699738595162,392.354619102203,383.761744465208,350.632393382445,289.467794369427,347.02018186397,364.249705030781,443.168009399171,237.082158823427,207.290336790298,209.709347462531,205.218336575236,215.556104548014,196.227712697207,174.88723524367,201.614563651819,197.524907210849,194.971238242365,130.82345551487,176.974758502508,215.039807020958,163.296775072471,145.50709857073,142.742194772649,133.844676523068,137.315033581231,315.070587885802,376.837036077844,347.088840540253,319.744672274537,211.163544143854,606.482171954,555.584057971014,131.123188405797,91.7862318840579,91.7862318840579
7.33989352403557,118.885506095875,114.855899189342,326.223515431071,626.510233515912,357.425173747012,388.216340477003,384.775523920888,354.578039623115,292.75514548089,347.575220594308,362.146787772056,436.427286649429,231.508119160765,204.392459493884,206.994265881601,202.203679499429,209.371346072573,185.832803832717,159.706641831227,182.576926174721,179.550524026879,172.981864523573,133.056563583373,179.281326428107,213.562763329093,160.168536518374,145.644654331812,142.814339419978,133.997997535976,174.70024293849,374.382109293527,357.138173573327,305.097973583198,277.391100687044,208.407203766773,606.359649577455,555.584057971014,131.123188405797,91.7862318840579,91.7862318840579
7.33989352403557,118.218547027,131.770283043853,426.947212822738,640.256061983678,348.15103495949,377.301150116143,369.585874135417,345.172525861592,275.575507344663,326.487557628317,338.770033461496,421.914079632676,226.365353857778,194.414000041835,183.592495889225,176.44323980691,185.277895692706,164.389286226177,144.154624987685,168.765411976397,169.303454505856,164.559117896843,133.625011282839,181.698028096408,222.268556291919,165.757173769191,146.452448275555,143.175062656637,134.764654346011,264.361741510449,356.383634226108,322.189396484164,268.707514454861,238.356286482869,180.750180430854,519.715262014551,555.584057971014,131.123188405797,91.7862318840579,91.7862318840579
7.33989352403557,117.017981467689,192.339465208234,493.933811759126,659.176362251763,346.775596088786,377.488625383641,369.769137876493,332.559543649515,271.356367829359,328.632437976333,341.731075121265,398.935536147333,201.624316667169,171.304235655585,171.048205668674,168.002323435131,184.349479802023,171.857688396923,157.465734346856,196.769573520239,202.643402117006,210.825043835669,147.848625420366,193.361196269304,222.848070756991,162.795619552617,146.642824885019,143.247207303973,134.917997535747,247.020798915546,311.366978937626,284.272092298596,237.737235756658,223.043643289937,192.953537050238,602.74117321554,555.584057971014,131.123188405797,91.7862318840579,91.7862318840579
7.33989352403557,117.284727682404,296.142870064772,513.115733996214,650.829454827211,334.299537142095,364.342907267732,355.220575383725,323.35435962034,256.779280913612,309.715858774486,319.42521628586,371.424427126484,186.471019937851,168.389537231213,178.232242995121,180.17086109411,209.2965603691,194.323133272837,177.039498686658,203.359668704741,198.717042120214,197.229480506547,137.400732968428,183.480059901453,219.205293580069,161.415096564817,145.205030805134,142.597905477989,133.538022177108,137.234750408525,245.779614072777,319.317794794821,322.25626964863,329.016992712991,226.380749491338,626.600746054631,555.584057971014,131.123188405797,91.7862318840579,91.7862318840579
7.33989352403557,164.415916348311,340.01782848258,522.568661440572,626.164003292166,317.908354578385,347.256810580573,333.194233052444,297.786301904621,237.28663946498,294.644295826771,307.99872890512,361.245459210796,196.797382309165,187.123415798127,199.938393912026,198.200312507729,214.337765543314,192.992713614546,168.997576850425,188.427243456979,184.97188145496,181.370841948113,127.050459698256,174.767038429101,217.230696683896,166.063047468147,145.954469409113,142.958628714639,134.304654346267,138.378526848864,340.361069737837,366.967427424448,342.783260841021,324.320266930303,229.907979884923,625.103281313104,555.584057971014,131.123188405797,91.7862318840579,91.7862318840579
63.6357417288136,216.774761366231,338.853937781712,510.12796436504,578.817163866696,295.091628228076,326.992114692519,316.857408228649,285.629607384987,235.212461329167,301.407466666392,324.230864439929,403.633466959828,218.621257099378,199.260339905759,193.346939282984,186.298929168413,191.375918994285,170.049472761968,148.957450775817,177.433444803945,178.072744979167,177.58532833821,124.16597587371,171.025240468072,188.222112956688,162.289541471467,146.142892543506,143.030773361975,134.457997535747,173.297165601768,374.296462395208,361.582216159689,313.604610024532,284.387458239958,213.450084097955,608.198602721699,555.584057971014,131.123188405797,91.7862318840579,91.7862318840579
232.60751384004,215.287689537155,328.0495845365,449.834411189905,504.313869307766,282.957313021464,319.711355675717,319.55698917863,297.193759849465,248.96486445765,310.120223011646,324.545840259574,385.055787585751,200.552892478942,166.987816779077,165.73510971261,161.284086548713,180.686657786929,164.709514327453,149.76331206885,182.681526479445,183.084621703005,179.86713469452,122.077551323363,148.184774621772,125.139289264414,131.643382389116,134.758198123269,138.602904672131,132.003098420757,211.198227889867,357.960814864403,334.338015202141,284.780024507701,256.160679258632,190.456656308116,587.791542352006,555.584057971014,131.123188405797,91.7862318840579,91.7862318840579
50.6506872215279,202.824675466993,315.574392586514,391.848848273211,457.732573549086,295.155140019191,332.7970934641,331.947796446769,302.20056038355,246.415945161777,303.801392728447,314.269376860905,355.216130400564,170.106634332976,146.357268030104,153.722872696244,151.319687057468,179.602409170326,161.525167143888,144.918768031247,175.050198075909,176.434250373786,175.666518014377,122.066719045399,124.924633314822,123.12748519517,132.363971055756,137.243559032159,139.675226905169,130.609925667206,132.746602452982,248.617724727913,315.196461627831,275.305606027802,253.330515225364,179.870276215208,580.870440240166,555.584057971014,131.123188405797,91.7862318840579,91.7862318840579
6.6833023440595,131.278152790307,307.432461482457,358.126747159517,442.147536211216,299.426110946146,333.330702688327,324.222530155068,288.322587473772,226.251178278691,281.428433197402,289.662763521604,318.370561529505,162.55430910691,152.432845979557,163.436134614912,161.272749868111,180.341500764926,160.996335593752,140.269464534928,171.905885457722,172.138156478578,166.231130496671,122.066666918722,124.193525543753,121.014786282306,129.268382352941,132.303333336964,134.940283654546,126.319777926427,129.036440074668,135.540663827381,199.100824939114,266.360897089372,253.36625405967,198.260540442954,601.085972899502,555.584057971014,131.123188405797,91.7862318840579,91.7862318840579
6.6833023440595,106.816147389995,114.662939876932,322.124007564999,415.187562536659,278.1730703369,309.293100556731,293.749026564893,261.205383949198,201.947549445536,263.631636478421,278.20437412366,321.726877665093,165.978356239006,153.032572058276,159.931737979199,155.292747699559,169.117726351176,149.454105619417,130.623423693905,161.574138037251,163.513067075415,158.721265850196,122.06666666788,124.459382903389,121.676938369781,128.886029411765,133.063333332419,136.333150558466,128.12212605913,130.460692072129,137.218532331747,138.887157310895,205.537918357358,275.671682353947,205.077668601975,604.627007190532,555.584057971014,131.123188405797,91.7862318840579,91.7862318840579
6.6833023440595,106.948141111477,102.828796574571,106.23836327033,333.370074731034,247.543800920577,281.374350581126,268.743616519739,240.227255152795,195.487851503186,261.405227369003,277.214944438991,321.073189907206,156.986962347227,140.305280985737,149.599781697813,145.928227727219,162.551702307412,148.606312524139,136.407608497672,171.621246038187,175.631482605522,175.077338896671,122.066666666672,124.259989883662,121.114438369781,128.297794117647,132.303333334213,134.940283036653,126.319232586599,129.563424700742,137.026431705748,136.86615867452,131.680793569477,143.384245996975,159.571138749028,549.80456528557,555.584057971014,131.123188405797,91.7862318840579,91.7862318840579
6.6833023440595,106.948145626012,102.828804470216,106.094960128843,123.453531921995,206.587640948736,270.673269248121,264.522629696287,235.757917345219,192.030892056641,256.060961982064,268.239991305334,296.304097968009,149.718093148068,141.200546133588,156.671846398869,156.774777063114,183.817508550398,160.969431667419,132.101455803576,160.063874914605,162.825564310843,162.073451821443,122.066666666667,123.994132524026,120.477385685885,129.261029411765,133.443333333941,136.818628780915,128.6557936148,131.371640752132,138.401253766567,139.203859144702,133.905138907806,145.521183580677,158.116590865795,196.407143820808,555.584057971014,131.123188405797,91.7862318840579,91.7862318840579
6.6833023440595,107.214932903399,103.187806740333,106.504223108639,111.35726796642,81.8214413340393,79.4700538781195,226.324857155941,230.141846804007,188.917127935694,256.903457222949,273.17446586655,300.662789665452,152.061841893054,141.858623798899,154.153527444492,151.073516511157,173.297335341718,155.369777652559,134.936800114858,163.381477017174,165.56439536556,159.640858528246,122.066666666667,124.459382903389,121.676938369781,128.731617647059,131.92333333199,134.876716591788,126.521473847691,128.860194064329,135.442718322581,136.76838208862,131.577090761572,141.672665002321,152.40379159262,150.148011512222,155.063771047429,120.07059866907,89.7585760160281,89.7585760160281
6.6833023440595,107.214942028229,103.187822699107,106.59283092807,111.816632211957,82.2093059982584,76.043216197543,76.9183051447578,97.3363229452553,137.127375626816,256.301639583765,270.868384734734,296.719600095972,145.169263697385,131.660487687195,142.54733814459,139.086377629879,165.463978387293,145.782208062545,125.756823363566,156.864906189768,160.193378597648,156.467191530832,122.066666666667,123.395953464846,118.676938369781,126.014705882353,130.973333337633,133.08289379093,124.17601638301,126.892509929274,133.923151985589,134.909088873244,129.815420014887,139.255281930467,149.212679857488,148.802665029258,156.894465173737,116.863026256961,81.8667037388276,81.8667037388276
6.6833023440595,106.948154751309,102.828820429806,105.917846131739,110.090746728455,80.8148230826969,74.7567816611422,75.6168305709462,94.9284874638517,94.4780782450849,83.5435149248159,200.224856896825,286.480630220559,138.64000223751,130.616144647848,144.545219229739,142.412837660187,164.895855278684,146.853951881491,126.727910566945,158.719745870621,162.651429648344,159.484811759774,122.066666666667,123.13009610521,117.939488071571,125.091911764706,127.743333334756,131.224107025003,123.596168359369,126.086078287518,131.864826406463,130.877434087364,125.924616835299,135.693460860242,146.126206077967,145.386357414674,152.552803996059,113.610548471746,79.574860164391,79.574860164391
6.6833023440595,107.081539265094,103.008305605956,106.631743893014,112.928008524142,83.1827912871512,76.9408548438634,77.8828485576798,97.9074165468899,97.3279157617947,86.0231023961169,88.8957308715356,98.0637555019906,130.010110947638,124.776623375428,140.176569103591,137.271802531675,161.121636745621,142.907572337855,124.009085312225,150.217546124002,158.714644239267,159.568805342089,122.066666666667,123.462417804755,118.914637176938,126.694852941176,130.02333333164,134.558886119112,127.533089032639,129.946851002932,136.389949482326,137.05432199526,131.817999652641,144.096689192663,157.540255912669,153.85963972457,155.052985737248,115.319595592892,80.6415303973016,80.6415303973016
6.6833023440595,107.214937465814,103.18781471972,106.282805200096,110.189079461005,80.8317751422713,74.7709435019724,75.4584566299668,95.2027314438913,95.4709530575256,84.405596685162,87.108110492117,91.6496423894256,87.0023453097077,92.4713091572996,89.921001495765,96.8697728886762,131.19761237508,158.027855741856,136.029793244585,170.89650030954,172.87746088566,165.783057803228,122.066666666667,123.528882144664,119.139786282306,127.522058823529,131.353333332806,134.306716663439,125.996972828263,128.712799040167,136.620193232528,139.533265603198,134.226207394313,143.967214645436,154.152731438322,152.354670862322,157.628527485231,117.326079428898,82.1251775038531,82.1251775038531
6.6833023440595,107.214942028385,103.18782269938,106.947126686333,113.676304893029,83.7832443568644,77.496512704207,78.284170503644,98.5117615862693,98.4340063559932,87.000623037635,88.6425687945012,93.2370146641277,89.2167552389673,95.6513598692166,93.1072944855192,99.313736682411,96.8147616386492,97.536345392004,110.430963121254,151.884555045179,175.612273148947,171.132623115647,122.066666666667,123.794739504299,119.801938369781,127.088235294118,131.733333332468,134.897672596843,126.714571307281,129.430396037034,135.49437964845,134.157220974254,129.053740802932,137.767907956654,146.712377298031,143.311784932578,144.409310116052,107.482727665579,75.2321197768952,75.2321197768952
6.6833023440595,107.081548389925,103.008321564729,105.967473227372,109.443467261368,80.2340084695816,74.220880839252,74.8758239841419,93.1983185511134,92.9255817252473,82.1670106498755,84.8925116685163,89.2772644553401,84.6954164578594,91.5072538746894,89.3817517328214,93.8215184258772,90.9467303136571,91.7260388938276,101.116360384721,97.3743125092279,98.2700762158249,106.144192174188,103.852532521928,105.194744726299,101.079417155655,106.208275483885,112.691998331667,119.388920011759,116.132694353561,119.975911938296,126.434216697679,126.633250836819,121.898734757192,132.238790845985,143.634623513787,141.766156471093,145.982049004284,108.88594211499,76.4101013278977,76.4101013278977
6.82854827175116,110.168404482463,106.269207274879,109.991154005315,115.664451228136,85.038675656053,78.6379486929886,79.4822589445157,99.0450594517844,98.2999742202163,86.8162835558647,89.5702102343025,93.724012858395,88.0282878930126,91.1838202171675,87.8947401792449,92.0105722983032,88.9619293889296,89.4652700191098,99.5960545060756,95.7333243030038,96.4477013474367,102.574942556041,98.9845035990227,100.23063069711,96.5909199130936,101.391111487648,105.09987685283,110.282987261813,105.937283449386,108.581761059588,116.258889454838,120.392088522045,115.997311427932,126.390612586279,137.984325170969,137.62272752238,144.927638784276,108.136546510417,75.9070238731769,75.9070238731769
6.82854827175116,110.0351186532,106.089894691961,109.631918411898,114.704897692423,84.2626853485944,77.9446029202008,78.5806399376311,97.4441583182425,97.1135367609794,85.8550489221057,87.6556428691174,91.2934476909787,86.4199361017684,88.8571269436391,85.5635728643031,88.8275003107814,85.64073188097,86.2048458789445,95.1588208007015,91.8305454932859,93.0762885038117,99.3272503675537,95.1691004762553,95.6864433572815,90.8788829205381,96.0308474497521,99.6085386942606,102.667617924362,97.1531260608047,100.44282408733,108.018298276482,109.777300299772,105.969401894957,116.127334009555,127.493220836821,128.586652597927,138.629335457398,103.382841137283,72.5219043467096,72.5219043467096
6.82854827175116,109.634933178624,105.551383314252,109.305872319864,115.71888704424,85.220173036784,78.8301781509171,79.8437187023263,101.159308887243,100.831624631002,89.1383898614184,92.4922861475101,98.822912471452,94.8662350972291,99.1632982261636,95.869990927412,99.9197775881503,96.3892367863921,96.8822432563183,106.21892564692,101.487595610736,102.561542763778,109.957405672771,105.371535661596,106.017447899672,101.710984374051,107.782334081122,109.801839005523,111.723048971979,104.013588257322,105.178068226575,110.58285318306,112.869424059314,107.997704856956,121.126166246546,136.031140469619,134.742320228708,140.544066720418,104.376456011278,72.8976424593021,72.8976424593021
6.82854827175116,109.901706768455,105.910361645666,109.095066902548,112.792507305942,82.6767206377317,76.4768827808563,77.1811783953619,96.374941555465,96.1504720677109,85.0045661122094,88.0396779558246,92.6601737131835,87.7367383443781,90.8754990720086,87.7333208001836,92.1189610799644,89.3196813510269,90.2344979509375,101.496294394441,98.0106350184079,98.9704086941281,105.595897859746,102.440836667597,103.75474253529,99.7006850689657,105.945550476008,108.984214762163,112.136490033428,105.882641711742,109.348322851424,117.043562681516,117.900311536612,113.370672573105,126.302820543402,140.971748991082,141.321873847304,150.857286668958,112.246238477773,78.5354629523741,78.5354629523741
6.82854827175116,110.301896808666,106.448881008391,110.306869340743,116.427759647382,85.6541319034258,79.2245697950654,80.1308506745593,101.563694995335,101.550091630899,89.7469834784133,92.7147897532427,97.1575596263872,91.5023061401842,98.0140652208837,95.3720515339495,99.2798545054858,95.7281959423106,96.1994910044409,106.506241755314,102.288088886506,102.900762945717,108.833320055731,104.575788707332,105.172735984996,100.608433118954,108.610810963069,111.828717846013,114.33866036792,107.032725041777,109.163090097222,116.086765366922,118.880867329766,114.292230440007,129.686704723783,147.644929817756,145.418145558222,149.21985904561,111.097104412041,77.7783626772225,77.7783626772225
6.82854827175116,109.101367748677,104.833394732786,107.601640846048,110.408612696812,80.8584339351565,74.8063706908977,75.3459661806736,93.7404697594998,93.8101047730318,82.9769432228628,85.3073953948453,90.1321940505758,86.4041378150767,92.6782664963281,90.3741681109433,94.5949423302012,91.609263787262,92.3039481457734,100.142106370995,96.5556750617281,97.7374178142061,103.976542571926,100.022782232129,101.016673343031,96.6473086111252,101.534380400027,104.501763720518,107.068760404407,100.766831782472,103.49724976396,112.122135242382,118.32450385849,114.335757561889,128.36503728687,144.585237997113,144.249687424792,151.933454495557,113.265549008487,79.4044367955131,79.4044367955131
6.82854827175116,109.901688519106,105.910329728664,109.27214702251,113.716362713704,83.45768383826,77.1907483596249,77.9241279009001,96.3127359403039,95.5057378478902,84.3975763358002,87.1322345137373,92.3097373701425,88.0321990399808,93.2463864662918,90.4794098899833,94.0367532921316,90.662175139814,91.1142772518492,98.889214617959,94.7554526432866,95.982452549689,101.852465358447,97.0392218944248,97.9125395941275,93.9085494423922,100.858062011193,104.056239982489,106.676908863148,100.415958293887,103.543447158229,110.123811406963,109.770321045247,105.795274829779,122.33438274669,141.870442326349,142.655899226371,153.053075894856,113.959633229573,79.7880335767443,79.7880335767443
6.82854827175116,110.301896808042,106.4488810073,110.174008429296,115.730707213417,85.0642328264433,78.6803026128705,79.518793585026,99.9926348332102,99.7657383775908,88.1766068920656,91.0482563898992,95.514760649131,90.1540348016859,95.9070725932883,93.1707075114546,96.8290582857682,93.3172642027076,93.8449018570099,102.351010663105,97.7067070800821,98.5015297724477,107.874565064178,106.087756332534,106.310437607059,100.630920800353,106.302584256103,108.470773201491,112.508769302958,106.727977370765,110.085076446677,118.851220088565,121.385737868954,116.304456043002,128.931142730036,142.932169998141,139.71251986361,141.528269233438,105.068091714165,73.358175199981,73.358175199981
6.82854827175116,110.168516857607,106.269403812174,109.770136399481,114.522239640132,84.0750483570972,77.7712511705848,78.5447272096891,98.3870557895861,98.1505939966296,86.7728770431483,89.6927559544738,95.9651765227458,92.6148311246979,99.3897389281116,96.8444309554804,102.275219369609,99.3303802629051,100.116252991587,110.461573087331,105.76723590967,106.564221750477,112.383233281481,107.74169958467,107.919647547015,102.216598163751,108.909964423747,112.724201393609,114.70599889261,106.791273925349,108.773470080607,115.36112625787,117.309821337143,112.426402529525,120.793533112669,129.859092681159,129.639405138305,137.017763800743,102.122563455175,71.5918639525191,71.5918639525191
6.82854827175116,110.16851229566,106.269395833606,109.947267340054,115.450952421458,84.8608911308544,78.4955283791787,79.4218557786429,99.686160953065,99.1246646811502,87.6221967662982,91.075701996206,95.9183417211921,90.4923168700134,94.5623039925773,91.4389017471685,95.0295678597559,91.6302159870729,92.200429701936,101.019447674937,96.987690421897,98.2133568350877,106.006103122134,102.648856740145,103.769016655885,99.4023728551699,103.863677381913,106.914767909984,111.302126634589,106.501909945403,110.147264492982,118.19365189053,120.416734767752,116.343894469611,131.616302621765,149.084959624353,146.477565859948,149.544630312177,111.227210484145,77.7844811692352,77.7844811692352
6.82854827175116,108.701182270725,104.294883349174,107.674177468882,113.515599818594,83.5874762449905,77.3288265562169,78.1418220254375,98.4865076655778,98.4501469475874,87.0661976251837,89.2543923651332,94.1330262627655,90.1313697303902,95.6034077974567,92.8576406555743,98.1451392315322,95.3400969963762,96.0956534223186,107.536395405658,103.54174011927,104.590736035938,110.343533713259,105.337379730276,106.679626865811,102.75686644041,105.271935977703,108.4721160022,111.982522961825,105.564016108641,107.25071749335,113.169015697325,114.954648074826,110.061648984789,119.709802848522,130.447402600583,130.485084054481,138.602753025802,103.284666768895,72.4087180210165,72.4087180210165
6.82854827175116,109.501493915855,105.37180238546,108.990354005928,114.964211548775,84.6133420552575,78.2613254874273,79.1673289992859,99.9679731490961,99.7390603258044,88.1478494720897,91.0119982737865,96.0246542956692,91.2238953591637,95.5289346306701,92.425673123615,96.6617901150452,93.4580968504306,93.9633703444156,103.101832647684,99.1990168244204,100.116391194095,108.034541897871,105.093075530217,106.558886114847,103.079840837245,109.035634159408,111.567031066134,114.911142253335,108.723532752765,111.980342861277,119.216871465636,120.018685296101,115.760347417802,122.544654362415,128.935378503672,125.725959474716,126.322905516517,93.8070178357402,65.479310311648,65.479310311648
6.3858466428279,102.399004524337,98.5359815786656,101.952412274516,107.723094925928,79.3151698740235,73.4123062851462,74.3496543257144,95.5923419967821,96.123965735636,85.1257101797438,88.4115814493864,93.8444971855592,89.8987054364844,96.2728660756167,93.7863884045238,98.2562571836404,95.0716823305426,95.6214953751196,102.496601998056,97.9989882404246,98.9158628456222,104.135732124819,99.3519379491477,99.7268637996083,94.630478641423,99.3849766289383,102.375939482051,106.861035345053,102.009625667672,103.866033314277,109.187137098775,110.580946497117,106.875404079077,119.617683218582,134.579394854482,133.708878127008,139.229069406321,104.019567191895,73.0827254758216,73.0827254758216
6.3858466428279,103.199116633028,99.6125516378479,102.780691277227,106.582269363571,78.1445125738581,72.2798756565746,72.8954800179365,92.6110698118768,93.3094285015401,82.47522314609,84.9174808421056,88.872861371211,83.9557107354006,91.6815633713747,89.7714257197346,93.1750566636558,89.8654793962301,90.8608800744013,103.123454778702,99.3158305012688,100.302486151305,104.940946560124,100.07861114459,101.673156203878,98.2237426888303,101.839523908778,105.268236811413,108.77647686395,102.896388291683,105.389516419592,112.346717934966,114.556917015306,109.771498027064,121.768230870538,135.286928575743,134.16825950397,140.164963668308,104.253008269652,72.9407918254577,72.9407918254577
6.3858466428279,103.999505830676,100.689606308772,104.761460308299,111.531768585266,82.1355155494891,75.966336668107,76.9562929176385,99.1100324663187,99.5177994023854,87.9371544989527,91.2144709414128,97.6412801938324,93.7618686306643,98.1106772515795,94.8352278486639,99.2825202495429,95.9464866631108,96.2778301658269,104.458630260987,99.7816709060596,100.34396523632,106.25483766822,102.05609412775,102.568139321023,97.8843633394787,102.460710227857,105.155052746934,109.550822322017,104.508721687138,107.757631091177,115.617678730439,117.302056645134,113.068786987142,124.149767094736,136.38376247181,136.689680624857,145.7034309384,108.402864036558,75.8267318364426,75.8267318364426
6.3858466428279,103.332565013022,99.7921485121127,103.671974049191,110.363342267027,81.3134484480499,75.2199199772226,76.1326041054718,97.5925161432124,98.0050299414643,86.6541804984669,89.3675793268457,95.4803607155863,92.1949443995852,97.7509511331792,94.9339579071539,99.281133106714,96.0194308775078,96.7972058962761,108.368122195034,104.444370370883,105.208077033165,111.188754030209,107.097705013199,108.061054926306,103.387040630778,108.071724089018,111.442355096953,115.242203536598,108.955704669222,111.10836617862,118.28282213163,121.470517038274,116.270801255235,125.779178632457,135.892496692866,138.030954736907,151.768459158589,112.80691244869,78.8673657223283,78.8673657223283
6.3858466428279,102.398786731568,98.5356006723511,101.995890591941,107.921981898508,79.4783885878912,73.5251710236006,74.5596373670308,96.6059822369173,97.1246135235949,85.8864506244217,89.6258579780439,95.3614344917705,90.8550947207946,98.8198843899123,96.6384627654414,104.406241506598,102.371413265314,102.944054907761,112.764256971707,108.626264731218,109.894045037233,117.157290307364,112.309717469295,113.613175561447,109.571748178826,116.761344334584,119.916870043198,125.599938711314,119.862809457502,121.527924482827,126.825135833694,126.744833138095,121.444119236534,129.191939630453,136.91291226156,136.460567744285,144.144614997564,107.061700412564,74.7568910547982,74.7568910547982
6.3858466428279,102.265361155265,98.356043680355,101.94614491338,108.563928829106,80.0538740186505,74.0500786991484,75.0456927091874,98.1711430571095,99.2614619322003,87.7468986672998,90.7606987921659,97.0064517714376,93.3979825316407,100.409923305658,97.8484579332007,102.214359711713,98.7588827351232,99.3302386223039,107.993693118713,103.252443581147,103.963176853688,109.519482377933,105.029259216992,106.368838988263,102.625295305411,107.020193515889,109.809950081109,113.573493121599,107.981977006525,110.824515106356,117.848582639205,120.378972137219,116.617350794508,129.463158810335,144.163997897244,145.046553561395,155.327274403366,115.910194139114,81.3447953168306,81.3447953168306
6.3858466428279,102.798931146223,99.0740402387519,102.764653927775,109.225358391773,80.4810997597528,74.441267754481,75.5717757696318,93.9989484577854,92.3224231697249,81.6000292991608,85.7090927236585,92.2641026062536,88.4143628036432,95.8867148470756,93.708475632464,99.28485419424,96.6474595919836,97.5529265114691,109.463626337187,105.794345369002,107.37967934045,114.947306731711,110.49748907605,111.54751946963,106.596107023737,112.269350944667,115.819401700846,119.272978844636,112.336144554892,113.350856727959,117.061583600665,116.564359920069,111.509484007326,122.018397505023,133.524435249401,133.094561275662,140.734260036387,104.603792726072,73.1409756706742,73.1409756706742
6.3858466428279,102.665555757111,98.8945710211028,102.449372773324,108.481807281783,79.8853906793634,73.8954193817818,74.8402815030082,92.6100487780314,91.228651567617,80.6518758737376,83.7906895662235,90.4180565929763,87.6922869347509,94.7403775966245,92.4777837452594,97.8993536440497,95.1889213664382,95.8974228795934,105.888131107398,101.760730516325,102.326650476926,107.061655138988,102.7414994737,104.062085739217,100.299651624864,105.219960451089,108.811993976799,111.419798082673,104.786785475543,107.559649160646,114.263857896985,115.709392942903,111.939025663702,122.338598869108,134.049257786971,135.246234440951,145.595822268033,108.659804764713,76.2424751298403,76.2424751298403
6.3858466428279,102.66555119532,98.8945630428076,102.759364623612,110.108500037153,81.2620685951058,75.1660194666573,76.3837524761882,95.4703399731618,93.7950849621128,82.9078356292725,87.024772359698,93.7689445202598,89.9756837339201,95.4859825164191,92.7075404074234,96.9715344265471,93.7324881196609,94.0980792998362,101.124280894135,96.7928018167289,97.5366172166021,103.403308951852,99.4364919129389,100.398104298949,96.4089820033104,102.507933515325,105.940993640386,109.6335466672,104.210858867164,106.235219282645,112.36983764195,115.835022591565,111.929923264132,124.692985972112,139.097938820851,139.323433746885,148.219424354327,110.308768580487,77.1837523544323,77.1837523544323
6.3858466428279,102.398763917931,98.5355607726876,102.527249522659,110.70895861271,81.8367779487052,75.7000965511087,77.0566443291686,98.4934850895774,97.5213109477378,86.2113194571208,90.6817787252324,97.2520929332134,92.735654043877,98.3244048536951,95.4447230460701,101.358667555432,98.6054749130045,99.2314292661882,110.19490648478,105.725953888654,106.08936576966,112.216370698111,108.585170627485,109.283171816936,104.4414816658,111.172200089392,114.790417496641,119.643160705384,113.748870464568,114.629559622376,119.780490883601,122.461035982407,116.842374296825,127.47771614162,139.02662371031,138.993883793339,148.098144424197,109.98903917691,76.8358783795521,76.8358783795521
6.3858466428279,102.932329347566,99.2535493536081,102.725724025149,108.113862532024,79.5075013035102,73.5434796498487,74.4697615346896,92.1517547913229,90.8112508988075,80.2781947426703,83.7483040770697,91.1940070075573,89.0464614440228,97.1279549609493,95.1044750773559,100.906316921731,98.292458079559,99.100585759745,108.520392236232,104.47206598264,105.575020794628,111.40363711736,106.758521822076,107.886719693666,103.554028317784,109.47260213669,113.052064426767,116.13984670437,109.276256936271,110.944845589307,117.280661317761,121.033944564664,116.693756090939,132.6450926245,151.332110262686,150.584672092958,157.822368375585,117.609385251283,82.4165711592107,82.4165711592107
6.3858466428279,102.131985765217,98.1765744610684,101.675150725162,108.052620915106,79.654689361474,73.6854142365062,74.8554395161595,92.5080970166843,90.4330849727563,79.9583401877255,84.2290951830169,91.0166807959461,87.4542182581532,94.7357008448838,92.518647536387,97.9505110041365,95.2159361504518,95.8378559301291,104.753826171716,100.400625764772,101.34931320527,107.635916075053,103.575891398917,104.636191672166,100.299900615375,105.706337892241,109.806994876076,114.109601454282,108.70742037023,111.78920388129,119.166044490615,120.851062364447,116.52692893931,124.039026816358,131.649424187581,132.733148770595,143.187112146531,106.608518720357,74.6343088212679,74.6343088212679
5.96702105681286,95.8054853631673,92.2381564140568,95.5051435626787,101.079986275965,74.4398943200434,68.8979676484049,70.0727584660505,89.4124702417897,88.7386979614935,78.5819719394103,83.5170412582224,91.0758470802744,88.1964266830238,97.7362994467694,96.0678821820014,102.36537471471,99.7533066957206,100.330876973239,107.723328984747,102.773981898581,103.928064237682,111.634442417922,107.497935690844,108.19843390045,103.506674973154,110.236748105401,113.055406637611,116.421203387474,109.757131678259,111.387779774983,117.576543807318,120.815658505835,116.131196805301,128.89838021694,143.277316837563,141.967503189732,147.807568103326,109.944470060162,76.9061733430779,76.9061733430779
5.96702105681286,95.9386561863444,92.4172678583219,95.7753782056212,101.558047772392,74.8058624010942,69.1942156635574,70.2232817177027,89.1208519454126,88.506151766454,78.2348347362042,82.0234448157615,87.7764918362597,83.7104934751277,90.4855844782674,88.3251248609512,94.2241872384439,91.9234754497153,92.657728399873,103.555497555083,99.8925371280957,101.19417907461,106.581766174088,101.430965225453,102.546771858001,98.1485194544701,103.71348297472,107.817846165934,113.351156510986,109.047722234338,111.179213047917,117.541723840713,120.664909313555,116.031262981931,129.659522296597,145.334623252161,142.780347847905,145.692955155907,108.557005864281,76.0812699786082,76.0812699786082
5.96702105681286,95.271692548057,91.5197701497626,94.818668123834,101.080775443069,74.5677791389783,68.979583182003,70.320983239669,90.0017717654263,88.8874010577602,78.5912086590702,83.9785129362447,91.9259633310874,88.596401132508,96.8053120081742,94.7527789754704,100.40118481925,97.6026135019253,98.1963563984317,106.37537710068,101.339825731733,101.988083422269,107.072167501673,102.242259811003,102.82563351452,98.3176632584089,104.271514926939,108.137921475677,112.063965632373,106.281626828216,107.927910970851,114.088816119671,117.599426966579,113.435114030044,126.846336596881,142.243732662979,140.885989342137,146.173067327254,108.883302179315,76.2586909319021,76.2586909319021
5.96702105681286,95.5384570133694,91.8787325229478,95.1392724641936,100.942665533851,74.3839986566957,68.8037255360351,69.7811500312803,88.4299771912607,87.8838390294805,77.6848367156864,81.0282890909548,86.7994832076713,83.2273099137051,89.305106411944,87.0154007897156,92.0551208239943,89.5062214592692,90.3138282401722,100.719796375012,96.901855094177,98.3503898885252,106.24618315106,102.794101314744,104.530554363421,101.119545844209,106.415192110416,111.034483576153,116.221377840473,111.400281901111,114.206388833013,121.871603701294,125.20982147619,120.229257033326,133.640363788917,148.515316073833,148.169837865715,156.980235198534,116.56338617646,81.3960984188605,81.3960984188605
5.96702105681286,96.472221607734,93.1352564248218,97.2581747991167,105.70659954671,78.1844681595744,72.3109810878848,73.5580061337052,92.789100408162,91.3569123520564,80.7211977252203,84.4427880602144,89.9325585331819,85.2832916286487,90.48642886276,87.8165170558765,93.122668856081,90.5479279799573,91.0620744482707,98.8202192684921,94.1554966253096,95.3400146411938,101.823424273732,97.498991181599,98.6956368953163,95.1911191499423,101.220067919639,105.240884671411,109.529057587846,104.373847333523,107.922858919243,116.54602673556,119.120353018671,115.01538207282,126.641599584106,139.866299407944,139.39225532341,146.356963921319,109.194000134536,76.6087530638512,76.6087530638512
5.96702105681286,95.4051044360218,91.6993032016872,95.2226587360229,102.298301553529,75.5660530338192,69.9078856417935,71.3381055431539,92.1664455747534,91.2787780738301,80.7254389908354,86.2654543783743,94.5344831650499,91.3287761259755,98.5742251612306,96.2009337321815,101.343566552274,98.2708088853828,99.2419578030053,112.600828906521,107.75207453791,108.8695329849,115.571732162614,110.183142715859,110.808146354577,106.065475144452,111.791208624047,114.887269152706,117.488709012603,109.846593367754,111.66436484716,118.04452695775,119.472872604428,113.923031118099,126.237794571102,140.044039687197,140.903157461443,152.15067226474,113.060083019825,79.047962208303,79.047962208303
5.96702105681286,96.3388234081069,92.9557473129676,96.2785044047758,101.471631975022,74.6330902358153,69.0307465481041,70.0232981205866,87.7861256344993,86.7262658773472,76.6518243213957,80.650470085159,86.6622605314614,82.7995667746745,90.6916992733162,88.8820076482813,94.2753905577321,91.8235458165656,92.6666681742039,102.734333440774,99.0858036462006,101.075490292385,109.525991868644,105.317461849554,106.496784684216,101.966967336131,109.015165715069,113.721901878816,119.030375687456,114.032222623897,116.624698985591,122.465471558038,122.564000033585,118.333251576347,129.183224816724,140.950085682996,139.390452949416,144.311866664034,107.322042837468,75.020216365118,75.020216365118
5.96702105681286,95.5384935120669,91.8787963569511,95.6708516184437,103.739255506427,76.7519923822846,70.998424142703,72.2530261080847,91.7552896554942,90.6026081000054,80.0981525636395,83.899791111848,91.4095692988675,88.9131576674785,96.057177874757,93.6928669177121,98.7792582327163,95.7771789963779,95.928548215473,101.339459050125,96.8983550471976,97.7680662995951,104.458226653666,100.486727210489,101.300255503282,97.2338907336931,103.369898575002,106.791272184073,111.111418224322,105.919166966554,108.693408809253,116.45986605791,120.143216187251,116.29146275346,130.503202276211,147.025407806396,149.757202906168,164.472595208593,122.686495589128,86.0453207618,86.0453207618
5.96702105681286,96.2054343317497,92.776254157158,96.5831900062724,103.982273715557,76.7915592281374,71.0280055498625,72.3985430020301,92.4642867707282,91.2245000497865,80.6287158141564,85.7425474312434,93.7369335275511,90.4642783081527,97.2012191152911,94.7216348143128,100.811012973264,98.2133343323434,98.7723987518102,107.278317120838,102.732734562195,103.962476882803,109.6871999636,104.147952016345,105.106367259228,100.883467890227,106.966959397355,110.731044440825,115.014980751658,109.158338211203,111.222869316978,117.201643460407,117.930821389843,112.871504186283,123.273010805404,134.745481385902,136.127576470829,147.883909236826,110.030560428442,77.0099384695994,77.0099384695994
5.96702105681286,96.3388507815058,92.9557951873784,96.5886148287302,103.104890153248,76.0163415546822,70.3150722501943,71.4821683520938,90.5648825630199,89.5257321832109,79.1419964651143,83.5020600082849,89.989474286052,86.0980853593886,95.3305879734014,93.6649059408855,99.5535405755606,96.9813242235144,97.5330817476612,105.376872069187,101.292629338681,102.487114848917,108.349374964563,103.533516183121,104.607319805548,100.338163769041,106.628939869092,109.78292868641,115.830956020752,111.479094973026,114.689884709667,122.739077788143,124.550819519851,119.883777282295,131.909638278234,145.316036760695,147.968125260871,162.990211458611,121.301511478494,84.8811392030124,84.8811392030124
5.96702105681286,95.8052807902359,92.2377986284356,96.0358276314423,103.838642669224,76.770001080454,71.0148049829266,72.2177724823312,91.7118695105167,90.7063991282675,80.1914451603827,83.8874878103424,90.9511736237065,88.1432727203712,94.091746411617,91.5154798611342,96.8547574923913,94.1202728087623,94.7735100516596,105.830221253302,101.908284249291,103.488023355059,112.069778264433,107.893232556863,108.933872520149,104.611222043017,112.754649651491,115.728174644647,121.876051598005,117.328549183387,119.513006033517,126.041739859345,128.376462507113,123.095043542376,138.273814422226,155.397086050515,155.460062215369,165.733299966651,123.065438024659,85.947665287708,85.947665287708
5.96702105681286,95.8052625407311,92.2377667111611,95.5928901748978,101.510741983436,74.7992677991275,69.1913173994213,70.3253396748327,88.7674873334413,87.628843476105,77.4739381679473,81.8522113275705,90.2023740755055,88.3442057276906,96.323084732494,94.2756162846424,101.068689945457,98.8138646701653,99.3112368218776,106.454522961172,102.189643276229,103.652516400097,111.042408390849,106.299040240159,107.006584062293,102.255134541055,108.491634039778,111.400165064738,117.191453254676,112.435078457592,115.388807535108,124.786674425864,130.285114569677,125.684150057545,140.890657234369,158.573963060981,158.991802026459,169.176375862365,126.155048393571,88.4555403939464,88.4555403939464
5.8456511720294,94.5615947301942,91.3103806082531,94.9158346363109,101.304625993791,74.6773023817425,69.0833327178289,70.0314271757895,87.5732532634647,86.5635048840719,76.5427886568921,79.5927324642532,85.6000579503932,82.6821435733594,88.6282285959809,86.3221345152367,91.1798391431775,88.5812043826267,89.1433339616352,96.3961613181622,92.4895651188301,93.9291967464782,101.504001470577,98.1175933203449,99.5525857696882,96.0050332658192,103.464867723507,108.302235957143,113.328560594631,108.840344799789,112.329733638623,120.634244974855,123.957938746188,119.77803388463,133.395670538702,148.783772056519,150.628004346171,163.863620754876,121.987130830822,85.3888534868732,85.3888534868732
5.8456511720294,93.6277948591324,90.0537950095801,93.6382537455852,100.954429924353,74.6119822121845,69.0219532051427,70.3127564089449,89.7486934549991,88.6632400866578,78.3975748356652,82.8987457067028,90.1468110888811,86.9663483735703,94.3674455900597,92.1855974898515,96.9366933267243,93.9003235794638,94.608569713507,105.57772294075,101.00436242951,101.92183042762,107.561657562496,102.461374146952,103.01415752617,98.5545013867066,106.578880990666,110.073683222906,115.124941121591,109.82953934314,112.905703815853,121.818141466497,125.014011514793,119.758616592192,131.611645043494,144.954341318295,146.631151161749,159.528497926463,118.802573987245,83.2250274475559,83.2250274475559
5.8456511720294,93.2275820048582,89.5152357464455,92.6478014485336,98.4762411742959,72.6130399082859,67.1715722847504,68.1526458515288,86.8167614211754,86.4484865883159,76.4387658274902,79.7145346309756,86.3683510349342,83.9493907347952,91.9557397232439,90.1127511817381,97.3303903093662,95.4652136648949,96.3475930654509,105.085803152532,100.052523937166,101.225001112907,107.195146326675,102.534920350038,103.561135056276,99.2988520027576,105.125415373454,107.704635251944,111.772178367132,106.018847944114,108.001232224434,113.03330557441,112.579810320069,108.311737058017,121.375841112938,136.509344834902,136.009607544622,143.01404249362,106.584882558016,74.7130444185697,74.7130444185697
5.8456511720294,94.294717425451,90.9512208857628,94.0633676928012,98.6330994166967,72.4800478836368,67.0375441207427,67.9947647145822,87.509571631191,87.6114149768211,77.4275042379996,81.5239788382203,88.7115401141958,85.8233298136726,94.4073275977022,92.5764697488695,98.9452226599845,96.5692848260385,97.2316788855597,104.541235770559,99.2128772367277,100.166993018666,106.573487297893,102.3307875314,103.581701572882,100.179156061337,107.908686746469,111.17037710328,116.225634544737,111.182925966367,113.109274845761,119.541305561239,122.938114818648,118.46620369725,129.679464556576,141.885982930804,141.579201771172,149.623807432156,111.215034604154,77.7044362160735,77.7044362160735
5.8456511720294,94.5615412015372,91.3102869898859,94.5170531600327,99.2022651516772,72.8963864040501,67.4270785960998,68.2496563523181,85.9114517618506,85.4714671268026,75.5492529597279,78.7742513571161,84.5404611643704,81.2217119229405,89.5614984933121,87.8917821238094,95.8991300506146,94.465713192306,95.1666652057077,107.016541350012,103.851652100575,105.576864016407,112.79121097984,107.690856297001,109.228215652246,105.40073077319,112.020308066663,115.736842906606,120.874792493838,115.191489092009,117.298637598919,124.583910636208,127.87502097322,122.138064485391,132.817091898245,144.387387341167,143.45398780838,150.706055334229,112.034752082131,78.3627671006002,78.3627671006002
5.8456511720294,93.3610075800689,89.694792736531,93.1404168201295,100.157060161669,74.0031357232669,68.4592436832134,69.5615161381378,88.3276675430197,87.5262471472517,77.3919267687733,80.7723540108054,86.209775094134,82.3152050099397,88.5428156866706,86.2808240326588,90.4424171299196,87.4995572308205,88.0435364702881,97.3912582402179,93.4946660962271,94.4966617944128,101.595123816866,98.2316511895039,98.921279948363,94.4812717728639,102.243932695231,105.734083262055,110.372571234986,105.976381525596,109.153042913496,117.140993538394,121.559957313869,118.022173906779,130.141740166145,143.726274244433,146.343657632883,160.643725386576,119.771325516919,83.9587975373822,83.9587975373822
5.8456511720294,93.3609665186441,89.6947209225952,92.4759598155898,96.6629926294159,71.044821367427,65.7194535870427,66.7511166137878,85.420124028024,85.0453397159619,75.1951459003601,79.8079454989082,88.0729756153247,86.1309388632384,96.1982178475401,94.7513771423874,100.061241973308,97.1817773262427,98.036077513248,109.545339714463,105.089928412449,106.030994018135,112.163177641355,107.193587848093,108.321883108059,104.691553848784,111.600900281707,115.572141027023,119.874112467853,113.31559224694,115.154875348639,120.387421972305,118.802390192693,113.599283684531,123.630895632086,134.573616877935,136.843113397696,150.707090036426,112.046855310851,78.3448404738876,78.3448404738876
5.8456511720294,94.2947219875541,90.9512288646038,94.5948282681715,101.423273528339,74.8416191448095,69.2188486070094,70.4658754290349,89.4567438599376,88.2138415379172,77.9427390190611,82.5579005238324,88.7542152682379,84.2000490668266,88.4953806470096,85.6646177357499,90.8865521165873,88.4127981281263,88.7897861439105,96.9528052079116,93.4331630675883,94.6542928949781,100.475326270992,96.0890716919805,97.5098584908377,94.0375718721554,100.710224404442,105.962068575531,112.033803764738,108.646949594643,112.511265080391,121.661068503861,126.003512806377,121.957643967032,137.783708711587,156.093581298093,157.476374111168,169.866241292851,126.559256478513,88.6536128007039,88.6536128007039
5.8456511720294,93.7611793699952,90.2332801806176,93.6878469503482,100.30457599421,74.0285844410946,68.4805824898352,69.7360270162254,90.2037330003982,89.7811224581581,79.3814868652157,84.1004644157675,91.889687476544,88.9777011047231,96.1507348140496,93.8415916427271,100.469765245098,98.0978577950502,98.6758369450957,107.338724725174,102.479314185858,103.193563339903,109.492268903519,105.21066288146,105.992799688338,101.886204090043,109.79474522214,113.08435836649,117.476328404823,111.253088790548,113.498332575145,120.539874806663,121.977154507581,116.790588792368,125.032301444039,133.622720401326,135.426672948217,148.050372134396,110.125713566307,77.0474369074693,77.0474369074693
5.8456511720294,94.0279483986593,90.5922505348276,94.4513379312974,102.492309042496,75.8134830390697,70.1240055775565,71.2718250941094,90.5025490861951,89.6007491491522,79.1925558713748,82.4020343150916,87.4120345008055,83.0045035083508,90.7087654467706,88.7828599114187,94.3131668471796,91.8465040204564,92.7501601302942,105.260744259021,101.398407939707,103.187135767826,111.95745988863,108.008265974058,109.45980993434,105.369695407928,112.651725918705,116.756108094461,121.015307467102,114.834343705765,117.73347035821,125.26393702728,127.049687877468,121.728615278223,131.579462946386,141.925298090717,143.798096838231,157.385026005722,116.934483724247,81.7257990253728,81.7257990253728
5.8456511720294,93.6277766070166,90.0537630877391,93.0624553702149,97.929163062304,72.0510332315242,66.6535031445723,67.7729943668662,86.8642759939774,86.355128852928,76.365225648234,81.2246079522097,87.2999047136761,82.8993750727335,91.0803610850479,89.3462911639338,96.2585338924383,94.3051267150298,95.0970963203352,105.150131587514,100.909616458105,101.793522153553,107.011591266773,102.142092934275,103.005871590072,98.7732301840552,104.915077609017,108.089010946113,113.901623977005,109.577273355617,111.791418351172,118.418594519472,121.067940961265,116.951249828702,132.431151036016,150.759601630385,152.665823367079,165.626747020181,123.643687209096,86.7899152905979,86.7899152905979
5.8456511720294,94.4281247517811,91.1307459596656,94.2901934890172,98.9165581101087,72.6870901172677,67.2299377516378,68.0503700985043,84.9828024984083,84.1985737856273,74.4120579842256,77.615782768651,83.9115565797879,81.1961799393698,89.18209409794,87.4299684669382,95.2937859239637,93.8315639708525,94.3627535370488,101.083502212275,96.8758888239224,98.7492562415194,106.416830443955,101.597607650393,102.78867608423,98.7647135504981,103.833660494782,108.20817011081,112.841807681598,107.634653302364,110.063728811721,115.931724913564,116.175382777351,112.009672071143,122.601338122111,134.244614076737,135.15970390711,145.419158212055,108.230854090261,75.7458297514624,75.7458297514624
5.37011998410734,85.8750685133381,82.5447989431935,85.517301604514,91.0644190261856,67.16280477013,62.1803372629231,63.1745965155318,80.9159248174189,80.6962891720643,71.5168231034122,75.1884240516511,82.2270765821323,80.6942809105254,89.1510818150766,87.5659640502385,95.0087617769582,93.2922248806415,93.9204656517543,101.803088229067,97.2875830394666,98.5329749834523,104.954602825482,100.253069057394,101.251254057962,97.3129508567251,103.456151054879,106.27438844044,109.012949055062,102.615611178333,104.321557032627,110.006487256546,112.790593186738,108.603548023679,115.861115207199,123.395520115759,124.243593056308,133.624405741993,99.5764764753453,69.7936091981486,69.7936091981486
5.37011998410734,87.20870505907,84.3392858897415,87.8282250280701,94.065712562408,69.3643286280649,64.1514730208405,65.2950134096887,85.7096399591945,85.9779801666977,75.9661934635234,80.3618007509092,87.4022338506292,84.0932018757113,90.4905849776202,88.1703489796567,93.7981596944323,91.3124857122645,91.6131411755639,97.9963255418027,93.5834524061128,94.7108213850049,100.344168300397,95.3838570343115,96.1162947115261,92.0597391544545,99.0416028949906,103.615550092509,108.968148911049,105.012079922617,108.516535773523,115.904288685079,116.55662511873,112.56983119676,123.413921315618,135.334238318001,135.278565523676,143.3072572955,106.645169011773,74.6054919346311,74.6054919346311
5.37011998410734,86.141601564036,82.9033565862858,86.1027685337219,92.2862541519071,68.1247280736416,63.0232642949782,64.2809829872989,84.757944019315,84.8875654876837,75.0685885732558,80.0345915152578,87.8420940759651,85.1111599394423,93.1769938809615,91.2700704242681,97.9016095501048,95.700468490646,96.2934538289606,105.86842342606,101.813650896745,103.70722532672,113.17858087967,108.778644270368,109.282578229997,104.158932445545,112.596295082845,117.244768557517,120.961673779084,113.994113251852,116.473020403646,124.429321457581,127.155792899938,121.309452852624,132.368447193865,144.158441591408,143.305861985494,151.095327863505,112.0454398171,78.1583182675779,78.1583182675779
5.37011998410734,86.6751396207398,83.6212972936136,87.0097329173477,93.4062351366875,68.9390655003355,63.7644927595094,64.9290830696537,84.2413989858997,83.9618705134064,74.2073134526114,78.5352840038036,84.8929327664538,81.2114313936015,89.1632915631022,87.3916244465042,92.1854502479379,89.507878919832,90.2956225846003,101.034497528554,97.1975584797766,98.6258185687049,106.349975846022,102.642409871941,104.237004343214,100.901396939281,108.267380228271,112.192323316803,116.916008379821,111.655371004516,115.311839013715,124.211734259568,127.205994560244,122.698120697764,136.071073259608,151.238106413851,154.768077513044,172.006702637003,128.127732662003,89.745860948116,89.745860948116
5.37011998410734,86.6751578691523,83.6213292089778,87.0098006727341,93.4098084928852,68.9426417784077,63.7719407805665,64.8875581690881,83.9618959357024,83.721759393671,74.0100215028352,78.0308688733856,83.6026105729497,79.4975485161299,85.5314068974785,83.3854493022279,88.1836790657558,85.6971881970982,86.4478780174538,97.2712591633346,93.6406457512316,95.0302633838444,103.406702084324,100.291582385849,101.530139118736,97.8456380007925,105.685615836497,109.5192605815,113.888269080078,108.553683537345,111.569501381796,118.199637656794,118.384685639786,114.028740678054,123.673424283793,134.114290114799,134.226033164205,142.636009827322,106.222233284327,74.4013773439311,74.4013773439311
5.37011998410734,87.7423069787073,85.0573382894578,89.1782962284881,97.523903074593,72.1597281353406,66.7378576659282,67.8989313412309,88.1571965309874,88.0403112945751,77.789585284195,81.1780006160301,87.8788709056028,85.0010376969288,91.9442814230556,89.7033727695322,95.0173788734363,92.3338811582123,92.8187320942837,101.363314996505,96.8169861750293,97.9686927378911,104.608624796153,99.9940289044424,100.849944876078,96.9829358814719,103.964483332131,106.270202119707,108.867135431103,102.117861588201,104.883743222437,112.492562583012,114.765592293917,110.542022295903,123.37999469074,138.290428482741,140.521667545119,153.78595223798,114.710704748676,80.4727601475349,80.4727601475349
5.37011998410734,88.0091307552617,85.4164043943998,89.720555636899,98.5608235085263,72.9724138412749,67.4970034046447,68.8513967234389,89.0783646000537,88.3217685937124,78.0668964030947,82.5159528131567,89.4316709771647,85.8979025588957,94.2784861225599,92.3833215818452,99.1043995724004,96.8752653320741,97.440582424864,106.570480521729,102.257504473746,103.709257466651,111.382262538078,106.756810731445,107.309088244831,102.232129727653,108.82899200549,111.534754042936,115.44060118576,109.131349376931,111.762166643851,119.925399475698,123.185889347436,117.957962989852,132.480879044861,149.091507393964,150.234970106219,162.397960551674,120.719581091243,84.3937157665082,84.3937157665082
5.37011998410734,87.6089589654914,84.8779169505862,88.4202470221858,94.4620217514351,69.6028693985951,64.3885536330608,65.4391440243962,85.159083264373,85.3878569800294,75.5081574698518,79.581277714437,86.8732305694748,84.4766257233124,91.0867363583838,88.9086278446525,93.3742996929237,90.5007286048796,91.3585341547903,102.953371920478,99.3142604087434,100.756781882756,109.547006548779,106.225555394447,106.844529357784,101.673248072676,108.138250265851,111.413105106775,116.155908518477,111.089863840452,115.781953154982,126.096261922814,128.382218136421,123.618634255118,136.928343011374,151.710527223685,153.966339589713,168.723015921518,125.441731002624,87.7022968217367,87.7022968217367
5.37011998410734,88.2759134716397,85.7753986875893,90.041227742478,98.4238130678106,72.7897130098264,67.3231108983414,68.7088310020888,90.0493920907588,89.7507962588049,79.3099218854929,84.2764059141438,91.4923257977623,87.5561218610305,94.511078938146,92.1540077661167,97.3114372355912,94.4312109742113,95.1779606501901,107.217065457219,102.639258290938,104.079356788935,114.231708692882,111.143559502384,111.87758223138,106.833373223688,112.736614637435,116.572900760206,120.954692581721,114.73466335365,118.490011748819,127.433968299846,128.41933339701,123.164317735435,136.416183178319,151.265563628429,151.753291900419,162.457902170882,120.784050455275,84.4545481063359,84.4545481063359
5.37011998410734,88.0091490060149,85.4164363138578,89.322040673575,96.4712408125756,71.204275762591,65.867220014462,66.9333503498584,86.0081916871548,85.7167655183228,75.7871261581533,79.3886527763246,85.9285477214374,83.1226832770713,90.8080332006866,88.9314685798684,96.2029099000719,94.448282460539,94.9954153004932,102.619678136082,98.9416794626394,100.369559994021,106.963274871861,102.424124544491,103.34361846044,98.6868818818416,103.519821853412,107.287446708283,112.576217107927,107.862374352232,111.080313549945,119.682762154389,123.144960541575,119.027702854516,136.799807879763,158.10261011693,156.305013344203,161.014291084484,120.248993034275,84.4383158094675,84.4383158094675
5.37011998410734,88.0091398819647,85.4164203564486,89.1448589176101,95.5382982035391,70.4141867263423,65.1339219707826,66.0097506823375,84.6481071159239,84.7696749471416,74.9404169820623,77.7416453547839,83.4578706895723,80.5937626494949,87.8102917642761,85.9102981326704,91.3527789827723,88.9994737090629,89.6830826729041,99.2202638735042,95.4316870611714,96.8929529984778,104.445358828753,100.505940971378,101.336097936322,96.8259965689791,103.624431603953,107.556989322345,112.204078015367,107.264046061512,110.975070901261,119.630990610669,121.857696114075,117.357630694214,123.88245395613,130.091127908868,130.883851451654,140.773245058085,104.723421136655,73.2625371592013,73.2625371592013
5.37011998410734,86.4084162182565,83.2624067368203,86.6449940713814,93.3199977917245,68.934222746194,63.7756050996156,64.8810090763957,84.1411483431553,84.0569003237943,74.3463222231539,78.1051907375255,84.2279326004097,81.0350321027898,87.2881543925763,85.1337309432387,93.2557687931949,91.9489731253966,92.6332696763629,102.714265196009,98.6067331319588,99.7147053026076,107.533578151037,104.082633031665,104.836904247661,100.187327538533,106.522283195463,110.525713962564,114.255702170571,108.02309676059,110.431088962367,116.861107180755,117.56812632298,112.71113788855,120.513187656949,128.620633410194,130.038444491744,141.382225166593,105.211437470744,73.644107560827,73.644107560827
5.58898371076603,90.6541324866996,87.6301062430266,90.9523318716229,96.2354719672235,70.8075551699051,65.4705467981606,66.3985509293793,85.0617158428812,84.9277349947784,74.9898001764909,78.5246030064296,84.0414417215504,79.9998389563851,86.9219444236211,84.9551531637587,91.2901510947214,89.3430361152213,90.039812666955,99.3369333368209,95.2045432330522,96.9276686251571,106.43474954601,103.172085405056,104.234104287234,100.242066228095,109.121837696784,113.437973339695,118.600884083162,113.504122816583,117.413483434402,127.120048396854,130.52071304311,125.759575177347,136.60025083249,148.12070959482,149.647505484709,162.422623260216,120.694816804951,84.3092734878884,84.3092734878884
5.58898371076603,90.9210683400032,87.9893683633898,91.7164422632426,98.4501851510179,72.6194083509257,67.1694646481135,68.2314537404263,88.7298305498779,89.0011799925298,78.6624145973012,82.3183066559228,88.3251198544366,84.5321832418698,91.349442903156,89.1140737077767,95.880556522434,93.7892252721011,94.2364749046243,102.081764949219,97.4310061460616,98.9288382062235,106.966465436911,102.487978709805,104.066065967288,101.440807584378,110.550875852288,113.934069676335,118.981520358376,113.562880368729,116.623439442467,124.059192180559,124.731281474345,120.03702316737,132.925530581672,147.527760049606,148.258596562094,158.876475971658,118.307771819185,82.8423374193894,82.8423374193894
5.58898371076603,90.7876838312989,87.8098831961275,91.268266339105,97.0085880126845,71.4328124181441,66.0773826751282,67.2114136694269,88.2958678497763,88.7699427049617,78.4813822125575,83.1905106718494,91.062699625335,88.3098051923606,97.3851502590517,95.5708947805873,101.888563975799,99.3302544882536,100.227678187133,111.57062271055,106.46193046478,107.998647974974,116.656630124121,111.992619721408,113.377494130783,109.885231935718,118.200975848944,121.718834624074,127.023128328627,120.930798561246,125.208650415936,135.920152263013,137.861377651463,131.939604526031,148.572831471279,167.604068982115,167.573939674012,185.598941083607,131.123187210838,91.7862135774591,91.7862135774591
5.58898371076603,90.787679269196,87.8098752172868,91.6668321276538,99.0999277553729,73.2027012489739,67.7107064742049,68.97968211167,90.4755895678366,90.5776603327491,80.0616319918971,84.6209118692338,91.2525453094304,87.1477390115531,96.5069097452824,94.7695945106252,99.0724630389393,95.7637337038365,96.5368958232486,107.660665999319,103.150802760831,104.873655778101,114.51468802766,110.763080837992,111.946390587373,107.57384720805,115.398271033915,119.45239677303,125.638330831321,120.87554055732,125.018542973923,134.324583495142,135.845556464967,130.879477612139,147.542624455633,166.670019299136,167.592130208779,279.211484614458,131.123188405797,91.7862318840579,91.7862318840579
5.58898371076603,91.588041100738,88.8868820265552,92.5846122767836,98.4659890095669,72.4674734699185,67.0281821759876,68.1412556464216,87.9264156920014,87.7084604235674,77.5217882489496,82.1930067110768,89.7487769051101,86.7279574626065,94.8544206697569,92.9037729860613,98.8168011104758,96.3036423802223,96.8352691391619,104.458544298635,100.434705323022,101.440547291958,106.243788534305,101.085646648453,101.916079224498,97.5230740931432,104.328791664572,107.824150287188,112.005022529139,106.539667738393,110.275807634126,118.906182128108,120.705961903038,116.801837401144,128.16674582276,141.33223625457,143.352836537336,155.719392910599,116.467027723991,81.9235350946591,81.9235350946591
5.58898371076603,91.0544939207639,88.1689253631821,92.0761967463312,99.435992323808,73.4216644516125,67.917391334,69.0172528908062,87.7738287115248,87.0172111559907,76.9291893032278,80.5113181859939,87.1157883654,84.210944641821,90.3388417920947,87.9918490837876,92.6054113374965,89.8087281214233,90.4683485990033,101.0171890026,97.5196939065193,99.2277170763626,106.842898267701,102.342836028576,103.413100760655,99.049524843238,105.259162200371,109.515600759953,114.408357662521,109.475280690143,112.597847159286,121.817758387527,127.397755945421,122.361583896283,136.832282799582,153.119938181346,151.327327760689,156.962341392404,116.632191206704,81.511681106222,81.511681106222
5.58898371076603,91.4546565878884,88.7073968520428,93.0221757314682,101.674268586149,75.2164248405326,69.5708878747113,70.8898337049365,91.4268391956876,90.7156302995259,80.1753445010303,84.4968338242165,90.7527780719087,86.4600953865963,94.9774568949966,93.0603249756945,98.7559775152336,96.0470470773584,96.3698276511467,102.530681794913,97.8011497292959,99.1300501700254,108.766646855597,105.849754033336,106.520544779008,101.798497721507,108.162499172707,111.808086234216,114.231159502948,106.929661219452,110.430480351917,119.201928275254,121.285624667514,116.78761205545,128.353296909361,141.217203241686,142.585280182392,154.331825225372,114.864220736708,80.3884886371521,80.3884886371521
5.58898371076603,93.1887875765224,91.0409355431179,95.4831445504406,102.781925586697,75.7236356892492,70.033070146701,71.2105056692054,91.3091701461954,90.7349100883314,80.1718882436107,84.7961469806954,91.103444180643,86.564084463231,98.7856816739797,97.7851968026578,104.454428043455,101.94975610798,102.662241642485,114.019130574847,109.787771741194,111.113667283122,117.341854505255,111.550810555756,113.044053579557,109.446994075402,116.169926039646,118.963543323408,123.659743131102,117.077481017084,119.506330439936,126.563037887312,126.726613294241,120.9538795294,135.100591821336,151.362730192508,150.897014804061,159.46815178598,118.621442953433,82.9901295712933,82.9901295712933
5.58898371076603,92.3884850566902,89.9640324664246,94.4770106831146,102.962069377477,76.0765070778593,70.3753892999822,71.8027369241923,94.0598493997824,93.8232419336145,82.9541935672696,88.3394884836986,96.1910739150908,92.3995572209455,99.5837084375129,97.0978303325789,102.884926638016,99.9893308848041,100.64545420642,111.513791323913,106.783606906377,108.085367547791,114.576599376101,108.911192122215,110.048844695053,105.919118783208,112.153785834074,115.708216053743,120.41941546844,115.069513407271,119.279336677973,129.823459758622,134.592093120131,129.798432105144,142.596283328828,156.74222878398,155.189144206722,161.132131206664,119.931460977481,83.9406578475372,83.9406578475372
5.58898371076603,90.7877340208314,87.8099709745688,91.4898875387354,98.1821518028164,72.4278135302819,67.0093714902899,68.1333030210397,88.2032239631728,88.1495551072596,77.9752847347527,82.0938588438257,88.2373258019797,84.5321815017571,91.4479554873471,89.3555279341351,95.0639438130295,92.6922365817881,93.5229936871182,105.571658287003,102.63020316315,103.958691736177,109.848465520088,105.05085502032,106.112514604652,101.416283566261,107.662446494966,110.710251495548,116.681652273801,112.399865430689,116.100626811631,125.247041356525,128.391438631958,123.621871260609,137.359842290518,152.994771089396,153.335082229293,163.389721248518,121.717350822588,85.2835789246055,85.2835789246055
5.58898371076603,91.8548283798434,89.2458842996774,92.993875262958,98.7962292721602,72.6806037169608,67.2226660466861,68.2139696093262,88.373689725038,88.6729508601266,78.3639318518577,82.3443609474412,88.4257727297807,84.4515781493261,89.9306697493853,87.428050225446,92.4626455283872,89.8551384766056,90.7317198222523,102.941088946109,98.9379601555791,100.367911362368,108.248500624445,104.217849581016,105.410588351227,101.428403984275,107.701637237626,110.925488001466,116.101263889737,111.265474143685,114.329072318947,122.046708975721,124.389482912737,119.834246269949,131.013720137228,143.213659744795,142.876672531948,150.912189162964,112.26998150564,78.5431985420471,78.5431985420471
5.58898371076603,91.0545030455944,88.168941321956,92.0319436566299,99.2050690143628,73.2264570865474,67.7388968990554,68.8743452842856,89.2430897777326,89.2004188310961,78.8666373668729,82.7978157858166,88.6704941537073,84.5816206652406,91.8073637065297,89.697247026845,94.1100314161329,91.1115981777287,91.7565930119997,100.945603910483,96.6006247442395,98.1712431937187,106.205143306239,101.962525109075,103.048299010976,99.1419132643519,105.583623836903,109.201125447674,112.997867913364,107.111718155066,109.22894426137,114.60474115904,114.988809308324,111.002372875107,120.343828206696,130.503114219878,131.874221845352,142.759678208361,106.369326435589,74.5259019981264,74.5259019981264
5.90832578466349,95.9482472547285,92.7909518230203,96.3321219320198,101.915107067695,74.9779852318066,69.3251405871519,70.5087687473088,90.4068151743946,89.7337524894433,79.2301090543036,84.3161729726346,92.3466827158058,89.0204682395869,98.8712739744325,97.1916981881752,102.680359433247,99.742428453408,100.191294554018,106.719257249041,101.87156483763,103.045283671172,109.880185653395,105.141935674561,105.37374511525,100.023542096846,105.594453262234,109.478235302301,112.500549555079,105.67268135179,107.727844075751,115.466916515362,120.097019910844,115.565464384334,129.195801551134,144.968596086083,147.695004645947,162.635404066621,121.193316905587,84.9213355576494,84.9213355576494
5.90832578466349,96.7487813699304,93.8682599459366,97.5605505486838,102.93390011336,75.6454237748014,69.9663710258189,71.0614015720223,92.4413576757217,92.7658553380232,81.9853931255954,86.8640760306369,94.7598707841291,91.4657731528958,99.3334990689232,97.0601657201317,102.489737936092,99.4904038566943,100.241917938246,111.165124976416,106.346170856275,107.2413819404,112.057053907228,106.386815468827,107.659158586295,103.912865240788,111.214044638148,114.70573409664,121.017755032549,116.517657578355,119.744912978641,128.108692674117,130.076570993006,124.620837900436,138.264030215355,153.554524945069,154.884427258218,167.82016757077,124.702112185927,87.1285715605325,87.1285715605325
5.90832578466349,97.1489896661632,94.4068112373341,98.4181250128412,104.714158667409,77.0535886446773,71.2706571894463,72.3152332042221,92.2495153283991,91.8849976159547,81.2110518714546,85.3136428289368,91.7669763423295,87.8149455485503,96.4817252843989,94.5733253850664,101.224272020767,98.8915307413728,99.6985744933708,110.490103832437,106.052208231368,108.27344151301,117.039615612452,111.606107314844,112.413774064258,107.253213035263,116.044711500852,119.401208335266,125.930987744673,121.07484534554,123.390962281971,129.535526954828,129.649267848404,124.308765795691,140.412151824977,158.852796552696,158.978876368429,169.431411364889,125.914810929506,88.0112641014224,88.0112641014224
5.90832578466349,96.4820351612636,93.5093295025148,97.1071530851521,102.378714828798,75.2430670175464,69.605816873069,70.5191223465703,90.0567365328335,90.0816584835975,79.6549505469267,83.3847395072198,90.4907382314319,87.8483625243514,96.5982693126853,94.7462564356296,100.25780478465,97.4612347786319,98.2207870541131,107.983451667643,103.468318105204,104.640863198853,111.214720293594,106.549338074816,107.515887188897,102.987664990969,108.01527944261,111.542789071471,115.961400377724,110.480621527993,112.867503140739,120.442498114424,125.103862980416,120.902167940884,134.478904012954,150.129397410823,150.804037357375,161.005546939537,120.144657047076,84.3163459819104,84.3163459819104
5.90832578466349,95.2814696021086,91.8937793920874,95.0218066469321,99.6057220480793,73.1934719644882,67.713498626374,68.8864096526905,89.434262608527,89.3882737350299,79.0540307663347,84.5922930796063,91.5695464555489,87.1935973054981,93.6388199748342,91.2613684924115,96.2952288667236,93.46628062889,94.0803837299748,101.871029669201,97.2913990715362,98.5262307830202,104.913486901601,100.318029367335,101.186253435317,96.8617211246983,103.304157494516,107.410712347473,112.05100630522,107.290042361958,110.325090535666,117.674513663493,120.193248146214,116.163092864504,131.870235445353,150.105621960933,149.846558450942,158.180766933835,117.807542118607,82.4962069922267,82.4962069922267
5.90832578466349,95.4148221782078,92.0732087111647,95.115568249321,99.1815493744021,72.8000287265963,67.3395938948379,68.1460174202953,87.1707798717439,87.4648763618171,77.3182460736739,80.7804626796038,86.8319494832116,83.4748864213946,87.7412807323335,85.0172440401236,89.5502423369809,86.9133126180791,87.8195204887559,100.147019908367,96.724697477037,98.5527632246204,106.410560821814,101.986741813266,103.625310347044,100.281629718684,106.680236859217,110.958642183236,116.033827469856,111.016148136618,114.57487573626,123.422726379657,125.987621991412,120.75931057541,133.71421220401,148.10388618821,146.870423745985,153.591891234221,114.115404423653,79.7503183252883,79.7503183252883
5.90832578466349,96.6153694867657,93.6887269024071,97.37799480288,102.880100698039,75.6323057693103,69.9495523710905,70.9387330745442,90.608500001794,90.3892230481716,79.865277437824,83.9235055663404,90.602865593793,86.921245377819,94.3806327803937,92.1862939115565,95.6663071236896,92.1524966021434,92.5673520244063,99.2801832065924,94.5863160958579,95.679209743409,101.912666606153,97.3730099923943,98.3171270505968,94.6060278233322,99.7469817458903,102.492988931925,107.536235741311,103.071390029059,105.155079556061,111.755072246523,115.151869215234,111.58274877001,126.586685883274,144.316942443999,146.023009324563,158.014449896094,117.963061154267,82.7965183266361,82.7965183266361
5.90832578466349,96.4820169100423,93.5092975822382,97.1070853193333,102.374665432286,75.2390103289219,69.597313865886,70.5763761331414,93.0755770388114,94.352697343314,83.4124958593033,87.5541481592198,94.420939262088,90.7626138467095,103.54521524475,102.468990206005,108.984616308055,106.093018106481,106.622746169878,115.104723169454,109.730798936636,111.031539717481,119.015995918797,113.948952448353,114.416162370105,109.225033326679,116.745999463417,120.033567922732,124.337836358505,117.1465180804,119.218983144543,127.054832004869,129.414824707563,123.17640373572,132.775623349729,142.806254981671,143.707686201639,155.423208346039,115.296622242025,80.4373955155683,80.4373955155683
5.90832578466349,96.3486187104152,93.329788470384,96.7474325009396,101.394246694405,74.4421472930005,68.8606219877594,70.0287339472588,93.4397309971773,94.6820310834056,83.705677387682,89.4155928492998,97.8927892162186,94.3760193629818,101.237343733996,98.6181320371936,106.116106461838,103.855694348657,104.433351304482,111.104684413462,105.571168205453,106.591390532477,111.740629172181,106.114526345909,107.021212294211,102.506022159943,108.732784206086,112.987881295333,117.354771799877,111.94341121291,115.856226637391,125.721480129018,130.299617844736,125.852917156171,140.041834179201,156.30816121499,157.730904162701,170.182630939287,126.876407152553,88.9423383529801,88.9423383529801
5.90832578466349,96.748795063693,93.868283895495,97.9148971505795,104.796122632242,77.2219129543036,71.4249672713702,72.8291102388463,96.1795219197772,96.4157666921979,85.2092529700598,91.1950084085184,98.9454096849033,94.153953358661,104.773857959331,103.007001778768,109.543784786602,106.672406771519,107.492130631089,117.999620033182,112.4008654827,114.021101329053,121.381319477165,115.539600449613,116.807781047876,112.422110563971,119.152801009541,122.678668112071,128.267956529153,122.263882369863,125.45539258129,134.391974451756,136.495187558482,130.482764812124,143.403948571347,157.53732816258,157.770468491057,168.687058573461,125.231793302087,87.4419437446864,87.4419437446864
5.90832578466349,97.1489896666316,94.4068112381533,98.8167077419892,106.808410501455,78.8264088490344,72.9103171059813,73.9376062064792,95.9506416094703,96.4986357593795,85.2885091522836,88.2719807063181,94.115464401541,90.2648630063485,97.8332297210425,95.552855515917,102.335550679077,100.007405165911,100.7331409726,111.537396596413,107.482720966765,109.276324094688,117.068076121559,112.047677728289,114.116852296142,111.018973388314,120.17706850329,123.970151096543,130.798575014522,126.145225944065,129.458970025307,136.762385954278,136.8260310243,131.644149607473,143.389956256193,156.062652247223,157.299527167069,169.918958596312,126.340097798393,88.328328208517,88.328328208517
5.90832578466349,95.6816733295656,92.4323226929736,96.3222338445961,103.713117432403,76.5716366499103,70.8401690416984,72.1000300387399,94.5078201037901,94.8163240809716,83.8588974022678,88.4036876360621,95.7952325169461,92.4000524591613,103.524073506162,102.02412388985,109.535412526667,107.107414924282,107.553327780267,116.112789049386,111.709505704813,112.971468178848,119.619311719536,113.907893423388,114.847779037923,110.246849194924,116.339966856171,119.003521389612,123.8560862567,117.701582679929,120.829592201521,129.473032737373,131.880862546405,127.009089416223,140.548239415759,156.120681623237,157.593523595252,170.13004061123,126.93442162952,89.0809885878779,89.0809885878779
6.27641477949855,102.543324064757,99.4027518464878,103.364143508847,109.461356222603,80.5077782422646,74.4261647047293,75.5841147214798,96.3256119388953,95.5947082333977,84.3622179158286,89.1353088349843,96.246961881207,91.702994978012,102.501001913469,100.910978877737,108.914817376003,106.802931668494,107.581524249746,117.736790439327,112.71608191038,113.888084434707,118.706908295495,112.431174358036,113.65239832332,109.318652572932,117.918456672442,121.65273349246,127.330053556664,121.701106198771,125.600195983195,134.376359175934,134.467550157732,129.20800913556,142.654825640035,157.815433156245,158.762957675428,170.619080554326,126.998580489598,88.8813832518035,88.8813832518035
6.27641477949855,101.209628018369,97.6081608369082,101.097286132391,106.682760085421,78.4932428312343,72.6165892734361,73.841475290805,94.8798438644762,94.4363276059274,83.519083104783,88.8383651363388,96.2876582678998,92.2378675158262,104.414428087935,103.169284896567,110.676202667002,108.193237108427,109.037470673716,120.761492131361,115.799748460007,116.540529207084,121.428804251512,115.641904405042,116.978958873964,112.78360640569,119.467414786552,123.997791114811,130.128133310191,124.692604784352,128.801969201194,140.333790677284,145.754996710414,140.018125334728,153.21254169547,167.708762597018,169.17773352278,253.61270579727,131.123188405795,91.7862318840081,91.7862318840081
6.27641477949855,103.210486981682,100.300598081269,104.897324107285,112.99242437856,83.3353048478171,77.0678144367402,78.5332952181342,101.464102786415,100.71377772066,88.9656892848655,94.760003409868,101.597477145232,95.5991350768714,106.460358456116,104.643332199465,114.13999396335,116.236557557162,151.382258856296,123.338621249912,118.166565489052,119.773338448732,129.229734139323,122.066666656744,123.728274935672,119.790133518608,129.44852685316,133.633137786053,140.485830321877,134.836203048108,138.77630011345,148.456572903278,149.887771679124,143.638273336607,158.91338667831,175.754558572272,176.208153085373,473.195417873037,131.123188405797,91.7862318840579,91.7862318840579
6.27641477949855,101.74322539157,98.3262052851847,102.314479543007,109.443363968033,80.6982116092944,74.6576403611355,75.9520701755059,96.8449075737908,95.92537577023,84.8412669702227,89.8372493805751,95.8393779205646,90.5762317647304,100.751869882487,99.1395510403851,105.940861655652,103.461930335941,104.378690594517,116.054653236337,111.892966510961,124.741875602392,162.341211750411,122.066666666667,123.72827516439,119.652087475149,127.334558823529,131.163333334004,137.386534402525,131.526564114648,134.921777932596,144.038620907606,146.893356728528,141.335321787805,156.580112508056,173.854364420522,284.492698842119,554.883974804296,131.123188405797,91.7862318840579,91.7862318840579
6.27641477949855,102.676930677658,99.5826254604877,103.458848335805,109.079594153297,80.1567188828378,74.139706285213,75.2006647488749,94.4946633753338,93.4776956585026,82.6180866599998,87.1707057729394,94.7224972859602,91.3857135317345,99.7896736577897,97.6918413664995,104.942962049416,102.697943724909,103.57849105346,114.578429577568,109.847204512089,111.483890608836,119.510376810865,114.492568392711,115.692025061477,111.183001240449,118.173257511348,122.033112650457,127.461734411967,122.630569567835,126.867616088996,136.349820741853,139.900466602418,135.644002669935,150.986289558583,168.185685244178,432.137669768914,555.579910639192,131.123188405797,91.7862318840579,91.7862318840579
6.27641477949855,102.009994419766,98.6851756385761,102.147944158271,106.745544955716,78.3475747983764,72.4774853699413,73.8027110224931,94.1259800150755,93.0338873738588,82.2647086392709,89.0100835615243,97.0278691601451,92.2696804508291,101.279740482342,99.2774756749745,104.411327536637,101.195866681629,101.710734850252,109.477908026477,104.786574786541,105.889902278834,111.764052391203,106.447808106928,107.792328585187,104.328102351084,112.8484582663,116.60760546651,123.003555933185,118.773559300443,120.944591823897,127.185455149917,129.966536706371,125.873075879105,137.88989231783,151.243951641206,150.658219869641,499.28361399623,131.123188405797,91.7862318840579,91.7862318840579
6.27641477949855,103.343907994946,100.480147092788,104.858478904092,111.883070294271,82.3638304509072,76.1741836518695,77.1964439722749,96.5458680918227,95.4444693976307,84.3253784927074,87.9188039005566,94.1309551478684,90.008631007967,98.9354770795548,96.9491924926776,104.287419881123,102.077123456174,102.941278306386,116.166047362227,111.8236071215,113.323128288869,122.473319105931,118.610501180672,121.105328509943,118.336653122467,124.352521356527,128.971468230972,136.384981193204,131.124393716561,134.612123073236,144.927133869147,148.392808914276,141.423448339276,152.631371579701,164.295421567723,164.314404803264,349.354696614573,131.123188405797,91.7862318840579,91.7862318840579
6.27641477949855,102.276804509387,99.0442178059033,102.557291838689,107.081801914586,78.5667396386512,72.6847145004012,73.7209187900427,93.1291053892978,92.4346006418785,81.7531980666961,86.7481486233758,93.2125796965204,88.6802917977223,97.820821659031,96.0506239438405,101.044619926043,97.9838573331506,98.8019714249354,109.083300067918,104.626800795648,105.542766031636,112.018354158449,107.809690012588,109.059050046791,105.019351016575,111.114480347249,115.780023842131,123.564068839553,120.505649903002,124.502453841648,133.338984888596,135.291869614838,131.23205604506,147.377204652638,166.221513791908,166.514444848979,413.242550012504,131.123188405797,91.7862318840579,91.7862318840579
6.27641477949855,102.143374373009,98.8646528386139,102.994685895627,110.279588062683,81.3051759433336,75.2053427137533,76.3883925195799,96.0281601211215,94.7219216744955,83.722925649453,87.9408597839383,94.1142471092588,89.545835969222,98.8015720022048,96.91618904044,102.621579263237,99.7368546163075,100.188201468106,107.966276689106,103.317101875197,104.698173155613,111.863215587693,107.064559071965,108.4835775193,104.838750020153,111.96152056384,115.267107284506,121.890489235228,117.55371883679,121.745487076062,131.771804527191,134.105606351392,129.122356701894,141.698564915285,155.692218268864,158.793000023296,442.68069228876,131.123188405797,91.7862318840579,91.7862318840579
6.27641477949855,101.743188893497,98.3261414522732,101.915761300197,107.342893245353,78.9191752005956,73.0051407342896,74.1237657231599,93.4512852957801,92.4240439764296,81.7231342636856,86.5669448249331,93.450411457129,89.388688160125,99.2694517619357,97.6252031620816,105.096522609014,102.919535829389,103.626554743004,113.519074420511,109.039300773378,109.790862475235,114.611751968594,109.299399968308,110.532707257566,106.628469940926,114.91315870834,118.380903960007,123.596412338736,117.750682180981,121.3228981078,130.833430850246,133.364005466802,127.890369637981,142.730421379993,159.812938468345,160.416549498803,344.077984332372,131.123188405797,91.7862318840579,91.7862318840579
6.27641477949855,101.609781567479,98.1466163789161,101.95465732339,108.452447607905,79.8908292766732,73.8988617191906,74.9285534971329,93.8283917867389,92.7473654461216,81.986426059714,85.5542437148865,90.7634918978373,86.0497529111708,94.7680730368485,92.9494372258206,98.6297773103787,95.9857884364015,96.7210761343255,107.297368778205,103.1324140068,104.278701445699,111.235202829621,107.224075789201,108.711459856574,104.822858640689,111.478823214741,115.213764504772,121.230433468806,116.767002904135,120.58776778825,130.119269911846,133.930404894147,129.038216717917,140.033199753917,151.794911143265,154.260308816248,210.72398391184,131.123188405797,91.7862318840579,91.7862318840579
6.27641477949855,102.143351559061,98.8646129384046,102.374583612705,107.021180624819,78.5468043931231,72.6538377915387,73.4421929121043,90.218815528624,88.9248082206334,78.6055557377855,81.8410849239499,87.6232778664105,84.1230558478021,92.0402632343487,90.1702974993795,96.0403246245527,93.6691600961804,94.4243520814422,105.047349137371,101.430711765517,102.747474450184,108.241620035746,102.9019740902,103.803747103537,99.4288226075535,107.408428359905,110.37363060285,115.175398743615,109.976727609286,112.454123838588,118.700228544274,119.630570392988,115.328925604244,126.474143010713,139.052017044073,141.345212414552,154.828555555338,115.489792824859,81.0289722890408,81.0289722890408
6.33511005164793,102.400397715293,98.8496688106484,102.049397849881,106.041977642076,77.7783338140237,71.9446356057375,72.9399394057201,90.2334475144672,88.6574284748788,78.3743851372611,83.181993785957,90.1162328908355,86.3169767787621,93.6484060366619,91.5076081963184,94.6731026974379,91.1013890889274,91.8809209287765,101.738863256161,97.1238212634029,97.6875413039404,103.415082380564,99.7726157115382,100.121026476335,94.9678200322979,99.2282306624699,101.323164118918,106.665367165502,102.8766943274,107.005547097393,116.909424730405,120.939927554214,116.986061651289,129.015763120389,142.53944427892,147.907817906713,168.724405018534,125.754433821616,88.1403325361043,88.1403325361043
6.33511005164793,103.200769240101,99.9266925728503,103.410083686601,107.732641132262,79.0105245811987,73.0785123513718,74.1216942039935,91.4078957553244,89.5548633504023,79.1439787232491,84.2396415903469,91.5676730242056,87.7108641848354,94.3203726657672,91.9204925668022,98.3406229046783,96.0217826692853,96.9252352897167,110.017366031158,105.672214938719,106.894082247295,113.211338637028,108.007302015319,108.943237497451,104.265729089327,108.583289335869,111.037839665586,115.32983521335,109.229579773436,111.77337046536,119.544430586912,121.697265776911,116.044126048361,131.104867268291,148.472534940663,150.087822666524,163.564046021264,121.554240112752,84.9806245880247,84.9806245880247
6.33511005164793,102.267041144609,98.6702325052865,101.601325658029,104.603290168667,76.5946284830451,70.8582829920551,71.6185021267961,88.0144800012597,86.8251807527241,76.7847267230596,80.6424716632347,86.7510670059259,83.2618713688212,90.8840560388402,88.9868734490137,94.7522773343437,92.3824535032636,93.1598396808237,102.524368620954,98.3994185629409,99.9634928585486,107.735132614341,103.621032285696,104.669551922907,100.281086075828,106.296222874026,109.727931430803,113.548599856506,107.809224202667,111.735140036002,121.234635019957,124.789145631708,120.628739369287,133.983580139323,149.004699676157,149.223169648804,158.634809107192,118.057961642598,82.5931190361785,82.5931190361785
6.33511005164793,102.667190124488,99.2086800559866,102.547253823135,106.836710543739,78.3845107984338,72.501371196004,73.2710914962228,89.9578312243672,88.68085789816,78.3766308801207,81.5813054886275,86.586253609533,82.2330059060771,89.5683149982102,87.5759162186343,93.8022909012186,91.6297542610767,92.2090498056663,102.738661663276,99.1095705648342,100.644592405009,108.874730482508,104.85101149526,105.829901207168,101.19244710057,105.455695234552,110.14126181483,114.094843032161,108.174304819134,111.188113367091,118.237966280118,118.540012570595,113.800703992533,129.199674474584,147.110940344241,147.129765607094,156.316474427625,116.346613300102,81.4548469634037,81.4548469634037
6.33511005164793,101.199873785862,97.2341915080778,99.9642059805269,103.276452615005,75.7362068936592,70.0677949572445,70.9159826692693,87.7345727815438,86.5826467188385,76.5823330827633,80.5731359684357,87.7129580898871,85.1819612723892,95.588041499109,94.2514869538949,100.727907231109,98.3113078894685,98.9988262938148,109.559111942495,105.335271813603,106.550816853386,113.199963308774,108.00314198434,108.981808792362,104.887559958231,111.450977481599,113.833129594644,117.257340076468,110.417694040141,112.517106097475,119.840591898855,123.192514578187,118.359305644337,128.235270039685,138.959448986146,140.421727701091,152.307539117117,113.372062075369,79.3510091530095,79.3510091530095
6.33511005164793,102.800547263159,99.3881173547236,103.305336911781,109.902557336269,80.9453564866798,74.8592280323909,75.7939174080749,93.0403049802159,91.282451351522,80.6346522830649,83.5349789646584,88.7299088082673,84.4677281215004,91.1888779637242,88.899386626548,93.2988916651435,90.323418173225,90.7950333778589,99.0301986504295,94.828913687132,96.2050530128409,103.022975620233,98.7778157006029,100.039559716065,96.2121834793125,102.614641556323,106.567525309892,112.737651847061,109.313965775532,112.327015795134,120.34758160294,125.111570048322,121.083796763485,130.049886150403,139.398032246591,144.025574850482,163.021194231732,121.387320816713,84.9726169451765,84.9726169451765
6.33511005164793,102.800602010425,99.3882131043639,103.128392306643,108.985231447271,80.1709229748235,74.1588905996726,75.1205284654218,90.0887912001843,87.2480262726926,77.1312195602207,80.7141743491695,86.1282241823545,82.0593866944688,92.0965038849884,90.8092302789001,96.200594194174,93.5957348922279,94.2890186407008,102.891532801362,98.6984987338708,99.5668434166239,103.913522535295,98.876308297768,99.7824511827723,95.502906726257,99.2466696151273,102.447404577214,106.153582339441,100.382344999678,103.125518701465,111.270523801398,114.507485564243,110.07546803065,122.462010417422,136.932899783246,137.526179205834,146.879062555407,109.667016007249,77.0322151432772,77.0322151432772
6.33511005164793,102.667208373681,99.2087119727152,102.768756429989,108.005243866357,79.3744875775735,73.423036387873,74.4366777757478,90.6162895433405,88.2948536255036,78.0594105678506,82.3173381781538,89.0023334485515,85.5010941534783,98.5308265408053,97.768627541095,103.333458999976,100.352298983436,100.96504920018,109.331737170202,104.227879901017,104.987952125331,109.39849963853,103.672044691033,104.860792944733,101.242087836034,105.748402362696,110.425252101202,113.840361485528,107.290062264993,109.731502327507,117.577296652723,120.991041312201,116.151512550316,126.099398874935,136.785561964559,138.885463565378,152.352124410286,113.238263355154,79.1292671624089,79.1292671624089
6.33511005164793,102.267022895417,98.6702005885579,102.132701536286,107.391324764765,78.9540779645469,73.0354351552642,73.8953723475226,89.3328396689741,87.1421620272984,77.0439361513227,80.1901502283366,85.8123871417956,82.3712693198735,92.0461630380919,90.643433488623,97.4329101304605,95.3599048604815,96.1113883323438,106.58750481184,102.576653086368,103.348844090346,110.127319835095,106.959627187212,108.324619503802,104.26597142982,111.704512392483,115.937214721531,120.556861709682,114.815704015766,118.174463004549,124.995271866774,123.643645017592,118.520659292049,130.280402833187,143.06570702556,145.75502877292,161.363101910696,119.797631844533,83.6399096315369,83.6399096315369
6.33511005164793,102.533796485248,99.0291789199714,102.63048763434,108.18476250976,79.5589787431936,73.5897839325621,74.5323855976801,90.1305441634401,87.7035701353915,77.5214567179958,81.0793172662856,87.1075224973006,83.5704935991992,94.7525951020174,93.6280162972348,98.7282797058822,95.8005524687974,96.4028196399658,104.760719191618,100.089181221869,101.235172645884,107.675878655988,103.034583547666,103.464201904548,98.2014184053526,102.325562663374,105.844285590925,110.354985902913,105.349861977583,108.124797229082,115.612723691773,118.583635540603,114.632287095655,124.282772210234,134.966442418673,135.854970073181,145.611728334731,108.707869662617,76.3324959651486,76.3324959651486
6.33511005164793,102.400411970994,98.8496937430029,102.226598659301,106.974773906974,78.5682667481738,72.6774793778747,73.6397532499095,89.5715771147841,87.3548140062043,77.229410512444,81.377874823794,87.9774642093187,84.5689154380722,94.2543701892429,92.7539847549372,97.1855038003286,94.0526748980354,94.6292513407929,103.768118741074,99.7532311782908,100.77725618103,106.338802155936,101.459710414141,102.630437288471,98.9736920564379,106.481635112678,110.076749328814,113.778794214002,107.882285781538,109.305033249002,114.882003618924,118.563454835708,114.084352278443,129.438528772548,147.125418403926,147.792949244732,158.513715886489,117.863162782861,82.4030629727326,82.4030629727326
6.33511005164793,100.933077384111,96.8751732800028,99.8206309407192,104.339617440709,76.7021835481689,70.9605303054575,71.7910617440794,86.3624861777229,84.0627657504049,74.3507737380669,77.4392368575252,82.6649861030741,79.2136254220272,86.5043196424536,84.7038901671972,90.8533657805289,88.8611395605901,89.4838570280713,96.8609822629454,92.9716918597099,94.4686091899017,101.660669134819,97.8358649605662,99.1971487568661,95.5213638941368,101.621126960895,105.922599706967,110.992449193435,106.458720258676,109.594924004256,117.341546852925,119.875646455394,115.545026176615,130.039509163202,146.724518538827,148.298217015318,160.837579950794,119.74197469649,83.8276661915405,83.8276661915405
5.8337131505753,94.2404507194493,90.9516985460093,93.8429469022079,97.3803556270445,71.4145051572198,66.1011329462309,66.8134970033576,79.8377063986719,77.69987082149,68.827908154071,72.0939914880416,77.5056662233184,74.8300605598175,84.316918370519,83.2635693182422,89.1021974646786,87.0563364492649,87.7066834199621,95.2989252906241,91.5310811128444,92.9782860916958,100.37177158725,96.6470581932579,97.725321037258,93.9258683492154,99.6352478537753,102.609250203565,106.906251644482,101.890875807454,104.379432403351,111.49034518198,114.449730788802,110.268758934734,122.369133176808,136.152912211791,136.133421626122,144.233442645967,107.481644353293,75.3316356846303,75.3316356846303
5.8337131505753,94.7737886678446,91.6692892760703,95.103464052781,100.329883769692,73.772706632509,68.2340416810521,68.8999189521798,81.7230016850873,79.2678667505433,70.0499177732974,72.014828924615,76.8634534727001,74.1485528763234,80.3489180808919,78.4480103455157,81.9354764657094,79.1811913638658,79.5970848379442,86.9698860068884,83.6781766941503,84.7278646364331,90.9670715873567,87.8182000311964,88.7387156770465,85.0154438975318,90.8104730156478,94.4500166862811,98.7559691731261,94.8667630615059,98.4754732121976,107.378440874871,112.100933037647,108.507131820599,123.784131964744,141.682771237644,142.435179803004,152.462647391564,113.660570311874,79.6795204660781,79.6795204660781
5.8337131505753,94.2402323549475,90.9513166397702,94.462153703157,100.603198519098,74.1373807223536,68.5800260327078,69.6116052406714,84.675475278348,82.2357510626051,72.7053716594999,76.4057620631386,81.8185163899252,77.9670630119072,83.2812622406609,81.0026016969075,85.4262717804008,82.8439372987283,83.5187524781883,93.5763708002207,89.3442326814895,90.8354031804782,98.7031360124395,94.6265901858745,95.2906667930181,91.128033615073,95.3945293030678,98.8105322761411,102.047197058977,96.412175093854,97.5288675920769,102.444193487428,104.957918229312,100.337390108984,111.181842473087,123.363479796354,124.070671444923,133.705439625537,99.4197902199798,69.5585990326455,69.5585990326455
5.8337131505753,94.373607744527,91.1307858582374,94.2459912228158,98.5566952143722,72.3716318583754,66.9447173086205,67.5632079793335,80.1559410908125,77.8779401405434,68.8503937371769,70.9878852343623,74.7114074745395,70.99853556224,75.7641062692246,73.7502175732157,79.7167832559451,78.267306520163,78.8971613393684,86.5277809570434,83.5362143050754,84.9637670221279,91.1465223450582,87.5247534456641,88.701727114848,85.2269453241084,90.2802045030406,94.5089877883519,98.7984302119299,94.5002236971764,97.9874897996332,107.287700110537,112.253454555724,108.361723060399,118.225001402032,129.176674431405,131.131282786035,143.220447100426,106.7339010087,74.776828032667,74.776828032667
5.8337131505753,93.4398568360036,89.8742858920679,92.791444248347,97.2817697643682,71.5244161307934,66.1667471252987,67.0461219923636,80.4135209562494,77.8392128173812,68.8331261451728,72.3379682451174,77.3303554345049,73.6241751267766,80.9955993846279,79.4288264150133,83.7867765072512,81.2969410228515,81.6433361885291,87.8448308382901,84.1514141984831,85.0014706948193,89.8156607045375,85.525204441734,86.3264530823353,83.0855991449777,87.7503655921209,89.5475584073365,93.3971805759414,89.1147651385908,90.4746221625232,94.8619621890012,96.3725953879344,93.1304764759076,105.426629853001,119.854040038945,121.29920986231,131.568157433072,98.1486529956284,68.8578952648782,68.8578952648782
5.8337131505753,94.1067930923348,90.7717357112504,94.14663538979,99.8472819854924,73.5292972972082,68.0084228770528,68.9658023406156,82.714794007933,79.8752482711237,70.5859630198721,74.0021921411517,79.3549604640352,75.7517710762087,81.1861867233236,79.0303660917615,82.4870543717138,79.6707057599446,79.9400920026844,84.4066531584114,80.4735431778392,81.5335011729196,87.4248589174243,83.8949254257881,84.5001547712605,80.6616059108637,85.2502915760464,88.7741448132506,92.6361876354004,88.6294804295443,91.2572603273669,98.522057898506,102.483920314181,98.896322028785,108.630300607101,119.342887589455,119.592102001346,127.439848343616,94.8116595002142,66.3189660726316,66.3189660726316
5.8337131505753,93.9734222647022,90.5922744713508,93.3442145050534,96.5475869298944,70.7703298120125,65.4661785779434,66.1377881890521,78.505302205013,76.1146657541021,67.3021370969869,70.3537662151128,75.6360826704552,72.8036311763754,75.6496742039378,73.1041769591882,77.3005878764819,75.1677781951985,75.6349059040824,80.7161864440138,77.4467957677597,78.5754134937324,84.3541534118749,81.2240215207087,81.6854636709777,77.5052772069276,81.8374236657232,84.1866475789615,87.5810651126981,83.5341945970031,86.0033362166123,92.2692122418292,94.5854530662971,91.1015972748391,102.619917234599,115.982368420502,115.683107665455,121.969683919373,90.9051112880433,63.7340118515692,63.7340118515692
5.8337131505753,93.3064495099855,89.6947608187107,92.431757544144,96.2989349236728,70.7251297502463,65.4249362947319,66.2169865105647,79.1641251614626,76.7069808174886,67.822732043781,71.0857326167694,76.8003807585591,74.0767222937031,79.1908952518505,77.0605868133713,81.5060970871028,79.1798712691498,79.6406749908789,86.901891893734,83.2332076536193,84.4958666735601,89.668845264745,84.8543415228528,85.0935363227373,80.7721830150772,85.9868987215672,88.6638421636684,92.3124388403953,87.6683350647314,89.1024146542174,93.3635220970158,93.2151130337983,89.2535123421187,97.5569204735025,106.736618190666,108.108356503371,118.017727910349,87.8031215124884,61.4389020379667,61.4389020379667
5.8337131505753,93.4398203363697,89.8742220564271,92.9241696362787,97.9722815017744,72.1077742424221,66.6974614270816,67.7258918716627,82.0560793410244,79.4353930035285,70.211128062805,74.3232972775075,80.4183556050131,76.9890231208336,82.180278834035,79.9103119143145,83.2127198994926,80.266501940713,80.61058220241,86.1335899535989,81.9995604233838,83.0063421758432,88.3545117368844,84.248634664933,84.6458005283701,80.6000378806052,85.2750244627114,87.6296349882142,91.0630438328117,86.7273243084462,88.8444219502363,94.7665136506544,97.2987733200992,93.8638710969951,103.254062816721,113.667663148659,114.595983136291,123.628887414886,92.0093565836873,64.3836104690737,64.3836104690737
5.8337131505753,92.6394630663066,88.7972232249081,91.3863888477385,95.3536488796637,70.0904752942207,64.8407078104503,65.5486841644169,77.3689302619852,74.6724387495645,66.0369665824475,68.5452524207884,72.9394202051089,69.8361235533522,75.4487255756785,73.6877961766434,79.3937814181081,77.8386681163207,78.4306678202183,85.1064153177827,81.9477155815569,83.2648803186404,89.6182500268821,86.4500307590421,87.7271986039376,84.5601733185396,89.7678473575365,92.9018538034395,95.9541147562947,90.5852816859581,92.3674416597506,97.4368362215227,98.2349577361293,94.054286568093,102.647878040131,112.007184817783,111.250344013097,116.674182909338,86.7044409459697,60.5973940542046,60.5973940542046
5.8337131505753,93.8399784395185,90.4126855631717,93.5601228876307,98.5806772726455,72.5226546453049,67.0735287669841,67.7711830466693,78.8277446048735,75.5104855088374,66.7145104420041,68.7668636642683,72.0221137127606,67.8617810705822,73.5689042407662,71.8387543474695,76.1697850893521,74.1049591938018,74.5904778516635,82.004992390896,78.7641841469535,80.1696830036894,85.9371745619138,81.9201138840197,83.2271569151737,80.5416212217186,84.5343584002115,87.0369796411919,90.8747223655653,86.8854448416895,90.2144657224174,97.0759570455451,97.2521942851443,93.803299482639,101.670786831436,110.284131886339,111.291155406832,120.137073064969,89.5702990270948,62.8046599424974,62.8046599424974
5.8337131505753,92.9062640300047,89.1562494315511,91.7957026440822,95.6870277791807,70.3067505871534,65.0417941582849,65.8877047423184,78.1325765466968,75.2205579852039,66.5252162454191,70.0455572100347,76.3462398683875,74.1720514961246,78.7515064991494,76.5166186430354,80.4234159117246,77.9072534339596,78.5770921601245,87.0130692812729,82.8634662795888,83.4340136363183,86.8196816748095,82.0935341568763,82.5116835811142,78.8956745812667,83.0406256345064,85.1912638596843,87.2229945224815,81.9448749517145,83.8126037786458,88.2368688317483,87.8574091965063,84.6139576683968,93.7784936791778,104.311652788378,104.238885836505,110.211358172546,82.2218211636849,57.6997851996635,57.6997851996635
4.52848947159255,73.0260327799726,70.4286335915927,73.2882775628136,78.8683393336995,58.253809288889,54.0095224919061,54.8057877181492,66.992229927679,65.6353992144485,58.4304941486478,61.0482302867229,64.8720411837775,62.8571666872328,68.8666041050796,67.5712567805108,72.047587155935,70.2458683236692,70.9467044456537,78.7712874344654,76.0123595552803,77.2613198157063,82.4285262662613,78.8633003521984,79.8347444522035,76.3661860122055,79.7903518765871,83.1197625635618,86.6531353452914,82.8415989504307,85.2961454575732,90.3586607445986,90.4372407105541,87.1456812489244,96.7532769734125,107.481813579202,105.807344412942,108.59717926119,80.7467907842878,56.4567168075413,56.4567168075413
4.52848947159255,73.4255136934906,70.9659127348395,73.8774294773861,79.1379354541103,58.3657397769472,53.9856861174396,54.8079394723055,67.4236294976841,65.8322200775118,58.1868863909039,60.9636041857053,64.903395759173,61.5677984673604,65.5535668357036,63.7274235153847,68.638870575026,67.2243881471226,67.4893937242008,71.1630157295647,68.0264565001944,69.4435101783561,75.6181997039936,72.4662454968856,73.7456053075964,71.6559556906923,75.9823188458822,79.4080999659248,83.8959107379141,81.1817624724227,82.7974955831868,87.4223288040725,90.0697380468389,87.2826940257854,98.9677271111889,112.482175942224,113.715960263333,123.169281739587,91.7097566350943,64.1855158000259,64.1855158000259
4.52848947159255,71.9581973320145,68.9914241469681,71.072946701374,74.4135871906234,54.7319130309268,50.6398205163143,51.7117519553591,64.8047174196723,63.0905529464237,55.8203391918495,61.0508747781499,68.808318188921,67.4368876156822,72.688580669437,70.941388186504,74.4735912924588,72.1220631090052,72.4724593781843,76.7226588625737,73.0154339694313,74.1422776892067,78.4601758579324,73.6901491661598,74.0092533815638,70.8045631292554,74.4461967921492,77.0918602265038,79.0849177592498,74.3799633222211,76.5330425790716,81.6218082205546,81.7291261914556,78.7912483682348,88.6903458946274,100.278757899126,104.525741523739,120.251197512001,89.7136785876031,62.9605748015244,62.9605748015244
4.52848947159255,72.7585089776125,70.0683431840712,72.7434189978311,77.7207890869923,57.3306247360211,53.0232191763058,53.7737623907646,65.0842037477625,63.140783321995,55.7869668286826,58.0749364788133,61.2429548460744,57.6671103782815,61.726265052542,60.0743239346752,64.1008723024851,62.5752079531313,62.8028307789754,67.0494416971922,64.9640717114078,66.5681031231037,72.182149489732,69.133655289814,70.4909307433536,68.2164768941601,74.4989391350418,78.3543355892403,82.5461014971809,79.5486148250531,81.2684105260935,85.9428495491602,88.0754444586794,84.7244722609513,91.3259379258673,98.1516557290781,99.4358690004704,108.654613731117,80.6980211122836,56.3440402104953,56.3440402104953
4.52848947159255,72.2249617959219,69.3503865176962,71.6592728547794,75.6701893691484,55.7285435071625,51.5538430464238,52.0889221910586,61.8749407451646,60.0027780715949,53.0614580001983,54.4387223036135,57.6578973151629,55.4409556201314,60.3351787638142,59.0356155625249,63.6552932391686,62.4089639278289,62.9531125678957,69.9018217075677,67.3621579325312,68.5403350944118,73.6749101278099,70.4878172928187,71.149384885111,68.1959433781057,73.0848043998399,75.0050550352357,77.5295526268483,73.229526878094,74.4221160647658,77.9055840677596,77.9318665533454,74.7536673290087,80.8250498710817,87.583506492317,88.6716181504115,96.4319156863286,71.9818782133963,50.5656892506019,50.5656892506019
4.52848947159255,73.1586990175117,70.6068625462509,72.9366211315308,76.0100342591488,55.7835200802726,51.5938947855814,52.191067679543,63.2422993538618,61.7738471165154,54.5888419652033,57.1241970975719,61.1449860749905,58.3748115882806,62.6050378878792,60.9713129129875,63.6087372947723,61.4188996270784,61.6134676496193,64.638427138939,61.460259978119,62.1793409485353,65.8006798326088,62.482821450202,62.6708986130112,59.5309125477884,63.0345402721862,65.4578349717925,68.3692381205254,65.6675019341291,66.8047499295554,69.4847079033698,70.2052940812585,68.4943540931662,73.7630706681056,79.5054222868103,81.2122432239855,89.3501908673458,66.7792942917199,46.9153436192902,46.9153436192902
4.52848947159255,73.2921245924104,70.7864195357909,73.3406625625561,77.2271368541565,56.7813441283711,52.5209049451841,53.2234745753838,63.8197701843285,61.7339531083876,54.5650298116125,57.3413319120972,61.1861334673676,58.0254529663724,62.3926303322348,60.8026861452641,64.2728581070417,62.4405421338117,62.8512510601548,68.1422500163544,65.0440447459405,66.5246821186981,72.733422224785,69.5470325326854,69.9739991098427,66.5805132581725,69.7967244671542,72.1935147585158,74.2429365425426,69.8057992759827,71.0710127907452,74.4775724891275,73.9537432795783,70.5077824842841,74.4897665688267,78.187785325005,80.6599775590597,91.7566909767159,68.070945160775,47.5107006988071,47.5107006988071
4.52848947159255,72.7585546014525,70.068422977394,72.7878753664369,77.9622876008173,57.5364147341496,53.2237365446549,53.9632923409615,65.2163480556247,63.2880473457658,55.9536158732652,58.0859660706341,61.7047002877001,58.8519002515373,61.0885406968999,58.9503708013131,61.8276755413205,59.8368244623303,60.0770472206933,63.9029503760807,60.9793888050575,61.9142221847,66.430886787768,63.5267033504138,63.7980731866959,60.513999940225,64.4056562144062,66.2818012492365,69.7320756307473,67.2424486423059,68.8630166783625,72.7504279530854,73.881682400454,71.5343811285674,80.5628555930272,91.0596038428347,92.992418765158,102.716357069019,76.5925577962361,53.694698854678,53.694698854678
4.52848947159255,71.9581745202497,68.9913842505782,70.8071401842373,73.0139315239725,53.546550462916,49.5395734527116,49.9741764797098,59.7548901300209,58.391338618091,51.6545155757491,53.4032509775729,57.2999518148132,55.6362572518478,58.9697467377849,57.3299923076785,60.4168310727434,58.6825862572944,59.2482469824014,64.8028902751756,62.1858840275396,63.4804431702804,69.0767806942679,66.2967023211472,66.943566012415,64.0296345213133,66.1673413919425,69.472031657113,72.3458774852772,68.8396279896828,69.9596086171046,73.6252119436065,74.7550395677634,71.6817809262491,82.623303397737,95.430704598142,95.2506225066219,100.895910216993,75.0113274767841,52.4525748919337,52.4525748919337
4.52848947159255,72.6251153382159,69.8888420477831,72.1623482627701,75.5776976832413,55.5496620424408,51.3772615661976,51.9227209150952,62.0032473235798,60.2283639924334,53.2181242630624,55.0706974195565,58.727040109483,56.277610265564,58.9365352898626,57.0012495064443,59.788219608069,57.8697412218011,58.0610972802404,62.6500340672893,60.2340817570729,61.2701400750793,66.0718950392165,63.1697094802321,63.6055777858613,60.6900418366983,64.8660071241601,67.6265290241023,69.2299024553466,65.1162631460499,66.5126583655108,69.9654760510936,70.5047834693212,68.0630514340343,77.6316907129399,88.8661841123653,89.5350379845579,96.3362342034627,71.7986194853786,50.3205705161452,50.3205705161452
4.52848947159255,72.4917445107394,69.7093808081563,71.8470840454352,74.8361233090524,54.9559403855775,50.8356763164435,51.3514531829105,61.0457468423572,59.2460194251383,52.3792194075842,54.2894002072788,58.6569611443577,57.080449640187,59.1727085765774,57.1107585597197,62.227472748694,61.2408172383298,61.6407252138241,66.9930451354328,64.1514070029192,65.3532856327478,69.5696558149593,65.6236627455352,65.8305442430365,62.4065718237357,65.8981998541353,68.1151287395182,71.4973483598437,68.3345672870545,69.304887471231,73.1719089507445,74.8392405282067,71.6331654284901,79.4811530104325,88.4703787944441,89.5883345285681,97.6696250648144,72.7239720108769,50.92821359267,50.92821359267
4.52848947159255,71.8247717560226,68.8118671555163,71.0232010239603,75.054292140702,55.3061450667724,51.1619756048966,51.8336336979796,61.5575578299927,59.2850357181122,52.4197216403518,54.5613550303227,58.0988433828685,55.463322183565,58.69866818264,56.9604349709145,59.9184621087548,58.0800633809486,58.5762545332595,66.1859964109306,63.7355979345084,64.9683161427388,69.6336474752561,66.0457737972618,66.5898729521614,63.7142439834462,68.8618262842147,71.0503184518737,74.5748078205195,71.5973712451161,73.2074270485458,77.3598889319122,78.2254754075881,75.1664558264509,82.2310940681072,89.852636321227,90.159523634146,96.6261391776445,71.7745939961799,50.133840507972,50.133840507972
3.60528247914135,58.2251420306722,56.1871911984226,58.1001409822145,60.8908388476304,44.7472403534526,41.4786215382439,41.9949100405448,50.928490524501,49.9352794354488,44.4329270393813,46.7353132014049,50.9980337913012,50.5191409378152,54.9378701908372,53.8272515040305,57.5799368698759,56.2454986054848,56.7910081963617,61.8782244830701,59.4706164175736,60.9881764199053,66.6454186933235,63.5094656736192,64.1696968945383,61.5478362825974,64.9623980162554,67.3532129429296,70.2666711502595,67.1679505453631,68.7969598771891,73.1790407618085,74.9965019761293,72.5516557636753,83.2519890007204,95.8348625845276,96.8709845067045,104.894554577108,78.16408896795,54.7691056675504,54.7691056675504
3.60528247914135,58.0912690699839,56.006851758333,58.1815950997742,62.1598700551937,45.8427471598857,42.4042457512858,43.2107266463842,53.8269378917649,52.4548647580479,46.3671484095431,49.598294557683,54.5404931324497,52.714521901368,57.6437752161303,56.4078846175812,60.4192047653287,58.9834847250487,59.2669022087166,63.5148653318437,60.3094286608527,61.2267713078203,64.9748782445059,61.3507553536524,62.0220540781128,59.8062885399657,63.2039659928106,64.9129329045385,67.4322634506044,64.0851288284258,65.3897927109153,70.4058784723736,74.3881908416375,71.7149011735535,83.8391284312194,98.4264973608896,99.9481516042116,109.233606150918,81.4551878672296,57.1167480834535,57.1167480834535
3.60528247914135,57.9578708525582,55.8273426153504,57.6890813061709,60.4829693748258,44.4565608094707,41.1245514134155,41.9154401923161,51.9756476411763,50.5118904151338,44.6622817986913,48.4801704379007,54.54458880583,53.5326689233413,58.8098783490205,57.6754291866567,61.7881811929518,60.3889399720886,60.7482209088049,64.9921080318286,62.0902986572418,63.5871998992478,70.9743496764975,68.6746388674162,68.7723015006861,64.982864530692,68.1930260497215,71.054707523872,74.9683301901572,72.1376952437849,74.3765886221607,80.7932686206432,83.7086848177114,80.2277455995798,91.5844052659816,104.539593578892,106.586660061468,118.252128521518,87.7147271038889,61.1786998362908,61.1786998362908
3.60528247914135,57.6910790127537,55.4683323658425,57.1469404772183,59.4526204022245,43.6504545980739,40.3791446459833,41.0156991925847,50.5713984910871,49.3899219319199,43.6702122584791,46.7043969804667,51.1347845425992,49.2847950799687,53.5868514976624,52.4064131359974,55.8175981347513,54.4311948093626,54.6957570851058,58.4494963622613,56.2810650608763,57.7461357570975,63.1309175431743,60.2651177976921,61.1407474769384,59.0492485579217,65.0367493103894,67.3037421774205,70.537664284254,67.8099933734795,69.4914108049135,73.5875808038549,75.0995541275394,72.6791947281121,83.3918747686797,96.041897199306,97.231220612308,105.563975831502,78.7072922182042,55.1776132583211,55.1776132583211
3.60528247914135,58.8916126353143,57.0838266211078,58.7892986394418,59.8928565257642,43.724438211122,40.4375667815909,40.810601322255,48.1389966010356,46.6030044649536,41.1723195975883,43.4747963208056,47.9534518928315,46.9234309093,52.1757514152371,51.3297281581805,54.3502939079555,52.8984648737685,53.3159233917787,58.1925299003842,55.9737767030537,57.2432140517092,61.7722303315963,58.7495421168373,58.9828300161809,55.8983053552265,60.4386316153884,63.20922656956,66.1056448108619,63.1416677560372,64.9733084114643,69.6271959958525,70.7322407413382,68.137677935267,80.2165508415054,94.8418808783534,95.2706644890486,101.811042433426,75.9753752972635,53.3301042202275,53.3301042202275
3.60528247914135,58.6248664195065,56.7248961651966,58.3359011493843,59.3360975954791,43.3204933579417,40.0735251330233,40.4180504183581,48.0847809643055,46.8645835651728,41.4357695327126,43.5718633005579,47.8420027252212,46.8309773833496,51.0521186033031,49.9471093766684,52.964060421714,51.5198605262936,51.9291713860557,57.7254054429827,55.3860132423527,56.2392888511364,59.2991251816984,55.9437907099782,56.4473806851947,54.1055198468175,58.0781316148612,59.445962204013,62.1162745876919,59.4206999556214,60.5639844212333,64.0414101547492,65.6544506305017,63.248196653682,71.8743319395994,82.0412802421763,84.8190975929393,96.1218756410974,71.6825560134445,50.2816763017255,50.2816763017255
3.60528247914135,57.4243145485333,55.1093699945672,56.6491882620613,58.6594198923597,43.0457782737078,39.8250858460313,40.1902020751585,47.9533654273727,46.760996086672,41.3624830405268,42.7481378685164,45.2358614983286,43.1953889355266,47.1528937479495,46.1471841286419,49.1775303483483,47.9424971887192,48.2245694874608,52.5385328715395,50.5547791517802,52.3653780124663,58.3719426407964,55.380039656306,55.8117731771894,53.1338129572487,57.2136737156299,59.6340664215837,61.9172867636103,58.979842256649,60.9211918069796,65.9673763448954,68.4719179525183,65.9650792911988,79.309756804025,95.2611459608805,95.0157665481852,100.40855823338,74.6390686980268,52.1764286686414,52.1764286686414
3.60528247914135,57.6910607637171,55.4683004493868,57.2797336286447,60.1462472111531,44.236926487851,40.9162912382938,41.6697264061535,51.7911001726246,50.4724472822915,44.6061457526354,48.04560284784,53.2405570861169,51.5863618091022,54.9003077634651,53.3218174565247,56.1398031086129,54.366760013104,54.4910596602299,57.8676459154206,54.8341465849186,55.4923295900663,58.3329518900679,54.569140818855,54.3202050641065,51.1862076134581,53.6929351738527,55.2331079401322,57.0937735442083,54.0477583572557,55.7218937148049,59.6921491660006,60.0013949099081,57.9339805237447,67.0383975496609,78.0538086580052,78.5116017001623,83.9472677851558,62.7341727565692,44.0927444185536,44.0927444185536
3.60528247914135,57.6910698871431,55.4683164057042,57.3240544731564,60.3812092658591,44.4361797972639,41.1032651309537,41.566551131859,49.5667789048903,48.0501935470852,42.4753661508695,43.9251664598714,46.2667883435,43.852215793305,46.687464454155,45.4033829573649,48.4297729822973,47.2940485214832,47.9055576886275,55.3891719359833,53.7113892068856,55.4000381382373,60.7641400257362,57.8850882019615,59.2325023685491,57.6665812826405,60.7107153318417,63.5601891193714,65.7923556833488,62.3210759203577,64.6070821651024,69.4433200876433,69.2560061975992,65.9574288900916,77.0422469330234,89.8807368862598,89.8491851280346,96.0405432980826,71.1193861118389,49.5331701354743,49.5331701354743
3.60528247914135,57.6910698874551,55.46831640625,56.969758716627,58.5209138708555,42.8616130011758,39.6485861193259,40.027171060255,47.8588572357555,46.6609452032773,41.2562977645441,43.0611785196158,46.9817618861131,45.9784972911104,49.0968525154764,47.791578058285,50.669713391815,49.2994371644458,49.6495421074458,54.2439776828205,51.9683506345452,53.2153430378751,57.7596936019297,54.583393632946,55.0748599617443,53.0197364945156,56.595620944409,57.4292747536623,60.2448733482817,57.8235940104474,59.8673012891212,65.405443896037,68.3517019525436,66.2925019031398,78.4962069465363,93.2799575463811,93.2105482523725,98.2713355703244,73.3496178471647,51.4705181441014,51.4705181441014
3.60528247914135,57.6910698874551,55.46831640625,57.2354805348851,59.915011027912,44.0414033754501,40.7371034111446,41.1311184261365,48.3168902785253,46.6364313227465,41.2205956125917,42.4358591249105,45.0465442359066,43.1776312782631,45.9987098523747,44.7110021765643,46.150639476762,44.3786468463026,44.6664803832779,48.7593582812936,46.8259683012061,47.5471631950689,50.9313493194755,48.9165150229752,49.6699117104305,47.8642242044152,50.1509949003783,52.2819053546264,54.5486047983724,52.2663886940817,55.2491517703744,61.7266245574865,64.0629302172616,62.0630680521953,74.6606502736514,89.9567298986274,90.7699779265138,97.8465180114397,72.9788604361103,51.1842413945759,51.1842413945759
3.60528247914135,57.2908889716061,54.9298130014794,56.3780077326418,58.1406006743554,42.6390955624277,39.4450710325268,39.8422153491484,46.5610278002775,44.7862082026554,39.6062757226892,41.3116090488862,44.6958136909528,43.3964783048399,47.6057329145355,46.6732850618343,49.0093000497868,47.4896345727289,47.8278286164404,52.5869462273744,50.5772207516652,51.5704892575615,55.8071053616959,53.1998865358135,53.288481066638,50.4444897694331,53.2570398830696,54.5546564134224,56.4632003587944,53.3132771565258,56.1682711841204,62.0322965307396,61.567134130185,58.9292715712599,65.9343208583984,73.9678733339714,73.4463228225169,76.9020528198202,57.2205646968028,40.0528922126217,40.0528922126217
3.22127612236747,52.3128973674237,50.5919602271041,52.5438054255451,55.7142244951178,41.0109290212183,37.9644553498306,38.3425897382458,44.4752716918683,42.6869959464978,37.8281315239707,38.8808428669096,42.0513912020946,41.465432620917,44.5802446462217,43.4604293272402,45.4918171550574,44.0034333638824,44.4053371820738,50.2600825036576,48.5424515802713,49.6835926181685,54.6688439168424,52.610817507112,52.9663944582524,50.4448365279337,55.0296108833889,57.6269838913993,60.7381453321396,58.5561565649972,60.8957834310009,66.1149299929128,67.2381882535263,64.6351017605176,73.9512862440352,84.6790504521884,84.6775493958475,90.0883357807513,66.8921004405412,46.6941604795671,46.6941604795671
3.22127612236747,51.5123593776131,49.5146453277327,51.271075453052,54.4629204859579,40.1467021804111,37.1415447532897,37.8144653540593,45.1415625654669,43.0854210899808,38.1081291040265,40.8265763043212,44.735998928167,43.1323291902131,47.5576232227448,46.6645828392625,48.560931699298,46.8262277186869,47.2037719085679,52.3621662082436,49.9176921923794,50.5400464854314,54.0198613180798,51.5598392813215,51.6492167735616,49.0277294877407,52.1499002511232,53.2967340835323,55.3017852365692,52.4949268777058,55.054120409496,60.4186891755772,60.6871467118795,58.5480286543267,67.0939706438654,77.3218873992291,79.0425705119907,87.4538589560081,65.3031579702472,45.8674583455435,45.8674583455435
3.22127612236747,51.9125129129458,50.0531008456447,51.6855768957898,53.9076237975427,39.5764687252994,36.6063220661594,37.0857503467961,43.4833400827324,41.5716600035481,36.7441294054028,38.8586463736518,42.6469245876689,41.5231369771333,43.3016877911364,41.8739621966646,44.1915335688655,42.9360614978207,43.4095991659763,49.0633323802965,47.2142573033883,48.1941402733112,51.803032134273,49.3189004760802,49.7625551370899,47.5435528708298,51.6731701307137,54.5950919004081,56.3973174301651,53.5229510411231,55.7554396764661,60.5840142292512,61.5698158146979,59.2547394148925,66.2415343126598,74.1430791563159,75.9593301186136,84.8112493948732,63.0681229129412,44.100555037843,44.100555037843
3.22127612236747,51.2455584061732,49.1556191075497,50.5517528399799,52.5008471914576,38.5517364284788,35.6655401623217,36.0634498041182,41.8242378902084,39.9542921362069,35.338354414186,36.937124956933,39.7771174850879,38.374507182967,41.7939448908331,40.8970085410389,42.0012748893773,40.3114072822302,40.6405479428391,44.6361480015823,42.9072169753831,43.8595602433616,47.7381223169998,45.7154337236453,46.096472879079,44.018045169215,47.4519774574578,49.5125367580796,51.8495712076684,49.7456485889067,51.6171175704856,56.0339222159991,57.698180037847,55.9406089714511,63.2449705156697,71.7511716742723,72.6638788151367,78.882690163133,58.8279086871555,41.2510104610853,41.2510104610853
3.22127612236747,51.3789292331816,49.3350803463576,50.7784431161596,52.7780812763054,38.7525566880855,35.8450814397318,36.1877205057534,41.4443352716437,39.4524163975084,34.8722032447407,36.0938429054123,38.3458430941869,36.6522920206417,37.7231456903074,36.3299727482672,37.5856285932389,36.1877537417188,36.3643745682256,39.0205571532544,37.5630894543444,38.1695899998452,41.2155638016145,39.7889477768374,40.3180918926323,38.6823452240978,40.6354449260646,42.8085708473924,44.6837864191518,42.8914936691838,44.8379599886007,48.352456368276,48.3143409248893,46.9089078856466,53.8697456347968,62.1780750039379,63.0656703529268,68.5690068763611,51.2316611053834,36.0008587551063,36.0008587551063
3.22127612236747,51.2455401562002,49.1555871894563,50.4631111393774,52.0321548270718,38.1544728796153,35.2943223326655,35.6384676302204,40.6611784628785,38.6119911507052,34.1387556765389,35.6022088340079,37.5920349424981,35.5152078330298,37.7611582237897,36.7058840530604,37.8716483514751,36.4128738635597,36.6100907983097,38.8029241757979,37.0218210949163,37.5978469613606,39.9340016559404,37.9207780581508,38.1247010907053,36.2795420382596,38.7273897000501,40.3642364183935,41.5810913588561,39.2304695614822,40.2586602411653,43.2172630929978,44.552974128912,43.0060196007448,47.4155487496656,52.4873895071503,53.7884073118533,59.7945307258641,44.6431384424542,31.3480997995043,31.3480997995043
3.22127612236747,51.5123228711738,49.5145814801895,51.0937920277305,53.5245865825683,39.3512171957336,36.3970055920982,36.7041902666977,41.5501085099377,39.3995625366577,34.8177018857325,35.5766087221908,36.8118122383683,34.4905207898005,35.7368059796939,34.4638644441035,36.8231470497962,35.9375375635848,36.0878963370965,38.6526495264154,37.0688633689101,37.6772437038516,39.9598324497597,37.9161593099021,38.3712610948569,36.800253329546,38.6291157547539,40.2868978942505,41.9106960655594,39.8418942996811,40.5139044086396,42.6491437289521,43.3359743545108,41.5233623080612,45.1850467700924,49.2131802172231,50.2571380785848,55.7546158254301,41.5050933299362,29.0630778534273,29.0630778534273
3.22127612236747,51.7791192730808,49.8735997085374,51.3259410075475,52.9276231492833,38.7800201457316,35.8704389491254,36.1272464203351,40.7299452609364,38.6673000944564,34.1793919746184,35.1816953771929,37.0794248396531,35.3151802504444,38.307091580052,37.4375552043128,39.8200272245898,38.7960786372355,38.9713073945639,41.3416497585404,39.5146742969753,40.0810807321854,42.2542492061334,39.8484915711421,40.2458978688927,38.7401376855679,40.2615193085204,41.0395386653945,41.9938616246045,39.280470828872,40.3789653536705,42.970497205264,42.6374770021022,40.9576811955383,44.5377428369251,48.4811583707953,49.497161652164,54.7991902827154,40.8140239331743,28.5888783676345,28.5888783676345
3.22127612236747,51.3789474823743,49.3351122630863,50.601362995595,51.850965597939,37.9683032551043,35.123990187197,35.3319657699999,39.4567941114559,37.3901860299754,33.0651836789958,33.8703089409838,35.0670454042601,32.9214823286982,35.9883042114957,35.2493667747536,37.2768934716173,36.2401467354214,36.6269227497667,40.8926282542834,39.161011329468,39.6493805168862,41.6731281165533,39.6537032844763,40.0408230106537,38.2991839330896,40.971082965567,42.4904553125922,43.600913827197,41.0457282481407,41.7017718576005,43.7753345269424,44.5409803544685,42.7327693529302,45.5458548883274,48.3793028623658,50.1209061512261,57.2443722560596,42.562207822154,29.7605058836095,29.7605058836095
3.22127612236747,51.3789337954408,49.3350883254715,50.6455991464478,52.0806842809041,38.1623024024682,35.2999327145507,35.4714439877094,39.1815352295642,36.9898389714679,32.6980279928477,33.1426038380518,33.9531637332456,31.7255107944235,33.725955993261,32.7728845917155,33.6072512875146,32.2257109828427,32.411040845848,35.0571855047485,33.6909219583797,34.2137297992502,36.5397861235274,34.9716959467075,35.5669356955499,34.4415778808273,36.3309997573132,37.1974819581871,38.8628479131438,37.3915010568989,38.7337220007054,41.8900424407507,43.6242799007491,42.4452263452896,47.1796444929754,52.5337317536981,52.7623219024411,56.2733287378529,41.9579104668163,29.411447463929,29.411447463929
3.22127612236747,51.6457210722053,49.6940905944999,51.0548621239365,52.411691295621,38.3762064519749,35.4961159663273,35.7524291322035,39.8723789475199,37.6075066599892,33.2385302835194,34.34361321356,35.6739688146826,33.2890723580414,34.6252762815961,33.4369691520001,34.7454979790255,33.4916119030002,33.6378766186107,36.3448368909712,34.8147070416265,35.1065390702033,37.3638981629834,35.9327160852001,36.1924992918598,34.5968270026162,35.8245809038979,36.5639085938233,37.2454882225148,34.8142189171217,35.6895239640191,37.6825436786608,37.4432636732781,35.9731136570643,38.8599351806866,42.0100463463581,43.606567666366,49.8570943163205,37.1691231673546,26.0724737611078,26.0724737611078
3.22127612236747,51.5123365584194,49.5146054183501,50.7395470900553,51.6665068989686,37.7788640344312,34.9468835502962,35.1365581285537,38.9337377682003,36.7716861568767,32.5119236058197,33.4169204450975,34.7811567054219,32.7307635182659,33.7442976492362,32.5233773177957,33.9680716964358,32.8395171756283,32.9889718581512,34.9343387437213,33.474345692207,33.9107366587535,35.658710547075,33.8117194711968,34.2423774212936,32.9369682046634,33.9625575832198,35.2718200101297,36.3722876248471,34.4142337871068,35.3682326667539,37.8778283229925,38.8734063125205,37.5426312238217,41.9226263306242,46.9531122439269,47.7516272025194,52.3628354603409,39.0167949119966,27.3319358065414,27.3319358065414
2.62238537941959,41.9510459494817,40.3303024569351,41.8011915808691,44.6019710591099,32.9103193925838,30.5013474874933,30.8632854603648,35.2216957928411,33.4372946847504,29.7516892895441,30.7596962299723,32.1958329514628,30.8937678612117,33.4263263804771,32.6667915395415,34.4598112231824,33.4110476784334,33.5800222598584,35.1603173583808,33.4166023972832,33.7445900075748,35.0938019228027,33.1091940932925,33.367141640319,31.8915799471855,33.5651911039584,34.6557470961281,35.8927111429178,34.0089877517264,34.2818675853304,35.8114739465231,36.9465869169226,35.5963630867837,37.5327333996784,39.4486895417807,40.155379986526,44.1210416776573,32.8858671816749,23.0486446905292,23.0486446905292
2.62238537941959,41.6839224529586,39.9707121599879,40.9035235714084,41.6604457495549,30.4788415808881,28.1970380174638,28.405524688531,32.0525521330834,30.4416326247402,26.928158047675,27.9702178027009,29.1782243488636,27.3723861857358,29.246571530387,28.5060039048572,30.4591801768636,29.7751863664146,30.096338336299,32.8138279996214,31.492590605497,31.887106074175,33.8711029315984,32.6460103458701,33.276274187719,32.3498896154975,34.7772777666588,35.6220455968447,36.7140969405623,34.7625890067607,35.8702420052807,37.8426197815487,37.1115784320222,35.6534048544301,39.1760886294975,43.0056663758501,44.6526518867622,51.2508236688691,38.0725507364282,26.5976970602,26.5976970602
2.62238537941959,41.5505196780123,39.7911950461785,40.6767146742208,41.37536596591,30.2701558972936,28.000933930831,28.1903632612433,31.5059431331028,29.7970111624345,26.3443257037572,27.2449133885806,28.5114455589493,26.8452992532526,29.2034423745261,28.559342508718,29.9646652794409,29.0245338592272,29.2638147199753,32.1346531418199,30.7418136073994,31.4203209674445,33.7348662408454,31.8694880153207,32.0168709942372,30.4111107182567,32.4167224778466,33.3401422023919,34.0770399616723,31.9859052381796,33.2171768449255,36.1189608270434,36.9309274517257,35.6279623775415,38.7776506132608,42.269679079803,42.3802737473182,45.1180337309508,33.6593311920585,23.6217975740549,23.6217975740549
2.62238537941959,41.8173023925173,40.1501893360923,41.3073955608367,42.868105608601,31.4672109308782,29.1042995619531,29.274177115807,32.256647191075,30.3190985650686,26.790570853628,27.1027144512555,27.7086132764426,25.8178125723353,27.5311373602378,26.7600169104707,27.7641968835744,26.7554161349814,26.8585792607379,28.6050419810634,27.4213648409059,27.6316546804846,28.8834690803248,27.668663894415,28.0571552339224,27.0058918979924,28.7853196274475,30.0015405342762,31.0519385507302,29.5575861532932,30.8436699530348,33.2919783321048,33.4361248593463,32.4832770888456,34.0715332867025,35.607263205859,36.4941539503924,40.4870342613267,30.2324351194617,21.2201848579915,21.2201848579915
2.62238537941959,42.2174924330407,40.6887086993637,41.8106064848331,42.7854039008973,31.298149577596,28.948472316267,29.0500549902059,31.4631162861431,29.464821985729,26.0396465742721,26.3625675745819,26.8915344480179,25.0219537955803,26.2751562229688,25.4549702352117,26.334056177182,25.3613022040725,25.5974532407572,28.6307559400523,27.5722796988594,27.9271103655281,29.2451632828254,27.7014448042395,27.9557532972202,26.6958096433752,27.8103196282977,28.4088782807068,29.1128482356115,27.3761703946852,28.079667676646,30.1752935154398,31.251391598078,29.988424715551,34.2113444827289,39.1899635765246,39.3921763484554,42.2682402339037,31.512882452613,22.1104898473679,22.1104898473679
2.62238537941959,41.683931566133,39.9707280983759,40.8149834687075,41.1955344753825,30.0853490099759,27.8334930321281,27.9392423158284,30.3693610823555,28.4988398060945,25.2099833816085,25.8009477029066,26.8317236562021,25.3708682310674,26.3088275229699,25.4061876291661,25.9244465248143,24.799208056094,24.895449266567,26.3706202073664,25.323012942797,25.6130299514351,26.969126550248,25.6086307468926,25.7756923513637,24.5813761945004,25.4605354001081,25.945410595883,26.4898535513026,24.9435822490382,25.5753863499579,27.1796613479898,27.9578489980352,27.2051325430658,29.1162926590611,31.1122829931079,32.7684855255646,38.3386831634596,28.5961306531782,20.0521302969254,20.0521302969254
2.62238537941959,41.8173069555567,40.1501973165708,41.4402734122908,43.5663613060174,32.0583168494949,29.6511156195381,29.9926396976855,34.3259544670179,32.4920190203753,28.7101764194487,29.7999966002557,31.0174039354509,28.8297863261995,29.7677488701314,28.6445579014361,28.7216981421608,27.18765097456,27.2065127052011,28.9400551283277,27.3749724937222,27.3432182051329,27.836785334712,26.1533851661646,26.2680270094492,25.0974081712644,25.935294115202,26.4950434833642,26.9262207519846,25.1119110686543,25.974094137907,28.0468701678015,28.3617629696017,27.2308693832613,29.5978328668001,32.1969080627306,33.2183235316157,37.5659352234567,27.9719572891807,19.5875535528766,19.5875535528766
2.62238537941959,41.6839178787313,39.9707041599425,40.9920805269644,42.1241629757352,30.8711216890132,28.5578192437063,28.7993552098155,32.6491486749692,30.9976618173013,27.4106924194722,28.4340621396479,29.7111738674846,27.8953118795376,29.4455700051533,28.5801288559855,29.4121675438563,28.2595719552032,28.4663716863567,30.2622471842011,28.8322255634532,29.271572128036,30.8359522208428,29.1438190957465,29.2713180614362,27.7437179424298,28.6482558562777,29.2961071591245,30.0355247804796,28.127818128903,28.3145708903613,29.1427046506026,28.8253884135459,27.5055073359787,30.0862064840974,32.8638111816683,32.8991451569703,35.1885799607751,26.0998766294851,18.2078668161237,18.2078668161237
2.62238537941959,41.6839133164722,39.9706961808285,40.8149157086883,41.1922676081633,30.0820820395829,27.82672430187,27.9473641357129,31.2145032016741,29.7022210981605,26.2607835167167,26.9398751940299,27.9414071824143,26.2405684618542,26.9715426368582,25.9823304064024,27.0641709990792,26.1487932177289,26.2691127036232,27.9061731854684,26.9367058123538,27.5236992923716,29.6699850291705,28.2736194901609,28.5146102702588,27.133320406462,28.3189364781937,29.1691349697,30.286356798842,28.8603549754847,29.2641036906006,30.6341690729671,31.4601553966109,30.3135236709775,33.2298008872199,36.4011367866574,36.9328642704442,40.4406152337757,30.0603445532331,21.0085549958456,21.0085549958456
2.62238537941959,41.9507005935488,40.3296984504027,41.3570395964637,42.220168652852,30.8857253068471,28.5668236695492,28.6339685505327,31.6441230947499,30.0790895472805,26.5804071143412,26.6736205006553,27.1086349417258,25.2839199390822,25.9597995281431,24.9728946835571,25.1932857564326,23.9737595088906,24.0516992203652,25.151470484744,24.0160538648185,24.4649567781389,26.100901376201,24.780816846002,25.0693955831916,24.0423109640082,25.5403557187791,26.1702696837005,26.8475059116093,25.369032873216,26.1779931374864,27.8620756295015,28.1746984137975,27.3883999235891,30.6600761787666,34.4653739179623,34.6948098038163,37.1191017393208,27.7249277148698,19.4704619539941,19.4704619539941
2.62238537941959,41.6839224411465,39.9707121393293,40.9478104972508,41.8914140863935,30.6740794467392,28.3753967020068,28.4966766051178,31.4304801455582,29.7000359401356,26.2613264250128,26.6081890271885,27.0699545208363,25.1296945410319,27.3301950780023,26.7227611924802,27.8310799481613,26.8621306795177,26.9505703990763,28.9914152897188,27.9634526458218,28.3987842999315,30.0253040435518,28.3276509435233,28.4639161237205,27.1467300630149,29.0538360188126,29.6165412437951,30.0200119115271,27.7265230267691,28.0971650139881,29.3148688664442,28.7760356700462,27.3330509654666,30.2038289356785,33.4455796337255,33.8319629057183,36.9447968973407,27.4544662173134,19.193902203515,19.193902203515
2.62238537941959,41.6839133166282,39.9706961811014,40.9920635881112,42.1223383371769,30.8692877612816,28.5538932168622,28.6739137814421,31.2668563864371,29.3479396616825,25.9425836619957,26.1637626966419,26.4295814704211,24.4061961968648,25.4761358968698,24.6311212475406,25.4564149418839,24.4949803834762,24.5897800512195,26.006106557514,24.951142598925,25.1531798937206,26.0437972032295,24.7299639668352,24.9571398752104,23.7922404616965,25.0270751393639,26.1705349156613,27.0018505530033,25.6678115660707,25.9800782203613,27.0764590512391,28.0359763107639,27.2416257694476,29.3045961500549,31.541813471849,31.3301954572701,32.5624743108204,24.32415343626,17.0806059802718,17.0806059802718
0.0994835121175869,2.10113561399992,2.21638137255346,2.5217869031221,3.34134673144526,2.55262608286637,2.61457895798613,2.87081344717749,5.99585946694965,7.2616762330428,7.25854072910099,9.19254089573675,11.586473986737,14.3318379268541,20.0128525752933,20.989151970466,23.5505123348487,23.4172411659438,24.0235028496906,26.4878119418579,25.4219222708132,25.8246851767998,27.023676642314,25.3974354175072,25.4057635193839,23.9475409415671,24.5926189532995,24.8277981183875,24.8390482524001,22.8590619086224,22.9081483627133,23.283614513481,23.0366916493458,22.1725966263754,23.5523563715872,24.9821158137858,24.3140195556072,24.2459477874051,18.1050283026388,12.7270516736301,12.7270516736301
