15.8769230769231,16.0077095722911,14.519542649099,14.6416512568475,14.3006256344884,11.4791494572581,10.1928644620932,10.0957408195053,10.3699029097876,9.71235440827076,8.48710707831185,8.74891724572069,9.21357291642826,8.79498997333398,9.9083683121276,9.81442999008858,10.6621945972022,10.5386936990537,10.6226016332279,11.7355246030583,11.202694929459,11.4454236796444,12.5756807840541,11.8590923990667,11.9663566135533,12.2516329177527,12.4829883925844,12.3646297727314,12.8115978722772,12.4661722730093,12.4169075042686,12.6599741078774,12.4130124863592,11.8075996415681,12.0096239704409,10.8963038830397,11.2322683145532,11.9207672082926,9.54811581096501,7.75141599020493,7.75141599020493
1.54000476758025,24.5107305305645,23.5155704664146,24.2178943443761,25.2189347598386,19.0284876948925,17.5686636724196,17.7545450068381,20.547345220512,19.5199019174674,17.1206393694597,17.6365318397343,18.5902960647151,17.0548456585764,17.5562515142571,16.7707984690596,16.914844995731,16.0116967426229,15.8248055378713,16.5120702587079,15.3001358225309,15.7093526293183,17.8214743401486,16.7666783392028,16.7438738473235,16.0224845848731,16.0276370933154,16.1118836531497,16.4486856215428,15.3171205557059,15.6133185962865,16.4088257746819,15.9402092324497,15.0940881832867,15.6030263761958,15.8848401695313,16.2979455405381,18.4727959589802,13.6301300099187,9.46031309360522,9.46031309360522
1.54000476758025,24.644194806156,23.6951951411147,24.3120706840168,24.8525517088152,18.682201368693,17.2805455580737,17.417561898729,19.964979903891,19.0948919324489,16.8789173518024,17.5482610361999,18.6304539276889,17.7439004420442,19.1694527544764,18.7150217759177,19.97896922293,19.4953529820917,19.5751111239481,20.7311959616564,19.8282749022484,20.000582219641,21.0066021434989,19.9766560551652,19.9450412708661,18.8092908399232,19.6381220742933,20.0300509826222,20.2836127297271,18.6381128386893,18.8395457160644,19.9704367845923,20.1780333472855,19.0754377569391,20.5969807240739,22.2535828382286,22.5356264461841,24.6903193207742,18.332642332799,12.8001205284828,12.8001205284828
1.54000476758025,24.9109866482198,24.054205394574,24.6770636425039,24.9669111683321,18.7150234874612,17.3096625862198,17.3429402316546,19.3904699502738,18.5739620806131,16.4136689058599,16.6270785018042,17.1614337905535,16.1682749339882,17.5594027188424,17.1667116801828,17.6182911536861,16.9115847417179,17.0743063377654,19.1002752149646,18.4315865169383,18.7049367189066,20.2681785555319,19.7131746354225,19.8805330206367,18.883403585395,19.8411863154945,21.3834069675827,21.7429890112427,20.3698765083847,20.8399321461714,21.80113240736,21.6962556404885,20.8719875419167,23.4025872707128,26.2072995243168,25.933621780092,27.0158509079075,20.0309682596599,13.9627590348631,13.9627590348631
1.54000476758025,24.377421218741,23.3362168139266,23.8585715646406,24.2910881038465,18.2623576465676,16.8965443186417,17.0018683807047,19.3942830032269,18.5924920679807,16.4491805711686,16.9203250126244,17.5761010384016,16.5226738055836,17.2088932695455,16.6299614927466,17.5980720672704,17.0957205115399,17.2267816602604,19.0692895780934,18.2423662626847,18.5720171843559,19.9203659649846,18.8964929108295,19.0230440073893,18.1597144940596,19.2406422522103,19.6848126357707,20.3579567472112,19.3043258159408,20.0815837060593,22.3074687871994,23.7464961409911,22.8645952978249,24.5968803397153,26.4735446869718,26.6656814589497,28.6747058318402,21.3859167744114,15.0008907345533,15.0008907345533
1.54000476758025,24.3774029693923,23.336184896925,23.9913647149136,24.9620763562196,18.8432189348812,17.4293843603909,17.5663226784815,19.7987028513973,18.7577209984395,16.5788423216039,16.9072947852616,17.4397765290637,16.3159085615607,17.334110081138,16.8328269530447,16.9221342210086,16.0726683921929,16.1461989979831,17.3401877927712,16.5979933197053,16.8113660496447,17.7711636737782,16.9204447785059,17.0106374749776,16.126492149447,16.7460116496121,17.4906615231958,18.0603542531592,17.1593685349179,17.6098426192695,18.8396273674127,19.6102686098427,19.0839820497409,22.8224142042486,27.360689787922,27.5669908233539,29.5629355568761,22.0734915344838,15.4976326519956,15.4976326519956
1.54000476758025,24.2440093301517,23.1566837609098,23.8531636775532,25.1303302768419,19.0222503532497,17.5962494751642,17.7682839540858,19.8551042800233,18.6258365671123,16.4670955995225,16.8049405606165,17.3482864785223,16.2589411610379,17.3294545098352,16.8487287739277,17.518409514004,16.8961731368568,16.9445451776156,17.9228658729479,17.2014074465503,17.5089371918062,18.7484611039814,17.8186668828464,17.9542170011079,17.1323688115485,17.9315913002779,18.8089035696678,19.5087064078829,18.4662934388138,18.6377421552539,19.835666102865,21.0260603715385,20.1378675277672,22.1345644795915,24.3415015031445,24.6733971680902,26.9972680798265,20.0617903960823,14.0180729423923,14.0180729423923
1.54000476758025,24.5107920449692,23.51567805137,23.9966878985089,24.1198654005211,18.0802865038461,16.723524876891,16.7745836812967,18.2790261967503,17.2039475915371,15.2075763978566,15.5437823973773,15.8126541852322,14.5754873076787,16.2366341472219,15.9958327586198,16.41150630462,15.7619107155907,15.8705002584331,16.7511719325856,16.094838344255,16.6623258720863,18.4224658530046,17.4379081389945,17.8191029268444,17.411053156393,18.2160448120225,18.986870975965,19.546725038905,18.464162767994,18.7928493568848,19.5822429909331,19.5438896744283,18.8515228017097,20.4137083690604,22.0616326054672,23.1253336434528,26.9591037404444,20.0467034585187,14.0166224347141,14.0166224347141
1.54000476758025,24.9109820854926,24.0541974146415,24.721333671049,25.1904691557559,18.9085327332378,17.4869970303204,17.5535830516781,19.1335797522984,17.9648994766134,15.8684009030325,16.1796117671319,16.5095156351711,15.2236488588947,16.3392295146627,15.9056274421057,16.0932739618964,15.326209008958,15.4716903229846,17.668355964418,16.9218725573538,17.160676199178,18.063859038308,17.0429409512173,17.1783662645019,16.409420046167,17.1682288816914,17.745659286871,18.3043906666185,17.3059819864335,17.5403506616615,18.6137215703919,19.5049580416181,18.7131622841761,19.3733202661107,19.9580569571081,20.3650366528881,22.4947248245661,16.8014375329534,11.8088236893456,11.8088236893456
1.54000476758025,24.377421218585,23.3362168136537,24.0357194429068,25.1902562816597,19.0414819629338,17.6166373564024,17.7559171448096,19.9978284694166,18.9475392793138,16.7600384888634,17.0011243568026,17.5636960459248,16.5827960690616,17.4990183759531,16.9594532761671,18.3895852219658,18.0364393275876,18.1525234739824,19.9250445617198,18.9188633081776,19.152874408302,20.4328968847732,19.4439101181649,19.4394763085431,18.3524850320521,19.0264364306932,19.3544082263356,19.7638035909318,18.4049778389044,18.6598084720389,20.0430973317406,21.0853497837032,20.0970080297482,21.1851627193961,22.2367903286467,22.1975826044692,23.5579069573986,17.5058582020559,12.2364864369876,12.2364864369876
1.54000476758025,24.7775838852413,23.8746883016956,24.6716896383233,25.8077940022779,19.4766019246342,18.0128612742224,18.1483495377791,20.060632156755,18.8010825762797,16.6096015004573,16.9252959182387,17.3530162148867,16.1180817526363,17.6015939598596,17.2247701206897,17.7536499532347,17.0641024606587,17.1526575852792,18.392382129038,17.6220327749263,18.0967992133524,19.6476447339375,18.5512870637481,18.7033071849132,17.8836498069189,19.1953654732759,19.9561768546083,20.503951816494,19.3729237096865,19.8798312501032,21.4792136028432,22.6957444156531,21.957799147645,24.2440332880747,26.7415434923741,26.8595303933123,28.7748473120247,21.3760600309831,14.9236939379941,14.9236939379941
1.54000476758025,24.6442039332464,23.6952111038411,24.3121045724189,24.8543560793527,18.6840568371941,17.2844118415776,17.354082242749,18.9470375455608,17.8116212201064,15.7523168018207,15.9895515044353,16.4588685409241,15.4862764296349,15.905199305454,15.3227112445233,15.6973520700083,15.0548433643646,15.1256264957283,15.8926327892905,15.2900746678465,15.9873469385742,19.3337915169715,19.1756988714032,19.3691501831361,18.5161352376767,19.4960706670835,20.1911563007507,21.184988180647,20.4322739555719,20.7909092315705,21.545400989131,21.5536404078429,20.8033037480834,21.9973144984666,23.0279640135126,23.1404282790572,24.9354645433793,18.4660636900806,12.8583129498396,12.8583129498396
1.54000476758025,24.3774120940666,23.3362008554258,23.8585376852115,24.2896013460205,18.260831487278,16.8934012031164,16.9290243701054,18.3573824428731,17.281560816394,15.2846178019762,15.2990590267521,15.4992576127785,14.4952383952984,15.8003456485801,15.4646122111247,15.7918236333532,15.1157049226195,15.2540073020375,16.5992038703595,15.8153103604759,16.0412647989996,17.1744120875059,16.4876380018032,16.7042487837913,16.069370719855,16.4494313445598,16.8230878257148,16.8932346849303,15.5476577243131,15.6527765019267,16.3888757166696,16.9991431836404,16.4478669095273,17.936019437721,19.7864280279356,20.2643053986346,22.2942180758659,16.7929555528681,11.9022478393584,11.9022478393584
1.03860786650761,16.4842837435952,15.7972877216022,16.1943270942193,16.6631857530535,12.5558339163788,11.6659775089334,11.7659767389658,13.4801772927619,13.0205504388429,11.6816799639734,12.208810578812,13.0761042526957,13.0735449170317,15.3571345338747,15.3627402239658,16.8693482062507,16.6393573343372,16.8568452684559,18.546527757092,17.6691432127049,18.0530287365342,19.357083870535,18.2076752537313,18.2844829594712,17.3633096811278,17.618235368063,18.5828886589805,19.0996044047866,17.9021972839756,18.097943970736,18.8479727150993,18.7445730099869,17.8641362486279,18.1046581228979,18.0878848413628,18.4941729123703,20.6371095596639,15.324705955216,10.7014285299721,10.7014285299721
1.03860786650761,16.7507933544253,16.1558043697905,16.6025591136305,16.9572943124219,12.7372102100614,11.7800241478551,11.8303649849479,13.3314956329855,12.7448080378396,11.2598886375694,11.4715132480867,11.7275071362161,10.8637446496747,11.0005596954003,10.5469731134551,10.8476967102061,10.4290360729241,10.6398905529572,13.099363809165,12.7253871569194,13.0374646679495,13.8872049136723,13.2018071969932,13.4927899012391,12.9425604253956,13.2221999394361,14.2743061630303,15.0815825472445,14.8362299232495,15.4892409974965,16.3693641616859,16.4607294237969,16.1252958864848,17.130964597652,18.1348342038618,18.9137953750978,21.7099779798382,16.2190028792522,11.3960799663943,11.3960799663943
1.03860786650761,17.0175897469915,16.5148225818018,17.0561429073153,17.5223143194094,13.160702936469,12.1715178960262,12.2560381812454,13.9220580876922,13.2757599780828,11.7280525768097,12.1603722973546,12.5894800436145,11.6444019925495,12.346736827643,11.9813280687936,12.0618792563888,11.4577378750146,11.50612678049,12.1623055557982,11.4921539890858,11.7564433996017,12.5816257758592,11.7307680747842,11.6732868204966,10.927776695713,11.3080329649107,11.8716447891127,12.6344240772123,12.280453775585,12.8910158973252,14.2711109275798,14.7780911313728,14.4689955792703,16.7088807165078,19.4129325190787,20.1825630138981,22.9441440258966,17.1630266880281,12.0673762367221,12.0673762367221
1.03860786650761,16.4840243176683,15.7968340014266,16.193363860321,16.6220386340418,12.5136079439207,11.5791492279378,11.6845965890241,13.4488584078207,12.866844145974,11.3887066326955,11.8620753473142,12.4287031491899,11.6973098709684,12.7227602550823,12.4464524086675,13.0411848426094,12.6190693840458,12.645213142148,12.9671668281748,12.3572102253707,12.7456324550162,13.910560397754,13.0020923259733,12.9709540752603,12.1870090562403,12.9354315416371,13.5436282813882,13.8896729972911,13.0055650455378,13.2430701656517,13.9476945536091,13.9319043296864,13.3190537640599,14.2914473116139,15.2875650121854,15.1511757620666,15.8369222271482,11.7545039582134,8.20549646604975,8.20549646604975
1.03860786650761,16.8841869841686,16.3353054891957,16.917907994576,17.6884823731296,13.3375870139875,12.3338757127747,12.4862807497181,14.4802102231635,13.7746976917689,12.1642797011925,12.8105988954368,13.4054704584763,12.367800424419,13.6335834569922,13.3628601817841,13.6766135710708,13.0886149098234,13.091910026928,13.3677244361,12.6408076946009,12.9113769304776,14.0906558919514,13.4191002227305,13.4555167623302,12.8076661394499,14.114018902289,14.9244574698187,15.5226834999005,14.768783477877,15.1331236521149,16.4506638962238,17.4711487822795,16.7976446820637,17.9814146533218,19.1641087260995,19.4138510637215,21.2189487334228,15.7432510065642,10.9762574479147,10.9762574479147
1.03860786650761,16.7508070321737,16.155828291341,16.6026098983849,16.9600999066799,12.7400961214599,11.7860493222307,11.8727595020071,13.5479292321942,12.9491968223432,11.4529333088183,11.9113285086102,12.6464275120596,12.0691057093411,12.4646415357859,12.0270313476077,12.7889110589055,12.4676767991076,12.5139573184336,12.9319882307122,12.4034115766848,12.938830805486,14.8208695598653,14.1692812433802,14.3368380019978,13.7776663504668,14.6791257276959,14.9223572888275,15.0851950155275,14.0289644292178,14.2800258097269,14.9299202498112,14.9565122650842,14.3201452747149,15.7996212639699,17.4312893561529,17.1832278169424,17.7500412481164,13.194319400282,9.23277391116617,9.23277391116617
1.03860786650761,16.6174088316103,15.9763191778494,16.4643919250693,17.1267101466485,12.91743099042,11.9492928890711,12.0183479602977,13.6084646875924,13.0009375644586,11.4946918721476,11.6091717659898,11.7918738035678,10.9484483176392,12.4836248544711,12.3522502411118,12.6174208215263,12.0749035798728,12.3308962698385,15.8131238832988,15.3350868042618,15.9118111075792,17.6095431251906,16.5276245235268,16.5598922689046,15.5697136849095,15.9881881619117,16.5369463765456,16.92968960878,15.7776004593161,15.8232268869692,16.1290409281318,15.5609615567101,14.6201821902843,15.7568119618369,16.976796013877,16.9232574760826,18.0296740208051,13.3917618553455,9.37034738745587,9.37034738745587
1.03860786650761,16.4840106304227,15.7968100632661,16.3261739494406,17.293920358321,13.0953879345587,12.1139025916044,12.2001207418606,13.5586598642355,12.7697514866556,11.2903211391362,11.2931066189399,11.4795227359572,10.7605909937249,11.6801592248503,11.4120551686965,11.8172010142417,11.3794618569291,11.4153973713158,12.5220254588325,12.2089811468855,12.6851748759726,14.0855525909844,13.2314838955999,13.4732875802287,13.0499106304716,13.260510374413,13.5038529274164,13.700171186098,12.8748015823241,13.4412881325156,14.4834396878727,14.7230693506192,14.5106090114408,15.6048960640213,16.8026430165668,17.1367301155202,18.6980207654425,13.9969727341415,9.84198391045607,9.84198391045607
1.03860786650761,16.6173997064678,15.9763032185298,16.4200710741931,16.9007681050118,12.7214729194979,11.7668933208614,11.8695963285575,13.6227855993904,13.0113466970606,11.5011731992064,11.9473757833655,12.4851511157126,11.6929843324706,12.3344889531624,11.9632442989072,12.3810271637112,11.9115939352489,12.0099089796471,13.0456163473374,12.3247159226435,12.6319303172471,13.9225134967963,13.2325727212574,13.439413752408,13.1371020004265,14.2512064111334,15.0476962452507,15.541540625771,14.7268938079616,14.807801476654,15.2056093649047,15.2874857329391,14.7285358617151,15.9347318401904,17.1929872853573,16.7451770957151,16.7810181964748,12.4494875443834,8.67587510512088,8.67587510512088
1.03860786650761,16.7507979073433,16.1558123325673,16.6911499577953,17.4076698760193,13.1275853312067,12.1417519347337,12.2267972375273,13.266200207593,12.3147960779501,10.8814249872285,11.095392368142,11.2611429305136,10.3341845918444,10.9205234515413,10.5943638405173,11.0157385009838,10.6396011007181,10.6744864139567,11.4086577872696,11.1232280465783,11.3468653035686,12.0991740937705,11.552233593416,11.6444777801376,11.0030022787331,11.4941643954773,12.2337706114356,13.0631845977156,12.7249461912953,12.9962973267174,13.9341671353414,14.7423431413762,14.2861948643222,15.224504608393,16.2579989706236,16.6828063331365,18.5282112375496,13.8748191759056,9.77325713856429,9.77325713856429
1.03860786650761,16.4840151926818,15.79681804238,16.149043010022,16.3957960018175,12.3173382086587,11.3960652178658,11.4319340691422,12.2327038182709,11.395189232338,10.0830537241294,10.2136019872997,10.323749602535,9.5532106276612,10.1329461931986,9.85460238398412,10.9052279835048,10.8104874297726,10.8771792403632,11.6221359735204,11.2117082064953,11.3930220041633,11.8877441424244,11.1606234384475,11.2496633741662,10.76041967483,11.9250877441122,12.750703606987,12.9586875894453,12.0560969016942,12.2532648904211,12.7712611501768,12.6469694779947,12.1434323250526,13.853555256236,15.8909383228286,15.679177678271,16.1252548110827,12.0281023834272,8.43787403649464,8.43787403649464
1.03860786650761,16.3506124293911,15.6173009489556,16.0550950652535,16.7862652828197,12.6884944675523,11.7373287216903,11.8405875482599,13.2813450191495,12.5193463928353,11.0679674526648,11.2919057973726,11.8360839720671,11.2765901064177,11.3732224866734,10.8763527905842,11.0619420839412,10.5431783259154,10.5202513302084,11.1081362819133,10.6498642151605,10.731150647775,11.0657833213559,10.2933833938499,10.3634426920714,9.95334799326236,10.3205651880223,10.7561176868028,11.5043076773414,11.3002443104487,11.6796385940577,12.4364128160086,12.58218829223,12.2456444288609,13.0100333770299,13.7705161760093,13.680770757968,14.2531726181672,10.6316468556411,7.45675366162756,7.45675366162756
0.81178545887951,13.0466983514152,12.5658417550423,13.1743614226953,14.5742596608731,11.1141076930013,10.3012699000741,10.4339274580385,11.6919172214715,10.9546844658792,9.75082085733516,9.86715815607359,9.98841718210274,9.41833544141891,10.0119574479681,9.74066434543501,10.2681477653195,9.96049629143138,10.0535719270826,11.0062769535939,10.5807712699205,10.8253586217406,11.6814012468693,11.1344192295708,11.3377110858806,10.9405103664043,11.167639441895,11.3922821130611,11.6643132509156,10.9182621587679,11.0565005110936,11.9820955597828,13.0658620168294,12.4625495405222,14.0977913004524,15.9779734895804,15.9205285550477,16.8430759070162,12.5159983167384,8.75292173512468,8.75292173512468
0.81178545887951,12.9131882266228,12.386136892878,12.8585800021806,13.82513421158,10.4953289240683,9.70965693266629,9.81354120806477,11.5715448683667,11.1695846128424,9.879842115361,10.0033457834362,10.1056311259181,9.33370487796527,10.0190139608144,9.767711024294,10.2124538022322,9.87104280910052,9.90971367429046,10.537355039192,10.0919990696323,10.1738283786943,10.7720549790134,10.3244589976893,10.3118726997716,9.72462651017084,10.597481800643,10.7468977717389,11.2962206063281,10.8782425444585,10.9093286431552,11.0284377040102,10.9135009682581,10.5812027708076,10.980432426817,11.3190933381501,12.289605723161,15.1769798944638,11.3172053025879,7.9327179967551,7.9327179967551
0.81178545887951,13.1799709374561,12.7451311763703,13.1792520871836,13.7130734951721,10.3316972338392,9.5552857993228,9.65734123337571,11.0935000622877,10.544489456826,9.31662020524156,9.75563718307148,10.1933913113277,9.46825459567098,11.0262993503983,10.9749244358133,11.419291045763,11.0260109637219,11.0760156213577,11.7637145666773,11.2945195341353,11.2919233034401,11.4239484547992,10.7898611514393,10.7384648966028,10.0876944500676,10.933194133773,11.1325110275057,10.9915098669858,9.92772228963038,9.91661487324193,10.0620022200225,9.81264902723387,9.42065215301436,10.1115867212057,10.8838534540043,10.8232736114031,11.3026606499102,8.44798950488615,5.94015044672667,5.94015044672667
0.81178545887951,12.9131927848977,12.3861448650237,12.7700229873854,13.375754238777,10.1059707237326,9.34995416774606,9.43694263230198,10.4843569926752,9.81877100029098,8.68650169051392,8.9220850591729,9.2039989645796,8.59546812440194,9.11154321694947,8.85298213610448,9.17480617466673,8.84630375672715,8.91852056505397,9.56806928045564,9.18005694666209,9.28577554137575,9.54864842038267,9.02620917110215,9.11670780754802,8.63745456589981,9.06379893070962,9.32437992358293,9.70983062490555,9.35407599261984,9.62914137148129,10.2462812726061,10.663329025791,10.3714214724135,10.9449685139278,11.4907328604375,11.7406196610818,12.9804257576409,9.67529706579924,6.77993495332438,6.77993495332438
0.81178545887951,13.3133645762284,12.9246323115665,13.3617400925176,13.7697228119619,10.3475621844937,9.56869713611271,9.63565473816204,10.5886439460325,9.89987120732054,8.74192404926761,9.0598197075331,9.39834152266218,8.70899969472838,9.28114965147243,9.02315508848778,9.55478480211944,9.29259562447141,9.32668870454444,10.1248383060792,9.7879709928836,9.88927267985453,10.5145654404068,10.0950904352554,10.3517192566175,10.1975551711601,10.2383372211899,10.6796660849723,10.751824254677,9.91807441655516,9.95870832150552,10.3130209840318,10.4567595218814,9.97793085056143,11.6290199016236,13.5579662006915,13.620608996175,14.6744186969501,10.8857330170537,7.5957582244652,7.5957582244652
0.81178545887951,13.0465909859292,12.5656539793341,12.9082409624358,13.2086937297668,9.92816899743187,9.18568533755987,9.2041432303316,9.9209862796456,9.31216541667573,8.23965677256869,8.25406399697347,8.54624471201805,8.19775937969193,8.42272802789252,8.1149667412351,8.30817998019214,7.96578763385863,8.03712924217263,8.79968731684814,8.46948840945838,8.60096858962577,8.95736710087387,8.42875685475191,8.53602623494712,8.16896222927742,8.42818131829371,8.92817232469296,9.42856324286883,9.15381826982248,9.22702213626513,9.38311365211414,9.39606874200767,9.16457614975578,10.1018299141571,11.1766248283713,11.5948072677046,13.157329035546,9.8360295157441,6.91290033085456,6.91290033085456
0.81178545887951,13.0465818615669,12.5656380213792,12.9524940538744,13.4316609797901,10.121073427071,9.36179577082891,9.43032672606103,10.3896213664262,9.72751259389241,8.59812866168935,8.81930100828701,9.08508747127355,8.4481266303586,8.72677241146184,8.40738762012994,8.50759770412823,8.09870457476871,8.15181033865582,8.82937757790893,8.35022103446826,8.38050517846042,8.66593502602824,8.22669121210112,8.28031174742218,7.96892790126901,9.18828783284392,9.30783753007354,9.41616837362921,8.76264680270961,8.997465380793,9.55557111623594,9.63663793807678,9.29361415652482,10.5055435507199,11.9039964175242,11.8758122353548,12.5298849875612,9.3239369220398,6.52275386198377,6.52275386198377
0.81178545887951,13.4467627771039,13.104141425604,13.6328189761221,14.2769255558575,10.7539866566636,9.94424105888325,10.0109508540507,10.9627968775138,10.2353884514379,9.0365151998049,9.23826247044955,9.39070525871258,8.58426790610652,8.64488083498587,8.26438341681654,8.47936653021052,8.12818697244029,8.1307452456647,8.29099360909323,7.87222934682681,8.02380505529186,8.64782307209199,8.2357344610358,8.44738357821702,8.32955476380855,8.71666680112344,9.01750468083601,9.25212484089624,8.71569118253743,9.18294243157742,10.2941124691544,10.7589348907705,10.3689344460633,11.0614305503545,11.7558452256704,11.7248582993019,12.3786535441522,9.2046122379769,6.43576147509102,6.43576147509102
0.81178545887951,12.9132019098841,12.3861608240704,12.6371959588421,12.7032796343017,9.5235836962741,8.81397192658248,8.85113568245609,9.65724389903669,9.08202361934923,8.04591972372693,8.30256175990833,8.70115308692187,8.29558665915256,8.62464279754092,8.34808269345711,8.74530727219164,8.471796088374,8.55906655009295,9.46523773160033,9.12948560386406,9.13677788547312,9.45819313041568,9.09696507950168,9.0743508334491,8.51333650403747,8.94159810634883,9.66791792564787,9.92188941552212,9.29188027578871,9.54085802092061,10.2530499995836,10.368479108024,9.88350203944206,10.6852194286655,11.5650157242214,11.653134504044,12.5953934869482,9.37880199584152,6.5708418655702,6.5708418655702
0.81178545887951,13.0465772993078,12.5656300422652,12.9967640841585,13.6553711710764,10.3147404829764,9.53947677082602,9.641440765896,11.0768600804233,10.5283213607477,9.30019721168901,9.62142214210468,9.96174434730926,9.21752424982272,9.56256050023691,9.21202613243632,9.09240994142018,8.54278174855649,8.51388881845757,8.68676509542635,8.20719429030464,8.2055589874959,8.44672148369452,7.99772219079928,8.03383601490745,7.64119315976807,7.6300463186958,7.72990805410406,8.17174353118867,7.94311259822566,8.07174285336336,8.3418652877228,8.40441452883688,8.23114509210002,8.84011054920486,9.49599796812138,9.3004410422955,9.33126176981878,6.98479144199273,4.91585483903436,4.91585483903436
0.81178545887951,12.9131882224825,12.3861368856369,12.72571907767,13.1502554243191,9.91046452274136,9.16844270921306,9.20354009539034,10.3154293713122,9.85140407327291,8.71349180019637,8.72291973481445,8.91789675189137,8.43123903073873,9.11400826292549,8.90521672706782,9.24128646627876,8.91643171778463,8.99226651891049,9.7707652620737,9.39973849823851,9.4332271026848,9.81394074391906,9.47354431315161,9.62853058586286,9.3258891675515,9.88310671234102,10.1709172109849,10.1326659689547,9.20622616661121,9.35734143805992,9.74106667469085,9.38080748679406,8.85148679299942,9.59297093353232,10.3683154227046,9.98653158501323,9.85432355931826,7.28451098960459,5.06571991912107,5.06571991912107
0.81178545887951,13.0465772988396,12.5656300414465,12.9524771127113,13.4309162438414,10.1203089410555,9.36022113085805,9.44539064752455,10.7997271806154,10.2808496665088,9.08441867962746,9.41228191336978,9.94521539473723,9.42871289797315,10.005979936749,9.71297783180386,10.0807922183965,9.70694277166227,9.68950271614199,9.61175490009564,9.06503936545072,9.12600243485723,9.35070078736273,8.70633527053216,8.65422895923428,8.07814832549826,8.06644306947902,8.28293051855241,8.23541789557628,7.55929692817148,7.64039349930253,7.95789995862594,8.17457387248554,7.98486065976912,8.42038364176861,8.89426353404047,8.98813958584722,9.62381888904677,7.22822767548596,5.10532107389822,5.10532107389822
0.765028208184244,12.3105171714206,11.8626059427538,12.2820661302038,12.945537956963,9.78412811939529,9.05495247488054,9.12640508805542,10.7261291525265,10.41594286333,9.22268369373833,9.3604667098523,9.47597327983519,8.76868973105969,9.59672521290563,9.39875002760887,9.68199569622623,9.29464448779004,9.32631989052753,9.82390445965425,9.38826300349069,9.49231770005535,9.81250819478896,9.21125615512216,9.37156571192862,9.07031713356297,9.29733854583022,9.63092435737772,9.78189443804687,9.11149452469984,9.26306099539212,10.1165876026214,11.0962039025255,10.5801270674709,11.0188849246072,11.3490653105753,11.1569429123548,11.5093252009359,8.51196750412818,5.91845804150128,5.91845804150128
0.765028208184244,12.3104912781119,11.8625606569309,12.3262569595097,13.1662896397219,9.97476360736964,9.22646105382154,9.31215653951513,10.9829628289724,10.6344783381369,9.39989659112809,9.50940604894082,9.59490466549607,8.81832301182111,8.94911414345957,8.57980260344818,8.6946077696695,8.28727550874485,8.31446905718377,8.67052669428966,8.24047185585629,8.34648409140014,8.83450003732162,8.42373972181475,8.45438019676823,7.98859786467744,8.64897178902033,9.48864194218218,10.322830119315,10.2548795400919,10.4833922177924,10.9751113568412,11.0948688060979,10.7385579209252,10.9380365936538,10.9647710196664,10.9703012887838,11.6608153208834,8.6561664663201,6.03703006013904,6.03703006013904
0.765028208184244,12.0437039999936,11.5035583855349,12.005567916419,13.2772913877015,10.1373050107357,9.37854214265317,9.51677445185598,11.4401279465973,11.05069882809,9.77353063139618,9.89297815048868,10.172856140494,9.5667906378157,9.70670633667591,9.30314528810127,9.39921262112497,8.93787479503727,8.96934794571649,9.72392472691971,9.28967960841128,9.40762289559084,9.80069973664104,9.1424507778739,9.10596721136709,8.56244038646264,9.23556185307178,9.31544254265831,9.58392607121102,9.01153208182541,9.27819441106175,10.1826832965313,10.7444028850646,10.2680282770728,10.5689020771289,10.7967889038782,10.5860050379221,10.7730309464624,8.03840410340588,5.64877908079233,5.64877908079233
0.765028208184244,12.3104821523958,11.8625446966082,12.2819361065039,12.9403462622051,9.77880415232084,9.04405845669014,9.1462374215336,10.8973269016341,10.5548740509764,9.3267996733051,9.65634317224058,10.1006645462285,9.49111014333157,9.83345110339595,9.49566095022372,9.81784988931965,9.4549251210235,9.49143481093792,9.86450264699418,9.44598392860849,9.50169004002332,9.64406444324637,9.02018679702159,9.13365803309205,8.8219482014835,9.17646746950513,9.42165369461726,9.68754716718167,9.11230409979216,9.16095009754133,9.26700401269525,8.92180220117309,8.60645358801946,9.31511230345114,10.0926875712004,10.0590280360853,10.5645197433935,7.87448520032577,5.51736426387309,5.51736426387309
0.765028208184244,12.7106721927632,12.4010640596068,13.050868848179,14.2361559810263,10.8022606285467,9.98849635808622,10.0892854564153,11.8342808436589,11.391412500509,10.0564377989495,10.1420469580814,10.2924777978635,9.49510191887563,9.81936233722073,9.45405044829934,9.63117891599757,9.19969311729345,9.20812088698702,9.53505524843456,9.05463889084989,9.21007435974878,9.68424528052175,9.09284650745003,9.18598762743844,8.76918746883951,8.96645313853696,9.12161618564093,9.47272706479183,9.00752489903262,9.09519869298868,9.40341088223355,9.47157319456138,9.11023136009495,9.10584271383491,8.92649879043572,8.80741973824377,9.08840313768518,6.76080153004881,4.73085106678059,4.73085106678059
0.765028208184244,12.1771113258555,11.683083458619,12.1881067411933,13.3370756973544,10.1563973904109,9.39872849317452,9.52133862164535,11.3683822078038,10.9934368883304,9.73260956945972,9.87089371519437,10.1725781431743,9.62160146084581,10.0288336020158,9.69947627401549,10.0208525313015,9.63575879865435,9.66151072504254,9.98274633627081,9.52267599728995,9.56050584794173,9.84649414053278,9.32717679259327,9.37021356264711,8.89313244745077,8.87432300927375,8.9608909305412,8.92518831291262,8.16639953885678,8.44674312682914,8.92744380714544,8.57042508440118,8.23546901649654,8.57803136265677,8.89629021388419,9.62054208090972,11.828043641318,8.82473794771722,6.19446699960856,6.19446699960856
0.765028208184244,12.1770930766628,11.6830515418903,12.0108911040667,12.4346322271804,9.37390786157157,8.67166208337659,8.70648436828483,10.1317829639988,9.87149244851376,8.73041188761614,8.73933419841155,8.93489578019935,8.45607992073805,9.18024907992886,8.98791678640324,9.3725313217643,9.0702004422271,9.16425722678195,9.85297732692574,9.45308554752885,9.50132849088167,9.57315488109052,9.00794145873268,9.1760172914852,8.87355583715511,8.91791698820016,9.22062131592697,9.4407051297361,8.85038407431749,8.99215208776054,9.49393182080268,9.73058494468043,9.34533814488424,10.193451211753,11.1276793150639,10.7836185191696,10.6672910567732,7.93636800674992,5.55016530108199,5.55016530108199
0.765028208184244,12.0436994374223,11.5035504058751,11.8284030969875,12.3770771433567,9.35710377702096,8.656188340757,8.70820317792643,10.5304640604217,10.4163239967591,9.21088845808546,9.21587581165845,9.40510374232856,8.85997817620626,9.78344001877131,9.5998983167539,9.98260415544661,9.61915538180525,9.65497706148528,10.1331591916519,9.57062878085202,9.58933039103703,10.0167747072481,9.60223741617481,9.57258328737863,8.95563515677065,8.93702410791578,9.02954863491796,9.10870475281378,8.44010899087721,8.50476803750064,9.06154448059736,9.74734177492677,9.38110882313071,9.38402920829597,9.21528706713085,9.20570255104099,9.74754866141176,7.25730946364872,5.08302642043282,5.08302642043282
0.765028208184244,12.5772694294724,12.2215469661824,12.7354860548569,13.5031530927269,10.2000175247127,9.43075485406911,9.51398060517942,11.8033853130747,11.7346810844553,10.3580362704111,10.552567243143,10.8809751120387,10.1346767247066,11.0749422232113,10.8258119605588,10.9855027551558,10.4655228252496,10.4428439267455,10.6304796371115,10.0541627674962,9.99862268228319,9.90421086403918,9.21557905020443,9.22425629319425,8.74796562463018,8.88444863354893,8.94805503055554,9.00445201772222,8.3352319862885,8.55178291079625,9.09905795682881,9.19597499438894,8.88255718492926,9.25385916964379,9.58951034077436,9.58578646993254,10.1253787688341,7.55208518950749,5.29486289882442,5.29486289882442
0.765028208184244,12.3105004017446,11.8625766136098,12.1934299259398,12.493811075364,9.39237247643014,8.69046982460735,8.74350074893485,10.8844923573781,10.92650653498,9.66872710416174,9.91093820168775,10.2934018811633,9.72362443262917,10.6081103554582,10.3931617076259,10.4806594488675,9.97832719907785,10.0568775994583,10.6735975991701,10.1757044551985,10.2420117032184,10.5757347861702,10.0412013965579,10.1148683719897,9.63719433470068,9.99140189053522,10.1329944601003,10.2514525034981,9.53649730696562,9.69494155309315,10.2986586692935,10.7026809105708,10.2334952209474,10.8594412160895,11.4283947801442,11.0008608918631,10.806274552204,7.98915157705311,5.55412724444063,5.55412724444063
0.765028208184244,12.3104912775383,11.8625606559278,12.3262569573778,13.1659869740116,9.97444979269011,9.22577190244982,9.34554622700984,12.1238604011947,12.2194345208372,10.7989894934037,11.1274077056408,11.8438616925772,11.3646943323863,12.2022945481631,11.8740291501003,12.1767207381449,11.6507376038617,11.6570352081518,12.1750387737511,11.4909826278322,11.4679294181486,11.6564481850727,10.9616880311078,10.9482365580377,10.3737889472936,10.8681233342473,11.0890402682311,11.1004916302549,10.1811530119009,10.2742330515641,10.7378035646984,10.861586052438,10.3879528030985,11.2090800024734,12.0880905094069,12.2626591163283,13.4353715562957,9.99007324239273,6.98543209379709,6.98543209379709
0.765028208184244,12.4438849158426,12.0420617903055,12.4644579912686,12.9986334119805,9.79635190289864,9.06095690526571,9.12920919235711,11.9737008497661,12.2710466124374,10.8457457406522,11.0663495160963,11.3326429500618,10.5250053904184,11.3117214563417,11.027952982755,11.7316109599654,11.432847571041,11.4592086047687,11.6807774614087,11.1309748629431,11.1523666735633,11.3645314981467,10.8071490103978,10.9152001775204,10.4138837489306,10.7994636538225,11.00321131665,11.1674158397337,10.4008632835274,10.560174695396,10.9833353995121,10.9618250811088,10.5251776587576,11.1979297494939,11.8809221726672,12.5449127651463,14.8236706903836,11.030166541283,7.71803757201136,7.71803757201136
1.261450933651,20.2587039495217,19.5061762978942,20.0526181425628,20.5482116602964,15.4435379350644,14.2339566102165,14.2372491764771,17.107695785974,16.9466109633122,14.8109963196202,14.5102643790892,14.1908807701767,12.4153189163479,12.1392783951677,11.4600070930368,11.2999934844932,10.6428576835216,10.5683520225479,10.7552292204059,10.233086814774,10.325213637616,10.968572238932,10.545976891143,10.7741718020384,10.55029833789,11.3322732497877,11.8734509510319,12.2732113767639,11.6790590979601,11.8958263560292,12.5530725850022,12.9939815816349,12.5271491010126,12.5211797806033,12.2111993278445,12.4580205423652,13.8482364175741,10.2490549441861,7.12771140686888,7.12771140686888
1.261450933651,20.2589788611443,19.5066571016102,20.1864997831668,21.2665796382547,16.0730305836228,14.8669207247731,14.9866711957124,18.393596721151,18.2376742358694,16.1189163864558,16.3351892216356,16.7786752643779,15.7037054474824,17.1461106085838,16.7628518031971,16.9035043202298,16.0488880592473,16.0913476370552,16.9120233739872,15.8217992658518,15.8228849430063,16.6261313427201,15.8526849302509,15.7381361010316,14.8632269851347,15.1789161191699,15.005053789464,14.7607057272548,13.1316237998719,12.8975497961223,13.0240415572341,12.6664715264464,11.8540131849997,12.1772897424367,12.404675205548,12.3774726909726,13.2196731822711,9.80974377918989,6.85684951547587,6.85684951547587
1.261450933651,20.258978870547,19.506657118055,20.0979258786596,20.8175503198599,15.684043617497,14.5081372119677,14.5598739859613,17.9529738968848,18.0308489166609,15.9412670443538,15.9457026732031,16.2274923139457,15.2455091638542,16.8373911605698,16.5350708815531,17.2604239067163,16.6823918510305,16.7314955742372,17.1389981839508,16.3069550312193,16.3695209998354,16.8668144900387,16.0604686355999,16.0682261726247,15.0805303262758,15.2578952075853,15.4566117256965,15.6454388713096,14.5005931215419,14.9104886259402,16.3176682409366,17.2642542805373,16.5587248511325,16.8778010372305,16.9961748660798,16.4557482541913,16.254882448142,12.0849513333385,8.44397144454935,8.44397144454935
1.261450933651,20.125585231931,19.327155983132,19.8711509041902,20.5355443391909,15.4728121680508,14.3134169853476,14.4856987233889,19.0885459493058,19.4276602443173,17.177904647766,17.9669179688733,18.9611412879229,17.8574923790253,18.7753370462791,18.1811101934777,18.5187491515226,17.6677909257716,17.6732666870253,18.2603914565663,17.2452716348101,17.2200799696081,17.4613950338136,16.336756730785,16.3359223851368,15.4940160372571,15.5883572413412,15.7021799236622,15.7574797107868,14.6067425882883,14.7870426035924,15.4212616557688,15.7235587833991,15.1405414855782,16.1618165385294,17.1855923205854,16.5117005890855,16.0241716917861,11.9152513483509,8.33348573343734,8.33348573343734
1.261450933651,20.3923679467485,19.6861502735922,20.3246839131217,21.0980597978666,15.8937311192712,14.6995710345664,14.7840926051785,18.965005335523,19.3074785346658,17.0601047640665,17.2690881109183,17.889764962709,16.919484587667,17.6444440448907,17.0530841746414,17.5944696185768,16.922338129787,16.9833293761876,17.6186670975013,16.8241668885811,16.8782171756005,17.1489013168637,16.2615935241019,16.4017695979665,15.6015649672891,16.3536527903885,16.6478171486005,17.1364596696033,16.1551801782349,16.3897201232979,16.8487599186518,16.3914332887477,15.7226219913184,16.3709529212383,16.8956549040653,16.5636256967254,16.8829891803274,12.5284458911976,8.73914444503098,8.73914444503098
1.261450933651,20.1255897941902,19.327163962246,19.8711678436161,20.5364380130908,15.4737310795474,14.3153307633422,14.3852790818638,18.4940855496949,18.8953426750294,16.7111873655219,16.8372855526404,17.3097921159644,16.359225022943,17.1968387842201,16.6654818127589,16.9838629624904,16.2384891174996,16.337882435466,17.2955556944687,16.4611170536079,16.4780409030684,16.8388330802576,16.0457614428104,16.1344961566243,15.3045089594276,15.8726061541425,16.2779628502788,16.6289938209629,15.6059170663719,15.7042835029169,16.2868686361534,16.7363614396529,16.1161940470528,18.1753362803383,20.5551899912557,20.081865279834,20.2326402774961,15.0685056877983,10.5553562630117,10.5553562630117
1.261450933651,20.1255806696718,19.3271480040181,19.7825600253419,20.0851411582413,15.0824084278887,13.9516265104546,14.0548545486326,25.7850795533618,29.8780169088994,26.4141507106362,26.976858242186,27.6996653708432,25.7853670448166,27.1475754713988,26.2550137348678,26.1987077795364,24.6390563499004,24.442105626722,24.3036886250989,22.1908318172527,21.6303718656426,20.9149835099688,19.0737455227271,18.5636408706101,17.1739536499841,16.8869735782553,17.0135797108513,16.7762970328662,15.2307483771752,15.3418986768045,15.8079490607936,15.5032408798016,14.8402019666378,15.6593283989423,16.4822234002061,16.0988097610554,16.2229995796838,12.0932524838953,8.48322495158765,8.48322495158765
1.261450933651,19.858793392127,18.9681457336251,19.4618709843775,20.1956924696639,15.24448280005,14.1026819512236,14.2237511084239,26.039254179216,30.1093793593155,26.6214067426666,26.9642463803993,27.4207643872292,25.4352814667165,26.0463219350201,25.0423566238243,25.2942377346708,24.0758273619029,24.1872555418241,25.7483912896833,24.588764741459,24.7054307102336,25.5503865727316,24.3540088121116,24.6066569951803,23.509852638017,23.9339388005656,24.5012733815356,24.5851637036347,22.6261690592707,22.8161992267465,23.644599793839,23.5732315539977,22.1491112153782,22.9215471120549,23.2387869198709,22.5517950250707,22.9883999790574,16.8047099833209,11.5526439543265,11.5526439543265
1.261450933651,20.2589651831456,19.506633179622,20.2750229369088,21.7137341233411,16.4600966722883,15.2217981958027,15.3739552785297,27.34167400353,31.2672695910331,27.6257065795024,27.8208075641223,28.6088563655124,26.9329103898913,27.8449832162568,26.8289064940673,27.7850426876257,26.7376756919985,26.7623707699514,28.21632517443,27.0487677669738,27.1004647481128,27.6384640959088,26.0729974430678,26.0652329584323,24.5689703514921,25.3769409609555,25.5848784201277,25.4095512561042,23.0985650335739,23.1764982301583,23.8567526055766,23.7441820268988,22.6877219949006,23.8091519516697,24.9014703079407,24.5400883027293,25.2477745694426,18.8068868843343,13.1785657296848,13.1785657296848
1.261450933651,20.3923725086955,19.6861582521603,20.4132747908155,21.5490642477193,16.2847582790731,15.0627305931365,15.182471622811,28.2471771556587,32.8355993829542,29.0247959574591,29.2453455045155,29.7876011776018,27.7994432372037,28.5536767653855,27.4761844399094,28.5165037256928,27.4630827737374,27.4665773113404,28.3858237312526,27.1161113058671,27.1949777493776,27.8611037587396,26.2828537516233,26.2979959912895,24.7773882839666,25.1586843994895,25.8131940060806,26.2476579878205,24.5288770722105,24.6221153278304,25.0248129347165,24.7340428152041,23.8005170032019,24.9946581352082,26.0792104107196,25.5221721266023,25.8538286981046,19.2145131793835,13.4248034094983,13.4248034094983
1.261450933651,20.3923770715789,19.6861662323659,20.3247177931346,21.1001502219961,15.8958831831305,14.7040886850452,14.8073154971846,27.7919138943819,32.4286375308976,28.6689115045772,29.0084180499263,29.4631075960712,27.3229686301833,28.9154242963606,28.0699070581981,28.2509506809162,26.8555484104438,26.9730107949916,28.249097142516,26.9080483686482,27.0643217043565,28.3379129831026,27.1688748510059,27.4252654649125,26.2788117992125,27.3429476940621,27.8500058057953,28.1458113463035,26.1567417320698,26.3937990447486,26.9603354396787,26.4072713196003,25.3957584274669,26.9032383805474,28.293221701102,27.4397627568681,27.3051290283364,20.2357779198047,14.0971631473193,14.0971631473193
1.261450933651,20.9259516262003,20.4041707723331,21.2761046612967,22.451424040973,16.9339911001591,15.6594814075801,15.7425834749119,28.6320062569994,33.1711104579479,29.3068407049541,29.3874749628358,30.0848799276781,28.2910434910756,29.2259170176856,28.1599366843094,28.3382070917917,26.9271791328872,26.9193456824332,27.3369223379765,26.058863263287,26.100122678257,26.7340877078676,25.4129010940248,25.4740693817432,24.0665674726639,24.9639927834096,25.4598005035885,25.5749072219782,23.666643347227,23.7796229344193,24.9128680763805,26.3909290756028,25.5509730434508,26.0173748939826,26.2348443855535,25.2304768733833,24.3291272460403,18.1987215687567,12.800863223944,12.800863223944
2.10606595152931,33.9553298653681,32.7446522084971,33.6445366820304,34.2860968674195,25.7336068801741,23.7188032291746,23.7533597156195,37.5607414060446,41.6598413558712,36.548083963589,36.3902974066351,36.5016467748041,32.9424282076009,32.8904639931168,31.3059893232454,31.2630319446834,29.5983677312346,29.5809159506404,31.5506840884303,30.0254971188648,30.1631436937429,30.899780836349,28.9575288980086,29.0546567911965,27.6237563852429,28.6570400140183,29.2609767919731,29.5556817478995,27.2984875220483,27.453466049467,28.0635106322444,27.2030134724341,25.7776486570378,27.3951630552155,28.9783962263977,28.8261159900735,30.5147218713917,22.617884785188,15.774046071016,15.774046071016
2.10606595152931,34.3559693921514,33.2839576959127,34.4151383415649,35.653671810332,26.8307152450568,24.8147571422493,24.9498358867163,39.201373044449,43.3496018994594,38.3071690713313,38.7271276102491,39.6936391116715,37.1353513645989,38.3465865640198,36.9376494628441,37.4395399479276,35.6652695208229,35.8304540079982,38.2129845898954,36.0790381790005,36.0600720864022,36.9887655725447,35.0227599148414,34.878590417263,32.8119512031961,33.5065069613996,33.8697907668003,33.6955280138035,30.5964137545332,30.7187928273933,31.3619509731005,30.076004816176,28.5574520028836,30.7268464779904,33.0024219983712,32.5592293378845,33.7617776262852,25.0482787887192,17.4807228464894,17.4807228464894
2.10606595152931,34.4893767336991,33.4634827964302,34.9962599519809,37.7364442013649,28.6026918216284,26.4548329891818,26.6934832081961,41.4438206772007,45.3708502322868,40.0959682632575,40.2943442017337,40.9000854758295,38.0327616897166,38.8840808361259,37.3415998114936,37.8126308920848,36.0122736589272,36.0086607509696,36.9817773190379,35.2054379254033,35.2669259544986,36.1960883368348,34.4035025816916,34.745869361801,33.3135223137506,34.7333553531398,35.2403219201802,35.295895417382,32.5526573341865,32.8215722005798,33.410475866424,32.6775982083689,31.4980813393908,32.8918693384339,34.0482927997283,33.2918408631455,33.6631544379291,24.9878270309891,17.4301434773482,17.4301434773482
2.10606595152931,34.889562212432,34.0019941814074,35.4108799988737,37.2351330943211,28.0691676579449,25.9619736459136,26.1838934921275,44.4746663259088,50.2499020497511,44.4153215111533,45.1887225242788,46.62779431784,43.7838395205806,45.7243587088763,44.1943950481665,44.8247439232062,42.681044068653,42.6846473146921,43.4702325158641,40.789189742248,40.5535483600963,40.5675401590871,37.8386474690093,37.5054487962789,35.0605730116835,35.3871226668867,35.9363655531378,35.5160563769801,32.1914465336814,32.3446127028202,33.0506448259148,32.1427852367722,30.7581779072445,32.7400577715435,34.8428323877543,34.7003474381515,36.4861468142567,27.2108935827093,19.0934862824249,19.0934862824249
2.10606595152931,34.3560013453683,33.2840135801468,34.4152569821666,35.6605846406945,26.8378289167437,24.8296494637357,24.9697938909235,42.8630660131596,48.8167910317847,43.1714588364064,43.6515003487777,44.5028192914704,41.5317736428317,43.7260196547416,42.3986532077536,43.7794619217431,42.1158596488789,42.3402238831122,44.4944414270322,42.4595195305687,42.7861625814055,44.3291011095159,42.1146573392928,42.2695887478551,39.8745352316375,40.9136479414605,42.1989028082338,42.5707895006099,39.3677972190578,39.5988488563782,40.4387374045268,39.5670162446734,37.6228280979363,40.0196662811485,42.2304778324535,41.5835837369809,43.1432766662318,31.8645405710648,22.1290561298135,22.1290561298135
2.10606595152931,33.6890149030939,32.3864759888003,33.5470361698058,35.5967092118761,26.9476953896049,24.9307571587494,25.2421985149675,43.9614448946727,49.8032803447914,44.039397775336,44.9556789141503,46.053371924367,42.8025314071472,43.4146227025562,41.6218127308077,42.3625847251583,40.4438019395703,40.4868252867763,42.0872579708896,40.202593239638,40.3969382746802,41.0792597809541,38.4504671030929,38.7151833385316,36.8711801264623,37.8536977974854,38.9523936200704,39.3473227685035,36.7238670426792,37.2223675497573,38.1645287312191,37.7397430482212,36.5789729017076,39.3110538634991,42.2187016463832,41.0804336385076,40.8501793567634,30.4811216855467,21.3859267979253,21.3859267979253
2.10606595152931,33.82238572901,32.5659372256979,33.596578563092,34.9758251718524,26.3759819958257,24.39751531281,24.5689967913076,43.8985192348071,50.4961166238527,44.6387218300706,45.0871735038894,46.3640438720147,43.6653279759723,44.6359141096715,42.906227528745,43.6098330740931,41.6295273546382,41.7645416606699,43.8723202592645,41.8788350279341,42.0297109594713,42.8562789132569,40.3197900887128,40.5769674654829,38.6653595423492,39.3084559531733,39.7396325211012,40.5847231155954,37.9815977279873,38.3641073345427,39.4010775209319,38.6187716503293,37.0295279360938,38.9984916642456,40.8554588378337,39.6152533656855,39.3276003178505,29.2378317267751,20.4445742799184,20.4445742799184
2.10606595152931,33.9557839292613,32.7454463386437,33.7347965352421,34.8083107131925,26.1977095980885,24.2322128648452,24.3176285811975,43.2320801949646,49.8946079859504,44.1049761118909,44.2139045337689,45.0361010639392,42.2285317265236,43.8022317152477,42.2820462562549,43.017874804529,41.1033593339341,41.2153873842929,43.5239698456741,41.9395015201777,42.2447302416887,43.5828273547762,41.2602501419805,41.6491227566939,39.8206318120957,41.4298259436038,42.0229998236982,42.360344146647,39.2136487012963,39.6460825854264,40.8078267647475,40.2372425400162,38.6161036812529,39.9095668039502,40.8188517533892,40.0210345219822,40.7884513249441,30.2909945120741,21.153695164077,21.153695164077
2.10606595152931,34.3559694076816,33.2839577230741,34.5922862780744,36.5530374621237,27.6100442837458,25.5352994961312,25.7044954989818,45.0241098309395,51.4981409959452,45.5087885286708,45.7016430219115,46.7628589541894,43.9228955051325,44.958448444401,43.2017526802495,43.9853099635819,42.0051723315599,42.1344319859655,44.2574443017588,42.0446923807821,42.2891979883665,43.9270493420698,41.7238102506523,42.0108174837468,40.1211106803645,42.0440198423943,42.7328305175918,43.3365124916182,40.3675565518799,41.1128949530983,43.1421571083894,43.3768143846903,41.7225092505866,43.939807642328,46.0325713313682,45.7293063534483,47.8687613657619,35.6007122077891,24.8926762300779,24.8926762300779
2.10606595152931,33.6890149020015,32.3864759868899,33.4141752566209,34.923043863221,26.3640891237478,24.3923058465463,24.5844640812497,44.7808048601823,51.7626192064038,45.778417314955,46.2633989173538,47.9480171264924,45.6020335083395,47.4510178041345,45.8462900435315,46.4412183954256,44.2526984662154,44.4164324206177,46.9549036258037,44.7811987234986,44.830041197454,45.8959175001953,43.4701203134307,43.5142783237137,41.238308288791,43.6204067476929,44.3375234401295,44.5544783978249,41.104962493915,41.3015977600731,42.4201754112894,42.3426861172723,40.6356395931162,41.7747724538456,42.5187968066072,41.4589721294691,41.6458983745798,30.9898241835553,21.6893474104196,21.6893474104196
2.10606595152931,34.622747560708,33.6429440352392,34.9129414401881,36.4408492452414,27.4462880730931,25.3807590532989,25.6339237721824,46.1299367148348,52.9424261595734,46.7761301960037,47.8470329892055,49.3236352549439,45.9619843605639,47.6325264518761,45.9435455154946,46.91746388168,44.8815540646476,45.0357054835044,48.0968173562659,46.0849737220606,46.212120186988,46.6332485108423,43.6647399515016,43.7918972904731,41.4175829256177,43.0466114219391,43.9594366571192,44.2846923595642,40.9661968200087,41.7599214223986,43.6970418194478,43.3553672523852,41.5830779803114,44.591092041874,47.7889379523649,47.4188683070672,49.5008837952532,36.8744339670659,25.8386322166196,25.8386322166196
2.10606595152931,33.9558113037526,32.7454942149649,34.0006199935399,36.1620537525764,27.3715245916275,25.3229896926054,25.5315692332897,45.8072717272504,52.6827422597098,46.5858036583967,46.8340983474173,47.5888124760859,44.4247132285312,46.7930111878342,45.3555443869323,46.0589223300841,43.9583679762848,44.1371854645725,46.7429674591109,44.7567486485041,45.1575041907289,47.3004444957975,45.1364806780718,45.6130276263305,43.7039992443773,45.7351415642337,46.7496364814094,47.1288800429406,43.6693742584264,44.3680855292262,46.3826942230912,46.7236994971739,44.9094301829489,46.7295561086987,48.1163302684601,46.4155254855123,45.5976997263392,33.7988443350584,23.5515740135574,23.5515740135574
2.77161064759597,44.4329646075495,42.7524428316986,43.9523826300882,45.1553488966357,33.9642622257385,31.3491410470171,31.4626240169184,49.1489450752876,54.2181382640567,47.7061983526849,47.7609820846652,48.2527060666169,44.1805055714493,45.9530176144053,44.3468366469984,45.3948370008041,43.5504630008507,43.770332695942,47.4253190806587,45.7206659500569,45.9862245613362,47.0471305300605,44.5990895983826,45.1216391366971,43.1822829987409,44.1849594026463,45.2885952160215,45.6645094817962,42.187285802463,42.6804800707489,44.3568454166264,44.3306222526993,42.5333264112733,46.4373462505874,50.879202360545,49.8552370433186,50.4861572738241,37.6886121868305,26.4681230966254,26.4681230966254
2.77161064759597,45.1003013685306,43.6505931091671,45.1319129441215,46.847002383917,35.2735049092537,32.6224173393577,32.8249848007959,50.9094762011252,55.9656635861962,49.4531173306443,50.0843991381057,51.3064914969841,47.8916381032523,49.3782315726694,47.5494296009086,48.5908987926295,46.4763349605687,46.7138182487762,50.727722687448,48.3570333992868,48.3771811844903,48.9066916652974,45.8842087653711,46.1011458282808,43.995583569953,46.0075892021012,46.7262348472416,47.0224697067647,43.4430615624367,43.7840772530265,44.8845804509561,44.1094657280386,42.3575428074167,46.4265427332761,50.9566976175898,49.5993589490828,49.575398808587,36.9005605612225,25.8274071974147,25.8274071974147
2.77161064759597,45.3671114704454,44.0096352979956,45.4969737004694,46.9655630234219,35.3106522193086,32.6606157274971,32.8998517001766,51.1597628673576,56.2022233910915,49.6770314716733,50.7839032981417,53.1289058408302,50.4486024830065,52.8902462599674,51.1953031750923,52.9353295605388,50.9208062142302,51.1417793715383,54.4230535233022,51.889611542077,52.0447333349246,54.5529535552847,52.4410728260168,52.7771529261298,50.4987044426471,52.653602599355,53.3747894697528,53.7452010615547,49.5772129458756,50.027033556043,51.5759126981692,50.7417705058387,48.5125855258837,52.3935520613083,56.3422206404769,55.3780322687373,56.9552841390441,42.1638463917137,29.3438304594123,29.3438304594123
2.77161064759597,45.1003333188238,43.6506489882876,45.176318543573,47.0779071976302,35.47457013025,32.8155112553229,33.0910498417744,51.2107809211007,56.0707353222124,49.5712383569183,50.5842110028603,52.3987946821229,49.3094146584292,51.6259184047028,49.9531816137362,51.992333276793,50.17141734999,50.4622317166936,54.8909104610192,52.6994492518387,53.039394821465,55.3470382455087,52.9185480270762,53.6579933722376,51.7476328512522,53.8091756416316,55.1131299476307,55.8329357459116,51.9182616485843,52.6596297628762,55.0979468851891,55.7324706133956,53.41708882133,56.6971232742072,59.9457618956312,59.5482853389638,62.4455392332227,46.4207738578465,32.4527537952742,32.4527537952742
2.77161064759597,45.1003241943055,43.6506330300597,45.3977195132801,48.2003440476267,36.4469114025391,33.7124010592414,34.1237054449914,52.8992382969688,57.5837949896797,50.8990824559259,52.2282712711352,54.2859216418725,50.9891386448875,53.7869906226579,52.1328350887828,52.8011228691762,50.3020675874063,50.5155929392861,54.6519596292219,52.3222648272966,52.6420489075685,54.6941821141835,51.8995534130195,52.5492439116028,50.65220696009,51.4993388994116,52.2786100945178,52.7589782538804,49.010137652629,49.9633903457344,52.5761514160013,53.2907421422871,51.4470414535538,53.7886340592838,55.9286653336739,55.2289593229773,56.8937132027474,42.4238831372737,29.7539996800659,29.7539996800659
2.77161064759597,45.3671114712261,44.009635299361,45.5412606730858,47.1912243256361,35.5063345774623,32.8426182547103,33.1339635869935,51.3314910865278,56.1744653877368,49.6575084633767,50.9989194496523,52.7067266094224,49.2133155321664,51.3380188072865,49.6483650885008,51.0197800062966,48.9801606393266,49.2607218262154,52.8390709055481,50.7327976248625,51.0656179489904,53.2751256803779,51.0035850680711,51.4304367896663,48.9446247321273,49.5416151711392,50.3225102325146,50.9813497431806,47.4818359695092,48.5998889245496,51.2663455125653,51.4884042628258,49.5957303301028,53.4053384180164,57.4852258509858,56.7834066678753,58.5968915890973,43.6645554735869,30.6015434918204,30.6015434918204
2.77161064759597,45.9006951505219,44.7276557978289,46.3598205115403,47.8692702114031,35.9612743868635,33.2603134291018,33.4467655188356,51.1393957347177,55.9920526676567,49.4835480195917,50.3526782183883,51.9529158971189,48.7356526578833,51.4519086845471,49.9009924402084,51.9418402275608,50.1349696928461,50.3338044314372,53.6973482397605,51.5713441493951,51.9569840839011,53.3834745987083,50.2755597208486,50.6188806394313,48.1820195223828,49.6496360824519,50.7577748038811,50.9814780012898,46.9824642786971,47.9381069366651,50.2950622368904,49.9418406374047,48.0167004558532,52.9943318349855,58.6686111862573,56.8705398380274,56.1893032125442,41.884887596051,29.3602655198529,29.3602655198529
2.77161064759597,44.433383375715,42.7531752317632,44.2196593112545,46.571828435924,35.2024656232857,32.5724094528351,32.8703241226946,51.0940288109561,55.9889436735498,49.5286320349138,50.2603015272159,51.776091926839,48.7560532574782,52.4538645952985,51.1369700083269,52.6568460588745,50.5508079431691,50.8444908992118,54.6164790024938,52.0353497817572,52.1964858718421,53.3914262343999,50.4730505063128,50.7677822990102,48.3338791869681,50.3598289237507,51.8036119867051,52.1685283731107,48.2742951740362,48.7725490102955,50.1506405076949,49.5073078373095,47.6285329039049,51.223500528193,55.0080417877365,54.020793854643,55.1013984849899,40.9969876078076,28.6798381813823,28.6798381813823
2.77161064759597,44.7001204670046,43.1120897294465,44.4958750436144,46.2275886659526,34.8364705544892,32.2224059154017,32.5648758350647,51.009070654482,55.8820766015809,49.3960761899022,50.8425866547762,53.3663769348158,50.5864299380744,53.5404393738798,51.9677545641532,52.8010701269089,50.3988413384289,50.6541389758164,53.9036957406406,51.3490371234213,51.5951372051823,54.1878956261806,52.0564606903201,52.6309327363333,50.6834578775491,52.7978790272603,53.9174793050286,54.8357537219207,51.3189011579587,52.1494932266696,54.5353520247303,55.1463942485677,53.1101253453449,57.197337045855,61.3349115430033,60.814835449295,63.5463803409595,47.1437055951899,32.8780142143549,32.8780142143549
2.77161064759597,45.9006723376656,44.7276158995301,46.8911794451525,50.5621513866828,38.2938920820143,35.4106707665845,36.0045697332183,55.550943205047,59.8750630589364,52.8868506469527,55.0379695634409,58.0890194256746,54.6914496382759,57.583934451205,55.7453009448029,56.4107662060786,53.6946925874038,53.7360965546664,56.2875334392458,53.5549069221397,53.6935731297922,55.8116303801573,53.2430292927631,53.8121810725855,51.8822648379442,54.0693402912016,54.7794056761748,55.231596860382,51.1340963994217,51.9501953795531,54.7817038391663,55.9291143946283,53.7574991809488,56.9869597843909,60.2126466518683,58.6130249826359,58.5877670847613,43.6129320178003,30.5319532982484,30.5319532982484
2.77161064759597,44.8335642907838,43.2916786351692,44.6785493832203,46.2949754555285,34.8633840065089,32.2589341712892,32.6084909029885,50.968168856071,55.8108802046015,49.3766224379231,51.0179016445132,53.2646402047859,50.2275966751261,53.658526870105,52.2732054816003,54.0627831984904,52.0765983341236,52.5661354729994,57.9655166133404,55.8757168854281,56.2415484494713,59.0838476430275,57.020122434686,57.7029121238967,55.2440965105247,56.0650208452653,57.0985493860004,58.1210979605935,54.1599807250905,54.9597572466816,57.2793625418394,56.8994287213263,54.2495037410988,58.8755857113977,63.8546596942302,63.0407284559496,65.378638126415,48.5783507640464,33.9638767377829,33.9638767377829
2.77161064759597,44.9669214314829,43.4711159374541,44.9494758125617,46.792929928774,35.2602886706964,32.6145098573031,32.8711934341548,50.7872547104062,55.6142488540093,49.1581787050906,50.0423754982748,51.5663088114134,48.3090789532147,52.5988783102554,51.4396310718612,53.4891836736967,51.6054591577059,51.9094751432337,56.1274832956622,53.8229048506225,54.3969910653158,57.5193110338285,55.1070647320915,55.7988027368868,53.7375186262257,57.3286986906366,59.4813834428941,60.4799995110722,56.4465716595332,57.8122815655548,62.3479853924698,65.4559600905864,63.0927595868376,68.3107856770034,73.884783424745,74.268488709033,79.6457585263192,59.2294608117816,41.3964323729176,41.3964323729176
4.05793245927636,64.9497481569888,62.4529828491493,64.3353535479798,66.6903742266034,50.2498035457518,46.3494361668972,46.7332342298786,65.3267309374504,68.3626667705235,59.9963087956667,61.0096365752439,62.5198642857793,56.851483080323,58.8026808277126,56.5483697333147,56.8179106356956,53.9435236989352,54.009359519201,58.6409511262903,55.9156817501352,56.0464787712516,58.1653236150149,55.4501698001894,56.0232149118901,53.958728896224,56.2806901442217,57.8624655081275,58.6799299626427,54.67108499655,55.6966249689269,58.4779249759381,58.751618789621,56.5207902691157,63.3721874897912,71.3020836772865,70.7081352280785,73.6238551769039,54.8771428669285,38.4776517694289,38.4776517694289
4.05793245927636,66.2843877642217,64.2492240892866,66.8271491616774,70.7442928313543,53.448786090794,49.4283849909953,49.9189683726681,68.9674044488362,71.9549450853535,63.5641328625992,64.9317806532124,67.1797118348811,62.8605085839758,66.2426670871976,64.1575862174326,65.6679999894049,62.8423715396521,62.9928428447064,67.1700101054026,64.0353236279843,64.8154206243056,69.6821396255349,66.7177819877072,67.2351823874816,64.5728044528416,66.7343399295096,68.2399090397064,68.9561300341957,63.6375674722606,65.0479621106152,69.768757894808,71.0279092611015,67.6331409996986,72.6321220413346,77.6546345449486,77.769168852295,83.400663701096,61.7646983938585,43.0147608548777,43.0147608548777
4.05793245927636,66.9514016055076,65.1468095998384,67.6954717051158,70.814059459477,53.344981693572,49.3399643117728,49.9210152883848,69.403241463715,72.3702549351364,63.9619774691814,66.6197032279111,69.912120028005,65.571266934215,70.4704431604177,68.6780998663963,72.0509155402109,69.75560136399,70.0416126010126,74.2956368269079,70.8293524555523,71.1522283353866,74.5178876886246,71.3401970203694,71.5517185524093,67.945297521976,70.3032662603623,71.6568152189383,72.5217887897566,67.0973550146528,68.4394300352117,72.3626277254401,72.3085877918515,69.1724415691941,74.1151985394469,79.3816384682243,79.7985797451706,85.6927926579634,63.7936163950355,44.6620827641264,44.6620827641264
4.05793245927636,64.6837325626671,62.0953302058031,64.017529723814,66.9276667679809,50.5419883799913,46.7686551817694,47.4657082608281,67.8398308307527,71.2238633566537,63.0234301938329,66.0410458427045,69.6588364594848,65.6520242746718,69.6184894520815,67.6320267484807,71.232261847925,69.078937882316,69.4660028124155,75.4013457641078,72.394508928661,72.7022255961868,76.4824666264186,73.7448996423623,74.1187417170001,70.4927845864114,74.2470423145616,75.7684124634362,77.3260308921575,72.4607476569888,74.3085132241136,78.5371073250661,78.3275243839887,75.084290777534,83.2338420166226,92.2649034628195,90.9861040146758,94.0106667188014,69.7932360502904,48.7233480887502,48.7233480887502
4.05793245927636,65.7508041113195,63.5312036369795,66.1857373000611,70.9647432890684,53.7722739689291,49.7292525491303,50.5126045803299,71.3144201275364,74.2753893212898,65.6206648236593,68.2259386829089,70.9023624418707,65.7058654164701,68.8175865347279,66.5469843054014,69.2180686744477,66.7477088152889,67.2660015531239,75.0960605739482,71.8540321883045,72.7615691830868,78.0124804185067,75.0494123677575,75.6939464717082,72.405031222461,77.61958710938,80.1693834942098,82.093456951483,77.1653274845927,78.8446100426625,83.4426392972492,84.7434836536952,81.2811610538463,87.0430068118638,92.8405842957347,90.7021716835578,91.7802651103412,68.1214010506906,47.5461521126543,47.5461521126543
4.05793245927636,66.4178088010702,64.4287731420525,67.0540258643386,71.0330920660946,53.6670149028528,49.6378462126154,50.0987543207149,69.3435954369181,72.5193327984418,64.093776298508,65.2996048292351,67.2601631742796,62.9374016226791,68.2184280918168,66.6546155729248,69.5123939388118,67.1785047798963,67.6948767175077,75.4660209274232,72.9854269541792,73.3695552133943,76.9580475206881,74.2134778202531,74.9575828722787,71.7996018826048,75.1911334391969,76.4755794079112,77.2831138386731,71.5950032330925,72.2692901910251,74.7372133960821,74.6913369031626,71.881268903807,79.1510357622576,87.5042656674472,86.5710744872187,89.4884962467006,66.8193815887195,46.9377520881633,46.9377520881633
4.05793245927636,66.1510443371618,64.0698107713229,66.4676997109232,69.7989918342444,52.664616164594,48.7174938254632,49.216895844008,66.1640616895602,68.2048909170088,60.3038236628091,62.1119792195899,65.022116122376,61.4777399469804,67.2318124248277,65.8596365134334,68.1379224219079,65.6251696108899,66.1358367756615,73.4516451380813,71.0263638561464,71.9592813655705,75.8434395370219,72.1264301871735,73.3660034047524,71.2089589792475,73.5792239239055,75.167083671506,77.3159674139126,72.9509312983323,74.1880148628286,77.6418455901542,78.2738841453906,75.516334333104,83.0074435369196,91.3227736294891,90.2667532026866,93.307719952869,69.4522397231384,48.5999324255077,48.5999324255077
4.05793245927636,65.7508542972627,63.5312914091432,65.9644887892456,69.8506566380058,52.8085213466411,48.8502860680546,49.2979847033062,65.9954951372522,68.0512309902044,60.1648698964556,61.1828786287827,63.8309516695478,60.7309413439877,65.0692681753966,63.3622759726478,65.4124759388016,62.8951943007652,63.3102882292614,69.4738697346721,66.7481803231985,67.0567920486711,70.5777549940231,68.2303987281945,69.1449122948342,66.6378294317378,70.0694328039482,72.3407643071114,73.9529129405733,69.5418303637572,71.6300566749453,76.2468659425821,76.9370540191136,74.3895121735426,78.4003409610981,82.2903665857532,80.758653177085,81.9869144246051,61.1103167042938,42.82305745658,42.82305745658
4.05793245927636,65.3506596938559,62.9927640656662,65.2398260749588,68.7787048387647,51.9788850981075,48.0838655562232,48.7038150863117,66.232017881044,68.2676869261209,60.3612075237763,62.6188687330032,65.88442224282,62.2655223142625,65.4427275182743,63.3970894317987,65.5917544537554,63.108084402754,63.6904014408566,71.37696144525,68.2302297819575,68.5524508180717,72.4143061672658,69.8857535161753,70.8059475149514,68.3896106493636,70.9048789501788,72.4831621939263,73.5582214822571,68.5929365007498,71.1007576000767,76.2652984494982,75.7703768518429,72.7189082735668,79.084346141497,86.0031296993122,84.5144878648455,86.4504014784356,64.3331757803955,45.0370438210857,45.0370438210857
4.05793245927636,66.4177951150729,64.4287492060752,67.1868359580843,71.7037735803217,54.2475504666664,50.1698666971535,50.799359577549,67.8370252411374,69.3563163346359,61.277152789695,63.2232852124026,66.0282290042749,61.9634667069273,64.1314842314796,61.8281561659463,63.4221650817359,60.8041695955056,61.141752761115,67.8642173423374,65.5853010333051,66.1396451263607,70.5720939968519,68.3500005316985,69.3935077222365,67.2422702172085,72.5185975150578,75.4566517880197,77.5600549322285,73.2193518059858,74.959036390033,79.2918138750847,80.2818295586252,77.3461005040408,85.7497067730108,95.0605212736145,95.8608896610911,103.67497375216,77.0207989833365,53.7873235015916,53.7873235015916
4.05793245927636,65.6174697822284,63.3518062308101,65.5605998113148,68.6726213766659,51.8214047448791,47.9423778327671,48.5133931391168,65.262417730516,67.0859126426584,59.3330454463558,61.6233767968564,65.8476122264187,63.3274115481251,67.5151904108252,65.6935839457501,69.197388511249,67.1348709723741,67.6583047560182,74.642359043499,71.6290018466377,71.9693203319158,76.2608430764427,73.7725763658603,75.0714575759282,73.4565253877911,78.6888653429216,80.6181265183735,81.7488545460878,75.7884891408243,77.5621180920531,83.1017529023685,84.7052691007756,81.0962115136471,88.4158853671721,96.4711445052239,95.9397863625365,100.758377450446,74.9442825817044,52.4214191413533,52.4214191413533
4.05793245927636,65.7508360476018,63.5312594915957,65.8315601200907,69.1728155277492,52.2206162252709,48.302811018341,48.8512707809091,65.4948588602944,67.2695304075904,59.4614368074815,61.4625088666403,65.249839285229,62.3870978631888,67.4360542775705,65.8195317617395,68.793512891891,66.5069498653017,66.8795353202274,73.4846245116115,70.8427915596065,71.4206629123187,75.761461730027,73.0206267819014,74.1885413511078,71.9434807275758,75.4473182273918,77.4696286204067,79.4992297647154,74.8266800291735,76.3578841397179,81.3330696282036,84.14222214308,81.0425906240869,89.4918535433025,99.0226487339378,101.208195793194,112.252120997093,83.61922826659,58.5828256145246,58.5828256145246
5.14926658720629,82.7975100465697,79.7608341930137,82.0651169385793,84.3640427609215,63.4504773619562,58.5809375226102,59.0460418715735,74.4299018487415,74.48703718671,65.482091963001,67.2965018764816,70.216044189131,65.0452191489687,72.2178365183713,70.8953377227063,73.2690748890612,70.5253064303691,70.8407267461142,78.0533625555764,75.1535221512729,75.9700717894501,79.678310264678,75.605638395526,76.3310919399564,73.2805117701229,77.275092590657,78.5372806028178,80.2504008278445,74.9240024007167,76.8487498894617,82.0496457250184,82.6134626067375,79.2211536978074,87.6702346413979,97.3321154285746,95.0242512127166,95.5859333479028,71.2239430070412,49.9184392249531,49.9184392249531
5.14926658720629,82.6647162101807,79.5823820757238,82.1062908144647,85.5261761280832,64.5058231527092,59.6676808260711,60.1824398931752,75.750436955698,75.9657952166985,67.1512166556998,68.8195349300232,71.6062008966295,67.4258025223179,73.9300288325003,72.412347092457,76.3458944125503,74.058196806298,74.4743285478324,82.3621552026867,79.2522615815666,79.9217418613626,87.138917452972,85.4410509803877,86.9407220891167,84.7092964967411,88.5154339292318,90.8746184426723,92.4900078293421,86.2238873231775,88.0521492289212,92.3441647863248,90.9442878925522,86.8237925955886,94.6892912641639,102.913865317812,100.884316258279,103.256295472063,76.408261393279,53.1610515395833,53.1610515395833
5.14926658720629,83.3316798613621,80.4798798068339,83.1958618532675,86.7100164695605,65.3657579704628,60.4581972549789,60.918492362014,76.2263227106683,76.3815809690789,67.5030381785641,68.9211916166458,71.6882419424822,67.6588902275374,72.9386069537157,71.1348431202494,73.9375066290515,71.3070801027121,71.929140396471,81.8390447639701,79.0006503763362,79.4794729640628,84.0257235444766,81.152978411856,82.3422681287108,79.8462334000537,86.7306645309902,89.1493503075081,91.9472106244272,87.0079938588779,89.3924124122118,96.913268385398,102.045407892199,98.2517075230231,108.913268501134,121.033545139345,119.178581096865,122.156129146941,90.9944739975271,63.7316904287676,63.7316904287676
5.14926658720629,82.7981281188174,79.7619151638023,82.2445596851314,85.362763252713,64.3317803468805,59.5113538522968,60.0461311028225,77.6762209117833,78.8799657369853,69.7462868805025,71.7876796798751,75.2525911255265,71.2969836996674,77.8575396838952,76.1970710245812,81.1706097993466,79.0679844671848,79.666427896736,88.7950793863208,84.9117460572302,85.4326117056931,91.0342347623493,87.8714089382051,89.0289010415071,86.399808417204,91.8012070957035,93.9548551916084,95.1884655949897,88.293784231696,90.8831736899509,98.6747745463661,101.962832066992,97.6602853843159,104.252669688418,111.030217813537,110.870970621698,117.514301498624,87.4027525327142,61.1445328936745,61.1445328936745
5.14926658720629,84.1320462561003,81.5568945968549,84.9108244000905,90.1988791175978,68.1898224098606,63.0631462633918,63.7592566622568,82.1741202367329,82.8815325304199,73.2197369651742,75.2497959910707,79.7661370846098,76.296695313695,82.2342388996797,80.1407934060676,82.0136482110113,78.4932079175153,78.9085771867092,88.1954955459252,84.9341942917404,85.4340487322319,91.7505422413087,89.3168322252371,90.1630059793515,86.6593964570118,91.6393883438822,93.8850310823973,96.6770532018715,91.4357451282589,93.8298252641411,99.6501925880858,100.782819167895,97.0964442011777,106.178993407428,115.997515656128,113.610751529553,115.319772090693,85.7206872201489,59.9186125901331,59.9186125901331
5.14926658720629,82.6647618548484,79.5824619054729,81.7964515027277,83.9638571804079,63.1539176126978,58.4318664918423,58.9556172631553,76.5290107876785,77.8768242958953,68.8994742642318,71.4669838425023,76.4831460899387,73.8735733650752,80.27612820244,78.5502708422592,82.5002172217845,79.9771425072185,80.6074069649657,88.6457154859214,85.4590488885198,86.1918344332783,90.8411172317581,87.1165941550367,88.0303183754323,84.4712215114347,87.6134973296673,90.0033654327393,92.8252238760994,87.622933019007,90.8323502712326,98.0635994929305,98.6539708321464,94.9924701775011,104.358144327886,115.016067212513,111.865878560235,111.269422444388,83.0252075810339,58.2621494582479,58.2621494582479
5.14926658720629,83.5984671401559,80.8388820794113,84.0479945353934,89.2951701561733,67.5391907158214,62.4633233901406,63.1263141427958,81.3802247188165,82.171447520923,72.5976299303434,74.3010230577208,78.4675643435706,75.0043489619018,79.523690776409,77.146229034096,79.5446026510653,76.3934941101415,76.8982378408708,86.676252420329,83.4612924665745,84.3465340678506,89.9178170411052,86.4600291961326,87.6563437911876,84.7040813593069,90.8745504156965,94.0004291626592,95.9320037751655,90.0214965515144,93.5563695752052,101.571014365404,103.464251540178,99.4629386861877,107.03485398116,114.840105872482,115.230034629498,123.45229320029,91.7187718386231,64.0766633904738,64.0766633904738
5.14926658720629,83.0649245208806,80.1209333924232,82.7424304838002,86.1540716641781,64.9516056209127,60.0862778418999,60.6906940631954,78.6564688769894,79.7682006998927,70.5394699770932,72.9337166476759,77.2387034865022,73.7975292423988,78.7679277974079,76.6657126729143,79.9339932960994,77.2163677189363,77.828342049618,85.9523126267732,82.6162434954331,83.5468735944222,88.3934458495384,84.4226756269257,85.2627760283985,81.7786329042004,85.3324966914982,88.0569772853058,90.7364003317779,85.6749148657367,87.9925257351106,95.4479539375624,100.418234619697,96.8182581219322,106.418754796461,117.308899288369,117.318079643614,124.183981131364,92.6388748403064,64.9948693269624,64.9948693269624
5.14926658720629,82.9315126336956,79.9414003418625,82.5155877533561,85.8674386660287,64.7356074362103,59.8815063781469,60.4828747537868,78.4355422329415,79.5541037951925,70.3297044075157,72.682473411899,77.2138000571533,73.9361675476849,80.4546453958278,78.6735731704223,81.2814538338,78.1750983929088,78.6902677956468,87.712648903376,84.6825844817702,85.1137956382921,89.2066189824154,85.6499033354401,86.5813215196571,83.3601982997953,88.7032702593301,91.8885662608303,93.5190999828009,87.3067482768207,89.2463892975391,94.9042248081646,96.7887199365692,93.0241764469906,99.1219885338382,105.29772542771,105.156403537018,111.362416366659,82.8377349483303,57.943937835161,57.943937835161
5.14926658720629,83.8652635409707,81.1979003058489,84.1029956323123,87.8384763859037,66.2111204533706,61.237828702162,61.7310318324734,78.5384246919196,79.2511291444162,70.0310147503526,71.6559442817465,75.5929920127479,72.2999761484728,75.5168591674861,73.0151910546751,76.5110579571433,74.0737052231886,74.6004465501701,82.4257622988628,79.3618029724853,80.3631763537316,86.3559762250847,83.515274606585,85.3609649995387,83.5993414622331,89.538987861541,93.06540640428,95.6042686852133,90.2338636165219,92.5980833528418,99.2679085400099,102.824644441217,99.0254278349777,108.271811100257,118.274628612721,118.797405402935,127.404766254207,94.6808298244712,66.1503756619445,66.1503756619445
5.14926658720629,83.0649336460231,80.1209493517427,82.4767425466929,84.8059791181639,63.7835878008273,59.007398249724,59.5955776053494,76.8550181888606,77.7781660895148,68.7850001881054,71.7454638551591,76.3154517678595,72.7575774350523,79.8577620493609,78.2954812477968,81.8897818449317,79.1878330437553,79.7212174145601,89.9470823434322,87.2549021278497,87.8068296960494,92.2981669204706,88.386739854921,89.7352365191434,87.3227931932926,92.6317488072834,95.2520487861329,96.9393141516042,90.2466261787895,92.4959838371527,98.3597401470165,98.3542744886525,94.1836947342363,102.503771575185,111.721419580352,111.871322085642,119.143273570655,88.7453310435205,62.1875708702882,62.1875708702882
5.14926658720629,83.7318744657058,81.0184071519497,84.0533854801635,88.4557837129516,66.7791561099945,61.763410846695,62.5141285618536,80.562949796372,81.073172330531,71.6394374700631,74.4851947920697,79.2890678242165,75.5435395801723,79.6129953664639,77.1240525670119,81.0002879681232,78.4303244204184,78.8598447391986,87.8162688924604,84.5947898856404,85.6318346703225,92.6677821354293,89.6978627767429,90.9876146903888,88.0775770311376,93.5166243110553,96.8750157729015,98.9928333987094,92.9765128570421,95.6366584354562,102.433092762383,104.749679370768,100.789659821264,107.749717818269,114.740351754911,113.420731189422,117.599663143709,87.3722413941845,61.0375625911247,61.0375625911247
5.92026380611761,95.3355596266479,91.8929927267036,94.66584082281,97.7107857364495,73.542917160991,67.9529488245451,68.4744703528088,85.6521875964827,85.6018388978438,75.4296961846563,77.3502723214529,81.1507505392333,76.3765405000912,81.1467565779781,78.7912669231612,81.7824783407806,78.8634542398666,79.4074309469525,88.4037521618446,85.0607036292329,85.665809848077,90.8596322119164,87.798760094339,88.8214623514522,85.5196983246309,90.8202537680013,93.4599200052771,95.6809344044131,89.7673475503387,92.9246131187122,100.759018205543,102.939778809189,99.1358832695502,110.38000853851,123.353517187398,122.775193786445,128.707319637556,95.973873216469,67.302469999297,67.302469999297
5.92026380611761,94.9357874286248,91.3552041445644,93.7655985972063,95.8059181073684,72.0021381339499,66.6061140127646,67.312339978447,85.3421110089965,85.5290105446435,75.6239314647669,79.4534865914129,85.7143823846494,82.4290672909375,89.0680032290938,86.9405929070241,90.9243643221987,87.8901445354453,88.3576472123967,96.8627368067419,93.0054300987643,93.9472848069091,100.589584324001,96.5567726995591,96.9373477668066,92.5973857231724,98.6556044887771,101.416234941565,104.441543399219,98.2856548134917,100.042058793994,106.034339088584,107.8543225288,103.327707477218,109.374545977398,115.188964201266,113.986659236402,118.618441839608,88.0836204985913,61.5044512435503,61.5044512435503
5.92026380611761,97.3368592504526,94.5862006594765,98.3346540363433,103.345513206553,77.9373542399903,72.0706917202717,72.9501691498623,91.8255251147959,91.2936116565845,80.6231680849288,84.2664595027648,90.4053469209201,86.3167361289554,92.4223210358357,89.8888209672248,93.0722945765906,89.5465618615455,89.897785901414,98.528381189911,94.608405464375,95.5397907821047,102.98261380078,99.7869096897611,100.718236991859,96.6774113172542,102.672894501207,105.633414084581,107.378854197513,100.196487018648,102.872453828924,110.739432488069,114.455137959443,109.907735008608,120.854543068594,132.902455071521,132.601835467346,140.318098528968,104.293650862202,72.8984927183216,72.8984927183216
5.92026380611761,96.269792264528,93.1503352082337,96.5207591589678,101.109627161989,76.2682688620854,70.5566580904471,71.3341837630546,88.7934395427572,88.1076390488632,77.917929398919,80.9911410969683,84.9122220940605,79.8578033994228,86.9517610088231,85.073817604441,89.9796045613813,87.4830859556907,88.3072791801624,99.1403140840653,95.6114228688149,96.7892657760607,104.510301543237,101.589170208843,103.008600959025,99.3823743161799,106.666735052023,110.013057775211,113.809172312171,107.626248307506,110.084177682459,117.05388421438,118.903918959635,113.881881049898,122.272730006766,131.027080108184,129.397700948182,133.968351226377,99.5725835049868,69.59479057567,69.59479057567
5.92026380611761,95.7361812135497,92.4322668383571,95.7020976909025,100.425171976708,75.8067297444524,70.1250956301287,71.0714293342231,89.346765237845,88.5926502237211,78.329355147119,82.2629860980972,88.0490509090649,83.9399075120299,89.8574577408759,87.4776016168222,91.9379117283705,89.0659848941572,89.4899686465134,97.0270420177573,93.0520875418408,93.763439585384,99.3289134461604,95.366408659608,96.6974809042802,93.8775075843508,100.644358005322,103.437953671973,106.796265243032,101.22167868935,105.046083363366,114.659710103988,118.84210373302,115.000224451768,128.996232834175,145.235551725531,144.401781001955,150.781530264616,112.469507283612,78.8733888611723,78.8733888611723
5.92026380611761,94.9358011309425,91.3552281090852,94.2085191703045,98.0573972077841,73.9536155979675,68.4140859675897,69.1906969619466,86.6463683055552,86.1704544778328,76.2008314409699,79.3781605680847,84.9446647578252,81.5667629257183,87.7217999228313,85.5431225573899,90.1462046975687,87.4916618093559,88.1908409000261,97.183206762967,93.3457057960697,94.1522092136808,100.209682480042,96.8691916056223,97.7602079506565,93.6502017899648,100.036571132221,102.755251186588,104.812687426192,98.0823066639572,99.7235525013858,106.732619051909,112.654572116103,108.234950167737,117.549132987262,127.713803522442,128.222751249956,137.263351389438,102.227007612489,71.6218685181015,71.6218685181015
5.92026380611761,94.4021992013616,90.6371756919781,93.5670394483444,98.2732841447854,74.2724026241254,68.7050474508226,69.5135797067465,89.1297774374143,89.5831823640541,79.2009804491568,81.8970954107648,87.9885789477434,85.2364876338783,91.8015547493474,89.4950440811794,94.2155199008574,91.3104554109389,91.775593496588,100.781262185036,96.7219667423792,97.7294232664283,103.458594384545,98.5782977649565,99.6989897251145,96.3375825912951,103.374384052347,105.685498305662,108.836987328343,102.641570002871,106.057586312477,115.139633184936,118.430274736027,113.761054005673,124.59161158109,136.507933069093,138.441982157289,151.446352241002,112.634413390092,78.7667940570409,78.7667940570409
5.92026380611761,95.4693300596952,92.0731528521815,95.4254584503118,100.749001356122,76.1517546461793,70.4316527166327,71.233026152071,90.1912885729869,90.1340732679654,79.6466881181295,82.1557157534418,87.1563966381727,83.3072288342859,88.7715919565627,86.2966055322055,90.9474328919385,88.2518452910698,88.6816514924553,96.2357406842752,92.6226254797967,93.7299402568295,99.2677497457609,94.9218186677258,96.1788069866827,92.6989018979477,98.7195838734147,103.0975567724,107.523789531148,102.707266149436,105.99008838174,115.029568286729,119.881919680355,115.573307669969,125.133527208531,135.436606783887,135.050016922873,142.305274455998,105.958663019041,74.182052830757,74.182052830757
5.92026380611761,94.2688238108456,90.4577064718728,93.2074713189776,97.3219420489384,73.4820228889271,67.9812490911874,68.6054513863268,87.0156783497346,87.5149833494966,77.4019160168503,79.2626952818864,83.3362402933136,79.6535165477606,85.1454575938571,82.9058836203316,86.8932295311299,84.1379144186406,84.8700813451931,96.4952894363725,93.6642536446916,94.6428324249807,100.054143562729,95.8907657418723,97.2484550996418,93.8753817717545,99.008518134745,102.342808669998,106.578162650063,101.559286808469,104.639573659653,113.059302092417,116.632381872959,111.902958719299,122.962763639949,135.27365388786,134.355976666579,140.704087157746,104.731571871335,73.3394285036345,73.3394285036345
5.92026380611761,94.8023573048224,91.1756391992685,94.0701317917227,98.2153599484222,74.1220612519562,68.5588504026808,69.2429216390991,88.8909725780757,89.7218533760353,79.2997267200998,81.6186594623452,86.8487014011697,83.5097173686847,91.0878947279412,89.1042949465184,93.3086808704861,90.243742929993,90.7525754140803,100.458558775571,96.6203039112585,97.5365722364253,102.926828923264,98.0245550888759,98.7925184685798,94.8496873253717,101.092295636513,104.316597711335,106.894132591446,100.303144776286,102.396872073759,108.806814334933,110.997950094976,106.833721129867,117.68913141625,129.894987912847,130.145580224083,138.552821453212,103.183963768339,72.2616951198938,72.2616951198938
5.92026380611761,95.0691628303116,91.5346733842069,94.5237494954655,98.7821916316945,74.5474170119252,68.9542269246712,69.8110980152017,90.2917391100382,90.9884301398104,80.4260426567625,83.8739756697363,89.6321262611065,85.7008233102541,91.7853446473439,89.3553654762844,93.4736574438915,90.3736988721359,90.9399414626726,100.727127635188,96.8578588753435,97.6714956303552,104.014647415944,100.242279480893,101.432756676095,97.9466493904027,105.476013447648,109.336982487899,111.499604361737,104.451362353659,107.767506282436,116.868332479835,121.136039555969,116.41994157456,126.715133137104,137.725404010847,137.722074830115,146.458213657943,108.802258788012,75.9971309975593,75.9971309975593
5.92026380611761,95.2025655943825,91.7141904789957,95.1048541099511,100.863724230006,76.3181158331012,70.5916012075094,71.4652968097713,90.7693991332747,90.6706259718248,80.1409804965263,82.7966165781661,88.3821136234789,84.9977490371864,90.5332758604634,87.999862153542,91.7168333180825,88.5645325398399,89.2014234819231,98.8063217436873,94.9944029406876,96.1881664629297,102.960900887392,99.0856124095374,100.46704847031,97.1080533101253,104.02006527994,107.812647416331,111.504225717214,105.665663503434,108.820578564038,116.351656477886,117.674753876728,113.276740145467,124.0876411255,136.029894702399,137.169761657773,148.132987708777,110.260653791122,77.1782147157108,77.1782147157108
5.32734207389677,86.2688243698059,83.3376567919389,86.3677071227933,90.896480472078,68.6508965285024,63.5617607267659,64.3187317507946,83.3444464275896,84.3378638288512,74.7539031452948,77.6780868667213,83.954377457127,82.1927456721726,89.2263769109689,87.2779998395351,92.5466294870429,90.0407522466875,90.7742131774452,101.391271004395,98.0334206266763,99.4752714952403,107.632591058273,103.824733769409,105.179256032665,101.661256855755,108.4425928593,112.069050018819,115.278609187593,108.542320078476,111.164458729177,118.683085992734,121.028758329168,116.058590344154,125.718253001655,136.044649934361,136.509448054492,146.224899813272,108.716632231981,76.0225903443215,76.0225903443215
5.32734207389677,86.2685097060372,83.3371064641358,86.5879736424143,91.9690557303374,69.5720539941827,64.3531994089754,65.2279405773432,85.165270067207,86.0021758260319,76.0211431415764,79.0261808017434,84.0655527031181,80.1766927004265,84.9955526086105,82.5095132835897,88.1151638758236,85.9649174637794,86.4373433442532,95.2876339768463,91.8948451219985,93.0510052425308,98.6776516223752,94.2394652809838,95.4586383533958,91.9598259060151,98.4419372826852,103.292692654485,107.614758589067,102.833819352482,104.606906610191,110.591810657574,114.874422873192,111.05761025107,122.232029253683,134.951163376434,133.256354642703,137.020715141191,102.273549275564,71.7806613124695,71.7806613124695
5.32734207389677,85.2013605863441,81.9010973659248,84.9509216855568,90.6151544853224,68.6644148778057,63.5223126617089,64.436660215011,85.1900957132071,86.4215891800604,76.4235299328957,79.2645881531322,86.126507279665,84.3125644104369,92.6251513547836,90.8002581531548,97.3377944054957,95.0993445274919,95.8848631905106,107.930831071856,103.615143950973,104.62320693046,113.879870531422,110.998766713217,111.537554802502,106.516832345681,113.298608258681,116.118156037148,119.186707975643,111.637666117018,114.315802278562,122.65105862838,124.811222234449,119.00349406978,130.762393541156,143.589081037885,141.895191233379,147.60635196008,109.498229362581,76.408729528369,76.408729528369
5.32734207389677,86.9354413890345,84.2345482848353,87.5445650759176,92.4727308214637,69.8416970383531,64.5913127309105,65.407723165546,85.0692702837602,85.8858971611778,75.8810309819042,78.932476735936,85.0964124025741,82.1973006469457,88.0327150636604,85.7133801032971,91.2905401661183,89.0100930614794,89.7070353092574,100.345129977812,96.8310597024737,97.8787779668032,104.82686009913,101.431870108284,102.265483614558,97.6362725692693,104.69772221748,108.931404679467,113.218044468207,108.040911637651,111.153116095843,118.800188642821,121.713794827881,117.705467632803,130.935297570161,146.068565572913,145.927907028088,154.093716989128,114.885535136694,80.5327785798925,80.5327785798925
5.32734207389677,86.8021070605676,84.0551508797577,87.4508712260082,92.8757078061213,70.2257065036801,64.9592395193178,65.8348436576397,87.0332794048906,88.4337966312362,78.17628579495,81.3040419790188,88.0090584281683,85.5255459674134,92.2320068101122,89.950481158172,95.3823277830516,92.7443253570532,93.3821884626482,103.969118038188,99.7446666461509,100.926674192746,109.603211716272,106.236407908404,107.086696279023,102.76721061441,110.093083726606,113.278260712684,115.962496327961,108.801866787423,110.917725286645,117.258346310705,119.02242647138,114.290024720306,125.586961157901,138.041304005593,136.801025845101,142.615734785741,106.037094857449,74.1511328881242,74.1511328881242
5.32734207389677,85.7349533912501,82.6191338245303,85.7252284372129,91.0711407690617,68.9273913404054,63.7659640742482,64.6119056185081,84.4066234033253,85.3448190612575,75.4736749157233,78.2075517003048,84.4349099960267,82.1828116194189,89.5374303470466,87.6090523735942,92.8695962160561,90.3673912967313,90.8783729922125,98.4799564671025,94.8651429431367,96.5187784905965,105.555125477138,102.315344693517,103.531553543146,99.6259524416794,106.557709246348,110.411735109212,114.768008093217,109.288982153608,112.065610330039,120.345081760662,125.139496861314,120.802888607977,130.822656355451,141.589021372075,142.548459690644,153.239001775829,114.077632186614,79.8376437178224,79.8376437178224
5.32734207389677,85.8683105303888,82.7985711240861,85.774720012217,90.4469731406851,68.3522964474643,63.2256088614078,63.9119931599065,81.9979586112765,82.5942498889511,73.0134922269272,75.1374014996983,80.6839048080658,78.42302985028,87.1887289834649,85.759920597952,92.2150581125826,90.2892864198171,90.7883544056551,98.2586737938098,94.6953274413283,96.0686861291557,102.907904882253,98.827909473906,100.632492142594,97.9323527581228,103.560665079165,106.960682782101,109.987589708063,103.52870958578,106.278592685473,113.44711077357,115.062349147395,110.764720642609,121.673957406014,134.091576525583,134.073952709335,141.884197805466,105.851898632581,74.2736674442976,74.2736674442976
5.32734207389677,86.1351023687883,83.1575813711367,86.2725738662308,91.2354253921669,68.9691680300423,63.7941505586969,64.7882067699669,85.9305617228372,87.0606379857083,76.9528814462605,80.9570169113268,87.7058701578393,84.5113505702423,91.8930174155721,89.8016102234735,97.0134958925816,95.0443636484585,95.7385433200258,106.322419775534,101.359559455944,102.057317303456,105.512600672067,99.2445161887992,99.3968063003606,94.2653405115537,99.9794004986291,103.026399031455,106.60448489336,100.919728437064,103.548547677703,110.88614657216,113.082362421252,108.498324205776,121.554368035686,136.854997961835,138.132056845463,149.283862528383,111.373154471089,78.1651537245875,78.1651537245875
5.32734207389677,86.5352924096238,83.696100734954,87.5286632764719,95.0042895840386,72.1355709572165,66.7196229872294,67.8831828597909,89.529514863697,90.1037205609964,79.6271227039935,83.2624103164867,89.7961986293084,86.4119239688725,93.5712032220624,91.3227513827218,97.2388148104106,94.7221130848622,95.3053568740448,106.347529954464,102.375699222706,103.768569159644,110.688888584163,105.672621440177,106.727504719552,102.399134196968,107.437686185058,110.859034172528,115.432472125331,109.994723209019,112.585221046289,119.642261918176,121.587177611918,116.603117962089,126.501418931119,136.773275750148,134.799190675715,139.28479718353,103.264886970375,71.9924117146273,71.9924117146273
5.32734207389677,87.0688806516469,84.4141292133546,88.2586661166903,95.236733901479,72.2050701563155,66.7862186571989,67.8997377896233,88.9903590183699,89.4407231474135,79.0541545411779,82.831646528243,89.3102670057051,85.9037323331311,91.5996996394066,89.0880073651742,94.1675048424752,91.4977995738745,92.1362716528403,101.676696969878,97.7960028095888,98.7068893273055,103.672707485373,98.9508198456116,100.766466443698,98.3906667275788,107.253218590395,111.302851334238,115.649906351574,110.219381538121,112.579151136287,119.025733621119,121.539577560869,117.39658051102,129.324318940826,142.619511670609,140.498671209082,144.07384519889,107.244599632288,75.0371650635384,75.0371650635384
5.32734207389677,85.8683561542288,82.7986509174089,86.1291851688073,92.2548575426487,69.9203680198904,64.6863246286489,65.6535496627672,86.6614216860677,87.7536182190633,77.610887825839,80.6958590701801,87.1154788096708,84.6016651002354,92.8105570422131,90.9802702741401,95.701777616329,92.7896263753199,93.517050960302,104.037740612262,100.150087884054,101.566213332916,108.375010347088,103.491975021429,104.696351483032,100.844375756752,106.388237753421,111.093382209366,116.357571892431,111.240615691326,113.864958412384,121.932103536654,125.52240404157,120.533006849326,129.44887187114,138.798270487224,138.296974055702,145.781937769983,108.482131386469,75.9312241178563,75.9312241178563
5.32734207389677,86.6686769248142,83.8755859135601,87.1353868001961,92.1387020246302,69.6193591491177,64.3931100841317,65.1625664124806,85.2231840471046,86.4180320006469,76.3784368990104,79.03361506553,85.8209909443896,83.9860343127518,90.6533424038989,88.4689572437108,94.438120046899,92.1643704091509,92.8682468806269,103.159903056097,99.3758804441388,101.067804207793,109.953609810854,106.100168179004,107.436333875082,103.648577334553,111.157050326002,115.660533954783,120.055969490856,114.071602603963,117.630431011502,126.993141564885,130.367958493856,125.250648372002,138.609151402852,153.477525415637,152.799871214317,160.908161333063,119.593050753432,83.5832654457581,83.5832654457581
6.24756456098445,99.954541081254,96.0963931895194,99.0721370609263,103.151613054073,77.8029676041029,71.8826043655042,72.6378307273674,92.9844563905272,93.3827213806043,82.272238466951,84.9114110982718,90.6431940476688,86.4605276451474,93.6162167117112,91.3468605629784,97.2802274807939,94.823901662307,95.2455876245317,105.423900599675,101.821157504384,103.130790648128,111.227004208482,107.289949552782,108.634020829502,104.950105081952,112.463061178113,116.324442847599,121.133371031929,115.256697206968,117.593426299174,125.163341362595,128.657432943604,123.629642371091,134.172558206027,145.660824759971,145.953820186644,155.552677746745,115.807535821434,81.0820433543614,81.0820433543614
6.24756456098445,100.888765096192,97.3537205900474,101.148458228875,107.669255910865,81.496890388517,75.3749191503338,76.3644637071627,97.8019545544396,97.914726536276,86.5183193182944,89.5700218648302,95.8187994510464,92.0908777332783,98.8202306954624,96.1991717862337,101.991652205392,99.1438190794458,99.7401627637,110.252064473279,105.456637731306,106.85257414752,113.435371529516,107.658075857362,108.562359057498,104.105883979226,109.099988940318,111.938206328742,115.358019155626,108.843191609008,111.628049193543,119.427920007825,121.958559922917,117.26699060369,128.921498870066,142.168264802897,141.787132647935,149.361015834197,111.413400756587,78.1823201388823,78.1823201388823
6.24756456098445,100.755403410507,97.1742753388595,101.36467159107,109.643060970415,83.241597186824,76.9975501867727,78.2842124478466,101.779858370653,101.894106902434,90.0682144631529,93.9622783859683,101.541502917307,98.2088204938604,106.123476244342,103.528897472375,109.860690767576,106.830300831301,107.360706679061,116.89487275923,111.662194256915,112.481867125831,117.564814825049,111.52648872721,112.292528683052,107.540833842359,113.201563625413,117.5269424806,119.958584004566,112.140298293157,115.524251037921,125.676106777653,130.638251597309,125.453477194727,137.658842082338,151.218061425109,152.322546735643,164.231468717719,122.186820034075,85.4757002764895,85.4757002764895
6.24756456098445,99.8216433788706,95.9177594169191,99.1572122578981,104.525178474489,79.0394172615221,73.121699670519,74.1062749445642,95.8271506366858,96.3821353797621,85.2427902290974,88.7867988355886,96.2221618940297,93.7504759994386,102.069916108215,99.9010457011748,106.712113870019,104.210179110424,105.187463566858,117.45598183606,113.23286217759,115.033248578504,124.563862718094,120.246142420538,121.714238540234,117.195548044678,124.733618236198,129.439368056767,134.140442442962,127.193446604807,129.244602051159,135.712706268137,137.337088673975,131.439226999659,143.172888972071,155.478369040024,153.765977421432,160.257630615629,118.750373176076,82.7415244266839,82.7415244266839
6.24756456098445,100.48857963489,96.815209235556,99.9366727919191,104.127297766589,78.5274527078543,72.6341620660703,73.4729197224151,94.4960682953217,95.1436278436307,84.0957183599403,87.5399350902503,93.5731407213377,89.6458443214869,96.3433933655561,93.914317090858,100.453740520193,98.1227911077735,99.0257191839689,110.859230887958,106.588232199261,108.162886599597,116.001114560797,111.432324687591,112.644282690193,108.025870092002,115.202434789248,120.122776304229,125.602465732908,120.344521367302,123.181891470977,130.04420843867,131.576754050251,127.110407102917,136.722796907442,147.099531650988,147.201179600691,155.92704798595,116.33661904676,81.6238259884021,81.6238259884021
6.24756456098445,100.888783361723,97.3537525353505,101.14852604782,107.672729665511,81.5004613471929,75.3823440773651,76.5803534314461,100.593345875682,101.371400939322,89.5887373251951,94.0079928513593,102.450927759761,99.4488561397,107.623904182501,105.008545140307,111.55609258926,108.498976682703,108.885074946285,118.659877799517,113.591186195282,114.568670018963,122.095609897799,116.974813973996,117.948235339371,113.663316592036,121.824652140304,125.054065037973,126.946130436853,118.136626696759,120.116377586924,127.405085834273,130.973748515923,125.88237746589,135.246079083279,145.10865984441,144.230826876553,151.10957840443,112.461998553751,78.7151994422802,78.7151994422802
6.24756456098445,100.221828856667,96.4562708002579,99.7489801801373,104.920169858207,79.2820461591092,73.3424082633256,74.4963319625977,97.0351459401398,97.4583631364863,86.178452492889,91.0305250643607,97.5540093624378,92.7793961936851,100.69171912548,98.4372692664925,105.589176433645,103.280545800043,104.180696523559,115.62820755939,111.312191244228,113.010456548759,120.119735241945,114.594034501816,115.987463149922,111.4726275944,118.982662030365,122.622398217315,128.323663975976,122.791835058093,124.886373526866,130.732691754156,131.735077092305,126.57768890828,138.948437149633,152.698785929882,151.283783285992,157.43520113162,117.16961445553,82.0063919666793,82.0063919666793
6.24756456098445,101.155561515373,97.7127388486072,102.133485757922,110.932314345671,84.2583095809778,77.9279071146984,79.2255689537964,102.778105878058,102.763633544383,90.798096443449,94.5051976726866,101.909062959633,98.3304339957368,105.387797795485,102.546657250293,107.289266578019,103.697143854543,104.135646664378,114.762038374809,110.409710411322,111.500925061633,120.116445425124,116.277548770907,117.075845443937,111.904132318043,118.853540890508,122.785509821314,127.15112531068,120.734352423692,124.084941372521,133.612913563339,138.422791719947,133.385301410317,148.35439569202,165.193746149531,163.831366140442,170.83172085346,127.087101287664,88.9066853167221,88.9066853167221
6.24756456098445,100.75541253565,97.17429129818,100.656113956876,106.050585647223,80.1294365683499,74.1264932074622,75.0746397868727,96.9358805488029,97.5576846432226,86.2705133912408,89.7944693512825,95.8285483841615,91.8603779047922,99.8362369922058,97.6724355457029,104.079805624148,101.544822847466,102.37737067962,112.492813420111,108.360254825397,110.252484969321,119.20230146561,114.664773873138,115.881980327202,111.248610248958,120.129771637978,125.207181649707,129.052735844502,121.822472684484,124.524925838332,131.868924333062,133.629882832418,128.493342607336,139.071368918647,150.462458485792,149.552217233571,156.66415116848,116.595181628159,81.5983560620527,81.5983560620527
6.24756456098445,101.155579765346,97.7127707667005,101.380675034013,107.11506642844,80.9513726807949,74.8766289601744,75.887203524624,100.253293691799,101.818215174571,89.994750534473,93.768373806539,101.252938634074,97.9513957699829,105.940175173814,103.390146491787,109.67076617015,106.637458657887,107.092985627138,115.863581116517,110.811097524935,112.490598568686,122.114187105038,117.32249977005,118.185428062868,113.307551062726,120.108496066141,123.820883349549,128.024946236,121.233205977442,123.998146345649,131.486450316826,133.176717048144,128.176466859885,138.653754945246,149.913088724241,150.935607036653,162.453172151828,120.938253849478,84.6698106872508,84.6698106872508
6.24756456098445,100.888806174891,97.3537924341953,100.927175903355,106.55448694873,80.5324456594358,74.49464089711,75.4914107638258,97.5880980427953,98.1295091681772,86.7541924263696,90.45444740844,98.1701658405331,95.5230629862886,101.830346694854,99.0486642650943,106.458882303668,104.210583554052,105.22290716219,118.773802406947,114.433647850345,116.076339102191,124.200911708859,119.1839962131,120.365536856302,115.351754965283,122.975167648962,126.901889034037,132.506786964072,126.384948632795,129.613422143586,138.812561757403,142.059705969496,136.069585710325,149.013221596861,163.338759856336,163.096912883756,172.866365006745,128.594474083127,89.9720552334111,89.9720552334111
6.24756456098445,101.822552520843,98.6102844207051,102.824575634339,110.097917090972,83.3702395893898,77.1086242874464,78.0643747872616,98.3956725660174,97.8933452906166,86.5037454153792,89.118386255921,94.8425368398511,91.040128336159,95.0466426886479,91.8725158230196,98.5562749674329,96.3818204518784,97.341190374365,111.440118159148,107.6220890301,109.276195038356,117.800331427829,113.638332050091,115.195688352269,110.917030651136,118.546909854608,123.659997819132,128.954266853212,123.254466826883,126.411687260528,135.608752875469,141.049570310099,135.9422892929,150.605008507447,167.13250719478,167.651551167912,235.372263711125,131.123188405797,91.7862318840579,91.7862318840579
6.82854827175116,109.50124972568,105.371375311688,109.255169159964,116.066114523523,87.8608185336347,81.2227163780151,82.2918514176715,105.391873561822,105.396926497909,93.0135287957228,96.2009474701071,103.803592515321,100.500227066727,107.247401295198,104.25989763527,109.447701176611,105.943917158346,106.524823742482,116.533318845092,111.038347273825,112.798226135752,121.757010337971,116.014358609123,116.696330006512,111.852449881631,118.459266884546,121.913492995328,124.280642141685,116.174008888642,119.511016330914,129.466619761849,134.444123371628,129.69836127687,142.138804350253,156.041676737374,158.947888243506,287.053069861258,131.123188405797,91.7862318840579,91.7862318840579
6.82854827175116,109.501521280278,105.371850244172,109.167603487427,115.658538553279,87.514354637036,80.9511403093315,81.9296776778049,104.882365192517,105.252092481852,93.0446696385518,95.9526648607673,101.382714551013,96.6659465977424,105.516578510125,103.269522870774,110.821460934921,108.369949820607,109.298940783163,122.103580993275,117.281387411057,119.215918404404,147.952177317808,122.066666664128,122.997167361632,117.564487881282,125.025734563098,129.643231837972,133.543431607398,126.010406912649,128.209709402462,135.014387889058,136.865277333508,131.036712679603,145.76224122722,162.225477737056,161.688896725191,171.019366601756,127.00555036842,88.7078574680208,88.7078574680208
6.82854827175116,109.768308566799,105.730852530263,109.576866501136,115.996919448208,87.7411665104795,81.1586468712974,82.3417473606481,105.338956212804,105.097695813781,92.8996503367395,97.243384608578,104.171088819795,99.5840051060626,107.410220422257,104.77619447091,113.178426152847,110.956669829902,116.056843720195,123.240683036585,118.005590491292,119.974316446679,151.612922544563,122.066666666667,123.661810824482,119.502236580517,127.786764705882,132.113333330245,135.488628063825,127.431779019724,130.524408196107,138.878377722319,141.288114764599,135.888244957647,149.874762403554,165.46728475024,164.767933118047,173.371061547816,128.969187351592,90.212353986126,90.212353986126
6.82854827175116,109.501530414397,105.37186621919,108.857628613943,114.086619994223,86.1525573419542,79.6944369010849,80.5374777027715,102.835605647235,103.417910182418,91.4351357292096,94.2551589578883,100.729338887416,97.3333931233386,105.12846709845,102.626151106662,109.796572039099,107.251333339026,108.186082785668,119.882669339932,114.972451500286,116.337321812912,137.823449300863,122.066666666667,122.997167425392,117.627236580517,125.834558823529,129.643333336259,133.967931145915,126.816299738529,129.683557211593,138.455405946393,142.744922156147,137.346760977676,149.173008863209,162.070524160499,164.596510978131,276.216602005508,131.123188405797,91.7862318840579,91.7862318840579
6.82854827175116,110.835457676042,107.166861610198,111.391066298036,118.249506179729,89.4274294873362,82.7085277927493,83.6967853048147,105.758013830846,105.446342925985,93.1700251409551,96.2119749390461,102.543999125946,98.3741116545458,106.267972756518,103.663162687287,110.309958792718,107.455229970171,108.174362756202,120.594415744103,116.457438129708,171.013621415555,164.91293633298,122.066666666667,123.329489124937,118.51453777336,126.202205882353,131.163333331964,135.698886218209,128.582032635537,131.297713253453,139.380438244333,142.595677114625,137.161017107583,152.018600742735,168.751021009027,166.280538586815,170.92643895557,127.184296129276,88.992031516376,88.992031516376
6.82854827175116,109.634960552335,105.551431189209,109.438834866143,116.173516297551,87.928771354413,81.343297630461,82.4301690036581,105.901403555546,106.193838856147,93.9080119921368,97.4307559748618,104.283984109442,100.456225187867,109.293953114157,106.872470654476,112.762800526582,109.428319200093,110.186817538979,120.209283907856,114.685987600026,116.250851978686,128.344352293735,122.066666666667,122.664845725847,116.576789264414,123.158088235294,126.603333336686,132.088189070852,126.043699256926,129.514702820748,139.722250741474,144.992981364565,139.524897161322,152.736598279979,167.43508287945,166.807202498804,176.337031607878,131.123188403333,91.7862318351369,91.7862318351369
6.82854827175116,108.967951299077,104.653853702839,108.039085721282,113.408721385135,85.697762547328,79.2769559401217,80.2592521448602,101.970249346393,101.902305333464,90.1069502368183,93.6188617739486,99.9110467981573,95.8431670792368,104.690083304258,102.520777377767,110.091605902675,107.733540112345,108.568446570219,118.265929016032,113.379428056536,115.036799209743,124.00652316697,119.648270263954,120.978532920827,116.288971883066,125.50573837434,130.633649292207,137.10139128833,131.407673516984,134.799156845387,145.033196463605,150.446475345082,144.726786501009,157.225313983111,170.768852861814,171.357546346628,274.625629134066,131.123188405797,91.7862318840579,91.7862318840579
6.82854827175116,110.568652148992,106.807827422531,110.981735558211,117.907573911126,89.1969661346603,82.4934190396137,83.5319957429327,106.151172001295,105.981448153481,93.636354117517,96.8894822298732,102.832681820418,98.0140516870845,104.910953910261,102.075617257344,107.95603700706,104.864904123897,105.357392664939,114.621345355512,109.900310104531,112.147378554183,122.956223718911,118.204092256394,119.574936518606,115.090561877259,121.852416859442,127.264417112844,132.505025476254,126.487225758273,129.474246479369,137.537813656265,140.647578360934,135.529808321091,147.074874863366,159.509570089103,158.501454938129,165.936942550984,123.758868433496,87.3900675575042,87.3900675575042
6.82854827175116,110.702100535811,106.987424308732,111.430148658408,119.324534528313,90.39341020143,83.6118364093406,84.77767473127,108.005686421073,107.684114131927,95.1838545717024,98.7395265215152,105.315871730424,100.897827599143,108.293600708721,105.478204908903,113.613197852078,111.229721074994,111.89276597303,122.048271485533,116.73388010083,118.170535321946,126.708349726601,121.673838628922,122.957665040137,118.500100609594,127.079806755694,130.615571435741,134.864634132238,127.226657251423,128.734244917716,133.161411945963,131.386300828779,125.937043476906,136.491657893198,148.078572453473,148.597877217846,158.900849183711,118.347372193065,82.9048252602639,82.9048252602639
6.82854827175116,110.30192418425,106.448928886623,110.174110075721,115.559264671841,87.2307109639035,80.6941848651112,81.5730644210515,103.414697459284,103.574538137732,91.5844460199288,94.7622977304636,101.713552183875,98.5204165660685,104.20688117157,101.181667029254,107.046175031115,104.091821074558,105.144584120293,117.708518348559,113.05668321394,115.015991528855,123.943887411613,118.765443432743,120.042105839228,115.346681156226,123.949826288787,128.626313713494,134.365475922561,128.689134418363,132.352780214269,142.253935291938,146.986103491951,141.522632567925,156.750180234574,173.817812766496,174.565572700821,300.217328592076,131.123188405787,91.7862318838284,91.7862318838284
6.82854827175116,109.368155026846,105.192397004271,109.029504132103,115.830234948141,87.6969092193666,81.1251170176412,82.2783659043306,105.756513734802,105.86555239874,93.6021618221731,97.4279367245709,105.335497484085,102.208559983647,109.403977527047,106.481463944276,113.246047381427,110.249318848526,110.817565442914,120.218429389867,114.909437307147,116.665610639398,125.271021379804,119.479796323448,120.682778830427,116.254684513516,124.118380701522,128.878082926686,132.290932846316,124.395220210439,127.072037311122,135.276225934312,138.635524789616,133.521361072288,145.819402234911,159.457393877613,158.484361299408,167.136037473775,128.640023858225,91.7862318840579,91.7862318840579
6.82854827175116,110.168484921169,106.269347957285,110.567183275994,118.414725861236,89.7365155714964,82.9990934328116,84.0760073024554,106.248627072098,105.7151069194,93.4250474735504,96.2769554735467,103.298657566201,100.05664063847,107.388598758011,104.603458574548,112.6830547276,110.375722626121,110.921667812339,119.643966734121,114.911721950361,116.597271995161,124.46135443596,119.01826187062,120.576842302602,116.326014427178,124.511452117127,128.748022763543,132.911812501563,125.572386614109,127.446129344803,133.130948456459,133.923579289601,128.727834495394,138.097722962703,147.985880224894,148.646953278865,159.210516540225,118.542333755531,83.0029555724178,83.0029555724178
6.98075804529107,113.631786882664,109.993998696284,114.442387962256,121.640423136189,91.9928726862655,85.0703361174716,86.1376678038167,108.272480868726,107.496979165265,94.9503874617437,98.387854017964,105.761670731694,102.077434790284,108.172209043608,104.999754396575,112.58786391575,110.050620265204,110.677909141407,120.138347809691,115.011976216693,116.986365132416,126.211667799493,120.695777048377,121.782383841195,116.773867670434,124.029672607914,127.466358131309,131.276369017574,123.971854303727,128.237248481743,137.968269350127,139.204670148141,133.859043935139,144.228289849524,155.208024641118,155.414273553327,165.483675777013,123.1633921945,86.2144938035953,86.2144938035953
6.98075804529107,112.431364926866,108.3786997394,112.534722594277,119.799119768339,90.6991279949875,83.9056705359635,85.0439033842558,107.819815923999,107.361574964338,94.9392512729584,98.5713908708852,106.062145008814,102.680116313626,109.20110389936,106.134180596504,111.921923459872,108.602466452012,109.538592159361,122.772460960973,117.810264183507,118.956740402461,126.734597665619,121.921156582293,123.121894698692,118.206530460882,124.680566592068,128.766775934116,133.719313175934,127.136908227723,129.187811964251,134.660365760325,134.454490160503,129.151285823769,141.477835567758,155.076825991572,155.820734334898,167.215776121587,124.421412238293,87.0716170195666,87.0716170195666
6.98075804529107,110.963993844481,106.404115447985,110.084332400131,116.91753372852,88.5659611284122,81.9350421185162,83.1263218220011,107.100216988094,107.280039535131,94.8769989282734,98.7516348974787,106.53318550547,103.268104021879,111.277877647512,108.546111656813,114.386692987992,110.957737053196,111.543420652911,119.76774226392,114.461943996225,116.425956606644,126.505258495694,121.520770362134,123.125049195447,118.956467714108,124.088132614493,127.666680949757,133.273289613403,127.454628926774,131.459208667522,140.722535999127,142.112595325632,136.707331754024,150.371866024611,165.575876477591,164.680771014745,172.780778404311,128.5754542632,89.9726241889202,89.9726241889202
6.98075804529107,112.431273681289,108.378540156432,112.002940167767,117.084786841999,88.3444604025105,81.7094955045912,82.8710879491548,107.968852989211,108.751740829056,96.107150492837,101.19451668388,109.346388880423,104.982449382509,112.468243510808,109.516829524632,116.568781179966,113.572901532185,116.968022492432,123.81183756155,118.868539628413,120.302483394125,128.913189826456,122.066652289635,123.462208575134,119.165054082421,130.597337553717,134.945197138958,139.421524547411,131.805265091718,134.986693527138,142.510624251836,141.91248365612,136.161965896546,147.912155958441,160.680545094277,159.135566023499,165.568185473788,123.162892635272,86.1517403153191,86.1517403153191
6.98075804529107,112.297930227524,108.199126791762,111.820638496681,117.035710796362,88.3363631852178,81.7119962577772,82.7423189187341,105.63004424516,105.74001372605,93.4770023242857,97.6145452723659,104.200134995366,99.4536759526572,106.021065897475,103.119715342847,110.237381789397,107.667500115306,108.426435055835,120.074893624738,116.150685864196,118.197575916225,125.986872829283,120.037100931199,121.226044613642,115.895301081218,125.703684136213,130.158125590992,134.298851381574,126.873592829151,128.976991361745,135.084984534114,136.191618678538,131.03209847074,145.093722021129,161.121551399592,162.623625197936,217.137900741544,131.123188405797,91.7862318840579,91.7862318840579
6.98075804529107,111.76435111236,107.481114275683,111.312104392576,117.930943072233,89.2446072870422,82.5537367392185,83.8253071097629,107.561133155258,107.295963136964,94.8560625444367,99.5559340772169,108.056634460385,104.567827614136,109.240861963328,105.614907275736,111.156301126529,107.739819754904,108.49180446885,119.6634987537,114.399874036302,116.048634983171,124.949770342458,119.748731454783,120.429615696069,114.950839454937,122.688862267307,126.311888033948,130.15614832796,123.131617618676,125.544674710443,132.791006290717,136.093474038429,131.256993615376,141.537465858548,152.455996583925,153.875720322974,166.371585746753,123.887550884891,86.7557648942511,86.7557648942511
6.98075804529107,112.297907417008,108.199086897557,112.174849560148,118.830786058807,89.89126900993,83.1453623633749,84.1040443080044,106.648438337156,106.643564306566,94.2585011554091,97.0242153186018,104.172042791431,101.140901650541,108.187196407293,105.307567704322,110.528814283667,107.080090394433,107.787623390134,117.738865838369,113.083044974451,115.734579288865,135.925238694927,122.066666666666,123.728275164384,119.576789264393,126.183823529331,129.833333205187,134.157918453015,126.987824684237,129.323618444655,135.901528314481,137.150868208107,131.824003952387,145.213957856472,159.996816835721,157.008724007292,160.125696912064,119.012565154961,83.177050188486,83.177050188486
6.98075804529107,112.431319304661,108.378619948936,112.578840171164,120.01493497817,90.8846783856856,84.066464701265,85.3697375445327,108.63189246921,107.876037739738,95.3545466853587,99.9177216088279,107.383803351136,102.908564072319,107.853971812201,104.370691848968,108.163079595263,104.144091335875,104.762927720613,114.56175130842,109.743593951332,112.183286976451,123.381853128089,118.437915417961,119.702397247258,115.022600341143,120.984680171568,124.798496705997,130.187761026602,124.789217192644,128.547395652414,136.745058079119,137.767633403316,132.63825171385,147.722311908206,164.900944248069,164.933994187026,175.052875533843,130.347278870424,91.2787793052483,91.2787793052483
6.98075804529107,112.164536590468,108.019625659567,112.568176861665,121.700569718462,92.4118084420564,85.4810663734436,86.7512164173177,111.738568590418,111.796297834203,98.8256371427972,102.056853459701,108.286207777951,103.539930380113,111.666992392542,108.892919471519,113.947914980801,110.163248526794,110.67084041047,120.87261476338,116.141056490734,117.927152851751,126.071981589291,119.988416181152,121.602621518829,117.528769857786,122.614294495644,125.840905277265,129.926178878086,122.507818694475,125.590213068931,135.786421367984,141.325271733557,135.595983079176,147.433724718246,160.584986537477,161.255888086198,172.537529945769,128.5756316477,90.1180677240447,90.1180677240447
6.98075804529107,112.29792110441,108.19911083599,113.016352805269,123.105765910684,93.5961622787796,86.5743917986991,87.8775431311828,112.082220572998,111.541278140008,98.5936420250364,101.479324748314,108.07822856686,104.038651919368,112.408491439436,109.694904404857,114.936102385039,111.235449738246,111.853880144118,121.907048864611,117.119122575934,118.849387454993,128.34964776038,122.066659508876,122.864124980402,117.415063737724,127.895959708581,131.719706539989,136.834694477718,129.998541351223,132.172395634479,139.339397792571,142.195514467539,136.65127184276,149.709659491007,164.019764341561,164.122878173494,174.620074246015,129.80862804448,90.7258072130039,90.7258072130039
6.98075804529107,113.631862052676,109.994130164067,114.221232215738,120.530353666337,91.0332431522434,84.1998605596143,85.106002423389,107.399104136119,107.317613903737,94.8541907587443,97.8510282123721,104.088546153486,99.9708787530696,106.908408248199,104.116579280425,114.074184605017,112.590549350817,128.786352601833,122.955960753553,129.0416144535,171.943461100331,148.317288060139,122.066666666667,123.13009610521,117.876739562624,124.360294117647,128.313333333467,133.059842619268,126.328606104757,128.667671415123,134.987401322339,135.726359287549,130.59738181028,142.428088129784,155.486527920468,155.230008704585,164.05430857286,122.216746622486,85.640568882083,85.640568882083
6.98075804529107,112.564758568054,108.55820087882,112.717210608575,119.855325743073,90.7145332671919,83.9180723437625,84.9007005849275,106.612276668798,106.082168746776,93.8004687360943,96.5231697970253,103.840391180538,101.180611837157,106.07244278799,102.681547855837,108.722806178658,105.699720140286,106.52926361928,118.335461558458,149.470963110645,170.732647232828,152.010730621345,122.066666666667,122.797774405665,117.064736580517,125.503676470588,130.783333334001,136.690100296249,130.624495105615,133.642008885746,141.696376722479,143.599569840428,138.123775846939,151.266778937164,165.727369204726,165.253807471206,174.383931944276,129.715400703438,90.7206849063216,90.7206849063216
6.87431068732524,110.488819414112,106.419113804975,110.099624501973,115.812110949499,87.5015294275559,80.9545101322182,81.9594511418955,103.775123834054,103.551292633961,91.5943406499566,95.2701534812602,102.625948605629,99.4399447776999,105.289284940236,102.241551275533,108.932483752801,106.199267295953,106.906138002901,118.212223171382,138.253731727048,168.21175125482,151.078216205961,122.066666666667,122.930703085483,117.38953777336,124.922794117647,128.883333333182,133.418886528937,126.484839937448,128.29563622576,134.533219051794,137.123599171031,131.93071315281,143.749587227837,156.745678803642,156.167869365088,164.352488472045,122.41741139935,85.765735190317,85.765735190317
6.87431068732524,110.622140415283,106.598487901422,110.59185159589,117.429144840025,88.8673397497375,82.2000429575497,83.2284634914308,107.679852164689,108.508106338151,95.9113640530016,99.0182475815775,105.698815414718,101.73546713913,108.444300260091,105.412789149366,110.838567564652,107.367313217453,107.817872331981,117.385832316814,112.67000020055,114.298012135839,121.256826810674,115.042894421434,116.249579068175,111.229223541025,119.91676737426,126.334317530096,132.677900553324,126.549323580163,130.397148431631,139.559017149946,140.941587463367,135.600087641743,147.584068624334,160.684993087492,161.499840716775,173.201019504624,128.943344591891,90.2727803425409,90.2727803425409
6.87431068732524,111.422506806912,107.675502686005,111.598222615799,117.323128223232,88.5767664453511,81.9287035298318,82.8526250460044,106.173166588987,106.7735013641,94.3726289905953,97.6978540453132,104.738879420037,101.092125977081,106.21586353448,102.896679287665,108.460307388952,105.272884779245,106.149147344305,117.142742219018,112.221531149806,115.120446020091,132.353022112325,122.066666666661,123.263024784861,118.364686878222,126.39705882154,130.213331991461,134.32688907048,126.961620925127,130.572064006236,139.957494729773,142.578917766803,136.863014894173,147.694196319575,158.96054503791,159.144033354788,169.80836923808,126.154904255377,88.1616839405533,88.1616839405533
6.87431068732524,110.221991434012,106.060040348287,109.73449736503,115.690963904184,87.4617305442211,80.9108922375036,82.1863166657687,106.252695066142,106.32245511937,94.0197349664382,99.2134673593449,107.477736002723,103.476843138261,109.349420580186,106.08758601675,111.696318512116,108.298124847175,109.025872637024,119.28015330683,114.045897530705,116.072421298546,126.203554341187,121.046675942421,121.643013420746,115.754296563878,120.807909498394,124.141843691567,128.11686279437,121.146743479368,124.107311856887,132.065289272372,134.369840445114,129.632481664074,139.685840297733,150.56424951493,150.889713358622,160.434467928419,119.637196670668,83.9000634956585,83.9000634956585
6.87431068732524,110.755524927677,106.777973075137,111.350036321715,120.406412605808,91.4136341502957,84.5501778293974,85.7813777883372,109.640656060147,109.32615771248,96.6129470670992,99.6760340731731,107.040191713305,103.623832460249,108.860211304899,105.377545791036,112.917884481201,110.315107587374,110.98117281442,122.626047278552,117.890933669642,122.198582497803,143.433428966415,122.066666666036,123.130096088907,117.801441303089,123.338235105762,127.933300246266,132.362448759342,125.396758898951,128.38647175481,135.698086016257,135.964824746742,130.52006100767,140.224397145214,150.358021816191,149.650765152061,157.467202630973,117.107483192267,81.9047128981587,81.9047128981587
6.87431068732524,110.622149537317,106.598503855304,110.237589707848,115.6355989805,87.3140427263205,80.7705226056718,81.7691119674947,105.760674484892,106.617593430016,94.2737659600254,98.1227854060665,105.33152996906,101.574247743649,107.310759364913,104.164081966294,111.797151415893,109.356403464799,110.181871363191,120.779104748059,133.526239520061,173.723922511833,148.768834164898,122.066666666667,123.528882144664,118.913891650099,124.301470588235,129.073333331654,135.296533842657,129.60315161469,131.262555502261,136.986869238537,138.857343560793,133.557489416908,146.012850909873,159.669547516791,160.9132578798,173.663320670577,129.190474797988,90.3673255466228,90.3673255466228
6.87431068732524,110.221964059677,106.059992472238,109.955830574133,116.809371929437,88.4299253129813,81.7990929025586,82.7610762516332,105.318477557904,105.459889608876,93.2291387447282,95.7997745065546,102.430731847379,99.1799783745118,104.367569032149,101.125305841504,108.33711199475,105.873407419567,106.71197706621,117.136119688751,120.969490281222,168.540004932375,150.987980034338,122.066666666667,123.595346484573,119.26453777336,126.694852941176,130.02333333253,133.820540442596,126.245358120192,127.904976753565,133.366288919632,134.765174037301,129.641343818667,143.317910102178,158.708882025098,158.092107834251,166.373449491199,123.861004278916,86.7254309818673,86.7254309818673
6.87431068732524,109.821769456426,105.521465129034,109.408315739276,116.637190569254,88.3800378283009,81.7541367566847,82.8541665449852,107.334697886427,108.024941426842,95.5026181289583,98.644898629488,105.918297203043,102.634613531109,111.091876450944,108.457600623744,116.627210019546,114.080327841798,136.956182868977,123.146345465983,144.614466279614,173.330466982147,157.261663131467,122.066666666667,123.794739504299,119.814488071571,127.069852941176,130.403333332534,135.888188162239,129.538898020391,132.254646364469,139.810790853365,141.785095218676,136.38295258005,149.702962308122,164.447167092825,163.126549098849,170.186035824692,126.617579203226,88.5764885406751,88.5764885406751
6.87431068732524,111.289085793492,107.495953674214,111.814215697255,119.284204442305,90.3083754141698,83.5239259252029,84.7013200221474,109.561227235489,109.991618445295,97.1921823301924,101.026487392405,107.899404325275,103.254608881598,108.813009305037,105.454246936144,110.845246189063,107.411860112077,108.023055179433,117.340448757248,150.039394078909,165.422147805059,147.083096278643,122.066666666667,123.661810824482,119.489686878728,127.625,132.113333333509,136.121496593357,128.53621524264,132.081950743364,142.325143503417,147.27577986764,141.675145818881,154.323113574934,168.137304932955,167.244914048651,175.484374975017,130.607584391268,91.4118757417505,91.4118757417505
6.87431068732524,110.62216778651,106.598535772033,110.414805344965,116.536687762016,88.0951276609778,81.4945044173572,82.476791768879,105.445191394706,105.776679021262,93.5318241061859,96.8201916870551,105.788310802525,104.329118221771,110.540554111697,107.362635370763,114.901105290681,112.261721900247,118.151432426252,126.05855807317,171.426537935349,173.385648199305,151.976377660692,122.066666666667,123.329489124937,118.501988071571,125.911764705882,130.21333333501,134.643408888968,127.524566942051,129.71270596136,136.836628910987,139.956851469576,134.658737870988,143.743380069089,153.131917717793,151.097287906836,155.682710243943,115.944599010444,81.2140054375762,81.2140054375762
6.87431068732524,109.688389505836,105.341987933636,109.270165527137,116.806928527942,88.5605848985597,81.924017662794,83.2489006657532,108.497978343338,108.893167513522,96.2785745933878,100.662791474934,108.459706237283,104.485568715442,112.595404638034,109.783911019098,116.666779527994,126.900782735992,158.192067755953,141.943700669055,176.84939248396,174.309570809283,156.253855472677,122.066666666667,123.794739504299,120.00273359841,129.933823529412,133.633333330584,137.746973947186,130.118105912145,131.852697000962,137.174474051569,137.805410069456,132.531420574038,143.26188947923,154.676247240554,152.41818676066,156.758462681062,116.587841700368,81.534103129059,81.534103129059
6.87431068732524,110.75550667708,106.777941155952,110.774237951983,117.482528680732,88.8798650401643,82.2067455373235,83.2322314558355,106.414862814083,106.611832234327,94.2210342326403,97.4180253070037,104.996116438166,101.980781188042,106.43699613476,102.920387999475,109.460286908316,174.729141156937,163.543965056574,139.98368919516,171.874833135388,168.863397926379,150.161001855256,122.066666666667,123.661810824482,119.489686878728,127.547794117647,131.543333334478,136.078886789636,128.932151369634,130.592178207787,135.264108082423,134.763677884649,129.662466209295,136.865853672175,143.90272317518,144.444380947096,154.454216982857,115.025320493328,80.5649571865818,80.5649571865818
6.73602860548181,107.778309176265,103.621818204805,106.901409618462,111.672781869089,84.2950350502457,77.9953772035471,78.9701658407263,102.209172569851,103.091862537138,91.2126081124668,95.1570427066689,101.727405555204,97.6345172105961,105.228254916918,102.694330229789,127.17875350075,178.568371263752,157.391942411055,133.211694848172,162.260482108499,161.183305356963,144.81481560415,122.066666666667,123.063631765301,117.676689860835,124.011029411765,128.123333336443,132.975321132212,126.33804507098,129.65810769906,139.001981117775,142.867088571707,137.475444429643,149.827224485374,163.432234251192,164.280916290656,180.112838033306,131.123188369958,91.7862312259948,91.7862312259948
6.73602860548181,108.711960694792,104.878144343912,108.842744230172,115.423749990843,87.3098800946227,80.7526073653858,81.7940601175704,106.939802870988,108.195134250647,95.6095898519182,99.0039166906451,107.183817410979,104.365471539527,112.243717062458,109.350213459953,114.372794345333,158.861839750732,151.416044508619,132.73626823104,173.141426396262,172.645894354689,157.089836938847,122.066666666667,122.864238745574,117.252236580517,125.485294117647,129.453333333591,133.356018616196,125.90499948049,129.148949246959,137.664946067065,139.926460456778,134.604291768862,144.68674998044,155.304830569819,154.144675649013,160.974915252192,119.813465172514,83.863697102195,83.863697102195
6.73602860548181,107.644843519212,103.442191114014,107.294384819536,114.526091131089,86.7986529125032,80.2960800746602,81.6220982253626,108.447899110077,109.785481222002,97.075180033782,101.698756486892,110.335826729354,106.962028376808,114.277539210216,117.123056316834,154.19803807016,188.234508109232,170.829782894398,148.329755131316,177.462836347599,172.536354524267,149.14895178744,122.066666666667,123.395953464846,118.676938369781,125.808823529412,129.453333331439,133.250540291268,125.720893882914,127.305003786927,132.641652949987,134.065448206181,128.963388122159,140.069651471622,152.122898083849,149.263031021664,151.946559211669,113.102406531338,79.1765574515336,79.1765574515336
6.73602860548181,107.644807020982,103.442127280829,106.939953545866,112.721807581909,85.234299474123,78.8433211629252,79.9084410034485,105.164748868452,106.62870517149,94.2678005544197,98.0831534530159,106.354139862797,103.584137683229,126.915219912395,174.52343290017,172.560459624579,188.801525955377,166.778040600836,139.909575091242,172.729239577538,169.535686454789,148.927922187949,122.066666666667,123.528882144664,119.114686878728,127.172794117647,131.163333332432,135.804364258522,128.766009214941,131.783434467594,138.872067459959,138.630475551016,133.342084585633,145.458446562757,158.683260941893,159.164983135896,170.077708250649,126.523928286616,88.5014331033876,88.5014331033876
6.73602860548181,107.111232465269,102.724122738952,105.501410006815,108.896723679202,82.0524616604939,75.9051734138354,76.7159253277114,99.4859720112677,100.784484708311,89.1209104427476,92.6388827609988,100.504550064015,98.1150625455124,132.74551098992,159.268494877263,153.555489970104,167.562596944054,151.03128532847,137.011138415949,172.833413677019,171.124120550174,154.098365426524,122.066666666667,124.39291856348,121.501988071571,129.066176470588,134.393333329658,139.772709585347,133.025258313169,135.665108118025,143.008187582453,144.648025024382,139.11014706892,151.032898930593,163.855775039969,165.658476472147,207.569706845159,131.123188405795,91.7862318840019,91.7862318840019
6.73602860548181,108.311756963155,104.339601035716,107.852325804974,112.999965115832,85.3083784439811,78.8992746338853,79.7164242114492,101.266276206441,101.590304103477,89.764158487308,92.4760865345365,100.020899213919,97.6538680160909,105.108977806116,127.410770407862,153.235468413462,170.985926444639,155.473557981725,141.543722800411,176.873219371248,172.013624927825,148.030366946387,122.066666666667,124.060596863935,120.727634194831,130.386029411765,134.583333334193,139.962710474704,133.200692287132,135.313103512133,140.819730784686,140.310164156817,134.978806675635,145.067082646354,155.697169564601,154.994923184185,162.898714771593,121.256625664342,84.8825349268326,84.8825349268326
6.73602860548181,108.311798024268,104.339672849106,107.631043414157,111.885292989005,84.3440341471564,78.0192172381082,78.9294885452793,101.867185440332,102.725535120044,90.8143255310494,94.7344700889568,101.796396813151,97.9661385621432,102.670679307454,99.3806839252226,105.410839822693,144.439255991551,151.645551291228,134.946949729523,169.971357648038,165.72665234329,141.649553430567,122.066666666667,124.525847243298,122.015034791253,131.117647058823,134.013333331642,139.076276100867,132.124143338859,134.613612510181,140.830566328452,140.522248470017,135.178188060925,143.039463577645,150.776778310124,150.793783615077,160.072557212467,119.154184344662,83.4132584030359,83.4132584030359
6.73602860548181,107.911617109823,103.801169446792,107.437875162783,113.511730801652,85.8526654735414,79.4147277976605,80.4107894365403,104.075695587326,104.898412186324,92.7307745828862,95.9670262663311,103.029889968919,99.6092851132186,108.849298346305,106.521336588628,113.257180402158,112.771130740113,146.517588178696,123.073688163881,156.136473258812,159.798507770849,148.719181098808,122.066666666667,124.39291856348,121.539637176938,129.577205882353,134.583333334043,139.329842608548,132.096750737252,133.982895876271,139.379291387325,139.537836968181,134.239833414944,145.187418345775,156.953228181922,157.244465629211,167.52335314974,124.705577136896,87.3008157580444,87.3008157580444
6.73602860548181,108.445177977043,104.519150048325,107.990628482964,112.839487444976,85.1373636363321,78.7493892681395,79.7089347328477,104.457837287362,105.980214814415,93.6790807493482,97.5771492795437,104.063437272647,99.4106627862842,105.153363752423,102.045798324672,108.063057848284,105.05849213912,105.705149641608,116.727721594538,159.326989212315,165.219039002265,143.739364328108,122.066666666667,124.259989883662,120.988941351889,126.371323529412,130.023333334889,135.824622691986,129.741941291634,131.628492619459,137.815568127772,139.883338090802,134.60186513781,145.411989517785,157.074603364551,157.788529660225,168.959420621764,125.862251431122,88.1830882027449,88.1830882027449
6.73602860548181,107.91162167177,103.80117742536,107.039309373653,111.490284763245,84.1013724166595,77.7982280813274,78.8307440868476,102.985077847296,104.113996822357,92.0531868496158,96.5518753787273,104.444483642283,100.841253348497,109.184772174516,106.639285755546,113.293673068004,110.309410577863,111.159390757621,122.511228719204,144.568282114137,160.855783867524,135.31820148939,122.066666666667,122.598381385938,116.426938369781,123.636029411765,127.743333339828,132.278887769546,125.436709294503,127.85173736766,134.911320135569,137.094937554718,131.937006179507,143.620425033494,156.49641851646,158.790958019623,173.556290104553,129.316350053218,90.6263319094815,90.6263319094815
6.73602860548181,108.178390699966,104.160147778751,108.378530959108,116.545059556026,88.4142225055395,81.7770554696623,83.1463624440157,109.87149789596,110.841546677935,97.9562404376362,102.365040487403,110.333181796969,106.15118033147,115.174328072126,112.2696297519,117.079696784129,112.928078426466,113.42069063233,123.17402600881,149.051953884633,168.479887233939,150.613590039207,122.066666666667,123.528882144664,119.064488071571,126.602941176471,131.733333329138,137.112709457234,130.577929891324,133.142203954591,139.746043705394,140.072268665307,134.699314181685,147.808950515515,162.228585199654,160.357886720699,166.107318141756,123.498479184679,86.3282446869524,86.3282446869524
6.73602860548181,107.778218908323,103.621660331663,107.166796276884,113.007688484588,85.4495178565654,79.0463801176491,80.1654218771593,105.051627323354,106.165859102389,93.8741627083818,98.0549940434059,105.430062217455,101.533866131564,110.146708996018,107.679588813327,114.242034038009,111.230625614951,141.436782586703,123.14729605455,149.9656577237,156.902215004084,139.65081765476,122.066666666667,124.259989883662,121.076789264414,127.786764705882,132.113333330542,136.754363955428,129.639989793976,132.657395959965,140.360469639805,141.496046950915,136.105737190684,148.744447254742,162.639701210372,162.488964417697,172.131050229059,128.108376529782,89.6639213826597,89.6639213826597
6.40375367500907,101.88047944634,97.7281155282089,100.555250117648,104.519056907869,78.8581373900304,72.9852432059962,73.662576138048,95.4574163459976,97.0620684312156,85.9448270361974,88.3244096207182,94.4234927378695,91.9486636903451,99.3497582101221,97.0733845569314,102.791034708417,100.035909815427,101.033147350226,110.98375957139,148.461733506227,174.328833599904,143.486952071557,122.066666666667,124.193525543753,120.813991053678,126.345588235294,129.833333334079,134.052452766647,126.806932111692,128.617823823879,133.451056571518,132.813574497241,127.78822323683,139.097832755154,151.511341309676,150.390587964526,156.987093750434,116.935274702188,81.9268404697049,81.9268404697049
6.40375367500907,103.080815372465,99.3432640244271,102.772604850269,107.918069604344,81.4990762112402,75.3762908813119,76.3139698945914,101.903061662638,104.21558312425,92.0880145884746,95.5885866212844,102.56382281188,98.7206947246498,104.722402553772,101.631780757541,108.21122760262,105.354352068456,105.808851210053,115.389582610412,110.280909017015,114.32114757757,148.770323947242,122.066666666667,124.658775923116,122.201789264414,128.860294117647,132.873333330924,136.670540101215,128.867007518316,130.828031151652,137.050337593358,138.914855446152,133.60501730108,143.658377735283,154.185535950035,152.664005461803,158.670628791575,118.018456944066,82.5385002533889,82.5385002533889
6.40375367500907,103.481037342977,99.8818392313078,103.674517056017,109.895587423378,83.1144242121979,76.8766457247019,77.7494124351576,101.450916482634,102.893819459429,90.9415426060093,93.4776760877764,98.7832391011225,94.3596065549405,99.9265796183362,96.9902891216498,102.698820763906,99.8804169890564,100.580175745332,110.038456025873,105.659368468185,108.993894529421,135.394951826061,122.066666666667,124.127061203844,120.739438369781,127.974264705882,132.303333335398,137.471754777959,130.735258642081,132.621515351925,138.544775929757,139.9624388122,134.65170106502,145.260307009088,156.574848860905,155.248770930749,161.745953801169,120.395328130265,84.2716038854251,84.2716038854251
6.40375367500907,103.214263754395,99.5228609020771,103.176730962605,109.110864530081,82.5013886345099,76.3161112906489,77.2615141900473,101.625301689615,103.256270023904,91.2872367334024,94.4311688708708,99.8674801861901,95.1011473589101,100.724266751421,97.7789204012763,104.60267362671,102.129216524921,102.919775971877,114.821789175535,110.308680957234,113.76289960753,128.367935280797,122.066637015516,123.462008837338,118.900971520403,126.555176143033,130.183602903732,134.423272508628,127.003989585247,129.727732714804,136.42752096166,136.058485944992,130.855180082012,144.938271969223,161.056367367021,161.665441408102,172.690492793136,128.708000716508,90.2137761973361,90.2137761973361
6.40375367500907,102.814073714183,98.9843415393516,102.762093979193,109.612339586033,83.0350904700721,76.8094650285746,77.9777782402863,103.102101875959,104.397874485134,92.2932989549119,96.2107930106564,102.345399908232,97.4351054913151,103.078741641019,100.012175360221,108.065232396516,105.936314876925,106.798977712785,119.41718472545,114.418169680212,117.272295482663,128.387801311465,122.013055453118,123.605321971862,119.467994424218,125.723984980567,129.844456468636,135.110224003283,128.472200936786,130.541878830087,136.731762783485,137.459438354189,132.071113379475,141.436335865059,151.368468539419,150.877277277088,158.876952512488,118.363764954081,82.9233204239711,82.9233204239711
6.40375367500907,103.347634581091,99.7023221403394,103.181986389076,108.265078639599,81.7347803092302,75.6025961457028,76.5110222019929,100.698920932624,102.411181180727,90.5270623684082,93.9850927648546,101.599287392951,98.7643627071353,105.556313510163,102.749866633987,109.750887743835,107.129874946839,108.001884731726,119.029366401394,114.005314815626,116.363677784653,125.621058906882,119.324963855412,121.573543631323,118.842270168555,125.574944511461,128.452631693773,131.004155302216,122.653440395933,125.325374567557,132.81672736348,135.184754149348,130.450223579882,143.574331293191,158.319047903256,156.883905795081,162.903270069626,121.387967871871,85.0519128268979,85.0519128268979
6.40375367500907,102.280503721353,98.2663449776797,101.41214132131,106.238112696619,80.244126946676,74.2341411091014,75.217511819328,99.4473994312228,101.125295906311,89.4246005775169,93.277538862003,100.758796061996,97.6041268998292,105.243817245313,102.679691171086,108.128885850893,104.877967203171,105.695746631057,116.729236103562,111.917518756227,139.818477760796,148.206596222719,122.066666666667,124.392918563476,121.401590457245,127.437499999956,131.923333246671,135.298619858564,127.255169747796,129.365192934935,135.306958179854,135.974953591285,130.710828309048,140.869785252912,151.50334798855,153.764308262745,168.526379518964,125.282682566153,87.5764151831882,87.5764151831882
6.40375367500907,102.680648138504,98.8047845484471,102.04804375728,106.851469768683,80.6749429874568,74.6213301768249,75.5120089246061,103.072079962088,106.59388040458,94.2184424457884,97.5497405323034,105.607008396282,102.967403396633,108.66758319248,105.351782675396,109.047697921339,104.896092250843,105.653672275476,116.70999953301,111.24016552586,117.646900172584,156.148925950903,122.066666666667,124.991097622661,123.314985089463,132.525735294118,137.243333329723,141.989841612059,134.543017161752,137.710712098504,145.661950280124,146.582316084276,140.949798451047,152.164164617321,163.965669645914,162.194931130934,168.333810851427,125.099409307698,87.3973909510731,87.3973909510731
6.40375367500907,103.347630017583,99.7023141590421,103.181969445003,108.262523120997,81.7321383342552,75.596898402396,76.4518263308503,103.840394634348,107.279043078152,94.8153846819021,97.9066559909731,104.756180896777,101.052182370844,108.007880207606,105.095128345248,111.970096048026,109.150425602438,109.786797659072,120.322758780457,126.842278905376,173.718955433792,146.016804839267,122.066666666667,124.127061203844,120.839835984095,129.422794117647,133.443333337309,136.607673605811,128.288603919725,130.854408347922,138.338498425971,140.803056466065,135.504481080594,146.676653919806,158.846257086817,155.667923135184,157.839733289827,117.648291340858,82.4895323218034,82.4895323218034
6.40375367500907,103.481046468744,99.8818551917186,103.497403060658,108.998210952867,82.337142237088,76.1603901490348,77.000498313571,102.744019526301,105.370633665159,93.1417719404085,95.9223968529492,102.349541480022,98.6975382886818,104.84783516405,101.866578831035,108.325077803174,105.539985399895,106.301247348986,117.099059939883,112.609813605019,131.824122663857,141.593507181616,122.066666666667,124.060596863935,120.426441351889,125.963235294118,130.593333334541,135.12888683061,128.058199731608,130.925353981026,138.204756300782,139.02726942043,133.766449916451,141.656208502512,149.509851136901,150.930411580521,163.322715473704,121.625349778751,85.1819746272625,85.1819746272625
6.40375367500907,102.413901923009,98.4458540930817,101.727507177526,106.97052378178,80.8457641293741,74.7906561732305,75.7053738113745,102.433372283149,105.491103607996,93.2839751906195,96.4667506789251,102.405825830363,98.0249404841842,104.865850826899,102.086607886335,108.977506078909,106.302696102947,106.867986116822,115.670396884954,110.91917647406,113.487005679648,142.201640807922,122.066666666667,124.39291856348,121.33884194831,126.525735294118,131.16333333202,136.859144026466,130.606055198867,133.246316942539,140.590052167256,142.330460589379,136.906737755815,149.884283470541,164.181016897764,165.097258716298,183.019091858573,131.123188342127,91.7862307932224,91.7862307932224
6.40375367500907,102.947439978308,99.163794797954,102.811619434782,108.989358235104,82.4612101860875,76.2715687362792,77.246799238449,103.329110588437,105.700854447515,93.4201667536878,96.5098772137903,103.724280141145,100.483581322009,105.99653557512,102.759468125677,109.444804820945,106.665244496546,107.349852741054,116.679602362693,123.725110778771,193.997264745426,167.92112530274,144.710988063469,190.375389153112,125.239686878728,133.400735294118,138.129999996644,142.8765081992,135.358615075329,139.054265366505,148.842777375164,151.89007036745,146.048710589592,156.742757736584,167.769965034998,168.829611383323,231.522195151637,131.123188405797,91.7862318840579,91.7862318840579
6.82158442590293,109.925238497141,105.984744430403,109.391669372091,113.720203679418,85.7087338550808,79.2363723667917,80.0678324370247,103.905355790029,105.187505911481,92.8422446546255,96.1660297294577,102.50348055851,97.8856412469739,102.763882629528,99.5121800967124,106.000467061398,103.392283103731,104.151110335673,131.615521848073,216.575395105337,212.367367067228,187.035618151557,156.467006271735,198.280367383436,125.252236580517,133.511029411765,137.750000000016,140.808861455478,132.066085288787,133.952232196892,141.279821002951,145.865588653809,140.332747145108,154.194468677959,169.663417387982,166.993655897634,171.139854344849,127.504912637852,89.5385951414347,89.5385951414347
6.82158442590293,110.99263268235,107.421182133304,111.295353061795,116.461503545079,87.8247167152231,81.2289099668147,82.0816289309771,106.002990163361,107.166252128949,94.7019584213072,97.9901808482512,104.249743434169,99.7157960363717,105.428064835243,102.260369280068,108.033354352562,148.180595716419,206.732508589646,184.82606572064,219.342936236312,204.896434036357,176.24794661081,145.051471189079,188.358134537502,125.101640159046,131.569852941177,137.75000000039,142.812943167313,135.56201560104,137.070877924921,141.405464712841,140.46462334921,135.124299942225,144.695576045993,154.63364804545,153.969259846936,161.914580248818,120.498996852909,84.3279512975828,84.3279512975828
6.82158442590293,109.792126442507,105.805735768747,109.121652933614,113.259375381805,85.349910245583,78.9588461362812,79.754558616967,104.336195227431,106.278595715037,93.9879454263841,97.2984494215075,104.265519439558,100.78426728852,107.44427233665,130.272496368634,193.242095849212,227.050494904404,204.919858131037,177.478167304392,207.979951621405,194.054480629881,162.983719960679,126.827067570733,173.052024110745,125.189488071571,132.625,137.179999999845,141.399119195164,133.565622734159,135.82891620241,141.145749161125,139.603256766329,134.302355628976,146.618085263158,160.16680929941,158.899131489041,165.744034120559,123.395239527821,86.3978344208038,86.3978344208038
6.82158442590293,109.39190446617,105.267160551679,109.282627979305,116.676100317432,88.4085136085799,81.7773047466714,82.9096897604314,107.546696073037,108.204737275753,95.6456067424112,98.9758844450719,105.368128545104,101.063032369533,161.186363714782,207.788251204874,204.644345889148,217.718715971359,195.290416698952,168.494358454507,198.590600167996,188.558607175833,158.969922907536,122.09749272777,157.179317754691,125.063991053678,130.852941176471,136.040000000469,140.364597345267,132.700960015042,134.813511337064,140.583706586,140.700384547951,135.365193371928,147.517733729468,160.846764273753,160.723063773192,170.251461192619,126.758888153404,88.7568510113156,88.7568510113156
6.82158442590293,109.258497138903,105.087635476138,108.745793391649,114.821286501104,86.8346012693859,80.3244619845182,81.2184692951745,104.077214032372,104.719996814307,92.5833326430113,95.1750199821997,100.455195699589,120.544000911587,186.750985809611,197.739636973903,193.224944789865,206.750102402987,185.820958587574,162.270131716669,190.97467197724,181.574254791658,150.238292673983,122.06681500667,123.528882144694,119.164885685986,128.025735294568,132.683335818157,136.691685674639,129.082250170478,132.876173147112,141.859148784531,143.252920303597,138.301103530894,147.120569530827,156.358714021068,154.184996960767,158.048507586272,117.887872876626,82.6439947459106,82.6439947459106
6.82158442590293,110.592428962183,106.882638845168,111.057813164293,117.861142590562,89.1365247273766,82.4404333781507,83.6009414566917,107.43594335583,107.519749159256,95.0079043744125,99.1778108802997,113.334613109605,182.49511464425,182.006921242099,181.853937700355,176.840854537495,190.39331639145,174.761343084542,161.714281192645,195.201727355393,184.882930035431,148.958251450292,122.066667380503,125.323419322205,124.13953777336,131.775735294118,136.483333326026,141.229841003917,133.843648275181,135.954976938788,141.986570572152,142.632310895639,137.149330909338,146.142429720648,155.164790741219,154.344271272566,162.125808975855,120.527184940572,84.2474466112632,84.2474466112632
6.82158442590293,110.325687308947,106.523716368917,110.382997766276,116.183053235294,87.7503264883826,81.1721686121202,82.1523891350595,105.740928033529,106.406018201942,94.0755903947782,97.675139505204,183.684927317847,186.008988936764,168.481457467806,185.02310035941,181.121445062607,193.117405587715,167.261154771138,138.624162542486,166.135779667248,161.425270364915,137.534104189795,122.066666670102,123.329489124937,118.665134194831,128.503676470588,133.823333341117,138.569843973968,131.398414775507,134.115321190291,141.234400881787,142.164161847116,136.816680445945,145.595996250793,154.611633372701,153.84815979449,161.392648444383,120.251156467534,84.2675460430828,84.2675460430828
6.82158442590293,109.658709992595,105.626194738254,109.869106595667,117.918555918528,89.4195063557817,82.7155922107835,83.9013772616421,108.480551829425,108.868727122968,96.2452536521888,99.6009685320644,211.247547256554,191.00493422174,171.022631052115,168.20048855245,161.274548723402,166.6100615939,151.336782412904,138.197930369867,172.2374481863,171.183173508503,152.745906496922,122.066666666683,123.861203844208,120.001988071571,127.669117647059,133.63333333169,137.852452285438,130.302577547994,133.69739013047,141.847999516642,142.52477532109,137.106627671264,147.021842758122,157.391317197772,156.018977502562,162.469119726638,120.940968927175,84.6657709772659,84.6657709772659
6.82158442590293,110.325655373289,106.523660515392,110.515740100017,116.852415776005,88.3295252281372,81.7016702298543,82.7639190866636,106.122405106293,106.360196957501,94.0141391436436,97.8000384534405,228.106107087259,174.289880521686,153.18439428258,161.810139383198,159.72518810468,177.226053186499,158.762836201099,138.711570480049,170.080131766558,167.051761311906,146.957403001219,122.066666666667,123.794739504299,119.764289264414,126.474264705882,130.783333334086,134.896974792735,127.496949110318,130.137724056362,138.00896518935,141.086219990547,135.747272966485,144.492851732707,153.433779862881,154.312651463592,165.675161311533,123.396281367095,86.4420629494778,86.4420629494778
6.82158442590293,110.325678184584,106.523700410962,110.560111766846,117.079984044509,88.5271463820655,81.887409400657,83.1058838745724,107.215940240479,107.35143192652,94.8976516047587,99.5863971318644,228.02253681659,161.713000093649,147.415128122602,162.927708558213,160.734126552598,180.223656510842,162.635898497482,142.193179676038,176.075751753245,174.118898773877,156.114155434497,122.066666666667,124.259989883662,121.202286282306,129.764705882353,134.773333330674,138.99245194384,131.350883885337,134.066202119745,141.182754773109,142.072965489352,136.633283308643,146.675450245569,157.105478393349,156.923892865648,166.256344191433,123.635629452849,86.4466126866394,86.4466126866394
6.82158442590293,109.125135437817,104.908190198014,108.696284878372,115.443809551599,87.4079986836887,80.8611936216889,81.9306596715924,105.317994293739,105.667136867947,93.440457724956,96.735545049208,169.62767693723,151.220349670777,136.266993279557,152.115422712079,146.070072289518,160.385893449214,140.539440321014,124.778564140303,162.085041353305,160.918286817786,146.015837023568,122.066666666667,123.263024785028,118.32703777336,125.783088235294,129.263333338113,132.955063698348,125.363167180336,127.099275587518,131.633436825934,130.672056714677,125.769204956227,132.678720091141,139.525014499247,139.825153083773,148.863835243832,110.997580964828,77.8599323904401,77.8599323904401
6.82158442590293,109.52527529193,105.446621788303,109.155022493178,115.15770460543,87.0593934289945,80.5277417029303,81.5047313328981,103.193788799665,102.979526425604,91.0273661877376,94.255983383003,100.856438386799,98.7746631621842,111.257087390662,125.743941719476,132.74355890988,159.952736160731,142.097672106029,123.817137482379,135.44376022519,150.425389565394,139.522842059064,122.066666666667,123.263024785028,118.226640159046,124.128676470588,126.603333333931,130.927930727123,124.019309202183,125.679292458805,130.877841339747,131.765004000038,126.775937637226,135.174357187209,143.809831629744,146.22028780312,160.572158953315,119.574707175553,83.745229374779,83.745229374779
6.34306873261734,101.992371621703,98.2517855234764,101.397780996372,105.635407573857,79.6710502503896,73.7471704983542,74.5678334712809,94.8482598800443,95.2348350680863,84.361261914453,87.800697145525,95.3951487533701,93.6395625422814,101.571594610525,99.3333930422259,104.829815778836,101.825612989232,102.540121619839,112.428869400686,167.419757588146,177.723766219368,160.048495422479,122.066666666667,123.329489124937,118.476888667992,125.665441176471,130.783333332379,134.686018338422,127.128293651503,129.768387006991,136.146258249102,135.797536859277,130.607919883995,140.149532507424,150.061556307427,148.748894031644,154.991812123912,115.270427135382,80.6045586053556,80.6045586053556
6.34306873261734,101.725319350118,97.8923197946161,101.253255926201,106.601261623227,80.5672138836444,74.5254500397922,75.3154194693259,95.1573735792012,95.1906397161094,84.1494327009173,86.4942814569229,91.934465401797,88.4306448207966,95.1640772917641,92.7712211720478,95.2070690825099,91.3124348310153,91.9930819752695,100.790155711507,96.6005479832213,98.2597079587203,106.508695560698,102.925815562518,104.934448718278,101.756726367721,112.250696233824,121.676705591771,132.074122547675,128.209385541052,131.074386483843,138.037660802698,139.472013182826,134.175463724878,144.437409354644,155.302748527071,155.084668057056,164.090081816801,122.132100544699,85.4811387329132,85.4811387329132
6.34306873261734,102.525672047922,98.9693106295321,102.525297919934,107.841220286246,81.442470830312,75.32829046572,76.1141656378273,96.5684935740441,96.8162704887998,85.564447695977,88.0945006300478,93.2117758909515,89.0388962919175,93.8214943120534,90.9315526944372,95.5883939785013,92.6286035862989,93.3252208784339,103.360690268173,99.0241546223961,100.960602157277,109.600659669547,104.816607327891,105.712763741453,101.203563816954,107.628719949615,110.792613418953,115.30977849417,109.697026714111,112.260269941534,118.695731380034,119.006368925547,114.202013499235,122.297500141634,131.163623330018,132.825309063907,144.447517604486,107.955153021211,75.9668288842884,75.9668288842884
6.34306873261734,101.858731229019,98.0718528306892,101.834394383573,108.685305632525,82.3405012811614,76.1683007591852,77.0456350250771,98.2507822957154,98.5418779566778,87.1202844578857,89.1445189139782,93.5984347930208,89.1897650023092,95.5824936511814,93.0589532386986,97.6821230226505,94.5788549499835,94.994981825361,102.48119764012,98.238717493012,99.8412630305189,108.012812302069,103.657335898771,104.754161952043,100.853182335239,108.839685984318,113.348808203701,117.795220909687,111.994906746817,114.514644531253,120.22318651324,119.371392536797,115.017268668533,123.873636896723,133.229375513462,134.53912022975,145.656529138671,108.377567629152,75.8084205744185,75.8084205744185
6.34306873261734,102.659070249577,99.1488197449336,103.194959533844,110.372573104366,83.602984324111,77.3263700358358,78.2664697984432,99.4647253459953,99.4228530769712,87.8666793326995,90.280639430332,96.3162277844065,92.9707393461434,98.7988255820647,95.9754689809413,99.1068202714768,95.2836626952876,95.6814289471796,102.390149659093,97.9468798277942,99.3083979096116,107.41139850597,103.489244128523,104.523940956813,100.468770309949,105.347616409757,108.359918195699,112.311415184557,106.698251971404,108.179353045145,113.265145837443,115.516901597095,111.404540605927,121.844876677956,133.418076570067,133.544226747525,141.804693851535,105.67308480439,74.0672597259602,74.0672597259602
6.34306873261734,101.85873579159,98.071860810349,101.568689505902,107.339180078806,81.1745306006953,75.0940210772418,75.9224880964564,96.5767031291811,96.862189785087,85.65528490584,88.0573381608924,92.1858875219831,87.3607445982367,92.1895021060677,89.4448049738621,94.2422417808148,91.4676517603103,91.9836958862677,98.4647562130622,94.5149342561103,96.154489107296,102.513712387227,97.5473531108284,98.4365109953937,94.0467757346629,100.46710153162,103.690817753847,105.815416872718,99.1661347058916,102.11866876728,109.808823875173,112.808196370355,108.653375654261,117.507882773772,127.258662332173,128.272335901091,138.097358518104,103.023498830494,72.289713310603,72.289713310603
6.34306873261734,101.992102056652,98.2513140705888,101.396780116407,105.591827095293,79.6263183536971,73.6550717001243,74.4793798761581,91.9730246635985,90.8346133714074,80.3029696369186,83.6665962591977,89.7387385502766,86.304376726502,90.4277222813198,87.5693343297328,92.1391223755536,89.4080298718007,90.290985612072,101.23652096219,97.5108843353594,99.7897312137125,108.100255263079,102.726741847511,103.628310833934,99.2449371394291,106.028412327894,109.486567355305,113.586556319604,107.802815893318,109.59134442103,115.325311372062,116.97158342292,112.024473770703,120.519986894686,129.280284412792,131.337128715801,144.567874629297,107.362379156051,74.9872221718929,74.9872221718929
6.34306873261734,102.659074811212,99.148827722956,102.309237076713,105.876114283408,79.7067143641388,73.7243767542922,74.4082896993732,92.4841239295726,92.0254677071268,81.3362304318669,84.3269169936514,89.5379968784743,85.4068263694099,89.8304440996437,87.0326322869471,90.961228584708,87.9318137536431,88.419569544729,95.5504017275519,91.4871189610743,93.4472890034553,101.954734621622,97.546661730338,98.9228596269031,95.7610193336629,102.772058917031,106.225399808705,109.663193884027,103.93483309278,106.039028779261,111.05116280365,111.525773668276,107.92389948512,118.602869810338,130.48297031055,129.193110233289,133.829112317171,99.6879389266779,69.8069169496097,69.8069169496097
6.34306873261734,101.858735791746,98.0718608106219,101.21439374877,105.538130297165,79.6134685820128,73.6476565819165,74.3716628379668,92.6361754843356,92.1875081787341,81.5108813196231,84.109685357438,90.0369654571601,87.0616739790091,93.7439547788942,91.4034885367202,96.8276547795488,94.137278945387,94.6943917939748,103.761743625551,99.6054337727015,101.028857276764,107.145676715906,101.591289425193,102.071096483142,97.2398853882968,103.363995611423,105.524350177233,109.342031868221,103.327783709449,105.064609658771,109.146029915033,106.353690265998,101.840036204665,111.550543073577,122.588805759946,125.447675560013,139.526057352704,104.032115875626,72.9718063132586,72.9718063132586
6.34306873261734,101.32513386357,97.3538083959711,100.174331304634,103.732586067796,78.1809856528606,72.3222732758988,72.9431187955871,90.3963657821873,89.9846144836866,79.5648418386238,81.8342298284174,87.0462508079316,83.8607222197534,89.7995170996562,87.4609936059021,92.5749344902965,90.0204127601962,90.6791475976526,99.3253075847083,95.4222879301672,97.817465548031,106.792172360341,101.718669051931,103.168547839601,99.5193552252367,103.898195386378,106.852993315472,109.371661419995,102.853398375484,105.466738337255,112.075771423992,113.886376081792,109.611050594562,121.541559283168,134.809802571953,134.673661581388,142.830602580665,106.167160748004,74.2119425472767,74.2119425472767
6.34306873261734,101.992083806055,98.2512821514039,101.529573262031,106.260851727157,80.2051436855732,74.1834406376291,74.9347744523785,93.3360606770409,92.7856674982604,81.9982689225253,84.5200210283742,89.9934588163484,86.4297944002686,90.4532768835039,87.47802025353,92.5302019453586,89.8820067487686,90.4201500609816,99.1771612157442,94.9271187223159,96.3460986046215,103.531173539654,99.0643297754369,100.296460780638,96.8497541647783,103.385889339712,106.293502949678,109.040613819692,102.685290766598,104.371025846962,109.003429842989,109.629457682081,105.600055778081,115.274457676699,125.955382974558,124.545320308704,128.848111871901,95.9605530993553,67.1993357697216,67.1993357697216
6.34306873261734,101.85871297889,98.071820912323,101.435743894411,106.65863308037,80.5838275945032,74.5405058832014,75.4676028410068,93.7707968306018,92.6373693081871,81.89227035705,85.2434973685185,91.0210099000153,87.1076709150099,91.2378290009214,88.2884011031435,93.1487518447249,90.4110305169771,90.9393712668074,98.5794645868915,94.3255092817864,96.1583150581917,103.136107487311,97.7010486958973,98.5266568232413,94.4206404985393,100.945390550188,103.882093561707,107.74229828744,102.335538814664,104.085212044364,108.557649619974,108.351412433671,104.379331145065,112.011411548807,120.065002310273,120.950082389549,130.220856857486,96.9957701534626,67.9399473442462,67.9399473442462
5.30247119586738,86.6778965817519,84.0411198850873,87.0390500769388,90.6723596462101,68.3084330405388,63.2856620695162,64.0329006316642,80.1622118585364,79.9023101835149,70.9668824992546,74.6864028908723,79.8150223099422,76.9049098475227,83.1679062273064,81.3378462156366,87.6536106336642,85.9175554442722,86.8476080447768,97.1336829987403,93.9408883010551,95.8931975699987,103.625983614594,99.1318253503296,100.34865993528,96.2531459730691,100.12683177444,104.02351462187,107.625990523716,101.910900235564,103.496491587324,107.648617631305,107.067966815509,102.706796548751,109.513691290574,116.475840860989,116.652531371781,124.373889295437,92.5591880476379,64.7993667591852,64.7993667591852
5.30247119586738,84.9432440739977,81.706669088774,84.1332751896948,87.1487406768077,65.6727404130181,60.7610094015786,61.3185807443711,76.5764827685145,76.4465021798036,67.6282065102197,69.842740758064,74.2924480281777,71.4665085703872,76.2337424753077,74.1949857780504,80.5468222571617,79.1865949407108,79.7744293298806,88.1792424383174,85.3252674200104,87.1146145515905,94.8480699693097,91.1796343598473,92.3162270463681,88.7397235261051,95.5918412379562,99.1343617597584,101.679781111605,95.947567055934,97.1620306763912,101.945315917468,106.089887807857,102.671842934976,111.785668644258,121.779277337346,121.083046279496,126.546635474569,94.3181529654013,66.092329006981,66.092329006981
5.30247119586738,85.7435465759925,82.783572134271,85.272269899914,87.7036665442922,65.9526894270405,61.0008473639007,61.6326280159697,77.8856593073574,77.9453741264403,68.8856165927387,72.0925622344538,76.7360980188582,72.8153845836753,77.4996785027952,75.3225872361558,80.2799377999892,78.2503611014275,78.537781424269,83.4015870949219,79.6951139407051,81.418679072535,88.9783400162058,85.022230797395,85.9472171300697,82.8529795793825,89.2558932570867,92.4161715042937,96.0917890314032,91.713112716598,93.5434077525615,99.063833509071,102.351629022506,99.208576856561,106.889643266,115.106570637786,114.236959343171,118.781462585061,88.5652178901273,62.0766830148311,62.0766830148311
5.30247119586738,85.4767866712219,82.424617737196,85.1288303714473,88.7181446625911,66.8987759420169,61.8821045626884,62.6205587978728,78.756073878165,78.3719344590902,69.2814883416684,72.4076803550678,76.5328304678667,72.1715951168454,76.4020450465423,74.1402295429539,78.2760347420108,75.9967394250041,76.2262313243365,80.9362815178354,77.6926113211404,79.5298786706385,86.991212032399,83.0700698715108,83.9571560459018,80.6683089437369,86.5837359048613,90.5083964125815,93.2230973219223,88.1178020083725,90.0649794606813,94.5775093704721,94.569774901208,91.1213800212417,97.7007454437127,104.599239922948,102.75350654315,104.781990370782,78.0586987384894,54.6959563201509,54.6959563201509
5.30247119586738,85.8769584631767,82.9631051848303,85.8091214183257,89.5625281655973,67.5307910081325,62.4627858448253,63.2675211000606,79.0960959190245,78.2954216160475,69.2015888515647,72.7540772790821,78.4085785889973,75.1606183348669,80.6276170354998,78.5310688574505,84.1914794053808,82.2786236561775,82.7519792897643,89.644522123294,85.6968969659282,87.8176884105974,96.4938827017069,91.962187247764,92.7341573280376,88.8814501481328,92.300564637448,95.0833877309352,97.1796720323244,90.7403974674821,92.403942692854,98.0292881974871,99.4230544069734,94.9481860783731,102.554877415268,110.706907592889,110.247442106433,116.324009345044,86.5024316832097,60.5194337478522,60.5194337478522
5.30247119586738,85.3433975956449,82.2451245827509,84.8577853695982,88.2136362363697,66.4951296733628,61.5124533346591,62.047231427022,76.5705131736311,76.0427614067828,67.238217470134,69.1680460593017,72.9130673632638,69.5496048432695,74.0730363810593,72.0426913924873,76.7583148818145,74.8708242093819,75.4104178142235,83.3103842927647,80.5892606518969,82.2347281790926,88.389142135143,84.2654013444969,85.490880170295,82.4439036976458,88.8643491428187,92.8271085673213,96.4266183249311,91.8975288438906,93.4918502964218,97.0007704765261,96.5043008680189,93.1388722139792,100.335510579502,108.004338155243,108.603640440842,116.421208979831,86.7113590835105,60.7151714872343,60.7151714872343
5.30247119586738,86.0103475395339,83.14259834064,86.0801664230783,90.0679439203763,67.935378029206,62.834503029126,63.534716918357,78.8601096361627,78.075579941641,68.9975477440418,71.7493362645131,75.5674740636746,71.1984697373832,75.4483905363056,73.2226872327097,77.1154304861575,74.7700613247267,75.1092970225553,80.831859737165,77.2437757416805,78.7691670360321,84.4307244329875,79.768740978855,80.5121042373586,77.3426034478199,82.9770795059482,85.5596788207776,88.7782490505383,84.4925695998187,86.4474666972138,91.6147225887061,93.4336163287387,90.3855674959636,96.7331460104381,103.488155730574,103.461526397676,109.281792961348,81.5664062801182,57.2511398025891,57.2511398025891
5.30247119586738,85.0766148806714,81.8861302920178,84.625687208644,88.775043441932,67.0480771759017,62.0263300628691,62.6998639021581,77.8911526373984,77.2381083046449,68.3024619068727,70.5800609095667,73.86642101032,69.6482275116162,75.0559674428748,73.2141959916319,77.3948212540637,75.1944218862295,75.765840719878,83.2612343248604,79.7663544985172,82.0602313965441,90.5099426993381,86.0748886788582,87.2371494182946,84.3453360488903,90.3892095951077,93.2271949155405,96.5454700704865,91.4012904569591,92.9224499908642,97.1803959859322,96.9736430582687,92.762920726005,98.3435949518536,103.63818422082,103.836378480246,111.216085910035,82.4976904026759,57.5543113775839,57.5543113775839
5.30247119586738,86.2771256920922,83.5015846519862,86.7108303714338,91.5293371927575,69.135127920221,63.9402100604945,64.5521401228554,79.7678607781905,79.0680996948781,69.860523164827,71.5805183900294,75.7709272920249,72.6144320090232,75.3964297882163,72.7576048302894,78.1420401511374,76.4182657622164,76.7702805979635,81.8735899132041,78.0322423469155,79.9011423824712,86.854524111568,82.3260490387127,82.8943926928434,79.0988074904786,83.1645637613799,85.7415018979335,89.1360784230251,84.8748827120045,87.274433370027,92.9589862468713,93.8831818566641,90.6637509350621,100.872459912422,112.718683667491,115.15579055025,127.251906354019,94.9847537380521,66.6769541273652,66.6769541273652
5.30247119586738,85.4768049210387,82.4246496550163,84.8188893440832,87.1502488331501,65.5411342160753,60.634318822047,61.1030942661638,74.3637487398948,73.510221046488,65.0181312645336,67.2101238778053,72.1915326441262,70.1153968054947,74.6476626217012,72.6356052223654,78.1497347102602,76.5606033942934,77.0348977665269,82.7905413509243,79.6937472408829,81.2222931771327,87.6793837208343,83.7980057396549,84.4484496466362,80.7541797701239,85.9215962502066,87.8957202612051,90.1045673798023,84.6115699765725,85.9893790785636,90.3129721269733,91.3365785245394,87.8018522655367,92.9013588561311,97.9232265394534,98.6780470380989,106.452757681488,79.2312077727663,55.4587730490852,55.4587730490852
5.30247119586738,85.2099902707192,82.0655995113043,84.54238563916,87.4786882909423,65.8908775417309,60.9504040625707,61.6549078922849,75.1117031948348,73.6017178076136,65.0676622757476,68.312301792201,74.1908910508532,71.8319790337261,77.8154530947879,75.9893394002394,81.6440581583086,79.8515614598501,80.2624561973067,87.2796790515746,83.7197906444603,85.5437463424807,92.8705667589581,88.2382339570041,88.8813964566895,85.0157214623778,89.3878379694253,92.2980310358201,96.8455993095113,92.6724038746443,93.8144812291562,97.975904649174,98.8496290483594,94.7566176944765,102.221425035883,110.067664460727,110.47048071349,118.44194654442,87.9990131919281,61.4758324472155,61.4758324472155
5.30247119586738,85.4767684221852,82.4245858207402,84.9959017046144,88.0409075606478,66.311497079037,61.3360048145082,61.9011009615052,75.315920716827,74.1491265173422,65.5401221039174,67.87122825525,71.0900058074007,66.8565309798209,70.8238570790236,68.7529777905821,72.5738642365619,70.4791151297895,70.720082332895,74.4475719597248,71.4251179952054,72.8573298686803,78.0168502920785,74.1699924351896,75.5640597936994,73.2683693324954,77.229264565037,79.5833910429605,83.3702399898916,80.3579530673328,83.5620049469274,90.5635764804119,93.6180904392132,91.1250727210263,98.4959772306901,106.580183663676,106.820407239043,113.140601809233,84.5378514148269,59.3855426286332,59.3855426286332
4.17631783869631,66.5480384435035,63.8764891800379,65.9181244933343,69.2812167821653,52.3845574151575,48.5809201626627,49.3431926695036,63.9610978256868,64.4478690167127,57.3878206652265,60.8065845739755,64.9998376797881,62.7698805792125,67.4239282315468,65.8301030729979,71.0578802776051,69.6105249123841,70.2086817799559,76.9160387272553,73.900185770059,75.5322133927369,81.89688539834,77.8062941462974,78.3803254396298,74.91426290269,79.5747697873636,82.4774190678655,85.1844244384342,80.585503772397,81.9336350328951,85.0963607455071,83.8649299808979,80.2860635569214,87.0048803465355,94.2110456209126,96.046959443274,106.38038032588,79.1251141953784,55.3764846544213,55.3764846544213
4.17631783869631,66.9475546510738,64.4138300504365,66.2859726040071,68.4455524472313,51.5437821544403,47.6762817735878,48.2931391932094,62.5866033456549,63.0616460174376,55.7423814028306,58.753005472198,63.8953724943386,61.7784651139717,66.0513966418422,64.3049922976692,69.6282683790637,68.3661841669161,68.6146645884901,72.8205285707349,70.0923302719417,71.7712886229181,77.8256144235218,73.8391581007658,74.6232886378292,71.6198092430785,75.3825043283819,77.914458471904,80.2030094968153,75.8041346267883,78.4228948680022,83.9052812757459,84.1233495366808,81.3682658145082,88.0012080863726,95.1967533218136,97.3683156598104,107.917798817277,80.4522842374589,56.3927767432383,56.3927767432383
4.17631783869631,66.4139937611193,63.6958494091412,65.511784350862,67.9945568297504,51.285926453062,47.4431467517196,47.908778118953,60.5268421613821,60.6614754912726,53.6371694171861,55.3347576863528,58.5236631922992,55.8783991599585,60.0110897506094,58.4932200070106,62.1966832616195,60.623061963875,61.0128748532268,66.0291076523555,63.6357805013831,65.2440861289282,71.4383260378604,68.52964552527,69.5647410752925,66.9647590844771,70.8830141831512,74.2642005405946,78.5788535302735,76.076682441815,78.1292860422888,82.9277443158765,84.2345909085135,81.357680057127,87.6921002681854,94.3849150870785,93.4194101859962,96.8367668882072,72.0941098292931,50.4623495777805,50.4623495777805
4.17631783869631,68.0146991753219,65.8498311114937,68.0558684073559,70.472874059205,53.0347812723612,49.0451838277565,49.5356425285046,61.9661727175194,61.7284062435084,54.5256507355804,56.7935346332455,60.4953229028561,57.5576385987115,61.1358855209044,59.3715966807704,61.9442774108839,59.8347701976392,60.0205021228154,64.4460546935235,62.0014040947199,63.1777125018062,69.0254538357396,66.3798513954383,66.9358318834751,64.0890890317585,67.6932050313444,70.5339565637546,72.5496132189249,68.5402849256111,69.6285884393969,72.1586889506845,71.6757096569105,69.262497611018,74.946453563338,81.1634504755267,82.0583216315619,88.8380498062484,66.2909716973217,46.5334458571212,46.5334458571212
4.17631783869631,68.681722116762,66.7474325376621,69.5442423151295,73.6895642898397,55.6577255544127,51.4764713349741,52.19310081931,65.0829418807454,64.1747651228749,56.7031747846246,59.5532139626107,64.9147474969065,62.9328744283467,67.6623138511137,65.9025341058602,69.5313904557685,67.4492025310254,67.6067134030104,72.6781960512685,69.7188338427015,71.338435198593,77.1800068063182,72.6432187015827,73.0012537413445,69.7299903174241,73.448524562791,75.9121238392591,77.8505311688885,72.873718822718,73.8073458534103,76.9995918112137,76.4935610089749,73.0785569993757,79.620520392598,86.7910547028233,89.2689952560015,100.589036633905,74.7972861972915,52.3121036190672,52.3121036190672
4.17631783869631,66.9476276286982,64.4139576838653,66.3305305357611,68.6845549098381,51.7531742291047,47.8867246742292,48.4622760930251,61.9205641925205,62.1358809442314,54.9842147479319,57.6600969999271,61.9295661037138,59.5522727947462,62.5583139740332,60.6443184581589,65.2268479290683,63.8570484779458,64.2447930775307,69.4296050156014,66.8220431773447,68.5593158360337,74.9938517184705,71.3903080164904,71.8918195693342,68.3571653009586,71.6046496545291,74.6835393775085,77.7162551725392,74.14682443232,75.9386842888225,80.0180730770454,80.254120343478,77.206333435081,81.9602206470568,86.6548107927942,88.4125300422531,97.8906557693717,72.8134953343256,50.9308434727691,50.9308434727691
4.17631783869631,67.080961956697,64.5933550881243,66.6013722627617,69.1784869366202,52.1459466886185,48.2337468539678,48.6449028454567,60.0593470989997,59.6680311925351,52.7417443706782,54.1844804851589,57.7145522646416,55.6575691787646,58.9165090329898,57.1959301699629,61.945374491963,60.8506975795148,61.1473511084481,65.0684722826023,62.6135926775085,64.7832436457609,71.8301255760892,68.1585030174713,68.8605829915072,65.9118069945658,70.9226500509221,74.0444069361483,76.3353274984625,72.1540890918964,73.6764989695395,77.5290627614838,78.1730637794384,75.4333468986842,82.9433972093605,91.319753452922,91.8157599481359,98.4178849133789,73.2902877839067,51.3165958002497,51.3165958002497
4.17631783869631,66.6807856012346,64.0548596591927,65.6996294232752,67.2106361976233,50.5405450614816,46.7541929204211,47.1686741677337,59.2259088311733,59.3062700840833,52.4432995452891,54.4864344149021,58.4150092167924,56.3243528495287,60.8355919385494,59.3877961357422,61.9491755041556,59.831431964781,60.1906940256071,65.3548435937821,62.5985637764321,63.9860354138983,70.4883647412531,67.6812802684877,68.100194395142,65.0326671555929,68.9609859297641,71.9023336851402,74.3632153650615,70.5551011197379,71.6796218564622,75.0052234838584,75.9582273900438,73.2678204624284,79.7101725208945,86.7347923032529,88.2657797094963,97.0349616826595,72.2720095710918,50.6213781354855,50.6213781354855
4.17631783869631,67.8813146616921,65.6703459356168,68.0062751923155,71.0910731780016,53.603733890045,49.5726754776874,50.0123533490084,62.1968493555133,61.9381121735142,54.7126078092003,56.1980990389286,60.6576799642098,59.1612683427628,64.4497000273726,62.9923817109125,65.6777410523596,63.3979302021166,63.7126816710628,69.5584944038908,66.5897881599772,68.3162606133223,74.0560189508629,69.6341454664706,69.7791848360474,66.1418152586426,70.610388009981,72.6451471775561,76.2599075308992,72.9442110491574,73.7763082415501,76.9925951092349,77.6547285691222,74.4680536759905,81.187688321572,88.6241084817187,90.095767055082,98.9827300813579,73.698608217941,51.6080612650451,51.6080612650451
4.17631783869631,67.3477811684955,64.9524132095856,66.7450319950693,68.1751677935673,51.2113303403411,47.3763241725918,47.7746562295978,59.4391067123624,59.3169553457237,52.4595685439767,54.6282157275472,59.4899326317302,58.254700169359,62.1276501841111,60.46361013791,63.1815967747936,61.1013985742007,61.4766729601809,66.2208182925656,63.5788560527799,65.9421767387163,75.2131195200579,72.2582529513625,72.9656715341849,69.9398152490522,73.7368346624379,76.4554806637929,79.4626293452379,75.7545992190227,77.205944667683,80.6180994034358,80.5191256080903,77.4794877728048,84.0661604050099,90.881093094416,93.3849755052554,105.116125037495,77.9941320334565,54.4142961641408,54.4142961641408
4.17631783869631,66.94758200439,64.4138778897238,66.5517959836708,69.7975760030344,52.7158143558208,48.7631438147359,49.3644499526498,61.6944954214098,61.1453742796277,54.0531056434788,56.2841748812067,59.9756138247519,57.2180691875151,60.2883630230841,58.4097924103871,61.6284713832296,59.7966686390848,60.1222647387327,66.1801591045587,63.617299449393,65.6842730810052,72.7415229000763,68.8584199867227,69.4512468170551,66.414213050084,71.319485805961,73.9718615245224,76.5375135559546,72.5311688512013,74.1737700671948,77.7668597068719,77.0481599070227,74.06394750338,80.9032805237298,88.6126573576427,89.9977272864387,98.4834443497929,73.4576196276472,51.5375857276797,51.5375857276797
4.17631783869631,67.0809619551365,64.5933550853951,66.6899461963956,69.62874250546,52.5362050659545,48.595322346598,49.109823086258,60.079573443838,59.1292858811812,52.2684399503903,54.1644612367539,59.43649828052,58.7568298280234,62.667476934407,60.9618950258904,64.186467348414,62.2731002022033,62.4861392337587,65.5786029607556,62.7950063394887,64.3138615358026,69.4133531232935,65.4425860807451,65.8545982769571,62.926084390671,67.0447481390229,69.1402796308017,71.5561309120141,67.7918849691571,68.906874506575,72.6360751581585,74.3556726597613,72.0067914010014,78.0399523879441,84.769727511582,84.5828250157848,88.8171842725391,66.3378137550792,46.580016861901,46.580016861901
4.42005244338439,71.451474028382,68.9761092858407,71.8541481255133,77.1596253609791,58.4897642144998,54.071190994721,54.7727423831532,66.6588540719551,64.968580095629,57.3214346927144,59.0170242621914,63.1476208359508,60.6767321420637,63.2091055814191,60.9941094957029,63.4092113748108,61.114529043264,61.2532513768617,65.5949916372326,62.7077328395928,64.257098750461,70.3600797442148,66.9443910008993,67.544418228369,64.6756920031497,69.0683856528464,71.9665908995556,74.8163077597263,71.2308801538109,72.7501528414817,75.9519122432871,74.8878003084727,71.8402343556939,76.2747663788431,80.5744652442089,82.0471638295239,90.687143335904,67.360035409682,47.0539784505652,47.0539784505652
4.42005244338439,70.7846590616889,68.078871594862,70.1008245982868,72.6315758741455,54.7365536869562,50.6393979412307,51.0734359479854,61.9664180516107,61.0408092524186,53.9932311758367,55.6237898126008,59.4248085137781,57.5724236386144,61.3192835171164,59.6822436838666,64.481086476917,63.2792202888894,63.6823226331152,67.8152350055765,65.0318947824721,66.2384923707744,70.8042507336227,67.2501812801782,67.5370754733566,64.0432098217214,67.4846619978515,70.2726831459169,74.4311006271219,71.6726960425164,73.1136557660019,77.8407015104943,79.7005317848372,76.5187425352653,81.7989950722396,87.4605530570654,87.6124876482642,93.1625686523871,69.4661872616595,48.7092110035993,48.7092110035993
4.42005244338439,70.7846362548536,68.0788317070935,69.9678790085699,71.9507484506386,54.1455599152042,50.0852441093052,50.3773950776861,59.9598385943931,58.8388228627065,52.0165487582242,53.0285270469079,56.3167381074923,54.5237312333998,57.8809442662596,56.2438486212789,61.9924713301407,61.3292480434244,61.7798165888557,67.6935866288757,65.1823674456936,66.6411956179343,72.2924792717458,69.0273780566725,69.9316660605819,67.2648956021223,70.716618850362,74.1204823926565,77.2121771043818,73.5125821094996,75.3017326922175,79.6410508489701,79.6869858724022,76.3573262023676,82.6326100936217,89.294458369086,89.3990659666688,95.3800181990291,70.8830020964103,49.5463785899439,49.5463785899439
4.42005244338439,72.2519662788533,70.0533441898882,72.4624037248231,75.0490478243994,56.4652006954991,52.2185905699537,52.5375682534104,62.5688353429519,61.3395921364008,54.1817853369013,55.3310543755372,58.2383263384157,55.5614479497759,60.1441750596233,58.6932735278748,62.8079021306048,61.3191499325705,61.5700166441436,65.5644209886016,62.4486396936512,63.5464400892126,68.3902479140894,65.1409873722398,65.6242851691695,62.8694827684652,68.3429570955797,70.8475188371881,74.0879223545323,70.9381282858291,72.1543480386112,75.2789522378848,75.6082563117053,73.2011527890971,79.6860457371726,86.8355645020545,86.5287982500967,90.7879432021546,67.692267420686,47.447275410868,47.447275410868
4.42005244338439,71.5850482723389,69.1559262885259,71.5501500410954,74.7741338469231,56.394430980204,52.1691749172708,52.6695298003056,62.3110669380841,60.4063106185245,53.4134209230439,55.2253447589911,59.4249098749353,57.6976876225515,62.0664356698569,60.5031783558751,65.1359156922895,63.7659930798948,64.0825767221912,68.4890657491408,65.3789300139184,66.8353700744968,72.5246397470178,68.8377959608909,69.7809248795499,67.6078512924522,71.6563201712071,74.381551748406,77.2117298418142,73.2637627630973,74.4785578193772,78.2661578541825,78.9695201810923,75.7124080283317,82.8814955821857,90.7161257098775,91.2341827696007,98.2282760159904,73.0093034582243,51.0362827231338,51.0362827231338
4.42005244338439,70.6512699916649,67.8993784501289,69.7412056776127,71.6747129971059,53.9404728313197,49.9033920181865,50.4062840611606,60.6876118558507,59.3300653871711,52.4797782987921,54.8868772844777,59.5727973635676,57.9600514830341,62.7532293478554,61.3105824176058,63.0005075434215,60.4462118147333,60.7942491579113,65.9342975320147,63.2980289401814,64.3052582710813,69.6546042356478,66.9367243384545,67.7995445261624,65.5379154221236,69.3845724357664,71.6161258948975,72.9705240676912,68.5198658589886,70.1838355361359,74.3693108045893,75.8304896784108,73.3017269369321,80.8366105136655,89.2175017560848,88.9848608743024,93.8025364583276,69.8612895587361,48.935282657816,48.935282657816
4.42005244338439,71.718387162909,69.3353316724447,71.4667129509982,73.4718277043375,55.2311226040035,51.0806674500364,51.3675122507554,60.6136570574418,59.2166934799621,52.3187420467957,53.4941954555041,57.3518211816541,55.8161067129351,58.5844920278476,56.7219699108078,59.8292603659004,58.0975331352735,58.5975627310126,65.0797081854684,62.4993316628744,63.5498570970432,68.5234164332604,65.9107576671747,66.6661324913777,63.9202101783339,68.0750957206108,71.2243180646786,74.0260911230205,70.3838839176233,72.8402261486403,78.3078565230586,78.6953086750499,75.5186281378619,80.535668689221,85.7209824252677,86.5152375766601,93.6624900464222,69.7247934274155,48.8133292122811,48.8133292122811
4.42005244338439,71.0514554680567,68.4378898310114,70.5101214734854,72.96917056877,54.9625350359363,50.8448722393656,51.3625154622425,62.3448564428262,61.1827861730551,54.100830681325,56.3617078882012,61.0092722953085,59.2597388125112,64.0524442444838,62.5058017474764,66.2038795480963,64.3214531708362,64.6546817341919,69.3517772015964,65.8058251384169,67.0490887285274,73.2967026597445,70.1390174402665,70.5125867902366,67.456913699413,71.7915541748117,74.6660375112372,76.8730166875447,72.3702180314069,73.5610832028151,76.7079633866207,75.88007105198,72.8879822823859,79.3331389128347,86.3274841417393,87.7515231562889,96.4287604653929,71.7158269097028,50.1556471635933,50.1556471635933
4.42005244338439,70.1176771869145,67.1813419917956,69.1440468053746,72.1171429799868,54.4558410736293,50.3781215500849,50.8969425755108,60.9410002616532,59.3649463119269,52.500627343423,54.2154395462711,57.7909054955952,55.6373211052474,60.7189795426482,59.4317189118153,62.6836774083107,60.8613300653948,61.2014187539848,66.4086969882656,64.0377488317156,65.0834480870257,69.0489832041822,65.6277366660337,66.4287272726518,63.8691072738672,68.8522686110957,71.8106688965652,73.9506302994965,69.856868336462,72.1564124168823,78.0471563805779,80.4202727092971,77.5007948624772,85.4736327606027,94.5128971177729,95.9429033803461,104.867207775506,78.1660054695305,54.7884258183897,54.7884258183897
4.42005244338439,70.2510388878442,67.3607872696466,69.2378422877808,71.719074045339,54.0768743610199,50.0206437207961,50.5009434341594,60.6769825631074,59.2952674689365,52.4161811151089,54.2027323902278,58.6530675532496,57.2477646918047,61.758507037214,60.255321284949,62.7326437149413,60.539991544692,60.8162925735277,65.4068497439972,62.7415180696519,63.7545679385369,68.4547503441624,65.3091212156673,65.632779605476,62.4185695190487,65.2714832522514,67.8743130705616,70.0560858425752,66.3647984381037,68.0295479978406,72.2347371392092,73.3137696059719,70.7551739149509,75.8560853118357,81.2168966418182,82.4867261192784,90.2640020742857,67.2741199030331,47.1617699551658,47.1617699551658
4.42005244338439,70.9180116422488,68.2583009217407,70.3274471263581,72.9032836723035,54.9371767351696,50.8117592532559,51.1175837917169,59.5108573445403,57.6728708048133,50.9645416618955,51.7125910398761,55.2382481105338,53.9187233165348,58.6308646371308,57.3245532600089,61.1945596903859,59.7431183373946,60.1046481665514,64.5845894416067,61.9883894867143,63.6246836420472,69.6129578931398,66.4239257721311,67.0879461965511,64.2108770876048,69.016185953319,72.0505664379467,73.2897852304756,68.3126808132642,69.8189858027132,73.6560455204235,73.7385794439838,70.7246341542712,78.1090442644892,86.3397189715919,87.5884213843604,95.9505764256522,71.3265260857494,49.860337202643,49.860337202643
4.42005244338439,70.9180344544808,68.2583408189479,70.2389578875407,72.4580962608665,54.5521347999235,50.4611183673705,50.8046304820178,58.7486673452448,56.6294526507762,50.0624170487372,51.2954216605303,54.3890701612968,52.3413588749579,56.4157579345242,55.0350244616618,58.2413874169981,56.6238773545309,56.9790180528247,62.2894018860131,59.9488124953442,61.3202654306464,66.8302652827896,63.827681004653,64.3979129821362,61.4891021232281,64.1114506449318,66.7752573638585,68.785239709729,65.0715571527366,66.8874460330959,70.8996834716464,71.1625486527676,68.6187162396116,75.9042138126035,84.1904633542069,83.6908936707086,87.5236872014725,65.264838957639,45.7765203946012,45.7765203946012
3.95645927691644,62.9530631687745,60.390346884889,61.9301869615135,63.5500101112024,47.8345863841408,44.3006392211178,44.6077211005912,51.7214089067865,50.070279313781,44.4419841049835,45.7685616252789,47.9199444913135,45.8888068415297,50.5102303254969,49.6204341950205,53.6462913533422,52.6472939748346,53.3105554135077,60.0792385931293,57.7852708017583,59.4204183958238,66.2337397021976,63.9036324829667,64.5340839673796,61.6635357357373,65.5722363741924,68.2103534278799,70.1955930650928,66.2462515929179,67.4005710593479,71.2135096685796,73.2222058426021,70.3058550808017,76.5145364094214,83.208003860818,82.988485301459,87.7455867724446,65.2322782896764,45.6085903018657,45.6085903018657
3.95645927691644,64.4201136505296,62.3643704652911,64.5122476924138,67.0523138716004,50.4970013578212,46.697646775964,47.0164010641204,53.9030297552581,51.6716808462524,45.6335496989155,46.6671574877345,48.100691046786,44.730396176041,47.1410251983216,45.6659769144499,47.3649693234699,45.6376506706421,45.7320172827399,48.219752816601,46.3109379460353,47.5066332795105,52.6899055596802,50.809768246341,51.1743508711285,48.6282057819794,52.1472171527158,54.2495883661226,56.3065695067383,54.0401762361768,55.6032940403299,58.4855188633785,59.3689164483819,58.3190460616649,63.0545551614192,68.3375586894134,68.8731893538337,73.4347054845058,55.0277854743246,38.7619081676317,38.7619081676317
3.95645927691644,63.6198019958377,61.2874514122835,63.063210210742,64.9226852557915,48.8523990942444,45.1952510511385,45.4739939653976,52.1598235300011,50.1552588501351,44.3623401602907,45.415169986669,47.1841443852249,44.531157800938,48.3197071315829,47.2370949914778,50.2604081904087,48.9742771531461,49.2234554345517,52.7680762867173,50.634058344789,51.7786939787285,56.9747871231098,54.689914844268,55.0673892505371,52.6813384131671,56.2669997912508,57.9666920510673,60.3203727944526,57.1835037072966,58.0467975725395,61.1597311376192,61.8427317428692,59.113881622561,63.5099332415532,68.1520289014286,68.9510777099953,75.1598612330762,55.8878018946158,39.0852263663482,39.0852263663482
3.95645927691644,63.35298734583,60.9284012691168,62.5209846887207,63.9041046639772,48.0352519756691,44.4351409582392,44.6083202043992,50.4724342123569,48.4376063019906,42.8285807713877,43.4059762501717,44.881766859494,42.4408650589015,45.3587664383731,44.1597107077254,47.57536892084,46.622176367102,47.0569760052876,51.8883668921368,49.7043372913228,50.7173553603186,54.932028132848,52.5966799815632,53.2647262381592,51.3188882019854,55.7789163346243,58.8171255633017,61.4142161001953,58.66439543792,59.9309098166093,62.9203108531425,62.824986454561,60.4057072404735,64.3206920398416,68.3208666075084,67.9411287260084,71.2380320916756,53.0254571017926,37.1099642471141,37.1099642471141
3.95645927691644,63.219584581447,60.7488841737821,62.3827497701855,64.0698151807724,48.2116616636376,44.5964570025549,44.8886363674963,51.0129236667838,48.7321905828809,43.0811216243683,44.2008134272081,45.6383913641185,42.5830751480467,45.648804510226,44.4524739190558,46.8664717863411,45.4696008785179,45.7418070422848,49.3562140801722,47.0674317735837,47.4476978982673,49.6086615862533,47.2109710795921,47.6720032024548,45.7836313126213,48.945580309261,50.7795596734175,52.4372379225326,49.7562823393407,51.7809788862864,56.7116792491605,58.970429093213,57.2167168898133,62.370889468823,68.2492741650968,69.1636979472454,74.9509713182766,56.0700054264573,39.4488835603843,39.4488835603843
3.95645927691644,63.0861863801033,60.5693750589258,62.1116708848439,63.5627611051757,47.8053913373629,44.2212516032107,44.6167807855121,50.925119597367,48.4688704885353,42.8513379344344,44.7595095242006,47.1919069401298,44.4368428466749,48.8040113092236,47.8411047705743,49.8948712744531,48.1801076923342,48.4286900117709,51.3540328258545,48.7738424317228,49.3430144525605,51.7567044988436,48.8314979216181,49.3924539340866,47.9091291554081,52.8420360063726,54.4394114819948,55.7381300322502,52.2851256621014,53.5984642138467,56.678624926259,56.3711818999167,54.2213783478859,60.5394759430641,67.6698413820694,68.3061534290392,74.0034737530085,55.0050226191236,38.4375977678232,38.4375977678232
3.95645927691644,63.7531500106138,61.4668727538837,63.4669636651558,66.0940136887264,49.8326232741274,46.0888568089934,46.4625949230134,52.6687063772088,50.0168648118171,44.1906385523687,45.3721047674927,47.301224230946,44.4729440022326,48.0684189558178,46.8894265325854,48.2059847882807,46.2534961958122,46.5296991877015,50.8017063731901,48.6099010737103,49.0368948228465,50.8153881823167,48.0466191192879,48.863856435231,47.5019966058904,51.1792802431406,52.6501859280617,55.3344158413457,53.1682261769315,54.3731928090162,57.4310451221281,57.9670606967271,55.7149193240409,59.9442143129269,64.4213547591138,64.2235410566486,67.7440724951281,50.4320885544712,35.3116942295276,35.3116942295276
3.95645927691644,63.2195982680684,60.7489081108509,62.3828005878904,64.073399806749,48.2153552906442,44.6042558302141,44.8819524019824,50.6205077084662,48.2055873496641,42.6331388294376,43.6760407594187,44.8825554219844,41.799850827321,44.9682564477562,43.866395613103,46.927492781107,45.8493993487201,46.1406784295848,49.6018417194607,47.622521790848,48.4204630888668,51.6791330355662,49.279792999043,49.6660920321404,47.3588758824687,50.5007090614062,51.8046129285157,53.4042673097388,50.4010856027283,51.676881257131,54.553857898821,54.2491887951191,52.0849838724292,59.0358208362668,67.1410086731026,67.0497210023442,70.9714520583629,52.860357699168,37.0413566193872,37.0413566193872
3.95645927691644,63.2195800191878,60.748876194668,62.2941588913393,63.619713773751,47.8215708144866,44.2353536623122,44.5273799984968,50.0225573629052,47.4675304733622,41.9633133625895,43.3080878367399,45.4778756418166,43.0504092409945,47.1156169032734,46.1480064462367,48.7809440838899,47.3934972504517,47.5595850610445,49.625512783992,47.2677439252883,48.1853619359179,52.2426330016771,49.8492360525324,50.0009370338117,47.5530008195164,51.3274794165542,53.1348495852864,54.6177244674201,51.47242161092,52.257488489174,55.0297177558594,56.4113116877245,54.4309648744002,58.6389978812419,63.0454309884555,61.8907965994449,63.030895684718,46.877112910319,32.7715906296343,32.7715906296343
3.95645927691644,63.2195800185636,60.7488761935764,62.2055849495973,63.1699007857421,47.4317713259448,43.8747859573065,44.0466667164696,48.64798233157,46.0434213440602,40.7043870980928,41.4906921279566,42.5747736279333,39.6855118871564,42.8531306468005,41.8325452994331,43.9943395252707,42.6768252941096,42.9899628236658,46.4384341971559,44.5286677161927,45.2808744666009,48.8598710149444,47.1138573965189,47.8054996857314,46.0924676941289,49.7522465033331,51.7081641100848,53.3225834554402,50.5104531495516,51.6746945868557,54.7468690730024,55.945781255604,53.8740848308061,57.9913369352039,62.3414955597315,62.3884871713119,66.3121186792162,49.3680889158786,34.5650068006872,34.5650068006872
3.95645927691644,63.2195800185636,60.7488761935764,62.2498719193062,63.3943539394106,47.6262010297511,44.0540375678561,44.2427113585167,48.9251028412928,46.2908729639245,40.9201335335938,41.6997515647218,43.0512509264068,40.3926350346089,42.6832265977002,41.4037459673248,43.6931617495807,42.4121011645853,42.7766217085884,48.3264350010338,46.4947087913082,47.5872989536753,51.1962613952881,48.1960424855719,48.8566798150943,47.217653159814,49.6231469538093,51.1171635090582,52.1926032998574,48.8760143340307,49.4548560673587,51.0223309553514,50.3397644468475,48.1917822904081,53.1624910328861,58.7837709500604,59.5552529594493,65.04466539486,48.4552652632275,33.9718309245543,33.9718309245543
3.95645927691644,63.3529736571799,60.9283773284999,62.3880729543534,63.2267002570384,47.4477919629267,43.8885391962948,44.0426084889093,48.5584670718341,45.959833412694,40.6266350815621,41.4057016861825,42.9417800156684,40.4998582906197,43.4527462151202,42.3338885602804,44.2698020807539,42.8117565218288,42.9422206322457,44.8140549621954,42.7982285084937,43.5486424635773,46.4327418883386,43.9716767700222,44.8702673788427,43.9059550005597,45.5258994685701,46.5687263574325,47.9975057652616,45.4412977076042,46.4295820735632,49.2745189671946,50.8441791422498,49.4733360752733,53.8078287792164,58.6085258543315,58.7527908424535,62.2608428422145,46.4700706607679,32.5936645262193,32.5936645262193
2.91984108065117,46.6340865240727,44.803511156851,45.9952446653246,47.2928306046892,35.6088163415381,33.0479110037351,33.37173873691,38.337483672914,36.8609264014825,32.9482083548789,34.7080441088058,37.0098001785508,36.207729862197,41.0205935165719,40.6414817209375,42.0620556621766,40.4617076341132,40.8062218091057,43.5772157799104,41.7336720690688,43.4020491915834,48.8344059139594,46.1115736641057,47.569957820605,47.5897837514774,51.073822248783,52.7687208667864,54.21184823237,51.1755668362798,52.2575219917536,55.2876677778511,56.3979140432502,54.1607806884819,59.3054619588925,64.6633469425296,65.2075799369624,70.8507678018507,52.4529928051803,36.5054317838691,36.5054317838691
2.91984108065117,47.3004669664413,45.6999888912008,47.1712242218349,48.8317826443884,36.7613429886538,33.9987946680739,34.1842776929862,38.5391773401928,36.7377104440187,32.4562626460391,32.9773945323225,34.4813954737188,32.8202923671183,35.1613733900411,34.2331891849165,35.4444897457644,34.1509079721723,34.3298693942611,36.6640483738872,35.2809304013479,36.6713678874634,41.1613986930508,39.2310102518638,40.0252679217133,38.8129933837833,41.6650473508969,43.5211219070125,45.9821017665892,44.5962150108082,46.0037870024504,48.5636477696118,48.5483632989631,47.14151130551,51.2027153459628,55.7942167542125,57.0526157368245,62.9790764190407,47.1179862735791,33.1577878237909,33.1577878237909
2.91984108065117,46.9003088425657,45.1615253482062,46.4024099843952,47.5417212871727,35.7437928792242,33.066598382882,33.2747470245765,37.4209119735669,35.5700475518234,31.4574689495106,32.3770262508748,33.7575103985972,31.8256655514493,33.5154083449931,32.4998967291913,34.1112814152436,33.0481963660491,33.2375875231498,36.1224321568175,34.8274266422272,35.467190666708,37.8266065073593,35.8556917167896,36.0405563901397,34.2270544511383,36.3976380672216,37.1321018935597,38.9237818103555,37.3254157708618,37.832590693066,39.0582546557248,38.7351026657961,37.4199222352704,42.0239065572763,47.5867381236079,48.673075832461,53.7424731223812,40.273426729938,28.4001304070671,28.4001304070671
2.91984108065117,46.5001142402506,44.6229980066384,45.9434690924217,47.8173974596359,36.0816773899642,33.3777574048658,33.619372515739,37.6127773692942,35.5516347738346,31.4342301866926,32.0032577852118,33.3749854596146,31.7087384905423,32.9299933962731,31.7864087859765,33.5307417487519,32.5425037500093,32.738687565772,35.6477010578905,34.1653905462039,34.887575142223,37.8576415102943,36.1275469373776,36.4341262050735,34.7492870123194,35.7075817698437,36.5634383511733,37.7783384575762,35.7702044442432,36.6239612180917,39.0636678984268,40.0810146500946,38.551608981698,42.9879728420774,48.0383403265732,49.1667169246507,54.7421097956197,40.7532511293679,28.5365341499786,28.5365341499786
2.91984108065117,46.5001005525368,44.6229740676591,45.6776964524062,46.4669380137511,34.9112439009229,32.2940939557339,32.414979242726,35.5127796079226,33.4730204843111,29.5961561169182,30.0562783065874,30.7028322776233,28.6008944820033,32.0118116169844,31.5596277171757,32.8374074568341,31.7166751887757,31.8604233344078,33.5678162727615,32.3519702259675,32.6521870237751,33.896899313656,32.2142401624957,32.6829778857732,31.5176821364468,32.8750533641982,33.9826641965381,35.3304173651779,33.6038876534769,34.3572650840125,36.3262427729941,36.847680766376,35.7594115844358,39.7729711997381,44.4573630920576,46.6928624943574,54.2804512578125,40.5368214240307,28.454817922057,28.454817922057
2.91984108065117,47.0336751065341,45.3409786065345,46.7176572576686,48.2671168823272,36.3382099225437,33.6079870499502,33.8796396092751,37.7066880489771,35.4303835046288,31.3020391093175,32.3834313226698,34.0538828872401,32.1212721244761,34.5249903640222,33.6199239353672,35.8705911063347,34.9555651553974,35.1011335587754,37.6252870104295,35.6961570705511,36.2271953890107,38.7804997623455,36.8073743058634,36.8597673550147,34.9704119580671,36.8654010840505,37.6812411417061,38.7667751047615,36.448834530402,37.287078706282,39.119946315168,38.1133890970932,36.3214533578539,39.8457647923857,43.6863670164824,43.7036302505031,46.6857561824733,34.6448713169401,24.1861153069047,24.1861153069047
2.91984108065117,46.3667251631132,44.4435048494642,45.3624152967953,45.7388478594277,34.3140484039604,31.746812047836,31.767829966324,34.3816954253411,32.4687035000342,28.7265964654506,28.7737478511699,29.3805315342423,27.7658562428822,29.3163637045219,28.4762546312806,30.137769079681,29.3428026005869,29.5938299099077,31.9130053819948,30.8168669372675,31.4606347619748,33.6579228755395,32.1485571968952,32.4681463088178,30.7904447826115,31.7903536769424,33.2045683048359,34.4353570611176,32.895809216854,33.9095488403812,35.9031783969624,36.2299848539855,35.1585140210861,39.1048455570621,43.6177591529541,43.8219698977271,46.7788276172728,34.90931438016,24.499482833517,24.499482833517
2.91984108065117,46.3667023516613,44.4434649536215,45.5837654476363,46.8573980744827,35.2823829150626,32.6352153623716,32.823397874445,36.2460795384823,34.1256941115822,30.1621370033648,30.7095218866974,32.0570207792832,30.4390630758825,31.0696516830319,29.8257455488035,30.8901910696838,29.7109414983922,29.7295593146309,30.8223411406351,29.2649438655422,29.8171645652577,32.7537778751415,31.4602773013302,31.7006841153549,30.3520005934779,31.277877915675,32.3001083623183,32.9336326663702,30.9521080136,32.0330749670724,34.6417405292786,35.6982639865069,34.565032989931,38.7954564574614,43.6038957374905,44.1819363023844,48.1292471629061,35.8228707583479,25.06961349242,25.06961349242
2.91984108065117,46.5000959894974,44.6229660871805,45.7662534495022,46.9150983768474,35.2993375702414,32.6510197915179,32.8392920888723,36.2627056006285,34.1418402530638,30.1785269091583,30.8436724580285,32.1965366197181,30.5054508716443,32.6578745468688,31.7946464859669,33.1539751311294,32.0175290286342,32.0501910154279,32.820187210865,31.3146465511373,31.8447226565791,33.5962470047359,31.5401674232562,31.6061235496825,29.8906898180241,30.7486960054948,31.3444048535958,31.5688566149629,29.0925624246259,29.7709100172224,31.3662117673362,30.8551480371219,29.6482541177299,31.7261290884787,34.0210549591417,33.7707774449756,35.131590912905,26.2590509442641,18.4647218131828,18.4647218131828
2.91984108065117,46.3667069132963,44.4434729316438,45.6280693544602,47.083646739096,35.4786665913355,32.8184342296085,32.9904685437675,36.3347314554242,34.2105720411203,30.2440005252607,30.5818430492736,31.4932843228898,29.6696502297078,31.6674911452951,30.8030466948865,32.0213101552784,30.883631282907,30.9859242173879,33.6765491105669,32.645642246741,32.9784097517531,34.280812881377,32.4176133247349,32.7467073634685,31.3090694370967,32.3643081216591,33.7002023730788,35.2600951151148,33.6964348151089,33.9170923449672,35.1391320760443,35.6862537289952,34.1026859293531,36.1557945478614,38.1294136403178,38.4702020206035,41.8022406026176,31.0176767491436,21.6408623482534,21.6408623482534
2.91984108065117,46.6334896282698,44.8024672223769,45.7715935759954,46.0731820670653,34.5367029534849,31.9457100926454,32.0482590123902,34.7441377335434,32.5892762804033,28.8082068669474,29.4794850433573,30.1973319502058,28.0081001088152,29.5160547028329,28.6348799063971,29.871571416357,28.8813192061249,29.1113017428651,31.2876407453253,29.9218242195574,30.4510762951424,32.2577828672047,30.5497288080093,30.8325845512337,29.4764333916488,31.5422432014083,32.5677260074553,33.1295413687681,31.0354532767474,31.8240936962894,33.8334949261118,34.6389085355034,33.4929923658979,35.8223849847822,38.2394255944341,38.1886523161578,40.3162724675534,30.0421722251821,21.050233399791,21.050233399791
2.91984108065117,46.6334987529442,44.8024831808778,45.9044883645524,46.7481798949354,35.1216754183738,32.486953252912,32.6067261160847,35.070672949518,32.6959778631924,28.9002445056391,29.3403508406554,30.0531198838199,28.0194694387669,29.347672923514,28.3934618652264,29.1669687234011,27.9795769203946,28.1057902967514,29.9974314301307,28.6832711273284,28.9500996595818,29.900801000619,28.1590497728842,28.2540502721778,26.67076169302,27.2946330112864,28.188114446256,28.5549227573639,26.634181718237,27.3766866290211,29.1778292579204,29.7290082837503,28.8064798734178,31.0174995422108,33.4893247571229,34.0345734563407,37.1059535823402,27.7705638909333,19.552239644805,19.552239644805
