0,2463.42423603795,939.541351183237,886.172881152958,902.346411958863,651.424464618777,637.424614041825,611.890394740031,665.695877101029,627.347648112196,515.143277814681,509.226424698711,562.024849093467,550.31094277825,527.699398400039,599.076866438678,588.865799405315,635.173423720678,632.32162194322,703.218883856459,678.873993283414,672.16169576754,812.546697374409,729.476593388562,711.545543944002,750.029955235047,795.301325821662,768.800988386781,741.877786363887,738.50589535314,747.970336380556,789.855214587324,756.017291091423,716.479080712651,708.455978494089,697.987488808493,599.296713567186,804.823521933608,532.396685729231,401.02086406053,401.02086406053
0,1548,1438.41132525379,1435.22845972501,1470.53745910814,1138.01058861946,1056.63110928897,1054.66884108494,1105.58482062848,1177.2157734563,1035.33559770247,1027.23836216758,1089.98317982711,1061.94581516491,1023.29073951458,1029.46873338225,1006.24790814358,994.28571996527,960.701804557374,993.396856180799,951.13709565544,918.008149351853,978.510093929308,1024.27235554298,1006.00070035217,1012.64457044487,1081.42310885932,994.15092350887,966.713019188982,934.055523645362,919.027233342356,981.639880108401,1033.93590824504,920.068876896996,905.6452909972,966.232910326282,873.666209324221,1096.51082958333,825.018656338818,572.465460416586,572.465460416586
0,1548,1452.55062034958,1446.19151271863,1476.1909824972,1118.36482689668,1037.40220834578,1037.37275053311,1055.53733540476,1145.75166733424,1012.79306809709,1012.73504110814,1063.49275198634,1052.24203840352,1064.63402652265,1121.90516444682,1122.90130655506,1146.75689186397,1169.7211789255,1262.32371525393,1191.62726072351,1189.69649413491,1235.98386934867,1218.44310241633,1198.59936330991,1204.71461585743,1248.58189009703,1262.84488094056,1201.80305895733,1130.09065361542,1118.28677032136,1167.74004657321,1190.67781812114,1164.67608480532,1144.52626541635,1297.74118811755,1223.94705610258,1387.31797318823,1102.70118913423,769.970977977558,769.970977977558
0,1548,1455.38569509481,1468.10302593639,1491.41917033745,1126.66952700167,1039.22478470178,1039.12068212901,1070.93634879657,1114.71197174647,985.16294875572,984.820134351594,1018.81888973695,965.191881434871,970.096496039294,1016.59622984093,1030.00270081097,1027.03386860577,1014.69508450307,1112.27542808297,1098.66477816207,1105.8951910163,1185.20684143227,1154.18011677339,1182.79047812535,1208.85626044913,1275.7187439782,1216.17942209971,1283.00441805496,1231.51868622403,1222.19259050308,1325.13053598897,1394.55135975771,1252.307875569,1252.319252515,1387.4091986302,1441.40147383743,1620.61101610138,1206.56239939988,841.300666905718,841.300666905718
0,1548,1424.28106389703,1424.28194806058,1452.3082613366,1100.99527573989,1014.08874566022,1014.32067612846,1060.40070191591,1103.737777604,986.145779285695,986.950834270113,1031.11513547899,988.081513516089,991.360428335014,1004.34387893465,997.797689564797,1004.14716888356,1025.74323069239,1088.49255450128,1093.58223322405,1094.54197576108,1150.26996723157,1134.63423174744,1133.78957464977,1149.39478004882,1195.81218487627,1199.33693128733,1181.08875814624,1149.84728978225,1158.25954895645,1242.2623259729,1362.49750793918,1370.64775725801,1371.87571786949,1587.93745896922,1456.04495778345,1660.42893906736,1280.64897857517,898.208504525277,898.208504525277
0,1548,1421.10055680177,1424.28000006663,1463.62139798839,1134.3482715234,1046.34333768324,1046.30772988472,1104.22492165101,1114.40761746937,994.909521757232,994.730539296235,1030.33332183722,980.556400600638,978.954513693639,1011.5188022389,1009.96961718268,980.208703210835,964.360103531573,1001.70333281038,998.339795097051,995.87959918232,1062.605367234,1013.85637026944,1015.22668671035,1036.66252770958,1076.88277390656,1057.498684767,1049.43969139175,1033.45486304507,1029.56211209507,1079.01093932178,1211.17360498042,1131.90470416012,1145.03892298445,1380.81375024348,1504.83793833571,1725.60946932817,1320.31845231897,927.086644448318,927.086644448318
0,1548,1419.68315244804,1413.32448702348,1438.61802771704,1130.86486245789,1056.28475652963,1056.32485130595,1081.56128012624,1117.45488090535,987.914371519635,988.025735971352,1024.19206835851,957.62541361443,975.536469662273,1019.0838785417,1010.92372643566,1003.24087810419,1013.77038821141,1049.60410358833,1024.9197183944,1032.08444679302,1140.4085719339,1061.18846615579,1069.12001297079,1117.31371809379,1141.25888028105,1119.74663340984,1128.53421418007,1102.96867105133,1107.97760632883,1148.15837220271,1182.89076813093,1213.6242046452,1208.27205166603,1306.56901930848,1338.78258267295,1649.0063796772,1205.73246656847,842.595196635456,842.595196635456
0,1548,1444.77379775534,1435.23502596971,1460.59955750414,1086.97320523681,1003.97853424521,1003.93410276587,1026.87787196121,1032.30233721252,912.497380255126,912.454583871395,948.522578564163,878.81875642359,874.52923846072,951.244044738326,959.749965517189,940.308781657233,945.714642935439,1062.00132527729,964.765891066471,965.690300655298,1044.67572253795,1042.86864143475,1046.27448833967,1085.17045482159,1159.0946783511,1127.20611280626,1139.2122585579,1105.06729948375,1107.84976607964,1149.99134357869,1229.55794856917,1128.073312008,1131.09136810258,1151.80804633394,1213.3897933007,1451.70679220797,1204.02799843777,841.961545257784,841.961545257784
0,1548,1455.38542910691,1468.10253889626,1507.44234688639,1143.04668528917,1049.97014146902,1049.76629047642,1093.52082325779,1089.65246977492,952.858268239574,952.104054181947,981.373795842264,935.166244656537,913.41893153368,951.901532267055,954.337646526341,954.821676006536,919.572540537478,1027.09559817325,1013.72901724455,1015.31235344123,1083.563976206,1037.89355147156,1022.57645707304,1038.71411547557,1094.99015929664,1053.66361012448,1064.73955721226,1036.49044213354,1038.35891918601,1089.78834330903,1198.12076802856,1125.8261781622,1122.78973705056,1132.72793457817,1097.69313264094,1269.25604507457,1004.64313527228,705.660376384043,705.660376384043
0,1548,1433.81939359179,1424.28194804392,1472.96686345216,1141.45784374149,1057.35266678082,1057.54876130153,1105.66719178609,1125.16600125042,1004.9774833748,1005.60230933181,1035.96309612968,981.436512532593,994.967764143694,1028.79988807025,1017.56719657003,1060.0165959529,1082.18635965525,1144.0370633246,1142.36026729075,1135.13179849066,1230.0575708811,1155.84802995464,1166.63460708989,1182.39285772351,1252.93677564974,1186.31321733909,1161.26449358013,1117.05003555563,1104.29867033426,1164.42927265355,1268.44810595016,1217.04638951535,1205.82048178489,1304.76911866262,1223.02346807557,1417.4017363266,1052.1262069535,735.246044486346,735.246044486346
0,1548,1453.96775886535,1457.14653899621,1497.77935784791,1164.50925452923,1081.51440234158,1081.33457836816,1109.34675353317,1128.5591667204,997.209419845876,996.576090027439,1026.11484490867,975.767231258063,967.084905158176,1013.79256092558,1033.48620724138,1016.6152850843,1023.84614763952,1051.11371707101,1054.99850862789,1057.32196649558,1202.64199535434,1164.84040709356,1113.07722382489,1138.22271030572,1200.53768307024,1186.74880901047,1197.3706112765,1173.55906400839,1162.37542258119,1215.2102571718,1277.85494267968,1309.9983676715,1317.4679488587,1395.74643776423,1470.78489208058,1654.81585943282,1285.12142495574,897.79452130129,897.79452130129
0,1548,1439.83337948228,1446.1924869735,1469.51022116141,1121.60454799759,1037.50524048222,1037.60484836471,1051.72657230671,1068.39373786747,944.728389514445,945.139008109239,959.373090266115,920.450034256554,929.176585778096,932.252828305025,919.362674671396,899.70611397177,903.290601861873,984.377506583613,905.880068989558,917.404480070787,995.189752484665,1109.25943900203,1150.54193228419,1186.18542980455,1207.42629338229,1195.19639067632,1211.46937804504,1174.62896303895,1225.93643733432,1262.40147533797,1318.46523056678,1244.07612434069,1248.198224885,1286.79057172656,1266.53802074319,1436.37097397254,1113.64968781362,775.574674983387,775.574674983387
0,1076.01461187214,1424.28053196671,1424.2809740636,1442.28203396374,1096.19058499764,1014.00399970411,1014.13199097458,1036.14913956126,1036.53577827257,916.613985701538,917.077068118574,928.540631419476,879.400001820467,869.714303717904,928.855327278962,927.876732667484,926.814378867818,906.942295357169,1003.0574859393,949.470984246854,948.918621628553,1034.3737602804,972.732263196528,989.258280108191,1018.2792062384,1039.63654515621,1049.30189633747,1009.38526954289,963.812247411592,932.859463458785,969.060433003074,995.997213185696,981.190544559726,986.872014571638,993.278946839278,1088.25354153646,1296.09078774039,995.688247838515,705.304133220462,705.304133220462
0,1044,970.503073811929,964.157640015136,985.5312897727,751.422621100766,697.211724433168,700.323212333158,721.235275118565,773.02952877172,690.609995276225,700.900797838406,743.125724543069,727.761200147577,784.412695021901,882.574422303832,921.764413437946,966.339016700927,998.361440060233,1132.15915685579,1063.78480942697,1060.1485927623,1119.13066036226,1087.8022994389,1092.46051522388,1105.08111717373,1111.25181959218,1100.69459273117,1114.97331953883,1069.95100954594,1074.13183703854,1115.77048113163,1101.29785704757,1081.93675413644,1071.84817491768,1039.48628164234,994.833666274956,1232.12406766311,921.679665462551,643.637650119072,643.637650119072
0,1044,992.398355065272,986.039026966818,1016.7207638869,764.657506272346,707.283351641044,707.169574625923,735.039904681861,764.996537472117,675.98461832701,675.593318254167,709.484974513903,653.318639317901,651.824678980484,643.385138110506,632.818386807306,620.359978257954,625.742164375445,682.301957085957,746.663737122407,763.523229415162,836.171284332289,780.413699651675,792.108431819593,809.567394074347,850.717505396295,833.415638670657,856.458369781818,874.24428034581,890.173795394969,989.142145624734,994.869835538741,950.113302341555,967.517753189088,1073.47547148726,997.415881212398,1254.94801955969,969.595339105353,681.198120928592,681.198120928592
0,1044,995.233695085738,1007.95102591977,1033.92577245316,791.662668800145,730.799439543285,730.671433695825,765.563260082937,796.903519595313,704.146309237512,703.683154608582,750.816517469976,706.859789205064,698.66411955297,723.131701300829,718.879684127614,700.259935444795,687.464272500873,701.344737806529,696.567780316863,689.529239345151,777.28447631653,707.044591075649,703.846084487051,700.397209229794,744.164984867578,717.034286619514,712.298687346762,718.290670931076,736.827226535102,803.354796726984,861.370770102955,852.991420102836,868.13973475622,976.481250298449,1067.71128854933,1194.70364488451,1024.71477068891,720.84712089718,720.84712089718
0,1044,973.667393600888,964.12994806058,995.497659186132,752.72952517196,694.86696236723,695.110802089642,746.167891007431,771.337428141255,682.45741350246,683.32239796173,743.515790281902,692.024659234054,701.838592258105,752.509684231539,746.787144520052,752.314711148343,757.144163042748,780.667050483139,739.128509205965,741.43261352224,818.661351556293,796.903592208014,780.1255395584,786.269384121084,858.346313197791,825.815414202125,812.61769688329,798.015642253904,780.333902732266,831.951513548443,903.993739860588,804.149517909499,799.143225843591,858.306795035346,840.816075670195,1001.82246588688,707.297169599954,493.689166244963,493.689166244963
0,1044,993.815758865348,996.994538996207,1028.96875569724,797.560969004191,740.62161890093,740.417976382507,774.415347935724,827.059432939575,730.60996557142,729.85678207155,789.830113354907,763.822950902984,742.06802546514,786.425559111279,801.771610907047,795.68722307514,785.316894589403,796.491732592812,765.276656494065,758.448461676056,864.554956254191,807.024346657226,805.146013363831,823.355284950738,875.674728352229,858.132349259174,895.46744818912,862.069744661746,886.12700867262,930.4078012925,987.305340631207,1008.43470771317,1007.85868092382,1082.29892868992,1054.02597993547,1152.89214494925,947.665345941338,661.216542275698,661.216542275698
0,1044,982.860822716899,986.040486973504,1013.38241470973,767.942282440677,707.443603144534,707.531273375164,732.615239198233,776.690039024362,686.825399457082,687.175998529096,719.978255423788,704.043044064461,724.146342560469,740.330095128672,721.621880856463,734.349027038333,748.060607946457,915.49440376298,753.705147332415,744.204694601087,875.189422797245,832.882478307926,850.156874602814,860.210280119866,904.16428460085,912.161432479203,895.341437329651,853.573226726077,841.73786575307,871.748470027348,887.174779172357,863.28988794066,859.208716482892,952.115137063742,958.720914588408,1063.87857943263,792.739508031029,554.161414811844,554.161414811844
0,1044,971.904822753285,975.08448704013,1008.42641484859,778.598267665982,717.290814457877,717.33098874705,746.324757670833,768.78044993149,689.569728418886,689.681512328857,696.550305959389,662.831924754489,656.906899058354,730.975385238075,741.135014466708,728.221946740883,724.494214792368,761.808038144572,917.929879529847,920.105208255709,1035.59377283773,989.596451189087,991.657471411606,1017.62995495066,1007.65849491969,972.081840244233,992.216782592737,939.736481871897,946.656027558964,994.234377549365,956.45997196572,898.178701053308,877.210931417061,912.702588945046,933.723780763234,1065.89520764887,805.228264735981,562.453997924509,562.453997924509
0,1044,967.307709222523,964.128487040132,993.446221300206,781.384940551167,727.172568925494,727.21271495225,762.206466299868,777.269794953618,677.307618852216,677.419268348173,698.780576765096,645.590145822383,645.635459623496,679.71557763518,684.72331012179,682.72608977356,682.767711415743,750.786628141731,713.755451153454,732.53886881313,824.021130856228,806.737558494104,793.889033735993,840.445813235576,902.375194863104,845.5802072349,810.231175644982,782.337526808807,772.488094939449,813.950748672803,873.639125872683,849.815562917738,870.636540686447,929.23302766535,924.145365911173,996.722132828958,835.077483795923,587.872854833944,587.872854833944
0,1044,978.263177264908,975.083512993184,1005.76577876943,765.27235136561,706.409477108713,706.381314667959,737.395011277924,758.373975700172,690.121828812094,690.070391952382,727.439636816281,689.180341587333,701.579059948237,717.208671067459,717.794657934433,714.781974440732,714.695636114935,731.571669755955,753.549222707322,739.482955358609,784.877521162486,789.986618853855,793.954363275445,806.364825144478,863.168166198271,895.979232149854,902.861774715039,894.416350813236,883.613628477696,910.888470764845,952.152070518984,882.393676505243,883.712151702908,922.310262376136,945.614300694651,1072.36596471927,749.461701152095,522.878476864101,522.878476864101
0,1044,979.68084754286,986.039512959869,1008.67339160282,784.92440663423,728.960455145451,728.884545831982,743.929244336994,739.10833557897,653.176783974473,652.885499233708,671.022086995698,621.615089764348,620.051075510663,633.577834311758,635.661830431036,651.651019578504,638.376066043084,662.423446791666,656.926221147094,667.393682794699,707.773620341773,679.932446877986,693.134015604962,706.680806413718,771.373060351838,738.186371715606,734.026236686137,731.523020728381,763.49677147772,802.198221768649,829.640164218288,850.928046120233,857.171691859331,945.792734864931,894.189943384296,988.189316216272,827.493573442189,582.742405388035,582.742405388035
0,1044,960.949088713899,964.12897403029,982.812829593231,744.12786893523,683.968318638152,684.120040110009,716.091260103244,694.45066971368,604.400836883207,604.983223447763,623.413209052329,593.711959655021,573.192637659672,583.228430383091,591.276143039047,627.253732732883,648.629245786354,663.607885398922,675.72720503612,672.702492389715,710.54302237746,668.050802474165,669.637406306851,691.004081660896,711.060497360094,744.715923077316,765.04221641922,751.842863208058,723.36581410165,765.089736312738,762.44745639548,729.983078269854,728.605939503157,797.559778241426,874.001607755574,933.600312587171,720.174470984354,505.180300103942,505.180300103942
0,830.482800608826,959.531152466238,953.172487056788,993.880006281158,766.436773220407,704.578219742355,704.606514823971,745.59290060737,739.926581350849,664.026132675982,664.078047159887,677.514347842358,653.351835258104,676.595406385064,656.906875512015,652.581167435051,639.786447498469,632.590699554926,675.123603721029,636.48013170542,638.991852909629,679.817975036712,629.448095876705,617.603003630992,637.830840735211,648.211090654278,627.490363431754,645.367061208165,645.473014723725,678.014658626922,715.7252370872,816.671881062032,726.243908227518,734.738665731652,826.211288371327,757.378389680509,857.217372777864,636.56488969603,446.529167936926,446.529167936926
0,816,763.747347654138,766.932434532915,810.92177125295,663.737995806087,617.154244137074,618.398108688821,656.179675730424,676.413190107537,581.036464070232,585.049251440109,597.32803427159,551.360628452071,565.100126485135,584.127615819828,584.439860726101,594.655906548688,597.629777485883,625.16857757922,633.990513627581,634.84627619523,667.495985389545,671.632427069403,668.065153774245,680.262665152836,756.176758877313,678.992478067218,683.536926783668,669.958168786741,655.095729526074,663.390030665618,704.587475013385,754.161555611391,747.752972431329,786.014627426773,878.788541926921,1075.98250260628,752.233277749382,525.671929303013,525.671929303013
0,816,762.32315268031,755.964487448768,788.623620003215,625.289563947822,582.794135887504,582.882842739123,618.93711366169,658.729491323392,592.434767865158,592.79052692166,621.39492663487,563.791083549453,560.022292677916,600.195635082802,586.06266145764,591.489470832529,592.262568546031,616.537082411689,607.261964506672,605.519944177936,610.429702721659,612.941561713422,619.467539861357,618.712361986298,678.360192078369,654.162187596739,644.813866304336,623.551377469312,652.694552667509,662.033179311179,649.48512410684,629.927275887858,634.872166248454,642.411145452802,622.550133598254,733.079111316517,677.823302309834,475.32262270869,475.32262270869
0,816,771.516581582254,777.875025969724,804.532568256591,621.826093922825,573.707847101242,573.615750640597,604.590572595295,621.721420540898,559.279720790052,558.997212314494,595.935320798639,568.635445784062,568.095275740259,639.638793316264,658.495466148799,656.480376887125,661.560657823315,697.492330212853,670.531730300606,677.671172048115,686.502632248959,641.987061734971,647.391669086359,644.307893796166,668.006082975302,664.7382033334,667.950661650344,617.166575592094,595.663337377823,609.943813838253,618.168468980298,566.386101851939,565.239129180862,583.126528748621,598.611939970236,701.793430518179,504.791257541573,354.815559205218,354.815559205218
0,816,765.502861643275,755.964974013634,783.30743170879,603.488202958325,561.173500883395,561.289436132506,586.390107738746,588.810562632989,520.787613855434,521.190101430836,551.2207382719,514.020988243567,515.728087464117,532.53388038246,531.178928166269,536.11770504195,530.778225403629,557.0654958575,555.329039895062,550.803416799725,575.121000567651,551.778969580467,541.572550266129,579.051026874732,552.797092217588,570.749563222439,559.462795414976,541.200265962026,561.24455955719,585.221943010746,628.816112638576,615.487351368657,622.285288344809,714.697785763811,631.990307324064,751.689382165519,579.722389672617,406.362476763568,406.362476763568
0,816,782.472315612536,788.830538962892,812.146153477333,621.216788751646,574.588810458793,574.420849952266,583.410059836132,594.444991184845,525.089168836282,524.515442956057,543.589182451986,536.669188247271,522.539981683703,534.420488542184,541.389305309267,546.852506053213,557.555737468285,592.532715204059,580.43214708288,587.278259573016,611.330828876378,590.882828228363,605.705426115327,629.11529500251,663.840350039734,642.16149128364,640.779965098339,614.371160727131,595.08446499331,597.522499290331,608.148346026487,603.564159602996,598.675851033686,689.801817693529,745.68814103803,870.101916328047,655.378277484061,457.200786716254,457.200786716254
0,816,766.920531930324,766.920973996977,788.263431674075,597.549742266228,551.300365492551,551.428172920391,572.414868639211,558.372699328087,493.917253700481,494.379406354121,505.840929632758,477.712953502169,491.865562781516,487.843543023869,486.898004474106,475.977786186393,477.947258031518,526.136278438881,501.582177060344,508.169304567503,525.045349420099,510.962272900764,505.725411285115,520.17371370229,601.191316272164,512.433424152257,535.690339481578,525.674306473599,549.229096189349,576.041710341513,566.680293957419,542.341087788683,549.874568985347,632.06745557268,614.714365560424,711.444727367367,587.623115960249,413.113239661252,413.113239661252
0,816,776.458329722048,766.920000033313,800.944193617883,607.583268517276,562.012137481191,562.000302367573,585.992946617219,583.692174376053,515.947267980053,515.887719701361,539.755150311571,501.4968284143,506.887597821516,502.654672689577,504.443257207796,490.938381303154,485.922274486123,500.08575129648,503.274521940809,501.013262068096,529.792012835284,494.584781163494,493.601472726067,520.855123661719,532.405023852191,568.483194354557,558.470251804413,530.207725158811,525.758808162576,584.68868717879,601.16887337264,556.226741785792,557.616849391489,616.767146143557,654.719802963831,726.729047045258,559.600663563454,391.605350725672,391.605350725672
0,816,787.069429125107,799.786538929579,821.736562009791,642.461650013586,597.157116871624,596.965221066085,610.909216128914,614.659772536033,542.885003464265,542.190911988294,564.892838041323,530.28742107848,515.056074366391,497.962285357504,495.863005008992,489.333320495002,487.691218346417,520.776107671275,479.219362991041,472.333760809609,481.428303317512,501.155647812715,494.144067662148,506.843014693021,555.485143054721,569.314517978893,541.050280850161,526.370137619191,522.941470952246,580.870388782118,631.579799175137,621.005721895276,622.136066763796,659.151992724997,646.571487411872,734.675255777934,552.846474186031,386.59371399503,386.59371399503
0,816,759.144507122555,755.965948043924,775.33365915155,576.385370183657,528.834186234433,529.113752217655,561.162706952494,555.303399264806,481.710532770283,482.755183423616,514.049340316025,486.26389579686,497.735199549153,502.023872837536,500.884961607427,497.207448714638,508.30776530244,524.521123982708,542.834914337582,547.769136231844,557.19390717094,539.106992952513,545.817904770101,552.473189612409,544.853536258398,543.649164866009,580.075075538872,568.558757605779,557.512816547323,579.924941977105,604.683222545075,598.468614115143,593.010122366524,614.102694951451,636.075864832179,666.146720681896,562.526356797067,393.909683825344,393.909683825344
0,816,763.740290822963,766.919513043154,790.236187475526,617.650227125158,572.766257272279,572.66671489865,588.727063649378,632.002599764785,558.422164974057,558.01183270134,577.285328526281,561.808778769017,553.051454989363,558.37717071483,552.721567946179,524.187413204598,512.56690491339,543.764722038847,498.461974075665,492.431657418279,492.333539249754,489.854422290178,479.863331447957,498.054440105373,522.626819481618,473.742110294352,463.794483246244,451.080242921615,476.586755893539,506.724953367406,494.254969893756,485.102806604465,493.868705526001,539.200712662918,522.279888246676,538.179876272929,416.74606618167,293.361240563695,293.361240563695
0,816,759.143709204329,755.964487006819,777.30641477923,594.920018521078,550.317255377256,550.393076387446,577.348323030611,590.863926234093,522.518472046395,522.809508011782,539.270818810392,510.148636900722,505.874341844324,532.675127516886,534.313003624069,536.274528880766,534.985903067078,539.535991134629,556.933619938201,563.984309894311,583.968094246194,551.510102409722,568.412658789096,577.711835151772,596.856906723296,610.728182227981,610.255032659095,559.323161486302,552.373569996672,568.913947005463,587.362819601901,541.460208137753,531.089207579965,542.754327613087,570.257348248754,607.811143053602,440.106673623732,305.949461563393,305.949461563393
0,771.985489599188,766.91973403029,766.919512993183,794.260380919765,609.129017612942,561.96968640891,561.905774761823,586.897252652576,628.209835056406,545.296266311626,545.065120777648,570.035459709362,548.975889789495,565.722773878389,586.395717939785,582.778669908232,580.381096856268,582.416566299736,603.324424922781,551.186392941815,543.902361927043,565.53461417654,525.477591867109,522.38011623193,535.278016764983,528.198311917376,500.275032741972,496.975831113145,459.81268330305,453.557815690289,473.370531401888,545.64141459333,471.836403919866,479.091639586147,491.801562459018,489.184494372226,553.506969690752,429.812040706793,303.58556237041,303.58556237041
0,769,724.010509523148,724.011764029267,757.356169475572,588.866256916773,543.30193307989,543.580115757673,572.717812121536,624.233471595066,552.461609471024,553.3610216243,566.926547498313,523.073725046902,526.121383863581,552.502968212306,563.925001656532,554.084979668939,557.678669267402,581.533455385913,559.962554200292,563.295780209442,587.513530088427,559.018294899072,552.67536930733,562.293942715717,614.090753804491,604.619360057066,577.855461442663,576.483881250864,546.68967148199,570.730581167264,609.060418817727,640.472889253771,634.807624048256,607.386734529959,624.198592081641,687.628569102689,514.02116029039,357.502635173383,357.502635173383
0,769,717.650113582393,724.009000094537,763.350398046802,603.537869281007,553.887713219541,553.875990137225,598.777687949503,638.109713570295,564.052731054779,563.993795467685,575.862907843624,541.559228332929,529.099380709266,515.394853933047,514.788156206891,497.947829014897,497.236530524691,531.799536362419,500.852748847238,494.428311351377,527.750747611668,496.468864797348,505.424383308885,507.262811806094,556.057539681304,525.857484772436,569.318516530931,585.473068987904,615.292772405512,658.897375955019,695.451902043943,640.395827487969,644.313475255514,615.387873259646,603.062406081653,645.163145712073,520.786902492338,363.558991585444,363.558991585444
0,769,708.456418426852,702.097974046952,737.416238229842,602.215899086648,562.9134595688,563.005608001148,601.121834328031,662.80948769097,586.129065841892,586.411837883771,609.474323750846,573.462149752816,574.007438268942,561.415500117157,558.188717286076,541.63043411707,536.272487702236,549.13800772012,557.580073070787,557.380776504677,573.444607778003,550.766002820122,548.547046672434,562.382311892951,570.389822904583,571.357454784411,558.926552559499,544.685565532567,540.691924909525,564.165125385573,588.355440873577,620.166934525928,616.081696624368,620.188506569645,593.823389713302,640.417484390857,481.137318675691,337.612972343047,337.612972343047
0,769,733.546797764434,724.008025986367,770.713955388184,590.211892866027,543.006299011335,542.92613422818,578.878033226491,633.482964983569,559.830519663786,559.607980398306,584.67913524161,563.516928350585,569.466608599894,571.288588763029,569.739657013423,565.431721090464,567.29550726141,591.440350610537,562.276650878668,566.759035716509,597.063104529059,541.963631891339,541.211207821295,556.031621590985,575.801503980431,557.929222145912,565.299221677036,550.405450030147,546.73824598753,557.130466574348,559.971478991795,514.966423051711,516.387215281167,503.016064386361,555.097816416022,595.597503422467,471.82494208855,330.728378413682,330.728378413682
0,769,744.158429106912,756.875538896264,806.84975548848,650.102592426343,599.837717730637,599.621921996364,640.460046906323,684.10482968253,604.200519026996,603.386267936969,613.821362392056,580.065265239612,569.706115132538,567.870688948376,567.243026897961,554.818692239015,551.981587037607,563.464384196352,546.814512797133,543.278333450993,561.59169562748,551.810355211164,545.570790447002,559.171397251769,561.227998005729,545.160350823047,547.296971138456,522.894533976509,540.451493941957,575.605764466794,543.329080775454,546.699204790083,546.613881605697,516.449403749427,490.957433473964,640.618362562564,405.899689552596,283.95366426205,283.95366426205
0,769,713.054063887937,713.054948043923,741.69147635565,603.326930807667,563.973638529872,564.217419855883,581.517181802331,658.933199947217,583.091892557042,583.956574167583,592.253622911662,573.446804300765,577.296087650748,585.094619446762,581.968576440929,576.97327389823,578.145527919261,612.622036433945,569.016541167436,571.360559837397,573.630350876504,553.339492617865,559.630607555596,578.237092969752,569.160476636849,549.394133081491,537.653455832472,503.105625807256,489.983972331407,521.751509053485,552.613683884259,494.684935871636,494.128140989792,525.048436589321,489.29596176363,555.590695178785,528.255532824917,370.638993804123,370.638993804123
0,769,709.87355680177,713.053000066628,731.053000139392,564.296236863198,520.522850841346,520.570714442701,537.570123741125,603.302267672071,523.58395946917,523.824713256969,524.360051904693,505.12673786455,507.364795244283,541.691953356807,539.275007184194,543.736350143512,544.212026533626,582.786826538309,561.619707634767,567.185132851731,579.066943495454,553.156149350282,540.476487523961,550.561037489112,567.907573577927,542.20935288257,553.237278955618,526.344538628672,531.02304445905,547.002585987501,609.869348451638,561.649363006955,560.720288693055,550.446365434662,612.022362328514,651.166004765081,476.414840177768,333.327456283497,333.327456283497
0,769,714.815038917281,702.097487023476,733.463608362268,561.706258091132,519.589738405718,519.641806331069,547.612628704106,636.022466028802,552.481824788101,552.653307485128,563.549638513857,531.082217374082,531.598690572376,578.865407665293,575.993899005234,574.798693087699,577.149322908315,590.275754666248,580.906437560523,574.237726851121,575.359823462222,562.908681513341,576.134244970489,582.367136848181,584.357469118809,543.37106576128,541.772918095078,508.01811782256,506.406539452633,532.706464415644,548.100027227179,562.616567248773,562.866529387843,531.471474450325,506.840788692197,565.340575117366,435.337970337172,304.806997473246,304.806997473246
0,769,739.561049624632,745.919051922761,774.551340779017,609.221151386072,566.39581687813,566.140002333336,586.045132212203,704.796014582294,622.407484719511,621.482176224666,643.751124402929,612.550316982084,608.080603482394,647.647256954075,649.548717633531,624.571970742178,627.931369514977,659.502028536125,605.937339315357,603.249766049772,608.904594979544,564.17167312186,552.934743012266,561.467517197118,582.263438147305,540.174476919775,536.883301833332,502.263366845506,500.11391917731,528.053896091512,574.791543022097,530.79167667613,532.953431095755,549.176189565449,527.42306874259,553.700280666836,452.212345404279,317.187577959314,317.187577959314
0,769,724.009531921226,724.009973980319,752.035227338347,568.538547244818,521.548170708769,521.69976665846,559.670908685389,666.330157354354,579.54190661534,580.123626249705,610.551926822791,597.997010834081,583.41746595775,623.508404444636,623.589702457554,606.738088307465,598.699631944671,636.34404889889,611.711426789059,610.54226731191,623.507936235659,601.909034364288,602.472083793472,614.904241924847,650.370894677305,617.312529062188,607.979667606016,571.097793660336,572.189838417937,596.643414629326,631.842478619175,617.758742158147,614.009713256847,648.244568674688,628.561712907932,711.452693085581,482.622020558489,335.544366236231,335.544366236231
0,769,727.188443252811,724.009000033313,756.667602219901,595.627938257241,553.870287433621,553.834619518941,580.903467283552,744.471095190735,648.118806985206,647.939369604223,678.241552152797,659.741410829033,681.881659943179,712.244545173817,712.441749006015,710.412015973402,699.044256231702,710.399243466241,693.977210103813,689.45895766993,688.075765088917,662.641452957053,657.70128186647,664.906333087723,686.316130797763,660.781898722239,665.342416093864,617.964753457308,610.869180714056,631.40090453758,644.95427710654,626.930746946723,623.277168185909,654.758114538247,664.844978017382,844.711322345387,600.040849982935,419.583076180494,419.583076180494
0,1236.30299340437,734.964734021194,734.964512976527,764.963983035655,588.097027965845,543.980706408067,543.940569219232,557.977162000372,747.538462420265,650.856312323678,650.744744439135,663.980970965775,625.561890843412,631.500323425102,658.604093499636,661.677178965303,674.237075753172,685.970854262461,698.529647263251,669.120678936657,667.858491776586,687.116468498905,653.825424548341,648.42894062387,678.948429467612,711.275836273507,676.277978387701,660.192678999003,632.094200755017,624.051797011646,648.557403167497,683.665093660339,632.716543681599,631.510659525457,604.688206472669,653.450719496695,811.593039389586,662.044062097925,463.266994733888,463.266994733888
0,1268,1190.53597325494,1190.52265404896,1230.51491566642,932.565835780137,857.56277016451,854.482207757062,889.467493976284,1024.91858258307,898.848245494078,888.659779177214,881.2129525597,801.217354710075,744.919134980874,721.686787171249,687.60042558221,649.697809479178,638.571461011297,699.963907215658,613.048065563139,613.985208886437,646.47452038462,646.751254201545,632.758613468579,662.474587333232,708.809550881419,689.002213587093,712.407057061914,687.916498931846,700.743545877608,721.22304208362,762.102514668821,750.012616891964,751.628946060754,713.244553956092,671.61596303145,774.553149013925,618.47992189483,430.460307655818,430.460307655818
0,1268,1190.55199945184,1190.55199899629,1231.86920220501,961.733870361543,892.517808431374,892.479834759032,914.577589225136,1105.57360529048,967.326241470514,967.134983187349,980.111353298134,944.063610789981,942.222326848944,1008.57827299999,1005.77110819183,979.149515105973,962.933283554839,987.435120177572,963.985332317269,949.30795595111,958.360330622931,949.509446373897,951.161095815054,944.288166061894,962.443346134109,922.878100045528,900.303227367837,825.226187078941,787.897427992316,818.693752098548,850.625069730041,731.108736506487,711.240791099984,682.307543293922,682.257136305142,721.701499224057,590.407485163262,412.009238725975,412.009238725975
0,1268,1187.37255676536,1190.55199999997,1223.2106021506,941.527551033774,870.917787656903,870.941612005934,923.744048578156,1104.12799275129,956.356226539696,956.476022661225,993.831974742413,919.598557324894,914.730549831251,980.446194577534,992.104252893187,992.196172746888,1000.94351106183,1036.82112738563,983.55562375792,978.417301873158,1000.14572807523,955.446324050704,963.628118135993,980.11784956841,976.35075996714,927.680028621186,927.396703541791,868.845841163528,870.035587292516,909.576239000152,991.882845237846,996.492757072613,993.523491067952,985.602947617474,934.789617634389,927.36873558252,725.963806783249,507.567956000216,507.567956000216
0,1268,1185.95515244804,1179.59648702347,1216.2798126634,928.837281903669,859.188336303552,859.252313401647,894.44290816765,1165.480821546,1030.44309935859,1030.67427886596,1088.61216794675,1076.45622608721,1071.44954274152,1088.87988031586,1090.86661160866,1067.36010783671,1060.0674555463,1093.32739415291,1040.84231302428,1034.71629808861,1033.20479817648,988.859729037006,980.2054038471,988.167482713672,1036.4043027264,947.772120273547,942.130795419732,890.683341904387,876.404555297296,909.64293838115,903.302492039451,907.563812977795,908.432489134689,922.205887485269,945.207577632195,978.882595012491,715.659969798621,500.440556630736,500.440556630736
0,1268,1195.14858158225,1201.50702596971,1236.8231704069,954.150477544079,882.561505284721,882.433623668812,907.386204547988,1158.80615382196,1024.06866147867,1023.60628584399,1041.44383156227,1011.35600753663,1015.16907526002,1024.07971133631,1023.18505047849,1007.5652145016,1015.34028778722,1073.88541745691,1004.26402455758,1009.45001331487,1012.69303053603,978.887341502852,975.695611446115,992.118315483454,1032.09061516296,1004.13738377327,998.869028916027,961.585420163821,969.310810694097,990.85666811974,1034.83131594536,946.113529426516,943.357319479104,1032.43484096092,929.26101972359,981.706886522755,754.015855502656,526.194727430298,526.194727430298
0,1268,1179.59653193942,1179.59697401363,1202.91523816047,925.718972802446,859.239362453899,859.367199886887,893.38425289819,1398.67891820999,1002.20897548356,1002.67124193131,1036.7298576943,973.381260997556,981.553501376581,1011.48499746395,999.928908765534,976.472521511683,974.309347049978,1024.18147003649,995.795765493804,987.667023216473,997.669688226657,953.873863957797,962.745686568623,976.08190900292,979.488573403369,984.725042407155,976.677771016726,923.13807438439,936.355023982311,964.67739234062,965.579256935206,966.022782296764,966.971642823165,1043.30290214412,1130.53544951906,1156.91285017597,903.615550834456,632.877238887527,632.877238887527
0,1268,1173.23711354896,1179.59600003331,1200.93739791916,910.148400974299,837.50964361644,837.533578955728,878.518116473494,1792.59765361436,1584.73001684802,1584.84904263817,1634.50712925269,1540.94201926809,1547.12202268899,1565.9985285624,1575.30082409207,1496.75229175243,1478.34338099403,1543.36625444324,1391.94297890336,1331.44990903516,1315.79678002366,1198.1170529557,1144.42473136362,1137.854871053,1121.52667176996,1036.56328767557,1020.81478265108,926.051596214216,913.844902630513,942.934302773876,986.955258147444,894.847063582146,890.41211799827,932.172373751079,906.522287011337,1004.89530817857,724.539877165124,507.916604323604,507.916604323604
0,1268,1167.22286166147,1157.68497404695,1201.73442102554,919.860996628393,846.509456233715,846.601625884393,898.596510750148,1806.33023207183,1597.0014812181,1597.28440455999,1628.45187263831,1555.34791196646,1526.11688800299,1510.72854146635,1502.54139742946,1467.06653066695,1444.54964171417,1495.14385641797,1487.55648533013,1475.32588448754,1500.30031069912,1451.02224783276,1461.2405287267,1484.41155931628,1560.61466426053,1455.18347907439,1470.07640289214,1357.10103644064,1357.57014355624,1391.39233577039,1427.49494393368,1360.64692529675,1328.94667292269,1324.33218425916,1278.1332805929,1355.88372833591,1026.69129806965,705.797819299478,705.797819299478
0,1268,1193.73064531639,1190.55053896289,1247.20755132647,985.014346617149,914.011164981433,913.783572941783,957.705382165131,1921.30930650351,1658.4159791084,1657.54239477014,1679.84554366169,1603.04985297138,1615.97462339348,1608.57060585558,1609.73438964404,1608.67925362323,1604.26054151991,1627.69650815135,1624.91235312433,1622.92606601843,1652.98958701443,1568.36510517174,1564.37984658407,1571.9261171114,1594.80774066647,1562.58859866139,1535.09270520766,1423.47769120591,1385.91390201443,1398.06335453137,1415.22914625761,1370.5141865926,1361.26331969403,1372.26284559836,1369.58086693674,1447.87341073245,1127.59785238145,789.88924914204,789.88924914204
0,1268,1201.5077339939,1201.50751292655,1248.82418723238,974.445677787446,904.274815782562,904.234545919224,941.240717621922,1970.23194399461,1741.60019127189,1741.48775744755,1770.61636499245,1656.19607580116,1667.96659423222,1662.23181378473,1648.57106639456,1624.90586607784,1647.78496642425,1713.85742454321,1621.30831631776,1626.96667835203,1658.66036709032,1603.64278788736,1576.9712250974,1609.92831789922,1652.93376468679,1539.48330560661,1548.79164036484,1464.52356732941,1471.73262433263,1499.74730183543,1470.45767850618,1427.64895129358,1428.03102019211,1461.01407671178,1434.35657258958,1485.13371562662,1154.66500366746,807.009553534106,807.009553534106
0,1268,1214.22577292937,1201.50799998334,1260.21498921266,955.823808843263,882.681007037006,882.704823874122,913.749965119576,1945.63492360644,1720.01493463881,1720.13469027463,1745.80362790275,1668.08525709454,1639.378117811,1675.12810677116,1684.19442349189,1613.43092011605,1611.33290462663,1629.35777867663,1616.83126439614,1614.48290211889,1632.84653630394,1615.26045138561,1630.13249106035,1653.52806750021,1737.82805057703,1672.28651391662,1671.00034834772,1558.86640178319,1569.40450392419,1591.10140340678,1692.65011096508,1524.22770056733,1523.74550564801,1477.5087697519,1556.12719356061,1524.80724497731,1219.48192965153,849.902672631795,849.902672631795
0,2063.07062404871,1238.97204961553,1245.3300519061,1303.96234074417,1013.47260627051,940.326004239071,940.058243248794,969.895270907512,2030.56579244651,1759.39569868955,1758.41044229724,1779.14413249167,1684.52635360292,1697.46260946454,1698.14056672871,1689.59620105857,1629.26039342091,1615.63074797323,1713.95491974017,1574.78639144648,1563.53179579722,1610.94353090819,1509.95353016375,1524.77406564149,1552.48058172098,1607.44123276341,1537.4813494666,1527.58803021531,1432.60534052216,1419.99860083362,1456.67121895263,1476.25149816066,1523.28442624379,1533.05838260705,1540.97467888794,1442.91644120544,1582.36581487279,1086.5698898529,764.346305887781,764.346305887781
0,2117,2008.06859369155,1998.50804472523,2063.16176473615,1549.19140788732,1428.95904392354,1423.86940635139,1465.70116611502,2512.96861117102,2209.63798551541,2192.88503781534,2204.6120240268,2056.61261976059,1976.54569245606,1908.11910842092,1878.35935939472,1795.54897057218,1775.90206387407,1928.53479071826,1801.70535667689,1801.52982713189,1836.75032375223,1774.40610814695,1737.45173388051,1759.30368668272,1823.90450408298,1762.01862108761,1755.65860751839,1647.12647888577,1637.9092513229,1692.04872729923,1646.03363146934,1570.15793762889,1546.65891942227,1652.47608539803,1593.81179245187,1761.78166571794,1362.82644450743,949.951160977896,949.951160977896
0,2117,2034.60364438375,2031.42353725518,2139.49452625524,1623.36637802526,1489.88027146321,1489.66088969566,1567.34509427622,2601.60886240969,2299.26288474733,2298.43014427988,2334.22474642929,2220.89010595813,2228.12108187593,2215.53370470803,2216.25896777064,2146.70939189023,2139.91617124938,2193.73576438841,2188.08921253313,2164.74229074003,2181.57879326924,2108.99765089325,2101.36559489048,2132.7761230631,2189.53942968845,2037.19562325309,2032.18744600802,1859.99314636195,1835.78482527199,1865.5479518092,1836.61751436401,1735.98699798968,1713.44712017302,1758.18529862085,1815.13320991042,1916.36128448965,1507.84410084425,1052.02770912621,1052.02770912621
0,2117,2051.91906369773,2042.3805129265,2164.35578938214,1707.61556234158,1588.27619266085,1588.11669288182,1667.04876120797,2851.5299038013,2406.46989632049,2405.75809579545,2454.75046645425,2311.32692685475,2281.965701383,2261.9958075766,2240.49598868961,2171.54403900409,2160.73641953563,2237.35956189809,2111.27767082152,2112.3262755242,2133.99002535502,2049.27449158936,2064.2101549015,2092.76430131352,2165.6558853365,2141.29388782384,2114.41931521081,1948.33342703949,1953.15944005119,2006.66163564413,1967.24327626938,1886.15096858706,1889.88488036345,1924.56432748948,1872.65610398506,2036.99342402418,1503.43946331552,1049.48873530154,1049.48873530154
0,2117,2062.53042911601,2075.24753891292,2169.1975619754,1681.89803809789,1558.65017939355,1558.52973043125,1611.60914688601,3015.28081136541,2665.2548047188,2664.9192906692,2732.51753108543,2603.65547333863,2627.03037123484,2653.94372968519,2651.66370288999,2581.08069556773,2560.86264411918,2670.85014865283,2481.11961704062,2447.35138453488,2478.14907181854,2310.11261482333,2270.31884814056,2258.33906738219,2299.86076817518,2190.8782346173,2156.18193318827,1976.13915841102,1931.48679202088,1970.57060505669,1970.97622588702,1855.28156386649,1845.49067443467,1965.83429728209,1916.35578132649,2145.91808006504,1629.51790765845,1142.85753047379,1142.85753047379
0,2117,2015.52884771485,2031.42694804392,2112.77046560316,1620.51893096485,1490.2752858714,1490.55489436988,1588.42184355966,2928.20906821815,2589.24259632586,2590.28753018439,2661.47838018406,2480.39660648426,2491.9064185699,2515.94338026795,2543.91919246521,2510.78344373049,2526.95157893274,2595.29908787239,2556.08134315902,2547.57117183412,2612.1059250971,2491.14476341102,2526.87944035757,2568.22388329315,2607.95435025223,2517.05567719374,2531.93416849403,2360.34281136815,2362.06783314347,2405.82477427017,2373.33622794095,2283.80817764255,2257.36968587618,2346.56620819958,2322.67628078494,2391.05383634962,1926.83382766024,1338.31070398472,1338.31070398472
0,2117,1979.82577316504,1976.647435184,2050.62589141274,1611.32748781459,1496.37605094293,1496.62451568618,1565.01734296006,3033.17809702708,2641.56598948774,2642.36386652016,2718.53491447772,2601.74858421279,2568.15188442883,2503.32156193335,2497.30876384846,2426.60516426386,2426.62811637422,2517.02656502363,2415.55552252252,2412.15559437828,2459.76523265102,2323.69212396595,2307.02802618558,2362.97169833921,2404.54280443554,2301.50482608711,2337.14361720422,2218.93075602655,2203.43202256075,2278.18281731665,2254.19444436637,2178.33796874333,2194.73837410246,2271.20029184301,2322.02859055108,2363.68667976398,1824.421173652,1280.20711079296,1280.20711079296
0,2117,1990.7801773013,1987.60051305982,2050.25858536024,1580.2291815868,1464.62943149789,1464.61334112213,1499.75589530739,3029.77834161015,2678.31402572915,2678.32330980423,2710.52895514054,2606.9771849254,2619.91967855834,2583.74401361232,2574.3736517247,2497.51647134387,2497.77164127829,2560.75815452585,2530.56952750535,2512.73010167605,2566.71882778104,2431.14325421612,2419.18740532277,2474.67874595629,2575.35438247973,2389.95412195294,2384.37795126607,2255.92956238259,2278.89586367924,2346.68720440377,2337.9042270051,2229.07549965701,2221.77167616563,2204.85413867863,2247.05023608085,2348.62048951687,1756.42084951899,1227.98893252456,1227.98893252456
0,2117,2008.09506371595,1998.55651295987,2081.94576794711,1579.00807980054,1454.73016023698,1454.69002854274,1509.51425412343,2993.77188986067,2646.41000757481,2646.29856671346,2663.43136184049,2545.59523271717,2533.71190359142,2530.7527853862,2536.9227753753,2471.10687740753,2466.20156003604,2593.67168380601,2487.49900847615,2516.37009121066,2588.60721875664,2487.1502001244,2475.61500851883,2539.00806342895,2671.68544591448,2528.76871148876,2521.37998942189,2369.59668969835,2352.81892207778,2453.49956234427,2468.2341725893,2322.49363940974,2316.96622087517,2315.88693922853,2245.03684643641,2467.63263101235,1821.66432092743,1272.22176950711,1272.22176950711
0,2117,2015.52698588139,2031.42353891292,2113.37356197474,1655.94152128909,1533.15556059047,1532.91594787712,1597.73927011752,3117.96729741754,2731.46139842493,2730.52731172025,2763.29276094339,2664.75324985408,2635.37373030795,2604.83584450513,2592.10516081497,2515.24104955769,2520.31033989359,2637.83722892924,2542.57250701843,2522.68154284692,2564.31358142965,2506.49430545553,2503.42861503914,2544.6854678412,2724.50655074015,2575.94699465286,2563.96983105551,2413.04595140628,2422.05339311279,2496.66754007337,2590.84978627579,2503.70972628432,2503.3505550352,2459.31825289391,2531.79142322525,2648.86014866503,2137.88000854227,1495.22991272714,1495.22991272714
0,2117,1998.90243250907,1976.6474350674,2059.35707396542,1579.43328491175,1463.96903331923,1464.30061035048,1550.38102941515,3104.82198604434,2745.48932270766,2746.7050388973,2828.78938411298,2688.45226317379,2736.12201050037,2750.27068233067,2750.77740261189,2669.36119854963,2655.16190797293,2785.7343859855,2702.96041576172,2686.87192340992,2716.7641739749,2579.19451739148,2608.20721880584,2626.88097863375,2740.02310225201,2671.79131849502,2660.25140640777,2475.06005396165,2466.2977496349,2560.30393354494,2536.87169024822,2444.01984268896,2438.13837558697,2478.44278732874,2338.5338243634,2545.84440873809,1859.95900107996,1301.57261570932,1301.57261570932
0,2117,2037.43792202074,2053.33359091897,2149.32988142269,1655.63083816946,1524.06235732128,1523.63869191835,1598.47242247893,3177.71305052899,2808.06628350377,2806.56781176022,2881.41906916668,2758.42613846554,2757.71906163383,2768.50296838471,2756.61273092968,2685.56917480458,2692.89324387886,2811.91363878157,2758.10040748897,2765.09842332364,2835.63784951715,2666.16219454317,2619.8843970901,2675.58667506116,2773.89031717989,2636.90456268919,2637.56619942715,2460.16786464966,2457.97180920052,2572.85643184073,2647.43501201901,2502.47179780768,2494.98467881869,2543.95540487408,2628.39158738007,2708.44450572622,2210.77268037979,1548.72622661677,1548.72622661677
0,2743.50441400305,1998.55832983036,1998.55943500077,2077.85509533128,1635.18872993274,1519.91082296805,1520.17072498422,1577.4189675585,3083.22336680466,2794.29264945501,2795.1482195038,2831.24008047374,2662.66392107258,2665.48279371187,2728.23058429355,2721.33266321594,2654.8717815046,2637.50207857709,2790.93383057705,2687.56369062387,2685.40491891024,2727.42471952884,2680.89024979192,2708.18884068431,2784.85449521261,2853.04004706758,2810.20248945835,2804.97818888457,2622.38464023928,2620.16245550559,2721.87281752852,2790.3500143324,2696.89193497688,2694.56581097694,2807.83584769666,2646.3981647653,2734.65524977858,2036.4514956967,1419.55146207245,1419.55146207245
0,2786,2625.22972947237,2609.31465653599,2695.32023320334,2041.46627362876,1885.99833298345,1881.92812347875,1948.37658404573,3263.76771216158,2875.73005352557,2862.37190116109,2897.45019452296,2711.23133806744,2650.83033428696,2661.82465794638,2660.8101988199,2613.49288142009,2613.02778005104,2823.80831934488,2726.45773305209,2743.23995700342,2786.13517580783,2659.06616930519,2675.94537590296,2755.3711858346,2898.02794094526,2706.11611991619,2717.31571296129,2546.76900073135,2531.23714814778,2605.66956857615,2624.24849601834,2558.7635164258,2551.9995846764,2804.42346395982,2798.35612982997,2889.43310558184,2254.77625207635,1582.92171184688,1582.92171184688
0,2786,2670.4915558403,2664.13156353698,2766.12891236765,2114.43215612971,1958.69914721486,1958.36449090331,2040.10012752456,3358.88590789472,2968.41879661185,2967.18703983865,3058.04939735809,2927.48225701389,2873.49828619514,2871.14248531898,2852.96577605452,2809.69385757111,2788.58009763412,2956.50892860641,2911.37837500272,2901.42200395721,2947.56704128218,2839.4541513956,2753.05252592227,2830.16586654055,2961.27599658832,2816.93201172305,2803.57409083449,2632.16363608409,2606.5836937462,2694.3057816784,2679.26501344017,2545.99836182239,2541.452568445,2803.84007402501,2802.61836896744,3004.77019881988,2214.10061602712,1549.82354357135,1549.82354357135
0,2786,2679.68658152764,2686.04502586972,2791.38536374663,2124.50517154751,1960.76189671234,1960.65758789131,2054.5338037497,3361.25548384347,2980.96592866349,2980.6218883004,3094.72110205308,2998.27830180033,3026.91614898039,3069.77031338834,3071.71819050554,3063.93871324908,3055.24837285381,3255.11798890352,3131.9613235555,3113.37669252462,3176.60740435079,3126.40008480328,3146.46436956101,3246.75057162242,3355.08209426977,3230.84492039372,3202.48736818517,2998.04079140126,2974.63277675254,3076.35662058126,3151.72414566806,2928.81499359701,2910.75513155302,3076.59078333407,3098.82213522623,3399.86589045749,2543.69571861951,1770.88154845197,1770.88154845197
0,2786,2664.13453193942,2664.13497401363,2788.8430231065,2137.45697045368,1969.8640790217,1969.9561600461,2105.76895787423,3364.01189362836,2973.99180149014,2974.2743014151,3098.63519905772,2957.97616583969,2958.56487950575,3007.76678133293,2997.19089682417,2977.71967432476,3010.2850409994,3203.36799863571,3161.94553264173,3161.96695511032,3254.26156162833,3155.84755074632,3175.11288162457,3307.61313799435,3367.83259790758,3281.43317312885,3306.78779685784,3108.06613051052,3115.09569891506,3249.25931443499,3330.70329385581,3216.87820380519,3205.0253292798,3222.41498862241,3297.01690425972,3529.7517330795,2788.89752189903,1949.67250202955,1949.67250202955
0,2786,2670.49288648743,2664.13400003331,2785.42701082192,2176.91179321,2023.85712637365,2023.79757608759,2132.97293520395,3455.23607978894,3054.24448625261,3053.94494735555,3197.27881515422,3038.30459242277,3059.34831869325,3115.93253834488,3127.97010532697,3034.5713394377,3018.12405524438,3173.63827905987,3138.37624432019,3139.3358896378,3203.45910466687,3134.33664963629,3113.97320478117,3193.01533272348,3275.33170270222,3131.15980508422,3136.71660567107,2938.3836769504,2940.60825915774,3102.43187085022,3160.46996450787,3075.94163645281,3086.82248721323,3176.65910842709,3076.07659335206,3310.97336843953,2540.94588198158,1781.80309176549,1781.80309176549
0,2786,2698.76324098086,2686.04502595305,2800.72676177043,2128.34288129371,1971.62792403304,1971.58342710308,2043.73952627597,3370.53363753482,2979.49364416556,2979.4505078026,3102.32352623654,2969.01376282785,2952.79893192998,2988.65952088817,2978.90190531005,2955.03167578229,2938.8096383596,3076.39175032136,3041.67431434351,3043.96785749175,3126.84771523729,3009.05832156952,3060.21510408427,3125.88690540729,3222.03053554004,3041.6360847582,3019.35061395087,2829.82335222529,2848.91015817055,3020.62178557913,3060.26539226908,2971.9106940503,2975.74381980617,3242.52978400685,3161.68742180422,3250.11073996226,2617.0120035872,1833.91132989065,1833.91132989065
0,2786,2694.89506048578,2729.86805187279,2839.84173852426,2171.4890438601,1996.89023405867,1996.65819054077,2092.33538526191,3360.15508585531,2969.81847349251,2969.0128811755,3052.95196254635,2927.40341150869,2924.139159473,3008.23847841927,2994.0595464125,2992.96323218788,3008.09818157076,3217.61662347459,3074.0143042118,3094.28064896371,3153.36798120428,3030.32455615295,3016.53358325092,3077.19353639319,3206.81425937286,3067.87434440131,3045.46648823286,2835.04804754015,2818.94785672183,2928.60064125298,2979.62065746232,2882.643041591,2881.0020273512,3121.39983971381,3226.77361524415,3351.79109645168,2509.48603232376,1759.16527903414,1759.16527903414
0,2786,2615.71581219973,2609.35935719158,2704.68239077068,2106.7871151101,1954.75441336428,1955.36245496551,2072.63987170735,3357.70399602745,2969.65357244508,2971.71792209483,3084.49917542623,2947.4439553431,2925.36319544869,3055.20809805407,3068.21820049961,3015.50001693978,3033.04847659014,3215.32641860967,3126.4047576876,3122.12098690543,3185.71255656584,3083.89228920183,3028.38303037877,3126.18833399524,3227.7300969918,3091.38348091698,3108.21671920231,2926.66130540087,2896.45771044217,3001.08754783641,3044.8479313642,2857.56180836951,2857.71197423429,3062.87579495052,3025.44229832551,3326.04347381626,2460.89881799277,1721.87347952792,1721.87347952792
0,2786,2659.88045725402,2631.26502613628,2778.06772989477,2103.93042316827,1934.43110750112,1934.35130510896,2128.8483492282,3349.0582503696,2963.98534294785,2963.76457139413,3156.52609743008,3035.22768778342,3035.18579628447,3125.30067340522,3118.06527384919,3030.94548086173,3023.93048030573,3159.99677929742,3095.72520267106,3080.94222740528,3149.63163656626,3113.47376726438,3123.38764141921,3245.98949984009,3389.29995227448,3219.94633897507,3235.04875830171,3058.23929825346,3079.13406947752,3218.65112226259,3347.24453709503,3183.04987602733,3186.60752072069,3323.62822389842,3373.42013486518,3517.85726384906,2838.06249148805,1980.03563499797,1980.03563499797
0,2786,2704.4320602956,2729.86561675542,2865.05708380875,2284.77238568088,2126.41794336979,2125.74682945653,2260.7925535141,3594.44710826559,3175.77334464599,3173.21103881716,3376.45780250691,3266.11632628497,3281.48697829656,3349.16110079751,3344.71805668818,3243.41758359916,3221.68155524423,3443.7084128226,3238.23667876428,3213.29441532838,3257.56332395775,3227.48823037909,3194.58175756579,3292.82798119883,3365.25222597038,3297.2511838227,3286.76434057049,3095.74268589824,3068.0457839653,3206.6932514356,3300.16877708748,3228.22848285795,3225.44995085693,3435.93733779107,3311.69556585276,3559.66559374112,2616.60449157203,1831.74314474761,1831.74314474761
0,2786,2645.4035709832,2642.22589603787,2738.9129311023,2094.3287309923,1935.92558205518,1936.54414197021,2032.07338955766,3346.84840289232,2960.20908605206,2962.59734627539,3103.46245792819,2993.85034789314,3013.65580050756,3147.73076801581,3136.39232889602,3128.03918787191,3124.59590004742,3340.57935499119,3327.24899241495,3352.54301312568,3464.36524739381,3388.60962437432,3421.20734608116,3534.28398388297,3748.36173929784,3487.43562033331,3425.91296316002,3255.24314662992,3249.59884350543,3432.10772779453,3628.41340046491,3284.23502579495,3254.97022446593,3550.29008645061,3512.00628318266,4010.53454757223,2919.89346388549,2040.29073208995,2040.29073208995
0,3996.86727549468,2646.81884762473,2653.17751310978,2761.85977901263,2123.05373114179,1957.96526394304,1957.88979487122,2107.47968691184,3337.07395081607,2949.77975921665,2949.49072230544,3087.31924841129,2906.06270037775,2898.54473719288,3087.01290553642,3086.37786431167,3080.93620594317,3096.32754946235,3345.08825911377,3232.43018421638,3229.37429103735,3317.74286817427,3300.6879863618,3306.42388392549,3436.0616998733,3584.75984018978,3544.59664509659,3568.88300657365,3385.45451221634,3386.79429957199,3573.36534403945,3749.61051880649,3778.11801642865,3785.56557521026,4183.46037060502,4063.66308836097,4459.66238541369,3557.0812793245,2487.63735409482,2487.63735409482
0,4079,3843.52843609911,3811.69993336265,3975.73921955888,3026.33503561091,2790.31663017297,2782.41458989405,2949.57464610181,4122.61458984535,3625.95584550857,3599.77852774,3729.45927830791,3528.57969875907,3411.08898481938,3434.65894924828,3392.90218399888,3281.05689425571,3236.61142193611,3427.17279776328,3379.01421419855,3354.94090500811,3542.53340712616,3374.93518138068,3327.01018801136,3465.55070958442,3598.91729746967,3490.71301959221,3471.74793048765,3306.96113501199,3280.265099793,3528.63401618232,3660.88035719974,3391.14343653693,3391.24741614694,3817.8404796862,3921.61460225076,4476.04785977055,3288.13538607862,2304.840000411,2304.840000411
0,4079,3937.22955498284,3921.33012719778,4121.9834271442,3199.28579954454,2967.952632012,2967.24773649069,3165.66655554036,4319.31335340268,3816.49028732715,3813.84797175595,4023.07191696495,3785.80328346948,3771.63051503855,3879.24445650647,3849.45517304596,3824.07310391145,3770.54229237913,3977.15892827074,3855.22148509886,3842.11941767906,3969.81034384131,4022.14108399747,4003.06691926243,4090.19592048714,4289.41495217868,4106.62433830242,4094.39454238238,3874.20737896172,3818.25404833564,4074.76732323988,4227.43072826812,4099.73092255078,4057.98845998192,4293.1430482672,4271.00489997218,4860.1090244941,3724.7801392509,2594.11733254206,2594.11733254206
0,4079,3922.06313502644,3976.11256471597,4130.67174278698,3208.74234666351,2962.18848737032,2961.93973259111,3195.60740246453,4355.0276574025,3838.51832175964,3837.71864815088,4134.94436126122,3936.63221572993,3934.2760160529,4098.00050388666,4120.68599198378,4186.96866122009,4185.3360818394,4433.01650658051,4284.59675367921,4249.76114733314,4332.04433842107,4316.65977423908,4280.41182122216,4341.17595077734,4583.63224220169,4303.94447098297,4299.4089131363,4076.24935773592,4025.84130087917,4285.72885943754,4352.78053994378,4173.65168734567,4150.34649415164,4608.20120258751,4365.99011575233,4857.39412032769,3827.14954539544,2679.33188859149,2679.33188859149
0,4079,3815.30306747118,3789.87127931577,3963.34265381335,3046.48877325306,2806.54133444113,2807.58083138059,3078.03022048156,4270.55951229848,3777.71371243691,3781.40581162997,4089.62782833448,3886.88949035497,3939.12145648031,4049.18355639899,4057.92160490884,4129.55618059847,4144.73627293896,4563.13688392164,4331.04034491778,4343.67053571966,4523.90374853716,4411.88503721513,4424.69397854173,4511.22161986371,4825.04914792396,4592.90252566652,4546.10474780617,4351.87875272293,4347.64485941933,4615.45346860605,4807.63791976322,4521.06470744383,4505.05744665204,4927.47066993861,5074.56969045507,5352.80397767435,4198.63642245002,2931.3159141122,2931.3159141122
0,4079,3893.40608849728,3877.50710409538,4090.16146702548,3218.68164342184,2985.91556006998,2985.30919208998,3166.51564978066,4458.28505714878,3939.56664960121,3937.23988941956,4151.84031495346,3979.37310617776,3942.35192498821,4032.00856787558,3992.81905832409,4007.79511916185,4004.86252891733,4321.36549859284,4343.48636180595,4311.24193129827,4410.63032119797,4505.45530716338,4502.96474206545,4621.75818435712,4846.66156086176,4738.9414844856,4810.16300965259,4578.51736292702,4629.91964907556,4812.8846705003,4992.98360856291,4891.39387649129,4876.86966323078,5219.73420908983,5106.23213626541,5401.98779450301,4099.02383850799,2861.098844129,2861.098844129
0,4079,3925.93078356396,3932.28856474938,4125.57892565245,3217.01955174794,2980.07063925787,2979.82195545107,3151.61102405483,4263.59545162868,3846.42541162935,3845.62657791048,4002.75300826891,3808.1249336006,3776.24409736074,4002.8980161224,3999.27693437549,4006.41444682429,4030.71028679378,4325.1437465016,4361.25773831767,4379.12561725075,4545.96905748451,4385.49018833946,4452.80866921519,4641.67348523505,4740.73316859804,4610.96208957376,4588.53476447467,4375.59780870679,4295.70019398555,4455.7327830114,4514.50808713173,4311.18396605055,4312.87613422842,4805.93472101227,4812.7346117096,5209.6043432955,3996.67051458678,2806.41402672622,2806.41402672622
0,4079,3900.84120220827,3910.37997396366,4093.72243160469,3167.80209016812,2924.40853369597,2924.57205120984,3083.76297336749,4091.81120488471,3617.58741423815,3618.22941976855,3774.40565733997,3708.42571793061,3688.66439681882,3925.48003030141,3951.578190806,3928.26996830793,3937.5101766534,4231.60134999083,4226.540136507,4261.58183136879,4362.493052147,4383.56258436293,4327.58581123041,4498.1058795507,4758.91611821061,4542.46387339698,4510.02502029036,4335.67040232209,4377.05587789994,4638.11740981642,4670.07574173609,4517.96859287195,4530.98005998624,4754.47482021942,5022.7525496219,5265.20679031416,4167.2419222566,2916.99406837181,2916.99406837181
0,4079,3867.97346825076,3877.51246110374,4050.14845956488,3168.54774412402,2932.39943105876,2932.5437355229,3138.32745231066,4082.70387012579,3609.43729172044,3609.89219378733,3776.94361587047,3618.8324585394,3643.85648063926,3780.6813367065,3801.73655835887,3776.93974882467,3773.71165804591,4182.81687795527,3993.17421123994,4004.89081939191,4095.30539526069,4095.23771325364,4093.82392369167,4268.87683177199,4421.57655082804,4299.56269095064,4340.44585842668,4134.37694899204,4172.50982182543,4544.42760431837,4552.68783699198,4440.80675798324,4463.37073041256,4703.5624587438,4525.97016221643,4812.67304327244,3661.64029127767,2566.63330158034,2566.63330158034
0,4079,3870.07934384066,3844.6444611204,4043.40142734194,3125.04769979825,2886.33063759233,2886.53455417202,3107.6283688263,4076.21857563221,3620.91811456145,3621.67245142658,3852.50593230934,3720.26354338648,3735.93133885575,3791.63810300214,3803.82536590792,3776.26390549989,3786.48506416524,4062.92096794827,4131.49771147016,4093.81378691745,4203.01938950983,4198.44564491589,4193.14521097052,4360.52680537356,4690.44601595291,4419.20487546499,4348.98973163558,4154.3309042309,4115.57619004499,4422.98813116384,4627.32482865638,4373.46615188837,4363.13449641401,4876.53517309822,4730.17213346217,5404.72319687471,3860.98532274524,2701.99338277661,2701.99338277661
0,4079,3913.21221278913,3932.28710386218,4120.18609019477,3247.20021988815,3012.30714415566,3011.7598101635,3213.54787872252,4162.93411390926,3678.65901838909,3676.6291673817,3899.36801088766,3799.72462140407,3717.80800241564,3739.99938428413,3709.68936995678,3692.76509694731,3648.25017573034,3964.88770204944,3914.68947942232,3935.11806199831,4040.27657992207,4117.68567509939,4101.00003190191,4347.88967425984,4639.40986646595,4487.81308185669,4527.39910728118,4364.79687973485,4393.16110835915,4714.27254433616,4900.29283849982,4633.86720212385,4640.76603024245,5174.62990419411,5228.3286700488,5844.14730209831,4630.25671538307,3234.87355730013,3234.87355730013
0,4079,3869.73603903469,3866.55792200759,4029.24389720794,3112.37763293701,2877.5859258217,2878.0408692733,3071.34879462954,4023.83289749947,3558.2368065666,3559.98272678135,3792.77641614054,3777.83408446886,3799.64469288751,3954.77065646314,3941.615036745,4013.86508494043,4028.09225834245,4300.99516685797,4314.30901093399,4297.74011079826,4417.01879438303,4407.01924410634,4426.35458195162,4640.49382784856,4913.95718744288,4843.29477755551,4837.08759110241,4611.6714648216,4547.30934844946,4803.19629996055,5144.95510263454,4889.18813249677,4865.77269081883,5380.43829128468,5305.91294778731,6220.04594610394,4499.99780020496,3147.65986843159,3147.65986843159
0,5106.31740233385,3874.33129084115,3877.51051307647,4025.46159614737,3126.99005866895,2899.7537026903,2899.67812394478,3086.66235047755,4003.94632983343,3567.97589281859,3567.68620844889,3804.31851995627,3709.07554572255,3743.22587179133,4015.50149384799,3949.17190570437,3994.52591965887,3990.4169919181,4298.17752461905,4248.3181426164,4250.56749357639,4429.03551941998,4318.246135296,4381.23760691408,4547.45815633202,4861.90960553106,4616.70283057836,4648.1777172244,4492.70979235708,4489.60080175041,4805.67687003912,4944.66463450024,4856.68906209858,4862.55543744522,5450.90752139689,5446.24568036658,5876.48658394234,5013.32306391786,3512.00758719678,3512.00758719678
0,5176,4864.90158961015,4868.05197299877,5016.68929315458,3820.07085744187,3523.33560894981,3516.68690565419,3693.69754117816,4486.68994929363,3950.7924523831,3928.92551778006,4117.26828619652,3971.2895656204,3902.71314893812,4250.33841355367,4253.72026336238,4274.34043625426,4231.51838582214,4557.80327212652,4518.68530203149,4509.21132907637,4693.01281800531,4712.89973389366,4536.33830373156,4772.15686692849,4925.08595408309,4777.00798245312,4712.23683616907,4518.52158864009,4495.440144043,4812.70843285815,4900.23444639028,4768.44906166089,4753.26922186844,5340.17315209287,5353.2663485716,5701.70012796716,4268.98984164019,2991.40560629573,2991.40560629573
0,5176,4873.05748095593,4857.16048483358,5032.52660378917,3870.78759675078,3581.93780642587,3581.92546459008,3747.0079509049,4558.03598511916,4029.22577829369,4029.07299934199,4198.05317959467,4059.94670667186,4045.54815133907,4327.56212505075,4344.74082554742,4416.66480919764,4443.49180837788,4874.61355902379,4767.60284655314,4755.135694894,4876.18961806474,5041.0961292538,5126.46305882326,5352.64969863987,5846.87410103994,5450.58544172082,5452.47710656034,5235.88881886068,5173.43323939065,5507.33277539132,5850.64957125739,5249.30429715811,5209.42755573531,5879.97254153745,5660.26259247968,6085.06600851716,4611.55800876328,3209.14697851772,3209.14697851772
0,5176,4899.22089717655,4911.93756489921,5081.22792596498,3922.4811499039,3629.68904630202,3629.38115396295,3811.07274601825,4653.70657203623,4051.27905459994,4050.18229071385,4230.6453053279,4076.39586320047,4059.53341365225,4289.02794598609,4268.09058721497,4337.70360778189,4278.42480616272,4743.85653189637,4721.20373336447,4740.03902258017,4903.57688848207,4896.50000397483,4869.17870471136,5116.80315904283,5457.26032925353,5351.90675642538,5348.96101845048,5158.96787394422,5220.47963153267,5655.00971288557,6053.34240936618,5890.06094353775,5895.10245138138,6375.99444310807,6656.84498266398,7274.00306886979,5455.6487147993,3821.76790789614,3821.76790789614
0,5176,4899.91149621592,4868.11794801061,5087.60662682385,3876.06811506601,3572.27339977752,3572.54096094569,3808.40042253583,4732.04185328335,4183.7933826897,4184.77721283015,4407.93313402883,4344.6708828898,4277.81902198005,4570.88279142538,4571.82426147488,4676.47870291542,4744.07906803109,5142.23099604948,5147.54497956574,5094.70476343381,5242.79074489478,5328.29798988011,5272.28453629231,5461.91615657237,5843.09867309469,5650.3604502423,5637.2913114965,5395.2789184589,5297.62705390176,5677.19424305311,5971.19233180994,5885.29466690679,5859.61712305895,6285.09243903662,6106.66197974452,6547.47226835643,5248.33876465019,3670.915606374,3670.915606374
0,5176,4942.69946466752,4977.67112983189,5164.13088425718,4071.58365799878,3786.5062558013,3785.75949912424,3976.63771658136,4975.05492024914,4396.03648541347,4393.18421791045,4631.5557474221,4593.8186198312,4577.8017188217,4808.61458892576,4808.44760436406,4753.39185703231,4709.59247505092,5030.89716758509,5090.15415520864,5096.05165750442,5242.87696648711,5277.48767219465,5359.00993351423,5521.95031323757,5736.54729770203,5650.35716424921,5633.10186494384,5482.66656982601,5486.14470769554,5958.62178761067,6015.28999269137,5817.18432237088,5825.78665207066,6401.48086846436,6379.86336108705,6534.92503042745,5150.32827899076,3600.26886324625,3600.26886324625
0,5176,4879.41902831824,4857.16535709164,5050.68193895054,3814.69660402563,3506.86797043572,3507.73798533841,3732.99619092663,4670.06024129695,4130.58676065429,4133.96845585391,4372.79574906494,4406.63727152658,4432.41440190451,4685.97239192267,4713.01625053555,4766.5639090584,4798.62855043311,5253.57539502892,5125.76578269752,5127.54293331119,5333.28027876266,5233.96977558274,5226.9956493022,5410.01333621335,5775.6532065529,5425.25357882024,5400.20192596436,5202.21658996928,5257.37598114042,5778.77328803616,5997.18860506809,5694.30719643149,5699.54821065007,6191.85248075856,6325.88369668823,6989.35110151822,4969.43449169853,3487.05871840342,3487.05871840342
0,5176,4921.13236530994,4933.84859101891,5142.40670958724,4040.39232801484,3750.37738945972,3749.75138226438,3963.48969263918,4932.16223397021,4358.37357650976,4355.8577958206,4569.33082651393,4486.3759321332,4500.26093771411,4635.02588687265,4628.77374204576,4602.14766708837,4583.60964660849,4954.1853307433,4993.60820614057,5007.67754799447,5222.56225683699,5151.72865656951,5187.60175176796,5363.53844234227,5633.8007696199,5623.52560645082,5640.02574975955,5431.10461053736,5401.28979309086,5845.05945689023,6371.51494636743,5971.9565988991,5967.77632117126,6460.06428804705,6316.20582298653,7075.39201016224,5513.53705655672,3852.18841722217,3852.18841722217
0,5176,4886.84962061693,4890.0299479773,5060.69066976558,3899.04289587506,3606.69161931064,3607.05436669656,3817.27637473567,4785.0028128785,4230.90536512231,4232.3681986256,4487.29244191123,4436.42354901933,4427.85175454393,4623.04803032966,4599.94276037486,4613.4175808296,4632.98206313618,4999.01445229101,4982.19091063516,4956.97460972599,5093.69752204831,5096.41896598469,5065.36053761554,5235.94865578585,5558.54025934795,5316.0746223725,5283.41863711835,5097.34876125721,5140.4948919442,5481.33498359708,5846.05660487892,5796.14050224893,5809.09548731593,6191.82290865104,6451.98946086029,7124.33683217032,5546.21517388637,3890.83274329287,3890.83274329287
0,5176,4901.32836865752,4879.0724870901,5070.46280204984,3886.14441095833,3594.69747636213,3594.76167976313,3774.98275380268,4750.76067385747,4219.54966529701,4219.78226445094,4440.42657832157,4435.04887971928,4436.17005286109,4667.48467846284,4720.41439022534,4715.38639142802,4690.50590357453,5050.72999705274,5049.36644203789,5080.95506890621,5259.61071702093,5157.29392502332,5138.9942001264,5387.17064171053,5682.154082837,5511.18236117903,5513.31397564982,5266.6066283954,5238.40489660925,5564.04025806466,5900.47389076624,5586.64491473877,5581.45058681944,6020.4026052905,5791.37489852406,6656.72546425285,4973.58771901557,3479.18486782987,3479.18486782987
0,5176,4936.68547874974,4955.76059085234,5125.66010708988,3965.36553507255,3676.63110036267,3676.18340427666,3874.75949011179,4756.31922021145,4203.47988981984,4201.86088502116,4437.11882449134,4315.77904867423,4337.99856890837,4441.98302486076,4380.91146328051,4440.54649022085,4444.42231339132,4794.363591347,4814.3411783079,4761.70817834912,4938.62462377709,4981.92010048712,5010.9164763951,5313.94925050343,5686.26242614753,5552.15869727581,5583.9243842568,5386.9255562358,5414.03181699131,5817.4561264359,5993.20162039355,5935.03847714705,5941.52567009866,6465.02522947246,6505.10457369963,7285.58397989074,5690.05955024958,3976.59485262779,3976.59485262779
0,5176,4905.92681198225,4890.03092202424,5078.15506928573,3844.69578015786,3541.83286728078,3542.28787617875,3796.26211689817,4665.36792323836,4125.35392938786,4127.10001128633,4442.4899988961,4379.49980875148,4365.45464610314,4651.55755729998,4697.72887486781,4768.08669362127,4751.26998262532,5134.54123614179,5206.57642084836,5235.29412767098,5466.12893069914,5361.38319539821,5303.20439129526,5536.3448436524,5913.36651784985,5750.03385689459,5715.12292716797,5444.96721957887,5414.79757072737,5796.38323405082,6038.82359919944,5677.00872348503,5651.02168405418,6042.24855770801,6144.67807691934,6747.29458154517,5321.09073750071,3727.30390382786,3727.30390382786
0,5901.77118214105,4932.08889722207,4944.80556498257,5139.38893689101,3999.46141364314,3708.173499086,3707.73475739066,3916.80010431156,4872.79784320062,4300.12106041136,4298.36624820379,4580.38113057486,4531.72292426485,4532.61237481034,4661.02794798531,4627.44315402072,4695.7780711111,4705.8194652251,5115.7902685515,5065.22187232479,5075.68739313842,5236.76965468743,5366.97692002757,5381.87176660457,5579.43897550527,5961.67268347193,5774.32840517098,5812.50094637409,5579.19194388803,5578.59077142252,6059.55831716771,6274.1819133153,6046.15149328071,6047.37958927582,6622.33642126265,6310.71934652013,6944.66735726418,5252.15112472213,3669.63413855575,3669.63413855575
0,5951,5598.9968429427,5608.51537065762,5749.73671388356,4408.04019363375,4083.75775238418,4079.30045912347,4314.36416313657,5147.75981921973,4540.32153514164,4525.78177107938,4821.16686613113,4688.13001872273,4582.59243000547,4759.35491945632,4727.47601538967,4754.74031882245,4731.807254392,5082.78265515395,5121.92296413423,5103.64221775397,5355.6422079059,5272.95373891568,5267.92560566034,5433.44555595815,5865.14936076843,5649.73025262389,5607.59520031663,5469.42173594423,5386.04085302032,5792.20714805691,6201.97787255934,5941.68403286639,5948.15299617301,6418.09755932288,6784.44344530692,7372.68767319605,5748.23324764365,4030.9026750917,4030.9026750917
0,5951,5632.92177534459,5575.69245957818,5792.5945854122,4339.69303467206,3998.19997823965,3998.44828182878,4299.26629879493,5131.00696259145,4536.45871928789,4537.43588788602,4947.35972232873,4946.00274198847,4945.74403745625,5221.0741931037,5216.43557442145,5270.87207283064,5273.40867212672,5652.72702401199,5597.45236162065,5580.32580592586,5825.56900330816,5857.68745017664,5793.40636197355,5936.42296009034,6295.72771610411,6096.61369409412,6084.97409649389,5853.87265857995,5897.1392888095,6271.56811362692,6604.88186173451,6225.35149636235,6199.66244863307,6710.07714185558,6335.39303106961,7137.01751060159,5297.65108220899,3699.51206094083,3699.51206094083
0,5951,5747.45866653179,5772.89023362739,6040.14951194719,4678.97481413538,4327.77603696546,4326.49371233256,4602.92460189056,5448.8487442455,4842.21316226524,4837.39008509573,5199.04828265962,5085.73907641516,5179.00416773733,5410.6659899172,5393.32925803349,5414.72808883921,5372.79371169273,5854.90665512434,5679.12863691584,5676.5043278625,5903.14489373479,5992.1675704714,5987.21458138567,6179.30059280438,6624.03026863827,6340.86492684987,6338.00484507485,6104.71167758885,6011.7892211189,6426.44489427894,6803.17019694201,6606.35056301903,6594.46410051645,7156.85970436377,7309.63502893368,7955.64530277174,6266.78545930182,4380.33333621247,4380.33333621247
0,5951,5672.53535472824,5685.25489588796,5924.57633939082,4581.51846655672,4235.09355149254,4235.60438099215,4555.61159249718,5285.0308459487,4673.2291751517,4675.07576393514,5044.91753756923,4860.00177615655,4791.46820396537,5081.53921929249,5104.42905626646,5235.27281221994,5248.98515734144,5594.81928719228,5717.32517551899,5736.68537212889,5960.13892528705,6024.89754930059,6095.35021253056,6364.79526846717,6785.95108148402,6583.69043233949,6600.78346651263,6454.44762205076,6457.57489845035,6971.2502363191,7229.32918553387,6863.13420235014,6832.91286299386,7579.71635985786,7206.48940595014,7910.62190819417,5983.19763646725,4182.04850720945,4182.04850720945
0,5951,5622.35140458029,5641.42894822715,5845.35848749087,4545.98019657896,4209.46478909878,4209.69714704616,4490.14150233297,5314.92599576861,4698.95416786617,4699.76130882714,5084.13842328674,5056.99570833989,5036.39445072179,5248.03564203911,5248.65609700933,5342.98793959683,5343.95909364943,5764.57483396752,5580.28684955762,5583.12525251045,5751.62765171879,5756.48724560379,5721.98451957648,5897.99452952237,6400.0491533905,6197.85931966477,6206.27722031838,5994.28853529291,6073.300721361,6467.18113768306,7225.8757346959,6859.56622746991,6900.01346710609,7645.97874610988,7987.9553449042,8839.81623739004,6734.09568188029,4723.71930591172,4723.71930591172
0,5951,5562.97482297076,5575.69392220748,5762.37989762514,4448.90590525756,4106.56338738807,4106.98309824187,4387.17810978143,5240.35112981132,4570.48090550425,4572.04988645819,4889.85471185728,4945.23604677919,4894.0057755431,5138.71551662923,5132.5873534434,5255.61330955243,5249.49970856136,5653.69577624688,5619.03551276184,5600.74234776418,5864.82616984213,5745.27389565487,5812.15149633734,6025.85526914865,6441.48567797723,6151.07058366256,6165.31507119529,5952.62404087746,5884.93839983743,6334.66580401096,6632.96648444631,6502.42190254147,6494.0970100642,7139.13789178707,7024.25919373429,8234.47863643333,6130.35655129537,4293.53431972454,4293.53431972454
0,5951,5557.30360984676,5531.86894819384,5753.94364871138,4460.20007963598,4124.26528227731,4124.4498797822,4406.56116455519,5352.16465632544,4751.49199258943,4752.05882694941,5035.69225751092,5053.65765607494,5114.1892580327,5356.82178711172,5369.70264487076,5483.34811002669,5478.62732465634,5791.94101520068,5807.54285363796,5803.31800454276,6043.51007683676,5920.26300150766,5914.69786589739,6110.13361719428,6512.70667749298,6452.3625503827,6341.1298983397,6211.28870374689,6158.49420017228,6669.86706834522,7180.03372889826,6835.7954577635,6825.66324034038,7408.12919844325,7507.9363188001,8434.8688322783,6763.78748028916,4730.64536238385,4730.64536238385
0,5951,5590.89788309437,5619.51110387884,5822.06869238023,4565.2903052927,4228.62364452069,4228.10015214536,4455.11540928182,5420.6963188911,4780.71124613289,4778.80128708777,5014.11966372131,4977.91996559277,4998.43373005716,5172.7624650339,5177.79633193233,5268.56075795178,5295.11071746418,5727.05293570116,5591.56085536732,5557.3575287878,5776.57939413317,5699.92917543935,5695.30912006355,5914.94693209929,6235.0438367768,6110.33893479773,6185.853406344,6133.58256987448,6162.43596896615,6658.34373177913,7124.62620480332,6919.58440395008,6934.39846019811,7573.42907693795,7449.01337311376,8201.90377633666,6355.53527372449,4450.26384679971,4450.26384679971
0,5951,5533.63116667496,5520.91538307801,5698.94434595071,4409.49337425607,4080.37636005959,4080.99935950534,4317.25745696911,5282.66467153011,4641.7947168573,4644.11496101102,4867.03115996386,4820.68954394551,4779.21099286564,5009.3653957687,4974.35301721989,5056.17656901847,5048.27486511844,5465.42733393404,5589.77331605505,5619.8552186815,5876.28909443501,5736.53313733418,5753.44594451233,5963.10153966591,6399.91310138433,6157.41202023955,6140.5685201999,6034.42542683341,6093.55720850813,6510.05170195709,6912.68827554296,6732.02108170717,6714.17752315794,7419.106998431,7440.05096383229,8261.09483282006,6284.02420435072,4398.72601859607,4398.72601859607
0,5951,5571.09282263588,5564.73305205602,5757.41372815411,4449.69717973284,4115.91699031663,4115.67348823593,4405.22220643927,5383.9833025107,4758.84710306491,4757.98360320599,5061.37445986314,4990.73641550408,5010.58304212108,5323.76090842359,5346.2576967911,5417.29906259994,5414.62457579958,5840.33124002153,5805.73057748028,5797.21823467551,6013.96454695147,5958.67786250436,5881.47330533256,6079.78176061858,6529.44957132876,6293.94098646468,6258.99586268009,6004.90842839259,6018.18868657715,6465.17113546588,6801.86146217597,6406.80167948203,6410.02326779204,7109.59696114895,7144.22433520658,8096.71184624346,6187.94593093049,4333.72647827025,4333.72647827025
0,5951,5589.82591124062,5586.64602588643,5814.71754657708,4487.83870318697,4139.53653043485,4139.40843507167,4444.30020585301,5414.94326681917,4826.02633461554,4825.56255940575,5159.60361795638,5174.18269476645,5142.04939861524,5355.89294826692,5361.32192857706,5415.81009382998,5422.42193232815,5873.52746489133,5801.14082066027,5811.47153252061,6058.00888675748,5997.04347257075,6014.53676885357,6238.19605306952,6682.8678671488,6550.63573526405,6560.21894927391,6332.17708665403,6267.08174121954,6772.46226654277,7083.72607705143,6991.97220317051,6985.19649447359,7621.73495127739,7574.89722059659,8621.90765766433,6541.01084157324,4569.69486909649,4569.69486909649
0,5392.85854895991,5607.14106370685,5597.60251294321,5832.89499371811,4568.8735724041,4237.86149927292,4237.7020599883,4498.87687521694,5451.93054850615,4809.17000154559,4808.45882979158,5089.663527555,5129.0229787645,5099.86494223118,5286.76002029148,5279.99172921252,5337.66442335573,5313.8719523904,5725.30786213784,5728.13488484472,5699.66417644126,6022.93254096727,5968.18128792352,5945.13674457225,6196.27783993334,6629.19771801104,6462.11408666743,6468.75884497986,6321.99695454188,6339.93981020606,6805.75276055139,7151.96848621187,6792.18679376474,6796.60440872802,7418.01563964494,7481.64420863192,8527.23908050931,6615.80838928383,4630.94745922714,4630.94745922714
0,5355,5086.34134420805,5086.35658936761,5325.10012789261,4128.24391436415,3812.10919730966,3815.69194862866,4114.58659354282,5061.95448184836,4473.28029748227,4485.23418871769,4803.74592449701,4807.12875219783,4931.56474033036,5196.21102940856,5236.6799903721,5413.82470035747,5402.44513480125,5775.76671996064,5858.89517452323,5882.00523760058,6166.23543865059,6147.23872610266,6229.48402616456,6430.93745604186,6875.81546858937,6780.18023408075,6724.14300112912,6551.21338397575,6512.53920470858,6811.8632774661,7323.46446428719,6985.77993075957,6963.51542064926,7567.90342396315,7482.45574638985,8103.55938035655,6530.59074734041,4566.09855374318,4566.09855374318
0,5355,5060.88745475048,5086.32300114884,5324.95741100075,4182.82684983926,3863.26006386291,3863.20300202006,4179.10685858326,5182.69058154068,4561.55540581273,4561.26858849458,4874.03447078398,4938.43077915077,4810.60156202559,5008.60768065252,4950.57079701539,5183.6144279434,5157.89504782676,5713.14288755748,5514.30422758933,5513.69070731991,5798.75393157313,5826.1303017144,5654.36791685903,5839.68825568022,6322.10480231896,6103.29331619902,6197.5615592691,6133.38644640438,6170.02916114889,6605.24666837366,6868.21256899079,6630.55168824066,6663.45661506419,7503.31682758438,7422.31398570386,8120.50039214588,6119.52010661464,4295.48906957369,4295.48906957369
0,5355,5040.00988988051,4998.67889618783,5243.39012496296,4109.26719610671,3812.85985646078,3813.32383197321,4106.75700265279,5161.67145215787,4583.8010901104,4585.41179597374,4904.23454658883,4998.5532631872,5058.75386462621,5409.23509962884,5448.01548918929,5682.59968890762,5705.96067164951,6181.19989953874,6228.33373473218,6216.9086370584,6439.16262859357,6581.79025742121,6659.926002793,6764.36254459928,7231.35957628659,7036.08479389254,6967.08936222885,6766.94043707612,6698.25996702107,7127.99272270099,7479.16196176003,7204.10374737238,7140.20964418682,7988.69039631025,7897.39945708368,8703.47872120801,6592.28816426024,4598.92563322839,4598.92563322839
0,5355,5137.92009911367,5141.0966688281,5405.77257543949,4197.59591787315,3878.23304718361,3877.49724237747,4179.96010940962,5199.86430572875,4555.38798542887,4552.86185891425,4884.30786155707,4971.49325296564,4931.83803881674,5159.14156771155,5142.80280619783,5338.78788693121,5340.60558368876,5843.46161959494,5795.94877237167,5809.86358214842,6115.38199715712,6118.57403264065,6085.91220649705,6264.1232505609,6707.79102693821,6483.64504023456,6535.884280768,6395.72928772774,6482.45469825907,6893.39078740663,7244.39670042532,7025.32023746532,7062.32805796818,7899.09162506714,8033.77110651023,8777.41316607535,6882.02217048913,4825.19247574114,4825.19247574114
0,5355,5104.7117199836,5130.14748680693,5380.09962941534,4218.88840660946,3899.55667278287,3899.58434739405,4195.66136377894,5261.2552110501,4690.52857332077,4690.577147697,5005.40759651333,5120.3508227809,5131.53275804481,5404.98221180887,5397.02886949032,5556.93175863564,5564.65952142319,5877.35958218716,5989.25063726763,5984.67999876905,6325.21747284134,6356.63396640933,6374.18447450423,6553.39601042876,6991.38378548527,6831.35360822471,6796.69564276104,6609.83441599302,6528.11200724539,6916.6346424641,7302.45297330522,6869.97445592803,6857.40148321839,7486.61197279343,7592.27172030762,8571.8102973092,6369.4008284927,4453.55798401284,4453.55798401284
0,5355,5045.68057107417,5042.50289620444,5266.48294220208,4131.36584108834,3827.46265179844,3827.95053083221,4077.51991259474,5085.80129353337,4526.6892030091,4528.4204949434,4793.12545525462,4911.13733852914,4930.96869716514,5276.68911560335,5256.54314241565,5446.67815518835,5422.04347780388,5716.15352298389,5676.36842771575,5691.9085765882,6006.82032645706,6068.43570822486,6138.92068161099,6412.19670272534,6711.9655288321,6596.73225158971,6624.70410655272,6486.50489529551,6557.3389292165,7007.92812723331,7309.13663763585,7223.05175883505,7248.17331647862,7843.54120506814,7787.39617546414,8674.38370020325,6843.84949763584,4791.26055183777,4791.26055183777
0,5355,5059.81362056321,5053.45451310979,5279.47817686244,4104.85756002475,3795.52826140345,3795.51233196139,4124.95719685947,5011.56668228573,4380.79901410997,4380.80953361563,4698.9917066402,4686.20111595737,4705.3817910168,5123.83423288041,5145.59523587712,5442.07065455482,5417.35718518902,5985.18068221872,5653.80622442898,5681.7196464797,5943.8658486004,5828.60654878482,5929.67456843436,6094.03450579387,6625.96878725545,6414.51196622497,6417.64096692603,6259.1491087057,6211.72257514681,6653.23360783753,6959.61984827825,6641.39879278767,6645.88323855653,7522.64874221495,7375.03670890705,8423.48033026069,6336.72945281849,4445.7797425684,4445.7797425684
0,5355,5084.90479773714,5075.3660259364,5362.8273316276,4160.86832011511,3829.78246568072,3829.64260072678,4227.25400849683,5212.85764852846,4617.69623876197,4617.17288677563,5032.27299661639,5079.77384866365,5070.68103421454,5393.38996004016,5388.09661340841,5682.27625617746,5702.66181890751,6194.37496926392,6149.91974538726,6081.57356735667,6384.06882544139,6050.86856500463,5954.67097132795,6092.00261170904,6335.29590804759,6196.77107972841,6181.58394188732,6108.92503120478,6055.18370622387,6467.0105252057,6799.38534315165,6527.11395895466,6509.89945234655,7305.95278999733,7527.02488790095,8288.75676660686,6667.2079283354,4677.67248778572,4677.67248778572
0,5355,5120.95197498386,5108.23353889626,5438.23194903614,4324.1501598959,4005.6093569735,4005.26236745211,4398.14030788154,5396.12213244792,4779.10133855525,4777.62736223961,5175.89514583315,5183.2394894912,5184.71543813235,5458.22264459829,5479.36508296331,5662.48084338651,5683.32678509173,6113.4981276194,6128.13648013171,6142.54195336238,6378.89712830202,6326.5809525259,6340.35728641062,6611.96591291515,7090.99190470931,6679.74073181622,6651.5420503517,6575.35946454061,6599.68339254113,6964.37016298967,7293.05169427529,7018.01189175989,6996.18707772532,7672.02912716007,7522.53016625816,8042.84936528074,6220.63690174189,4337.12525275576,4337.12525275576
0,5355,5123.44294694592,5152.05705185613,5445.29955569391,4331.45162975399,4009.46857148472,4009.26018876497,4354.40716899047,5389.35296553022,4743.93595573881,4743.24927247068,5112.95950418831,5186.21729086216,5154.22393998787,5381.80407849151,5345.28044191045,5473.37253238131,5489.86797443247,5956.28440727852,5871.84809091939,5867.76016857533,6174.05591282982,5947.47282354925,5937.0491907367,6198.2186391257,6621.71042404417,6727.53686676658,6678.17108005431,6655.19083490335,6613.16289228725,7031.26711488633,7380.04862496264,7015.26441681337,7043.79483066123,7638.96149866665,7844.07314188351,8579.04919311206,6434.52190147596,4504.27318455612,4504.27318455612
0,5355,5072.53405318058,5053.45938314464,5310.78135684238,4184.63309589975,3882.60156074199,3883.20092536358,4164.89941330588,5263.52484822343,4654.45191033912,4656.65326955034,4968.91662198301,5112.74694563125,5076.09990601412,5430.30129956981,5458.81621644841,5596.83098308608,5567.37758251919,6028.15403474909,6003.11121489892,6009.00527304324,6381.56428933666,6272.43583158628,6209.51850128571,6434.01174148571,6901.91281185159,6645.44014952566,6665.60293256198,6636.860202619,6674.43694147954,7183.15015867087,7535.71668511312,7245.15316127942,7231.98041095953,7967.22802053404,7633.90487679735,8556.2363257064,6510.80749684738,4556.2495182317,4556.2495182317
0,6221.24302384577,5090.57441509747,5119.18807800907,5334.42952218261,4176.2475731622,3865.88686737644,3865.59888973803,4145.3643977338,5196.99977152989,4583.61241731431,4582.70621394063,4890.3761613327,4981.68876148,5039.16205876511,5338.02026294817,5308.13743462265,5543.10104268496,5529.86222454906,5923.3630041058,5986.23811056115,5962.55282664833,6306.72357161655,6368.73645109151,6366.01009074025,6614.43496421964,7092.57853191636,6905.87807158561,6939.63203728699,6872.31744285549,6844.29615623775,7304.45006451178,7840.40545595344,7524.83856426538,7515.03890232013,8251.64498902661,8441.26389786003,9393.54313712941,7186.3639565844,5022.90813164415,5022.90813164415
0,6280,5887.34078751773,5865.06198433517,6111.15272256239,4689.20045383409,4320.31369406002,4315.20259331668,4648.7801333311,5616.32676385936,4953.01954202725,4936.33430801706,5243.04392329721,5253.83461817978,5187.63165870885,5486.9080526833,5480.81163377871,5697.44106724,5689.43409973842,6208.70615144279,6075.48960690877,6109.26945026305,6475.4389282494,6349.23252413973,6437.39697316689,6654.24762306297,7030.31765963858,6936.10706080573,6979.46657085597,6869.17862231584,6915.40183241809,7347.07054610329,7661.10763885036,7426.10702950482,7417.77854226545,8086.2706480051,8011.34536179838,8875.76366602967,6947.18122094219,4863.91650450022,4863.91650450022
0,6280,5938.62269397948,5941.80058912501,6265.86945832099,4908.28700452331,4525.43318605049,4524.85061524347,4956.97881210876,5898.9675693346,5193.39709548408,5191.09915909766,5559.65038364094,5581.24975423763,5525.4526639967,5800.76173502913,5771.95030717402,5976.1739306869,5948.62914476675,6423.49500490723,6350.6949477042,6327.39826387835,6608.87359778734,6480.92395601275,6459.48455144173,6649.94791674272,7009.87796632056,6829.98520992428,6716.29237972449,6513.85589047328,6530.59149654047,7063.8825269841,7501.38290293959,7039.44807875077,7036.01943622142,7852.18123826785,7819.25456415935,8956.11068042193,6670.65369349385,4679.36283177664,4679.36283177664
0,6280,5908.59216327277,5930.84848690681,6208.67966188151,4974.99856121602,4622.31484628741,4622.2591846497,4982.76982465278,6102.70604771092,5404.46343010507,5404.09286778917,5801.99159528053,5903.103230974,5892.52922963162,6211.40586444152,6211.73384834247,6412.69324303939,6409.81804987806,6946.59042569169,6739.28411091245,6699.73165541487,7036.50351691155,6811.63768855182,6691.58932363261,6897.79451309237,7330.48612933046,7059.69036254273,7051.61654883601,6851.2889176106,6728.41789758944,7140.71196248757,7690.73522453239,7540.43988219668,7527.20863168359,8323.99777173058,8316.99337838101,9254.48279719717,7334.78710807578,5131.84644143116,5131.84644143116
0,6280,5870.05507803384,5854.15940918097,6066.13892523867,4732.05975119248,4388.97239116969,4389.58703334584,4692.20572322213,5781.09241017165,5112.10846054258,5114.56741374584,5491.46282225774,5526.03217090626,5625.02855996631,5960.86257405173,5994.06274207049,6237.30628234682,6252.61074662544,6849.12723189088,6754.68551010998,6793.97173065541,7153.63746790174,7151.83950521953,7214.7685452323,7415.02426689052,7914.7973810224,7760.83928287848,7766.36208340601,7649.78034981176,7631.60679628844,8001.30032689119,8184.81598810862,7927.09675826184,7886.35361997952,8399.15122895508,8551.31029720133,9381.46387287797,7157.31042404952,4987.51567339519,4987.51567339519
0,6280,5918.4729998735,5908.93356499923,6163.05188316355,4733.1062658973,4360.54355946575,4360.31954152878,4758.54750559517,5753.89735202336,5046.41802082617,5045.74310159642,5464.33790170203,5487.09061935158,5378.75065928921,5666.67079656394,5634.85902545148,5899.60577202394,5887.36746646641,6336.71986621484,6415.15070606813,6395.29393195567,6741.41574916732,6708.58565652219,6685.93948125544,6942.93617233724,7439.90618290603,7142.00215283335,7207.36657825372,7063.69649513752,7220.67128203813,7622.59077063654,8028.9580934899,7594.61024378046,7626.624426175,8063.21320606629,8090.47424080435,8927.45274404079,6963.90107387666,4886.13799996394,4886.13799996394
0,6280,5925.905985845,5941.80253884629,6199.04557258778,4883.17512806863,4525.63147748002,4525.29634289433,4930.18165143291,6038.60100231855,5376.73910582165,5375.3242395117,5868.31700209009,5828.1383289032,5966.931368382,6294.76977178519,6300.51270841843,6523.57539711595,6509.93860096217,7027.075390748,6826.62394366339,6815.47117171694,7134.74998837181,6967.59990749979,7018.48883843975,7205.08835404969,7722.32502530977,7505.29179130698,7503.24390227839,7268.30717347629,7088.19760180551,7401.29263398401,7717.06367300913,7559.80476433906,7552.94264795342,8206.07551838253,7980.97629144257,8749.7335622322,6748.746730705,4723.40393925754,4723.40393925754
0,6280,5909.28143250907,5887.0264350674,6198.564030955,4787.73665658043,4402.44530847735,4402.83644605776,4849.80218965368,5857.53833767014,5169.19158075923,5170.70714957334,5641.9820307056,5677.03334134644,5566.76377162111,5900.16618153068,5906.23615598955,6144.47969309932,6196.8327480026,6656.99563756737,6693.61510361249,6678.73147465369,7005.30824398936,6985.57031677117,6875.64207010895,7071.41774347179,7559.7272912901,7381.67526321089,7357.34389303892,7302.60610109792,7367.5101034856,7814.54122265227,8117.78663373521,7603.74864976784,7594.66133449683,8579.14013438208,8398.43322614354,9230.29643492484,7031.25711919633,4921.12380713228,4921.12380713228
0,6280,5954.17580848998,5963.71259091897,6271.53952658266,5029.85643867585,4678.77177350559,4678.10967397924,5029.3413097289,6167.81969506598,5450.58312319405,5447.88578660694,5834.56675248363,5833.98886432882,5899.82603974421,6164.03026229636,6152.79943501757,6255.62839801181,6221.8286312726,6654.29264601652,6604.44709645505,6624.58262467933,6986.63422710226,6917.087168333,6976.65292625444,7144.73282071813,7688.11496537266,7423.0011684958,7367.13058927886,7201.35865850291,7244.06114542154,7714.14106833851,8124.79993347108,7989.76353807537,8003.11808461905,8777.8881806417,9085.65603822418,9864.30946320901,7629.56279664068,5337.65825408189,5337.65825408189
0,6280,5940.3871275766,5930.84946095382,6196.216642049,4811.75790945903,4449.49997106922,4449.90604536047,4800.03448852038,5930.43665840719,5174.45959347653,5176.23080347445,5567.81868792091,5581.78789534559,5511.62267428753,5858.97889583253,5860.34613274217,6091.27136283096,6092.68937084794,6515.86469399967,6485.05036494633,6501.61528952381,6965.65122581883,6896.07017341697,6879.88643238828,7097.13733253042,7545.39018118181,7451.41952735376,7512.43089898242,7348.06848370779,7309.34836106902,7755.48705773091,8011.77024217653,7713.11683708716,7709.60055644015,8264.23778627839,8275.43521671858,9346.15264787519,6996.82104325133,4896.99762838269,4896.99762838269
0,6280,5957.35631562163,5963.71453897955,6233.03015351191,4859.6595446138,4495.14118440067,4494.93763226547,4843.84404406641,6031.40882666527,5400.43813285923,5399.68503206838,5800.95441032912,5899.0949733371,5877.08374619897,6174.7965779721,6203.4087895072,6427.25525168825,6398.24751947323,7018.34421039335,6680.50048727782,6648.66585149609,7010.06570135522,7021.76476154269,7039.34998620298,7211.30777785401,7710.75285051943,7430.45538435079,7429.25300097292,7338.29303652367,7273.99235864651,7768.72105250117,8136.81481634802,7686.9601080189,7690.58801159307,8451.9247579346,8245.21987983324,9372.92696088096,7255.3661126498,5079.40666167807,5079.40666167807
0,6280,5964.06063457265,5941.80497399698,6252.58560371709,4845.48830352035,4471.87862510603,4472.00641135464,4810.14478722306,5831.51227177115,5204.78916628012,5205.25154558217,5554.4319222786,5657.40297034834,5731.38377917732,5907.97604397395,5942.91985590566,6233.77758409686,6252.63501324315,6928.09376445074,6853.01582810505,6866.01887102072,7216.22289932296,7154.20898317334,7151.03977278601,7358.13858467098,7819.18826211212,7653.92548717456,7614.11334204223,7543.94972097534,7583.09691796769,8053.32337532431,8621.42750323018,8199.68622855931,8164.17514261951,9097.90459733005,8983.63179209847,10131.3413124443,7720.43260266237,5400.96791149134,5400.96791149134
0,6826.90370370371,5983.52026258574,6018.49259086899,6333.07490282312,5006.5219221346,4629.45821819927,4628.92710175577,5004.36032444168,5953.40545276699,5192.26303421431,5190.22472492275,5511.35806747769,5569.08177589107,5462.40770016954,5574.09268818741,5512.35094938118,5755.49828642866,5782.9092271127,6334.44231643279,6411.78128052596,6457.32534180599,6943.02276613115,6771.75204271304,6818.29992300544,7063.97195363991,7524.1690869212,7365.01682504252,7419.59986914794,7274.80399431449,7395.26800961296,7943.42735028134,8411.7874388938,8141.38119829893,8156.537357574,9010.7238100853,9192.28789571293,10605.2712983436,7867.39130434783,5507.17391304348,5507.17391304348
0,6864,6431.15616896211,6431.14301240077,6712.42867470937,5271.93228217269,4878.81515540246,4875.90119256772,5223.35340156008,6342.57728093752,5590.25298144908,5580.81172774337,5909.81901579298,5932.606650404,6030.01362400362,6294.08106444526,6255.59385811622,6421.81878984569,6356.63502950078,6973.27736633687,6712.04281053388,6662.30083642948,7100.42122771956,7039.63612603349,6960.86151654739,7113.94975486723,7606.42955584384,7379.35872069807,7314.80957971965,7053.34321850889,6970.44053331854,7394.86480151089,7922.01305832836,7760.11480101037,7781.90167661218,8776.15386041786,8582.29222055555,9792.57119691567,7867.39130434783,5507.17391304348,5507.17391304348
0,6864,6437.53088592777,6431.17199900855,6710.51339577932,5252.01210129838,4859.57639416922,4859.59814169456,5261.24759526882,6281.50888033995,5582.57098523744,5582.68017831311,5963.80314302587,5822.81516836927,5799.95679586454,6179.24123778365,6196.17137224645,6525.2828215925,6502.19698923641,7139.72438877772,7016.28229843488,7036.8832446634,7431.55935958342,7324,7323.99999984766,7572.12139222905,8027.98408324898,7758.9293673187,7778.59391027833,7538.56111968002,7560.62441475893,7998.9944537443,8254.82509428762,7899.86380769007,7862.2027607762,8885.25081156591,8922.40127553806,9893.18860977101,7637.94329537353,5334.23311547365,5334.23311547365
0,6864,6446.72458157313,6453.08302595302,6708.35078327534,5257.76366829,4872.17100942606,4872.05501999257,5186.59142670016,6339.71825579008,5574.38178596296,5573.97902020437,5967.06669919406,6024.41539119622,5975.04030636376,6282.52569232323,6286.57166825461,6619.43473396341,6657.40018979411,7251.0113417051,7077.78075126718,7080.3354294775,7423.13983786459,7324,7324,7531.87860394537,8152,7897.29411764705,7926.79999981473,7692.89450327996,7645.90674118341,8115.45599919742,8588.44436897567,8155.14998421267,8153.29469745882,8946.5566232727,9100.70066126321,10464.5834375897,7742.97299465813,5416.70586876688,5416.70586876688
0,6864,6462.9669642856,6431.17297401363,6718.63639945119,5181.27576614086,4783.95727983912,4784.15666521825,5123.00581582333,6170.92629978255,5485.28595607543,5486.10814375257,5803.6687948742,5816.5500587326,5840.00358740032,6164.83429443311,6157.56906639971,6427.16212380958,6435.08000034155,7007.09012306524,6926.1703341943,6898.34709001716,7357.70313856194,7324,7324,7532.06069802731,7987.21272365805,7847.44705882353,7778.60000017553,7619.38726434579,7608.97798431174,8050.05801868283,8502.69509191701,8239.23690685283,8240.80565866059,9131.26700691518,8913.87882882745,9825.14274132291,7867.39130434783,5507.17391304348,5507.17391304348
0,6864,6512.11435111856,6540.72712979857,6847.33204547814,5371.76416891533,4965.80734818078,4965.09630905848,5337.5113069877,6362.35915315985,5592.87402879424,5590.20150845731,5936.97338846519,5922.67954929823,5902.44669927275,6235.34919566604,6219.78976123725,6427.36743732475,6447.31379821029,6995.40979032016,6916.99442468659,6877.87225253996,7245.92232329174,7324,7324,7471.87860394537,7988.01590457256,7781.28235294117,7869.79999991785,7761.8945235416,7714.92195813225,8221.6419884131,8678.7633937833,8230.62248305618,8229.66102645497,9161.25948239787,9281.30615549651,10142.9355186826,7633.79302803105,5341.74043742958,5341.74043742958
0,6864,6426.2331775452,6442.13238304469,6693.38177598827,5268.86905093714,4882.58850121688,4883.13983587861,5231.65677914384,6325.38540615343,5632.52121293006,5634.48071952821,6010.10025061414,5982.96524799458,6027.37351127205,6406.12725664597,6412.34823926856,6603.05039139572,6565.6991520056,7061.27142240109,6891.72554638414,6881.15925600155,7235.68090595522,7324,7324,7496.0971168437,8009.55864811133,7684.71764705882,7596.20000020119,7604.32496474543,7562.62195541558,8107.18790172896,8723.03730700634,8368.99488436271,8371.49382967931,9150.56355500437,9208.92955836976,10381.620551959,7867.39130434783,5507.17391293997,5507.17391293997
0,6864,6425.50264879132,6387.35043526728,6666.15684857669,5152.34959094524,4758.70302232534,4759.09476128043,5121.2125718075,6135.35292763517,5404.89827488691,5406.4170142091,5776.08805365217,5735.61886301288,5750.59002475421,6124.05122194903,6151.24664266603,6425.8217383133,6464.01240674072,6909.28350938988,6810.80159027747,6802.76568339216,7315.620718542,7150.87370492001,7178.89621583724,7418.95476735888,7834.38286850828,7847.1253637481,7838.01895753242,7813.22472607606,7884.46041101902,8356.99399671047,8845.97384729411,8683.77055691815,8683.60719006052,9318.75251136644,9392.28690739977,10322.141231558,7867.39130434783,5507.17391304348,5507.17391304348
0,6864,6521.99625153442,6518.8141558016,6862.85618369662,5362.69426568163,4953.00997027598,4952.18306172181,5352.46709028018,6361.24033944954,5621.25601006063,5618.18124705102,5982.922370822,5920.73409783677,5880.84310122507,6139.31772118583,6124.53703544063,6358.74857655656,6291.89424743383,6793.46019191299,6593.11123071875,6594.01860627189,7007.44696857013,7099.43914383705,7092.24553538365,7350.76326243655,7903.24327624793,7536.48576858351,7635.86502677066,7543.85248684775,7589.23354549637,7955.29130680884,8179.91275087252,8118.1782229931,8131.78849926545,8721.16100449553,8773.02635490064,9752.13211929935,7410.95574727183,5197.87247420683,5197.87247420683
0,6864,6520.23740420817,6529.77551277664,6836.3126170264,5405.92708468138,5019.447200693,5019.32305444823,5342.76251433949,6461.43627633563,5711.56541355742,5711.03127430215,6072.73084869181,6099.52789866053,6053.86965594859,6293.98418004539,6328.69229453418,6604.30187158373,6673.78326449966,7271.42747689677,7013.12965649357,7004.03280604983,7413.7725448487,7272.35238384181,7300.43031773529,7513.66627570108,8099.06011694641,7893.65225074619,7836.93428614448,7710.62619292873,7633.59943508539,8052.88696682518,8270.38007998694,7583.6172838371,7556.22260861434,8471.20795173691,8144.32148494104,9439.65609525626,7096.71483275989,4970.58963210871,4970.58963210871
0,6864,6474.65269528499,6496.90946105376,6770.93524440789,5252.28256327373,4843.82597123545,4844.1727851837,5229.90033302766,6224.57395707852,5493.59350282531,5495.06676119573,5865.88839067177,5930.48108668486,5911.22499396411,6093.75312623319,6070.90002175521,6270.79050223826,6245.50926447345,6736.7831553257,6772.39645495877,6783.40099283641,7251.46161939086,7109.41030403155,7125.92660596456,7378.79342167385,7863.6508146744,7742.69061482883,7717.57882280962,7604.80842774601,7721.34806510177,8225.15832028712,8722.1741175026,8484.03789355542,8491.35795407551,9342.56308335016,9559.97970215727,10480.474190443,7867.39130434783,5507.17391304307,5507.17391304307
0,6864,6439.29452128665,6420.21940921429,6735.63709734967,5270.79327456066,4869.71345045697,4870.04218096527,5252.36181735239,6317.55728080706,5615.10889922917,5616.12970933038,5983.43837106081,6124.45222185769,6132.51359901885,6396.76797442767,6388.88783665654,6655.88502442634,6614.95913091155,7000.32211784305,6915.4613843133,6894.56623842881,7278.54089368304,7176.40202390862,7168.78777940687,7409.22166154035,7932.95984862644,7693.92695841723,7732.68497560114,7505.94649633901,7463.71321262636,7818.6322174359,8171.85814798937,8002.04249085662,8011.28166433725,8554.42989374959,8770.15666326874,9767.35920848661,7464.50885770625,5402.88100204546,5402.88100204546
0,7007.28127853881,6511.38595006778,6485.94907797576,6834.62869415527,5377.61979236977,4982.97056037129,4982.53932763847,5360.27647753357,6344.14524170866,5607.12927100495,5605.50284841303,5946.17076544241,6006.05841299174,6003.39843830818,6263.0124763722,6276.20751447291,6613.00794761744,6622.54335756724,7083.40817684847,6876.08428566306,6894.70331702166,7355.32568141177,7146.07888829177,7141.09571223721,7370.81691144896,7892.73768675885,7678.48452401544,7724.88136581257,7524.56620690693,7534.34319684652,8065.28156111281,8072.42800245729,7730.06899659578,7723.67006972362,8211.66090465737,8139.22341236919,9232.28650053731,7110.54497233111,4978.77801773231,4978.77801773231
0,7017,6684.66696899418,6713.27610586064,7047.21368838067,5527.51395638273,5108.26360306382,5106.87861505197,5498.94951851344,6464.67047385864,5701.63977492566,5697.02324770462,6072.82467810745,6136.05649432813,6124.64608741702,6305.30273222412,6299.98526379448,6553.25305081409,6603.03721591222,7244.41675222661,6924.16218878874,6900.71857300161,7234.87552496626,7289.97272953566,7241.74662290261,7459.17368297552,7865.41619889983,7688.53350632588,7647.98148787856,7491.68349673034,7438.31125822364,7896.018348395,8266.09444870949,8034.89356095069,8031.54263610833,8691.11489975976,8536.44135526148,9681.15631664046,7390.71227434793,5172.862472169,5172.862472169
0,7017,6579.71351798761,6614.68938277025,6899.2801732646,5446.23456704286,5036.42337539041,5036.96228436206,5448.1984572092,6473.75445437399,5694.45793610846,5696.3550763775,6094.43397909706,6158.60291982393,6160.80697881757,6387.75392907401,6368.05083579026,6515.39153894749,6516.14798712072,6945.53798278411,7047.77572932091,7068.61585101041,7505.88101989234,7311.77091317063,7315.26939493758,7595.62931166354,7878.72888389011,7698.60197820952,7726.00655604697,7652.62209160799,7628.21449366335,8132.41521467033,8173.05972784379,7760.71317206421,7749.07714942617,8629.1590087526,8529.22542953645,9541.69598169688,7468.07008753969,5225.69931400829,5225.69931400829
0,7017,6529.14580142955,6494.17435740812,6745.49739122329,5296.03278647734,4917.97095244075,4918.66299717718,5328.11397771425,6479.59669809128,5690.13329694333,5692.61993569641,6168.83115957878,6148.84288284671,6196.08624131274,6504.1424513303,6512.76669940878,6691.75263821868,6657.46422319178,7109.73621630565,6903.03767267981,6867.71663977352,7246.18718363268,7268.52804405481,7291.24622172805,7555.75788344155,8318.61353608857,7701.92316884356,7660.00085698542,7581.04305175112,7647.27773560643,8216.38479181355,8437.49796925786,8202.73900219549,8202.43990524146,8985.76716741098,9106.67320626753,9910.50998323314,7716.61019570796,5400.16907905441,5400.16907905441
0,7017,6611.50263109857,6614.67964292502,6860.67381377421,5305.13843879722,4905.67125939784,4905.12315200999,5273.03467859821,6470.62644131886,5768.19233357315,5766.42902957022,6267.71716259827,6250.48950055518,6298.94696295053,6554.0761207075,6571.0097714779,6812.19065674621,6814.37409193111,7228.16328752846,7150.13292282655,7132.1123777048,7523.71496109432,7324,7323.99913737809,7487.8539105627,8208.79805372027,8087.8475350307,8096.71182833745,7894.33754277222,7908.31590550307,8308.45851184061,8602.12367634502,8191.18855663124,8169.71795379279,9001.34620705182,8837.42998018522,9996.66138002901,7394.48658532043,5172.84149068144,5172.84149068144
0,7017,6591.01149294027,6603.72948684025,6866.43700582913,5317.1433766638,4905.22162977791,4905.27327534969,5334.87977144256,6333.08478390009,5608.45032802971,5608.62013945714,6079.41160244331,6061.78021248042,5967.22055715943,6155.93609482255,6187.18292057079,6419.61826990594,6460.05000691838,7043.46552122951,6903.9634820646,6969.04115185176,7415.39498050543,7254.57392587337,7202.22605587192,7377.72049168955,7898.7624898739,7770.64281901118,7809.48753545951,7606.34836855076,7612.41556974905,7962.82330336074,8271.16616200814,7860.98023012523,7861.92590824441,8564.71095661004,8861.68532697756,10121.7552614607,7867.39130434783,5507.17391304348,5507.17391304348
0,7017,6572.62383686279,6559.90694811055,6845.93326144048,5355.84956686462,4955.65543136024,4955.80400862621,5310.4390022401,6448.59810316506,5690.97788478458,5691.3637526662,6105.81966731239,6286.57947374697,6274.06965684817,6379.58961208812,6336.89443654414,6457.37125385693,6464.38918529424,6937.61637623908,6880.51397441545,6863.99244217811,7412.27980111794,7203.88098914204,7184.92388728699,7426.08043190069,7759.9392121935,7577.50635526404,7578.71328203686,7398.5416218602,7387.89705712058,7764.35776500449,8052.7861441207,7855.31532149811,7875.41961692258,8620.01209585412,8385.07981211586,9128.92352637076,7430.36746741187,5203.27713716544,5203.27713716544
0,7017,6606.90737935578,6603.72705197273,6914.43192152859,5402.6595501139,4991.56384954593,4991.32003437635,5426.56517138888,6365.7462947136,5656.37465082027,5655.51006932455,6038.69326031029,6000.62706883547,6068.45409903247,6285.27660006072,6318.45406225931,6389.0902517865,6424.80542366598,6906.34264249328,6774.12626187794,6784.98269846706,7393.43645945958,7324,7323.99999999999,7575.92716236682,8011.21272365674,7789.99999999507,7789.99999231122,7645.52741009947,7619.26948105419,8080.77591771966,8195.7261259464,7916.34811297195,7909.44023714322,8929.84520115253,8799.82492596465,9719.4105635651,7151.41809637574,4998.52773650838,4998.52773650838
0,7017,6608.32584751557,6614.6845129099,6965.41516569183,5471.73887361883,5046.72678564014,5046.61495909781,5492.60699582253,6539.98983995631,5721.74504171568,5721.27280112152,6148.72109883775,6165.99576093364,6174.51384433912,6321.00571453107,6262.24151093806,6290.81689823058,6248.64548015248,6680.95237841349,6622.87800639809,6584.61563707993,7072.51211220406,7055.05979757467,7106.27492507765,7390.45946457752,7674.95735622679,7464.05678972547,7487.90980235982,7405.50425829248,7487.35303155865,8056.6229323508,8575.53910211373,7951.94780003939,7958.29510283102,8842.6912451251,9069.55193364381,10198.9494881504,7818.0849548641,5474.58571255779,5474.58571255779
0,7017,6595.95297518313,6592.77397403029,6984.82342099029,5555.4887479988,5131.52664737191,5131.53526573078,5585.47822207609,6674.29710703531,5929.67563712612,5929.53822856783,6261.17337516861,6257.5302030852,6212.39582280676,6542.1024072974,6533.57516829115,6619.70908620702,6609.79491160765,7046.40427078206,6966.01540514905,6968.46338944402,7381.19512855187,7251.76805193623,7199.30497086913,7392.30296639528,8171.25677785656,7582.80792886456,7550.45431663588,7427.58823196509,7350.46912166848,7759.61660579194,8336.21916940742,8157.29468446088,8135.75898475058,8913.67617707546,8832.17425956124,9982.7344428953,7705.7464089337,5400.17652920338,5400.17652920338
0,7017,6635.52316638557,6603.72851300984,6964.94841321228,5580.82028352815,5197.29252053814,5197.16895766565,5538.79081189344,6692.86397930664,5916.14939254601,5915.61852150218,6231.82019739259,6216.24852363911,6242.31911516209,6553.26294053067,6581.69426429145,6788.2003491782,6674.12698429476,7095.43239284665,6995.13087619194,7027.14735455607,7679.18452389533,7324,7323.99957053254,7500.04173251151,7906.45274720635,7913.76846792878,7903.18239239932,7788.0678311958,7799.91248107335,8162.02102044666,8394.36622439043,8207.52509506638,8199.07631056562,8937.64106599516,9021.08703878585,9993.26316039123,7798.75549668468,5451.96237786817,5451.96237786817
0,7017,6687.85079432589,6713.2841297486,7033.93743247255,5475.98156802606,5054.97642463438,5054.62287921934,5392.29040412206,6406.3033603332,5692.12624145419,5691.25144552466,5998.22677051453,6079.46149000373,5998.25272518418,6206.78081151906,6246.99475682548,6645.0023444589,6755.43296104902,7250.89997916331,7078.13339931617,6814.33928863167,7480.67801925137,7324,7324,7475.93930197268,8047.96819085487,7777.48235294118,7698.80000000803,7637.08977874902,7579.7163662854,8018.99871378213,8228.74182332435,7834.12545807733,7835.8429086168,8643.37180129851,8551.75903562572,9574.19280932692,7326.874909782,5133.1033581444,5133.1033581444
0,6916.7967529173,6616.10479803563,6625.64489602122,6910.23515687292,5434.55047598566,5037.2788133064,5037.7067803865,5384.93553946776,6363.79254757535,5626.598230329,5628.02812416566,5960.94362485112,6018.08137230682,6070.83671022942,6169.32244470032,6160.89287135023,6351.62258500067,6341.98320841715,6797.90966331067,6847.92858155935,6850.53854470515,7427.30195628084,7324,7324,7472.02427921092,7951.21272365805,7768.31764705882,7847.00000004007,7769.65100144425,7837.46970633691,8197.88359046961,8640.91040908271,8288.56717118949,8287.42655081634,9021.72551608764,9115.00530625993,10022.4625738452,7788.20907994743,5448.04682954439,5448.04682954439
0,6910,6498.2656778385,6495.08975381886,6776.48797585716,5262.08138355496,4858.86422431437,4859.80043637473,5218.30798151243,6299.94814952816,5492.3605613053,5495.6604389974,5864.56846627652,5939.12365137427,5966.396686662,6150.55363515217,6134.49307653197,6345.42933595374,6371.95603775719,6787.59073339652,6827.63853895059,6927.91816639296,7463.57100243489,7324,7324,7431.92716236722,7949.60636182903,7742.83529411765,7732.99999999092,7625.60330975929,7589.09039624691,8078.88467036091,8165.71319102485,7914.77414415188,7915.84278916859,8628.1641123852,8621.01233420033,9754.4593053861,7340.19200483999,5141.5312787727,5141.5312787727
0,6910,6525.11439357374,6506.03751324173,6799.35418788997,5322.21381092174,4934.70617765007,4934.57132879541,5264.67041110542,6488.55288737865,5755.26996017555,5754.6818431801,6100.0512021099,6120.66639003354,6104.12802834779,6300.00865082607,6324.76734896194,6446.55248629636,6442.03879304716,6995.97462682112,6737.42153296751,6760.20001203299,7361.16583453331,6981.17272490423,6902.57366528602,7119.19325698886,7611.33034638704,7418.7982798844,7580.05905180573,7527.30711376585,7592.9594148098,8182.55502054752,8541.93776012003,8135.14842838552,8136.00525850457,8773.39136479016,8837.67461981206,9996.0034253734,7735.37869987421,5415.62047285942,5415.62047285942
0,6910,6543.1574150065,6571.77107784251,6843.06090893158,5323.76011201951,4918.57095987205,4918.28248377522,5341.50158614525,6373.60887202674,5663.26651235185,5662.35773943572,6105.60430844885,6049.79718693082,6065.52755862486,6182.76168049982,6173.80075725988,6314.96126657166,6316.3730867547,6851.94260365207,6733.51448830221,6733.29186898838,7293.67782503524,7324,7323.99999999966,7491.92716235719,7888.85089459981,7802.96470576141,7812.79991948764,7623.54889538006,7617.69725550761,8133.26226924892,8503.65182683676,8229.65513349984,8211.7808936504,8680.40267152378,8742.82997708504,9738.61248965421,7583.85860673039,5298.50597872584,5298.50597872584
0,6910,6485.89016669316,6473.17438311132,6798.0071094606,5275.58091307613,4856.65423585282,4857.18199963264,5291.56293852254,6377.90564653153,5639.3430195314,5641.18409798629,6101.1672989616,6254.62427888407,6208.61058829568,6362.3144992188,6365.25516100499,6560.53070943165,6497.88749083051,7035.52325219234,6881.87782939841,6842.75385184229,7359.7835757851,7221.21850884648,7262.80055654523,7426.77503893218,7732.98273356731,7522.15619162003,7448.51062149402,7291.19067587326,7268.80460876209,7745.37714028795,7961.80624052424,7755.82719049198,7777.94889984444,8260.31839494552,8281.03372332115,9208.86232720877,7165.20820425088,5024.76226016804,5024.76226016804
0,6910,6513.81349293202,6516.99205205602,6824.82057761536,5456.19086038201,5076.09912070357,5075.65286282101,5437.80369283495,6605.67165158696,5798.65940506996,5796.77682402595,6160.71257123434,6176.82962551923,6217.42994761494,6326.45096720639,6322.65274746213,6611.86756556843,6618.90645524245,7108.93273892756,7056.01196760476,7073.45602017851,7560.01263199993,7324,7323.99999996215,7564.07283665458,7852.80317779131,7685.83528266564,7675.99801477596,7614.24648408283,7523.80553393709,7867.60444116968,8257.54319136981,7847.88968438194,7831.20366046023,8474.90469372704,8269.6911998905,9464.61071133972,7032.68634702169,4918.51429407521,4918.51429407521
0,6910,6496.49993623857,6506.03848695685,6778.08740392345,5255.7176071634,4848.45329285835,4848.75543517174,5187.00303760581,6351.32269706519,5654.99715552806,5656.42595760153,6009.23365722902,6112.31272423077,6094.45486461896,6237.66737104519,6249.84491797763,6548.14918372677,6561.38420788797,7137.81456869377,6917.572607003,6787.7172944442,7475.93040312756,7324,7324,7596.01213960546,8069.55864811133,7655.88235294117,7744.39999989923,7656.20282493529,7776.18909688142,8040.16946601674,8295.22310524574,8014.84587032898,8013.44936501449,8874.04983722684,8781.82511342352,9802.5298242343,7756.02566028051,5425.99994151549,5425.99994151549
0,6910,6463.63246824166,6473.17146108708,6761.17305092762,5313.27517650564,4910.41703239904,4910.50179580672,5286.30918422474,6372.15245119546,5593.59254485478,5593.74832468369,5896.34572779418,5964.10915871151,5950.79870247071,6123.84544874687,6067.51835049026,6380.41429012164,6352.404445174,6940.598041852,6729.82064044061,6894.3913907142,7430.48976240054,7324,7324,7624.03641881639,8080.80318091451,7801.4,7801.39999995177,7658.20983672775,7574.72148721153,7943.34319120115,8135.07394869597,7778.64584543303,7778.48062911999,8703.78913640898,8728.98851138042,9600.6123397879,7430.45070461877,5202.16217971447,5202.16217971447
0,6910,6475.27667354451,6440.3034611204,6758.37763164275,5302.36849087068,4907.64683493918,4907.80302217473,5316.74581757674,6481.08505513248,5729.64289327969,5730.1570877375,6104.14298952041,6097.02031235644,6158.07681186653,6464.767834126,6507.45603742462,6779.28398211195,6844.81967050787,7252.70941797593,7072.40350974288,6795.58640503791,7356.6402704193,7324,7324,7619.97572078907,8160.78727634195,7893.04705882353,7824.19999995204,7699.29737431071,7772.33388122346,8286.53143579593,8691.36717396405,8183.835696022,8182.97715480302,8999.11416112522,9044.59419010536,9955.22803301433,7600.72567874929,5317.93832653548,5317.93832653548
0,6910,6544.91785808732,6560.81264279176,6866.05143715113,5412.00854187779,5014.72531196324,5014.04567819734,5367.99681372253,6567.83964238757,5833.95544233844,5831.53093981154,6215.24704585236,6367.30405127051,6195.27653289587,6334.18874666556,6327.25481616866,6494.02937357955,6444.71160672463,6942.4228118055,6734.8346700722,6926.79108645202,7499.19089597381,7324,7324,7571.93930197268,8095.21272365805,7916.96470588235,7926.80000001053,7733.04646157735,7712.1729145584,8141.64740553603,8714.02653439271,8500.7580139602,8500.50874913284,8988.8964089085,9247.55177131253,9904.5663542925,7837.35627090953,5485.51854443327,5485.51854443327
0,6910,6483.78322715164,6506.04043493414,6792.06727798857,5304.1629133984,4891.82608496822,4892.21696830448,5333.84882873534,6367.81835596538,5610.39505528775,5611.90944637115,6015.85475260313,6119.64629004173,6259.74709330627,6472.3362667794,6441.75812224578,6720.99913815819,6735.7033140148,7194.00595468293,6873.62231716372,6785.49554665219,7417.68937345279,7324,7324,7608.08497723824,8199.9522862823,7773.45882352941,7812.80000010062,7635.8031738934,7651.47401652306,7954.65195428458,8249.75623841252,8078.30946682393,8079.52427225927,8541.26028560457,8422.25547447862,9026.27056452648,6952.98863831189,4869.67315843866,4869.67315843866
0,6910,6454.78340777408,6429.3494092476,6726.69451677406,5305.26891237155,4917.67241627728,4918.0011853196,5295.71524824151,6510.39429833635,5775.69360491722,5776.71447560327,6193.42529080414,6314.78928123055,6269.13412292655,6527.42447763092,6587.03466114591,6803.2708345985,6490.45151220159,6909.12066068429,6776.01093528872,6770.01283913349,7365.68065895843,7324,7324,7619.97572078907,8172.83499005964,8037.67058823529,8017.99999983503,7827.99042697594,7807.08635472868,8075.57795593883,8195.70496922056,7954.12826920899,7951.88523444228,8255.55387312762,8507.19359823046,9388.93953572885,7001.03311583418,4896.68935141546,4896.68935141546
0,6779.82942668696,6497.91521282552,6516.99010392881,6766.86489678618,5321.45755932687,4935.40169332794,4934.97369303745,5274.83592939027,6409.02767837639,5654.69158170872,5653.26205395842,6025.23204526418,6016.31470714138,6118.84687128253,6216.31748659838,6175.22327996848,6429.78006146631,6394.11736079041,6940.2117763053,6865.55300356302,6899.90650955752,7467.20134045761,7324,7324,7539.89074355083,8028.03180914513,7902.43529411765,7892.60000006868,7751.56486228095,7735.92908217805,8164.36296422946,8355.0878820442,7778.55948750194,7779.74797255772,8281.17639758179,7914.64977463491,9132.95644072904,6898.12256054903,4831.06346071976,4831.06346071976
0,6771,6346.61316280371,6324.36209652638,6584.49513863143,5072.65305050981,4680.81109864556,4682.15998775044,5043.82710961246,6237.70315137001,5467.99238896978,5472.75648674801,5873.67745452256,5972.96751057365,5858.07103263577,6170.55213643135,6161.65981378737,6474.66931725246,6524.61260416857,7072.58040182382,7038.61132204702,7044.52112690329,7523.08722885335,7324,7324,7479.96358118361,8035.16500994036,7677.56470588235,7687.40000018657,7533.28949878599,7580.28270425883,8100.84527298391,8472.96623747379,8246.28835235894,8248.5266657786,8820.32008967929,8988.77288381557,9888.76123096446,7867.39130434783,5507.17391153823,5507.17391153823
0,6771,6375.60559247868,6401.03959121521,6694.3530863417,5250.92218926891,4848.22214647304,4847.67996090332,5292.86359429273,6504.47044285269,5738.66992065434,5736.57539111509,6157.47534263289,6238.39997261977,6261.92829237162,6554.2638227811,6561.01280759718,6665.60242231331,6615.71306994673,7066.47626275037,6842.75432486729,6773.32892141686,7355.16651241345,7324,7324,7532.0971168437,7940.81908548708,7747.52941176471,7767.20000001546,7549.08638443464,7554.29996882943,7905.87962997675,8334.40238439812,8076.55529756521,8076.25750613174,8616.93615801988,8541.76568134003,9078.92508574608,7189.345271854,5032.16553724558,5032.16553724558
0,6771,6313.39712776679,6313.3988960712,6574.67195267629,5197.89344287308,4819.83426020468,4820.27405698194,5207.9955869135,6574.76984872614,5823.021924015,5824.51080202692,6282.07591605749,6430.2716231904,6417.7217026085,6655.13815077076,6437.61453269511,6300.67885403382,6239.9206646576,6795.21895309086,6764.96894574323,6793.49418611041,7474.27978968456,7324,7324,7580.02427921092,8087.98409542743,7786.87058823529,7767.19999988631,7585.00490463655,7543.25363297485,7937.23865609032,7958.32255310939,7738.25767046077,7737.80328732952,8441.81453015072,8366.75939461168,9330.42333694458,6786.12736233772,4750.30107431621,4750.30107431621
0,6771,6300.6772271343,6313.39500013326,6499.93263468739,5097.74953659965,4732.967424783,4733.06312356185,5030.57768177284,6352.66657210162,5655.58652229581,5656.06803326518,6049.24409930338,6198.56201735891,6215.04826099371,6121.07820779693,6105.94394978436,6290.47253280322,6395.1805082702,6948.87673926674,6850.17368760432,6871.48201558507,7467.46735643908,7324,7324,7692.15781487102,8071.21272365805,7948.48235294118,7869.79999994589,7762.49929589963,7725.96055289647,8168.57719332104,8440.9358391869,8001.75104880463,8000.52507513795,8720.44251647086,8727.57935180413,10095.2024657623,7595.88763096377,5314.00498803788,5314.00498803788
0,6771,6298.1870530268,6269.5729480939,6467.03743345012,4936.67559647139,4556.28345112729,4556.68244149931,4843.89663644959,6001.13208123835,5345.60906892883,5347.25462656486,5690.79658833931,5899.50564206125,5886.90375273075,6395.66709220927,6445.7394137025,6672.77325500703,6678.62210317278,7001.048599422,6848.29855381365,6800.76865282631,7402.06416054587,7324,7324,7703.93930197269,8369.55864811133,7994.75294117647,8063.59999977945,7981.55195794036,7981.51549879015,8349.16338729379,8545.03893060417,8349.08400440732,8346.60882413521,8885.42650972113,9012.06762719831,10028.3163423559,7867.39130434783,5507.17391304338,5507.17391304338
0,6771,6368.17260622712,6368.17061685536,6591.45885821105,5113.42515005292,4737.08094895535,4736.42208036542,5048.86864174318,6130.85919756535,5388.34972964842,5385.84950923848,5734.01426382332,5777.44418875558,5859.23208096545,6101.06283367486,6456.08778144689,6611.15332399649,6585.48863824162,6922.6038986835,6775.58205131753,6788.970054635,7505.23759043335,7324,7324,7740.08497723824,8297.60636182902,7996.31764705883,8075.00000005159,7976.38716063118,7992.04153722793,8365.41041454963,8430.85189039831,8098.70267513146,8098.72840053808,8402.502098557,8563.34432605307,9512.93560302631,7275.26461498356,5092.77827790238,5092.77827790238
0,6771,6358.63667021427,6368.17499985009,6604.90618248299,5080.63678869265,4683.53196490424,4683.59113482518,5026.47621671263,6174.50540301173,5448.56238276714,5448.85953186296,5837.72600764548,5911.21312862581,5877.96831372859,6042.27734859874,5962.84103551335,6177.81482723155,6604.99566927349,7041.34581395949,6899.81556233531,6992.59886802783,7586.77076503766,7324,7324,7751.97572078907,8290.4254473161,8168.65882352941,8040.79999989853,7911.80313679363,7927.44860033153,8263.65326865759,8456.00195525536,8110.94418168941,8110.6912836555,8515.61574366777,8292.72280705681,9365.21295307776,7149.04480953505,5004.47574247582,5004.47574247582
0,6771,6348.02557087489,6335.30846107042,6579.94445949485,5141.19239255488,4767.30461239289,4767.3653781033,5105.46123816946,6338.5478902735,5563.81178236262,5563.84647497317,5943.470647731,5907.77900603894,5976.55710679311,6333.65749521737,6391.2801953177,6598.5522241087,6723.64411964419,7241.44997668651,7108.05840715937,7048.25112117877,7490.85422725189,7324,7324,7727.97572078907,8103.24453280318,7996.31764705882,8075.00000004258,7977.97616269004,7925.80504423514,8225.81027062295,8482.50523127924,8054.12394980343,8054.39000489666,8619.23835254565,8632.42755000572,9764.54661615208,7481.80687037705,5237.63423974962,5237.63423974962
0,6771,6366.41216317359,6379.12905195608,6596.41994299965,5109.36217929112,4727.58468373405,4727.424274503,5083.20666833178,6325.65367107863,5621.19059375658,5620.74484496089,6066.57075305963,6024.43327119246,5964.63976717705,6163.65025919298,6122.74789948033,6317.73598143248,6303.50952834721,6869.21126539874,6713.17467634322,6921.86602846534,7581.75608239296,7324,7324,7519.69650986343,8179.96819085487,7830.90588235294,7801.40000009334,7721.87663768892,7784.51647749802,8136.8603002673,8392.15330134227,8074.0662746011,8076.11190826862,8693.19993884,8639.10318505029,10004.1780703542,7545.94347746196,5286.21456010714,5286.21456010714
0,6771,6341.66695034808,6335.30894802727,6612.82182040703,5080.23330288042,4670.05722442102,4670.32487950718,5129.88101283093,6279.62385868798,5522.20639145779,5523.19121097695,6005.05431901064,6057.38752159387,6050.47520090983,6418.14548339422,6398.35714533275,6582.51268564849,6618.5646346718,7130.60294649674,7049.46730972189,7042.08432264951,7677.68989326018,7324,7324,7532.16995447648,7899.19681908549,7723.61176470589,7664.60000038968,7567.89299370816,7526.20255767019,7925.20190660312,8126.24990379976,7913.11979565833,7916.22037077042,8707.75799409886,8607.30301840529,9557.83974336015,7751.24553852933,5431.28670223517,5431.28670223517
0,6771,6347.68013837492,6357.21802601968,6643.09599846691,5288.74702199525,4909.54507267674,4909.17886116317,5314.40805729704,6629.32380939158,5879.03563579765,5877.37442625817,6337.94859080966,6352.64243273871,6369.07081988822,6737.85151471193,6736.17778511403,6819.50119494914,6775.68470558794,7252.21116820506,7073.98130068399,6907.57672340634,7470.5403949362,7324,7324,7676.13353566009,8023.21272365805,7854.82352941176,7903.99999974825,7798.19664259787,7834.67579347947,8287.4706661502,8454.64820594075,8084.97134736154,8081.95885090108,8896.83752432445,8922.57218598099,9869.26331965986,7418.56493871657,5186.93612575651,5186.93612575651
0,6458.21603247082,6308.45458174514,6324.35246103711,6523.5744809322,5115.35196386032,4744.91826616492,4745.25300643762,5001.27761282521,6335.37462087884,5631.03716679069,5632.44976250291,5983.97199584068,6087.95047734828,6092.03196789381,6418.44157949722,6460.77532879963,6625.56241003966,6673.83753689707,7260.02321647264,7049.24314783665,7043.26633821619,7626.87967891262,7324,7324,7711.98786039454,8084.81908548708,7877.62352941176,7926.7999998325,7757.54550902923,7778.39938763856,8138.80681492273,8367.52980073967,8167.15183000681,8166.34423144101,8848.41875943337,8945.18356657049,9758.98035817446,7687.59250573173,5380.55181425083,5380.55181425083
0,6437,5993.25604634714,5964.65107753625,6170.11327260353,4739.68059176137,4378.90611818062,4381.39538120996,4695.3878972585,5906.45904087028,5148.17210959167,5156.68962217184,5469.0180142727,5486.34808747395,5516.91982142071,5802.38691297818,5824.40307341588,6032.49076326003,6002.1545889256,6490.09694912169,6402.35065920558,6748.65737055512,7559.20978542281,7324,7324,7764.08497723824,8135.18091451292,7819.50588235294,7790.00000004472,7587.52954953953,7608.4159267015,7911.3794082013,8127.7098300528,7665.99951998073,7667.29339420982,8240.93293624738,8333.12377203216,9084.77303998684,7011.24407134247,4911.28153749188,4911.28153749188
0,6437,6072.76893630698,6063.22861754384,6329.95503169188,4900.53247416954,4525.55456239556,4524.93296196876,4834.67573336263,6198.80414052311,5527.5945289102,5525.28087530847,5857.18173014209,5876.0918535716,5923.24168347899,6097.18636630526,6097.90684545245,6304.42289454011,6321.26112410738,6776.63918071126,6623.6352997026,6616.8545410209,7416.47736529249,7324,7324,7727.9028831563,8257.59045725646,7992.07058823529,7972.39999985545,7799.87697148178,7732.02045109893,8036.51838714581,8311.15230035644,8018.16545635188,8016.30103806478,8524.30321097788,8480.2044772519,9240.74161535566,7086.43289606753,4956.77519165079,4956.77519165079
0,6437,6089.74131551248,6096.09953877968,6374.07375524485,4987.94151381272,4615.25307010187,4615.00113866101,4940.72578871936,6185.55579046379,5457.4881841281,5456.49255636056,5757.01982266749,5643.56265114269,5661.57639329643,5819.77509859197,5819.41734729899,6020.0022933029,5992.82501934338,6550.73570064507,6351.78472074751,6339.56210809109,7168.74005474399,7324,7324,7615.87860394537,8197.59045725646,7898.85882352941,7938.20000012387,7802.36309790014,7844.11551852483,8241.28242854647,8299.40499888055,8078.63196824018,8079.10206390122,8858.14636378679,8611.61668734976,9655.99751822748,7223.78083802794,5056.60378147112,5056.60378147112
0,6437,6064.65120222647,6074.18997399697,6354.21522737305,4962.10455689453,4581.21187498052,4581.35155591677,4976.04224455853,6183.79728998063,5476.71256206786,5477.23420400415,5851.31920400338,5709.3730044372,5706.0688415346,5868.09318483052,5866.73522407658,6164.47292430086,6127.75299149528,6767.95163107771,6614.48561936916,6618.52085743402,7356.02078496244,7324,7323.99822093093,7616.03615998229,7990.35402621232,7851.91941537876,7811.01617422394,7691.48064677275,7620.23937511484,8007.86778454429,8250.64196823866,7853.29580874494,7851.31080492069,8506.84885940244,8858.10020518613,9794.97179583305,7712.57792502279,5405.73603009333,5405.73603009333
0,6437,6054.03957089309,6041.32246110374,6305.93426601637,4967.29905006539,4610.8477541729,4610.96819749662,4944.49555078681,6274.76624129249,5537.2632626915,5537.59793729471,5936.90247276181,5965.35908106934,5846.10632947891,6018.66827708136,6000.73052161327,6325.10533354564,6356.17889261549,6923.86381869226,6859.84134753244,6865.0901808127,7458.73772895977,7321.19967149701,7320.7833271871,7704.75634410837,8071.43076839843,7732.53593387729,7790.66738811816,7598.95998259672,7708.33205620714,8101.55731579249,8317.26903498026,7934.15878180378,7924.26680276849,8565.083281801,8325.26576966805,9111.24486751083,7095.64757690825,4971.2781280714,4971.2781280714
0,6437,6059.70839023512,6085.14305195608,6307.75114730092,4908.25156968924,4538.64295315559,4538.51834987173,4876.32299770638,6133.74667464435,5431.88904982577,5431.62374210449,5819.25609273523,5894.37244323198,5925.86176242812,6173.68621274739,6164.99199803924,6381.09046027111,6427.79249681035,6985.06110885157,6844.36843033399,6840.31888893758,7637.88875218557,7203.66163968263,7159.49783132474,7574.8375040706,7964.2035015231,7802.1566262968,7707.15790162639,7398.39306763397,7359.20642375598,7728.77937426572,8017.48632699755,7802.86400950038,7827.01341479292,8495.03080590259,8707.54763467908,9954.97409912643,7275.46806041057,5098.29465061857,5098.29465061857
0,6437,6007.03745749792,5997.50089612117,6208.18793127556,4815.45884004177,4455.86860233507,4456.36828345574,4773.82364586781,6200.2917894551,5363.68569487072,5365.47603465101,5755.60867893543,5913.54002114981,5856.24761398975,6129.67404164334,6160.78147026517,6252.64424068391,6292.67803219028,6912.55560867422,6703.31191244847,6715.05112537364,7474.23609502238,7324,7323.99999999999,7816.10925644895,8329.54274353805,7925.23529411495,7915.39999480025,7703.2765122185,7635.31018486779,8075.79692641459,8198.15784427506,7848.47432128897,7842.64969854288,8423.18701133456,8332.68413937025,9316.74572401537,7526.60330883968,5261.87266777844,5261.87266777844
0,6437,6046.26141830945,6030.36353906284,6263.0689386322,4843.05990828465,4479.79134587458,4479.61172717752,4781.56335254735,6396.12648226173,5653.73941665892,5653.1065467473,6001.3436893391,6115.59864261589,6178.044203798,6346.74073851852,6321.10696052375,6384.5854849436,6293.7655350506,6756.35131365951,6735.37906429064,6674.40993155158,7375.35690357533,7324,7324,7747.84218512898,8418.40954274354,8195.25882352941,8234.59999978337,7994.36772100286,8072.58102970512,8516.74039045374,8870.04124924345,8460.73128438442,8456.9879070628,9020.71654841148,9018.11183052528,9500.6348046957,7518.00294624719,5254.17519092332,5254.17519092332
0,6437,6088.32311331329,6085.14256483266,6341.16410862165,4909.71583356551,4538.49624717489,4538.17630721883,4833.01210488011,6381.7360521937,5690.08044486519,5688.92308091413,6006.86298213777,6056.71247384564,6063.13094225062,6293.27607640837,6305.70770071486,6536.2446526917,6549.02553614625,7048.24736058383,6924.72452321335,6787.81663600501,7535.44102204014,7324,7324,7687.98786039454,8058.45725646123,8045.94117647059,8006.60000023852,7765.10104813206,7697.31623518349,8135.25600830629,8348.79625255741,8127.15241922129,8130.26886483563,8489.41894732341,8736.54413977495,9727.26641245081,7049.32404194859,4941.22823631602,4941.22823631602
0,6437,6070.66518809876,6096.10051289324,6336.71019791523,4944.40104821301,4572.09145217618,4572.00342113424,4885.82821518618,6344.86137329734,5588.85840960002,5588.50631642451,5903.70306857785,5870.22376945183,5921.85229732091,6120.03733595104,6111.99472986213,6339.87863626485,6332.39912399372,6740.32016318451,6740.97368930062,6756.58881630111,7571.40685519136,7324,7324,7724.06069802731,8009.60636182902,7835.6,7835.60000007244,7740.86578828062,7683.49198389646,8117.09236412695,8402.37860040965,8024.6539909472,8025.98699498706,8589.32335282466,8223.04181252955,9518.0559328591,7294.20102776693,5108.26469070753,5108.26469070753
0,6437,6021.17290075983,6008.45689617113,6257.19231847668,4859.47217436755,4489.27685704963,4489.77657839924,4827.95891775706,6294.53706648125,5595.24813536811,5597.03851143717,5936.36429813641,5962.73434657224,5881.49642905105,6105.40595235542,6125.1964731801,6376.97192393919,6378.16176617684,6873.11866804882,6633.00898607874,6655.15058844362,7572.41272803463,7324,7324,7980,8258.34592445328,7869.8,7869.79999992119,7789.4174462867,7836.36331193202,8360.97859192389,8638.29694412761,8215.31418521896,8214.40426534891,8872.86906928299,9029.95592937702,10353.2412741933,7867.39130434783,5507.17391036933,5507.17391036933
0,6830.32115677322,6061.8142658614,6052.27505203936,6295.54174962438,4932.94784042018,4578.9808096848,4578.67761069976,4885.70498357523,6287.03109638635,5606.37331989618,5605.21000522127,5960.14606985703,5969.95032514089,6029.01487932052,6164.97296140284,6165.56808754061,6396.29410016551,6399.91466979277,6891.05353452562,6687.21733467348,6265.41640721915,7186.62046061236,6984.33517904796,6923.07174236949,7980,8519.19681908549,8258.29411764706,8287.79999979862,8038.09410114581,8121.51690451974,8530.09244003701,9188.71136805529,8767.09486160922,8762.92263537551,9465.83175447041,9227.34807692491,10023.0743138512,7867.39130434783,5507.17391304348,5507.17391304348
0,6857,6494.02625846706,6468.5788388781,6723.96435091807,5148.994409841,4759.31224704498,4756.65847864397,5055.05513277723,6318.16454416863,5579.14531354493,5570.53467927753,5928.91813098272,5896.60194278065,5873.13847481843,5990.1844016717,5970.73080580275,6185.97759249049,6203.53698622387,6775.96890704268,6060.94288810394,5904.00585014481,6903.95421877524,6807.99490592397,6834.54259243511,7980,8385.63817097416,8383.02352941176,8265.00000000095,8023.09469476988,7923.96511732724,8186.60314625091,8420.64992250229,8419.36177709788,8419.96482870649,9019.05043027534,9331.48795633899,10100.9389345369,7643.32443183673,5355.20633078977,5355.20633078977
0,6857,6527.63588256931,6556.24910291743,6798.14808822208,5267.61511715567,4876.81046091243,4876.27300144535,5156.06720821145,6465.03641502747,5684.09801291947,5682.11750527843,6033.06865320315,6034.71737130847,5982.9477621823,6148.06326908479,6135.62215680408,6308.80149303286,5593.67160214312,6143.52172611938,6011.12714774638,6065.40748948562,7055.6414146486,6979.22793216381,7029.44588785553,7980,8454.37773359841,8166.64705882353,8265.00000002337,8091.97908152524,8133.72093606242,8448.45649715133,8391.12363535233,8107.6180597164,8107.45799653349,8703.98140576793,8504.85064249974,9344.05021595572,7231.31191050724,5060.95786782216,5060.95786782216
0,6857,6448.11306403262,6457.65338307798,6721.12051799358,5153.52533186216,4739.38716447289,4739.99823211863,5115.76349514037,6319.08157865939,5637.01671672557,5639.27672558305,5996.8633125057,5999.82673441327,6047.05603731118,6279.25563999227,5734.82149267218,5601.99109172074,5629.59244969124,6270.54753397548,6215.66087081472,6294.22953633855,7248.52808805785,7252.593986439,7277.06485836918,7980,8348.03180914513,8270.14117647059,8230.79999999071,8019.15361372987,8013.93736404951,8358.9918723569,8474.21321932726,8057.8999805525,8058.14133773857,8795.4299548937,8809.17451146756,9773.76239716727,7402.34021043491,5182.60006016849,5182.60006016849
0,6857,6421.60235478368,6424.78246122034,6704.05286840952,5296.22311847189,4909.22806387269,4909.19382557362,5235.59470289468,6470.17850717031,5739.17926510593,5738.73640454467,6060.41959956934,6024.92928464679,5984.7689372371,5522.31147831227,5530.72798688454,5769.96311251553,5825.97437052073,6429.1142750916,6384.66919697606,6401.15126073866,7324.93964743555,7323.53760908345,7324,7980,8541.54274353877,8132.89411764706,8162.40000002816,7946.39516121386,7962.05760090252,8462.48371631727,8503.04836718215,8121.22619610771,8121.91160231568,8571.93810284865,8846.5720350564,9501.36173311342,7603.64765922576,5323.87330244299,5323.87330244299
0,6857,6445.61969835228,6413.82548707345,6708.58139341339,5214.3357589505,4821.83043314386,4821.97785850811,5213.58320571319,6271.54869154792,5554.34863103086,5554.99995858068,5911.84590540464,5783.5366185682,5595.8323523847,5703.18653446975,5732.83622187802,5967.39815674624,6058.99426309519,6544.2921745545,6521.75590440967,6510.88086161364,7457.93967638642,7323.99777489995,7324,7804.32776934935,8085.6222664081,7961.00000002735,7961.00014908941,7780.17374526586,7744.9350102287,8181.82728903903,8552.21943027505,8268.55855992364,8298.06621185363,8599.95903052671,8599.72927115873,9404.25503078536,7058.64816862187,4951.2906608183,4951.2906608183
0,6857,6517.02345375179,6523.38012978192,6823.98504544369,5343.23297190931,4949.6537250373,4949.00226623211,5301.93971296501,6475.374951765,5702.84749540695,5700.47426246475,6120.22208984759,5896.858624269,5675.19420104234,5989.12912139361,6031.1908312143,6261.8203049539,6172.44572052814,6555.34475671421,6445.66890760293,6537.57544184457,7499.42162466505,7323.99998929246,7324,7671.63581183611,8538.36182902584,8228.34117647058,8188.99999956155,8030.67991944201,8030.61889651088,8426.34320231452,8571.84385473289,8232.73698489627,8228.95985456027,8522.40558357472,8534.06349076704,9380.60454074659,7240.74565518492,5062.14176750401,5062.14176750401
0,6857,6485.57631569355,6501.47397388037,6813.54761422662,5289.82862190929,4872.67965298029,4872.86674699634,5274.61724243713,6383.79645205482,5643.775205431,5644.53542368669,6019.46471752749,5854.69213275884,5865.09143076054,5932.08419353063,5934.64128793173,6212.78669942113,6389.7775924979,6964.68325605343,6968.85596598954,7024.70310333999,7640.40020185895,7323.99999994847,7324,7616.0971168437,8042.44135188867,8068.7411764706,8029.40000046704,7857.76000605261,7883.90488653045,8383.22500390156,8516.12149645447,8205.71542181555,8209.00082675672,8579.46681641074,8503.63983549857,9305.14970578938,7208.00176964109,5050.54857163643,5050.54857163643
0,6857,6462.59154608532,6446.69543515068,6762.64969779425,5350.55435830785,4965.36738535148,4965.5203949036,5344.82355656015,6509.45277646436,5774.39728660223,5774.71521913133,6156.20863876782,5794.74078933913,5829.7074537109,6234.8912060559,6307.94335107434,6689.91889130979,6636.89862342843,6974.44998061511,6859.02593264661,6826.54929578739,7424.37661993747,7323.99999999975,7324,7639.98786039454,8083.21272365805,7919.64705882353,8017.99999990139,7812.94236937854,7818.15465287964,8283.4145330936,8686.45715483686,8226.53003153332,8226.39766027586,8569.89388759834,8656.52244587744,9697.89031307749,7256.07835170505,5079.52069494135,5079.52069494135
0,6857,6501.47167015145,6501.47056496592,6804.80931320171,5304.15731410767,4904.84192550024,4904.65339098594,5321.26747251605,6382.0465305386,5641.34484662586,5640.84834861862,6090.54119330778,5995.32143373976,6101.3814453264,6349.91749110244,6339.27282700498,6498.83104264303,6493.35023736151,6964.15718590457,6897.85762820196,6912.17328440017,7492.97399334489,7324,7324,7692.08497723824,8179.96819085487,7886.34117647059,7847.00000004517,7655.01762724854,7649.81694661906,8077.30802936897,8342.01781571462,8143.49661785437,8144.83637798912,8532.26396103525,8438.85789245846,9508.13940881764,7399.26426283676,5182.64381741799,5182.64381741799
0,6857,6472.85801084295,6501.47299991672,6790.76601057871,5320.71493504378,4915.81561202974,4915.80354558319,5297.06909416762,6441.1281834603,5693.91994938261,5693.85909628553,6128.84163021994,6146.24399887621,6194.0710978348,6329.80124595216,6324.55291973607,6444.87418280485,6466.44592683743,6918.24458401314,6789.93646844159,6803.78372665012,7375.87846132142,7324,7324,7599.81790591806,8216.01590457256,7997.88235294117,8086.39999984043,7854.99988865334,7881.0530331202,8215.86172378766,8390.51744860377,8200.45156804541,8197.99699851861,8415.15225730758,8640.80131163417,9553.22805757814,7425.22063239377,5192.69643701966,5192.69643701966
0,6857,6412.40972351312,6402.87338321126,6672.19535698112,5239.19077179604,4853.67056440668,4854.19852960201,5201.67060955327,6293.86489763038,5604.58493947593,5606.42746349736,5957.79050526056,6272.15580395067,6359.92630712298,6524.42239118257,6602.26983564602,6801.95391791414,6841.13019896187,7215.99857274726,7041.7692556405,7100.74915726129,7539.50669017077,7324,7324,7540,7942.4254473161,7696.78823529412,7755.80000028678,7553.04175030565,7521.79003082019,7790.37267113221,7949.11579973815,7542.39111357115,7546.15229737359,7770.63136637901,7673.87579745856,8962.49328481797,6648.4489734541,4661.89840052277,4661.89840052277
0,6406.5536276002,6435.73620214545,6435.73553907949,6666.31997092532,5210.52342708482,4834.3128959005,4834.18099410403,5121.43532427677,6156.73764518274,5462.03408161403,5461.64197126426,5803.71826038108,5877.2081596875,5926.47978973105,6489.89810204874,6832.97111702984,6809.75074910683,6832.84086259045,7241.68243440809,7107.32229104106,7241.70497464957,7596.39010568694,7324,7324,7548.01213960546,7991.98409542743,7753.56470588235,7596.20000003584,7420.27354842508,7441.15855213097,7802.3286727937,7844.14752470062,7605.47603088219,7606.55625823353,7991.96440977486,7909.54073963591,8857.94359511024,7171.35766124706,5022.13770137324,5022.13770137324
0,6376,5990.2405621207,5996.61228731363,6217.35005656747,4793.07489615754,4424.04628019292,4427.13482897932,4705.00467452156,5694.66415927832,5051.2556520113,5061.67571486718,5379.31127178218,5498.26178173817,5618.37375253688,5934.91936574689,5960.00358253356,6025.22679147105,6109.53677935392,6580.51540529844,6441.60919220273,6758.64807986796,7308.7610597114,7324,7324,7503.92716236722,8097.5745526839,7797.82352941176,7846.99999994275,7685.11375470839,7627.69761909017,8032.72742424109,8258.91459584534,7838.23382751748,7836.4751930397,8310.09167147118,8253.38559690847,9173.20386417791,6922.13224602993,4841.35793968605,4841.35793968605
0,6376,5993.7491918937,5974.67297501445,6222.03962734661,4833.3798039525,4473.80926656859,4473.85592270127,4749.8831964667,5733.72540534369,5048.91153054244,5048.96596205504,5311.5234202804,5277.43083373747,5305.83868924779,5536.44126122813,5566.27327032287,5539.72184551019,5478.74608986092,5991.6015505328,5798.10069373771,5796.03287899328,6246.08460518279,6114.43440790283,6175.5489337511,6400.22473796768,6904.3191555262,6923.19527219298,7300.60233550629,7509.63141425574,7692.56313246314,8126.03431429596,8282.3658804082,8050.32460091274,8050.52782349269,8393.233638007,8541.65116898893,9566.28749385294,7328.47258853702,5129.54822287737,5129.54822287737
0,6376,6024.50918797228,6040.4050778925,6315.1088875302,4904.97056592195,4522.41132750476,4522.05143702026,4822.68123407376,5821.14577905912,5135.13498672594,5133.86686175862,5381.04384613202,5330.05763654249,5342.33377751505,5485.61739161884,5455.89316166623,5561.40176741187,5557.71621517793,5906.8729200657,5951.2538907404,5941.44927734377,6354.21485284086,6310.95836878155,6288.99643967347,6478.97219778004,6958.49130496103,6730.69676117186,6647.55680513721,6589.45723796946,6581.82160284667,6989.71386103555,7066.69324981361,6869.04761438256,6852.12080995409,7234.77938630798,7213.99928315098,8355.56456065677,6451.21058827035,4534.11642689086,4534.11642689086
0,6376,6004.70598924716,5985.63043501743,6293.68147170981,4942.9544065045,4572.27797621962,4572.47830494983,4898.47715107046,5900.85647815561,5226.66120682219,5227.21706747314,5465.23912279655,5434.84464351953,5351.38590013855,5578.69081321243,5583.53719432192,5640.58759771165,5674.73129699901,5985.10431492707,5891.17372003231,5894.32304958072,6251.10556906518,6252.08153292955,6219.44015392625,6429.4682300209,6756.91778476345,6725.64114314068,6800.92849222208,6705.78319743706,6719.694404809,7012.87442559068,7314.35552380894,6890.11677722393,6901.03612011197,7431.19330849328,7327.61565324038,8271.0563106895,6505.20658723261,4551.8578404244,4551.8578404244
0,6376,6032.28574476493,6051.36107794244,6335.26112419348,5009.40586945717,4642.38227875378,4641.99865121377,4936.97775920821,5966.44354501901,5273.38812720255,5272.00075996197,5528.1078088706,5459.70166326979,5578.2443607686,5736.88049772391,5758.52813885648,5754.19335964486,5717.01976171725,6004.33688028192,5876.03489420466,5876.81278966765,6219.13366181074,6112.04236607857,6209.35464771138,6343.54571385793,6810.69314874327,6493.65272477205,6501.59509174194,6283.0719656634,6401.89511828422,6767.27922941783,6961.36790783793,6667.63556018431,6684.27243635561,7210.33771926937,7337.99421135368,8281.56978797596,6333.17870471348,4438.26956178438,4438.26956178438
0,6376,5988.80903905288,5985.6309220409,6210.90291878288,4858.68982338674,4507.53289961377,4507.98795279317,4796.26560766081,5698.60705724565,5137.57054620101,5139.3170943504,5442.3966368688,5309.19007096806,5241.6446758942,5347.72380849803,5366.68829843173,5470.37592130795,5488.05910561862,5991.03838519269,5672.18564959909,5670.89605536662,6146.733176225,5844.3977552178,5852.8411866497,6010.34847459464,6433.27595318145,6236.25859665193,6221.44906523081,6049.71563006364,5949.9680823535,6313.95664408352,6724.87564415059,6511.28909449692,6519.20253925567,6988.50699704458,6999.22642826949,8237.17562668732,6167.60437464581,4326.98695088074,4326.98695088074
0,6376,6012.48095024887,5996.58351307647,6200.58298324481,4772.16262806187,4421.5623668951,4421.60602299809,4669.87672662429,5494.59976662356,4817.86789321945,4818.17817821512,5163.05648804559,5138.34597533723,5178.26260359012,5257.21627859123,5254.16005978397,5343.55903010425,5364.48179230804,5735.79593506112,5813.59442211753,5850.65306012156,6337.88600048232,6196.28595499384,6163.60451085068,6377.9414421453,6777.15510217197,6564.55099894774,6569.19404131827,6431.72398832657,6468.16895359908,6762.31718330849,6896.47436889125,6751.59979517096,6721.46842624217,7250.09620838331,7110.41564270353,7870.69899441236,6456.58588668811,4509.21992455412,4509.21992455412
0,6376,6032.28601068916,6051.36156486598,6255.35891514316,4794.43112480718,4426.02666942179,4425.7664920311,4675.54841712086,5522.21350165302,4881.030807186,4880.17382591201,5181.48155248411,5192.82773444024,5124.40958216459,5259.54082796058,5221.95793721683,5316.44228046284,5275.90882521859,5678.39662590619,5516.01653483409,5489.22713766446,5876.45436148391,5812.9851053152,5852.79970382028,6015.49297366882,6520.59390534648,6317.38824097903,6373.52398852232,6267.33053655511,6236.08998556681,6579.07208768986,6539.15612248623,6437.26765613291,6475.43396910721,7121.83798862617,7176.56336708024,8287.25804822664,5976.97904898118,4186.89343492047,4186.89343492047
0,6376,5972.91182288888,5985.63092205756,6166.24431666633,4774.48405878617,4420.84883312791,4421.16088418317,4643.53169283201,5519.24835581615,4889.62543380005,4890.65287917739,5152.55201958978,5190.56957298984,5223.70043874055,5468.12130880475,5484.20931220321,5635.48180880334,5648.23673672322,6054.88596086094,5964.16484120184,5976.32602636209,6466.15696852072,6112.28709869064,6095.47736551155,6276.49644149234,6480.8795038172,6363.21328611567,6331.46101063399,6145.25008393783,6199.66702256693,6543.02732262604,6649.79342842631,6138.73500215343,6110.40217227988,6889.41572805512,6742.38431679702,7792.71460930624,6231.411888974,4369.34886677628,4369.34886677628
0,6376,5957.7022801429,5941.80594819384,6137.22204656143,4701.13087953137,4341.30462285029,4341.5964675938,4597.53169897463,5409.41584349632,4772.78395221474,4773.89051031743,5031.92032257007,5031.4423697512,5031.6433331852,5218.60950816909,5247.65961635413,5404.56537880379,5401.22476561177,5846.902702013,5714.60435051019,5725.33727581003,6138.66495415845,6130.36484022164,6103.12014311585,6342.34352287987,6772.32422149268,6405.52792655059,6411.1795989283,6167.75609706471,6171.20390252904,6484.94697539453,6745.50193139918,6573.52162744104,6576.66303567371,7255.79332295665,7414.53914145739,8019.86479243241,6378.99709858913,4459.02075141615,4459.02075141615
0,6376,5993.40322690774,5996.58156494926,6225.26171101534,4819.64062084271,4453.70390448397,4453.32467077767,4766.78989097981,5534.70142800517,4921.35180410773,4919.89613535152,5230.15760891771,5170.28727022071,5185.78766401612,5253.45933027075,5248.6812152118,5391.15356587772,5392.92040492612,5776.47719492709,5696.21091657014,5695.62712333895,6113.29357585176,5886.39821885666,5943.85978652622,6121.94546170932,6601.46975362335,6384.21501303098,6377.61017698067,6212.09365513487,6161.11744599587,6434.15114742066,6518.93406057227,6327.81229740972,6336.00334668483,6768.96645299329,6927.54606360066,7743.63403169455,5754.52120861393,4030.34323017292,4030.34323017292
0,5396.44302384575,6014.24325504489,5985.62848694019,6209.60482324199,4818.58963517698,4474.73180776133,4474.75974380094,4729.20098648287,5513.46858227555,4913.48606810624,4913.536221423,5262.96909951201,5155.48514525385,5226.4602549006,5301.02478011159,5297.30406618861,5433.56644547938,5424.66183101862,5851.53899118516,5685.35675418008,5659.53055690718,6066.07762689576,5902.14033433857,5862.06292175384,6023.76936387095,6255.66055453077,6275.17386309851,6232.92561370241,6114.33856041837,6140.13232887982,6402.05539782105,6493.17687928645,6254.04352567147,6262.7598687039,6555.6611162836,6603.575127065,7451.1421216029,5815.82975259492,4073.82234644543,4073.82234644543
0,5330,5087.93243927167,5129.29113152957,5305.25652331833,4100.78659285314,3793.09257439248,3799.11740111064,4003.00422879153,4778.22225233168,4238.01853213363,4258.01294995528,4581.85652668867,4578.63634807322,4614.29459085136,4838.61820518344,4880.27077293819,5142.88174777682,5155.05332665633,5507.23901906914,5606.26356729183,5636.45329806331,6032.19610951907,5944.8471008726,5947.90952101978,6117.06527138234,6563.28682935395,6195.89960718007,6241.41087731217,6040.08937078669,6114.65401413383,6291.99756317999,6649.10690165643,6179.96304459118,6162.40779292509,6544.45370835071,6406.17124735442,7088.13657338902,5554.69671499682,3887.48589800079,3887.48589800079
0,5330,5005.88611819937,4986.81233325921,5134.16062246792,3934.32742816323,3646.73544557507,3647.55934563852,3864.90851973668,4606.85244532795,4054.72247561678,4057.69239061318,4344.22224779192,4238.02877532719,4287.99051422323,4449.12246273236,4451.69914668302,4713.47096036559,4751.19569644265,4995.03124835832,5062.69681898409,5119.51604520062,5550.41729862735,5436.38080515445,5470.77806159084,5659.15571686403,6071.23097366277,5930.0074766795,5948.0617055855,5790.12284324672,5756.85402335604,5986.66451574271,6258.26016078526,6123.5083242695,6160.31057609856,6555.83794803911,6697.86025355402,7248.3353230692,5651.73433384203,3961.36242454685,3961.36242454685
0,5330,5046.18151777622,5052.53907807577,5219.24288791308,3970.35392769355,3662.2807081295,3661.95711831416,3913.57913802489,4655.22438652752,4134.22264366639,4133.13699556432,4473.91299146813,4343.11702781888,4368.92307502052,4513.82875656896,4519.35523416935,4676.56029832129,4695.02166608565,4876.92385011311,4800.31955531964,4781.7068364423,5208.66116988401,5091.34454511226,5101.3338478437,5252.97870306974,5649.69208473058,5584.12301591322,5544.97029025762,5429.48952574721,5502.78676299588,5791.96752247853,5920.10019726023,5907.73602717904,5952.51461139366,6241.98478320851,6330.86138507824,6698.24021854306,5304.93179687002,3719.73915138535,3719.73915138535
0,5330,5040.16886160689,5030.63097394701,5220.6562272682,4016.005443017,3714.81585752401,3714.86008952889,3992.76450311937,4679.89084127282,4156.84740371014,4156.8893005001,4514.01425833367,4409.3798491882,4330.29570701072,4471.81926762817,4448.41377257724,4602.48145260446,4559.80436550025,4891.91067779699,4653.16441015298,4661.55667926842,5167.23101811065,4994.85210241705,4984.20419229065,5157.61145683605,5375.51133502341,5382.31467242733,5430.50378475489,5276.3553588511,5287.06812050235,5613.15566785319,5820.2863049307,5458.56740729772,5467.2828012745,5857.08683821552,5752.95819576212,6348.30272601253,4679.69749117401,3278.46534701655,3278.46534701655
0,5330,5050.7794291433,5063.49653896289,5244.78795992881,4052.42343843892,3749.91096287893,3749.71911274717,3952.08787744911,4698.26159459913,4152.78916251516,4152.09533109388,4455.3199001669,4471.1994276832,4509.63710009201,4693.05963449292,4711.86413144703,4906.19358697566,4936.71741937065,5250.52416279126,5172.74867011867,5141.81381795569,5520.70385782734,5490.9264005529,5517.73123486584,5668.20725455327,6057.90783930157,5749.5684476039,5705.00326385611,5515.62874473425,5444.42384804893,5671.285393843,5823.53818844952,5738.69870037051,5696.89116470239,6045.00827307249,6088.87991760892,6836.69433580507,5195.17879712942,3633.10213069481,3633.10213069481
0,5330,5035.57228006103,5019.67594804393,5211.06785269987,3994.88182605039,3692.40182171376,3692.66946424626,3928.52897637293,4561.80909433318,4033.30806501576,4034.29304820804,4282.54638623748,4132.08573563007,4172.97629059617,4320.0927765063,4322.56148354924,4472.71838465025,4492.24945256291,4788.07621230455,4785.17190468759,4835.35563911381,5221.67518010726,5012.70144619055,5055.92408066981,5225.59848548325,5623.51122829943,5491.4700749422,5569.62651403928,5479.27779555339,5513.85173063343,5788.87407511015,5886.73037022371,5570.22824610205,5588.33233283875,5850.96077233408,5940.23859853836,6601.87371400629,5199.51985693796,3641.87708150744,3641.87708150744
0,5330,5052.19656750003,5074.45156494926,5271.08332391875,4083.06345847077,3772.37723764209,3772.03375996722,4007.88526710295,4685.51169821039,4141.12876010464,4139.85286464251,4410.93107401429,4266.6884946952,4271.90818424299,4411.95363716598,4393.36123396258,4493.02190664269,4486.2036794836,4857.82601262151,4643.8960050184,4634.62654450083,5130.57555407682,4820.60661746878,4786.1244587313,4966.93262753439,5319.42165048154,5143.35937513812,5133.58072924666,5067.52304254138,5069.55417598912,5351.26413771393,5526.47654898895,5392.9883344948,5423.13404975781,5656.43308560464,5691.84856518157,6451.44044421645,4880.66442088528,3425.78906376496,3425.78906376496
0,5330,5026.37885091773,4997.76540908103,5217.18309707187,4026.46219915414,3723.10639174341,3723.51812658661,3942.85901296674,4644.34097460558,4096.70926447836,4098.14771441236,4319.5803730888,4262.19404713162,4178.89365069697,4352.919204733,4392.85175949791,4548.75790476147,4511.66531317377,4809.40158664382,4765.78853833522,4785.98126991103,5265.12877740967,5147.06062093599,5164.49332073149,5306.33822154684,5644.43152700969,5584.18159044137,5593.63169493243,5496.27364284252,5484.07742741755,5807.02428182977,5860.3231514498,5597.31867732327,5565.7752435603,6027.83714626802,5700.10013214511,6746.49554444675,4967.05241396632,3464.90299691239,3464.90299691239
0,5330,5077.28694684671,5096.36161690533,5282.21168627277,4131.45427138097,3838.99803686371,3838.41073519406,4009.3265178179,4701.01517164859,4193.77200781634,4191.63138988962,4395.50345663809,4391.16377547683,4356.8659205414,4388.09137819795,4365.45628981736,4576.74899755327,4585.09594573298,4803.80519346617,4713.22371596172,4681.93454081493,5045.71109613976,4979.58200912548,4939.56294232276,5053.78495762523,5387.03143286976,5115.41724139778,5144.49011387601,5040.3166846975,5092.49296272027,5385.93521663899,5640.93408386513,5418.93725676665,5439.82505610372,5818.12129330594,6199.52760171199,7071.35375329116,5683.23263191293,3989.35965699819,3989.35965699819
0,5330,5024.27270932173,5030.63292199093,5175.31889717356,3940.71234405207,3639.42749740311,3639.95395178601,3871.85124243516,4375.50051219739,3898.98212430572,3901.08787587202,4186.2652349764,4199.54143631159,4206.92380832968,4379.12499522322,4358.13631334192,4595.30076533931,4593.6362036576,4907.49927139702,4775.43903882087,4781.62483445298,5214.85248424498,5010.75892088399,5027.88034437929,5163.05265406372,5436.99116333962,5342.05658142432,5273.7432156723,5213.78243085811,5076.69419859435,5293.88503770745,5512.57137515569,5271.94731243641,5268.1111359322,5573.18606528378,5385.77745966994,6239.72970055087,4754.31609275412,3327.71072645619,3327.71072645619
0,5330,5015.07741848143,5008.71897414689,5165.40282983631,3955.49211965272,3658.848361745,3658.9289438812,3865.22001349151,4438.2715014713,3903.83511251582,3904.05973654485,4210.00755058274,4184.74086698869,4309.91874202357,4526.70141366451,4559.36036401436,4743.2476901276,4791.09368759101,4958.4500745411,5001.47261503066,5023.18743866762,5357.30563161267,5264.54227320524,5294.29403742025,5453.06588148331,5664.94255530192,5474.12172501164,5537.88186214921,5491.97031496773,5560.34423247866,5882.9665382929,5967.59760985757,5705.60058867131,5685.39706166859,6002.26794738336,6053.72154534,6735.7278893097,5289.76857695046,3695.95855406098,3695.95855406098
0,4269.90583460172,5002.01447894902,5030.62902598637,5175.9209768933,3987.10903564291,3682.20490459899,3682.07703902095,3914.78692052904,4460.48519752074,3932.86967047983,3932.40732623504,4199.4387730872,4007.61175615134,4011.39185878926,4099.97682683307,4125.17866743493,4238.43765073149,4228.74690778737,4506.65608342484,4293.25705624977,4285.50707971233,4668.01851552507,4452.58000104198,4450.19954611137,4605.95284407113,4969.09611441688,4803.72752084837,4775.00346257763,4732.47763412301,4821.47718403997,5148.24258980928,5367.64537829865,5403.63618015139,5467.50436326158,5825.82766310528,5861.91010150216,6763.39018666226,5053.00375153232,3550.58975942273,3550.58975942273
0,4198,3908.08708073963,3898.58095551807,4017.2925722808,3131.86811511768,2908.85717765402,2916.37336351485,3141.04134303145,3858.18561324941,3418.31497264644,3443.26923991359,3791.45578693226,3766.79840188749,3766.19283475275,3933.8776525136,3949.80618437987,4177.60761522804,4176.63149474305,4333.2693475458,4430.64329836264,4434.01114620354,4819.52429292591,4655.44738813492,4668.37764877784,4790.95306203788,5018.4492074819,4926.66365013053,4948.64514407193,4811.7501538136,4835.13022634382,5162.64230579536,5088.53563384325,4840.68375849743,4817.16381341529,5155.84063695624,5181.60750915019,6177.40474476593,4751.08362763049,3323.25479620589,3323.25479620589
0,4198,3918.65943045049,3931.37654135644,4036.03355632516,3099.00100668573,2862.16984702434,2862.06679022069,3033.27836826008,3750.38363493827,3344.78970476489,3344.54288416983,3604.65850193951,3646.22946966295,3706.7079068383,3852.62097891072,3858.29953786015,4052.85385494735,4101.97105001496,4314.46823289776,4180.61740125916,4205.5398163165,4548.93263652402,4449.42189231084,4430.34948604595,4557.51871432438,4796.40735418128,4701.27979257738,4674.86750831424,4615.04028104483,4548.2480776073,4877.2632886831,5081.02502992611,4855.59973525722,4882.09594887049,5197.27538630628,5235.82143269975,5829.19762615926,4819.74670066069,3378.99593797327,3378.99593797327
0,4198,3925.7083827034,3887.55594804401,4016.28925054924,3072.38915504565,2847.85140195648,2848.07140343916,3020.14401519281,3627.91839396018,3217.4846600571,3218.23016503117,3431.35490423184,3355.67136158915,3352.70394959751,3503.90078053027,3509.59320042064,3608.59986862383,3637.3837178325,3803.47519389631,3813.40459072972,3818.14683008298,4130.33878475697,4120.83278933636,4111.7787315162,4245.99372096672,4498.48414403079,4427.71079174736,4455.85203243568,4436.68740874865,4564.6009465089,4784.91215192162,4901.92300869353,4862.0205872394,4881.46080342762,5131.11576971948,5191.17032978932,5759.82176168851,4324.85366480031,3027.95261283031,3027.95261283031
0,4198,4034.92002446379,4019.02015578494,4212.45196860865,3196.54752807799,2944.9633972622,2944.24369166001,3182.41231664465,3683.32231267538,3274.07466715568,3271.53904413482,3545.37424558128,3541.99016779593,3453.45831592269,3589.23648627068,3562.29580084622,3626.85527551392,3590.08621185835,3776.86422300302,3733.11966298538,3720.08424568319,4114.20317564029,3916.9393034245,3982.7910837263,4096.27130906314,4336.83489882777,4233.7703953175,4232.03739382527,4129.96142089841,4112.41709553666,4312.23759935744,4353.25895110753,4137.12196139688,4155.74985666108,4541.78643646709,4463.98977615397,5448.85354085637,3967.62074596952,2784.22081128751,2784.22081128751
0,4198,4032.47190794676,4073.80356468274,4238.3143556199,3331.82301517639,3090.61262439921,3090.19691982767,3297.21590764199,3896.43633159851,3403.82954211729,3402.19048707748,3695.05937062167,3720.37970600102,3775.9724657008,3918.82039987384,3954.15204635161,4065.4602379035,4046.95215186153,4243.01403079185,4185.76990219503,4183.13003056209,4576.88483531984,4397.96354553031,4358.59312209496,4420.13592250798,4641.86848568294,4573.85852871181,4554.72743035554,4427.78970720363,4372.42312936308,4585.38342636385,4632.96631838891,4415.20834143803,4384.71341996254,4645.78266203308,4773.50800865528,5727.95598884058,4492.43482309876,3141.48602028624,3141.48602028624
0,4198,3934.56090091362,3931.38433122187,4052.07401606362,3108.17685528967,2873.79715990787,2874.69994059982,3028.52288376962,3680.85816958567,3295.68712528203,3299.05288487591,3528.4869037889,3573.4784292931,3573.13636768477,3639.41427448119,3638.65910748954,3831.59749605164,3831.42290867675,3997.39028735454,3984.01839498019,4009.32259064068,4464.0610778216,4252.34297188118,4283.41848098942,4369.59415139829,4665.97587548401,4471.58622840713,4481.01236265051,4394.28959486896,4448.8094659392,4698.31681104485,4819.63615949779,4632.26782622555,4632.38000610486,4957.63070479142,4766.01459360368,5519.8030439286,4371.92168799504,3058.16680404167,3058.16680404167
0,4198,3932.7954044356,3942.33351319307,4041.60180069193,3122.50748542807,2895.60738498979,2895.53211582725,3039.48619600153,3602.6605122929,3164.79237445206,3164.50466224069,3346.44263743869,3334.84941997754,3339.45415072588,3449.01314594911,3431.75581019777,3587.06618965892,3651.04185477089,3888.3836860495,3745.38292010833,3756.81556065051,4147.6244059797,4142.85059126639,4089.51018104828,4195.73209633413,4453.48884844744,4439.95594662548,4442.6644161689,4338.93284912888,4329.24534551378,4525.21838827852,4688.08313703378,4512.14924134919,4526.00081392105,4936.52054754879,5022.58643991071,5818.00816436307,4395.46841481091,3078.19208692408,3078.19208692408
0,4198,3938.08178703889,3909.46746105377,4037.59001860094,3043.42977545337,2806.46118854291,2806.71264375403,2960.80566586365,3557.63140537899,3145.60456525978,3146.59797271734,3343.36569359458,3439.07734312277,3379.46117097172,3582.472118053,3563.26776814453,3601.77373299253,3589.88591788686,3874.89278498757,3765.02244848194,3755.91382658593,4162.70255036581,3983.97252865769,4060.87681610926,4118.06022213037,4442.01117509512,4271.51029747084,4314.14002110841,4297.90126043926,4233.30606718427,4405.40576149389,4566.77969071084,4384.30888495333,4396.0692277457,4799.02726017515,4770.41357667891,5641.07577455456,4333.70529740511,3035.42440198585,3035.42440198585
0,4198,3995.34983327955,4008.06561683871,4135.96407323009,3205.41534186351,2976.55671383026,2975.90967476993,3116.60629770702,3706.96554515154,3285.19746968319,3282.75646855202,3472.55829557204,3550.95227758266,3549.67610056577,3753.01192236317,3779.54290265475,3799.26690455702,3803.875812127,4009.37212687499,3997.99781738541,3995.38728959863,4512.38840275678,4267.9382308912,4178.04872798824,4266.87248621747,4457.01255826287,4391.46453218331,4358.70883065337,4350.4225133211,4376.65266294945,4553.62732676477,4608.03806181031,4482.23093300973,4468.08322055943,4866.44616481056,4874.32596649453,5934.49386037535,4420.69512129109,3095.34154515352,3095.34154515352
0,4198,3954.7087341295,3964.24794794398,4086.9812503411,3091.57148391093,2843.70916140658,2844.0599604859,3041.91047853751,3546.7896746655,3146.17131153718,3147.5741126386,3383.66384179634,3409.00943464574,3495.28201016154,3614.73723931866,3627.8166082746,3682.7106382673,3666.08391445204,3941.07439008486,3821.01573358533,3814.73136316679,4325.00720006766,4264.66507681986,4335.49517708175,4434.02526928933,4767.26547216201,4571.71719453505,4587.32883982757,4501.12468013641,4545.27595314136,4789.29935522021,4792.99571279097,4647.56393009897,4648.76926636829,5034.25060591737,4998.46012019288,5887.2035242814,4694.62037206224,3275.75354540517,3275.75354540517
0,4198,3934.55824120743,3931.37946113705,4072.03965318237,3161.42132891023,2927.25151325678,2927.31247712837,3112.49947629527,3635.10347902934,3243.15065179146,3243.18633860873,3467.12575629438,3555.02394447599,3433.08415125091,3519.78853904307,3504.58754462323,3587.16321671714,3587.80011834509,3717.10719409527,3798.79997805076,3817.03796696358,4210.67340613691,4118.18105332561,4131.50519920336,4231.17192586701,4508.03647417157,4424.74238406125,4438.31169147134,4360.52875043692,4351.87013107208,4570.00157558158,4738.6090252457,4447.21978983335,4443.8368502028,4776.88645212006,4873.69615467035,5428.29927245838,4398.39638295719,3085.22002436118,3085.22002436118
0,4427.43734145104,3955.05150698696,3942.3335130265,4133.7953487314,3172.7749680797,2917.27800583816,2917.23794461921,3156.84984325229,3547.85227255985,3136.21732313785,3136.10639702342,3339.94293762721,3465.66231244667,3525.40978968141,3648.27992562343,3657.71370155342,3728.97317096437,3736.3860121322,3946.75671161388,3771.1440051267,3767.70038036932,4146.42318150986,3961.50401516684,3926.55516484471,4015.37301346113,4284.79623996914,4184.50892214671,4148.4167778481,4080.33881302417,4067.51309814943,4276.40822411,4307.27036476059,4291.80942592142,4320.40748406008,4548.0650411806,4662.33501313701,5408.4401662563,3966.68886458986,2786.18817771333,2786.18817771333
0,4443,4193.93685106429,4209.82664356495,4380.32228664897,3489.55502559102,3247.87263365156,3245.96118440185,3412.31772458471,3914.49867498989,3445.93348827216,3439.28608156286,3615.20108443194,3646.67529591135,3640.60392852382,3676.70463358441,3659.64656974218,3721.01150395547,3666.87174259584,3839.85204726867,3762.1290687768,3762.46397037557,4053.14507396383,4007.11813551231,4016.66346005396,4084.71365212399,4340.78703174035,4317.38137710483,4317.99545397333,4343.78242249372,4273.85280922866,4529.42530637,4695.05132864543,4322.52383380504,4310.41406134163,4502.21279109383,4431.59558843149,5092.79616650135,4050.20362420132,2829.12148720664,2829.12148720664
0,4443,4155.06432958851,4155.06543455794,4265.04389010677,3281.05501204343,3039.46095813108,3039.9463576595,3150.48644446181,3638.61474264011,3237.60452274828,3239.5938705502,3385.11429292062,3441.17605572742,3454.34541831687,3568.41782929986,3580.934621032,3814.55784499462,3796.75321733336,4062.43623948379,3901.94839531786,3901.91368694833,4207.97762735284,4047.25642869526,4035.01087681069,4140.35806406148,4289.11135304345,4240.76156711643,4216.36098875501,4254.68998769984,4300.36176255098,4566.18240328496,4693.82763038247,4600.3146946208,4591.12455211592,4887.08978074544,4810.33041813859,5443.97374962806,4160.75927982633,2917.5798649897,2917.5798649897
0,4443,4190.03687562628,4155.06300008327,4293.81837651816,3250.41777798562,3006.64372038513,3006.67981043673,3118.64156363834,3541.38322314718,3120.81116463795,3120.99292549345,3239.9956167934,3239.80934230658,3271.42387400399,3400.11773886672,3374.63091727674,3640.46388210779,3679.75488260546,3915.35448389683,3875.11625602773,3910.94204674162,4205.17812005478,4130.88981256075,4141.64268340035,4259.99708047862,4640.85789110044,4397.92336727848,4447.22894355939,4423.8582556463,4410.75492656998,4630.20587236108,4761.06583445221,4599.53282455506,4581.43957214206,4907.37109469773,4911.19521029973,5411.89394451859,4259.79340814843,2977.08608804923,2977.08608804923
0,4443,4259.67885806003,4275.57364274179,4443.56781339074,3397.73756087165,3135.4508358078,3134.74726515253,3298.01607295196,3637.62160062669,3253.4519669147,3250.90712021408,3404.63998104704,3393.56297584373,3333.68687698655,3519.3584092752,3521.59641167249,3694.07026783664,3679.14899595423,3902.7664872141,3760.38654180483,3746.91838161907,4082.40342662935,3904.00898096728,3908.45924233439,4065.65134383757,4269.97691706248,4273.27532082301,4250.85113023129,4240.96416252013,4256.28769714975,4463.7831753103,4582.59573811849,4364.10855431163,4392.06916734582,4834.82525965767,4775.956047613,5449.65747185109,4054.70547494432,2843.07523166881,2843.07523166881
0,4443,4198.54422715164,4220.80143493414,4348.7073102459,3377.47012081842,3131.52107092184,3131.78078175241,3305.93788956401,3646.05526951555,3203.95071520654,3204.80525538263,3424.79012859014,3459.06238705962,3461.86125735309,3632.1145557544,3630.19070135251,3743.10183747465,3825.95958479369,4042.54296091983,3946.98947497375,3922.7358008351,4198.85411936342,4181.8799263244,4130.26775765346,4299.02544724947,4562.03568351217,4435.38661935056,4462.89310490436,4324.69887287502,4395.82576578584,4610.70922287813,4742.93448505904,4558.12070485265,4542.7444816999,5007.37955128838,4989.38691404326,5560.17946857934,4387.00023933272,3066.39074524542,3066.39074524542
0,4443,4169.54440777408,4144.1104092476,4260.16250602236,3234.83765814993,2995.25545893102,2995.76300209176,3110.43648275586,3558.34303540076,3146.86666813556,3148.78669792753,3351.49663104759,3479.14626722966,3477.60308898205,3645.36169837558,3678.63494505635,3665.16923497592,3626.772708884,3955.01461683434,3784.78586841575,3797.88173641088,4020.08570903084,4005.41629494655,4016.20346030727,4132.06978841345,4429.55978781114,4336.60553350636,4296.96755369385,4153.19569975031,4111.19195153931,4450.18087526794,4505.51266896441,4376.93586423787,4398.10361621593,4736.18542577307,4906.96259658467,5567.0898938829,4189.34105924561,2934.17416146692,2934.17416146692
0,4443,4215.85565606013,4231.75110392881,4360.40546667832,3322.02486882879,3066.92382915996,3066.43631786,3232.74580987842,3576.70780879608,3140.85342217719,3139.12452280774,3315.62262547375,3350.58813658927,3348.96640277611,3437.82041209289,3403.31819464847,3502.98481347847,3485.85198811641,3779.3049073119,3726.12518475352,3749.95989977246,4073.62121305664,3957.0247802505,3954.64546003048,4080.08934553729,4359.61710946506,4276.65993746019,4273.45908388072,4216.68061667172,4223.0330350574,4512.40932263392,4659.50987916278,4542.29321672388,4531.11768827172,4818.87015606243,4714.65403338972,5529.70408538936,4183.08640765785,2928.44132395145,2928.44132395145
0,4443,4154.72022717893,4176.97743498411,4296.29728884495,3307.30160879505,3052.00945527285,3052.28123661942,3232.44584641801,3636.70064685739,3245.13497861884,3246.0498408795,3461.1806468997,3510.75772027158,3555.58432875068,3753.74468761896,3750.34810484859,3847.2943876041,3859.28719025017,4065.89213066274,3996.16402776372,3948.34950830501,4184.7155364776,4164.55766196737,4208.34104641599,4302.86446386336,4608.35977298509,4473.11472912267,4479.96225067423,4337.30759956278,4342.21308188441,4630.39535310308,4738.73596370724,4379.79770112029,4373.27893694315,4852.86913694694,4748.01162779566,5629.26135988319,4306.6315769542,3012.06473020752,3012.06473020752
0,4443,4103.46430513175,4100.2864092476,4207.60732322601,3264.22258065973,3023.87329374246,3024.26160930354,3194.55760138971,3572.03313586301,3148.7167523846,3150.03764060538,3337.70309129107,3386.74608151636,3338.23926631485,3554.90531966535,3565.90313470891,3629.04181132554,3651.67980392369,3847.71922087318,3825.0920919675,3842.26492990293,4093.73880011516,3956.2050583301,3937.66419996202,4033.79647399188,4255.5751518098,4294.40616684874,4308.64013379391,4191.64471734424,4191.41210018772,4486.32742017217,4718.01858634503,4641.85814078063,4650.04769174863,4974.2176785065,5198.20934147751,5961.70604343039,4683.50340928723,3282.97222972028,3282.97222972028
0,4443,4127.13595025797,4111.23851309313,4226.60357467705,3244.73021638722,3002.8296866861,3002.80176836404,3121.08866457704,3524.2281359116,3145.02098655239,3144.97086690653,3289.2537577639,3428.37718170011,3434.86588150828,3619.69147212959,3615.31927709694,3668.0543510815,3632.39949268152,3846.56591200002,3748.08861722602,3764.49108417911,4085.90386354626,3907.63379822912,3918.54727294004,3994.0517535668,4274.70892635629,4086.52971114865,4072.4587842337,3924.48970864979,3981.88790628622,4238.71555502967,4357.65301544049,4231.6707816567,4245.31043489705,4640.37434529065,4466.9293153,5294.42991982339,4031.30559512781,2825.51303592739,2825.51303592739
0,4443,4166.01767009687,4166.01656486598,4285.33111944397,3294.8611251739,3050.60133656692,3050.29342267202,3168.04567871335,3438.86416434909,3058.9690674873,3057.87249971373,3161.03945637149,3186.23693987324,3235.12339899209,3427.42449504075,3439.47319560054,3562.49351454986,3584.58710024367,3814.84437855857,3721.11796180794,3719.30336920286,4051.14910362921,3980.30982145578,3985.43554632787,4081.36174903131,4255.05478171804,4294.53704713826,4323.0339862768,4134.29560766533,4098.76084879585,4353.55528404389,4415.25222656878,4256.19080550674,4243.47804925627,4737.3002315316,4748.68454343755,5281.09634470156,4285.27526712294,2995.71409560147,2995.71409560147
0,4006.60081177067,4150.12178378142,4166.01899991671,4256.62921487998,3271.66916723251,3029.22037904231,3029.24401199121,3129.3800549971,3375.32405530529,3003.62616859717,3003.74502292423,3125.41220379639,3067.83937229009,3140.48153249747,3292.66704044296,3302.10146769971,3401.83898739732,3397.43264127186,3737.07788150628,3573.71045295729,3596.92874972065,3939.84571307282,3854.28674542816,3829.66086027918,3911.94761656095,4159.23891759634,3986.49384627068,4006.51544183151,3880.42707945287,3904.2934291642,4117.87521209191,4378.60956308176,4107.50230823775,4117.1229743767,4556.40464412392,4630.47548448138,5133.73079987644,3908.91963366676,2741.12323622084,2741.12323622084
0,3977,3720.77117232645,3685.81084033865,3801.28148226992,2873.96381492435,2656.20226283248,2659.42274824273,2772.28082270086,2984.47425174091,2655.72761480294,2666.51904629901,2799.09914658848,2686.90265371191,2753.32841049178,2941.22724088162,2977.22605170123,3100.73701725293,3158.83763849008,3286.45037262751,3447.73114526292,3467.1162481055,3762.9442526856,3797.99794534647,3834.217948978,3888.0693172537,4148.00903062595,4045.80373625678,4092.6212056728,3947.84335373448,3974.77509557507,4141.18925294516,4212.81253720358,4226.38572123499,4218.3513048481,4416.22478393569,4576.44021234499,4998.58461923622,3918.82995186072,2739.75568816641,2739.75568816641
0,3977,3787.2174153828,3806.2916437624,3929.55463272608,3028.40895971554,2804.04325430458,2803.31810801959,2901.96790775395,3102.34313564474,2740.66595208523,2738.01298193493,2847.71635342865,2714.76059977032,2683.82377056246,2761.22485465854,2739.95861486699,2768.97749799804,2738.25904023853,2875.64660868997,2778.37318327353,2778.65627676212,3057.10437974935,3044.46921245287,3048.58609478046,3126.54602950595,3336.14155175642,3239.39786170865,3254.97530196735,3238.56302345295,3242.41057417061,3448.29955324782,3587.74717060125,3426.77385740061,3499.1427636999,3738.85359094825,3758.56572791773,4360.08531309672,3279.68771928168,2311.16698992163,2311.16698992163
0,3977,3734.20370930356,3740.56392195765,3829.20151000662,2929.41714757742,2712.72028939188,2713.12741466366,2779.55731359369,2996.98076556172,2660.23492941117,2661.74040961745,2751.40292373601,2670.12746945091,2671.86946805628,2815.71026187035,2834.22569948867,2944.46393829641,2938.45662918877,3194.90420756998,3021.04580288834,3038.04350068734,3268.49185148967,3262.49889708092,3281.39489065608,3368.14047187593,3629.1324974089,3548.89241083746,3478.00152306404,3449.68973400029,3431.01022243779,3602.38322590227,3668.69119439209,3569.56247619841,3546.83289735366,3713.9762128708,3748.36158957857,4186.59654651938,3356.73537794804,2347.28767957386,2347.28767957386
0,3977,3715.47008877758,3718.64997414689,3799.99243198724,2886.73954537249,2667.34500365206,2667.4970556493,2762.37746497965,2894.63407834032,2569.13063825758,2569.71484628326,2657.34402408205,2513.23500303671,2546.45190353409,2651.26958717505,2649.58264246352,2770.07101891718,2797.33058202612,3010.02978692848,2970.90236739725,2982.26023747937,3114.93919395954,3132.52539344918,3155.80079889379,3251.96855152779,3474.75476938035,3460.20517196869,3529.0275337981,3468.32896073938,3519.8637262752,3782.69110704326,3868.51343890808,3626.25821815726,3624.34243442841,3819.59193098424,3757.64766341296,4260.91849103914,3181.5814805189,2227.06919827529,2227.06919827529
0,3977,3704.51382276239,3707.69348705679,3785.011221335,2892.61725641492,2677.14084067685,2677.18105943462,2809.02316266063,2912.65550390122,2584.755388516,2584.8672974621,2742.12406905446,2578.84165728707,2554.9845088828,2688.77367679474,2667.14843514335,2718.89865958329,2728.17605271107,2909.16538719405,2819.93692984254,2824.04590641502,2963.69591644923,2818.19289921723,2832.65826477553,2948.45372780738,3243.6633384014,3044.73834162659,3046.77358040505,2972.79976533239,2985.37694036044,3248.85448689268,3387.15876913868,3403.77316726026,3433.0030133888,3825.60512955977,3753.71007908032,4343.57287022357,3347.40608761141,2354.94022791121,2354.94022791121
0,3977,3712.634482161,3696.73748704013,3802.15199549395,2877.69613407987,2654.58109381699,2654.65701030524,2787.73367091879,2907.91161466326,2570.78889071191,2571.08027606606,2743.85456543096,2670.55596248167,2666.21057080049,2861.73518583886,2870.46628623446,2876.5844499341,2890.80646154005,3114.28688927174,2947.07805289189,2926.43054590337,3032.47873949405,2931.3169106791,2929.88987529709,3051.68077170529,3290.12064765586,3252.13696565804,3266.36468891969,3201.96754899396,3137.10753972608,3328.00976365883,3434.29686463796,3253.74461926319,3253.28270087315,3578.30541595474,3721.84127601382,4151.51806032537,3305.08963644085,2310.21095000319,2310.21095000319
0,3977,3738.79789717659,3751.51456489929,3856.78073241636,2985.28545148621,2767.15106598059,2766.77168531489,2868.72223284562,3002.11433915291,2652.89450961878,2651.43831314212,2770.01319021414,2634.86855914331,2668.37664013395,2803.92206291182,2813.36559195512,2816.79275943748,2775.20977174873,2934.48465396479,2915.59544509002,2916.59406442262,3068.03496596654,2901.18422480515,2882.79714715727,2963.87994453571,3230.47370723027,3141.20612113589,3159.0111556837,3127.50637098364,3190.09357061589,3389.44040081273,3428.72372927875,3345.85874341509,3342.89515944245,3744.03246554606,3543.17451175126,3961.77177797275,3025.5367833303,2118.14771928779,2118.14771928779
0,3977,3707.69406386974,3707.69494801061,3785.01427198534,2891.19930237051,2677.34594374462,2677.64923280754,2778.80394784082,2880.27379920919,2556.82435302618,2557.98832976625,2684.14498445122,2549.04000407881,2507.99104963926,2644.55704578959,2631.98373678618,2736.85939925013,2750.96396092321,2867.23488456926,2837.25406891835,2857.35130745088,3075.98523214052,2964.90114258486,2956.78757994258,3012.01408035027,3266.10125727323,3149.12546387467,3108.27677571094,3031.39740297341,3024.0651361637,3182.82094336841,3348.31380649999,3131.26317725428,3125.09903234575,3484.74109158651,3692.75547702064,3937.76708483989,3169.67567582215,2220.13502336506,2220.13502336506
0,3977,3707.69300003639,3707.69300006663,3773.01020444033,2867.62490645888,2655.47952248536,2655.50357454068,2722.73089389318,2836.78745695137,2517.67781630713,2517.79880175537,2635.57508455462,2540.17996242214,2583.02455445967,2751.93711881384,2768.8803867742,2827.74445048259,2843.6098350271,3018.23206831963,2838.60331959664,2836.0646355173,2998.96852466571,3004.1566216602,2990.95416315194,3056.14119926694,3256.1316150733,3179.72251323237,3188.09097511718,3077.50977620847,3088.3452966552,3232.60429873473,3363.54699547054,3256.06091061546,3265.85789246401,3463.31265201517,3467.49870436505,3818.73315239267,2815.0402884929,1968.8387422334,1968.8387422334
0,3977,3707.693,3707.693,3771.0343978496,2848.96258421184,2633.83438322983,2633.85824449955,2698.84273601733,2762.52174533651,2442.14306808895,2442.26322588557,2526.53134202762,2397.8094674521,2381.13071322939,2494.64358875387,2509.95271796599,2562.85159749905,2560.60951764658,2820.89465091683,2683.47074923789,2671.72006297156,2914.57161693222,2760.93602123802,2826.83144379113,2948.45137719851,3095.47658053558,3074.11305799089,3102.48984660509,2995.58276141269,3030.62718897309,3160.26936098629,3249.108050022,3229.19049407346,3232.44508984837,3502.54065253614,3428.78225578523,3926.58755713933,2961.58389738027,2073.4597344669,2073.4597344669
0,3977,3710.87244323462,3707.693,3770.35160215047,2855.9044517002,2644.6308520247,2644.61894274536,2700.67221826353,2777.49404687588,2455.26790200656,2455.20801201563,2539.07490823353,2436.03150512539,2423.55810207653,2495.35054079169,2484.22475803949,2534.85979613475,2544.72606987512,2643.43721935522,2767.87224960438,2789.68252747849,2990.04644785882,2907.41061064563,2891.76254913431,3043.57074338214,3122.70117399748,3046.59321714455,3067.02981054349,2954.07831869348,2932.56086004184,3056.97289270395,3119.73819256805,2905.61120387204,2891.50693742448,3155.21433360278,3233.10740225332,3643.22859438731,2904.97781522824,2035.12114105556,2035.12114105556
0,3001.18893962455,3709.11040431734,3718.64851297653,3778.64798303565,2853.09782263353,2634.72399167886,2634.68386862757,2718.47776088747,2746.50519745004,2437.70956420929,2437.59810489373,2537.3275502427,2418.06822005508,2429.99149743718,2539.44401486985,2540.03331361682,2531.41562128581,2568.70539130973,2686.30454770605,2570.98295102695,2567.89371050962,2909.49727121889,2632.1283134416,2638.30060620133,2868.48311405074,3022.72068266007,2826.98645239495,2794.12358144595,2717.29131931655,2726.47786245625,2882.92991379808,3031.01160946148,2934.72602009066,2968.40016451639,3288.99816071399,3223.46892198823,3777.30660932063,2780.6487452288,1951.74296775225,1951.74296775225
0,2935,2750.36648075146,2734.49774053999,2814.61439690667,2137.65295049117,1977.31862430274,1983.90740744297,2058.01346574439,2194.28462875026,1955.10353633463,1976.89250129273,2108.97537106422,2114.46391464128,2172.46379173182,2392.24982470459,2438.48890325625,2424.0102646375,2427.70245804679,2547.16748734052,2493.85039036398,2504.02032414413,2819.81656851628,2767.0936660238,2766.69441984634,2910.28244647454,3202.50162729137,3154.46486331424,3166.12325200718,3086.41110083713,3070.53401017679,3240.07976961137,3268.09340561903,3255.2875985764,3249.64684130892,3474.56781500596,3556.48408183913,4079.92262232387,3164.28576281873,2203.02569781757,2203.02569781757
0,2935,2779.67534157405,2789.21256702852,2868.50293041112,2203.74726785092,2041.31716844105,2040.99014241781,2111.76085628718,2194.00155317365,1948.56816195075,1947.37575876235,2021.03203119675,1945.09474794069,1969.2175420271,2040.85283037749,2053.99135109499,2055.01956842573,2049.05447833034,2158.58634244985,2116.38166640248,2116.85582408088,2308.12888175844,2335.89674843328,2353.86061511183,2417.54035451372,2618.39340558797,2543.07017305218,2611.26731442075,2621.69386499156,2675.77290064849,2805.06798447823,2867.31753597383,2802.21152961615,2828.4906783306,3086.48729231244,3068.68192148169,3555.57658408681,2812.72597391721,1978.95542349032,1978.95542349032
0,2935,2746.80946818712,2756.34846098721,2829.03284641873,2153.59081784301,1984.81372380986,1985.02923417238,2067.09991602089,2122.40356591836,1886.63532214871,1887.44813697063,1969.11429958836,1923.0170279903,1909.53993308696,1941.31780627062,1949.99380375148,1986.46679527374,1982.89178196295,2125.98082311456,2075.56045112042,2089.64559853363,2253.85271659823,2163.67015965045,2151.34150300738,2194.48194183023,2246.51558030029,2232.64698272237,2227.92611361358,2205.98652607126,2239.52494625171,2352.16350952451,2403.92987683736,2235.79012586975,2245.19533411623,2590.83161772337,2617.27059679843,3148.27022726476,2400.20747602084,1691.48392265739,1691.48392265739
0,2935,2723.47979796371,2723.48046112039,2781.43366390068,2156.5206723237,2003.57608113007,2003.70849921085,2053.00058568635,2121.58948725784,1885.65870840418,1886.05381120155,1941.38964674141,1860.17993356704,1902.52430943254,1941.71150537554,1907.18452715859,1935.34637718431,1952.55022500056,2008.22977785485,2048.50077848158,2049.92343277224,2129.20344470359,2150.23682753679,2167.65281624266,2234.12040993718,2302.33210238685,2210.36214807709,2193.8063010704,2153.19328393232,2146.21226665459,2272.17228030419,2355.19467972415,2313.47616560346,2313.09653890188,2593.42340269794,2642.10871796153,3272.0612143383,2444.85252633232,1711.63654743345,1711.63654743345
0,2935,2736.19677296576,2723.47900004997,2788.86878505099,2100.48778389896,1938.58318964523,1938.65482778015,2025.42630403837,2008.13054570673,1775.40900648786,1775.76936701509,1856.36214746699,1748.43855031376,1716.0536689202,1878.65723537104,1893.57766303054,1932.1560102503,1903.00051132654,2054.32810276717,1923.31461845649,1941.11821355805,2075.9652639797,1942.83397636878,1932.85440974974,1985.01509196278,2140.29666667295,2028.30912689619,2038.95985179229,2012.85042416469,2016.23325920861,2158.59089442504,2147.97828170013,2126.84813383522,2145.56469506615,2419.81331401162,2445.15497006317,2878.99478436388,2424.23426651963,1702.54649980929,1702.54649980929
0,2935,2751.40471991168,2767.30105190611,2817.88495364727,2173.59952191808,2017.82105208175,2017.52947259232,2038.80677663014,2126.66330519858,1879.22754108551,1878.12234655905,1943.00587936019,1915.53580776829,1927.27632746857,1999.16685596098,2017.19543612203,2075.62236044331,2097.33390932384,2193.88506134357,2154.59045050357,2141.76942423307,2254.51682972362,2202.09832358401,2208.4424583518,2219.59818090635,2282.89364165824,2280.75756238086,2260.87446850237,2181.66690952075,2186.93007182412,2311.95932959561,2333.9224595052,2199.90481868422,2179.28720147123,2423.74416801459,2402.75018590653,2700.24871460693,2085.04548641981,1455.08459531148,1455.08459531148
0,2935,2712.52432985765,2712.52543505074,2753.23507393091,2067.72372695441,1905.42157688148,1905.80081074665,1961.72881736015,1947.0201881047,1722.14003364182,1723.59578792703,1752.91759560607,1681.4077946779,1665.95137457293,1692.88070783317,1708.57527787684,1746.06449041898,1760.56815603521,1830.51544948012,1828.99039768279,1849.01201623605,2004.47212827168,1944.58170682611,1928.91343181371,1988.14947655638,2026.57256151457,1972.19468002868,1992.27409829016,1932.13740257713,1973.74855301124,2131.72791980716,2197.10558346781,2091.19472577205,2109.51084126516,2408.46842650946,2398.97675341248,2771.31276211566,2089.20217554539,1466.19120396672,1466.19120396672
0,2935,2715.7024432801,2712.52300008329,2766.52300017358,2116.47922441852,1959.19213316711,1959.13277222237,2025.09587834454,2047.7493660175,1810.02681567832,1809.72822020189,1874.3625826449,1823.18975560539,1826.34378455295,1816.83963061712,1789.54473292821,1792.46570067955,1782.65648990353,1805.72782083212,1766.82253592529,1755.89663193253,1887.88944838355,1848.23965061797,1887.61663807981,1918.06532613222,1998.51213341002,1921.36556550834,1938.0065017391,1838.80698505259,1857.126480816,2004.19256596489,2050.64774205825,2060.50379730118,2073.90197939586,2243.35803191697,2398.21426556198,2597.00984168998,2149.51363686971,1504.56057185061,1504.56057185061
0,2935,2720.29929078658,2723.47851297653,2780.81938088505,2122.23426245165,1960.13360662504,1960.08153185956,2021.08036656854,2048.64764098139,1810.8832070225,1810.7116145495,1866.51598220323,1818.97053919985,1830.32705229866,1905.23418720216,1907.67878915802,1917.54847250924,1921.05174171805,1988.87424678846,1907.23067101931,1878.87879306824,1964.60676365007,1903.17224818593,1892.41004539537,1928.4159714028,1968.98824378098,1918.69718772232,1880.66429121575,1815.6475016873,1745.55374547756,1808.67498319895,1934.959651608,1780.95914470267,1778.8952470638,1873.98130259307,1871.15802275279,2176.14144888313,1569.02171140583,1102.88013965909,1102.88013965909
0,2935,2718.88215243895,2712.52348700682,2755.81702768225,2118.76410325932,1970.09155102527,1970.13162984619,2010.27703278309,2041.35885662348,1814.52874106102,1814.64003151564,1866.70185239947,1750.34978542106,1780.17901378247,1838.04276424074,1848.18280169319,1849.52885148265,1853.01787697442,1968.92676281458,1922.87966293868,1958.73853480446,2059.58969148817,1941.64252292918,1945.05679948409,1988.8388606245,2126.94545391455,1997.25581614981,2022.01214238473,1967.2277122233,2021.78608890653,2102.28668719485,2140.69699347602,2059.8105652376,2046.16115576119,2113.18323739974,2097.11775021748,2350.96663511077,1866.94144462512,1302.74242346403,1302.74242346403
0,2935,2734.43446805148,2734.43402596971,2774.45715965467,2078.03097965802,1917.78534048816,1917.74090899912,1958.68467818844,1944.24185394943,1728.53521391259,1728.49241201684,1789.96328223014,1690.73370524645,1680.48600652891,1714.76545608765,1718.09279438382,1720.06145535917,1732.87915236749,1834.49515238895,1793.34461339263,1795.30945317344,1872.00074792131,1820.36641755495,1832.98372848056,1857.96721267949,1920.08219432199,1947.27426899857,1954.06356044732,1844.40352995772,1862.12719660484,1976.70676827418,2040.73329181466,1999.35780066926,2009.57954195387,2082.81217239229,2103.16840769387,2367.96636660397,1800.57621020823,1261.77123345765,1261.77123345765
0,1636.10370370369,2724.89667027795,2734.43499996669,2779.09360208078,2111.56440633889,1950.26822164981,1950.23241246387,2017.05846318631,1961.88393941501,1734.19466586373,1734.01467033835,1797.51086478955,1700.65393537827,1681.16816632602,1712.94902067112,1703.60771191358,1687.24755284642,1678.77461522367,1752.21020366787,1719.80268242654,1720.9962676397,1862.82725617065,1703.08944415077,1689.54298637305,1727.29157475252,1718.12556743876,1669.34898120386,1691.28686677536,1607.53742900992,1598.05090309422,1687.44196207248,1710.41896166091,1715.95835813807,1728.38879240507,1724.41276968407,1841.91286164176,2045.07818395674,1657.19926938244,1166.3636834192,1166.3636834192
