0,89.5291320404617,0,0,217.141488206259,51.683076814202,0,0,69.7052942346884,67.5979866815645,0,0,47.8531254589783,0,28.2287528688382,0,35.1447836103667,0,0,35.7302101728113,0,0,49.3711590255292,0,0,0,40.4632099150937,0,64.2179039437513,0,0,29.0473933233465,28.3016684688989,0,77.5541654231659,0,53.4168827899972,159.027581451588,171.86608459737,0,0
0,137.066577543351,0,0,379.336862873152,85.6727926450512,0,0,130.801752606256,135.858517345573,0,0,92.3431143621661,0,48.5089979080643,0,55.0148277148697,0,0,50.05984713976,0,0,69.3230102367789,0,0,0,52.3237328162563,0,81.2222194474227,0,0,39.7254710332986,36.3436770499853,0,107.359212258476,0,72.7764396362253,246.434144101205,245.342340178537,0,0
0,138.413914534955,0,0,372.788275632228,84.1136925685765,0,0,127.305740814916,132.900447849845,0,0,91.4993076872627,0,52.8646412566566,0,63.4512108239263,0,0,62.7172242486057,0,0,82.4645351450134,0,0,0,66.4655200495031,0,98.268752488297,0,0,45.7477458675828,46.0059160318109,0,144.193465346395,0,92.0775791793585,329.378277273861,329.987561990382,0,0
0,138.68406952163,0,0,375.556509000555,84.2614690298742,0,0,123.856885749608,129.274776081067,0,0,83.9297288204235,0,47.9024401495724,0,56.8268156769427,0,0,57.8244620085301,0,0,78.1152001390818,0,0,0,64.0094432684059,0,107.088581410785,0,0,53.5808933655611,49.4674628603137,0,154.156577625578,0,107.561454574891,360.4017556649,360.557428673879,0,0
0,135.720101379016,0,0,366.998425246631,82.2234118102883,0,0,122.637530844888,129.403744793145,0,0,85.9201316100947,0,47.3251042429941,0,55.5604715900303,0,0,57.5569596433712,0,0,76.7923297321943,0,0,0,63.1229963835435,0,99.9867208506307,0,0,52.3493331191584,54.1420112014597,0,176.437495441024,0,110.204207011978,382.531513080896,384.946501939405,0,0
0,135.417030056686,0,0,378.116090507801,84.8386490013442,0,0,123.823068607708,130.553738149139,0,0,85.2657739652728,0,47.6631896342938,0,54.235932236504,0,0,52.54419974195,0,0,68.61805373782,0,0,0,55.6578255140527,0,89.8656402647884,0,0,46.5352267749488,44.7114124304415,0,153.423750027053,0,114.530299192742,394.380836406966,397.322847620708,0,0
0,135.281965238751,0,0,376.954954152629,85.6447099888892,0,0,124.161653433928,129.635822507101,0,0,83.2717750969069,0,48.0196591982999,0,55.5103256107758,0,0,53.9431430733893,0,0,71.8215018733686,0,0,0,58.9340333373599,0,95.9103192218552,0,0,45.4485549541481,47.9394176471079,0,145.17433547872,0,109.446081162674,360.153853650322,361.112227129481,0,0
0,137.672859150837,0,0,362.324401745603,81.4036649388006,0,0,114.70025969028,119.739475237098,0,0,76.4190222977034,0,44.8230178148949,0,52.0282294946956,0,0,50.7771521613932,0,0,70.5816115358037,0,0,0,59.3266375161191,0,96.092808650761,0,0,47.2415826553056,44.5600684576966,0,127.978671814883,0,96.3511247515611,359.644726806086,360.840662253336,0,0
0,138.684044175576,0,0,381.015561763058,85.1327141731635,0,0,121.072496641658,125.035700357229,0,0,81.3188038831771,0,44.8539989026361,0,52.8312425182548,0,0,53.354158802345,0,0,70.2448961977583,0,0,0,55.4559794802359,0,90.1296036637861,0,0,46.0337159055626,44.4713043348894,0,125.858659397575,0,84.2416996304401,300.088209237174,302.425875593161,0,0
0,136.629011218495,0,0,380.485947913829,85.7312973065528,0,0,125.01844458338,131.874873384024,0,0,85.3423054376168,0,48.4774816368181,0,58.6517831145039,0,0,60.1242245942502,0,0,78.2280849220324,0,0,0,62.4375377546887,0,97.1347857004898,0,0,48.7358046938274,48.0745975068433,0,144.974346518068,0,94.0742664103479,314.271464414683,315.105447637005,0,0
0,138.548954021123,0,0,388.169751509742,87.6903569466149,0,0,125.395462968933,130.855534730907,0,0,84.8493244572229,0,47.7703300959698,0,56.2503449845078,0,0,55.526237296205,0,0,78.8366912649454,0,0,0,62.46046363213,0,102.048614261599,0,0,49.0972304040998,51.746297267689,0,155.082937529359,0,109.831661716323,383.867438623142,384.769080557696,0,0
0,137.202085449023,0,0,373.868182665864,84.1220465255855,0,0,118.710415318608,123.968883691941,0,0,80.0391334136134,0,43.9281437421216,0,49.781643103454,0,0,47.6778983678715,0,0,75.0749573871072,0,0,0,62.9050731934906,0,102.141648959909,0,0,50.6575426074465,49.1423001298818,0,142.97673019184,0,95.3332722872063,332.648608048224,332.389146421452,0,0
0,135.720050691242,0,0,365.396861665881,82.2165405165494,0,0,115.170642030286,120.279663282102,0,0,76.4695653756928,0,43.7680520707365,0,51.2815706322907,0,0,49.9721570656239,0,0,65.8347638441058,0,0,0,55.226415596709,0,83.8097606444862,0,0,38.2678056987235,38.7580464587002,0,110.364327426586,0,86.022746362568,297.413372730985,302.273199951626,0,0
0,92.4794823895266,0,0,250.474207033589,56.530680359446,0,0,85.8921698635244,90.6230310543463,0,0,63.2835826215285,0,41.5872764436361,0,53.4685085488456,0,0,55.9886741803668,0,0,73.6227327931926,0,0,0,57.9312943542723,0,93.0392182213861,0,0,42.3136248294497,42.73762646277,0,115.498475738038,0,81.7772158882357,275.306913060243,275.844707193888,0,0
0,94.5658892559459,0,0,254.885835424115,57.3472987817063,0,0,84.9996152746796,88.7038639433633,0,0,56.8103164624262,0,30.3165771884532,0,34.3251407917774,0,0,39.2980914274951,0,0,52.8185951686611,0,0,0,43.8639809826662,0,76.0212417692009,0,0,38.2244900466598,37.5304630862569,0,119.275052387473,0,83.2920627211604,289.619387005495,291.94205182654,0,0
0,94.8360695207658,0,0,263.887556266715,59.2540086116177,0,0,88.5448355105904,92.3992894474563,0,0,61.4660686265273,0,34.0742686476831,0,38.746085687992,0,0,36.6614621219402,0,0,47.8529554759029,0,0,0,37.7386466641849,0,62.4600583418327,0,0,33.0952424650149,33.6940477795299,0,108.497916699828,0,79.2935877597805,306.083632803182,308.934480384506,0,0
0,92.7810112193617,0,0,250.909841723987,56.3405645162619,0,0,85.7041586823617,89.5532352559789,0,0,60.1760573247003,0,35.4585715082924,0,41.6263287203137,0,0,38.9015004845245,0,0,53.9346352377895,0,0,0,43.4639691685329,0,69.3926645438177,0,0,34.7328851244463,31.764741871685,0,95.367421670594,0,66.4918852124206,211.270583127259,211.581071247841,0,0
0,94.700954021123,0,0,265.85365633473,60.0504015325079,0,0,91.8954925488417,95.8718959347112,0,0,66.4193870350421,0,37.0567017382278,0,44.0261733759296,0,0,40.2777187628455,0,0,54.6196104404198,0,0,0,45.1648604873249,0,74.9625864923257,0,0,37.9338500554046,39.8342192235974,0,120.255436521102,0,76.5185197722676,283.068869566893,283.378518118156,0,0
0,93.6570553958052,0,0,255.980760813559,57.3602921468541,0,0,86.2988932249291,90.1264098835085,0,0,61.2211342664749,0,34.8846641683667,0,40.632269370727,0,0,39.6686919648639,0,0,56.3696952839916,0,0,0,48.0084964462739,0,74.2237588457458,0,0,34.0866737584395,34.100847964392,0,105.79057078486,0,70.610606961149,236.792320580697,237.497749205076,0,0
0,92.6130553992725,0,0,259.532755888661,58.1587146857738,0,0,85.4200499923878,90.4865254486321,0,0,57.6375586743034,0,34.4438663201187,0,40.2932518627906,0,0,48.3120989226235,0,0,66.97613632235,0,0,0,51.1622021181175,0,81.7162158149476,0,0,36.7487216643111,35.4789923492991,0,101.411398771672,0,70.7444524441922,240.522728427631,241.051713396218,0,0
0,92.1749952928362,0,0,260.461646850389,58.959938020986,0,0,86.363310550402,88.8774703471233,0,0,56.1382735497724,0,32.0284827157938,0,37.7759203930346,0,0,37.5660763764976,0,0,54.6002005455219,0,0,0,44.5042214334158,0,68.0293501572876,0,0,33.5666123128653,33.5685981194117,0,103.248114185039,0,66.153371382096,249.438728926055,251.945509214548,0,0
0,93.2189446024611,0,0,255.090783788537,57.2764440898956,0,0,84.2637750777969,90.5589730115417,0,0,59.9287253554203,0,33.7951729822363,0,39.5496046940359,0,0,39.6604854056485,0,0,53.4664927442008,0,0,0,47.1568016920976,0,77.7753348533249,0,0,36.583205201664,34.8554674711011,0,102.478918041793,0,71.1739225858721,223.865183461015,224.090775798901,0,0
0,93.354034760382,0,0,261.641468878077,59.1049017685501,0,0,82.1231483976633,85.7109807025326,0,0,54.0534860664651,0,29.8544529256849,0,36.0565055420718,0,0,34.5750642708997,0,0,46.0179987482469,0,0,0,38.8519143008214,0,63.6106974546418,0,0,31.8761018443163,33.6125423623377,0,105.088081651659,0,65.5870404381726,247.17340505416,249.746745166301,0,0
0,91.5690807427264,0,0,248.04262297841,55.4568907003907,0,0,77.1611855237422,79.3105170570724,0,0,51.6271269265236,0,27.4819679238106,0,34.7065791521313,0,0,35.5645897387432,0,0,45.2138460712968,0,0,0,39.1955748988061,0,65.3776402789616,0,0,29.294450557251,28.8350904098279,0,88.6177531379363,0,61.9639176926138,215.117049774547,216.505842901689,0,0
0,91.4339652404848,0,0,255.478924406802,57.1279637628936,0,0,82.2140645945388,87.1346508941334,0,0,56.8132030659221,0,30.9537271183672,0,35.4000268500952,0,0,33.4989543002853,0,0,42.601205194931,0,0,0,33.0258086016713,0,56.1280882368457,0,0,31.3778396669732,28.6873893062845,0,91.8012542634808,0,56.8943112114979,190.142759259853,191.36964340154,0,0
0,72.7776771587185,0,0,221.245998602029,50.0395333084114,0,0,75.1570211230597,76.2446038825191,0,0,47.9444024740932,0,27.5243379182118,0,32.9029086825751,0,0,33.3679217698727,0,0,45.4562513233144,0,0,0,35.7364462140641,0,58.2572320684123,0,0,27.0713775446472,29.7901653983709,0,87.3349586029747,0,71.4139555560214,224.693056990075,225.287969701291,0,0
0,72.6419652608838,0,0,208.429854649274,47.2535785854733,0,0,73.1921657025991,77.7403089053828,0,0,49.0253116129959,0,28.2814697159435,0,32.727706613495,0,0,31.9611560266669,0,0,41.4840388176656,0,0,0,34.429588820881,0,54.2218589103749,0,0,24.9542571048319,24.8827822076285,0,71.3790161614225,0,48.6551397887946,202.46670068995,203.709695446581,0,0
0,73.5180094169289,0,0,207.275364640942,46.5168524676683,0,0,69.0801578378776,73.3896466195091,0,0,49.4465605029619,0,30.1400478525988,0,36.3237187333832,0,0,35.2911437000319,0,0,43.4498455529834,0,0,0,34.9862212280737,0,53.6666587471386,0,0,23.7510211342378,22.3728397820932,0,64.7918365276245,0,46.5786801691813,150.78180420073,152.063811087951,0,0
0,72.9449605289867,0,0,201.162734319442,45.5005541256807,0,0,65.4233958481099,68.3386461620252,0,0,44.697477238571,0,25.0932194944615,0,29.6639311875106,0,0,29.2278442050033,0,0,37.3445392230553,0,0,0,30.0394506959178,0,47.0608926923501,0,0,24.1601206309733,24.3123901788035,0,79.4108650848679,0,49.8903207067713,173.163830681431,174.155347184386,0,0
0,74.5619840726075,0,0,207.072262917215,46.5882819290913,0,0,66.0494434649828,68.903103602951,0,0,46.6668859345453,0,25.18211726115,0,30.2578985113184,0,0,30.5490603727832,0,0,39.9910981960431,0,0,0,33.7979732254547,0,53.4235791936636,0,0,23.3660319864798,23.8414117098896,0,76.6446464103921,0,57.7494703039772,195.762342625109,195.943194306966,0,0
0,73.0800506877745,0,0,199.183247422076,44.7000296345311,0,0,62.0414110364541,64.8126713000631,0,0,41.5402568262756,0,22.9873920796587,0,26.3363290624994,0,0,26.3990619505444,0,0,34.5820549419496,0,0,0,26.9701802185399,0,45.7108092585738,0,0,21.7727631115519,21.4230367317775,0,70.2297172858533,0,47.2192456826319,175.52378788423,177.048531283394,0,0
0,73.988909842079,0,0,202.527756172425,45.5685516876642,0,0,64.8546860417837,67.7034876534912,0,0,43.608419862113,0,23.6852987131214,0,27.1641138192686,0,0,26.4881327337268,0,0,33.4736221884817,0,0,0,29.9201681239241,0,46.1050195790271,0,0,23.0978694857608,21.9715344988151,0,68.5296829048397,0,48.2336801400112,167.153444960512,167.830864596716,0,0
0,75.0000441773103,0,0,214.153883337862,48.4181446112128,0,0,68.2955302817814,71.2383036220077,0,0,46.1119496589983,0,23.4641914566363,0,27.0753041923583,0,0,25.2220717363706,0,0,33.9183400933665,0,0,0,29.9639219988891,0,45.7713163147123,0,0,24.2663058873106,24.5303715509568,0,73.2391103027774,0,48.7610773754677,165.135959821802,165.683020283584,0,0
0,72.3390713249313,0,0,192.128456727886,42.8784475325216,0,0,61.7003776960896,63.2108843906707,0,0,42.2838170258139,0,23.6555751598839,0,27.5109876168605,0,0,28.5702586493464,0,0,36.4868966627089,0,0,0,28.6131139403162,0,49.4398919657199,0,0,23.232896401005,23.6401323662946,0,68.2336327723834,0,44.2127750119873,168.027353328994,168.818435925147,0,0
0,72.7770047114981,0,0,205.883409041719,46.440507346401,0,0,70.2225110849761,73.2771166708038,0,0,48.8529372842623,0,26.3109661593376,0,29.0038161553416,0,0,26.2348407408245,0,0,33.1534703120556,0,0,0,24.9337952786501,0,39.2243689497056,0,0,18.9900663406739,19.1620651257481,0,59.9111902958797,0,35.7194969920098,124.482591197122,125.726245955869,0,0
0,72.3389952911026,0,0,198.306672840359,44.6203180035613,0,0,65.6515473593437,68.5657723499795,0,0,44.3607510348454,0,25.0998751185967,0,29.6726084080528,0,0,29.3122957862211,0,0,37.3263422254217,0,0,0,32.1435885383148,0,48.6367966509828,0,0,22.5674188216722,21.3882410698905,0,60.3060364014541,0,40.3409886790396,131.460434978517,131.121197812883,0,0
0,73.0799746556793,0,0,203.043005870981,45.5651097088306,0,0,69.8010927840451,71.5547136789012,0,0,47.7370338947387,0,27.6312118400946,0,32.1130691222539,0,0,29.0098101548324,0,0,35.5644553746554,0,0,0,26.3302648811564,0,39.9837115915696,0,0,20.9644157216544,18.638028429267,0,54.644618051002,0,36.7367703821366,128.385414756575,130.108098158747,0,0
0,68.991143842841,0,0,196.288752305591,44.0515080875586,0,0,69.359274621674,72.4949623287769,0,0,45.4846717432089,0,26.0341712770197,0,30.6580785419995,0,0,29.4717133789627,0,0,37.8344985785462,0,0,0,31.8220715819508,0,50.129033152249,0,0,23.401075281678,25.2993448977581,0,67.4874149477732,0,45.6385451938144,153.538788138688,153.215415074307,0,0
0,68.3850601113562,0,0,201.179289760336,44.9098145853682,0,0,70.9010792855884,74.0159692334326,0,0,47.092106811559,0,24.2856213895153,0,27.5519536026373,0,0,26.3606709919599,0,0,33.601137441949,0,0,0,27.676709724865,0,50.9107016511221,0,0,26.7203742218337,25.2963008779031,0,68.3764303621829,0,42.820075700733,155.559724121088,155.810996393762,0,0
0,67.5089905839388,0,0,200.738633028883,45.6416318569297,0,0,73.64549863233,76.9128638435062,0,0,49.8662738915492,0,26.4541335133739,0,29.968956025157,0,0,29.3463196353046,0,0,37.2759813783405,0,0,0,30.0714449886532,0,47.3639622202232,0,0,22.6055569182994,24.4972385779473,0,68.9098340632939,0,42.5051017621641,143.71634194209,144.691273861306,0,0
0,69.899859151704,0,0,196.737297622009,44.0275377576758,0,0,70.3869961092855,73.4619233947955,0,0,49.0014720304857,0,26.9193575856925,0,31.2859051434438,0,0,29.5935079409825,0,0,36.6802347034432,0,0,0,29.3646959024164,0,47.8613434808823,0,0,21.514999712042,20.3417090186746,0,55.8906738207068,0,39.5303581012353,140.934722961515,141.740733605864,0,0
0,70.9110441755765,0,0,216.700864142114,48.6354906268084,0,0,76.0116477425033,79.2842310035425,0,0,50.4404578469228,0,26.7583047148449,0,30.6986755955672,0,0,28.7797111998491,0,0,37.3466634104224,0,0,0,28.6926500433183,0,45.4690899110008,0,0,20.8755721585585,21.5951868835999,0,57.3832670832697,0,42.5184342325264,121.242764411814,121.694427540879,0,0
0,67.9471013781495,0,0,201.108976935889,45.7275923132329,0,0,73.2147999941352,76.5143207427793,0,0,49.8649395044143,0,27.5699035341406,0,31.9245108545904,0,0,29.9482390088124,0,0,37.4501558141024,0,0,0,28.9154806884995,0,43.7483152875874,0,0,21.2323014576507,19.5405691924347,0,58.3387151765912,0,36.875069173272,157.790613700949,158.84528305891,0,0
0,67.6440300566856,0,0,188.098745621066,42.2045554736226,0,0,67.0335852968968,68.7055874416558,0,0,43.9240641621348,0,25.5247517288548,0,30.0854784744392,0,0,29.5589319807772,0,0,37.4377470957115,0,0,0,28.5373343622405,0,45.7690903155367,0,0,23.4321556518283,22.1857336738714,0,61.160707270518,0,43.2184910175084,142.305731481671,142.854624121499,0,0
0,68.1149051323148,0,0,187.235419363711,42.1288977085717,0,0,70.6691628920891,72.4976150174431,0,0,46.181062380355,0,27.2763804659039,0,31.804189113826,0,0,30.5740230295012,0,0,38.0978009215476,0,0,0,28.5984771453305,0,44.1754885063096,0,0,21.0588795507847,22.223939246833,0,59.0523860500361,0,37.5221777376992,130.036017113701,130.631570345677,0,0
0,70.4729587265531,0,0,203.073717128691,45.9239851522808,0,0,78.3106682869216,81.6733803478092,0,0,53.2652449549638,0,30.5174100135428,0,34.5581945671691,0,0,31.8914389113346,0,0,38.1832805107725,0,0,0,28.4302356273566,0,43.6750753778701,0,0,22.084410271877,20.9668229872068,0,61.0195766183832,0,36.7496006107148,135.076414861018,135.937533411135,0,0
0,68.9910506869076,0,0,189.512849081606,42.2876895169273,0,0,74.0366841504837,76.048485483461,0,0,51.9997400725288,0,29.3799771727839,0,33.5714279366805,0,0,32.1953382520557,0,0,40.7373545962057,0,0,0,32.4901331085362,0,49.6606777095944,0,0,24.2763984516194,24.4021124761015,0,72.0271742971876,0,47.2197743747298,144.159824322666,143.804728386956,0,0
0,69.2939699485154,0,0,198.542646085747,44.9084016838071,0,0,82.7190105767483,85.047264265027,0,0,57.3688183329594,0,33.5612612909128,0,39.3078105021112,0,0,36.5251163212533,0,0,44.8477399375915,0,0,0,34.7779946695915,0,53.7360655180268,0,0,24.7801747174891,24.7644161995587,0,72.7509016153608,0,56.0642730579006,179.232981163734,179.821318363069,0,0
0,70.0349746548125,0,0,196.032342655281,44.1065437628163,0,0,83.0598291578073,85.4064844225641,0,0,54.3966861602967,0,31.0337007408206,0,37.3062147194812,0,0,35.2168778387714,0,0,44.251068921023,0,0,0,35.593577809879,0,54.9647131091319,0,0,26.267506194634,24.992961184928,0,67.1875784969632,0,53.8661819352583,197.753421146133,198.542997743095,0,0
0,113.446472807426,0,0,310.855278593379,69.5321164998252,0,0,113.87984250923,117.948412304653,0,0,69.6710743226152,0,34.0061836886976,0,35.9484324651406,0,0,32.2656876612178,0,0,43.7722872954975,0,0,0,36.2632743993207,0,59.8188259940736,0,0,29.2811973444926,29.6262780061275,0,79.2493948840102,0,51.4078100949354,184.740755890664,184.48298899535,0,0
0,113.447999947766,0,0,320.577956787181,72.366308791733,0,0,122.841511698943,126.934212681651,0,0,82.092487894781,0,47.524630664921,0,54.1773262946338,0,0,50.7360701219615,0,0,64.2630377698736,0,0,0,48.5725315813436,0,71.7587988764297,0,0,32.6823754724938,28.8795550802978,0,75.8119492548802,0,47.8999971332807,176.355482581234,176.575388025418,0,0
0,113.145030053216,0,0,313.842517011258,70.6149557559651,0,0,122.680888083477,125.49470845996,0,0,79.9650919412951,0,46.1990353465854,0,54.8992109681811,0,0,51.7660854609432,0,0,64.6648471418991,0,0,0,48.825264664273,0,75.5518122750894,0,0,38.1097251025964,39.3624997596251,0,109.511438624164,0,61.5503221534892,216.846331896295,217.529124000093,0,0
0,113.009965238751,0,0,309.612427301223,69.6639191597475,0,0,129.497869060667,135.216515300449,0,0,93.6048892249745,0,51.308476035826,0,59.0581070041037,0,0,54.7811743696989,0,0,66.9262747820926,0,0,0,49.8827431722919,0,77.4507253829902,0,0,34.7063262777359,35.8497140261499,0,102.467320831697,0,64.9693447295443,213.76856240738,214.474524270315,0,0
0,113.886009416928,0,0,318.05015918136,71.5590409690314,0,0,128.756239313551,134.380050601274,0,0,87.9440006553588,0,48.2550649320774,0,55.7495954877411,0,0,52.856001292504,0,0,66.2513410895311,0,0,0,52.8493359880668,0,83.6161234925062,0,0,39.7598740290533,37.3724678983447,0,114.714982328991,0,65.1567955736823,225.225515280014,225.512026041556,0,0
0,112.404050688641,0,0,308.572990934149,69.668056415181,0,0,155.408768689999,131.511585018205,0,0,84.6418487823961,0,47.661596739139,0,54.0292055498354,0,0,52.4103034470423,0,0,64.5584226479375,0,0,0,51.8276338109029,0,80.2728760334252,0,0,37.099099176119,38.1589040824086,0,115.92254468268,0,76.7853777031994,269.911138560941,271.233102380369,0,0
0,111.79806010817,0,0,303.382800324766,67.9061873202519,0,0,199.177517068262,207.95099768594,0,0,133.994958197225,0,73.7905065814746,0,82.8168078944878,0,0,73.2601567843876,0,0,81.088863013273,0,0,0,54.5559625092404,0,80.5262257577579,0,0,37.9203993265373,35.3473892059476,0,103.574708194564,0,66.6958326021951,216.421002270102,217.678544710116,0,0
0,111.22496053072,0,0,306.620332209464,68.6359018567877,0,0,200.703359119092,209.561280340836,0,0,135.247644518823,0,71.1861616397756,0,81.1742649122154,0,0,78.2924465963228,0,0,98.2055501116991,0,0,0,76.5886041618098,0,118.008785777447,0,0,54.8466385519689,53.7469679431148,0,147.14802047324,0,89.9912592258435,306.674024098728,302.484779699776,0,0
0,113.750893912953,0,0,328.33811553905,74.1090133768729,0,0,213.478811833723,217.620196353591,0,0,139.395639388815,0,75.7965206947657,0,89.009839133221,0,0,85.5217027960172,0,0,106.147344163352,0,0,0,82.2415051927045,0,123.780668800514,0,0,54.3753669901679,54.1367350213293,0,152.473649510929,0,96.0966996715449,336.814942919135,338.523963918017,0,0
0,114.491974652212,0,0,324.815225929149,73.3195796580456,0,0,218.914660443845,228.535771705361,0,0,144.017050069666,0,78.3250592882857,0,89.9076739010955,0,0,85.3320166483033,0,0,108.53494658842,0,0,0,81.0254371371899,0,127.349875419949,0,0,56.4973355189291,56.3936176186655,0,162.33489741242,0,98.5697006276666,344.899936160411,345.861237228903,0,0
0,115.70387978626,0,0,318.607936281088,71.5687303002978,0,0,216.181658178493,225.703317215048,0,0,145.050891921264,0,78.932738015395,0,89.2727536136482,0,0,85.096382336639,0,0,109.32123297139,0,0,0,88.0150796798222,0,135.55360015506,0,0,65.0343240973085,60.2085786086886,0,164.167641083545,0,101.202869526731,364.260836129677,364.244002556484,0,0
0,118.061958725686,0,0,337.824202090169,76.2426489923571,0,0,225.618421382946,230.870928787317,0,0,146.480552487211,0,80.0170947673215,0,90.1486142734135,0,0,82.8834942866569,0,0,102.19403409859,0,0,0,80.9200710245577,0,124.574377436709,0,0,56.7199433353526,60.1713182923744,0,171.219408765327,0,105.023085136584,324.559837228789,327.57698823762,0,0
0,191.349362158998,0,0,516.39713596244,115.861544101909,0,0,279.218734574558,289.952495836864,0,0,178.835879979182,0,89.9113716009857,0,99.34952829564,0,0,94.8265977198364,0,0,120.0922509854,0,0,0,92.7378221625055,0,143.228389468328,0,0,63.2432444074411,62.0228707171497,0,183.608453933115,0,116.931081379334,407.078028878844,407.121926133384,0,0
0,193.877893824082,0,0,541.12212600842,120.801103091611,0,0,289.067651378854,301.713229220237,0,0,193.120878778968,0,104.396876138075,0,118.779587172246,0,0,115.162590133323,0,0,142.73749062056,0,0,0,107.220822276479,0,161.738534466257,0,0,70.5657819641417,68.5732909808813,0,195.353922068983,0,127.190673889519,450.394991161268,450.869018196946,0,0
0,195.527884492554,0,0,569.205187447193,128.779150756285,0,0,316.836655977922,315.781117616716,0,0,200.984950161282,0,106.586189885808,0,120.153713145186,0,0,111.119877411659,0,0,138.695412201289,0,0,0,112.699678306518,0,169.420298003434,0,0,75.5846326292492,74.5049239150812,0,213.840480832165,0,135.197140751647,449.079320211129,449.780886557805,0,0
0,196.539044176443,0,0,560.632679365964,126.37704157245,0,0,335.031201262823,349.739318266268,0,0,226.404823768577,0,125.054940142234,0,142.813787760921,0,0,130.585243002138,0,0,156.349001883015,0,0,0,115.309380769332,0,171.838187687915,0,0,75.7280585231772,73.2855503398407,0,218.426033031343,0,142.426571087749,486.739115274601,489.796084488768,0,0
0,192.060251644241,0,0,540.172976988283,120.83313128687,0,0,325.35656313535,339.764865581222,0,0,215.686661433414,0,118.5523058765,0,138.924170198285,0,0,134.530597008369,0,0,168.601303159933,0,0,0,132.476614589144,0,205.247200988535,0,0,91.1873732438372,90.2127970378554,0,260.729578688843,0,158.696458341581,575.547766703707,573.561730279166,0,0
0,188.658096676187,0,0,537.109162604862,121.327787914291,0,0,337.019788558565,346.630831199748,0,0,226.239007322851,0,117.957560509948,0,134.266501432458,0,0,127.134501185396,0,0,157.268066471853,0,0,0,121.131832951953,0,192.950500524048,0,0,86.6097553910236,86.0466141499444,0,252.355587982556,0,156.880074804332,544.956973948,548.660190339841,0,0
0,189.701944605929,0,0,526.743060528932,118.753737689018,0,0,336.642037956684,351.452971702015,0,0,226.693668254382,0,121.747100117858,0,138.190095288537,0,0,133.187869868703,0,0,164.540385950139,0,0,0,125.787059050155,0,196.167788033268,0,0,89.8260191061152,88.0507993627508,0,244.983793186515,0,155.880117799362,524.645188817361,526.280971081952,0,0
0,191.351884494291,0,0,526.33602660018,117.951094073269,0,0,332.64132109563,347.266471582215,0,0,221.356107192797,0,119.250131248564,0,136.728825925764,0,0,130.921000446113,0,0,168.330950113586,0,0,0,133.093090078356,0,206.051886060726,0,0,94.8335040351029,91.740912991237,0,257.320771025393,0,163.77906389077,544.133498458842,545.237901217334,0,0
0,192.060074229661,0,0,551.980507096362,124.309910318146,0,0,346.440810824171,358.427061331779,0,0,231.717673900354,0,122.740956023802,0,139.17081400668,0,0,133.819605632549,0,0,169.640164020058,0,0,0,135.576157613309,0,209.830082730981,0,0,99.5445919960585,98.8991367970939,0,273.257583654878,0,175.807302137979,638.587535019121,640.812819740204,0,0
0,190.47591635081,0,0,526.477761637249,118.700191890749,0,0,344.980220671594,360.26782967657,0,0,233.778457667286,0,129.593906497257,0,147.698436674818,0,0,142.261074513775,0,0,174.560532620243,0,0,0,140.620595710264,0,215.22261338797,0,0,97.4706672265672,96.5413243473809,0,275.382531925415,0,168.970052038751,555.572169153754,557.816835303996,0,0
0,194.147972854112,0,0,551.876946056487,123.57262356659,0,0,353.079227836554,368.479286070631,0,0,239.863142475264,0,130.453019452683,0,148.595240283044,0,0,145.163179341525,0,0,180.446526849053,0,0,0,138.784450667852,0,213.927640404319,0,0,101.718686858467,98.8502373354384,0,282.661711652675,0,179.761971118836,660.360670762795,663.739811407187,0,0
0,190.44312671987,0,0,545.062909977579,123.236012673085,0,0,342.580374089406,366.67188612758,0,0,231.535993136746,0,128.555367846293,0,146.896722674089,0,0,141.450720559151,0,0,181.443325326774,0,0,0,147.905394182019,0,228.033446977329,0,0,107.209709792626,106.530034853556,0,311.981760855185,0,181.501602484878,608.290706506807,608.379198031051,0,0
0,250.158802260784,0,0,680.488757876255,152.918783755415,0,0,362.640856906842,377.358242317835,0,0,235.759246788473,0,125.426292782814,0,144.607186564429,0,0,143.497775423794,0,0,179.966266079004,0,0,0,142.427164206115,0,221.458173976639,0,0,100.827823834557,101.073818736154,0,311.602607106647,0,191.774352170506,673.504594776052,678.395019362949,0,0
0,254.471813097597,0,0,704.810718709902,158.813444368773,0,0,373.209545321636,389.521018559926,0,0,254.563674522947,0,135.289436480999,0,155.463183672397,0,0,153.230440789617,0,0,192.174970005623,0,0,0,148.259579564371,0,228.883794442095,0,0,102.941646414627,100.569581859928,0,311.537786002779,0,199.429381904271,661.354729462647,664.210090102006,0,0
0,255.348009411725,0,0,708.168390515835,158.980694328028,0,0,373.472831538164,391.167474801997,0,0,260.719852330463,0,144.648862934529,0,169.530806943708,0,0,164.840069660816,0,0,211.595542836057,0,0,0,170.044469494407,0,260.699199252283,0,0,121.094281816945,115.691236753312,0,341.843420370452,0,225.652248999823,759.80521465258,758.949235050846,0,0
0,253.866050688641,0,0,712.485656817893,159.718709109868,0,0,373.77909929204,390.252317842598,0,0,257.215318768669,0,141.727230534012,0,164.760220907001,0,0,166.418185928512,0,0,213.588554725883,0,0,0,172.707009112045,0,270.266620044393,0,0,127.970946908271,127.070032998542,0,358.046109846935,0,234.272892709081,833.047311736073,835.573929441236,0,0
0,254.471939895297,0,0,725.637264403333,164.096523760026,0,0,383.915119976549,400.783213128171,0,0,264.200399341111,0,146.824046309445,0,167.905880649154,0,0,165.177697069484,0,0,212.132691536973,0,0,0,164.797884478117,0,255.511624082643,0,0,121.430310162815,121.502892084415,0,352.962123158566,0,219.752369957853,758.983834877614,763.629896470926,0,0
0,257.165829096752,0,0,709.447627097902,159.861723570246,0,0,374.503737503869,390.974279098648,0,0,258.175109811117,0,140.826888418814,0,163.504871155973,0,0,160.088121807553,0,0,203.653822833721,0,0,0,160.086109724116,0,246.071595845677,0,0,117.580290253329,117.393561719243,0,360.281087111872,0,215.712860918839,781.704884188385,785.961998524564,0,0
0,256.797229202916,0,0,723.8296812867,161.91001897773,0,0,373.350565095035,389.704686566891,0,0,254.55681839206,0,141.74945709829,0,165.603662276782,0,0,161.790226537463,0,0,205.093126930671,0,0,0,161.467070757964,0,246.525917177405,0,0,114.481790577472,113.867396653283,0,346.822204412645,0,222.461480382136,749.586736927876,753.927976728918,0,0
0,249.252218687159,0,0,702.262371703366,158.49360108359,0,0,373.078221780828,389.683047967907,0,0,256.299474377661,0,143.962685248621,0,166.850645216873,0,0,164.547618825663,0,0,208.718604555262,0,0,0,162.704393732473,0,254.492287426162,0,0,116.987926750234,112.876661869066,0,340.319532772281,0,220.752586813603,735.073672906932,737.945776940536,0,0
0,253.460678840196,0,0,701.310141056089,156.845765473063,0,0,372.117583374399,388.939253147003,0,0,263.93284241595,0,147.265476757314,0,167.705258251718,0,0,162.93290540374,0,0,210.720686418989,0,0,0,169.470859946056,0,265.93385202204,0,0,128.606487925769,125.733778886734,0,369.292024877602,0,233.483445766471,847.732952002925,848.586700713418,0,0
0,257.706012317324,0,0,761.590795226962,172.412265678631,0,0,399.38301202951,416.730438890198,0,0,284.010115329127,0,157.813873859569,0,179.461553139192,0,0,170.433509408646,0,0,218.437213913721,0,0,0,173.539535990669,0,269.195016165064,0,0,126.797761944171,127.518380819753,0,381.770815310119,0,236.25830335528,781.583159820217,785.032776320406,0,0
0,252.08117270048,0,0,698.109576997435,156.966939085555,0,0,371.872044765813,388.443726224026,0,0,260.334812860273,0,148.322392210169,0,173.077550597976,0,0,175.118368021839,0,0,229.341950319864,0,0,0,183.549243175437,0,283.06462144608,0,0,139.409445293044,129.730697484624,0,394.47667627229,0,266.182893534482,872.17596973203,874.410313752836,0,0
0,252.216034768184,0,0,707.684577047263,158.753940319706,0,0,370.785994535119,387.075172023904,0,0,252.701104380674,0,145.461341098575,0,170.471295289636,0,0,170.127904432441,0,0,223.391391780437,0,0,0,186.557718162978,0,294.387348888378,0,0,144.066032394434,149.239589006537,0,464.828930067225,0,295.991924232371,1062.5047977203,1066.13029461207,0,0
0,366.250792925107,0,0,1008.77834520364,226.241888932944,0,0,458.068287760594,475.804160722844,0,0,306.833017283397,0,161.842568289186,0,181.544174009125,0,0,177.842853378871,0,0,228.416460584151,0,0,0,183.721737873274,0,287.56183782713,0,0,140.656877690956,133.953690840336,0,424.204497742911,0,297.079443345972,982.170310127379,987.788571604713,0,0
0,375.179596148419,0,0,1066.42859984818,240.644808000973,0,0,479.923705933632,500.80641779406,0,0,329.200285519085,0,182.791623605017,0,211.589806386945,0,0,202.906393952572,0,0,272.219518598563,0,0,0,216.138123068548,0,336.887598170584,0,0,162.424648957342,161.943633115311,0,477.015894251911,0,322.569938667156,1112.59666497105,1111.76457108945,0,0
0,373.734384170099,0,0,1069.58078222117,240.177444921918,0,0,483.891961933612,503.696974348549,0,0,342.31584484608,0,193.099500183141,0,231.669182126671,0,0,225.505092298906,0,0,292.152617513176,0,0,0,226.52339320963,0,354.45646589008,0,0,167.240789177487,164.863580165421,0,512.022355843057,0,322.389747962373,1143.1745395337,1148.28509511064,0,0
0,363.561190438108,0,0,1015.49625775102,227.557405495227,0,0,474.506612477609,495.71808896231,0,0,337.99039046565,0,190.799225170633,0,228.492491899045,0,0,227.949491837778,0,0,298.59748722421,0,0,0,241.731711877185,0,378.424239367211,0,0,184.71713710409,178.586755595494,0,547.49674110429,0,355.270559173404,1254.13815216039,1256.27824890523,0,0
0,371.003646987145,0,0,1072.89388114061,242.101261627296,0,0,495.365006349864,516.956709676177,0,0,346.032444015458,0,189.989932517697,0,221.755330052298,0,0,228.604545358208,0,0,304.930346591523,0,0,0,249.417972867663,0,398.131944602349,0,0,191.838414866903,193.215142730425,0,579.970467676648,0,358.534934663312,1224.38374396992,1226.18521891243,0,0
0,374.102933373564,0,0,1072.33985058265,241.627349129016,0,0,473.732827958742,504.734556277155,0,0,331.141298573965,0,188.618231126186,0,221.678936064879,0,0,229.539880964088,0,0,296.811077224072,0,0,0,242.682215240724,0,380.486765974503,0,0,173.45462017017,170.296248139211,0,533.992746779141,0,345.766266770508,1193.81067318826,1202.74886859695,0,0
0,371.712140845695,0,0,1055.93403005604,237.114205434809,0,0,454.645689431634,474.706040782382,0,0,322.471801559184,0,184.97026320792,0,217.355123567003,0,0,222.449480868789,0,0,296.680616502884,0,0,0,239.077045968262,0,377.014817593225,0,0,179.431778239081,178.464455851491,0,528.27498002438,0,349.45665269275,1244.76057418054,1250.14031501649,0,0
0,368.580166196951,0,0,1056.18258137467,237.762116031791,0,0,453.63376334731,473.636567691822,0,0,314.681083351253,0,178.14728811706,0,208.981870501258,0,0,210.167063749471,0,0,277.166716822528,0,0,0,226.292773207928,0,359.511039042786,0,0,174.921547215683,175.416483163579,0,522.618050971533,0,319.421568645791,1093.73671038164,1099.98570067729,0,0
0,368.780835612418,0,0,1041.68256659942,234.026808453433,0,0,452.913175070246,475.143101005801,0,0,323.501177685781,0,178.663575534132,0,208.944475411167,0,0,217.447247972114,0,0,284.15185555484,0,0,0,232.589730287631,0,361.246165585296,0,0,177.789219792613,172.756459222202,0,541.837241455358,0,358.716485852971,1153.28133017066,1157.99716404712,0,0
0,372.890977560409,0,0,1082.40007329605,244.241119796405,0,0,462.548234878806,482.719961689066,0,0,330.410836643832,0,176.230337479357,0,204.324402453589,0,0,206.036288390648,0,0,278.686000517345,0,0,0,236.200688518773,0,379.547554759552,0,0,188.277087252849,183.042571393665,0,574.95887824379,0,387.881470826863,1383.06369420533,1386.37438170006,0,0
0,368.748122010972,0,0,1037.459210979,233.317777769327,0,0,447.092544166608,466.917951992902,0,0,328.507311692945,0,186.350449780986,0,222.091187356529,0,0,227.068895312315,0,0,298.268169124717,0,0,0,254.91025145029,0,401.014909984487,0,0,197.677402697277,193.128013549768,0,597.826476809409,0,412.830212085725,1344.15518707421,1348.99708647068,0,0
0,369.186004713232,0,0,1042.33001955632,235.115165082997,0,0,444.882925537048,468.195931636829,0,0,322.5283083237,0,189.21211227556,0,221.021131913964,0,0,223.595691716653,0,0,292.259982827872,0,0,0,242.984359504124,0,390.670416726703,0,0,189.981922613197,191.844266486222,0,605.656391266321,0,390.027858924001,1497.48611000144,1505.14610879862,0,0
0,463.577698024187,0,0,1273.35695248062,285.67586018512,0,0,498.52110547707,518.429778819502,0,0,345.329527445252,0,200.277726293105,0,236.503550210339,0,0,237.825542212184,0,0,318.97023748574,0,0,0,251.421472760691,0,392.914920751312,0,0,188.274843734621,188.358694743362,0,593.352572454763,0,378.427119907734,1275.15280984058,1282.03097412674,0,0
0,464.354874965132,0,0,1290.26253225026,290.427389710206,0,0,506.448442791018,528.721934708222,0,0,353.038844058423,0,203.916539923857,0,244.378500740032,0,0,250.92646560806,0,0,341.182651939866,0,0,0,286.872917985306,0,455.294679900928,0,0,224.79131270667,207.352976395019,0,653.330282393051,0,403.871468574164,1377.47836625397,1375.34870507902,0,0
0,466.847993487798,0,0,1307.49371663463,294.299111862326,0,0,517.078508004026,531.615803544789,0,0,354.469205495693,0,202.10079326636,0,240.009498143677,0,0,248.484407019183,0,0,331.396349870239,0,0,0,281.679302969757,0,448.605902082106,0,0,232.579095686966,232.663529994215,0,708.443827012008,0,482.782322776036,1629.60935636862,1637.90053195549,0,0
0,466.913800844234,0,0,1292.022705022,289.64378917115,0,0,525.782428142595,549.004561529418,0,0,377.797468077374,0,215.381911637845,0,258.754264480572,0,0,270.923419977144,0,0,360.620545988725,0,0,0,297.387392118016,0,469.154688561643,0,0,229.422758335377,232.475257112742,0,698.343604337402,0,434.561800442015,1567.68560502538,1573.24954558886,0,0
0,470.991077136992,0,0,1357.19455266626,307.014020740646,0,0,552.783880027682,576.855466411722,0,0,399.462488680974,0,226.583933509591,0,263.009946562475,0,0,267.902850274139,0,0,357.181690928368,0,0,0,297.387219171011,0,476.753614767479,0,0,231.117060986065,229.7848277028,0,711.275652051595,0,433.729028636116,1538.40974567256,1542.97236996268,0,0
0,464.961068415867,0,0,1271.56553467521,284.340646251545,0,0,518.895582366328,542.022697099431,0,0,383.185849697963,0,220.804981818346,0,263.738769433321,0,0,269.777146457764,0,0,354.23638875753,0,0,0,285.53966204317,0,452.366659997329,0,0,230.421576726396,224.931053497294,0,687.983608973173,0,463.889707983379,1484.37653648138,1494.45373645861,0,0
0,468.935942806095,0,0,1346.79744267161,304.084653199437,0,0,548.018025996691,571.913274745624,0,0,390.119646272452,0,218.404361161539,0,254.641453597563,0,0,262.821484533714,0,0,348.670289170457,0,0,0,295.975031918464,0,472.269966133684,0,0,244.803793370296,235.898493511607,0,717.784920894117,0,469.600322803807,1646.90067923123,1650.93789309522,0,0
0,465.669131427901,0,0,1299.68096529169,292.434455619781,0,0,531.666979208723,555.186676871253,0,0,385.77596078429,0,217.839959544329,0,255.265029246279,0,0,262.220574243956,0,0,344.926915422395,0,0,0,279.7934011775,0,443.247718370193,0,0,224.614843593479,228.95357493291,0,687.980323183449,0,472.848835986052,1656.66167531671,1667.49974712552,0,0
0,467.048814976127,0,0,1295.38147031944,291.461957542875,0,0,527.862297095274,553.69656241454,0,0,385.656424323415,0,219.933833016573,0,260.907065971454,0,0,265.75612852831,0,0,349.046947936951,0,0,0,290.062229535739,0,457.965793773513,0,0,226.70564273972,220.678281455378,0,668.933622810056,0,441.813036272711,1485.61711087478,1491.07922906994,0,0
0,470.418002903863,0,0,1321.78851169085,298.10522435373,0,0,528.479913356828,551.587858845137,0,0,375.285134667325,0,209.308100647889,0,245.699898141857,0,0,253.386377805679,0,0,337.177603452748,0,0,0,292.21887880399,0,468.428309237896,0,0,230.268390399337,234.440189325975,0,718.336136608051,0,483.550958569783,1699.62817734728,1704.25493684048,0,0
0,467.487001798966,0,0,1281.56526005262,287.175637887631,0,0,518.374213693151,541.336035983023,0,0,380.826070326216,0,219.183340396334,0,263.823026632927,0,0,274.030337939387,0,0,362.859761006494,0,0,0,302.633360889189,0,473.475410398162,0,0,232.021259782325,224.247745834128,0,671.360950856445,0,447.824192496344,1589.41671379891,1597.41595878337,0,0
0,469.979993492136,0,0,1333.15380454771,300.662716142108,0,0,541.421982577847,564.269279420496,0,0,394.062862979552,0,219.629589172083,0,259.822117910397,0,0,266.5906248592,0,0,363.238345694096,0,0,0,303.912021324789,0,485.147125555481,0,0,241.064102588438,238.82926896535,0,735.815157918072,0,460.9240064794,1568.82436192999,1572.70034509532,0,0
0,533.529819645143,0,0,1469.34673121125,331.115493436555,0,0,571.973313246637,595.788798728993,0,0,407.663479888933,0,224.262797251869,0,263.084558307947,0,0,269.57489284917,0,0,356.874833185493,0,0,0,297.35422382231,0,475.601890082107,0,0,238.289907876112,234.702695684951,0,713.121951035875,0,489.332111392811,1717.00473630914,1727.52971789644,0,0
0,536.762534999977,0,0,1446.56434489069,324.178376614026,0,0,570.111884732384,595.281913390719,0,0,430.087194955519,0,246.019202816405,0,291.642646747481,0,0,294.602755874771,0,0,396.449757601026,0,0,0,320.874404952322,0,509.032405093909,0,0,253.770123451897,245.907855365664,0,745.564126872843,0,473.690464361716,1582.41525832216,1585.50516897464,0,0
0,547.676784214968,0,0,1559.65827137846,350.900759753956,0,0,605.4276382495,635.403537129828,0,0,442.23818055784,0,254.952847692433,0,299.602344626613,0,0,298.901507206097,0,0,405.551405913007,0,0,0,333.729732992099,0,530.844493703378,0,0,261.38867838718,260.957714547529,0,795.206633818197,0,528.023549356459,1871.89695537587,1877.28571551963,0,0
0,540.53732295877,0,0,1527.17282218557,343.38596363453,0,0,587.225649549856,613.229167780088,0,0,422.60885010057,0,239.444256406453,0,289.672903895957,0,0,300.911851343105,0,0,407.766579099267,0,0,0,346.51002275471,0,561.256314960936,0,0,277.762388229235,271.100935227968,0,842.190706650873,0,525.035304945834,1787.18890439931,1792.30650308976,0,0
0,535.755281706994,0,0,1515.32673219299,341.307955872874,0,0,590.547332863179,616.604845557099,0,0,439.738757246947,0,247.289637582995,0,295.63289010106,0,0,293.699307871454,0,0,389.600502342303,0,0,0,326.20312208762,0,521.242481329818,0,0,277.629701125388,270.959996511286,0,849.553194012209,0,586.706793438786,2011.48312575645,2024.45113110502,0,0
0,530.097272287466,0,0,1482.96863508585,332.964598977411,0,0,582.261236645702,599.746363165716,0,0,430.020525806886,0,242.138427485147,0,290.798364046808,0,0,295.738711197992,0,0,388.841580001882,0,0,0,323.740557034872,0,517.619481815432,0,0,254.84917956855,256.852424424715,0,793.237543531897,0,546.529976040362,1831.14546337394,1840.08613702481,0,0
0,529.556860960206,0,0,1486.73335987866,334.399887752215,0,0,594.684961813938,623.498949253817,0,0,439.448491832604,0,252.415686303693,0,303.399159332502,0,0,305.660150191472,0,0,400.684886628981,0,0,0,339.598028967511,0,540.112061195382,0,0,275.868377953516,270.021026398142,0,823.125466493695,0,559.830058992707,2020.35210450196,2027.41944102165,0,0
0,532.758067720931,0,0,1521.76343509757,342.861376582759,0,0,602.2995909879,627.33314994504,0,0,432.862605703719,0,243.742733954477,0,291.514759373357,0,0,294.29267659828,0,0,385.772637950802,0,0,0,321.596786041986,0,533.355006076042,0,0,273.739532271779,273.330776871209,0,841.492119659772,0,544.367952396342,1898.40664020342,1907.25593434273,0,0
0,527.30110788688,0,0,1469.83112475202,330.841326491318,0,0,586.962741281123,609.104284112496,0,0,419.190395125696,0,236.043395612138,0,279.763328844981,0,0,294.198595581845,0,0,388.250003283772,0,0,0,324.074316854713,0,524.732645811601,0,0,265.596538104973,265.921830670346,0,824.345222047889,0,548.296517653473,1877.04619090995,1885.16829368403,0,0
0,530.870838520615,0,0,1483.23239324428,333.722999214862,0,0,598.220366945634,624.464099497206,0,0,433.97707960905,0,250.85784385242,0,299.744599187516,0,0,305.564767235804,0,0,403.284814067917,0,0,0,331.260051919194,0,522.165950295008,0,0,261.338394704581,253.075326216546,0,789.955217905439,0,537.386266539619,1848.34748586235,1857.31134783011,0,0
0,532.655919252939,0,0,1495.94623439566,335.638097062285,0,0,601.660362979908,633.279473773081,0,0,449.928929979691,0,252.371919028284,0,299.662213049702,0,0,305.323201087383,0,0,405.88140819152,0,0,0,344.770301856003,0,550.624094491655,0,0,272.168083957324,276.190170187608,0,846.859439030821,0,572.243999118141,1953.8084331972,1958.44065818421,0,0
0,534.305884493424,0,0,1522.95785746803,343.610391832939,0,0,605.770060945128,631.067556763901,0,0,446.001998153435,0,249.114346505881,0,295.338334599598,0,0,301.48078341288,0,0,403.92800828677,0,0,0,340.111267719338,0,549.738865612337,0,0,274.790066448431,268.29843883894,0,824.223959960549,0,565.960757945423,1976.15055783803,1984.6917682402,0,0
0,484.678748024206,0,0,1376.08130478805,309.089934916999,0,0,562.43938687204,586.991532248804,0,0,418.011195843289,0,244.847640129199,0,299.552359234402,0,0,308.362903922275,0,0,416.046660667351,0,0,0,356.851591267408,0,569.670729041369,0,0,281.379216177182,275.945568990503,0,840.878158218128,0,537.840743722692,1950.69593751726,1956.89938017565,0,0
0,482.253240485533,0,0,1394.27561661309,313.237302475371,0,0,575.854509060075,598.575143749182,0,0,429.428763404415,0,236.007691758496,0,286.814593599494,0,0,290.226538294175,0,0,394.313961868521,0,0,0,321.225964010475,0,533.337951861251,0,0,263.887710335056,261.913684150878,0,833.701869731598,0,538.965134370372,1827.9086032745,1840.92388696015,0,0
0,480.263812069666,0,0,1369.75573203557,309.150799172496,0,0,573.519050239763,601.49426069322,0,0,434.656805494539,0,254.88542354272,0,314.42394935406,0,0,327.807038670115,0,0,445.457217430873,0,0,0,370.320252310134,0,588.42960322401,0,0,287.361363016741,284.569586694543,0,887.632266256695,0,577.657946178112,1969.12503607774,1970.96812852645,0,0
0,489.593700572715,0,0,1399.19863929105,314.451328150023,0,0,577.762700636528,597.765844241798,0,0,432.303761127447,0,243.10091156756,0,295.400496967826,0,0,305.049935387983,0,0,414.106627015611,0,0,0,341.244475801819,0,556.150372845891,0,0,278.341306246871,277.50745220757,0,877.676847229682,0,582.56504378149,2055.66896001623,2067.93963246049,0,0
0,486.429265759664,0,0,1406.29613553649,316.180270766178,0,0,584.5839123389,615.499224553404,0,0,445.247897633122,0,254.685025687329,0,307.470616529931,0,0,315.223717750928,0,0,430.218583114303,0,0,0,359.544926748669,0,574.76821008635,0,0,280.571921092724,271.371132354746,0,831.845774754825,0,568.918990898017,1902.5482994199,1908.66770743408,0,0
0,480.804172709148,0,0,1377.12194702945,310.334809605279,0,0,565.089032614818,593.999940666352,0,0,427.055420741664,0,248.639801258796,0,301.370173893776,0,0,298.756233037671,0,0,410.713252628494,0,0,0,347.196434294195,0,564.04390393874,0,0,280.828718164617,285.318052843796,0,871.504578340904,0,575.726882678564,2044.26673306005,2053.39737935904,0,0
0,482.150914555311,0,0,1368.28585334158,307.745534708388,0,0,556.840742476192,574.8559792271,0,0,407.495749213685,0,241.437215161904,0,301.115236255168,0,0,297.568748654157,0,0,394.481554892078,0,0,0,337.605892959209,0,544.273835539626,0,0,267.399724180992,262.342156056062,0,835.849860246106,0,559.074193562772,1892.78931707565,1905.33417538646,0,0
0,484.541859149104,0,0,1386.95610670504,310.522902622761,0,0,579.206405392051,605.94204038053,0,0,441.719465101187,0,254.138793928594,0,314.40605349619,0,0,323.67998659933,0,0,409.524303963916,0,0,0,326.145846301495,0,531.210872278676,0,0,261.243258251933,257.827786320454,0,811.772532221925,0,550.132465826663,1991.50366690538,2004.71678047959,0,0
0,487.976803749831,0,0,1441.38338663197,324.779137051905,0,0,599.569125827547,627.121895104535,0,0,450.716477347061,0,257.193737180024,0,313.310753420597,0,0,322.533498954301,0,0,428.184587587808,0,0,0,351.565301674538,0,571.770388220922,0,0,280.210708918157,277.218764955172,0,852.447680795563,0,533.811363776524,1858.11232129953,1858.76796546676,0,0
0,488.214169095613,0,0,1443.817209918,325.092046336599,0,0,598.816996170024,622.507433105998,0,0,450.975416596709,0,253.592862337296,0,302.847200600222,0,0,309.044636364179,0,0,402.526454217643,0,0,0,354.080887724557,0,578.712246513335,0,0,283.553270117983,277.110236838782,0,848.77349985185,0,569.399443119023,1922.00004849282,1930.40279338119,0,0
0,483.363047783911,0,0,1394.87769863325,314.805531952053,0,0,584.836094247048,610.765182804681,0,0,444.586690924456,0,255.878071707478,0,309.678280700321,0,0,315.953221836785,0,0,424.520032205779,0,0,0,349.760007869771,0,577.118278488609,0,0,289.534285928542,286.191081214779,0,885.247557837116,0,567.88533197403,1944.78665490246,1952.67836495644,0,0
0,485.08211841564,0,0,1392.0825243874,313.450286544036,0,0,577.444419058876,601.469502724502,0,0,433.190327085217,0,251.529750610123,0,306.705349122463,0,0,315.065163713745,0,0,431.037682316749,0,0,0,363.467266925558,0,597.592821117868,0,0,301.240915753143,297.238945365992,0,916.849443225179,0,623.458160782007,2146.57624677196,2152.67491356178,0,0
0,561.006186762368,0,0,1563.0668179447,350.295704923785,0,0,624.036307095485,649.943740809006,0,0,456.855184189546,0,258.545405623821,0,315.245137726388,0,0,319.762610889935,0,0,429.717651642858,0,0,0,365.058266358196,0,597.319880201377,0,0,294.352006892485,293.338947111417,0,898.474516445011,0,589.092657581563,2075.13205300871,2084.53564478581,0,0
0,565.89285254788,0,0,1636.09566817444,366.927015085175,0,0,655.440841037178,681.486496692481,0,0,485.326065585881,0,273.334322592996,0,330.667707067461,0,0,334.247102510747,0,0,438.630560822165,0,0,0,359.472905785488,0,566.422251345503,0,0,288.215127111906,278.065516624251,0,872.464582029761,0,594.425363365319,1992.53292143323,2005.44121361856,0,0
0,563.031235711644,0,0,1658.33285373867,374.782284834115,0,0,678.078449745658,709.182984040937,0,0,513.313324432522,0,292.684045968449,0,354.820759133948,0,0,354.699163732234,0,0,461.013349288711,0,0,0,371.562650660144,0,595.76425370527,0,0,295.490346113913,297.855213641865,0,924.888641303398,0,614.228597186435,2190.91043487978,2199.36276061336,0,0
0,559.359027151088,0,0,1577.35325039749,355.862626311056,0,0,642.343601130184,670.819662243145,0,0,480.524536600545,0,280.878341185684,0,345.116422410422,0,0,355.509763689999,0,0,484.038293671716,0,0,0,408.465225414657,0,665.198291287979,0,0,314.473719169283,313.128562176663,0,933.239025439454,0,622.656448822646,2137.89791887194,2137.50671716937,0,0
0,563.972783120476,0,0,1577.70208863243,353.557585902629,0,0,639.321928002596,662.199649791669,0,0,477.138314726224,0,267.015901408772,0,326.431113930596,0,0,337.639510845691,0,0,454.038761882685,0,0,0,375.894850149124,0,614.234477838045,0,0,308.485409614877,299.994999234571,0,895.91257845181,0,592.523309577183,2080.12629479433,2094.05914284169,0,0
0,564.681074226194,0,0,1627.72504268954,366.943092768651,0,0,670.955666924284,705.544950537683,0,0,506.79463729593,0,296.612188199302,0,360.955980107844,0,0,359.295997034915,0,0,471.568911432092,0,0,0,395.01535743721,0,632.026710737069,0,0,296.501927208035,298.620146616304,0,911.78616870917,0,580.727922830289,2015.85941306773,2024.31597396752,0,0
0,563.096916350809,0,0,1595.91221886014,356.955025011677,0,0,650.83759307446,678.310207429945,0,0,493.65507316056,0,278.018301747519,0,339.98023397659,0,0,352.295531769079,0,0,472.785153244279,0,0,0,388.50922437952,0,635.009226182428,0,0,311.898344182973,300.355975770455,0,953.23779270912,0,612.62332591465,2100.2456330067,2109.05306019955,0,0
0,567.374912747676,0,0,1676.61881289195,379.35987352748,0,0,685.313299451775,715.234889468903,0,0,507.303379506854,0,290.451687752185,0,346.130203476006,0,0,347.602478760792,0,0,468.150196560605,0,0,0,390.684272026095,0,626.205100739383,0,0,312.167806374278,315.60396512148,0,975.320908960188,0,654.703357991521,2278.96031587968,2287.56782317795,0,0
0,566.06098586984,0,0,1603.91930315301,360.770267924531,0,0,658.937406489688,679.001485116829,0,0,485.372860464834,0,276.077539594203,0,337.036163611372,0,0,341.318440260333,0,0,466.727761066934,0,0,0,392.179975123882,0,638.962476844156,0,0,307.825024881134,304.676132857913,0,918.248642919821,0,620.312810104666,2089.95953239975,2098.71326930687,0,0
0,567.677984073474,0,0,1619.88651487127,364.470906843298,0,0,670.156536296141,708.654777615012,0,0,512.964780290182,0,290.959001056277,0,355.626489701041,0,0,351.605288804096,0,0,475.234802355507,0,0,0,391.076599176357,0,638.11243795858,0,0,312.629437388242,303.642914869769,0,939.102750881622,0,622.089846064271,2167.18728040189,2176.8885692906,0,0
0,568.316840315247,0,0,1615.16276784012,362.584753386975,0,0,647.945807974572,682.981383810513,0,0,491.948084378117,0,278.386305736992,0,344.921175991429,0,0,360.685043584476,0,0,484.198660534649,0,0,0,402.838183535503,0,655.995627910899,0,0,331.249031795968,323.896129610451,0,1010.87828859223,0,672.42650922041,2306.1032449511,2314.70053349629,0,0
0,570.171153170821,0,0,1668.84064071153,375.361477151292,0,0,661.489494751888,681.337683222692,0,0,484.267980512267,0,262.653582165899,0,318.457501986613,0,0,337.462172659261,0,0,458.313878762323,0,0,0,387.632464475922,0,632.591651679521,0,0,323.194325274217,321.593020307026,0,1001.19153445392,0,703.881681463172,2350,2360.21739130435,0,0
0,612.826491456412,0,0,1757.31076072423,395.579607194794,0,0,704.730808993058,733.562608425445,0,0,515.878839165565,0,296.579736020981,0,355.325684805988,0,0,353.26541108073,0,0,476.444340792072,0,0,0,388.387301089372,0,613.334192913817,0,0,304.376410340758,306.532601287312,0,975.128206713096,0,649.942022794778,2350,2360.21739130435,0,0
0,613.433939841967,0,0,1750.67070043279,394.019707635342,0,0,697.945431148883,732.554563673691,0,0,506.331753771241,0,291.168435288235,0,361.050453619358,0,0,369.278015707099,0,0,495.690159191125,0,0,0,408.36470354309,0,655.527053885219,0,0,317.16358098509,312.052832320398,0,987.25009017399,0,656.620093704303,2281.46358173495,2286.09990663157,0,0
0,614.31000941606,0,0,1752.58788943,395.040892656167,0,0,704.413139532231,731.479962863918,0,0,523.862207930106,0,296.035242046644,0,366.259973512988,0,0,372.514776382483,0,0,495.690159191125,0,0,0,415.647058823529,0,668.947348111301,0,0,329.981767032295,322.136901663286,0,994.0618470303,0,694.54409780283,2312.83608931347,2321.44537232866,0,0
0,615.857750156459,0,0,1727.09192204695,387.888428095064,0,0,685.658477753617,719.788654869627,0,0,505.786961628921,0,290.489574083236,0,355.62133684196,0,0,364.535280747068,0,0,495.690159191125,0,0,0,413.023529411765,0,662.555414290938,0,0,326.687142680093,325.458422516016,0,1014.58522299058,0,652.103826373419,2350,2360.21739130435,0,0
0,620.541017028822,0,0,1790.58805630511,402.633028230874,0,0,706.928794795539,733.906546764855,0,0,515.015612982455,0,293.812265764368,0,355.632697045006,0,0,364.052338141399,0,0,495.690159191125,0,0,0,409.541176470588,0,674.947349873183,0,0,333.451968400812,325.118143821346,0,1017.91772026643,0,673.196027430052,2280.22389148979,2289.31733032696,0,0
0,612.35737836411,0,0,1756.28968364571,395.88555415272,0,0,702.820600683714,739.109118438786,0,0,520.257847651703,0,301.859399527821,0,365.353411379505,0,0,362.722397178113,0,0,495.690159191125,0,0,0,404.458823529412,0,661.245649108298,0,0,335.153042948323,330.583997511209,0,1016.72928388937,0,689.037774221472,2350,2360.21739125999,0,0
0,612.287766095121,0,0,1717.44986364841,385.840785593946,0,0,681.705880848353,709.240045120906,0,0,498.749466348946,0,288.56785862587,0,355.54717196594,0,0,358.463241593551,0,0,483.972928064914,0,0,0,413.006598092005,0,679.410845745744,0,0,339.876461422515,343.017963786788,0,1035.41694570738,0,685.090076621065,2350,2360.21739130435,0,0
0,621.482665808866,0,0,1787.56475522721,401.59540299535,0,0,706.80448216106,737.630879148228,0,0,514.846443290154,0,289.287222464254,0,351.835946546282,0,0,347.005854248355,0,0,480.491824054655,0,0,0,396.657145714922,0,655.987172769369,0,0,314.285328953565,320.676478662929,0,969.017889388393,0,647.258043748072,2213.66210632795,2227.65963180293,0,0
0,621.315064804065,0,0,1801.97569489379,406.982205461594,0,0,717.937364037293,749.481434358214,0,0,530.393730318307,0,296.575170787479,0,365.422657035506,0,0,369.112087183872,0,0,492.194635559872,0,0,0,415.45538161822,0,670.489234167716,0,0,317.761228410713,299.560765889615,0,941.245327970768,0,626.518720534838,2119.79793705815,2130.25269947516,0,0
0,616.971286407223,0,0,1750.76085442458,392.742646316387,0,0,691.61932856428,720.878785438615,0,0,515.694007537814,0,287.140199665438,0,346.969137934245,0,0,356.441918682041,0,0,481.16667468056,0,0,0,407.510032359412,0,661.287689369219,0,0,335.119877827203,335.128315961649,0,1038.06256481668,0,695.5987817919,2350,2360.21739130417,0,0
0,613.601997099604,0,0,1756.93109152022,394.841631118132,0,0,701.950808978563,736.824244695231,0,0,532.561062770234,0,301.418386229576,0,368.276804701155,0,0,363.971651805963,0,0,485.700691104694,0,0,0,404.943524127222,0,652.690999681653,0,0,313.975858230121,316.088996520324,0,950.492210416622,0,648.268679764766,2229.65848996421,2315.52042944805,0,0
0,620.471607509197,0,0,1792.53993078992,404.024640030105,0,0,704.905026856518,735.777144159021,0,0,522.265948955804,0,295.115771137957,0,365.904372968311,0,0,361.899172929635,0,0,483.648413671449,0,0,0,404.130764421865,0,654.310104948429,0,0,310.155593033146,305.345760780291,0,912.406767184153,0,612.755408413072,2123.92901770929,2133.76200759956,0,0
0,636.983599455086,0,0,1842.50465212758,414.183535383553,0,0,718.296719317627,748.178974990245,0,0,533.570129941577,0,297.108505706896,0,362.59807450023,0,0,364.429588883618,0,0,493.387184981225,0,0,0,404.659658227678,0,651.450738846117,0,0,317.596567603584,317.386647937761,0,965.67943330664,0,642.547313969141,2207.61535467535,2216.941059501,0,0
0,626.982558669137,0,0,1815.41152234762,408.358652058682,0,0,719.306050485999,747.236561751789,0,0,535.530688680342,0,300.993640636995,0,360.503159014128,0,0,370.935564701101,0,0,494.862491523565,0,0,0,405.189577800501,0,665.44539927026,0,0,314.022024849658,306.556237565946,0,958.795445416956,0,633.291202334087,2230.72223394043,2239.58542028927,0,0
0,622.163948219464,0,0,1765.34426215911,398.75440154925,0,0,719.955188676809,746.669075164509,0,0,534.681989812757,0,306.477916554831,0,370.261395803799,0,0,363.317772246306,0,0,491.935803282726,0,0,0,405.364377307556,0,659.22113493488,0,0,324.182164966294,324.016717342441,0,998.418574156775,0,657.769729308598,2304.96148702965,2314.3581767376,0,0
0,630.011751265691,0,0,1768.37947959907,397.757129140366,0,0,718.958493479873,756.912116170232,0,0,543.520826135233,0,308.830811970511,0,376.925352357297,0,0,376.322785411924,0,0,495.690159191125,0,0,0,425.676186054247,0,686.464134154106,0,0,330.507347896953,323.560462735953,0,1000.14957856131,0,663.487677330026,2208.74274626454,2216.9320674349,0,0
0,628.059145548525,0,0,1772.3811255546,397.720672684695,0,0,703.67608710001,735.95049553331,0,0,527.111322824384,0,290.070287190592,0,355.203927827146,0,0,363.366499056032,0,0,490.991385060071,0,0,0,408.981201000589,0,661.421597265283,0,0,317.791430939046,310.516890587067,0,951.634550734449,0,671.790274135506,2350,2360.21739130435,0,0
0,626.306981168744,0,0,1785.28318895487,401.809899840019,0,0,716.510900351673,746.779903433271,0,0,546.659084673649,0,300.608934601011,0,357.292838354653,0,0,362.132314442919,0,0,487.560474372165,0,0,0,398.816123961265,0,643.351445379148,0,0,309.400921425198,310.293120807618,0,957.779121761569,0,605.89511205566,2219.4604123438,2229.97591592805,0,0
0,629.573868569499,0,0,1800.88651670463,404.721393206427,0,0,707.305143857067,742.239207573701,0,0,521.793658159606,0,296.164865971448,0,353.514781917079,0,0,356.53296115147,0,0,495.690159191125,0,0,0,409.999999999741,0,664.828470443432,0,0,314.892904112167,312.703979514484,0,992.205022350281,0,645.086283778677,2136.1378729434,2142.2261727893,0,0
0,629.709034757781,0,0,1823.91295787294,409.194063700552,0,0,726.665537772923,750.817222668573,0,0,536.173544429012,0,297.848436810365,0,348.077218542408,0,0,348.572526652531,0,0,477.488218755147,0,0,0,392.845094196077,0,643.956892025433,0,0,329.485926041753,314.11020415956,0,982.521249458344,0,676.913726478501,2335.27212937499,2346.25101966763,0,0
0,628.53002063629,0,0,1851.82958266627,416.06972816529,0,0,741.588567448368,778.102232926052,0,0,544.133061137843,0,308.266605579459,0,366.275153698232,0,0,366.632389744687,0,0,490.801482807398,0,0,0,399.095154150766,0,645.877237562182,0,0,320.290871514096,322.221619552509,0,990.408464119496,0,662.563333609669,2301.71645981137,2314.36136965859,0,0
0,632.300674124364,0,0,1860.27342784272,421.402096259849,0,0,743.651553256293,776.327295854454,0,0,540.543349881662,0,308.792494579979,0,375.597944539626,0,0,368.164782957471,0,0,495.690159191125,0,0,0,416.514129890988,0,677.2232896692,0,0,322.524974353526,324.20577298599,0,993.071229555017,0,663.262134344342,2329.49839511361,2336.55530480065,0,0
0,637.286986973003,0,0,1825.32718934202,409.862953348733,0,0,711.811484481467,746.930592770007,0,0,528.648825217715,0,292.466111537547,0,367.674655086147,0,0,372.533336806114,0,0,495.690159191125,0,0,0,409.341176470588,0,664.09476336948,0,0,316.161420003116,309.456099175612,0,960.374644588724,0,635.448046891004,2188.54705097384,2199.90143920474,0,0
0,630.450292912486,0,0,1811.51682532855,408.428011889708,0,0,707.088060841706,738.331894477561,0,0,523.311423678854,0,290.70105760368,0,351.44165827494,0,0,360.417293766282,0,0,495.690159191125,0,0,0,408.858823529412,0,675.621826212544,0,0,331.997596195286,327.407019236175,0,1002.41394623196,0,665.200126467462,2326.34816673754,2334.87721266188,0,0
0,619.221373463252,0,0,1754.02712785165,393.961964133597,0,0,699.994238836462,720.71699673237,0,0,516.44553490211,0,289.81666343649,0,351.098979583624,0,0,359.349396786873,0,0,495.690159191125,0,0,0,407.517647058823,0,663.095939979068,0,0,313.739759156718,312.64180610995,0,958.684901376133,0,647.412501244701,2192.52488456259,2203.5134051883,0,0
0,621.779794349304,0,0,1774.07127030725,400.111311701357,0,0,720.95032081985,755.216420113534,0,0,532.231860002917,0,296.859046374003,0,356.694225077322,0,0,354.60113331408,0,0,472.487523122408,0,0,0,390.463067362337,0,654.548444675291,0,0,328.194908748122,321.346819416476,0,974.821262754462,0,663.444008269963,2310.56766359879,2320.98020265404,0,0
0,623.499118406972,0,0,1774.5867040065,398.803050800436,0,0,708.178763558526,743.143569494134,0,0,526.06932060268,0,291.334320023552,0,349.413150697418,0,0,354.395499384327,0,0,495.690159191125,0,0,0,410.682352934811,0,662.91729525044,0,0,326.723901965691,325.07993250831,0,964.489185724865,0,646.360733403086,2265.30841499739,2270.78827659679,0,0
0,618.042107888614,0,0,1758.52697102538,393.782775879958,0,0,708.656182947948,740.004287630817,0,0,543.880372076876,0,299.794924046959,0,363.000754662454,0,0,362.204096284127,0,0,488.733882059532,0,0,0,395.902957453686,0,634.016580510718,0,0,305.905328036757,306.36323621486,0,917.813154993947,0,611.200724327625,2140.25699607494,2153.46954007202,0,0
0,620.702928680269,0,0,1818.730286794,411.575604381371,0,0,733.963516842996,760.910057678863,0,0,537.115619610368,0,298.10501939716,0,365.841274483946,0,0,371.369050926566,0,0,495.690159191125,0,0,0,404.517646456086,0,662.108389920246,0,0,317.268014621685,309.999800422571,0,941.656077080783,0,628.174981523827,2100.67254521427,2107.9346974608,0,0
0,619.053115501375,0,0,1751.90586905447,393.117834556082,0,0,705.702521896133,742.058450272913,0,0,531.505454280937,0,293.921499159197,0,362.315672407099,0,0,364.082768789632,0,0,495.690159191125,0,0,0,402.941176470588,0,665.756767385678,0,0,318.715737169359,316.594743318608,0,986.005537469649,0,650.602986116216,2316.73493748639,2325.42854636378,0,0
0,615.921166196084,0,0,1771.09172550188,398.141921545868,0,0,708.016939021718,734.000831677777,0,0,518.618187714044,0,288.558162506397,0,353.034732242555,0,0,354.201086338979,0,0,495.690159191125,0,0,0,410.6,0,665.931290150239,0,0,312.562550469108,307.264596805047,0,967.08768182322,0,637.201535604418,2219.48527540561,2229.49807702049,0,0
0,617.030745452763,0,0,1767.45616362356,397.917310941014,0,0,720.120561681387,751.853592330819,0,0,530.175679335343,0,304.622568100178,0,375.104592992739,0,0,372.231763670678,0,0,495.690159191125,0,0,0,415.423529411765,0,669.504119505279,0,0,333.936225790934,323.270017098582,0,999.901573458358,0,660.737707702197,2270.34663131472,2279.11642565806,0,0
0,623.666871471629,0,0,1804.0028472926,406.599349618641,0,0,729.759960265286,765.541664379252,0,0,553.678613153957,0,298.46962680623,0,359.321168944538,0,0,354.464982635379,0,0,495.690159191125,0,0,0,416.682352941177,0,672.438822745857,0,0,334.806834654756,335.78877809822,0,998.7662676565,0,657.375245149255,2341.02849650544,2350.93651904283,0,0
0,617.84133708893,0,0,1768.05430446613,396.634547429855,0,0,707.535372885043,736.205685987985,0,0,532.143155655803,0,304.97919581683,0,371.879634025596,0,0,361.769595640196,0,0,495.690159191125,0,0,0,409.129411764706,0,663.982884686383,0,0,316.96882743641,319.101621350633,0,949.02892062273,0,599.081939873878,2076.86673611914,2087.002782188,0,0
0,615.077936994901,0,0,1768.42297079052,398.730195914374,0,0,723.377144259594,757.896445894115,0,0,549.112111411352,0,307.57497538575,0,376.431809637282,0,0,356.63215448888,0,0,495.690159191125,0,0,0,423.035294117647,0,680.694819737038,0,0,314.892091236927,314.196334958359,0,917.283763680847,0,623.152615491985,2091.21768395047,2098.58115060663,0,0
0,619.187977563877,0,0,1773.81918644229,400.167704864427,0,0,712.114186486266,742.018352350919,0,0,523.157800620989,0,292.915483661704,0,355.766189962408,0,0,361.344894924369,0,0,495.690159191125,0,0,0,415.917647058824,0,674.049118459213,0,0,321.015837627867,307.261185577,0,920.130710842421,0,606.162780317965,2060.47816743672,2070.4557688799,0,0
0,604.770367101778,0,0,1690.88435016994,379.525224214505,0,0,693.078127930001,717.519363258477,0,0,519.388479180317,0,290.7590011931,0,358.249957579436,0,0,370.453227476159,0,0,495.690159191125,0,0,0,404.082352941177,0,655.068652068347,0,0,325.544912550914,325.736961943493,0,980.035565519921,0,656.32624447111,2350,2360.21739065924,0,0
0,607.533063029184,0,0,1750.30739642297,393.099092957274,0,0,722.718938094743,753.038134384506,0,0,542.469562836502,0,308.839656570837,0,368.814478088043,0,0,360.1449644667,0,0,495.690159191125,0,0,0,407.764705882353,0,656.442294298665,0,0,320.221067728692,319.032329841453,0,957.437350891098,0,602.576669229692,2147.46676951483,2156.64237310525,0,0
0,601.605202755433,0,0,1732.63114762436,390.797372449028,0,0,730.529983191794,764.106949305136,0,0,559.154054190469,0,313.592897156738,0,348.622890464022,0,0,356.05099714438,0,0,495.690159191125,0,0,0,409.835294117647,0,659.565643881439,0,0,305.771479195273,305.669221910093,0,937.979392238969,0,619.268841165576,2027.0250562827,2035.84331756409,0,0
0,600.393120219807,0,0,1699.24984553322,383.754115522946,0,0,705.851841344625,742.135787993567,0,0,539.005392813818,0,288.427768953782,0,348.058164457373,0,0,360.535457242332,0,0,495.690159191125,0,0,0,418.341176470588,0,674.999938773881,0,0,324.314253426703,316.077484256316,0,968.938057385652,0,670.02794048482,2268.90150015801,2277.43070915909,0,0
0,600.155830901787,0,0,1645.55853215713,369.428387929239,0,0,666.792453470927,701.460013569847,0,0,513.000490614022,0,301.366512198342,0,369.211247464587,0,0,360.436765990192,0,0,495.690159191125,0,0,0,420.776470588235,0,694.04799634264,0,0,328.314060677419,329.797497055591,0,987.269612191236,0,665.588646506817,2350,2360.2173913043,0,0
0,606.824771896779,0,0,1704.47505001764,384.087644509893,0,0,681.206577507261,707.0685165602,0,0,502.386451196138,0,287.484636141747,0,365.801754780266,0,0,356.609581648291,0,0,495.690159191125,0,0,0,420.858823529412,0,693.598883533146,0,0,323.926811988305,319.907174277542,0,933.611344284111,0,631.382349356293,2173.13098889119,2182.61926195816,0,0
0,605.916090151853,0,0,1693.54559623088,379.745834992236,0,0,686.056155890192,714.969724435506,0,0,514.018532923983,0,284.714639462768,0,341.824700435588,0,0,363.148187491332,0,0,495.690159191125,0,0,0,429.929411764706,0,687.982881460316,0,0,324.893117699323,320.39072651164,0,946.179527074196,0,621.57786021963,2135.4289690819,2144.77531820392,0,0
0,604.904955822689,0,0,1713.73079751829,386.53821181564,0,0,704.283098919278,730.092948816814,0,0,513.719913568603,0,298.444594015478,0,365.104523264792,0,0,374.108337218914,0,0,495.690159191125,0,0,0,420.858823529412,0,693.737057625221,0,0,325.911415947385,318.146268287453,0,957.69315028285,0,648.08200540576,2234.82542881392,2244.70038846412,0,0
0,606.657018834723,0,0,1703.12072643037,383.317677059517,0,0,702.850407897626,737.62229510833,0,0,523.863762712388,0,290.43378184679,0,349.566678458061,0,0,353.324982965433,0,0,495.690159191125,0,0,0,412.152941176471,0,671.46753371208,0,0,322.439950311177,318.934010847029,0,965.911104315555,0,663.986567030844,2253.98311664448,2265.5205257602,0,0
0,604.299041270846,0,0,1693.41110096014,378.653288466569,0,0,697.735984298664,724.633417883601,0,0,526.729349703815,0,302.42570340601,0,364.217039488956,0,0,371.024595248521,0,0,495.690159191125,0,0,0,406.505882352942,0,658.077651626797,0,0,312.223516553054,312.576457624757,0,967.528666010985,0,634.362678752277,2315.30710891136,2327.69430095793,0,0
0,604.872039472747,0,0,1762.91567399842,398.071222108925,0,0,736.591534376842,771.457164878425,0,0,552.403689803366,0,317.490385509986,0,377.32985178001,0,0,372.314805299157,0,0,495.690159191125,0,0,0,413.411764705882,0,678.104055878076,0,0,324.841104485782,319.364772556901,0,988.537502702717,0,655.032150033729,2215.93498169456,2222.97262532422,0,0
0,601.13422629992,0,0,1705.11732128677,384.72310266202,0,0,703.930513430983,738.914379352625,0,0,529.386998030285,0,302.439655578403,0,366.599023985964,0,0,371.01279725456,0,0,495.690159191125,0,0,0,414.611764705882,0,674.569174698194,0,0,321.493876040881,322.610987048086,0,983.157639937041,0,647.712567706853,2296.29386534844,2305.95077753607,0,0
0,571.098878458052,0,0,1579.89353058712,355.046442014645,0,0,656.273226763365,675.55199628126,0,0,477.073746736865,0,273.410901658658,0,333.78377398791,0,0,336.965824168715,0,0,495.690159191125,0,0,0,411.552941176471,0,659.785178220829,0,0,312.279609254365,302.814949853709,0,915.659215138598,0,602.964803370565,2094.26770962178,2104.83494463938,0,0
0,578.675681772954,0,0,1633.51082472318,366.936856410451,0,0,688.756015613679,725.340458544778,0,0,510.964509006226,0,287.30197537564,0,348.830051986384,0,0,348.612384194874,0,0,495.690159191125,0,0,0,420.635294117647,0,678.250171433198,0,0,319.327762318991,316.725870417226,0,947.144801219764,0,613.316582216917,2116.72670921498,2124.3322249932,0,0
0,580.292984063073,0,0,1662.64717127091,374.209708386638,0,0,687.283976718199,716.140983437624,0,0,490.744578360234,0,274.230240247789,0,333.092774399644,0,0,334.304458986711,0,0,495.690159191125,0,0,0,415.729411764706,0,678.466356339143,0,0,318.876412210364,319.114360491816,0,984.238484865199,0,640.877501209775,2157.7527178525,2167.11590634476,0,0
0,577.902140847429,0,0,1654.03485229818,371.449611484907,0,0,687.088587775625,718.66363936637,0,0,496.467217777148,0,276.507008709292,0,341.086479543563,0,0,348.130822072061,0,0,495.690159191125,0,0,0,413.258916598882,0,668.824404067195,0,0,317.002858592763,310.213347954582,0,945.205428822494,0,650.101352768991,2303.75704253927,2316.74401289714,0,0
0,576.890955824423,0,0,1655.7663500218,373.852520608614,0,0,697.196249032499,726.609206416532,0,0,518.726876614726,0,283.602170124253,0,349.974432113509,0,0,361.044281449076,0,0,495.500632254829,0,0,0,406.975575467226,0,660.779128921454,0,0,319.562777044932,313.40751944755,0,951.675920200112,0,604.721763088503,2119.47914634922,2130.54776917346,0,0
0,577.431139047596,0,0,1636.08385656308,367.998077282886,0,0,681.527408293817,712.781821017861,0,0,512.554125498433,0,290.906680181814,0,353.072145416185,0,0,360.229917386,0,0,487.54562874567,0,0,0,410.639822436674,0,643.338527620345,0,0,308.044646000944,308.221239460514,0,943.892311766954,0,660.720853874796,2173.19175830446,2184.98342169367,0,0
0,572.412112598378,0,0,1605.15294668059,361.286643432573,0,0,688.921309939456,703.832059507922,0,0,514.220871404331,0,288.832808244974,0,345.96508705326,0,0,352.805890128867,0,0,495.690159191125,0,0,0,417.117647058682,0,669.850131497261,0,0,314.986334619083,310.02289418813,0,935.909667926062,0,618.361045323661,2248.20618315991,2255.08828619076,0,0
0,576.149773705281,0,0,1614.35330276155,363.226325341182,0,0,710.680720251303,741.893407615876,0,0,531.791186314425,0,299.061081919721,0,353.265528642309,0,0,354.493634962665,0,0,495.690159191125,0,0,0,431.329411764706,0,695.162410521987,0,0,340.801169493258,334.20768067215,0,1002.30183871239,0,630.565933974855,2245.63724368423,2251.78936753857,0,0
0,580.157843218244,0,0,1636.57194452184,367.986182203369,0,0,709.081783577078,746.662139823939,0,0,526.670649899621,0,296.541804647515,0,361.656982745999,0,0,364.459185432281,0,0,495.690159191125,0,0,0,423.470588235294,0,675.22617809844,0,0,320.774103161604,321.030968742629,0,943.268771924823,0,645.607683747375,2105.64224629633,2117.66924413544,0,0
0,578.475215076224,0,0,1648.13368273767,370.710117744014,0,0,704.984597033038,733.379610309504,0,0,510.454240821898,0,288.378722636437,0,350.791853793774,0,0,354.788088910559,0,0,495.690159191125,0,0,0,412.4,0,673.118764198314,0,0,322.83282265333,316.98217427858,0,954.369261424962,0,631.722190391092,2178.78731998233,2189.25629601751,0,0
0,573.75908254776,0,0,1619.82405812252,363.995420841861,0,0,699.393007386806,734.218081111652,0,0,518.498638832369,0,287.689285713083,0,352.844262663584,0,0,349.105736109408,0,0,495.690159191125,0,0,0,414.2,0,677.340647503191,0,0,331.897182692338,324.513450143784,0,985.874341031443,0,687.154215263809,2350,2360.21739015828,0,0
0,577.63180846653,0,0,1644.31594680673,371.268714298767,0,0,698.559010709595,735.677946954703,0,0,519.126115229643,0,290.49610812893,0,353.913378084656,0,0,351.958807088078,0,0,472.701558813007,0,0,0,434.647058823529,0,698.964704447461,0,0,353.044985065468,346.309360437786,0,1051.75908383005,0,665.240728218416,2350,2360.21739130435,0,0
0,618.817398123367,0,0,1716.331469947,385.890182192836,0,0,702.018282685404,732.105041143906,0,0,512.747995024404,0,282.25999798453,0,342.276354437431,0,0,318.996994110734,0,0,460.766804845689,0,0,0,441.211764705882,0,697.66040824086,0,0,323.534836067066,332.573542130685,0,1002.11671447504,0,670.408675232016,2283.070934185,2295.08842748133,0,0
0,622.020067670898,0,0,1755.87170571856,395.417064398305,0,0,718.337379447496,745.877114817487,0,0,524.758032287693,0,289.69931634431,0,349.072324239595,0,0,316.375113039283,0,0,472.355899061364,0,0,0,429.823529411765,0,703.650354915239,0,0,322.400388897234,320.259341236199,0,967.109045085326,0,620.173269750346,2160.00225898268,2168.98194335235,0,0
0,614.442318259406,0,0,1717.84177728739,384.274634957262,0,0,702.120175406599,739.699026176659,0,0,521.724063862023,0,295.881155811154,0,309.963794694765,0,0,327.140045832354,0,0,490.857382261953,0,0,0,435.270588235294,0,697.317705541728,0,0,325.592823587859,318.29542542723,0,977.269994988189,0,648.693665329819,2211.08863428575,2221.11431150078,0,0
0,611.916106096582,0,0,1765.4077061573,398.04551869238,0,0,718.908723018924,753.10497143924,0,0,523.906894317112,0,260.213629868117,0,319.257855344924,0,0,336.035220893477,0,0,495.658864457778,0,0,0,428.04705882353,0,690.990883583814,0,0,326.700716080726,320.796876769327,0,952.437566983183,0,630.614180887412,2271.21943067783,2281.65998676128,0,0
0,614.204724815606,0,0,1738.11191965017,390.959224308962,0,0,696.838743505325,728.851177827579,0,0,502.916227701583,0,268.736538273444,0,330.182134679449,0,0,343.250310758404,0,0,495.690008595795,0,0,0,419.00000000144,0,676.536847414422,0,0,328.589946957609,326.616658292202,0,955.551003391857,0,624.169119088126,2108.4273750429,2121.98171177927,0,0
0,621.008806655428,0,0,1781.0776573031,401.323275003024,0,0,719.486105751666,748.337454148424,0,0,512.770315153826,0,282.210272735825,0,346.472807907314,0,0,339.245731979102,0,0,495.690158466436,0,0,0,433.070588235294,0,698.319992994957,0,0,329.343948728055,325.201668842056,0,946.933953730524,0,622.599414152947,2162.82013076952,2169.48932893029,0,0
0,618.012200947797,0,0,1763.2762073031,395.082134025429,0,0,709.31071689498,740.585886685515,0,0,509.10366371816,0,279.522291841757,0,343.759729255517,0,0,366.781892946818,0,0,495.690159187638,0,0,0,424.670588235295,0,683.283478787184,0,0,327.203006613515,324.134289011425,0,953.274090712304,0,617.59140685072,2153.03948963305,2164.52081641561,0,0
0,615.82197646158,0,0,1783.51811943595,402.597355569039,0,0,723.272530718262,757.726340775858,0,0,503.890503420793,0,293.79068510211,0,370.159932745204,0,0,361.001364876137,0,0,495.690159191108,0,0,0,416.823529411765,0,679.386292989438,0,0,333.747575004116,324.956487732085,0,952.210431955371,0,643.657964816097,2167.40002713268,2176.93744068915,0,0
0,619.526873278396,0,0,1768.05243803589,397.689885851371,0,0,709.116281170956,740.266970824208,0,0,521.332298586066,0,299.210771832052,0,359.586850117431,0,0,363.045138326419,0,0,495.690159191125,0,0,0,415.070588235294,0,665.653706717264,0,0,320.513664778236,321.676581578447,0,948.029329003917,0,631.064021503167,2210.16984474345,2221.13306460771,0,0
0,616.80027047463,0,0,1773.57164501459,398.579644218628,0,0,715.680909273366,747.165966208578,0,0,534.455999902279,0,298.262885934919,0,356.601362859164,0,0,357.3650772864,0,0,495.690159191125,0,0,0,420.941176470588,0,683.043468578551,0,0,322.377098232959,323.926361315723,0,935.01691747862,0,634.056596894369,2217.9230460397,2225.44133015128,0,0
0,611.040137947033,0,0,1746.39692393201,393.540856573514,0,0,699.318321958931,735.443272600914,0,0,545.40485251745,0,307.433515814885,0,376.358943314202,0,0,370.619434507395,0,0,495.690159191125,0,0,0,405.094117647059,0,656.786239157013,0,0,305.417741007592,297.932289309463,0,863.403485153223,0,594.84898273233,1985.90034272006,1997.9564573669,0,0
0,613.262923972239,0,0,1736.84114236161,391.971315883825,0,0,684.08196057586,716.737503922203,0,0,511.061579103261,0,305.806716850464,0,376.790349816553,0,0,374.069594265319,0,0,495.690159191125,0,0,0,408.082352941176,0,645.24117812392,0,0,301.384692018612,300.424209120087,0,887.99604553054,0,587.909922965003,2142.09384686601,2152.34472915996,0,0
0,570.811532206464,0,0,1597.69163205251,358.706455150777,0,0,632.740462142036,662.834452073881,0,0,478.109720151145,0,279.655886344094,0,333.38185113166,0,0,339.032062747512,0,0,495.690159191125,0,0,0,410.411764705882,0,668.270761278991,0,0,317.320706174743,309.618384039152,0,923.343519052354,0,608.834039100018,2067.64989167128,2074.86768843688,0,0
0,571.145870421415,0,0,1611.1266013175,362.741291883939,0,0,637.080600593744,662.526852424122,0,0,458.90702902065,0,260.879431157346,0,306.518374748145,0,0,305.163194407248,0,0,413.826456173819,0,0,0,364.378698536473,0,653.011427326586,0,0,318.221742030222,317.996190056844,0,932.581515334111,0,634.923363779012,2189.02427969288,2198.37780980459,0,0
0,574.076998196701,0,0,1634.99018864065,366.681999527413,0,0,646.793975451013,673.841242602047,0,0,463.483272742825,0,258.484589133872,0,307.717946605955,0,0,313.223888986337,0,0,427.127247196872,0,0,0,354.247197956414,0,572.996281562562,0,0,271.513655496473,271.334521150247,0,803.864376256442,0,554.566561012709,1926.98498091192,1943.1927543818,0,0
0,572.189946401427,0,0,1647.65146883483,370.725241315104,0,0,655.650719795068,685.851470578478,0,0,472.595186393003,0,262.870247742994,0,312.099378144118,0,0,310.061774738543,0,0,423.142448161352,0,0,0,353.981112796878,0,583.111582385831,0,0,281.02923611727,272.166774983898,0,825.688145388142,0,548.957670168609,1943.11365592662,1950.79621732474,0,0
0,574.818028252518,0,0,1669.80195648572,376.409373953009,0,0,662.938171668779,691.983057415719,0,0,474.756666371286,0,270.324211934634,0,318.385299076775,0,0,309.264994431824,0,0,413.664562182467,0,0,0,341.771196040634,0,546.354083970731,0,0,267.466887424718,263.378535641376,0,801.148635474374,0,549.655459396459,1891.72870400533,1902.11552647902,0,0
0,570.675122012706,0,0,1619.56327446225,365.475640509224,0,0,633.178561916183,674.160840904205,0,0,461.66870182331,0,251.986985740745,0,302.681395099228,0,0,298.536086821005,0,0,395.550307708925,0,0,0,328.224136665891,0,526.062228701186,0,0,258.380476462691,257.202687724411,0,776.500777449398,0,546.708977782182,1842.27143658251,1854.42297894889,0,0
0,572.930824393922,0,0,1590.72087602062,358.505056775278,0,0,610.511085180396,632.208909064995,0,0,446.812693507585,0,247.722233022623,0,295.664489112536,0,0,305.97865379566,0,0,419.366189435368,0,0,0,345.502684155144,0,559.280346811006,0,0,264.973573882634,266.695210204258,0,805.566245375923,0,522.38558417103,1928.59058953021,1932.52282480891,0,0
0,574.818053592505,0,0,1598.14370826906,358.867027250416,0,0,613.579277961447,640.497255241602,0,0,451.550237777413,0,247.83176676254,0,294.164092114215,0,0,290.31665972811,0,0,393.424291675223,0,0,0,332.494117946265,0,544.98526404827,0,0,251.244835443396,254.27876396367,0,791.315332069575,0,550.03299449926,1785.33140424113,1794.3829006802,0,0
0,569.160272279664,0,0,1591.49468626205,358.447202686046,0,0,613.249817312905,641.625056923989,0,0,451.35387591216,0,257.66016638347,0,311.816869714701,0,0,313.903412694833,0,0,413.681125747109,0,0,0,334.905962427141,0,534.369572516333,0,0,255.495697665393,242.486413806476,0,765.490636450569,0,517.209688281885,1861.33082397925,1872.57808576127,0,0
0,567.71095111986,0,0,1567.04362651046,351.997672122997,0,0,601.046204832925,626.292916806459,0,0,437.516727804452,0,245.903065829957,0,299.040031671204,0,0,300.768650026852,0,0,414.90463183358,0,0,0,337.13304876582,0,536.326617136062,0,0,259.172971403707,259.660937466486,0,806.199258106295,0,532.285856382222,1905.41471776039,1911.00889346406,0,0
0,571.112903330748,0,0,1606.54687361424,361.111127390593,0,0,614.966825333908,645.788245787892,0,0,449.590197410497,0,247.545204044171,0,298.297942588905,0,0,299.800574556323,0,0,398.392909635092,0,0,0,336.011316475315,0,540.182056968249,0,0,250.467871486162,249.955163515145,0,752.107383665922,0,513.952164874455,1718.88295841715,1727.2899557884,0,0
0,573.098754861889,0,0,1606.19654505899,362.816092521189,0,0,612.607620252839,644.756090384982,0,0,448.30305610903,0,249.786507963373,0,300.644689823954,0,0,299.229302851583,0,0,399.458339964042,0,0,0,330.272308584132,0,531.681613949423,0,0,249.478239391068,247.041220348769,0,728.406790698178,0,494.539205818722,1737.19590012575,1745.92386276233,0,0
0,484.830363873642,0,0,1366.92886428438,307.548046572363,0,0,530.913583592409,556.120078877264,0,0,398.142291136802,0,227.997716474612,0,284.560813487065,0,0,295.066503541676,0,0,402.348744647521,0,0,0,326.099979325267,0,525.225162677103,0,0,255.469320209022,244.11496433936,0,727.161523150079,0,470.446191272535,1659.19512266139,1666.06538485748,0,0
0,477.012149269819,0,0,1311.44247605441,295.681252343924,0,0,511.872493925328,532.067655171433,0,0,368.524241332799,0,209.64451395074,0,260.801083246587,0,0,266.457727314952,0,0,367.935618068075,0,0,0,312.105656667342,0,503.488942891019,0,0,240.452363394657,241.884944201914,0,728.426438671012,0,481.078730707033,1688.18038543333,1697.72675337722,0,0
0,480.851908046584,0,0,1323.45130923118,296.941679037527,0,0,517.247154058613,542.499803920025,0,0,377.66235024512,0,212.693501618432,0,258.758779236347,0,0,252.648397648402,0,0,344.583477343468,0,0,0,293.901211363854,0,472.129523978018,0,0,227.459716821006,233.361714171313,0,693.553864800946,0,444.568408976839,1584.59001724689,1594.17392202229,0,0
0,480.278960525519,0,0,1338.66848100567,301.20128574519,0,0,519.987871252536,545.468663835268,0,0,383.424334712018,0,210.713996903945,0,254.65992228548,0,0,244.903390008052,0,0,338.052844590829,0,0,0,283.279719601438,0,458.813509465313,0,0,223.624707458397,215.619086774754,0,650.787426468392,0,421.342733393427,1397.83171814289,1405.05657729281,0,0
0,481.290044179044,0,0,1350.80781281297,304.046834828021,0,0,522.02906606657,544.936134447691,0,0,388.799950233322,0,221.138935656735,0,271.46461978021,0,0,272.249930006246,0,0,371.627277662045,0,0,0,302.608865663363,0,479.619890846457,0,0,223.749650023502,226.684564047899,0,671.667585896944,0,453.757737012143,1551.80665368801,1557.04377029777,0,0
0,479.840951112058,0,0,1331.62727535013,299.383931490305,0,0,506.867677148131,529.257619391208,0,0,359.311803098267,0,203.56458109192,0,247.480001379542,0,0,251.851152878294,0,0,339.260892659718,0,0,0,289.024740786431,0,476.458938743773,0,0,226.177594702261,220.029805979083,0,650.106752481565,0,438.172474790726,1553.10333389056,1560.80446350319,0,0
0,481.425083650057,0,0,1361.02115282359,305.868424673683,0,0,520.612410912265,543.406036393821,0,0,371.016390843061,0,207.893103321957,0,248.603415647684,0,0,244.415579211495,0,0,326.259866413284,0,0,0,270.703125007269,0,440.654177612294,0,0,212.336066783584,213.028645229524,0,628.492565067183,0,428.188079303907,1457.86080104366,1468.19531304213,0,0
0,478.964906933015,0,0,1342.15406638471,301.873491222438,0,0,516.037886067287,537.577233800328,0,0,370.625569315793,0,205.111376139252,0,251.687344414285,0,0,250.830975701854,0,0,348.35435534655,0,0,0,293.904294233756,0,477.936838508045,0,0,225.162987127355,221.099906172853,0,669.759682918668,0,447.771159663843,1483.66500676916,1484.95842724817,0,0
0,483.815952218689,0,0,1377.15142379366,311.270111097057,0,0,522.335019072066,550.313973876352,0,0,381.840328302333,0,206.76870368472,0,253.236119697455,0,0,248.064406103249,0,0,337.019360842255,0,0,0,269.232486389357,0,438.288407365,0,0,216.733708310498,214.053654633194,0,646.457921478437,0,469.332299953978,1697.58896797399,1709.72556728494,0,0
0,478.76421216976,0,0,1313.57078135069,295.088716005658,0,0,486.166723577487,511.631138483556,0,0,365.177516201008,0,206.346203963398,0,254.262607645599,0,0,251.338896780046,0,0,339.129422059166,0,0,0,281.160872706543,0,453.372385292009,0,0,211.801807768183,208.24739903595,0,619.242896142642,0,414.136641104639,1420.12039134214,1426.16173990979,0,0
0,477.88799058914,0,0,1318.49737321757,296.663380682027,0,0,493.141277941256,512.267955940991,0,0,363.89051017293,0,213.300066612464,0,262.448659617115,0,0,263.235400791087,0,0,356.305543073937,0,0,0,288.111669737455,0,477.56263608415,0,0,229.284643369398,225.377154230259,0,666.918660820374,0,447.056500416563,1580.06074376442,1583.98223745471,0,0
0,476.643219790323,0,0,1329.0363452143,298.557154426945,0,0,495.609466391193,516.077920560702,0,0,348.487978795769,0,193.192625348155,0,234.517013020518,0,0,225.960897697356,0,0,301.351732595265,0,0,0,252.827764255177,0,411.519794271566,0,0,206.233519207736,213.449246201406,0,647.314184789475,0,448.892472719949,1509.33878292524,1521.68132546688,0,0
0,372.402602436306,0,0,1043.95603837256,235.853284674651,0,0,428.687290361046,448.55716835632,0,0,327.547687120651,0,185.365962683887,0,231.151226048108,0,0,233.191752545402,0,0,315.081848297448,0,0,0,259.298086848975,0,418.413056853356,0,0,195.509676482035,191.212040356447,0,572.871181884027,0,410.000076047423,1419.1548498117,1424.25205551681,0,0
0,373.410044303607,0,0,1033.00033556191,232.067825434406,0,0,416.709292770919,438.909056281366,0,0,317.063432144604,0,181.53711418951,0,224.248475167945,0,0,220.032494803114,0,0,301.137991003282,0,0,0,247.435778556704,0,401.307850525637,0,0,195.221107068812,191.801236943632,0,577.47504292292,0,386.889246984466,1439.66459889865,1448.14111627426,0,0
0,374.081740739535,0,0,1024.12971834855,230.906870428903,0,0,403.102043773353,422.203869419258,0,0,291.797509703404,0,165.105272381007,0,199.667455820623,0,0,200.705504775248,0,0,278.898997999201,0,0,0,233.037410091966,0,385.798905108578,0,0,188.339720998609,192.054867271411,0,570.123974413276,0,382.284706585366,1291.83940636892,1297.69397692728,0,0
0,384.488545595126,0,0,1065.51584269266,238.780815994232,0,0,409.258034741709,429.629707454818,0,0,307.999145025733,0,169.1263265782,0,200.677545822678,0,0,196.479982262389,0,0,265.099435671282,0,0,0,222.830020806184,0,359.127080078122,0,0,167.259170499459,163.420618017756,0,504.642937385233,0,361.645457668167,1185.13346957531,1193.23749055179,0,0
0,384.255263955497,0,0,1110.60767172546,250.590212789125,0,0,432.937370177613,446.656365255209,0,0,323.511278782697,0,184.656458632799,0,224.945999000898,0,0,220.303679062896,0,0,297.655277171038,0,0,0,240.72939624799,0,385.025191930751,0,0,178.005974849833,174.405319100463,0,516.198073559231,0,380.169745718987,1341.89611599054,1346.35115155125,0,0
0,374.925299429885,0,0,1036.05895176322,233.010580533071,0,0,408.984241065074,432.46573137185,0,0,310.737254721139,0,171.490724975554,0,212.006138562837,0,0,209.685178683168,0,0,287.79964017846,0,0,0,235.346643600375,0,382.112138684257,0,0,185.178128661909,182.97939438313,0,550.847856087936,0,366.354441919165,1305.89868602449,1310.64291601786,0,0
0,374.757064825736,0,0,1040.83582847602,234.778977161335,0,0,400.295612476989,415.289497100045,0,0,289.986906085003,0,162.518944049958,0,198.475975731415,0,0,197.125416847807,0,0,280.389168362901,0,0,0,233.681891927657,0,377.298508619903,0,0,180.123651163292,178.23458541712,0,548.502283060977,0,386.14659203843,1312.93212390456,1319.22518011032,0,0
0,375.260805555732,0,0,1014.47659181779,227.550907179155,0,0,395.292378375443,412.77163978522,0,0,299.050203749806,0,168.807586714539,0,199.289758878815,0,0,198.159076235892,0,0,269.63626118834,0,0,0,224.816331445833,0,373.730544386023,0,0,175.462978770822,173.1847584493,0,533.225251130572,0,374.403425405515,1294.48340052361,1300.89617227965,0,0
0,380.717892108785,0,0,1068.47178062117,241.342436256507,0,0,411.885060572394,431.089260727659,0,0,308.778458920231,0,176.843493723919,0,210.217254457111,0,0,210.420937757127,0,0,288.855131224515,0,0,0,231.129712220174,0,378.297609854009,0,0,177.048191367582,177.052781137599,0,540.716240534507,0,393.877855602459,1320.46737389214,1326.57494792294,0,0
0,376.845191532603,0,0,1030.52382797031,230.57101308702,0,0,394.0877416295,412.846009206237,0,0,296.435603012673,0,170.327932742764,0,203.768079154421,0,0,201.106091241333,0,0,288.633603335018,0,0,0,240.616694449213,0,391.402146098818,0,0,184.154560096849,183.583606386446,0,559.361178435264,0,390.739152183154,1402.28920204457,1403.89437660222,0,0
0,374.925045985812,0,0,1053.80710963674,237.34471729109,0,0,403.900386558815,425.571804986209,0,0,309.132516910956,0,165.853910216689,0,198.481344336017,0,0,199.93684095004,0,0,278.719527840094,0,0,0,232.881178108487,0,379.176413081472,0,0,182.064936587841,175.669804588012,0,530.765161346673,0,360.281251831822,1313.80671179241,1322.23715329765,0,0
0,376.87785444454,0,0,1057.59165602657,236.536054527419,0,0,394.205808062205,411.539829733021,0,0,301.361940212754,0,171.908478170737,0,206.327831562483,0,0,198.481263427721,0,0,268.115586553022,0,0,0,220.237311691932,0,354.812070697754,0,0,165.492215468475,169.530933664256,0,505.340560131178,0,358.963184554462,1184.85511539697,1194.08064759143,0,0
0,399.64129906089,0,0,1163.18500853034,263.341024350127,0,0,434.944297221099,452.181317465578,0,0,317.102199644466,0,173.247862315496,0,205.887304528832,0,0,198.006793093516,0,0,271.202761672548,0,0,0,227.230598794991,0,377.720210651627,0,0,180.391380228329,170.744184703318,0,500.245865677092,0,338.013599858219,1209.80108255364,1212.48063737428,0,0
0,395.937126696824,0,0,1093.68500401448,246.442780389007,0,0,404.290526960012,424.844032396833,0,0,299.232700498036,0,168.145342741878,0,211.063317552337,0,0,205.365705016729,0,0,273.919331434634,0,0,0,223.197977216654,0,369.973042408682,0,0,180.344363784166,181.717212469429,0,543.009975638382,0,361.321581403398,1242.8242004676,1250.39137070987,0,0
0,399.269669418933,0,0,1083.47259266187,243.78192327447,0,0,393.487024794131,409.518207124437,0,0,281.72255150492,0,160.214971988484,0,201.430523696309,0,0,203.953487159354,0,0,279.579659856531,0,0,0,231.469650909394,0,384.683326577939,0,0,182.927763109794,181.686327789077,0,545.263454966414,0,359.192415017528,1272.40582321317,1275.89403773538,0,0
0,405.905871469028,0,0,1132.57918695722,254.225743443876,0,0,404.18017784741,426.92356126935,0,0,295.092432682064,0,165.833642321868,0,204.396618870031,0,0,197.915081147623,0,0,264.224308200335,0,0,0,224.909227411737,0,368.779492393055,0,0,176.07065660476,172.386824390688,0,537.202806628631,0,361.698815313099,1211.14579121713,1218.46081357235,0,0
0,400.080337088929,0,0,1125.82337360614,253.907113858528,0,0,405.117252168394,420.427921904931,0,0,300.788033657358,0,171.146759171673,0,207.109584873725,0,0,207.736288156513,0,0,283.03068356061,0,0,0,233.441401018451,0,376.06077155435,0,0,182.231127671012,180.050506012891,0,556.375505698709,0,369.0342626305,1310.40266889159,1314.16746224804,0,0
0,397.316936994901,0,0,1078.27921938331,242.858550724137,0,0,395.371448377862,412.937255094711,0,0,302.534458019971,0,171.770970080525,0,202.797495688749,0,0,199.199256232408,0,0,271.087580675694,0,0,0,228.242396500335,0,361.147452152201,0,0,173.109001818986,172.893516466777,0,526.242825085896,0,369.492913960152,1251.36161509934,1257.50321205725,0,0
0,401.729947510659,0,0,1107.34162294293,248.669499661619,0,0,397.41197875512,412.148186620536,0,0,291.355490138197,0,161.991537742597,0,193.823668721758,0,0,196.111851829133,0,0,267.812430809066,0,0,0,225.087365129484,0,366.667879710584,0,0,179.025820902412,179.425303779114,0,535.43001734027,0,367.011583213864,1249.49334254715,1255.04628169348,0,0
0,395.90433709153,0,0,1102.43386959835,247.460226103204,0,0,404.077849650821,425.832191764463,0,0,305.283280023615,0,176.878021929689,0,212.874663341055,0,0,210.32442251388,0,0,281.858308358988,0,0,0,235.427091006456,0,377.157182570676,0,0,182.06981376653,173.006561998514,0,539.207681882994,0,373.619291758157,1286.39644506424,1290.88488437465,0,0
0,391.020147367429,0,0,1088.07419355324,245.178915708848,0,0,396.892570651445,413.180026331011,0,0,294.499659262292,0,167.50862762821,0,200.798529045662,0,0,201.320636419342,0,0,267.756951823646,0,0,0,226.021377202565,0,364.490844986455,0,0,181.27381899768,183.358221777197,0,552.690853167389,0,395.683953402904,1398.96855082605,1406.98809845155,0,0
0,393.27582439479,0,0,1081.57673879574,243.472677298873,0,0,391.580903990177,412.695061583798,0,0,298.119754930445,0,170.561378267887,0,202.95713206117,0,0,197.267821959264,0,0,264.469636742875,0,0,0,215.080511113087,0,341.259974665199,0,0,167.427997477983,167.155394701616,0,515.597149476739,0,351.396218872428,1204.15621672649,1210.9341582546,0,0
0,396.980873273196,0,0,1098.28704172463,247.346054316236,0,0,382.09601826101,401.403180801501,0,0,277.064081728108,0,161.501677776789,0,197.116344932669,0,0,195.848313779366,0,0,269.388368245141,0,0,0,226.028265638856,0,359.503965883941,0,0,169.64105128042,168.123961132283,0,526.3666923924,0,350.511257138527,1280.01728758218,1283.87746954349,0,0
0,395.466150261757,0,0,1090.5563890775,245.612463165593,0,0,375.036006145032,394.140990449402,0,0,266.768641068703,0,155.151850073228,0,188.227168556668,0,0,188.090023839858,0,0,260.859094812879,0,0,0,209.815465593194,0,337.428441691554,0,0,168.233181551428,162.25061092831,0,506.267182680435,0,340.73046939975,1167.59937109527,1174.7671012375,0,0
0,354.553222335598,0,0,957.987938308117,215.367751040471,0,0,331.608250193434,348.489144023916,0,0,233.643709018427,0,138.591859517982,0,171.566894070698,0,0,181.459533961206,0,0,257.049454688197,0,0,0,212.937038750357,0,343.290726411694,0,0,161.862994679681,166.946629321133,0,490.691642659521,0,331.760692182715,1170.55959601034,1174.18100921418,0,0
0,360.88490157536,0,0,1009.46965323851,227.354858457128,0,0,344.704792849415,359.634898689917,0,0,236.066139110462,0,130.110071685481,0,153.210306594803,0,0,146.230167540712,0,0,206.050440821033,0,0,0,170.494624300455,0,281.61417595243,0,0,137.846983709498,135.361129502311,0,415.428176772028,0,289.382901688214,979.646981084139,990.500138537843,0,0
0,355.833212168028,0,0,976.472382525806,219.950293734477,0,0,332.997862840191,349.080601596941,0,0,232.184997343558,0,132.677446894414,0,162.920147624852,0,0,159.002410678334,0,0,220.806744627923,0,0,0,186.783811096708,0,299.973020347851,0,0,140.956982546736,141.001428373742,0,412.664023652312,0,277.868291519542,1002.66121678967,1005.98043410308,0,0
0,354.048080748794,0,0,962.246515124164,216.271216512329,0,0,321.62600870448,337.125739861855,0,0,218.542174177105,0,124.928933427097,0,153.270812205777,0,0,156.363282494592,0,0,212.01010526339,0,0,0,182.116061682562,0,301.593822672989,0,0,148.634472730632,143.240969116399,0,424.399103442693,0,282.801107833855,950.342520154995,954.458227832266,0,0
0,353.00405540014,0,0,964.205752138306,217.065473568393,0,0,323.628389322358,339.176046456851,0,0,224.247100633658,0,126.696141838495,0,150.439394157637,0,0,148.417733149608,0,0,190.7360031191,0,0,0,160.2493864014,0,258.504327420208,0,0,130.1400565505,134.452578332526,0,425.067236617752,0,288.286955556555,999.874545650161,1009.26009767623,0,0
0,353.777875079963,0,0,959.232044693289,215.23630490408,0,0,323.10129051814,337.343338600206,0,0,232.222257607102,0,134.846160589266,0,159.164307344096,0,0,155.109371204836,0,0,198.392264622359,0,0,0,171.165103455686,0,278.431960782084,0,0,131.951177561375,128.52629473181,0,397.589490661637,0,275.540099891924,987.234566729085,990.090407144225,0,0
0,356.270993487802,0,0,995.095150495402,224.363599944372,0,0,333.568259905878,348.117379090247,0,0,229.119005142897,0,132.121982022023,0,155.855973044004,0,0,153.452391846843,0,0,196.352876875539,0,0,0,165.32663795452,0,271.957075737708,0,0,131.737048788488,132.164898388538,0,416.003607282896,0,262.946463339259,903.731766449311,907.777593980481,0,0
0,353.307101376416,0,0,963.733100790169,217.082103546861,0,0,320.030422134354,335.510887953662,0,0,221.655652528592,0,124.612635665478,0,151.433179926216,0,0,149.329161522018,0,0,200.66525387136,0,0,0,165.743445467088,0,263.599774171601,0,0,128.647570966251,123.688150452872,0,387.193454620724,0,261.35324961657,946.786240829993,951.486438585024,0,0
0,353.307000003467,0,0,955.874968819626,215.309150471786,0,0,315.19860632793,330.374012094601,0,0,220.885214123664,0,129.672429682328,0,156.461941111266,0,0,149.400174715612,0,0,203.322074552952,0,0,0,167.353816485914,0,267.609545757258,0,0,129.232854446947,128.617790648012,0,384.812516890574,0,253.452857239507,840.856190069308,843.788032385743,0,0
0,353.307,0,0,949.654194737279,213.554139180797,0,0,306.946860592946,320.462212554659,0,0,208.505171082791,0,117.548650778978,0,141.805153452384,0,0,141.235302591468,0,0,186.860843239211,0,0,0,161.795424104784,0,260.485457514147,0,0,124.83592715557,127.556381262777,0,389.171183615127,0,260.611254005665,884.62895636034,888.625600485815,0,0
0,353.609969946782,0,0,951.968150566732,214.429528542543,0,0,308.610449652876,322.184475828915,0,0,211.828826532642,0,117.581962655106,0,140.256338963185,0,0,145.677486821283,0,0,196.774280232783,0,0,0,160.34701142866,0,256.876375538563,0,0,119.86533034789,114.774662938812,0,350.579370400309,0,241.804457126201,867.720646107136,872.194774738095,0,0
0,353.442064814467,0,0,951.03260754451,213.626269595583,0,0,305.167244161116,319.88044055235,0,0,210.26680174392,0,119.65966562214,0,140.06576930888,0,0,135.314892159313,0,0,178.143105229565,0,0,0,148.788760652366,0,236.2862016797,0,0,116.456313136111,115.92472844433,0,365.444240079332,0,250.703339195653,830.58339143198,836.461271893822,0,0
0,262.083114814214,0,0,712.550983497058,160.323131700222,0,0,243.809403194474,256.552047754318,0,0,183.866427360111,0,112.723813729536,0,134.122923029374,0,0,131.255283703368,0,0,187.277594184611,0,0,0,166.024466490223,0,268.383573985838,0,0,125.565374878405,128.587244018611,0,386.063090556218,0,270.788244341236,945.176266815983,944.153870493246,0,0
0,264.875963545391,0,0,734.582422616972,165.512202846572,0,0,243.777950352628,255.69446469037,0,0,169.138673733973,0,96.1658401748557,0,113.706297131147,0,0,111.388508758025,0,0,158.094078520607,0,0,0,133.845798581694,0,227.973379564483,0,0,110.166925058185,110.690268321636,0,342.94303247916,0,235.986911996207,840.164901299947,848.123752924424,0,0
0,261.744166190887,0,0,717.86360594767,160.930842471069,0,0,235.822618435373,247.567530960691,0,0,167.218871999156,0,91.4757081488772,0,109.913203326616,0,0,109.24002374318,0,0,146.43773974252,0,0,0,117.507735932756,0,191.824915310544,0,0,92.3628301588602,88.316034078015,0,287.870179747041,0,208.953611739634,716.945090239992,724.921681138884,0,0
0,259.521076038163,0,0,718.840224107899,162.452114686222,0,0,235.732165250871,247.439378025888,0,0,161.754776831917,0,91.4942594156014,0,107.084659239712,0,0,107.815830446399,0,0,145.528568451711,0,0,0,116.334849898794,0,187.234198602811,0,0,90.4903459499415,91.3847134022157,0,288.158155855327,0,217.169734239481,730.280624748614,733.558520328622,0,0
0,260.732879789728,0,0,700.162594632986,157.182420782046,0,0,223.125616189637,232.972222570805,0,0,152.038134809892,0,88.523115802824,0,106.908133032307,0,0,101.227085181921,0,0,131.491491401989,0,0,0,106.753111941905,0,175.030471666495,0,0,82.5287605637641,84.0127121473373,0,268.868146001291,0,191.081551120551,724.121923765603,729.662785632552,0,0
0,262.182048885341,0,0,724.533173972694,163.607112330952,0,0,236.295922799842,246.595469192216,0,0,166.568331110286,0,94.2015796002558,0,114.846270310418,0,0,113.399497394925,0,0,149.038567527563,0,0,0,120.039871704256,0,189.710166045283,0,0,89.6730332312485,86.8985271413726,0,269.304907557177,0,179.218008869151,622.805794644878,623.607683704921,0,0
0,258.47712672247,0,0,689.241242318136,154.493641368768,0,0,216.335576456078,225.982176360238,0,0,146.209373450253,0,79.7692480130815,0,96.6115022981594,0,0,96.2626525096208,0,0,131.609778238229,0,0,0,103.79972000151,0,168.011948050185,0,0,84.4163100605493,82.604365467087,0,267.607602945496,0,183.934595540521,624.047403084987,628.367658842879,0,0
0,258.779969951116,0,0,705.493074806174,158.853416202739,0,0,227.527707335278,237.514831016612,0,0,158.53823961786,0,85.6102443746288,0,99.1789278751215,0,0,92.9906597855416,0,0,125.089323680799,0,0,0,101.124503447807,0,159.896259569791,0,0,78.7891655827156,81.3920418892358,0,249.26200354633,0,172.365949226651,642.062514909133,644.811673650262,0,0
0,259.218004708031,0,0,707.411420817217,158.929751888517,0,0,227.627515664599,237.627208161324,0,0,158.171351234769,0,89.775432904814,0,106.099883294806,0,0,100.380561632595,0,0,128.807175678784,0,0,0,100.984062511701,0,157.88239145107,0,0,74.344244142779,70.3497375246379,0,208.220144732564,0,144.432524077041,468.668822887456,472.662916996754,0,0
0,259.082965237884,0,0,706.254701086441,159.737152785833,0,0,226.817650735942,238.105581406197,0,0,152.204329167049,0,86.6093449118672,0,102.336289332963,0,0,101.204192786246,0,0,131.410853534001,0,0,0,105.11872716578,0,171.063279323765,0,0,82.2490018261817,81.364658502109,0,234.79813748886,0,156.035833656047,557.657834108801,558.318181484585,0,0
0,260.564949310492,0,0,692.67699321934,155.496108688229,0,0,216.026872661048,226.821362911607,0,0,147.020322195344,0,80.8004665172192,0,95.172728246442,0,0,94.3865585996122,0,0,123.202856267612,0,0,0,102.488119420977,0,160.382915648497,0,0,78.4082365494731,78.9767114609478,0,231.423574710254,0,157.164121584874,537.834452399861,540.759100053277,0,0
0,259.656090157921,0,0,703.854802112964,158.129855809444,0,0,217.987104379445,227.564005927819,0,0,147.882950902458,0,80.7148753195816,0,93.3571020565633,0,0,90.5159306540286,0,0,115.265521257212,0,0,0,87.86047269494,0,139.785863392167,0,0,65.7170317564419,67.7821388869508,0,191.601418853785,0,135.733733758603,495.007573971377,499.870150036799,0,0
