15.8769230769231,16.0077095722911,14.519542649099,14.6416512568475,14.3006256344884,11.4791494572581,10.1928644620932,10.0957408195053,10.3699029097876,9.71235440827076,8.48710707831185,8.74891724572069,9.21357291642826,8.79498997333398,9.9083683121276,9.81442999008858,10.6621945972022,10.5386936990537,10.6226016332279,11.7355246030583,11.202694929459,11.4454236796444,12.5756807840541,11.8590923990667,11.9663566135533,12.2516329177527,12.4829883925844,12.3646297727314,12.8115978722772,12.4661722730093,12.4169075042686,12.6599741078774,12.4130124863592,11.8075996415681,12.0096239704409,10.8963038830397,11.2322683145532,11.9207672082926,9.54811581096501,7.75141599020493,7.75141599020493
0.0994835121175868,1.96706734675565,2.03570035316926,2.29250706712714,2.93630860226543,2.28490137997955,2.22927191380066,2.41910543889954,5.28573122586501,6.24494144283029,5.87739541759014,7.04186247765503,8.19396703965843,8.76030896772478,10.968494238182,11.1284227181857,11.9009598656889,11.5340270537226,11.5696598799537,11.9247283700424,11.1502473028557,11.2052717168074,11.7609809254908,10.9715195939453,11.1595115216271,11.0297063076026,11.3336200696063,11.5848015534937,12.1053075488234,11.6654247743993,12.1126691995892,13.162028362583,13.6850847507438,13.3161405091347,15.1176645875063,17.2016278443669,17.3565313697696,18.6990859396914,13.9317068271279,9.75534806251411,9.75534806251411
0.0994835121175868,1.56616389121167,1.49593327039641,1.78664727629179,2.92006628741585,2.35720717236662,2.18287920327201,2.39032709098895,5.40366933315281,6.06601329513609,5.37023673709282,6.05385882948237,6.87349993578712,6.64445838931298,7.44043656406245,7.33041320866862,7.89471231485256,7.73837970092881,7.81919726230536,8.66774738734018,8.36984972547411,8.98879967125263,11.1042886347405,10.8192833300988,11.0746826876736,10.6846206083508,11.4250917666186,12.1997624566168,12.7574957540283,12.3315770918802,12.8229987515824,13.6368168940041,13.6580925741352,13.0962702331458,14.2080335160854,15.2792085345905,15.8632180481841,18.3446874678073,13.5587073684031,9.42964930152639,9.42964930152639
0.0994835121175868,1.56615017925327,1.4959092890147,1.74230939481172,2.68538268857955,2.15279131091934,1.99153847236259,2.11181042411051,4.70591284575054,5.4320562907694,4.80297873112645,5.02868488056,5.30034384126351,4.98607021459057,5.48972003224772,5.39238141611439,5.8605361894072,5.77625787984368,5.8731843333434,6.8847569745219,6.71670954976539,7.1664345531628,8.76309683958488,8.56228212502827,8.66901762831986,8.22691981302159,8.7373384585306,9.48347058623511,10.4776312893765,10.5124237097451,10.8206398115274,11.2595956094479,10.9728091470264,10.671302733176,11.4419904145607,12.3201316619168,12.533915658353,13.6476127695955,10.2403136421931,7.2273574115475,7.2273574115475
0.0994835121175868,1.83293745601698,1.85491155804157,2.01871146316164,2.3184100639064,1.76553368591697,1.63180673989885,1.66534680469928,3.8419403772328,4.65026016090493,4.10724138908605,4.21368014605367,4.29770731626457,3.95542564442777,4.46481868248316,4.41871979429536,4.62993709080013,4.4980705917382,4.54850930293496,5.42297190497286,5.46287303573143,5.66268812559775,6.52336711906066,6.41476073723523,6.46461770431508,6.09360611908323,6.1546595129935,6.4583285482215,6.73724885862925,6.48085305712817,6.54183159792581,7.47850862259511,9.41042190871057,9.21806476311919,11.2241849021205,13.7533990917924,14.8081353840244,17.9121278127684,13.4458201013943,9.49600072713633,9.49600072713633
0.0994835121175868,1.56615930361469,1.49592524696817,1.56519539423101,1.75616772724679,1.34489023346758,1.24615346766637,1.26461197357745,3.03108466906411,3.73019214007755,3.30519781738677,3.31961995473422,3.51980071621018,3.47442643793219,4.78435690645007,4.94698372213297,5.28362644632063,5.16515841899064,5.25685162683959,6.48850965666623,6.37481956248809,6.77253826453356,8.0791969507487,7.69498774214439,7.75037314878083,7.37691804048015,7.37847014950731,7.57748866339872,8.00723347080994,7.64421537183776,7.7129768613541,8.2422935264779,8.6199159059527,8.19630775247439,9.33409014679183,10.6482770723425,11.0601647098778,12.7317988159364,9.45052571642419,6.5983614314023,6.5983614314023
0.0994835121175868,2.09972473356174,2.21391382843446,2.47226141325284,2.88119975459293,2.18672928626862,2.01846408740602,2.03303688176876,3.44781974298694,3.88860874201354,3.42211526118942,3.39329766748513,3.4531392143609,3.20340722599335,3.55265813688345,3.48271705836966,3.70308218642043,3.61225499114567,3.69184618439054,4.78813145630585,4.65989136333837,4.84878703544698,5.54775535644304,5.38622940056991,5.72247858761034,5.91671238552387,5.97658360271229,6.16585782485029,6.72446476434922,6.7287514736805,7.12890559258505,8.58910616930463,10.4850924277153,10.2199378865604,12.188478506746,14.5766711261667,14.7612766224313,15.9878449721463,11.9323613986902,8.36830602463971,8.36830602463971
0.0994835121175868,1.83295570567782,1.854943475589,1.97449225346749,2.08880971944324,1.56633450606412,1.4511921964035,1.469776732376,2.90116102072073,3.41494185123876,3.02753530832325,3.15590123062018,3.44727468535498,3.41607163339451,4.58094858969941,4.71138076509688,5.17316449857531,5.10750282128047,5.17101357997046,6.00400143315574,5.79057285473207,5.77000812076191,5.71128618778717,5.29953073971028,5.30574437193159,5.06572764782604,5.2098177454848,5.33485318800169,5.30336973726145,4.78410070805681,4.99978977563585,5.51929272693355,5.45939588082335,5.27612375483238,6.69357563549501,8.53830910119606,8.82075256140832,9.86984157539709,7.43505914659932,5.27123564725248,5.27123564725248
0.0994835121175868,1.56615930423888,1.49592524805983,1.52090842683635,1.5234578287355,1.14249768458051,1.05894293894238,1.06023967478942,2.40826543740832,2.97040416760486,2.63355756955966,2.64800182335107,2.94022513242375,3.04010615310485,3.72445157828475,3.75642613732065,4.21301737669139,4.19898700249021,4.26524270317857,4.86226056160239,4.65497945521694,5.05218800444685,6.21611848291849,5.85191655397299,5.8852890168887,5.57979350469206,6.21154125903953,6.84330255154551,7.23522662909729,7.03070303348678,7.23980984682311,7.88949294143164,8.47644637008511,8.14660315173774,8.96459717327647,9.76551706934318,9.91516183221053,10.9888198825681,8.08437100984679,5.58655896894495,5.58655896894495
0.0994835121175868,1.83293745632907,1.85491155858741,1.97442449460381,2.08507784040883,1.56249588667079,1.44317918180456,1.44188435140296,3.11489455376744,3.79374746524354,3.3459676956022,3.33155457875325,3.40746370630439,3.19689837908469,3.7434222377204,3.7209051631885,4.07257263222572,4.00770788799036,4.00503594566539,4.13015515726104,3.89034956299729,3.95040323243313,4.16171901906099,3.89604064592833,3.96818468812539,3.86557112020381,4.05339956184322,4.13922532669021,4.71258877158242,4.84736642387938,5.19211386717004,5.99506184333449,6.51592352101887,6.41184069464332,7.72265764015844,9.39022839985205,9.90161775727205,11.4939608674961,8.64580268151543,6.11448637796502,6.11448637796502
0.0994835121175868,1.83294658084739,1.85492751681528,2.06303231287796,2.55197857968247,1.96880111207903,1.82073008388943,1.87196478936797,3.46181892312192,3.91169118808561,3.45586696523401,3.56296329286428,3.82940159514147,3.70300331581851,4.5826042141797,4.61764156364871,5.12155189373993,5.0717720290462,5.10952300043661,6.04520284893978,5.88112257985187,6.09109195098205,7.06015822649992,6.83747379701609,6.80312808947544,6.3636125211959,6.55599093614573,6.90172889451719,6.91118279461081,6.27927185548449,6.41150979867709,6.87006895793324,6.77879555424051,6.29175128851351,7.49722494178861,8.89077112020845,8.68413036221659,8.93781972534387,6.57984948159774,4.5630427077194,4.5630427077194
0.0994835121175868,1.56615930392679,1.495925247514,1.6980563045243,2.45399319371122,1.95175243985152,1.80709227729664,1.89395023495476,3.65471937702861,4.09135661874673,3.6224086062203,3.7439358313014,3.93446900593401,3.73675633593901,3.90179091233463,3.77057622143925,4.30400183566509,4.30932968693279,4.31873228519609,4.62069228659844,4.43706708892375,4.66229069875991,5.68078844096561,5.59187760514731,5.68605257497667,5.47963982866716,5.56328181313033,6.03488069849953,6.3433024315841,6.16327458628365,6.31984428503595,6.51641909530285,6.42451867595513,6.28823550488635,6.52237115641355,6.69761300944372,7.25265156686203,8.90969092115629,6.6343715064644,4.6409816810123,4.6409816810123
0.0994835121175868,1.69954381771272,1.67541042366384,1.96908436869541,2.96677660436849,2.36338814782399,2.18486503610116,2.28707090970096,4.12320235215129,4.50499232109599,3.97753314110174,4.07973637732299,4.15705173407408,3.79665790168034,4.04870463266543,3.93083372991399,4.15950245757258,4.03876022541965,4.05936912267724,4.67868172012589,4.54226231557659,4.68829027337982,5.30177712385986,5.09458466459585,5.16597837620266,4.98527515531515,5.21762134433721,5.62682106202244,5.64176118788805,5.21057506066579,5.52201061829516,6.29115081420845,6.68262561470029,6.43924873063325,7.47544255950097,8.72715286621324,9.05250071438195,10.3128353071208,7.70172129438971,5.41099838833886,5.41099838833886
1.20076599125927,19.1696146029796,18.4135686891708,18.8968320760829,19.2988070660396,14.4952644532638,13.2938273251165,13.2762041035768,14.5904203031533,13.632959540941,11.6740659305754,11.1182730955505,10.7749518867102,8.80119927314478,7.02542586033347,6.0969016872092,5.34051072484437,4.75121315704595,4.59137025945577,4.52604936672046,4.22135322542647,4.3470287261599,4.77068639442331,4.45192621368183,4.49921686516877,4.35335221425399,4.71043951213632,4.90446707144904,5.18928240484646,5.02536086940882,5.25784278642357,5.64654980613003,5.51388048920098,5.38615175343905,5.78723726314827,6.22477389881444,6.69644458897856,8.10930046528351,6.0579411367199,4.25248516991736,4.25248516991736
1.20076599125927,19.1702290392853,18.4146433009178,18.8548264740005,19.1645215073048,14.3938871707842,13.3144685783084,13.3317084036847,14.7575238499041,14.0849875191633,12.4517392444139,12.4530551153173,12.5467150431681,11.6461974628701,13.0259870255424,12.8240439378101,13.0508287038048,12.4471065464525,12.4505290340202,12.6025083517816,11.7461924972857,11.6729650626996,11.7254326380968,10.8457878717586,10.5430174748907,9.68299453395403,9.76066960458618,9.37664795975813,8.93348900082722,7.4561453803671,7.20977928038412,7.27109628715333,6.50687334500173,5.8386160394635,5.966073420993,6.10053218235152,6.21856337874452,6.98882477034925,5.18421676326295,3.62387790734682,3.62387790734682
1.20076599125927,19.4370163375333,18.7736456075194,19.4412374100986,20.4255081887458,15.422330154088,14.2629102690476,14.3470496841485,16.0965478530177,15.2821976274431,13.4986594314785,13.5890521669006,13.7443958199648,12.678629108333,12.8432093909413,12.293104194618,12.3058175792351,11.6512362017644,11.626447202618,11.9799576785932,11.4304292799575,11.554115168679,11.981388291028,11.219857433512,11.2315610583825,10.5572336958692,10.7577460704456,10.9685818148777,11.1793195208781,10.5317213815954,10.6852935163684,11.0456222086751,11.0794514462126,10.6025148624715,10.8701749281699,10.9088451622577,10.9780495479861,11.9698164495647,8.80404667681206,6.08281834311073,6.08281834311073
1.20076599125927,19.3036318237481,18.5941604313709,19.1259223762246,19.6809446655112,14.8092659366986,13.7000441190879,13.7695988324425,15.4472558939715,14.7100487728176,13.0095901836036,13.2447405358531,13.4352899973007,12.3975916502622,13.0953970963641,12.7125944649442,13.4574294267987,13.0875374760912,13.1239165866455,13.6284793358136,13.068090225028,13.3699118180385,14.2528397000045,13.3308569572278,13.3040455277127,12.4625692198706,12.6845703003698,13.2784607705265,13.5983081664194,12.6669369916025,12.7080123259509,13.0283583102953,12.7172947054686,12.0483771670622,12.6147289116362,13.104389806583,12.845865089608,13.1717103132789,9.7486861814135,6.78588204477853,6.78588204477853
1.20076599125927,19.1702336230286,18.4146513176063,18.8991304629074,19.3980361147766,14.5971063516009,13.5033898481098,13.5555284449843,15.1492349623875,14.4402666781152,12.7690570124556,12.8879738003828,12.9843648046781,11.964269926821,12.7714716030026,12.4280147054486,12.4558065580273,11.8186754568395,11.8625440841142,12.405807967185,11.8686263163398,11.9601321429085,12.215818354531,11.4635887778186,11.5539614474695,10.9994187635923,11.3697542066457,11.5614308275185,11.6202956029459,10.8108060181557,11.1097225417739,11.6437492284959,11.6029146843759,11.3194976660156,12.7920578715497,14.5260421041842,14.8555007318709,16.3942150432755,12.2541592416622,8.61162525753104,8.61162525753104
1.20076599125927,18.9034417832247,18.0556410680995,18.5784244825192,19.5314004576354,14.7810476356932,13.6739865789026,13.8122080142789,15.820746566266,15.0457703340824,13.3050842285599,13.6477079740561,14.0119038854992,12.9981581066465,14.6742675226909,14.4780265398771,14.6945294339731,14.0039010712633,14.0097464531689,14.2506622409825,13.4347628548002,13.5998304345246,14.3219888393344,13.4575332192523,13.5015886643926,12.8570847460483,12.9841161036886,13.188040027233,13.5518258640715,12.6797109379107,12.6460882693893,12.8569467801208,12.6415658004848,12.0650905709295,12.3490603112782,12.4696333862407,12.1473275329951,12.2368152979768,9.06321933994463,6.31050161295998,6.31050161295998
1.20076599125927,18.9034326582382,18.0556251090528,18.3569557533767,18.3672942482094,13.7685230405881,12.7369086019241,12.7718722721677,14.2830587633462,13.6609066642284,12.0814001876495,12.3162549659102,12.5076785014585,11.5549784098439,11.9999714200463,11.6067060258433,12.0225647803534,11.6005789357508,11.7409978955044,13.1306862289874,12.724015835164,12.8770269591085,13.4067823016071,12.7804148489408,12.949330533706,12.3507471923643,12.6617362797036,13.3111973431455,13.4950694118311,12.6315044895319,12.7234148828041,12.8714910068466,12.6057021150434,12.0649009296795,12.3477050399238,12.4777303240371,12.0436997321948,11.8651796890961,8.81734182321072,6.16688113815404,6.16688113815404
1.20076599125927,19.0368262965425,18.2351262434305,18.628017696392,18.8807786712762,14.1808702165348,13.1160353301124,13.1495873322226,14.3189091510698,13.486938343116,11.9175716031194,12.0197794656781,12.3731908267621,11.6542950981631,12.0723760348052,11.6432943328595,12.3053999015251,11.9572564005374,11.9738828336324,12.3228798345543,11.7870821680945,11.8773349182605,12.289017640886,11.6472636918449,11.6525663798397,10.9247993240409,11.024313448746,11.8114985307506,12.1030536498974,11.3788472170231,11.5306889941276,11.9673527980096,12.0405147476306,11.7221858432667,12.1744457638847,12.6000379382538,12.2912244442691,12.2047061448193,9.14205604675404,6.43499738608603,6.43499738608603
1.20076599125927,19.3036181361904,18.5941364926644,19.0372976156242,19.2126814117689,14.40155568887,13.3195119029307,13.3355062432801,14.7562116925529,14.0781308194714,12.4383810613738,12.5379220765156,12.8891069445978,12.1280365024485,12.6988214823598,12.2836264490236,12.656351757067,12.1526028968462,12.241436376753,13.2849913019404,12.577366974964,12.6275982633623,12.807606566002,11.9663186361038,12.0043914276172,11.3732454672406,11.6060965944686,12.224052528086,12.3010958417921,11.3667804669685,11.648688445595,12.3031359938585,12.1980357307914,11.680615981415,11.6452756052742,11.3924547014854,10.788953808231,10.1102413494744,7.52431704224324,5.26872668064761,5.26872668064761
1.20076599125927,18.9034463453278,18.0556490469404,18.3570065728078,18.369200560068,13.7704765250902,12.7408859150838,12.7599920663804,13.5221258895362,12.5831233467317,11.1350435642628,11.2683689628827,11.4729018920843,10.7107616341403,11.4426179198063,11.1479297374254,11.524188009149,11.1040164619648,11.1613627546873,11.4966834148493,11.0366181564985,11.1761121859942,11.5086690086548,10.847423739907,10.9772986918774,10.5195497008164,11.4606468750056,11.8351021625012,11.892400072248,11.0233462983782,11.1450081728812,11.3156442125544,11.0270724986447,10.7197414660865,11.8160221321155,13.0292048900983,12.7576932548581,12.8753643128154,9.58595492003164,6.70665746984671,6.70665746984671
1.20076599125927,18.9034326583943,18.0556251093257,18.4012427236617,18.5990748663668,13.9699520739462,12.9220031410776,12.9905307527563,13.9924276367542,12.9969696821124,11.4883014091243,11.8211035338979,12.083095294191,11.1067052304682,11.6935199140028,11.3273393259251,11.4266973837112,10.864173348961,10.8827856589182,11.3342623150542,10.7834749596735,10.9132493385039,11.4972595222369,10.878503283882,10.8667096223345,10.2322824448051,10.92956621831,11.0817826965622,11.5255704879504,11.0035491863993,11.1851735719676,11.5507290336702,11.3782312936417,10.97086301951,11.6636593132225,12.351766435605,11.8364951005247,11.3974360334346,8.48296385955621,5.93846622454946,5.93846622454946
1.20076599125927,18.9034326579261,18.055625108507,18.4012427219247,18.5992284397915,13.9701113056677,12.9223528372366,12.9566795059211,14.1292573375631,13.319856834159,11.7747525066886,11.8864390003741,12.1587868782089,11.3844849788293,12.3063798785103,12.0110305745637,12.1364203864761,11.551982250753,11.5458563696432,11.5140177801877,10.9099868347935,11.1187786893486,11.7588986763381,10.9890627312467,11.0290747371145,10.4835043192037,11.0631801800694,11.6610308276137,11.7150689756941,10.8026346044248,11.153183670108,11.9341638241621,11.9018151766924,11.4691003045997,11.999336523717,12.4766662358251,12.2137640519847,12.3535990018928,9.19320051763566,6.43139106500188,6.43139106500188
0.81675963448539,12.8583056320586,12.2817871929039,12.6643174996786,13.4574028207544,10.2089176240712,9.48232953334384,9.57460743482854,10.6715289331609,10.1098732757483,9.06538980038688,9.29115136732259,9.52936240166905,9.2343599758261,10.6305407664395,10.5793131964712,10.8624217552521,10.4114832849902,10.4694801841441,10.5831583635173,10.1208443064038,10.2322029479646,10.6906439408605,10.1891384355119,10.3090627386162,9.86557380993225,10.4849126359693,11.0248062079949,11.3155856447965,10.6792960101339,10.949469980257,11.4454892641387,11.2842261031244,10.8937842413119,12.1135628169603,13.5008992326535,13.6955512759913,14.9517577985493,11.1380760344966,7.80166605991175,7.80166605991175
0.81675963448539,13.2582738909416,12.8199186735683,13.2109919305389,13.5711976878202,10.2004431732412,9.43285568741307,9.44847458694851,10.8677658858395,10.5752620895005,9.34019787619691,9.32575634564505,9.40288215741056,8.72412445981371,9.0112492863807,8.68786993259976,8.96334994483606,8.61932702935235,8.6747050819382,9.53606150004883,9.20340127829366,9.30226094681385,9.59045998474542,9.03757584074151,9.17371733999875,8.79321194063019,9.06380303934431,9.48762892669495,9.77060998388151,9.29942005933038,9.47530305784166,9.75991493175569,9.66526383649857,9.30204145430588,9.97858195918663,10.7076374298218,11.2984073067254,13.3160497768977,9.94321343796627,6.98984882174651,6.98984882174651
0.81675963448539,13.1248939322974,12.6404414640845,13.205702597633,14.454471364799,11.002945323607,10.1777644093738,10.2979185116775,11.8841501975221,11.2975981053962,9.98577113398649,10.093200292267,10.3588230966907,9.69985314757142,10.2229239578929,9.89449561395266,10.0662698086696,9.59904813676369,9.59596646334958,9.9902851591869,9.4721861011985,9.43349674527242,9.36977246095273,8.73381426238764,8.69097004613997,8.13038003393115,8.27123204796266,8.32185909185126,8.46435055426399,7.8882040491488,8.01060048730574,8.41922946912701,8.54110934499615,8.27829379056178,9.19104049942868,10.2793269386544,10.8197262653345,12.608122564904,9.43956303691937,6.64695176223503,6.64695176223503
0.81675963448539,13.1248893703501,12.640433485516,13.072824750237,13.7566850669306,10.3961314122586,9.61703589143689,9.70323457167092,10.7902584449201,10.1163768684908,8.94596998079526,9.17623303793387,9.54578575743782,9.00983559171958,10.1764373800481,10.0609819203477,10.1538228918522,9.67861011920913,9.76583096236963,10.7105061832821,10.3525968305422,10.3843112929987,10.582337103237,10.048467467442,10.046727797469,9.4240691578092,9.60951366775232,9.85886857608728,10.1100110860941,9.45866089607621,9.7062157513947,10.4199312297002,10.536388554795,10.0358543594079,10.4768496337554,10.8271617396871,10.3263598632938,9.92160922033596,7.33575082479484,5.09999521499129,5.09999521499129
0.81675963448539,12.9914957315777,12.4609323503195,12.7131888660525,12.7768446263662,9.57802843142508,8.86135636713326,8.89671295427162,9.73805496186624,9.17188144767895,8.11489259162373,8.35236409273237,8.63793859742303,8.09325188652834,8.20472827937383,7.88221903459769,8.12091340505442,7.81523730518311,7.85184906171554,7.97165692860774,7.65940189649416,7.93373298279715,8.86373888813818,8.49399271773522,8.63321404135125,8.27256823701842,8.36311182353367,8.76429604211025,9.03657114015366,8.65786715272817,9.09511567679001,9.71336339203646,9.59183089987143,9.38427293481368,9.63804132123971,9.75345210005531,10.0162344557561,11.1896222500163,8.32042355675845,5.81435161138754,5.81435161138754
0.81675963448539,12.8580975305462,12.2814232360091,12.5749708909977,12.9588921803288,9.77017316818661,9.03806730409111,9.08995148213138,10.0111448267535,9.414208659693,8.32396130009998,8.43829690205201,8.52877818732467,7.84608529263817,8.60084112068905,8.4222868984083,8.39776108780726,7.94244569021468,7.96727021908155,8.31105195087015,7.88610516552621,7.95821654467819,8.34637646142687,7.94363381283778,7.94297577855377,7.44530977182177,7.46802437678822,7.71928795167677,7.69481824009572,7.03679448967076,7.46806330422022,8.3744854579752,8.47158485400946,8.18243147266239,8.73439774466945,9.36569144614379,9.19778569599021,9.29250109902565,6.97666295413309,4.92840418588534,4.92840418588534
0.81675963448539,12.8580929679749,12.2814152563493,12.530666980704,12.7257509219035,9.56734105460161,8.84999570534007,8.8672866312887,9.62199910094848,9.06296331627553,8.01269296196182,8.01499311120978,8.29403845547691,7.93827131710446,8.4302625755128,8.19413174970637,8.49748947452807,8.19152912805695,8.22036880815991,8.43834630720189,8.03626432852574,8.12055008127831,8.3533643725349,7.82561516032205,7.89028747303208,7.53199495763583,7.77916426515932,8.36262662271415,8.55654053604346,8.0184074946293,8.15442648222984,8.39008135720022,8.05559503297141,7.73705267724979,7.90302065208372,7.97517564706175,7.68196617798192,7.49487366643324,5.56838975322611,3.88717076160592,3.88717076160592
0.81675963448539,12.9914866064352,12.4609163909999,12.8017289243031,13.2398568329326,9.98033261331102,9.23053755944549,9.28125263008168,10.1976877727202,9.57693751088844,8.46112667852082,8.56331378147353,8.64060335729835,7.92126408537824,7.86183732683269,7.48397685871977,7.43542958687461,7.01892721872452,7.0203234181227,7.31194640354125,6.99265552438313,6.99282656332568,7.34208725464294,7.15226736695575,7.18540683492007,6.77680834163734,7.14343523406932,8.30151963149989,8.4112516870373,7.90378000170744,8.28995687642961,8.85948026612468,8.64574022219259,8.3726150104261,9.07645202556336,9.80381812067283,9.91259652827364,10.7768808667239,8.00543366672579,5.59036709759231,5.59036709759231
0.81675963448539,12.9914911688504,12.4609243703868,12.978893743154,14.1711324777166,10.7903472342967,9.98025138837544,10.1342122105933,11.5482618941318,10.7939133195844,9.53769212421006,9.86358316909575,10.3007058734802,9.63676104079655,9.83284448347817,9.42745900825877,9.71260037876015,9.30731464871025,9.25801936551538,9.22044596926753,8.68099347858935,8.68123014877881,8.77229925449999,8.12576138981222,8.03341936957367,7.46740565402694,7.47314651631229,7.94216269618153,8.11462578156225,7.53186667074761,7.51100083682866,7.7305658076607,7.72320559408491,7.36794530171282,7.51929731325816,7.63464179242528,7.64198620498124,8.09871072556744,6.06286168017048,4.27277441036578,4.27277441036578
0.81675963448539,12.8580975303901,12.2814232357362,12.619257860136,13.192379573147,9.97337185279021,9.22704817850041,9.33105772217184,10.839205144442,10.3623969920662,9.16730287828804,9.51644586718334,9.98231535101669,9.42870640265343,10.3006525156737,10.0948986761598,10.5786292925043,10.2430303848115,10.2637688971454,10.291544718894,9.77379604604825,9.76532473182479,9.89755063409754,9.36734746189792,9.3977468662202,8.94550715703486,9.53923745562717,10.2557851594785,10.4844239920095,9.77259051598371,9.77817247153085,10.0173123033051,9.9338085267603,9.46245284301254,9.39953423295833,9.10185940217963,8.81452702375171,8.79593367190962,6.48537530905465,4.49083672445189,4.49083672445189
0.81675963448539,12.9914866065912,12.4609163912729,12.7574419551735,13.00761175528,9.77842200965774,9.04438543947713,9.11264623376305,10.4492997215798,10.004627963657,8.84230206152387,9.17475992042802,9.43755954865267,8.68331080316225,9.16943217762925,8.8993612301602,9.34579782219391,9.06257473054995,9.11376808493624,9.69206322244939,9.32007626668423,9.35379492805141,9.58436530669709,9.15057062627701,9.26832382334961,8.85124676803794,8.92009750957567,9.28034070100836,10.0048065523912,9.83323335804289,9.9546525121982,10.1103088739888,9.74689921432474,9.3537070188018,10.0136077217861,10.6945979432621,10.8806623042526,11.9932163590582,8.92707208514634,6.25272969227915,6.25272969227915
0.81675963448539,12.8580975302341,12.2814232354633,12.6192578595511,13.1916028307149,9.97256649612125,9.22527953788208,9.29432609715275,10.6339691401488,10.1740044889097,8.9956128966874,9.10993218062847,9.29241966299698,8.6480385203342,8.94135833779168,8.61800379343618,9.14294531549161,8.89346883023614,8.88662714115435,9.01967050539002,8.62748669694662,8.78317435379825,9.25000413102393,8.67877704535733,8.69672364911176,8.17906669618984,8.44682025155279,9.07818179253404,9.31989836760804,8.79156255002476,8.96545513296696,9.32390131463057,9.24004944188781,8.93861121214411,9.99738268859254,11.2138183909024,11.0316787127675,11.2620400420516,8.39740308018514,5.88877985996111,5.88877985996111
0.803826777910104,12.6545006070001,12.0869595752539,12.4658407921495,13.2269088811323,10.0270974229391,9.27619774880621,9.3455327917124,11.100985256022,10.8415875404924,9.58735828909456,9.59289931273374,9.69027430156866,9.02097197929365,9.47206892565153,9.16786061617187,9.54144145483848,9.19611099007595,9.24609711852691,10.1866578615076,9.73263295948354,9.77795363880212,9.9564612109981,9.29832623293336,9.27546224497011,8.70731762447275,9.12186571552071,9.71843577856095,9.80507578008319,9.06525487083315,9.26331039815357,9.78101935270027,9.72544112516713,9.26220797842061,9.37207505254091,9.35243737205365,9.21821359282301,9.52669513894148,7.0849879476214,4.95891932008868,4.95891932008868
0.803826777910104,12.7878870834382,12.2664481839631,12.648302204141,13.2750632696084,10.0347646356629,9.28129736511214,9.38375748886678,11.3000429612684,11.0157609735086,9.73511066568476,10.0652648480069,10.4171045186063,9.67370235338797,10.2774310515472,9.98373997378473,10.2421445094361,9.81553101942431,9.85921041648967,10.3611512546615,9.79646050632287,9.91746356155283,10.3055046324652,9.60783785527801,9.6939502799052,9.34351393722594,10.089841272494,11.8074021643842,11.8588409987549,10.9579557841701,11.1748167138507,11.6365687210845,11.4367717006912,11.0192710209349,11.1917652918888,11.1532603602092,10.9068352104944,11.068240511077,8.17849745864251,5.67314898021402,5.67314898021402
0.803826777910104,13.5882534773065,13.3434629724628,14.230403838602,16.1288145304067,12.3122067041471,11.3813739433809,11.5313204314242,13.6790771639602,13.1387999232605,11.5864088045951,11.6433752455588,11.8526129148259,10.9454175855072,10.9400670718068,10.4103442068122,10.3102413906656,9.7051668749456,9.65072013436789,9.67015356995396,9.1099379547444,9.15451672106644,9.85107261343238,9.60293218378851,9.80949103608337,9.60638610279828,10.022597934944,10.5187357616287,10.6742416041829,9.99083070338051,10.2628338636248,11.3805632789743,12.6781009176988,12.2477701083545,13.1268352906723,14.0260725760496,13.5527176056181,13.3069789674921,9.9042513423021,6.93400559308366,6.93400559308366
0.803826777910104,13.3214935747211,12.9845085792098,13.6440946211487,14.8738781514336,11.2899907665056,10.4459816262617,10.5506362220249,12.4760926474779,12.0851109030098,10.6940153309894,10.8269415665555,11.0321755849392,10.3139371822342,11.2251137427023,10.9938745246772,11.1063365732856,10.5852788011959,10.6210263698529,10.9874577484757,10.584207728506,10.6716093672149,10.8928000013162,10.1883583305768,10.2290824013029,9.71666145021172,10.0595222716278,10.2840849149177,10.3886583017346,9.559375223277,9.84523105618631,10.826396845803,11.3015777923699,10.7922997095227,11.1030600448605,11.3724427883028,11.0623506318637,11.0120493214449,8.23856257099932,5.80215867168198,5.80215867168198
0.803826777910104,12.7879098963616,12.2664880823794,12.7369608467373,13.7448072834458,10.4439948229345,9.66495902181308,9.7705318853809,11.6995892494175,11.3897280220993,10.0839525190668,10.2245098381788,10.4371049848606,9.77517711877845,10.828373340009,10.6496041491719,10.8663666276109,10.3966337238523,10.469441223405,11.3491593050456,10.9162707911098,11.2285178901814,12.1421873081579,11.3812433336912,11.3892453658495,10.7076828241636,11.1143861522048,11.5977439716384,11.7076893071937,10.8460330619635,10.9089943363888,11.6308545376935,12.5497121617038,11.9740567575402,12.92083906172,13.8802530533026,13.5875906785123,13.8700599838979,10.2707800948074,7.15435120508402,7.15435120508402
0.803826777910104,12.7878916463887,12.2664561642862,12.648319146135,13.2761151992558,10.0358476317434,9.28357147928737,9.352481292825,11.1064620714895,10.8451523109787,9.58919093588438,9.70550008240089,9.98381840948266,9.40305878529336,10.3835720225773,10.200881368434,10.3920658504662,9.94044085525198,9.99490772289336,10.7067957877248,10.3212285737266,10.4163274043191,10.6694531285846,10.009528589544,10.0239101704685,9.43152493985921,9.8164380072444,10.126870268029,10.4644633362673,9.9320635522526,10.2610928995333,11.226634846971,11.9261087185776,11.5732902485224,12.3348981705266,13.159421816212,13.4301472774032,14.7569244870109,11.0347307719345,7.75646885818231,7.75646885818231
0.803826777910104,13.0546789229972,12.6254584330416,13.0132951533298,13.3740994623255,10.0528951402283,9.29720673516074,9.31332900893094,10.8136059379894,10.5754746098418,9.34307053463557,9.33323717975326,9.50709461833935,8.92768632134307,9.53875594678649,9.2848811570657,9.30662306990009,8.83750568862349,8.93655725030216,10.2003416336479,9.85479437129613,10.1121838218594,10.8443404881064,10.1970165965695,10.3050943996857,9.82792167727969,10.0874240244929,10.6080420600676,10.8891036961567,10.2800872088167,10.621892745805,11.1490418396873,10.7446546156199,10.3009093918027,10.6022891442141,10.7652490696988,10.5370501269774,10.7364911975801,7.96005700608325,5.55290420992546,5.55290420992546
0.803826777910104,13.588262602293,13.3434789315094,14.274724688901,16.3628498332493,12.5159581131328,11.5713601603067,11.7737103847476,14.5288149516992,14.1184406509962,12.4570254832247,12.7448903613419,13.229943661487,12.3184322056145,13.1968419613181,12.8010538463247,12.6000042677875,11.7991517004885,11.708578118178,11.9459474693405,11.1748340695839,11.022202253955,11.1044212213071,10.4973248131905,10.4826683897563,10.0316871229088,10.6820488617826,10.9973849507017,10.9430554901392,9.98865314958308,10.3738387222839,11.1655898686831,10.9560704902525,10.5955707930662,11.3352540651696,12.1317378559339,11.8012516404549,11.7018888366871,8.73172442992329,6.12110855450638,6.12110855450638
0.803826777910104,13.3214935750332,12.9845085797556,13.6440946223086,14.8740343435693,11.2901527120948,10.4463372694891,10.5339564287175,13.088048462934,13.0582218165119,11.5552815689877,11.5788209377233,11.7907424816124,11.1206560250684,12.0577148098776,11.800224736234,12.3482684369728,11.9597601957552,12.1424325590528,13.7358911960706,13.1287477546197,13.3196197753936,14.1592633174601,13.5508903631624,13.6497227444745,12.9668990034037,13.3357387987135,13.5317345031031,13.7343120511301,12.6978246513914,12.7606827000764,13.2568581943891,13.2362100405539,12.3986502204256,13.533418619371,14.7231960108672,14.1772386347324,14.0612862406465,10.3758830304155,7.20969710739153,7.20969710739153
0.803826777910104,13.321484450827,12.9844926220736,13.6883477143223,15.1041839953411,11.489906064563,10.6279603316003,10.7651412750895,13.5593261425981,13.4730685102489,11.9091715278167,12.1302799081167,12.3959833762586,11.4938857462389,12.0807760246284,11.697219840774,11.93325825861,11.404945875956,11.4409192389244,12.36240175844,11.8752775111831,11.8576785185216,12.3312264146213,11.9204174936806,12.1181473711768,11.751592726294,11.9604573764667,12.313909708965,12.6887075981667,12.0645754782675,12.2944962505804,12.7100928572173,12.6435774224525,12.327154555335,13.115463007144,13.9147962235038,13.5009387828432,13.2994691417207,9.92195497756191,6.95465442902165,6.95465442902165
0.803826777910104,13.721665366364,13.5229960262984,14.2800986971477,15.4843398037164,11.7183566858584,10.8366928050465,10.9208204653624,13.8158082238198,13.9078967005564,12.2850728602717,12.3797055067452,12.8178316190462,12.1531355949064,13.6469987193444,13.4506832660181,13.6957866621295,13.0842485102685,13.1610069733789,14.1731542986091,13.4728771144736,13.7428719925857,14.7324814516383,13.865824856435,13.9289515704637,13.3060784917715,13.941323369545,14.0031429192696,13.8442985059177,12.5138296039503,12.7049659599773,13.4623518432203,13.6159396752532,12.9825235830424,13.7658341230111,14.5308658657079,14.3573279328678,14.9196356283799,11.0765961845746,7.73691762162147,7.73691762162147
0.803826777910104,13.7216790536096,13.523019964459,14.5901583051395,17.1146082461628,13.1364284787598,12.1497612229272,12.3548297295695,16.1874490204715,16.2566388251654,14.3636438223842,14.459262310428,14.9869452010763,14.2171558488507,15.8741563334433,15.5952483700668,16.3375606128956,15.7731695029072,15.8099337725804,17.3799032734686,16.5417438726535,16.4406454839769,16.9404369642329,16.2732857790157,16.1803495934549,15.183617839108,16.2459452908081,16.8464255751584,16.9220125965848,15.5081509831376,15.600583180755,16.4596037228363,16.9747903950597,16.0926313107917,16.4608684880637,16.6383496214549,16.6964598195645,17.9814555106371,13.3296630043042,9.29087691347302,9.29087691347302
1.16992610250282,19.351515326133,18.8481104182866,20.0923097761297,23.0988482470916,17.6975481255808,16.3328385666261,16.5676680433708,20.9173599862486,20.63247172788,18.1146368283278,18.0048685948699,18.3169238004928,16.8653026418783,17.3852183314482,16.6970446696325,16.9796284554228,16.2012434046564,16.2178154571552,17.828960526286,17.0297221441569,17.1947232690714,18.4492467307004,17.7445753812464,17.9809184849095,17.4438830979227,18.8603415636784,19.2786026728021,19.4053754885704,17.9761905879311,18.2934492968881,19.3258636026232,19.7797081005791,18.9131832702672,19.6593453844606,20.1642628130327,19.8592057522827,20.5816048658582,15.205418228894,10.5617573622693,10.5617573622693
1.16992610250282,19.6185007812705,19.207459289242,20.4580216091052,23.2292427626445,17.7478660449936,16.4150278810091,16.6714206286256,21.1076788781509,20.8982278180384,18.4682447731512,18.7931527922872,19.5075493294064,18.4236195231336,20.4015996911125,20.0381884415477,20.4187224034767,19.508759657941,19.5621697128974,20.3317491498063,19.2577197034651,19.4088868616021,20.406722270392,19.3593351122612,19.4063454875519,18.5815793847195,20.2225877141992,20.4109367099008,20.4325127252086,18.6919671096285,19.0524400152798,20.3253186423006,20.6625558058434,19.8492866070224,20.8844380347732,21.8967955489521,22.1652438870192,24.0959033162779,17.9438574024003,12.5618141751251,12.5618141751251
1.16992610250282,19.3517226356464,18.8484729900233,19.9159316259217,22.2022183378775,16.9230986869997,15.6564054999434,16.0012224041884,21.2175761493168,21.2198683813379,18.7681267011757,19.903995847822,20.8090131175808,19.1980599723743,20.2095521053254,19.5907876106312,20.4335981862071,19.7235502149047,19.8529091933499,21.648835652597,20.6409907984119,20.9626547872873,22.1600223233982,20.8290898127328,20.9222229680139,19.9335844565367,21.1739013714081,21.6345937245194,21.7864335998753,20.1800145351031,20.4917707744976,21.2423558548215,20.9159697534991,19.9272227985457,20.9767287980836,21.9340252553854,21.4490283651507,21.8289281978158,16.1953926903749,11.3080945111815,11.3080945111815
1.16992610250282,19.3517135111284,18.8484570317958,19.783036837935,21.5024503985151,16.3142378173278,15.0912859058588,15.2976291768997,20.5577897462365,21.0418621614847,18.6041062631743,19.1694517610681,19.8959554949084,18.6305951514453,20.4023051072264,19.9937514093471,20.4680422447153,19.6124978836431,19.7192199531899,21.25343114243,20.4375587982274,20.5989157235713,21.3868802689924,20.2854543729447,20.4817272297205,19.6104560614483,20.1791030619877,20.7553799420127,21.4635774937831,20.3292101831301,20.7016775612565,21.5932399941331,21.472897724428,20.7356886065393,22.6748590501045,24.8260237115195,24.8347247620779,26.3132851756728,19.6043809546314,13.7310593141504,13.7310593141504
1.16992610250282,19.3517135108163,18.84845703125,19.6944628973507,21.0368702940614,15.9092865091678,14.7164998600002,14.8025714424152,19.4826492330059,20.0730106655652,17.7466060817854,17.7512080686379,18.3093129055273,17.4606174022987,19.2267833267763,18.8711382356629,19.9106869019037,19.3462167206597,19.5031383082961,22.351233369269,21.8994849742759,22.4898138085637,24.8266490113678,23.8233404923298,23.9473960245752,22.6485702425063,23.257296022049,23.928063728205,24.0369064293541,22.1136581224287,22.1931078377149,22.5321520410783,21.7987243544608,20.648426342512,21.436614824292,21.9920515785076,21.9234046031579,23.3970328076363,17.3076741317851,12.0539589515111,12.0539589515111
1.16992610250282,19.4851071494326,19.0279581661735,20.275533629506,23.1787166699109,17.7377518088956,16.4047172833398,16.8149725038063,23.0594143634388,23.2836249427547,20.5706219540576,21.7736508282263,22.9893365560214,21.3515281609851,23.8563495356764,23.4444712642794,24.3643529670069,23.4360949439944,23.4300881688822,24.6664610344634,23.2471872254985,23.3516161413669,24.5704634808261,23.2965116552781,23.3456459195622,22.3685938542275,24.0163023362436,24.4268204774225,24.4999074231447,22.5595441170946,22.692669571889,23.7143415276722,24.5210706755865,23.731719344127,25.2279444846368,26.7873546382072,26.6246934666368,27.730956320076,20.6749149932589,14.4780012852187,14.4780012852187
1.16992610250282,19.7518989890805,19.3869684154075,20.5519526396125,22.8140369202023,17.3528638407234,16.0500852991335,16.358238172946,30.5446342729114,35.0288533019443,30.9618843425836,31.9616095771171,33.3956548676318,31.4049382538231,32.8996840504822,31.7845935565226,32.5324467812621,30.9945193521897,30.8600309764376,32.5638743999613,30.4655646834434,30.1500831728412,31.1772187224763,29.4561982865206,29.2353912780157,27.8147186088662,29.1348705470702,29.4993878703838,30.1009124628714,28.1894510713383,29.1523255455772,31.505826918071,31.6161717118232,30.008301301118,32.2601363227665,34.4671523919825,33.7836904101733,34.7213373629573,25.6484267187694,17.8199551350115,17.8199551350115
1.16992610250282,19.3517271982179,18.8484809696835,20.7574009910156,26.6212212937033,20.7659727454523,19.2076255588379,19.8763951118379,35.8005375565386,39.759335347196,35.1382039180567,36.2309043803541,37.9072474000061,35.6330375324108,36.89530024285,35.5175786014284,37.2186016784287,35.940336236831,35.9099477767196,37.6834620143089,35.6993723207575,35.581730893442,35.5198744059793,33.09879710655,33.4122370471612,32.2420790085473,34.1442607017406,34.9291099590596,34.8300371392182,31.7573772339995,32.4431830928042,34.7743681812839,35.3962533253356,33.6104807943472,35.0424489643189,36.2646613326792,36.2294946497736,38.6296192885626,28.6564213490791,19.9957576603025,19.9957576603025
1.16992610250282,19.3517135112844,18.8484570320688,19.9158977476688,22.2030700778013,16.9239971731092,15.6585871465002,15.9356186589567,29.9706006289773,34.5286798554464,30.5429330784308,31.256622463228,32.486837159673,30.7650242517346,34.5198319004318,34.1038710564092,35.8572288127391,34.8376905865473,35.1884884642284,38.5781240355451,37.4706543387561,38.1864459896467,41.1634453598419,39.5663388861733,39.98502387497,38.2383033564947,39.5063771501044,40.1616428438415,40.6802232971849,37.6895005684427,37.9905051921533,39.1189562497075,38.4883802563374,36.5981175388766,39.6847751479976,42.7953733431257,41.8792803131698,42.8574160563715,31.6619748121459,22.0055718785962,22.0055718785962
1.16992610250282,20.418862619747,20.2844661106384,22.2615411781908,27.2444388076773,21.0350962817405,19.4464855902809,19.9031881118303,36.2274315225336,40.9573345877453,36.1630789396295,36.6363434857152,37.6220735239533,35.0438826853919,36.6025531245958,35.3133724882968,36.3962813951236,34.8888591931551,34.8942589981559,37.6190595217398,35.8079906360175,36.0770374921341,38.0213329176803,36.1374031703107,36.7444005052017,35.810368178563,37.6242905416875,38.5486824720574,39.3661453797618,37.0670052966572,37.8468565107348,39.7884361685767,40.463167882029,39.1516848960976,42.0278276791069,45.0543499768857,45.0607607409631,47.7042364088834,35.5396746122272,24.8865428007059,24.8865428007059
1.16992610250282,21.2192609507668,21.3615367552745,23.3123177570795,27.3157899546839,20.8942654131418,19.3222283452719,19.7139848239855,35.7235591427481,40.5231607372773,35.8065135874216,36.6727162417462,38.3636581483079,36.3425015053064,38.0223837740301,36.7915657389662,38.5952549363834,37.3811338566689,37.6360143680437,41.6312012357162,40.0761814850736,40.274385613882,42.504644305329,40.9919040633873,41.4205987051204,39.8795392792502,41.6094670125016,42.4746607518314,43.1961934794418,40.1675901229109,40.4258779801242,41.956085760379,42.1931228443026,40.1964862494029,43.6968092112352,47.4575426967349,47.4658350242721,50.6602346106502,37.6129787497935,26.27200115493,26.27200115493
1.16992610250282,20.9525010492738,21.0025823639319,23.1688782407801,28.3845608120607,21.8924582542496,20.2512181478145,20.8008488403008,37.5686457678521,42.1984226968239,37.3038846113619,38.4191277837761,40.493888068029,38.5152063941358,41.010263787034,39.8429279835404,41.038929986307,39.383400504111,39.5692721260831,43.0483537322638,41.0917250123228,41.2110771798441,43.5135102878061,42.0222930834481,42.8282180818875,41.9445423795226,43.7550304540918,45.1693093605789,45.8507633628697,42.7184664412253,43.4124888525386,45.501682610318,45.8587873048115,44.1257178878514,48.3982264019254,53.055089968771,53.2576106880736,57.0489644388737,42.3809564429861,29.594508938328,29.594508938328
3.10189590782636,51.2326648262314,49.8717524016678,52.3406195354157,56.7835019365622,43.0493896669881,39.6226570235509,39.9834843414718,55.4880959303487,57.5442521879067,50.2152269235895,50.0642008584611,50.2772150004759,44.5075727865784,44.5669012251988,42.3859982952705,42.635816824914,40.5674343905914,40.5682699580017,45.4961700412079,44.0354855602018,45.1233456201582,50.0286280653981,48.2025942628595,48.4782528687625,45.996226009782,47.8391455402174,48.8372229487487,49.4433842646398,45.8093285887457,46.1136372667484,47.9220214944158,48.4590624885773,46.0695252812535,48.2399260535445,50.0999283825247,49.3578483528639,51.1475156461224,37.9228364742332,26.4684360154027,26.4684360154027
3.10189590782636,51.5005174366647,50.2326178745212,53.5952904616948,61.7032113716732,47.2861924682543,43.7337700623824,44.5367743146127,62.077557014991,63.9801636690329,56.5314741802434,57.5910184548037,59.7828455474117,56.2716438970056,60.1386212448869,58.4254416010378,59.5269173895736,56.7679162390596,56.7339442134147,60.6312696731218,57.6770140325849,57.7747618462288,59.9224436945277,56.4459986448532,56.9727373987352,55.4169631025623,57.1464246720138,58.3256701475624,58.2356439085737,52.9111724032102,53.0386019297519,55.3977596595793,55.8511202553289,53.2245063885759,58.4735375254729,64.4067019341807,65.6425166887101,72.5695996369535,53.9504149925815,37.6997345712926,37.6997345712926
3.10189590782636,53.6348248157938,53.1046520557982,56.913715280532,64.5872875892219,49.250117200344,45.5407399131284,46.2521239628119,63.3566602875201,65.1086417886531,57.5015391066413,58.7424410934074,60.9821814276698,57.2661009653411,61.1096561210179,59.4223683286936,62.0001498926292,59.8998426414598,60.2496916483471,67.0881340839416,64.831751880882,65.5798874764503,69.779317473831,66.8436289850366,67.4630128411358,64.7102780810654,68.3094688493721,70.0759709987539,70.7073746149317,65.2495844527234,65.8381205072141,68.1404404495362,67.2692774041766,63.744424539645,68.1827492047778,72.4928276860542,71.5626803447259,74.6862153175675,55.20175445368,38.3754808717649,38.3754808717649
3.10189590782636,51.3672059582727,50.0532604328357,52.793089937543,58.4161897302846,44.4646771579235,41.1491572474622,41.8817893998286,62.7124630238277,66.7829351231495,59.1077786796472,61.2543064634173,64.7465677443242,61.8152394210478,67.0056227989903,65.4899671428334,68.4070928551048,66.0509954016638,66.4213609037203,72.838507774394,69.7242621296677,70.2220849061241,74.6950034989172,71.5496403557896,72.0528670391763,69.2705260006934,72.5776366808578,73.766017314106,73.7670311399482,67.7823233109542,69.0312352914632,72.6652699159198,73.0241547817953,70.0857451391446,75.2743142881189,80.6463100424233,80.1165268512611,83.993114550739,62.4175016519817,43.6156563079053,43.6156563079053
3.10189590782636,51.7673093155599,50.5916281923963,53.8274226478102,61.1056287128605,46.6987117652086,43.1914872578581,44.1325193355785,65.9778199333752,69.6537349289867,61.5541566398978,64.0832289473434,67.1709899033836,62.8580052568652,68.4157907111013,66.8601931831918,70.1196281841964,67.8491702004622,68.0392908454234,73.8447382717731,71.1494567668271,71.2980109825218,74.6835389822322,72.0561065062634,72.8263803706513,69.9785471819857,73.0746665047622,74.862822695905,75.899184159833,70.6170176928956,71.8433998153858,74.7786975606351,73.9179210305624,71.0167028042242,76.7810205415661,82.965946990252,80.9014086502288,81.2259096204084,60.4305192602539,42.2731810702498,42.2731810702498
3.10189590782636,51.1003548070711,49.6941464512998,53.180755252466,62.2591404742332,47.8727197876156,44.285337997018,45.2483244851531,67.1959711464606,70.7722764050767,62.5706225313993,64.0334454424672,66.7536807113251,63.0908961568933,68.0821869589324,66.4022047955978,69.2701028859987,66.8902897999273,67.3729970041447,74.2336186229238,71.0029329782424,71.6108762895637,75.6015605161351,72.5011026334082,73.2249160457872,70.2459281550916,74.7539149700626,77.4758256632587,78.82930055571,73.6363487110208,74.7111969676464,77.7723013452051,77.8679025736343,74.7752071772978,79.1105537821974,83.2952011490728,82.5108940715559,85.9516911152986,63.8888076321136,44.6555126575168,44.6555126575168
3.10189590782636,53.6348111291736,53.1046281187314,56.6036556748668,62.9576437646134,47.8326930345923,44.2290937418823,44.7513950875785,65.8727999956279,70.2957281039908,62.0887829840535,62.8911363965045,64.9760066675229,61.2071305031224,66.3665202839623,64.8534793942085,67.960479227222,65.8231853129691,66.3032310093394,73.2411093648972,70.65653128676,71.5865115743089,76.0250446768169,72.6868492531686,73.4301340427903,70.4547392015357,74.926983420913,76.3151238651624,77.2050996072497,71.7400163027891,73.2454518272504,77.2183077638245,77.7903190964915,74.791907150279,81.9457887812191,89.883251691201,88.4968357687207,90.7887051946469,67.6028316496304,47.348875035055,47.348875035055
3.10189590782636,53.9016850915152,53.4637819955643,57.6332580872312,66.5581755097704,50.8978201024996,47.0756794790079,47.8794008107119,70.3513558574184,74.3554858685396,65.7090803996368,66.8933236799782,69.1903378113394,64.9831249162541,70.8953995691707,69.3088413716245,72.4374086870675,69.961579999018,70.0973620649993,75.5469825443204,72.5400249111663,73.3415685091508,79.1115228808048,76.3197590017396,76.9450477072149,73.8627395554885,78.7465596688615,81.39861049884,82.4375825334234,76.609618836736,77.9918656449749,82.4938631167537,84.2084694804782,80.9034614292072,86.1187231097094,91.2573015920369,89.8873878763901,92.4986316724379,68.6840298264003,47.9450426744831,47.9450426744831
3.10189590782636,53.9016942193104,53.4637979595234,57.5004310691312,65.864321906663,50.2950607042293,46.523542296299,47.3992540975533,70.2171072889221,74.2520591877535,65.6418936354975,67.6591461040449,71.2820104912959,67.791878308009,76.0291034560617,74.9331756671755,78.6257231081284,76.127135930037,76.5429299536798,84.0781088725852,80.8966817003258,81.1409183733198,85.582507635643,82.6953669392581,83.4772443180251,80.50529872869,86.7337425349792,88.576069971797,88.7424092709701,81.4314712724323,83.2735884085194,89.1875365464826,91.0607457662596,87.0539252024709,92.3700991874804,97.6736964180178,96.3244744466796,99.4602310233838,73.9215154998349,51.6678683931779,51.6678683931779
3.10189590782636,52.5677578334592,51.668786610834,55.1441073861804,62.5816951783961,47.780919086412,44.2084149284974,45.0389902275387,68.4081844341399,73.1108045118194,64.6705708713902,66.645996725151,69.8901413415964,66.2887380458515,72.3523184209652,70.837163122965,74.8672538817539,72.7337442157737,73.2642671056193,81.8992233419552,79.1973389626042,80.5912210993692,88.5266359209383,85.9105031712319,87.2880475906316,84.6436515002535,89.6444734979837,92.0789618921399,94.1057582872266,88.4009797748541,90.6296898227645,95.9676589457976,96.6789095823769,92.7273850894427,101.152542066087,110.056737666286,109.122615036878,114.23775716887,84.7336692460976,59.1062826098142,59.1062826098142
3.10189590782636,55.3689786202503,55.4382306503598,60.5262300259178,71.7440370342477,55.0319768508932,50.8793445206692,51.9109281265599,76.2641424888541,80.0810185809444,70.696259554144,72.2998981910805,75.7109689652191,71.5192989591289,76.0568426066212,73.7969141196617,76.7050938425345,73.902249402425,74.2441116502178,82.5654721579337,79.165543799495,79.9960047127106,86.0314726545338,83.013723705733,84.2070728547489,81.7628727022668,88.5878739206183,91.0595191055188,92.5449783415754,86.4275815194793,88.2863791056593,93.7848447173493,96.1959290266129,92.7118687262818,100.88330322497,109.888214237259,110.359817645064,117.987705926803,87.9169728748277,61.599068387366,61.599068387366
3.10189590782636,54.0351380432459,53.6433868655193,57.860253288167,66.8549285850807,51.124242010912,47.3024042545364,48.3741466004256,72.9063837240518,77.1662479658173,68.2627044703194,71.2591639917004,75.4104856995946,71.5315816454757,77.9119575777766,76.2583238093173,82.1920385621825,80.525886026424,81.1430994462507,91.2990405029118,88.3972995446573,89.3910587766042,95.9708615005475,92.5025650121383,94.0956790708988,91.8684381214219,97.7591815882557,99.5219472256201,101.037744259482,93.755601434544,95.0075694629163,99.0788243144707,98.1949363218876,93.5807520090893,100.543987265537,107.810747570411,107.409783370715,113.621262448495,84.3807867659458,58.9490178722365,58.9490178722365
7.22946682558503,117.945228366093,114.268576526069,118.872759848674,125.962630863679,95.1620597379191,87.6079968912995,88.2827355947421,108.934160786887,107.183953896986,93.3758305757163,93.62760873023,95.4747150648144,85.2078877755561,85.2326778403896,81.0178370925121,82.4361502415524,78.8860303799603,79.0116556160208,89.6774625589637,86.7563458435012,88.003832246931,95.9413148900842,93.3314423008213,95.0873376512002,92.6570412799523,98.795523032322,102.001890778322,104.699743559347,98.5827584654649,100.745832198845,106.567338665433,108.015341147378,103.895084574053,115.292898020476,128.00923802264,126.625345462159,131.450192750333,97.6882329776879,68.2566299618612,68.2566299618612
7.22946682558503,118.614445845216,115.170016065238,120.324994982085,129.357665694729,98.0003278591689,90.643244118992,91.7545477951396,114.307441580124,113.098774984362,99.9512877262535,103.02295624149,107.362266117477,100.678655526193,107.285896116926,104.23967428459,109.366910476273,105.768917342795,106.080402495591,113.732271355211,107.969271375869,108.407739688262,115.311227449629,110.755078799308,111.943075344465,109.046052561672,115.923052626628,117.728723572755,117.781365497272,107.34051695831,108.784926864694,115.184694406945,115.89778087002,110.529832929134,121.018756283144,132.745683645631,133.350224355909,143.164676445261,106.439090519376,74.4079408336083,74.4079408336083
7.22946682558503,120.348586036236,117.503570850727,132.218159821849,133.901170883296,101.602084344617,93.9755882144605,95.1215959574348,117.840365704892,116.279247971433,102.760013104101,105.26287560681,109.972709018119,103.923872684132,111.298183834581,108.305876707068,114.861687420975,111.708178767422,113.875088182329,124.190826592587,119.43633032767,139.960411275753,161.603673000969,122.066666666338,124.127061194985,120.877485062834,130.011029308307,134.203306136749,136.31188205104,127.09550501951,129.685719318662,136.163942602883,135.656800807134,129.624558902557,137.395480874474,144.385057821061,142.019668438549,146.668476073008,108.446739627398,75.3950421379456,75.3950421379456
7.22946682558503,119.815070793952,116.785670044431,122.366318048966,131.987701682575,99.9966014109422,92.5872983629574,93.6184140370718,115.366083687244,114.003450051168,100.868869081828,103.176298479803,108.20243165142,103.072436540887,109.53597644223,106.450431863631,113.968962884739,127.264339470457,154.357108446347,130.38726637137,176.671377737183,183.241386890153,173.086930722978,122.066666666667,124.592311583207,122.227634194831,131.834558823529,135.723333331215,137.621936542784,128.177139299171,131.647146414218,139.834136920582,140.373560239836,135.01844509043,143.544477521784,152.094053419733,151.073336241855,158.08154494317,117.611567640741,82.2802604488231,82.2802604488231
7.22946682558503,121.415776209715,118.939651749514,151.745919146535,132.578343761767,100.332197679869,92.8065897547432,93.6986544285096,114.876540547674,113.44299636059,100.280190971605,102.283241718782,107.268486303614,102.337798105528,110.491880706623,107.816951424,143.551509106225,190.207657943965,169.759920769548,140.628965098511,169.067751718183,170.425877112902,167.19464550784,122.066666666667,124.39291856348,121.765531809145,132.694852941176,136.103333333809,138.423848968772,129.263044080311,132.733367075331,140.569734329508,140.272234106389,134.938276826969,147.586570141053,161.521803585549,159.423632071715,164.456855655236,122.396642038605,85.6618438619599,85.6618438619599
7.22946682558503,121.149043680841,118.580745231218,170.191694039352,132.048337637514,99.8233354939468,92.3370007434764,93.2812444270397,114.710656395913,113.297486974789,100.157091764958,102.954112011016,107.376607641161,101.190536788962,109.115482936945,117.216596542723,158.039838963451,172.475814748269,155.979338684006,140.242321524131,175.768199009466,175.418202564042,165.995318321481,122.066666666667,125.05756196257,123.464835984095,132.022058823529,135.9133333312,137.073590758056,127.06415337118,129.779960190191,136.546167160018,136.805965410326,131.60598894726,144.087440306881,157.897195519518,155.887817557585,160.877634905009,119.774076200333,83.8671514811307,83.8671514811307
7.22946682558503,120.882247280651,118.221727005872,199.237762778342,133.639619105029,101.351231677763,93.7486420760508,94.7605056951164,116.516274094355,114.917531639442,101.580748620343,103.465201787682,107.432460224601,101.457655054432,107.925715793289,115.654323319345,167.558736431312,184.373049595977,170.223631542619,154.730357985938,187.363965762213,187.592955526398,181.491722175183,122.066666666667,123.72827516439,119.714835984095,128.27205882353,132.11333333904,135.27767391209,127.065040707513,130.536190172179,139.163904659874,140.778826216874,135.473426996854,149.370530656004,165.017935554233,161.209354703945,162.349202414159,120.928261473431,84.710335346014,84.710335346014
7.22946682558503,121.282419071357,118.760214451323,223.704676780763,132.314234144016,100.078692944985,92.5738297931144,93.6214412387052,115.549353617834,114.054903998348,100.829821675666,104.08074631508,109.694016972959,104.247487168161,137.825546173161,183.27260294218,183.333124332332,199.900593028361,181.15953070973,158.561110299329,189.051631429026,187.136282823432,179.852416754722,122.066666666667,125.05756196257,123.55268389662,133.231617647059,136.483333327327,138.803847657198,129.611751814991,132.779380146401,141.344983596834,143.856478054269,138.333237395981,152.46268995588,168.13988099626,166.837782260112,174.276128496854,129.587002973177,90.6018294441108,90.6018294441108
7.22946682558503,121.015645481058,118.401236119091,249.120458958067,132.976611928608,100.714636022341,93.1605191581064,94.1385086225334,115.730802078028,114.212804441086,100.961478146267,103.189364402423,107.984635043487,144.116767346608,181.735987595485,185.552462324839,181.804180669601,195.413141337525,174.566961127997,151.589251931397,177.839443787438,178.234233525128,175.665511339873,122.066666666667,125.65574102175,134.0257818103,161.566354195019,144.392113754539,142.381471535504,133.077786138396,136.472467586189,145.237335157339,147.212778713617,141.597363209877,150.63439720061,159.706240588007,158.524653591002,165.643632543888,123.21236230907,86.1736189653303,86.1736189653303
7.22946682558503,118.481157222985,114.990698597589,185.125285710084,132.44647330949,100.20563646056,92.6906292415619,93.84083345154,116.149058940593,114.52479352085,101.242029316014,105.044251539012,192.886002926168,199.970766033167,192.05586244436,196.25603428804,194.902969112661,206.571297702185,187.139388720747,159.81519202326,186.953219715218,184.273208547142,172.443014155618,122.066666666667,130.997167425392,192.151639756859,162.591733815155,146.56767246396,143.247207303964,134.917970428275,138.916382619878,147.975768094461,148.221590105329,142.585234826058,154.549194474334,167.454890163158,164.544990821878,168.057794021422,125.072178201415,87.5294748895078,87.5294748895078
7.22946682558503,120.08179420018,117.144560607775,175.143018088984,133.241956538791,100.969421245687,93.3960911629143,94.4941593768631,116.551043281518,114.883108547119,101.553495582767,143.075065666949,394.317970484327,222.270528846585,203.483940404056,198.400864949884,192.925008287145,196.563210171696,174.522689889181,149.097224231262,174.50406425333,177.156806349774,178.565232502685,122.066666666667,140.923809725434,210.120345386473,160.537796904479,146.807769488216,143.319351951306,135.071330868901,137.560924901963,144.392546054583,145.385387640616,139.860919163899,150.80409883048,162.456677761086,158.695531089671,159.902410345606,119.029732326971,83.3269974227523,83.3269974227523
7.22946682558503,119.2814871145,116.067649545691,137.502955494683,132.711896991303,100.460503668465,92.9263813468262,93.9392785437122,115.585227694262,114.017082215826,109.321669006508,310.236832426727,426.543479026077,224.765308310106,197.43140126233,190.203173781305,188.830059591447,206.373072328932,189.672719672682,165.36876773467,194.284982971854,192.672388435379,184.94755519478,122.066666666667,152.480005613485,213.22961275969,161.507737174761,146.976894273943,143.391496598639,135.224664202515,139.373989304517,149.823692893775,152.658947251509,146.856748682043,158.994936322629,172.056788085773,168.916239174345,172.165318494321,128.137220648498,89.6804860894447,89.6804860894447
7.15883353198155,118.703106786407,115.723579030971,121.375043882282,131.359536804882,99.5778644818072,92.1917321057505,93.4084676536463,115.974755164764,127.94971414318,299.444855846923,354.468777466487,430.050753383231,231.331730841702,211.050404143869,204.312554436779,201.639313541905,211.308295442641,189.4340324708,161.944042197127,190.691661777998,193.410149421836,195.045170593724,145.05193065244,195.466448885435,238.071729782177,177.898857634056,147.304168672323,143.535785893303,135.531328405056,139.001670045746,148.944819871253,153.243259438666,147.419472465524,160.584474270977,174.975633110311,174.200884427839,319.537765935566,131.123188405797,91.7862318840579,91.7862318840579
7.15883353198155,118.302905003623,115.1850391312,120.916070146772,131.609603873714,99.8862241964078,92.3969833858676,93.5997598773378,192.15212125124,272.512981782939,345.291973682969,366.083729662162,450.877651838291,241.062568606492,217.078835388146,214.651821204062,215.904571398818,233.488803939267,221.305510109332,198.852502801857,235.765520572373,233.462060759205,233.649567267287,161.838901188319,206.740940725217,236.134862686462,172.682455855764,147.637299179686,143.680075187968,135.837995071697,139.685548318872,150.251486537823,154.501523720217,195.340695202417,296.219615538152,177.327267177969,188.822243849802,535.423645942461,131.123188405797,91.7862318840579,91.7862318840579
7.15883353198155,118.036104038431,114.826012921944,120.196747556908,129.648907458671,98.2489883445878,90.8836752559625,257.11215566079,351.690431271541,301.472075519766,359.95686598896,378.202984338101,459.758254910137,259.221878652717,240.551792420501,246.208293146796,249.813559012306,269.089392844005,253.80745045825,230.453996810047,249.977710605922,233.511434366265,217.384516728816,138.765754851081,184.559414509555,223.959396487448,165.000733270681,147.167998498763,143.463641245975,135.378007392327,139.376458130066,150.806001704045,156.466625670366,201.743378826823,227.243922476522,177.32727272726,309.598243955493,555.464626562937,131.123188405797,91.7862318840579,91.7862318840579
7.15883353198155,118.703063106214,115.723502636969,121.463449456628,131.752380536309,99.9074794372358,259.91377811856,417.049066731994,383.146715065866,309.305493535639,366.417299943985,388.938877038199,501.838455596888,297.700342680218,271.317858393544,255.577781495307,247.047023797365,241.515512916475,215.628855990887,193.016001496326,207.081261979841,200.220868196936,196.294203118657,140.30991610108,185.440234065186,216.296651304667,160.976741221744,145.545348059916,142.742194772655,133.844691308003,138.899352531249,152.160513719648,158.045572098607,253.642342421847,267.875533993586,197.862071074976,631.745661502872,555.583350452676,131.123188405797,91.7862318840579,91.7862318840579
7.15883353198155,117.502543170431,114.108032319046,119.511133324706,139.347549951878,341.041883750549,418.634244595459,439.703403504288,407.19215546981,340.27762252567,401.528614491382,426.904494737336,547.620580461724,294.718242997757,246.363064912009,229.745598714085,224.336087001608,233.126629832557,212.278511455363,185.567258843238,214.50479338036,211.992544198478,209.301410629488,155.879951056432,203.136269523493,235.663699836418,167.819088214716,146.930138312458,143.391496598631,135.224644489788,138.77041046493,149.715902712469,219.053877257307,324.681248199622,324.097765050728,231.618820851311,629.072151149291,555.584053779637,131.123188405797,91.7862318840579,91.7862318840579
7.15883353198155,116.56874663916,112.851452561464,117.746408167433,332.708608363974,429.001655249426,462.736588549212,472.675379719809,439.850661937122,360.928428600675,407.128661482784,418.207223580011,513.2477852675,269.408683541476,225.640513470369,215.50259908485,211.586062081102,223.715014618306,208.522329870266,193.213654294514,223.210979970152,213.590947484053,204.563943565799,138.481097179318,183.699780803824,219.748508517228,164.367485372453,144.89472181876,142.453616183327,133.231365366741,136.39997626589,146.283863761441,310.902560398977,316.686669789921,290.963212988102,218.372213054237,612.707056868115,555.584057946185,131.123188405797,91.7862318840579,91.7862318840579
7.15883353198155,115.901746507767,111.953891028682,131.169112374055,587.524475730919,447.874132628877,470.864601112442,461.045031648658,421.032024732788,349.078879263998,392.940312108948,403.445461901357,489.56062525716,256.968181149969,228.537251124334,231.756510846541,229.047965882592,234.620548269805,208.918621552723,177.761333782492,196.084404481175,190.560456513219,184.80145848434,134.523442996004,179.680161729859,125.228181938613,149.93990476041,145.300855937838,142.670050125311,133.691325941287,136.709011084945,157.048840396645,338.488174643282,306.446462853972,282.258235072351,203.171729289164,599.863791032366,555.584057970868,131.123188405797,91.7862318840579,91.7862318840579
7.15883353198155,116.702085526297,113.030857939378,348.612777838838,795.284408571553,438.422723381119,460.32175157177,447.692406336564,404.172496898905,335.494796784292,384.331750513947,400.286305771138,497.593451036797,259.022234267292,220.688592685733,203.266364064245,195.149426041037,201.18429972859,184.165181593969,169.097945294034,198.768048862391,194.246892626543,185.37834745695,122.203204227165,165.585733835173,125.934821091038,160.969440062392,144.99508650455,142.52576083065,133.384671594842,137.005908156451,271.912192878279,339.579802163645,306.232098375631,289.548949976224,209.581778399837,608.840342707284,555.584057971014,131.123188405797,91.7862318840579,91.7862318840579
7.15883353198155,116.301931984159,198.537225485921,609.208800481364,918.165346397221,421.141230070233,444.417202980023,433.703339586714,394.138400132202,325.495220029098,370.708607908458,378.741255807689,453.00968906613,231.636640778814,195.997611567417,195.062091517947,193.124254791029,211.324255026016,191.325252798674,167.727151780639,196.687272819896,191.883153558662,177.916671918425,129.215864330319,175.60802143676,178.582265796441,159.155038288504,145.465303111528,142.742194772643,133.84465927434,141.520006705681,369.897033540035,357.008660568461,335.611279025055,325.583760590694,227.076471482355,625.256132417521,555.584057971014,131.123188405797,91.7862318840579,91.7862318840579
7.15883353198155,157.973456763323,378.407771052568,752.485416554886,967.162791027427,400.155584039483,422.761327047802,407.39308677478,369.560033157324,304.257752955738,353.086767411355,364.935354421994,438.087142989255,227.142378521043,203.540533258685,199.710756786111,196.440776512652,207.542624595535,188.674142820254,167.503847540912,195.946906403915,189.090183019513,170.761733959439,127.208634005918,177.030161938038,218.296089491943,164.538684611132,144.359051647993,142.237182241324,132.771350582138,171.478794243121,372.357505440555,351.127273788458,296.128063365634,256.097306304932,184.242566661132,569.440265569035,555.584057971014,131.123188405797,91.7862318840579,91.7862318840579
161.06987198411,263.274956114702,401.048911317597,825.236563714118,971.916330948731,377.386066742789,402.804967147353,390.167208880687,352.454819649071,293.643168694552,347.699512176314,363.368967407633,441.275667507863,231.060196832249,205.405497299274,197.607594841685,193.492017282934,204.045525444794,185.858317492661,165.082413474716,204.782177183919,204.625007351963,199.665717519516,148.589739824527,193.227931459403,217.575807683121,162.819541080907,145.120712750311,142.597905477976,133.537987679549,233.93049515347,346.924116286177,333.838145217128,304.986573862024,298.018346615421,212.265990705686,615.853435061204,555.584057971014,131.123188405797,91.7862318840579,91.7862318840579
565.304072433858,287.824146782538,406.534237286881,839.750240486582,936.32123640657,358.819147723378,387.181643272082,379.048776100176,346.749258987999,290.435345547686,343.976883278432,356.756035639601,424.486512814164,216.182126324613,186.141609034016,189.99981876023,187.606385982306,204.147641259581,188.676292849786,174.620054904931,201.361305496342,194.590565404837,187.170684320867,127.113992884466,174.340613173138,216.260972238391,164.33505540601,144.988494149314,142.525760830649,133.384669130665,194.538526576872,345.37444001525,346.251664830537,316.430875261775,300.61433682347,220.78829516128,618.048672776175,555.584057971014,131.123188405797,91.7862318840579,91.7862318840579
566.051256657008,291.021276780162,405.489104567741,830.113470877602,895.801838592609,347.54063925704,376.21443757352,364.776886866384,328.880985563148,274.534847780325,325.574326261853,335.770790847022,397.198419343124,208.679955733561,186.708112031262,190.014118535056,187.358582014474,206.319252147222,188.32788505217,169.942704129454,202.712297303287,201.456633643346,197.8148080291,140.837502983388,188.418631685196,225.492576631583,167.936536366339,147.070336878144,143.46364124596,135.377967966388,328.956500907235,384.641400680541,366.03914903613,341.379576982084,325.339148725767,221.765965254637,618.066319578958,555.584057971014,131.123188405797,91.7862318840579,91.7862318840579
565.356326146858,288.071477625259,397.018599212599,782.09885390647,826.499916803769,322.032016171443,350.276822972399,336.925511291343,308.372871101156,258.455184419169,315.783982733729,331.939536121315,404.850491059586,213.157961956125,195.80147780464,202.362789213274,202.071808273233,220.660852093099,202.167960727543,178.513806733682,204.71653470071,201.635607736434,200.316934761379,138.231925937353,184.156223554365,220.108352526363,163.269943903511,144.578926117376,142.309326888664,154.610355459578,437.935512543173,393.672849266132,371.812527499106,336.194702330565,319.503002350625,237.964579257572,634.410091563566,555.584057971014,131.123188405797,91.7862318840579,91.7862318840579
560.990486481251,269.428638952676,383.017907055962,710.749031056832,744.792229706595,301.666027238546,334.130592863162,326.757761841469,300.761706199476,257.078446274151,317.955442761976,337.282357268105,423.175864531149,223.068206606489,201.786150953596,204.294390609049,200.415076818847,213.060891539017,192.653518492607,170.820500104285,195.527541700922,189.027916508734,179.672168223419,125.278214861352,171.898495303751,210.673554931626,164.835111832417,147.238283635275,144.379273850064,269.402661053199,458.608779928861,409.74219602279,388.103021276526,360.312848253145,339.172762960049,224.79893003545,618.197843708957,555.584057971014,131.123188405797,91.7862318840579,91.7862318840579
558.205092636854,257.578953939412,367.066867575264,633.529007950886,666.180437584487,304.524575214696,342.537056438515,346.752018722621,323.144036673354,270.736488081974,332.635076413693,351.483352318544,430.588482918238,220.554012215859,192.44911529677,190.522753250041,185.201268411691,199.917404935593,176.777209733604,152.403847643644,174.01321238829,172.630366453051,165.986039249928,125.025722688272,179.449403816381,238.65247859141,197.885874040605,191.064899230704,205.035605146449,330.713531126013,472.375523750367,419.090080282736,378.510478754412,333.988358774962,314.870086390168,243.623785893466,639.859025552548,555.584057971014,131.123188405797,91.7862318840579,91.7862318840579
554.172041446201,240.389266688658,351.677352124997,563.422709453604,628.465856918314,321.846583091985,358.273289403488,360.069990035379,334.360736612601,273.830690127097,328.667585071588,340.870062850972,406.630050633007,206.538474874657,178.682896127725,177.78368968471,173.826714761079,191.644819379219,174.899927686806,154.601413915204,195.974831882903,202.939245412505,208.535818202084,171.987477972416,223.677993455506,273.2758079683,226.360126224417,206.992544152014,203.673802089456,326.297053773337,452.498544932176,407.602533985443,379.762850298117,343.717355481971,316.495908665461,213.27550460448,605.52993359746,555.584057971014,131.123188405797,91.7862318840579,91.7862318840579
551.9154880509,230.787812538268,342.133336898649,524.008292435293,617.158486998729,324.73237896711,356.410093790698,348.654488154697,321.517485895786,252.813095183692,304.575779424519,313.60006278751,371.919122284824,189.579137622709,167.320530279265,176.399731681612,175.642757174023,198.15610597626,185.118018944881,172.617852198362,207.398398455128,205.340680005401,214.42438542412,157.475861672615,206.461240573615,268.199710628499,228.173341767916,205.623578399503,199.920540624494,313.985907349327,440.317125875709,401.506103472403,373.863703386483,341.311142685756,334.201783306777,255.75606511995,654.284863563434,555.584057971014,131.123188405797,91.7862318840579,91.7862318840579
549.326396676324,219.734654008593,334.577241074132,488.169249525008,593.647578187274,307.791456503319,337.572500400799,324.257542203201,295.460160598212,229.655380562217,286.53124328318,298.38147178916,349.63884707549,190.661800544394,178.91210321208,193.038153422079,192.307697342605,211.612254426139,191.268752529876,168.787894041697,196.03305514779,191.770980411151,193.914315080901,140.89063412976,187.466472299316,245.62201726533,207.227602167465,188.867312881251,180.302918237582,297.216440311552,418.547049901567,375.732298005786,356.921786688895,296.052240500303,251.602302511449,194.19678565418,583.854391385519,555.584057971014,131.123188405797,91.7862318840579,91.7862318840579
549.071904395428,218.660910795374,334.449290641033,492.897252125544,573.412694518457,293.056209790012,326.051169791859,315.869938304093,279.895099583397,224.460233283775,290.600985135286,311.287314822016,378.828617928609,199.929662979565,180.717581086856,185.24635285816,179.049928860982,189.976459197461,169.799209652143,152.253625273869,179.93430521986,180.039672417077,182.721804813593,134.921514524232,181.494321734316,232.705968804013,188.959730435939,171.131758283696,162.50038457673,279.035494727083,396.163080369377,346.602168943342,323.400588855322,286.539137692797,277.981820965261,218.071157808929,619.607401763257,555.584057971014,131.123188405797,91.7862318840579,91.7862318840579
547.527177992738,212.060512722725,326.617831873034,446.405914917386,520.09467475024,281.071366338819,317.531948666341,315.757687614781,289.038790970328,237.300487356846,300.239675525672,314.731536851404,362.673278724463,186.903126478942,164.276340696428,177.600294870404,173.938078190168,187.815771462224,167.770188887424,145.463468441506,176.745334469928,174.570215390425,167.97851873348,122.518805331864,166.17541534368,219.738094893844,177.599009902004,159.842187096005,153.515166841343,268.727135025467,401.872265148973,360.436516610001,339.541752288565,313.834631268519,295.049699322168,203.758297309809,599.919260664102,555.584057971014,131.123188405797,91.7862318840579,91.7862318840579
546.185463121985,206.364299912395,317.500411020657,403.700181736218,477.577383551571,284.779903150465,321.439499139226,317.662210622586,287.835849288824,234.437417830749,294.351228455975,307.606376145865,351.593740407499,178.598726308865,158.736676277685,163.569036075259,159.686692047293,179.465770593761,161.354810156937,142.951118934326,175.20953620952,174.803257999243,166.041936185377,122.068842431222,126.12406191558,216.530657172956,166.544166511728,148.21391465307,144.356606438466,269.859379647402,398.24203506392,351.643981442507,331.806936993108,286.512422121056,261.712814004764,198.902356194126,597.945035191174,555.584057971014,131.123188405797,91.7862318840579,91.7862318840579
544.880496104912,200.813750862359,311.802392140078,380.108970391849,456.579439897438,281.912684867237,316.674434939669,308.005524797044,275.710445247322,217.551640003267,274.767408197373,284.360450532802,322.133952472213,160.109806664528,142.433010748687,158.498986037623,154.668434800646,173.60749905873,151.74584801207,129.4720677578,156.105108601049,158.492601043433,154.574842700337,122.066677136798,124.060596863935,120.664885685885,129.423070976789,135.692344790255,142.38870375726,263.951098733998,386.160102463834,332.997705789553,299.866092452022,247.940479766633,221.30573714318,182.173595885501,581.585534906306,555.584057971014,131.123188405797,91.7862318840579,91.7862318840579
543.410028259782,194.545380917612,304.425328204165,341.859176021375,417.431390688487,265.216969550278,298.83902911698,286.718206571334,255.700971532749,201.470695948487,264.10648938148,277.20457117449,308.874130424567,153.457009545489,140.921813103591,151.922028311106,148.875448230191,168.451662993371,152.136588976356,133.801412555557,167.225693623005,169.844268502397,163.573416349274,122.066666717051,123.72827516439,119.790134194831,129.268382352941,132.303333334855,133.885503410749,126.409274098227,297.981365559807,304.451263876323,304.707567461648,286.758602540032,278.609366636801,188.130381600715,590.533820713912,555.584057971014,131.123188405797,91.7862318840579,91.7862318840579
495.632454367074,183.931247525366,296.546843991625,303.29749462423,367.989374742589,246.68765651836,282.741824031514,273.035260490788,242.845584058955,189.981292627227,254.833107720759,269.814398317251,309.845450849679,147.167261557992,136.441732432103,151.611407993689,150.259756429502,173.314041796677,158.05353550401,142.700646825457,175.385596409368,173.130753238426,157.611970926759,122.066666666909,124.259989883662,121.31523359841,131.143382352941,134.203333330938,137.473150224456,129.170638819079,132.566412688912,272.88341230674,304.391105029876,262.578386000446,242.518312265972,196.632452154161,597.869588688634,555.584057971014,131.123188405797,91.7862318840579,91.7862318840579
242.641423126129,176.686278830264,285.764880517551,250.494805312863,296.03305859502,230.161481363444,267.957351990674,260.387116368688,234.172013827595,183.841545745426,249.652183451134,263.949132326622,298.470898269661,146.349826656871,140.215706127697,160.35913996277,157.954511784324,176.790003304144,156.503318621686,134.933199392711,165.392111158324,165.969840800015,156.41071870629,122.066666666668,124.060596863935,120.602137176938,128.536764705882,132.873333334675,136.143151047966,127.9477438507,130.286743639275,137.396400039243,230.593959975962,276.38350109339,268.993434951228,214.17312731139,614.272188671772,555.584057971014,131.123188405797,91.7862318840579,91.7862318840579
6.96583552121957,143.535844958849,278.747613421575,222.729064871202,203.729586884254,219.521255674772,259.037677316516,253.116484289544,227.977960085741,180.209155027786,249.188320151942,267.330512682512,311.482032195108,154.600523660275,146.584907889087,159.368179715111,156.042019979814,173.711642620872,153.613373292866,130.28857805319,162.016149215744,165.86376692852,163.624516241835,122.066666666667,123.661810824482,119.577534791253,128.860294117647,132.873333334641,135.932195003007,127.579580626996,129.993852858368,137.227795807529,139.842808779774,161.924171609059,201.953960093548,182.327757431,568.299561880633,555.584057971014,131.123188405797,91.7862318840579,91.7862318840579
6.96583551847343,111.264683062056,106.961795104603,184.038494761056,133.380120293598,180.588545905017,263.217781040403,260.45903706293,228.307156797887,192.252647705153,262.575517598289,280.013752675005,312.578713260171,154.495778962026,143.195001305487,157.215616364686,155.342357145032,177.565393712453,157.721998073511,132.839239536502,162.389858633743,164.723253998643,159.684031441729,122.066666666667,123.794739504299,119.801938369781,126.882352941176,130.213333333538,133.483150857569,125.50049984175,129.046531611697,137.973477055879,140.028746284878,134.726299719036,151.012000007099,209.974793856664,614.02625917848,555.584057971014,131.123188405797,91.7862318840579,91.7862318840579
6.96583551847343,112.19636947381,108.154185802612,112.350607830794,120.150166095312,91.0695646973598,184.024798541957,274.471246833309,239.40272310963,200.849874534252,268.241890917781,284.411750302186,315.312767984304,156.653566850001,144.993275632252,150.802154598352,147.34440140633,169.323082431308,150.707792530542,130.246932858915,164.252735537527,167.337540472434,163.715626866044,122.066666666667,123.395953464846,118.714587475149,126.371323529412,130.023333334827,133.293151015494,125.325625299639,129.02246337845,138.198398030273,140.241779594213,134.921037891046,148.950573214193,210.697671224715,632.561655927498,555.584057971014,131.123188405797,91.7862318840579,91.7862318840579
6.96583551847343,111.529433146867,107.256735859934,110.685407419471,115.862264437953,87.496146114413,80.9500150608547,82.8209762967096,237.569599609599,199.105462115731,263.956774446614,278.754057662124,315.258088626779,151.301165036774,139.482698722235,150.630555691081,149.7483369487,175.984253658942,159.110897314055,138.939601444877,174.214597910246,174.611072856398,165.898482001303,122.066666666667,122.997167425392,117.376242544732,121.981617647059,125.083333336079,127.509327562088,119.309375993666,122.403248235798,130.671416273212,133.215205932697,128.205561535278,140.746657320599,154.849559121336,492.374700709835,555.584057971014,131.123188405797,91.7862318840579,91.7862318840579
6.96583551847343,111.262623058648,106.897693695059,110.320346713964,115.757579808604,87.47218982742,80.9135022965463,81.8242054801903,102.232431492728,159.506369977486,263.265661626735,277.883467524348,307.859681370021,149.932268160501,140.582978019443,152.617094986481,150.251297834729,172.848809161009,155.665200458449,139.371405443074,174.12116285172,171.684595873825,156.641368588383,122.066666666667,123.528882144664,119.064488071571,126.397058823529,130.213333330106,133.483149969718,125.499502262235,127.988304712544,135.257571386212,137.58747755492,132.303854504755,143.184489820181,154.736441770828,152.353096588847,401.899035789295,131.123188405797,91.7862318840579,91.7862318840579
6.96583551847343,113.530305789516,109.949197028621,114.308348306155,121.242752534713,91.6629988076117,84.7695475273023,85.5476678113309,104.472962393109,103.010481949939,105.857389455015,265.089349551922,301.189346943125,147.83404365357,138.720195591686,154.657201168917,152.378641447272,174.936730903199,154.677029695028,132.8983768279,165.752840267582,165.195225524529,152.242426225829,122.066666666667,123.927668184117,120.151838966203,126.779411764706,129.45333333196,132.617672515024,124.616985449513,127.332825241547,135.240241772041,138.205295867923,132.951489027804,143.721792190519,155.275828767279,152.889515552143,156.853389173945,116.76089972377,81.7397324559421,81.7397324559421
6.96583551847343,112.196446964099,108.154321328417,111.952312600984,117.976259100336,89.1654541790306,82.4890966388981,83.2681735912232,102.50162444635,101.506615022162,89.7723995167488,108.153780587744,308.248176127948,150.522633061994,141.618381628544,153.266062588765,149.855248549641,168.940460181295,149.425941912251,128.469248902299,157.21464750215,161.592539103805,159.36721804503,122.066666666667,123.462417804755,118.88953777336,126.319852941177,129.643333335008,132.385761138151,124.056031988895,126.168588196401,132.641041091137,134.6859247374,129.577076826105,140.871874900136,153.185414482937,153.812379079982,164.625650569521,122.563130112799,85.813817692007,85.813817692007
6.96583551847343,111.929614065367,107.79523926934,111.542880231552,117.636160729909,88.9363403159362,82.2680486452117,83.1273904564404,103.699465325003,103.121103370332,91.1657718057225,93.7468491643464,138.382031288196,149.608137256198,138.356323559788,148.52393197242,145.726097748123,165.955977658671,149.234328200734,131.217577519378,166.637968119411,167.753276424771,158.530213102173,122.066666666667,123.329489124937,118.426689860835,124.529411764706,127.173333334397,131.603408785365,124.727702795277,128.198294783296,136.386216341526,137.068526623083,131.874212070542,141.635664034835,151.925011219803,150.364986100324,156.007743506989,116.149640623497,81.3213407116277,81.3213407116277
6.96583551847343,112.062998577592,107.974724442761,111.548186471662,116.75344381165,88.1344077648474,81.5242867258925,82.4167712678349,103.149906324857,102.621581620049,90.7187796544854,94.0737486640519,99.8585441700952,95.5668299087987,121.233580498525,142.918096119389,140.241081986403,163.853770550928,146.507952309787,130.122434484638,164.106348830934,165.512769722118,157.471596498147,122.066666666667,123.462417804755,118.952286282306,127.360294117647,131.353333331891,135.150540247865,127.468620718628,129.957753803553,136.613077510099,137.471657946656,132.215310832087,142.779784681476,153.989587275222,153.71643359222,162.618657285564,120.952372777831,84.5892404965814,84.5892404965814
6.96583551847343,111.796215862463,107.615730151755,111.404662249544,117.818046487463,89.1283172990068,82.4443912086677,83.3029647332326,102.607798215427,101.384711400153,89.6245888345468,91.9685390123556,97.0394726379137,92.7272984037159,99.9395831065505,97.4723680216989,104.123548683622,156.362808374281,156.519879482377,136.917574084487,170.092649019983,170.936468354339,161.583406931372,122.066666666667,123.462417804755,118.989935387674,127.794117647059,130.973333333284,134.243150727359,126.199493135203,127.783809509336,132.594098738063,132.798560202267,127.756073619265,139.045680722822,151.383106022587,151.22118718722,160.097892338631,119.194292928411,83.45974891745,83.45974891745
6.94096464044403,111.271289328067,107.062259825455,110.97483377894,118.087659935499,89.4427248126968,82.7373385365477,83.9747953769359,105.422135685786,104.112148772385,92.0433767601034,96.412380385968,102.997348300779,98.1434134749931,104.690810529636,101.796524688653,107.717782313098,104.62845811496,105.215581412936,115.530142308063,151.981639763693,164.278246283985,157.556580249501,122.066666666667,123.595346484573,119.327286282306,127.709558823529,131.543333332836,134.813150634775,126.723789783598,129.741402845754,138.322618359642,141.581325897815,136.195145106568,146.78900837984,158.028886553586,154.974212469607,157.579294796831,117.265813097171,82.0584842513837,82.0584842513837
6.94096464044403,111.671451908069,107.600731161944,111.477942743519,118.000065460661,89.2640048829704,82.5668290689174,83.595198046038,104.352833840538,103.32357950206,91.330611283926,94.7806021314646,100.634742493681,95.9454355842307,102.92237198469,100.268224953728,104.304297938646,100.650320364719,101.513320311885,114.896812274389,114.011890544915,173.211974751626,166.762367861248,122.066666666667,122.997167425392,117.489189860835,123.900735294118,128.50333333646,131.773151424018,123.927642761042,126.040625832689,132.513759014824,134.575550536622,129.500416797922,139.460505295484,150.124948353934,147.097911420268,149.135533450812,111.12063448324,77.8776460795971,77.8776460795971
6.94096464044403,111.93825287192,107.959757368855,111.97583047985,118.798092656271,89.8901906994711,83.1460889521083,84.174467198301,105.563676406903,104.787814046523,92.6236750495852,95.9576549913178,102.176747847964,97.8293116567137,103.436815657416,100.347422864757,106.102203560843,103.070315264527,103.744426521381,113.257744739283,108.254118703339,109.923573233878,120.633670054076,118.102051601346,121.46464418348,117.818246276614,125.724264705882,130.02333333213,134.136974296456,126.797180963007,129.814576981656,136.727600871591,136.156097160793,130.960917049048,138.631071848651,146.135509910256,141.399744100083,139.417196277922,103.706727299247,72.5353935464916,72.5353935464916
6.94096464044403,111.004506526904,106.703265383982,110.964170146566,119.851337595788,91.0447922477858,84.2212281180695,85.5628510190871,107.827330038164,106.469856624871,94.1329391920542,98.0627934958102,104.944574560778,100.626835690074,107.918425746557,105.084404858124,109.647087318212,105.872315847084,106.462368622162,116.697722055594,111.876834983747,114.067406853366,124.898405992777,119.966725674395,121.180131281785,116.622353925877,124.011563304654,127.713568660153,131.23401483346,123.545596685447,125.741396174457,132.830026178336,135.506360478536,130.256334363178,141.669451242547,154.230543030408,146.324591904787,137.328521260178,102.34725274993,71.7575217553889,71.7575217553889
6.94096464044403,112.338410976473,108.498220878056,113.098940403253,121.96647693277,92.5429419516803,85.5921841479917,86.8733422639598,110.117162602783,109.24165696773,96.5341724545982,100.378127554998,106.434012088385,101.039972459909,107.413045586943,104.34939055236,108.660092780578,104.855340470266,105.324836316671,113.813849572376,109.197871793538,111.044067635394,122.251127232915,118.814049399529,120.980075198728,117.791655351582,122.607246861931,125.694119415988,129.793656752132,122.926761992499,125.571998198761,131.575332354173,131.076285667139,126.286347475093,138.184559804095,151.248906043332,143.425391904445,134.481243193554,100.07444795354,114.970273115713,114.970273115713
6.94096464044403,111.538094767835,107.421293860473,111.251303285614,117.726600735591,89.061567864422,82.3905883376459,83.5458168653502,104.911068930274,103.858061044356,91.8449635339194,96.1576297591335,103.183145933054,99.01912311366,105.697224311958,102.889970937121,107.569901817883,104.066154156828,104.926487765404,115.160056784715,110.55304608736,111.957736898115,120.036369670465,115.640438557815,116.651429151736,111.707745154047,118.714861864857,122.67603747895,126.253539596773,119.041767554568,121.909107348628,128.461332910783,127.743517660738,122.966897689021,133.521506300792,145.259533871551,138.134084539963,187.445619104213,855.986279793056,810.451708048023,810.451708048023
6.94096464044403,111.804854672137,107.780248256728,112.103334327701,120.375950485118,91.2962250599212,84.4450403220772,85.6097122059847,106.076901462664,104.30793273939,92.1912612093232,95.5070627175327,101.426726142411,96.7699437275802,103.322818786742,100.492741970479,105.933083405366,102.796045258041,103.658427440166,116.959111419132,112.712600664833,114.184603351999,122.938711820335,118.746657245925,120.534025970529,116.662644038544,124.534018165746,128.844218680039,133.095973476469,125.791554951232,128.187251152432,134.177382412424,133.369994422992,127.755960043607,134.720408270431,141.292761946907,133.805134688819,166.935120608591,548.169293945001,399.429148061655,399.429148061655
6.94096464044403,110.871108325716,106.523756269399,109.718777928166,114.221179742691,86.182869509039,79.730295438415,80.5094711452356,100.692104414959,100.441554895942,88.8358589539449,91.7197955348553,97.0738269773732,92.8840760365523,100.958205470563,98.773889078533,105.312607188137,102.743092040502,103.460675012256,111.295739942331,106.557553561057,108.613360465377,119.683023476427,116.0729506139,117.176934017246,112.342242900304,119.167412158923,122.902812298696,126.604598237678,119.617647709512,121.82033568127,127.013735690946,126.56569354418,122.365824389806,129.98018827871,137.704946691668,130.853147422481,122.927183409429,91.6512266293432,64.2508211945523,64.2508211945523
6.94096464044403,111.938225498053,107.959709493625,112.020015811837,119.023888101765,90.0854601798471,83.3182819651077,84.4959764767021,106.292450432946,105.231770229583,92.9827368993198,97.1441580096784,102.795605850815,96.9015005712053,102.669777004931,99.6010924599357,104.145086481725,100.631423409037,100.967758711692,109.055052361496,104.498959469606,105.923503320381,114.237399765939,109.812143931575,111.02595627084,106.894404790084,113.267905444874,116.372421953265,118.415858118083,110.928309563903,113.404073912989,119.036075415874,119.262090537877,115.145209908171,124.139293613,133.873276352742,127.591740482941,120.816415352467,90.1609218379015,63.2862858926604,63.2862858926604
6.94096464044403,111.538081080433,107.421269922039,111.561261252986,119.350413139479,90.472991893217,83.689683072809,84.8752586174541,106.388672298983,105.168185102755,92.9750556137903,96.6709675957122,102.90738706576,98.2594478387438,104.570973165171,101.63648725866,106.095612143305,102.501711729645,103.117572443216,112.245037482689,107.526548519724,109.304875390495,117.75761603091,112.632894769486,113.749355630273,109.357150894742,116.958884278716,120.487289091416,123.334761335532,115.679828948547,117.481284497614,122.422131708839,121.866952765502,116.970529889216,126.195723694165,135.967225944346,131.924964151605,131.06962433875,97.4573016428518,68.1440804003084,68.1440804003084
6.94096464044403,110.871099201354,106.523740311444,110.427335565269,117.939986543013,89.4164463913941,82.7155419770122,83.8344015012129,105.656828634775,104.893285134228,92.7449510408781,96.0200570166585,102.394327572472,98.3672281334626,105.311756807737,102.541493703034,107.527039772752,104.096014029412,104.792978278671,114.941135661976,110.269484649376,112.053819237626,121.018282769421,116.084625478391,117.628150031868,113.618799725096,119.103427342497,122.40124533021,124.590535787536,116.299886274463,119.030929444,125.213214109604,123.927595060331,118.935075724001,129.348244447997,140.663828202276,133.64459666735,126.134617783425,93.8327005412873,65.6554250684173,65.6554250684173
6.94096464044403,111.804831859124,107.780208358156,111.394658108827,116.651657195282,88.0570133651695,81.4481488980047,82.2349126463544,102.460603843366,101.989466210462,90.146145307379,92.8083882184024,98.685890508094,94.8697341545014,101.213821526327,98.4874228661033,104.484076694478,101.726788863242,102.428977553437,111.804590852163,107.599418405879,108.987702465712,115.687703376161,110.693975713442,111.935305599286,107.546955800599,114.900503240719,119.230188283286,123.617658051952,117.380592980728,119.721001317261,126.329760524914,128.400310938317,123.779156627797,136.649635666396,151.239275103159,143.748921332895,135.284099110568,100.823108170622,70.6389831024058,70.6389831024058
6.66738498212068,107.89828322894,104.205282055636,108.026120067379,114.038264176294,86.1888115231107,79.7491165944191,80.6392238862303,101.6639858534,101.533707259447,89.8346987340192,92.8758298588453,99.0877422429805,95.5013107983507,103.214872404328,100.748005971729,104.894842178177,101.20096179112,101.797595244963,109.362287228098,104.194371453799,105.842564427984,113.169475391914,107.667944622146,108.304983091368,103.228565015626,108.750072726583,112.253306347668,116.016551981235,110.012238923156,112.485576294085,119.325096176147,122.019060306472,117.911917214707,138.019654284524,162.055443181783,155.440343458443,149.596687323931,111.542217034558,78.2169089699877,78.2169089699877
6.66738498212068,108.164932690196,104.564043293716,108.656306192191,115.510746191872,87.3978831329824,80.8401096143317,81.988261748629,104.271181546051,103.809143377824,91.7555355918513,95.9763784710838,102.525234498603,97.7241282122176,104.170727757384,101.270078126949,105.698150317114,102.080725601704,102.560778132652,110.99858555025,106.293663057861,108.067750584,117.978775022979,113.826732502942,114.956647899034,110.594244436207,119.407979774584,123.791894579928,127.211715295301,119.862269149614,121.827018194254,128.114186855345,130.22779498056,124.818761392467,144.457311692469,167.232653246735,162.329800844915,161.896297634174,120.076069481722,83.7381645103995,83.7381645103995
6.66738498212068,107.89815453308,104.205056974399,108.069929196634,114.252062982041,86.3718130820398,79.8966703472426,81.1169460236264,104.377590937173,104.296358665066,92.2087701478316,97.2560967697114,104.751788481048,100.209160200322,107.566624415082,104.805231075846,109.458439461913,105.761006300821,106.42614351392,116.104044558798,111.085715161047,112.608439787437,120.571760199298,115.256370653903,116.504936360763,112.317295144631,119.436395574615,123.701505756092,127.082726415033,119.555966816562,122.297884562049,129.353563418754,129.756604679087,124.63089201534,144.594410426566,168.352533821526,160.44214483595,152.328155755772,113.466066167277,79.49145499185,79.49145499185
6.66738498212068,105.897240829316,101.512523992318,105.155427367574,112.582356179792,85.4302699063563,79.0367318081784,80.2464873476174,103.134941483601,103.018850761576,91.1151804327826,94.8840071694837,101.1075652801,96.669835342248,105.701972847094,103.501872631445,110.565089029756,107.903511351837,108.498609881143,117.671681200416,113.101444644703,115.307250441308,124.761828504274,119.263875758127,120.19077137457,114.865249180347,123.853583710381,128.843567743927,133.009677541644,125.513098878107,128.373950687554,136.573856324183,138.710163608119,132.998106654375,151.276377844936,172.501934222809,168.148248046903,168.88475027673,125.567270078289,87.7931185177752,87.7931185177752
6.66738498212068,108.164864249254,104.563923594669,109.143208741444,118.057301368977,89.6105744781012,82.8710634995865,84.1469268311736,107.368544266997,106.74147182125,94.2908692409741,98.0707002597418,103.408448453072,97.377651745318,102.636994057973,99.4397476949374,105.307326175721,102.365730431967,102.940034742713,112.925131579154,108.371037351074,110.731548602713,122.464831444055,118.393167080031,119.661153716885,114.767801317797,120.996847440326,124.595855096483,129.87136400293,124.086715854762,127.967880350409,137.606189659185,140.957145637619,146.595725370891,337.203188763525,177.327261340636,174.424842097044,219.9749901227,131.123188405797,91.7862318840579,91.7862318840579
6.66738498212068,106.831005421808,102.769047890917,106.078581513363,111.069897201731,83.8772868998786,77.6008176908141,78.553564327771,101.467573704167,102.272326397471,90.4657752554469,94.2647477737336,100.165206450034,95.5839053773769,104.052492792986,101.846436738445,108.420889939833,105.697145321041,106.687835359465,119.631078334754,115.238743481682,117.208249175973,125.589724285148,119.535074058872,120.501441988525,115.429981270498,122.042600720337,125.298793627495,130.125661303105,123.383251685307,125.742698119242,132.633237070131,133.471011905243,213.846979945296,363.282565814675,177.327272727246,168.150364546055,157.684685856668,117.373323759877,82.1613266318443,82.1613266318443
6.66738498212068,107.631321632007,103.845974911229,107.261914091105,111.818172366589,84.3217851210548,77.9920867705596,79.0528435099746,97.1444828596011,95.1501052110832,84.0937412270039,88.97426483088,96.4127525728009,92.5104236282923,100.740552154829,98.5586462287195,104.818371153737,102.194772291573,102.8796969009,110.826165646091,106.438024241233,108.61922624284,119.630189934504,116.087509016474,117.604498780826,113.33262054826,120.413240291497,124.366489827036,128.734384292521,122.259364245799,124.282131538635,130.256958050497,132.662131262158,280.248654940896,363.961495728862,177.327272727273,168.150364546104,157.684685856755,117.37332376,82.161326632,82.161326632
6.66738498212068,107.764742643554,104.025523919744,108.108808275763,115.360406832969,87.3688403985991,80.812241640966,81.9597557728124,100.708301103991,98.5035573778132,87.0588434144384,90.9287085443809,98.295229044726,94.9496143281423,103.83159139993,101.606371973168,107.247255172672,104.07809844473,104.586874473952,114.427826587385,109.841689611489,112.461190093824,124.050224188458,118.893201629077,119.352854072997,113.335105514413,120.564886454933,125.01370322965,128.766032469015,121.427594367842,124.529740452845,132.472947188821,133.569606713586,250.274098448284,315.682584362184,177.327272727273,168.150364546104,157.684685856755,117.37332376,82.161326632,82.161326632
6.66738498212068,106.830991736591,102.769023956304,105.679947973469,108.972968800931,82.0531441601184,75.9105043485566,76.7412974936458,93.9576830797978,92.4723399851943,81.7921069429939,85.7952720203669,92.7716215599494,89.7323367343202,98.6381132321885,96.8054298796603,100.991288336922,97.6340355099865,98.5212755331836,108.573989256842,104.434405230029,106.372240659584,114.160622644542,108.885481981238,110.063243669188,105.672128686594,112.962072309871,116.833776446005,121.676821352075,116.213090951308,119.456100218315,128.550721115371,133.713666158434,283.157969565555,344.611095604266,177.327272727273,168.150364546104,157.684685856755,117.37332376,82.161326632,82.161326632
6.66738498212068,108.031502547388,104.384478315181,108.872265376696,117.54557459353,89.1999959070173,82.4950910971091,83.9105163012248,105.636871533898,103.905962680491,91.7914053711919,96.5813514385376,104.826712460249,100.890491876615,108.033223763052,105.032847958955,107.677223318501,103.035061970128,103.476695353074,113.528846811258,107.883926898238,110.338583597694,121.980174572289,116.580160207027,117.446818818244,112.607238173354,117.734213274418,120.824908941682,123.789426239102,116.396108417678,118.715405364759,125.028791234624,125.988949575188,181.157483695424,327.252977844239,177.327272727273,168.652324439096,159.353204218327,118.615293104,83.0307051727999,83.0307051727999
6.66738498212068,107.497969053567,103.666545588058,107.743883086288,115.268052578593,87.3576072499159,80.8110625700824,82.0328836145164,101.137061152313,98.9181446236834,87.4641721915542,91.636982564874,97.62015359792,92.816356792054,99.6329585205021,97.1215747847533,103.22748586208,100.603307475327,101.247832574109,109.353758772855,105.352737369404,108.705110491683,123.943182737347,120.956202337207,122.394859290856,116.824990897734,122.323528489056,126.413242745913,129.99774776959,122.520479680951,125.129392777531,132.780531087429,135.399026749949,286.124179631834,405.283042709226,177.327272727273,168.150364546104,157.684685856755,117.37332376,82.161326632,82.161326632
6.66738498212068,107.898131721159,104.205017077737,107.671261769791,112.155360374839,84.5479198267015,78.2071134243975,79.0826671841554,95.3183671225147,92.9543883258152,82.1776536422619,85.9925482099961,91.8740631925534,87.713520567986,95.5259216006736,93.5002937017374,98.4882450256111,95.63227597847,96.6545994233082,107.715640922997,103.433613960756,105.126511139815,112.592624688442,107.832662888476,108.754468985817,103.897977389352,110.658065786112,114.550441846662,119.821967268332,114.639585166589,118.041268878918,125.538869396879,125.787392530723,381.989710546788,377.129049510729,177.327272727273,168.4013444926,158.518945037541,117.994308432,82.5960159023999,82.5960159023999
6.21771950734919,100.28582107173,96.7259620247168,100.24508012764,106.051075435706,80.2073936390097,74.2409452221093,75.3004317952462,94.0794967180194,92.9611505019695,82.3386418687382,86.5306883699535,93.8763044484466,91.2113990364682,99.2897422791601,97.1109786627625,101.732945734497,98.3679142268569,98.8475533024579,105.781800326373,100.7525927052,102.621516081361,111.786068506974,106.953822120706,107.558901535278,102.73789259669,109.005448144413,112.21271305141,116.288338350091,110.535400018539,113.515836923995,121.659430778435,125.296676319438,361.172346071726,352.247817631488,177.327272727273,168.150364546104,157.684685856755,117.37332376,82.161326632,82.161326632
6.21771950734919,99.7519792500699,96.0074900509466,99.5141357604308,105.812196100111,80.1292571961596,74.1230411523731,75.1034577167247,93.7641990406332,92.7000133669526,81.9582957703062,85.1057555634221,91.2804086695254,87.9903092873202,92.831737810574,90.0222930070133,94.976568242143,92.2061730034171,92.8798665518507,102.725566130302,98.8632553009259,100.896888898789,111.814741038623,108.798042169378,110.24663889333,106.060087772091,111.37402226009,115.334593481771,120.039565962665,114.467263424961,116.909216587094,124.182045626885,127.633903281312,192.64282115578,294.247883298488,177.327272727273,168.4013444926,158.518945037541,117.994308432,82.5960159023999,82.5960159023999
6.21771950734919,100.152141907117,96.5459615221823,100.460114708145,108.049666805155,81.972353886248,75.8200049261769,76.9329185289159,95.5152672731167,93.827189634303,82.9254990065655,86.2408880075921,91.7931129642754,87.5173017310093,95.3139581110393,93.1933436067047,98.058195278009,95.0593107337778,95.7921202929494,107.223738873461,103.03222988583,106.251611989481,118.848400505821,113.561403236423,114.712942518251,110.258121200399,117.55604788475,121.262104746343,125.43178997766,118.557154087603,120.918626452034,127.738794421254,128.751199624479,123.373950082526,141.327116710609,166.609966025501,161.365511272515,155.186401848894,117.377701724323,82.5960159024,82.5960159024
6.21771950734919,100.285549232354,96.7254865941743,100.155496863784,105.544306504191,79.7601940223004,73.7795678726973,74.7587573392075,93.4154258200603,92.3823867085302,81.6745217929026,85.4922319163024,92.2950281421333,89.0778466677177,97.0456910471532,94.9584176952359,100.480407546286,97.6743621443857,98.5688321726181,110.421891016022,105.954110643123,108.157732426207,119.346320231004,115.179476705195,115.611547481187,109.804439849206,115.822113971313,119.584178405678,123.327961202078,116.457974013777,118.882323071025,126.255249085511,129.000566332939,124.072122247685,140.259486763337,159.144410674163,151.026341613737,141.755457793181,105.632088538883,74.0294956856261,74.0294956856261
6.21771950734919,100.018766518005,96.3664923045327,100.366268402244,108.468277800249,82.3708482507232,76.1920952992147,77.478735666192,96.8969973791666,95.0798374243941,84.0428349120825,88.1554699525164,95.8119015598968,92.8098412118424,101.908400594299,99.8337168912976,105.490584470958,102.412333170478,103.035524674171,112.661737034428,107.5206055937,109.326105515581,118.365997116725,113.337697094769,114.544246163494,110.306887681673,116.409782025007,119.654293043307,124.287069035699,118.054821014002,120.837499647333,129.365392817428,133.389462193363,128.502332077062,148.727396733724,172.709477636797,164.164469772167,154.651296101258,115.168369304288,80.6275609351425,80.6275609351425
6.21771950734919,100.952512863645,97.6229842904968,101.112206919597,106.02217860361,80.0054219903931,74.0014465198924,74.8574974846013,92.9227640336721,91.9259070117006,81.2550888877815,84.7105596787155,91.4049429623779,88.416105611156,97.6523270658716,95.9160467602681,103.366498359202,101.318917364436,102.200908594163,112.702277772563,108.244262051951,111.366916501937,124.547234891587,119.99548589451,121.092482697024,115.809179806753,122.171731655747,125.904840740899,131.688097059995,125.774762195755,129.151622663591,137.650971761565,138.804108853588,132.981112053367,156.008234021566,177.231550880139,167.973486003148,157.382050718174,116.972923628316,81.7158778825116,81.7158778825116
6.21771950734919,99.0850338596105,95.1100242567293,98.3360585832967,104.174628214632,78.8760314381063,72.9734005248187,74.1827597815455,92.9824308512384,91.4525450417023,80.8887416810068,85.660052058138,93.2281824267546,90.0140417333508,95.9266498732594,93.2788292159863,100.257087148401,98.0652660876234,98.7782566551585,108.352459737342,103.548353927536,106.279909160438,118.161620980254,113.438352175512,114.851500910034,110.985750543446,120.890034548778,127.44209685411,132.308669020829,126.090188897337,128.930553228286,135.731689466374,136.881498835378,132.135123800236,261.035380274868,177.327272501392,168.401344073805,158.518944307892,117.994307391025,82.5960145319304,82.5960145319304
6.21771950734919,100.285512734437,96.7254227615356,99.8453525609697,103.908172915459,78.3360794380657,72.4537500855356,73.1874769113156,90.1833590270718,89.1634180946527,78.7981763560607,81.7765702192302,87.4369841139326,83.9696007197831,92.9975191020952,91.3882903389537,96.9286801261207,94.3713290154367,95.2400616615873,107.072233738062,103.401334598386,106.572663398744,119.197363601914,114.549378345687,115.710398627838,110.776227405151,116.769174932325,120.124483426039,124.747662189234,118.484265247084,120.255437298992,126.092122488466,128.02901879503,123.055545708037,221.398321354412,177.327272727272,168.150364546103,157.684685856753,117.373323759998,82.1613266319968,82.1613266319968
6.21771950734919,100.152160155373,96.545993437273,100.460182462936,108.051221360946,81.9739349735882,75.8230601937517,77.2458470155133,97.56158233055,95.8148028818695,84.6845279781949,90.0092438994135,96.5003393396752,91.0967854210489,98.9048372889069,96.5634951431621,102.483283581839,99.6122148412616,100.208758107414,111.128883480599,105.967304241107,109.002939266471,121.525599474889,115.76281850381,116.664064564889,112.049079269296,120.818128271268,125.665331784337,131.101262983287,125.095664462485,128.13552105875,135.91897495122,137.116407251372,131.803788064679,171.316208438538,177.327272727273,168.4013444926,158.518945037541,117.994308432,82.5960159023999,82.5960159023999
6.21771950734919,99.6185810398967,95.8279809206481,99.5087786605813,106.69390410708,80.9301667410418,74.8648693654061,76.0003696610513,94.9285337029039,93.4671190916441,82.6413841239722,86.2466560812237,92.8808385862286,89.6091437626783,98.9147117636422,97.111854509434,102.62113681058,99.7173495646135,100.511777660288,110.60503242259,106.096940185382,109.209886173876,121.46292450731,116.227404341165,117.452536682857,112.944633160455,121.30697565698,124.964246313404,130.291224688944,124.176114416558,126.724010017656,135.237997647625,140.04573211777,134.78742534561,147.411365473477,161.348836600296,153.037814285555,143.543462256922,106.868017734882,74.8205552827783,74.8205552827783
6.21771950734919,100.685711899011,97.2639580822162,101.500058574572,109.874038664845,83.422617615701,77.1565814668052,78.4381442829754,98.3166266603211,96.6210565767919,85.3780585194091,89.4437847674605,95.4876892867073,90.7417404511689,96.7012879104599,93.9853017517134,100.505552212507,98.0941142519196,98.5789267783459,107.406200982702,103.041869073437,106.02200860064,118.994120714372,114.545811332856,116.178339446061,112.328985055707,119.070372469029,124.050899260261,129.378611630631,123.598782744634,126.160818280756,132.999989073448,134.833916405274,129.795990129638,158.606991580772,177.327229586014,168.401264506317,158.518805680809,117.994109614583,82.5957541543626,82.5957541543626
6.21771950734919,100.018780204626,96.3665162416017,99.6134407348698,104.519826738178,78.9380497080693,73.0264975868447,73.9930450223614,91.6249454009575,90.2219769747911,79.7929957880998,83.7771339674006,90.9155089321991,88.1689657452023,94.8163615162922,92.5105581409919,98.6845560035547,96.3288064293035,97.220373127014,106.413462612514,101.931523341976,104.725626304166,115.892985343947,111.012827521258,112.225651638597,107.906610781921,114.608762305632,118.829444398623,123.143748531301,116.875985016471,119.063252850499,125.954304223383,129.09113604325,124.493769242533,168.012527616339,177.327272727171,168.150364545916,157.684685856426,117.373323759531,82.1613266313824,82.1613266313824
6.35500675407145,101.913181333068,98.0716959224782,101.966922181368,109.757909611971,83.3061960262305,77.0429008266711,78.2006909538338,96.7642593835976,94.7797784596144,83.729618426244,87.0867130213316,93.293877513856,89.4130485220171,95.4664689473077,92.8068017046601,96.2985595056589,92.7517149374992,93.4251951782516,105.277848773852,101.197288309236,102.880265966865,111.680645365712,107.425482882744,108.699787049727,104.793823860466,113.172785981576,117.502030057027,121.460542490144,115.181200227476,117.718725108322,123.4129995035,122.974898856224,118.425359212956,134.942264405913,154.23706350137,146.564017897914,138.102558808667,102.853160766301,72.039327922752,72.039327922752
6.35500675407145,102.313429150926,98.6103163347963,102.55892156876,110.150799600078,83.5477372547112,77.2788593293901,78.409946147023,97.0797381997827,95.2416348702951,84.1840432005552,87.6292770674947,94.2134364790025,90.8111758422037,98.6315528713939,96.3919580573946,103.166238103877,100.752210768126,101.571798293994,113.275810276697,108.611235666301,110.874454781434,121.128615890959,115.962578989565,116.784468025414,111.854530609619,120.661480867742,123.38643284092,126.135301117697,117.818885353752,119.340191068081,125.209096355757,126.518628288453,121.004299503181,141.843632540332,166.722047855614,157.910293275779,147.952221622044,110.056093218205,77.0085590448551,77.0085590448551
6.35500675407145,101.913261924611,98.0718368721882,102.10008232242,110.470847927165,83.9285920795914,77.6361185011311,78.9246775426376,99.0721756009554,97.47585058006,86.1750532610401,90.0943573672036,95.9551899061407,91.2641947399587,100.461984861837,98.512800958802,105.596419405587,103.160532230121,103.978903785717,114.925878705201,109.65051566461,112.334593355922,123.958549913806,118.669077807477,119.991626257765,115.441920817069,120.860765644898,124.869471912808,129.32266975935,122.557262625392,125.558191918604,134.177250689611,137.40457239921,132.029254216752,222.004608755549,177.327138316271,168.401095287161,158.518510857408,117.993688996161,82.5952004011742,82.5952004011742
6.35500675407145,103.380578262613,100.046325419006,104.284547435323,111.939802123486,84.8311183421499,78.4584987885327,79.5163929645108,99.5182870070736,98.4140460926453,86.9628234922677,90.1385897102899,96.4966439113354,92.8128728073215,99.743470692257,97.2005267460348,102.18236492488,99.0409828532187,99.7174044345075,108.464294013298,103.607400357602,105.724799087505,116.986606312113,113.386438354297,114.483014032097,109.989031050346,119.272522242852,124.111027154093,128.901157772684,122.922415940025,125.703096199216,134.093923470078,139.408107762175,134.754666803532,154.184567629384,177.084134044117,168.150364545516,157.68468585573,117.373323758538,82.1613266300756,82.1613266300756
6.35500675407145,103.247234810096,99.8669120565187,103.880810920323,110.736621573113,83.8202532443968,77.5356114412012,78.6523829708746,97.731727655814,96.1268948351203,84.9841168188128,89.0212902891362,95.2570209106052,90.971556977462,97.7629395038458,95.2998199226532,101.999156898014,99.6474300327433,100.391555357592,110.052317911492,105.528073536312,108.017786113043,116.979612983909,110.901545454962,112.426022022529,108.579554375495,114.242214166885,117.107691432551,121.739515349654,115.686553813777,117.691396436199,124.480563959081,127.566867924785,122.603528693503,141.761471971567,164.734543723199,156.722135980174,147.881030845457,110.384184863428,77.521391050446,77.521391050446
6.35500675407145,102.313474779083,98.6103961356691,102.426230074541,109.460846034647,82.9489600877447,76.7346335481356,77.9230603293234,97.1052510471894,95.4332668260228,84.3869139744083,88.5630993637302,95.0069361635391,90.8843637326154,96.2811226191668,93.4783747705688,97.9088006122536,94.7361700696532,95.3292252054495,104.126642464446,99.9349605832529,102.509634482489,112.834006767641,107.75012638997,108.47909189016,103.407784670783,109.417603119819,113.193549059609,117.61602732498,112.223477476564,115.457084419853,124.229142233515,128.965147962333,124.559859763461,144.566588569027,168.136168985436,159.501011673155,149.604873798543,111.367867622231,77.9581047975261,77.9581047975261
6.35500675407145,103.780772866801,100.584852763847,104.256331667413,109.06545750072,82.2296150432579,76.0537493189717,76.8895396259508,94.6187692527349,93.2959385482013,82.4466789529653,85.9759033211341,91.5183337933772,87.1184671410018,94.2836879490107,92.0912711424034,97.8855549296658,95.3806038099848,95.8766033176145,103.467786703983,99.7464629466189,101.484869841189,107.761286271324,102.07934224936,103.054278152241,98.7284245627122,104.980964038612,108.034415243165,111.865450390901,105.919324013925,108.359961467254,115.209875056121,117.27588416201,113.061533251909,133.391811779811,158.088063590904,150.569461761486,142.201872199137,106.180816719805,74.5587115880412,74.5587115880412
6.35500675407145,101.513131195798,97.533421241492,101.154221922526,108.237438936115,82.0896529543136,75.9475555879434,77.1063482353606,95.6609729165097,93.8676827174348,83.0270315187387,86.7964074445101,91.9138455653726,86.9969137051494,93.7420386048175,91.4096032389559,97.061565755544,94.4386681024608,95.0517822755057,105.271209317052,101.182800613783,102.725051550994,108.912650208898,103.162505050172,103.867227060766,99.0800839943875,105.345013044678,109.646784705314,113.573981264634,107.715112372324,109.541400241271,115.758678301483,118.81546351049,114.042826489138,130.913813036719,150.707057057952,142.806187513156,133.846135635709,99.5892329800033,69.6947079378017,69.6947079378017
6.35500675407145,102.713596384003,99.1487958092293,102.884899931064,109.132327631218,82.5593999999782,76.3592991570952,77.3841678304017,96.7453918714446,95.6383347123445,84.5168485308299,88.1538762432525,93.8690746580958,89.338180565742,99.0820633130331,97.3591519800455,101.901628170575,98.5576132343518,99.1530592616202,109.553057779359,105.368628663943,107.499705453477,117.422956088017,112.421705452827,112.979574324041,107.721969408431,114.498155501145,117.782998624352,120.82129555062,113.478328337905,115.715874361339,123.141990760548,126.374498923002,121.18798850806,143.01487690309,168.80031445144,160.175656935527,151.020621330285,112.098332914856,78.2504569801847,78.2504569801847
6.35500675407145,101.379701056923,97.3538562698361,100.750163545704,107.019901903953,81.0640485070749,74.9942798275341,76.0473389117781,94.8154809393122,93.5227153729691,82.7095203724472,86.2371307287613,91.7151074178262,87.4153459123433,93.2373051741774,90.706121513864,95.2487899722951,92.2866552130059,93.0794857975925,105.998748193527,102.777307608534,105.235071513778,115.929565209904,111.441061522597,112.806515649478,108.525652637734,115.44565428352,118.874788506853,124.151453579629,118.817399708966,121.16619265814,128.090028773246,131.231129468497,126.081902605784,144.131420682904,165.025919315665,156.232916123053,146.269898723438,108.684656098285,75.9441608074729,75.9441608074729
6.35500675407145,103.113772736188,99.6872912324297,103.78664275838,111.138706295334,84.2017585325011,77.8723727482919,79.0994630198721,98.717421092057,96.968505777258,85.6680050051662,90.037373235227,96.3118775640391,91.427044662958,96.6558285387893,93.7270160145565,96.7675894582047,93.0023146993713,93.6839193497195,105.173500731381,100.930545432893,103.12676120959,113.159349393063,108.367431567222,109.424086879831,105.125403588113,110.593463244565,113.924497058567,118.298000869398,112.59338801404,115.641310464993,123.967402399264,127.589203329321,123.165562208822,141.716666076237,163.651806046724,155.423214306475,145.966298967442,108.820227786224,76.2920443010643,76.2920443010643
6.35500675407145,100.979533828164,96.8153768029531,99.7155936840521,104.317793273155,78.8169850965023,72.9247966616271,73.7602708574196,90.755158757396,89.4665145966457,79.1603539667472,82.202549736876,88.6141258096459,86.1893144443248,92.8782781784092,90.6844514350378,95.8799737358054,93.2466322609631,94.1047175050022,103.709894353557,99.8866624564022,102.08728060029,111.232438993602,106.634274132621,107.82353267314,103.410744342566,107.323359636601,110.032364648979,115.063833680053,109.844086322213,113.094807895529,121.219142742141,122.826010972364,118.308536881517,142.722302433767,172.438116292692,163.743690963799,153.770466998514,114.63341245962,80.3621430515976,80.3621430515976
6.37589829161615,103.04245810129,99.462884605933,103.558468622089,111.305030380859,84.4092878070323,78.0599316600218,79.1813396701694,97.5702133736375,95.4947254326159,84.3467336505893,87.6731076519548,93.014981438105,88.1640603694846,93.0873384365608,90.1923551335922,93.2522836828083,89.6576839882492,90.0927234493557,98.2380820808611,93.8281792098764,96.5329016211969,106.802337032762,101.589891558366,102.48196267147,97.9458249665112,102.130542624438,105.094739893292,109.940360153973,105.477355508785,108.183199249594,115.273584391689,118.438598994236,114.416129153743,136.530708027012,163.098709849603,155.539556574037,147.755095278924,110.052968979289,77.0857412650988,77.0857412650988
6.37589829161615,104.109678088542,100.899017647197,105.461505524683,114.039275494067,86.5170532941261,80.0193281785587,81.2839723255632,102.281969371891,100.905091913605,89.1671201469879,93.2371915948255,99.7467429286912,95.1712259457978,99.2618212396914,95.8938062955312,98.6293350937128,94.5924572165827,95.0230266254744,103.870488116377,99.3601912497816,101.013509424969,109.124630766173,104.008081994307,105.268707171028,101.814947054432,106.675204275429,110.072547467398,113.152477379848,106.581905547988,108.106777053405,113.983980036983,117.077100457674,112.421251540888,136.225326576054,165.034214836268,157.914740125215,151.608091229302,112.796476408667,78.920681778368,78.920681778368
6.37589829161615,103.042565481358,99.4630724071434,103.426006409426,110.63032818127,83.8262198393183,77.5487948386569,78.6015759255273,98.0897737573875,96.8980823355511,85.693876592,89.0020203126904,93.8508111228884,88.9236234236535,95.2141445894582,92.7556933918751,99.2696718848732,97.0097762067956,97.9194743815633,109.072847283423,104.933672571037,107.250581559654,116.526222140071,111.377676913881,112.231976759749,106.883623489479,111.566921684483,115.574256448689,121.051065757028,115.381647051717,118.435076897318,127.843075686462,131.56213103865,125.651513157287,146.041435896848,170.214624945999,165.382600346465,165.046471002189,122.701168149982,85.7945999543734,85.7945999543734
6.37589829161615,104.509859008064,101.437521058391,106.363265310277,116.046721726906,88.1605110305486,81.534711407695,82.6934256473274,101.980890338502,99.9073833055636,88.2654437132815,91.0672788650114,96.5581858638103,92.1144666616098,99.4117874340019,96.929726699795,101.552214038103,98.2452545468101,98.6518286387105,107.020002502872,102.676440421126,104.786268069344,113.816929289893,108.537286525365,110.231776696801,106.973433365796,111.739214991581,115.028142145555,118.015471373749,111.120613964926,113.795698524271,121.583573262766,125.325303152627,121.037370692456,139.008804423509,160.102299421389,151.970381877256,142.615044350932,106.210274830507,74.3706913742431,74.3706913742431
6.37589829161615,103.309366445836,99.8220986151513,103.569598390407,109.56930185865,82.8359876692765,76.636349237259,77.5368328517482,95.5689735469651,94.2125556872727,83.3360724992067,86.455464046338,91.9992281325322,88.2440641130713,96.2254497927175,94.2365650225703,100.025524441819,97.4160416598348,98.1466837711375,107.050118397335,103.04803352048,105.673570859646,116.722696738179,112.062688307145,113.448619987503,109.252839535166,115.012983484299,120.810444737792,124.263653161078,117.096764695078,119.22071043981,125.047035704057,125.512005724132,120.497911389201,137.357828605035,156.858687244945,148.513247234774,139.044412515408,103.30778120653,72.1761866339051,72.1761866339051
6.37589829161615,102.108782638268,98.2065165893596,101.528471166497,107.023274661493,80.9267066816964,74.8668018189712,75.782296784906,94.8482301555531,94.1210183987551,83.2377250160691,86.4300474703468,91.6440010009004,87.3574438931731,92.2492909863526,89.4958309785925,94.2560819064919,91.4160272568189,92.0163291427336,100.801636501931,96.7693846232751,100.098120560248,113.202451537623,108.523398985624,109.793909681824,105.645908072766,112.49208794735,115.676917562415,120.014795053289,114.401588867465,118.017790726452,127.497366280584,132.416998655548,127.717467205805,149.692492627211,175.72370854262,166.608917918341,156.200725337011,116.23103943256,81.3354471881293,81.3354471881293
6.37589829161615,102.642316129593,98.9244493121159,102.435418599108,108.142038431989,81.7621003572562,75.6256874899215,76.5155954531793,94.5030765203238,93.2018764303247,82.3750726727292,85.3619914049892,90.0149043927463,85.2260902787251,92.2403317604712,90.0635376610415,91.8351566591623,87.8277055005688,88.7540212269316,100.887170796074,96.8790332664604,100.207659795659,112.166982169477,106.795626333353,107.741968263539,102.922608573578,106.650205904378,110.413891451769,114.986314954139,109.593013474723,112.803588556819,120.623709587672,122.170877210969,117.594171056338,134.405062895541,154.224415914973,158.440752123046,330.830045466996,131.123188405797,91.7862318840579,91.7862318840579
6.37589829161615,104.243058041245,101.07849484629,105.201073017247,111.75862785861,84.4990402396722,78.1486186182161,79.0847005159938,98.2594872595574,97.1294058677742,85.8150753537107,88.9652216626531,94.0951145410532,89.2156392307084,94.1811693575146,91.2934195683414,97.0820982178964,94.5159634771948,94.85953039332,102.261732844384,97.9970609776301,101.323681351344,115.725459032639,111.539462514649,112.873061143174,108.841287740868,113.885844235583,116.74170077017,120.996014773382,114.654538856655,116.588482249639,122.983034568435,125.281134479753,120.317065953304,143.225971204001,182.95703939648,669.600211994329,553.660386665286,131.123188405797,91.7862318840579,91.7862318840579
6.37589829161615,102.375601850223,98.5655747110938,102.026426657072,107.825647958557,81.5573679695146,75.4554733216073,76.6144838882828,96.8527063080676,95.9408247888742,84.8656208665601,89.5457596874126,96.4078336001196,92.3272182046982,99.8263548175856,97.4753520591177,100.234427338536,96.1759618589476,96.8687695049212,105.819608584614,100.972347924972,103.196276025279,114.432270152444,110.290820147607,110.630420078591,105.077692619782,110.009296556383,114.021487377351,117.114204005657,110.347676430765,113.231239375039,121.609081317701,125.515696487057,121.031646613876,205.532807467621,339.674050421478,747.339063830539,555.572662034642,131.123188405797,91.7862318840579,91.7862318840579
6.37589829161615,102.242144339666,98.3859618680293,101.666553620348,106.833758414568,80.7268795910351,74.6740536309624,75.6534018427913,94.3101678570428,93.1876316721703,82.3848714607023,86.196611456217,91.4249105725734,86.5454660023604,93.6577166223654,91.475801216295,95.1020727072272,91.7770974167674,92.3746788490192,100.285732587251,96.5093130018273,99.3894263972261,110.192017901865,105.426371462384,107.284744965077,103.948274160408,107.996965427302,110.643228768772,114.82998472902,109.168187547415,113.557256500886,124.689259908739,129.677320516598,138.864379201583,399.793008447623,313.983532601378,689.927597460427,555.58399046085,131.123188405797,91.7862318840579,91.7862318840579
6.37589829161615,103.709469799846,100.360466368981,103.895339573114,108.535806567558,81.8321812427813,75.6842767441915,76.5189195344874,94.9635573004995,94.0271390791689,83.0837647742262,86.5923077055462,90.727666120074,84.8139593487476,90.4916760102405,88.0106926643186,92.5837715806054,89.7715412317557,90.4555257156308,99.1530279248325,94.8155575510859,98.1364177420675,111.117793816996,106.620472318054,108.311331020754,104.816452988934,108.985172204108,111.829221715676,116.944898746406,111.824632081429,116.653460690609,127.512641801189,129.624162622871,375.586251449534,532.307531966202,399.581131987888,783.896388458795,555.584057571081,131.123188405797,91.7862318840579,91.7862318840579
6.37589829161615,103.576126347641,100.18105300704,103.757324877541,108.728120753345,82.0348786074032,75.8829113623357,76.7586321244222,94.9157041974167,93.7292504371775,82.8584155591318,86.4350773585023,92.3918623314622,88.3776449744505,92.6852047277598,89.7238807572588,93.3743812986118,90.0880534776535,90.7723389085141,100.163595899677,95.8256958334342,98.3172676100847,109.260750787857,104.86706808455,105.792773684482,101.360984112717,105.356216846178,108.231420511427,112.419168195108,106.965876630087,110.239704737956,118.898966930184,232.497642870367,476.505904302429,424.675276109691,286.944014768506,653.902734626279,555.584057968645,131.123188405797,91.7862318840579,91.7862318840579
6.30625983313383,102.74664250508,99.4929782484495,103.45639769327,109.859872310228,83.0796549348119,76.8523157261855,77.8156318191771,96.6333809281154,95.4248542032362,84.3644684530464,87.7269254589001,93.0529102682525,88.4757328210679,95.4577069161251,93.1027874396942,98.3901940867257,95.5442389360182,96.2465413436115,107.113924491095,102.733651103157,105.453139885367,114.973571673243,108.619306134852,109.727466639134,105.519158003473,112.109366500177,114.70750527152,120.586037271656,115.372066464418,117.679055758419,124.316442947861,346.947204953459,499.691513483347,492.30925433011,329.463362181321,718.232278402756,555.584057971001,131.123188405797,91.7862318840579,91.7862318840579
6.30625983313383,103.413581258101,100.390432434191,105.121606892882,114.055763966583,86.5576700759147,80.0580633392802,81.220408036926,102.20435385683,101.121826239037,89.3600596137739,92.6472373929426,98.8096659169619,94.5706332677273,101.935739728851,99.3503412075827,104.70565663798,101.506132276895,101.910093244415,110.337762085704,105.390387195813,107.536954042154,118.571144724136,114.055185057981,114.638978187047,109.203197804042,113.335509866426,116.494462671135,120.898712482762,114.760964543773,117.012402288695,136.12930470693,466.143658297319,421.727871252757,340.120570034631,198.095792991882,538.789383519588,555.584057971014,131.123188405797,91.7862318840579,91.7862318840579
6.30625983313383,103.146816791938,100.031470059518,104.446706791691,112.335904299165,85.1311915288899,78.7495016898188,80.0215199927749,101.771063124266,100.907079845533,89.2146919533861,93.8197972657719,98.9435679295487,92.6990465310872,99.6529668107976,97.1443244082828,101.331032441828,97.8728846242281,98.5755444700778,107.331273661185,102.525325438034,104.79164292493,114.875970581734,110.176351954535,110.590958847753,104.628315925366,108.433718832998,111.414284041205,115.631183284411,110.068373768612,113.626113718503,121.150431849226,381.992185768111,337.135027434176,295.487821414836,179.233636807232,173.236464943772,554.3946389902,131.123188405797,91.7862318840579,91.7862318840579
6.30625983313383,103.013414029271,99.8519529671848,103.777028242992,109.726072909027,82.8952967842242,76.6812644609104,77.8846221299654,99.0630780756995,98.3268562785563,86.9351116765656,92.2147234124137,99.8077795251938,95.6117439112644,104.845416955984,102.766638036693,108.176355724062,104.920609759768,105.551103046323,113.482001591048,108.435394906369,110.677998306471,120.148507178213,114.418609356937,115.221927608114,110.311094894298,116.187741349871,119.782921277705,124.254516974006,117.699010500286,119.706363994132,126.537312748043,312.865539121226,396.611090755854,377.709133312034,177.502259869306,168.4013444926,161.444157468653,128.135920762131,91.7862318840579,91.7862318840579
6.30625983313383,101.012504887299,97.1594279633989,100.508247593924,106.195718535683,80.335675162936,74.3258696791702,75.2277025819449,93.9848648801308,93.2168971006884,82.4585032036307,85.4638695527024,89.2525404071098,83.8556882311427,91.4550015921901,89.5397623633653,94.2236668138197,91.4452508169687,92.2655187111351,102.17248381885,98.7160833037962,101.896472201034,113.235017328685,108.505589838553,110.35676776736,106.410291807531,111.537433521196,115.131196626696,119.242111215079,113.425168154002,117.95555865224,128.025075940577,365.257266665102,410.062470464994,376.449752359781,177.343334979074,168.150364546104,157.684685856755,117.37332376,82.161326632,82.161326632
6.30625983313383,101.54601100538,97.8773128120173,101.149371572874,105.914247612781,79.9526379093509,73.9531671930897,74.6207173245058,91.2952990544483,90.1752908658738,79.7057771082799,81.8129829412369,86.6975176837647,83.2260040714275,89.7939308110835,87.629002890287,91.0819614796306,87.88868548563,88.611184068567,97.5906229480249,93.691409848712,96.5417187877768,107.469326654818,102.789229039205,103.670151060898,99.0139090177709,103.156986381079,106.220201445635,110.944092307738,106.175901144149,109.014181692119,116.051335316382,325.999190344457,397.41085514621,361.289280886573,177.328747098075,168.4013444926,158.518945037541,117.994308432,82.5960159023999,82.5960159023999
6.30625983313383,101.946210168549,98.4158481302416,101.874051217315,106.994557196184,80.7903340830829,74.7276556004331,75.7897124143913,95.0875651479664,94.0152153677519,83.096831618997,87.6521248752901,94.1901922718286,89.7633994348286,94.8052224803517,91.9229547722172,95.4535308974705,91.9396511326588,92.3992634401835,101.010449234416,96.5460176343121,98.7292023429828,108.743453598043,103.906249575245,104.842858110587,100.963071653764,108.06478535733,111.211186033672,115.980272235366,110.701241633236,112.877009364372,118.425501625683,193.176640071976,361.192480912375,324.668952647229,177.327408061302,168.150364546104,157.684685856755,117.37332376,82.161326632,82.161326632
6.30625983313383,103.546947519815,100.569885688576,104.861123551537,111.773196785094,84.5376898218178,78.1833464098864,79.08446570398,97.8505161729708,96.6151618227939,85.3553417448995,88.1590346975899,93.7456127694295,89.6457731528618,96.2507683931028,93.7310032226275,96.9602983903981,93.3005777892074,93.8564267839304,103.104819822013,98.9691549784292,101.487264350807,111.129447730484,105.785991535218,107.029757775006,103.031855944748,109.125456431249,112.509859309768,118.500896643673,113.759622555046,116.370411033913,123.793140890136,142.978185364033,407.726273198704,384.086045628669,177.327285149724,168.652324439096,159.353204218327,118.615293104,83.0307051727999,83.0307051727999
6.30625983313383,102.613246798951,99.3134734975725,103.096754133223,108.88270180464,82.2643237290882,76.1027672792652,77.1547711159969,97.6006365878382,97.0235106390777,85.7998403432952,90.1035618127732,97.0241466098201,93.1990910448312,99.4763353097022,96.7857758770139,99.7308317827057,95.7746726375968,96.4074350453228,104.928942356123,100.102875819769,101.795400984395,109.842086542496,104.77159449695,105.314481343611,100.380345273421,104.993191688673,108.779744917712,115.028279280729,111.055142357119,113.17344427941,119.41882075498,129.014809514814,409.188186449862,373.558689727617,177.327273867542,168.150364546104,157.684685856755,117.37332376,82.1613266320001,82.1613266320001
6.30625983313383,102.746608502534,99.4929187800631,102.969114776913,107.297080061205,80.8503009116287,74.7871063771897,75.5426683479135,93.8415171174684,93.1904289859613,82.3847618510455,85.6350318097354,90.3283645658214,85.4482223694916,92.1712983829064,89.9625456536062,92.8781697482451,89.3785065489797,89.9375371477107,96.6841419359266,93.0514389666497,96.1537076056573,107.195607649121,102.44362785944,104.042634314995,100.343073213538,104.693650120264,107.864251924779,112.664953319417,107.75862574288,111.630575763073,120.886375514884,123.930509664498,302.36502524734,321.969503647042,177.327272831939,168.4013444926,158.518945037541,117.994308432,82.5960159023999,82.5960159023999
6.30625983313383,102.479825786624,99.1339244876925,102.825590551895,108.361213715409,81.8437241471552,75.7061429112538,76.6505335237708,96.5799063103442,96.0816239435696,84.9366514920322,88.6208069765791,94.291088591035,89.6958892923958,96.6426087755902,94.2186091654851,98.7592105082108,95.5381917541161,96.1662906444361,105.297375667959,100.348778021124,102.559630613957,111.370275339658,105.586497100875,106.605724423954,102.644292033235,109.489491453757,111.948496966806,115.576326092902,109.021876523421,111.698913528899,118.729534744262,119.150460431971,115.171043620153,260.048315486767,177.32727273688,168.150364546104,157.684685856755,117.37332376,82.161326632,82.161326632
6.30625983313383,103.146784855031,100.031414203809,103.605135787124,107.908584482839,81.2797403328388,75.1800708496971,75.7614044926244,93.4619425339456,92.9790937498666,82.1824926594296,84.3986446951558,88.0808466141818,83.1081701917767,88.1624391469651,85.6527477858003,89.5833174651055,86.7039832664128,87.2614161456747,94.7325773905369,91.4199441625637,94.7549899949607,106.009599562279,100.987490317175,102.435445107721,98.4389547285906,101.945128971856,105.045252086889,110.2577698621,106.062110820455,108.383895362303,114.586202946135,117.340180393977,113.27455130256,131.119250257055,152.109118119406,144.535431737136,136.168701470453,101.383727427053,70.9976577800256,70.9976577800256
6.60769487485012,106.958320302278,103.307259338188,107.732599953618,116.337644285295,88.2911363734409,81.6404789879316,82.9960567585485,103.721134484386,101.719876770031,89.818471877972,94.2083139635493,100.378145797788,94.8270734131048,99.9771373935049,96.8024071212589,101.082335943258,97.5479687283973,97.6457965847819,102.921134257096,97.6559996066693,99.6739918488297,108.577484934795,102.917947973939,103.833256855917,100.053091107709,104.404551395814,106.462515493188,110.946395879188,105.575296033789,107.283501086093,113.392995211925,115.936775944946,111.577238966397,135.630541650976,164.963878846333,156.592113935433,146.99437773728,109.521392489991,76.7247564575267,76.7247564575267
6.60769487485012,107.225242573594,103.66649770448,107.788068400566,114.832448733002,86.9179482013054,80.3987935482101,81.6687200134808,103.890351654337,103.091122546406,91.1340049249367,96.0543038050719,102.710636389648,97.517208922006,104.409322274747,101.662622526336,107.14103128111,103.928228018233,104.711009688258,114.908787582206,109.612294669189,112.37474825184,123.247182538839,117.067255708062,118.181471187692,113.752344916518,121.209085223015,124.557699529414,129.750081407623,123.19411363331,126.235333902271,134.575552744252,135.147628959419,128.700405191361,147.818967616453,169.879020907766,160.316114364046,149.639176699739,110.835583688043,77.2020568563891,77.2020568563891
6.60769487485012,108.959369005054,106.000028425335,110.470455147533,117.099681859448,88.4469059108751,81.8007645776659,82.8229077824087,102.653298142766,101.230343341296,89.4436847607541,93.3846133098476,99.6057023857686,94.8365649733406,103.447811367142,101.220932073718,106.159026518004,102.836149500455,103.545814657277,114.130941267567,110.005615865644,112.592199951805,124.019741729753,119.353799434113,120.874863776845,116.340893448171,121.140722510117,124.068758155305,129.053571039993,122.727621164168,125.34948639825,132.652546539405,134.362004085156,129.167599027693,147.660477818323,169.278933620835,160.478102457246,150.460670037592,111.983750536769,78.3908434569633,78.3908434569633
6.60769487485012,106.55834282167,102.769111729286,106.388725828324,112.039687547288,84.6613468586838,78.3309158867962,79.4238645321463,99.8221023917361,98.9113918719543,87.5070285786838,91.9926516318919,98.0662232083153,93.2324352192314,102.736288242848,100.837843544374,107.420742535543,104.707820899913,105.188417908305,111.225925612511,106.275856537097,107.845868099049,115.162797075923,109.855052341306,112.016639077755,109.602684686862,116.511846172411,119.8330703846,122.640422576777,115.184216412465,117.859585726849,125.361053551582,128.399909225052,124.234782687041,140.381856858901,159.390825059827,151.663364572542,142.673419606823,106.517408775359,74.7496832584147,74.7496832584147
6.60769487485012,106.158079784375,102.2304646991,105.309513264954,109.085471109078,82.1919397671572,76.032596645261,77.0483326632819,96.840477428363,96.0459603495803,84.9255388236621,89.8823458279987,97.3158495764392,93.4467888647929,102.88463400979,100.956916767106,108.593960015439,106.314215701359,107.222372343633,118.043859084843,112.93034582513,115.733321764462,140.542735428318,122.066666663102,124.525847154802,121.864438105986,128.94485192972,132.303203787587,136.413776088989,128.806309612466,132.119072152051,139.887481772913,139.306755486741,133.055362646306,181.34814277056,177.323168585267,168.644715208208,159.339947988793,118.596394192656,83.0059069232094,83.0059069232094
6.60769487485012,108.425757950799,105.281960049728,109.518932758152,115.730818056518,87.3912195615492,80.8171301249683,81.9378829006808,102.486321094361,101.200438169301,89.3874103381452,94.0492383572754,102.011098415542,98.1301471522343,107.110453898285,104.737661921804,109.902124301646,106.376783857323,107.089610609679,118.266649310591,112.904037521332,116.078512835158,129.793462797196,122.066666666667,161.915831976643,125.20203777336,132.632352941177,136.039999997736,140.048162654845,132.148181743447,135.391559219004,143.028831038397,143.032332510473,137.554167697329,201.19139737648,177.327272717588,168.150364528148,157.684685825471,117.373323715368,82.1613265732402,82.1613265732402
6.60769487485012,107.225292763842,103.666585484173,107.522532936008,113.44447389492,85.7120981236451,79.2930619772621,80.4658664870687,101.013151935697,99.8139415808501,88.2691271143668,93.2459758685714,101.065957585307,97.308128650423,108.990267906726,107.398390155479,113.540037166769,110.30991383495,113.521478571309,129.354453638028,181.583280480079,192.10902232098,160.571898721465,128.243947370852,174.907398378212,125.176938369781,132.4375,136.989999999944,141.420075160714,133.758725833762,136.399129845702,142.865277678548,142.481444351232,137.060281295579,151.714023639794,168.205155466484,159.731251698061,150.365370892878,111.902816432511,78.3140531851814,78.3140531851814
6.60769487485012,108.425794452305,105.282023888643,110.183372831983,119.227726166866,90.4335365288425,83.6385720372914,85.2443206995417,110.771158164682,110.246605196506,97.4088901046439,103.566570500903,111.618640585963,105.859791916707,118.206875307554,114.723665792076,150.130995534315,203.623257094711,192.628841349874,165.549079975072,204.336015018439,191.502949894233,153.511231051426,122.499702344939,169.677462756407,125.227137176938,133.1875,137.749999999774,143.445810881065,136.665863274399,139.758856162851,147.674497137487,148.745467565231,181.46394856777,327.655271012381,177.327251201272,168.150324635707,157.684616322551,117.373224556964,82.1611960287545,82.1611960287545
6.60769487485012,108.159048235405,104.923093430822,109.862836247029,119.372204009786,90.6289238783769,83.833263035284,85.1729148634728,109.410999139534,109.062445353139,96.4157848768899,100.555851671153,108.707848289399,132.407670278973,179.257416822566,196.051600583436,193.849657987994,202.420837665591,177.235494331432,148.701230991776,178.038235498775,171.245440994226,144.931818615449,122.068750504552,124.326454486914,121.251740430629,127.761033250774,131.924520612077,140.280930403696,136.246468671496,140.372334419232,150.596973666367,204.545819065883,338.355949935288,335.867173184596,177.327272727222,168.401344492506,158.518945037377,117.994308431766,82.5960159020918,82.5960159020918
6.60769487485012,106.958496364432,103.307567260192,107.556105783753,115.440202949598,87.5158982483221,80.9630248435684,82.5314867069107,106.668607899991,105.908360279645,93.6638792456956,99.9972069082932,244.290635276658,204.409571685162,191.379003638844,175.209858969831,167.261209742632,173.501649705897,153.138125790106,133.590043826589,169.361979347591,167.944670554748,150.881293388786,122.066676694432,124.525847243298,121.851888667992,128.886029411765,133.063333332308,138.759144074617,132.354175714554,135.14544758967,142.650717203225,274.319490346564,349.330514255048,320.988272209209,177.327272727273,168.150364546104,157.684685856755,117.37332376,82.161326632,82.161326632
6.60769487485012,108.025604411314,104.743504524553,108.750135542331,114.429069820639,86.3627404613044,79.879884645188,81.0607603567837,103.816394020854,103.579922109818,91.5482711429479,121.268147982684,397.601871974646,195.729946624191,168.400720259845,162.813893355808,159.340963583396,173.244453733639,155.128515784441,135.133354010727,172.858756679822,170.009762545448,150.011460481035,122.066666714922,123.595346484573,119.151590457257,125.316176470588,130.593333337498,136.078189190298,129.714500032979,132.732850020332,140.876331487184,319.915764428793,331.92177204252,302.489706862599,177.327272727273,168.4013444926,158.518945037541,117.994308432,82.5960159023999,82.5960159023999
6.60769487485012,107.492066354766,104.025563817497,107.710310250137,112.609556306056,84.9174602629772,78.5535227443434,79.72360266601,101.701312520408,101.275998538305,89.5464777258573,180.887636177147,377.309139551041,174.466767677351,152.414686067198,156.390789103309,151.046783196186,160.447690387751,142.02145156593,126.686364111602,163.198695822094,161.259146401004,142.740015031646,122.066666666899,123.395953464846,118.651838966203,125.356617647059,128.50333333422,135.148446309947,129.81523003671,132.455880889762,138.834640762658,290.992482544463,325.016377483877,298.989593185018,177.327272727273,168.150364546104,157.684685856755,117.37332376,82.161326632,82.161326632
6.55397377830662,106.646356760765,103.217792919121,107.110515552902,112.951374456832,85.3134169407271,78.9194434763237,80.0034600922755,100.364175476239,99.356977340686,87.8448148402234,119.603273129846,336.913519477145,160.91249802386,143.747333846712,147.115879453162,143.509188195673,159.186994549785,141.04238413198,123.561516262244,158.738175341909,157.360065065127,137.361023407268,122.066666666668,123.661810824482,119.464587475149,127.121323529412,130.783333331837,136.584621928281,130.440373084963,133.608645758765,141.911930136283,327.665122674106,354.095136093345,332.102376926961,177.327272727273,168.4013444926,158.518945037541,117.994308432,82.5960159023999,82.5960159023999
6.55397377830662,107.84686975775,104.833251101508,109.50567561864,117.343172816979,88.8254635198937,82.1523297867258,83.209612089004,103.44828195661,102.090496671949,90.2050722457003,93.5843306736043,208.700625593988,157.250062226996,144.677718424185,144.888482680551,140.139720605825,148.572590239831,133.730829248683,123.434289147632,147.067840980054,158.631642785766,145.493855256781,122.066666666667,124.060596863935,120.426441351889,125.757352941176,129.073333332405,134.34723226019,127.947550623119,130.889889107807,154.90042288565,362.896197964688,322.881881780273,290.704896167939,177.327272727273,168.150364546104,157.684685856755,117.37332376,82.161326632,82.161326632
6.55397377830662,107.44672990262,104.29481950944,108.515494363535,114.879451313667,86.7866329227413,80.2822574866949,81.2977260539879,102.049573165334,101.304673347021,89.572069828866,93.5188019431817,100.319335163931,136.473794501935,136.054018237346,143.497950892942,141.509220511593,159.69653621883,142.359674525144,124.493981015801,159.351762829061,160.780147289548,144.684908481234,122.066666666667,123.063631765301,117.676689860835,124.036764705882,128.313333337185,134.325578966291,128.536676457677,132.082890048712,215.278631900206,377.763240178241,355.527457456832,334.905236295801,177.327272727273,168.4013444926,158.518945037541,117.994308432,82.5960159023999,82.5960159023999
6.55397377830662,105.312417998918,101.422777414959,104.975617896653,110.833519698236,83.8125095761658,77.5432128432834,78.634618640953,98.5459062324535,97.4700696413671,86.2231928699813,90.4666134992961,96.986017567607,92.8852580529977,102.733767078344,104.129189819539,137.633537507535,157.494716613451,139.778018000109,122.381982883351,126.036746736551,154.795138338338,141.556434674841,122.066666666667,123.329489124937,118.414140159046,124.599264705882,128.883333332249,134.579144074414,128.508530961978,131.601525453685,255.5394611889,373.429504631477,326.14215471517,293.796400226829,177.327272727273,168.150364546104,157.684685856755,117.37332376,82.161326632,82.161326632
6.55397377830662,106.64628138597,103.217661093186,107.553105387494,115.264463143161,87.3229429526947,80.7616456835239,81.852739185516,101.293980921031,99.5787882944392,87.9819394603418,91.356377280177,96.8457211334268,91.9298046191569,98.422574136554,95.776673836211,102.578884281546,100.218221945848,101.016307217624,115.507436641444,114.116572673904,137.018684714636,146.645951012152,122.066666666667,123.263024785028,118.289388667992,125.272058823529,129.073333333408,134.769144287019,128.683441836442,132.832743625624,265.677648025676,359.270141210663,320.547654466015,295.744741872103,177.327272727273,168.4013444926,158.518945037541,117.994308432,82.5960159023999,82.5960159023999
6.55397377830662,105.845965175927,102.140734073146,105.572607355518,110.328463880553,83.2364717768671,77.0029874518945,77.7981661599693,95.5640621899928,94.339444815613,83.4335913886284,86.5245102209773,91.6672101029571,87.4589793361085,96.2160415640008,94.4312810330636,100.676327108757,98.2365297756278,99.0180139219601,109.090277526208,105.188801725592,107.238567803456,116.212291219143,111.364292982904,113.176089865011,109.725651630292,114.663652499271,118.508691731553,122.694696844806,116.983349837027,121.356241623772,188.169401868139,374.326451953688,350.481914743722,328.999366398723,177.327272727273,168.150364546104,157.684685856755,117.37332376,82.161326632,82.161326632
6.55397377830662,105.579150525763,101.781683929707,104.631799105505,107.199398337954,80.5822990504283,74.5430158280839,75.0606162562857,91.97002263833,91.3739000372043,80.7936073021027,83.2905110435419,88.8710052893298,85.7775557844683,92.4641476073812,90.2376135552439,94.7955275828705,91.8912630641093,92.6234468602231,101.834053409256,97.8548641928573,99.554888040869,107.92948062086,103.870580442452,104.933477806031,100.637619001477,106.732465580039,109.707796850779,113.766041674924,108.420045680538,111.400314157738,118.668943666539,256.366972857118,319.370418086872,287.605578210715,177.327272727273,173.420943422517,175.204128653267,130.414001872,91.289801310399,91.289801310399
6.55397377830662,106.646290508927,103.217677048684,107.021695623998,112.472771982732,84.8950751227399,78.5167617842618,79.5397286392648,98.8918603213796,97.559777893345,86.1986088950259,90.4670632305214,97.7651963876473,93.9414773498454,100.55459005761,97.8031048088486,101.405446701956,97.5842844530124,98.1829113588833,108.292342717663,103.034275407916,104.950442234318,115.223416187964,110.694245952227,111.846227277373,108.062669175343,116.078586696705,118.705165882668,125.597168795426,121.151050729378,124.220378677667,131.720565880484,132.129881378844,301.200347079646,304.639184791253,177.327272727273,540.00425946646,550.889447077809,131.123188405797,91.7862318840579,91.7862318840579
6.55397377830662,105.979358814855,102.320235208616,105.932243240265,111.305974855673,84.0521594765596,77.7533627735256,78.820599299187,97.8995731469137,96.428768378837,85.2612422831839,89.7625618046328,96.1849215507075,91.6522085172015,97.9716916475483,95.3570336951378,99.0019083736351,95.4376111990413,96.2389575351671,106.166614571823,101.582896604715,103.160907696654,112.423377065549,108.950188444667,110.13732216852,105.697822099311,111.18934424651,115.96712541799,122.287669226612,117.776959795184,122.629192479034,133.972089576226,137.094590768014,283.732970022448,317.504076285751,179.076012114139,586.210681534041,555.556246833596,131.123188405797,91.7862318840579,91.7862318840579
6.55397377830662,105.979336004028,102.320195313865,106.729323999675,115.487681036209,87.687931241004,81.1076547019764,82.5299263128982,103.324071474602,101.286310127353,89.5185658620646,94.2800648482278,100.876944168139,95.714420498446,106.50516708955,104.677308746108,109.627913293307,105.992395512035,106.365426883607,113.613615007348,108.204294185093,109.841809487188,118.816898296478,113.892335823173,114.766193437411,110.102874421779,116.829203931762,119.001302961052,122.194779441537,114.588455306786,117.228744371302,125.797569889208,129.304952140793,293.541758608156,360.136351099869,177.487791334754,296.069084229491,555.583893216282,131.123188405797,91.7862318840579,91.7862318840579
6.55397377830662,105.445761448782,101.602190772806,104.980771674413,109.945078987905,83.0047115380057,76.7875079456313,77.7365012315591,96.2450687843011,94.9503154349933,83.9710738992625,87.8409442850014,93.3245181513382,88.6974789748461,94.913022021561,92.4893781319266,99.1396293470676,96.9939571876991,97.8727590057585,107.490732824225,103.522733039015,105.383037110063,113.317416495376,108.721651852292,110.041235448322,105.51326828434,111.656835553128,114.930320410258,119.570062671632,114.063640822978,117.288365667286,124.984627604137,126.852145930871,172.760718978917,303.544210643542,177.342006897236,168.150364546116,261.588521513369,131.123188405797,91.7862318840579,91.7862318840579
6.55397377830662,106.112711392203,102.499664529876,105.848856968446,109.951739173222,82.8391719724129,76.6221402830718,77.7181234690485,95.9791637185804,94.1051665339567,83.1758963397845,88.6264897053331,95.7838802681598,91.1652260394922,100.415112744587,98.5071767222449,103.42623388396,100.184147406172,100.902745963516,110.768490073029,105.973277208401,107.977050588761,116.79640381047,111.315011694143,112.573722119999,108.640766050106,114.577900861254,117.148559439872,121.098341884516,114.588470987967,118.485346136424,127.044577318947,126.841154985597,122.081852934651,137.980154628591,156.585793234542,148.949380511861,140.627851955817,105.186272247517,74.2496113664689,74.2496113664689
6.65644179578773,107.992599417842,104.399394015014,107.913068666486,112.309449570077,84.6323989128122,78.2720381487459,79.2081929853657,96.2219134564406,94.0149130073428,83.065380446024,87.3425463947348,92.8182372025265,87.5017285533139,94.8436294910697,92.6359678293437,97.5004693433412,94.5792884637898,95.2196546538696,104.50630404488,100.528430463557,102.383630113711,111.701388362115,107.960799185466,109.418417681831,105.241835720666,110.141951625683,114.844324747821,119.141477014947,113.341310877439,115.957718404463,122.408067258042,123.751323414916,119.258643065685,139.114864363143,162.661899378302,154.781219437272,146.366948164939,108.959858683053,76.2777044836068,76.2777044836068
6.65644179578773,107.992665288705,104.39950921915,107.691878392786,111.157716918653,83.6325773855969,77.3611485905831,78.0998041204842,93.9143936188015,91.8328451593841,81.1853435840998,84.7708267332514,90.7402544052603,86.9072403169486,94.1635688079126,91.9962096463451,96.124407310777,92.9472263181272,93.4792155759076,103.054988058165,99.7694612388027,101.427887026204,109.377258418087,104.892224250127,105.848645929398,101.169942379225,103.901857463342,107.074639026383,110.753651336979,104.992413381244,107.685870074002,115.009463922385,117.737118164767,113.525464826716,133.783567890772,158.222803706588,151.069585324688,143.75903161386,107.274599376252,75.3013283841868,75.3013283841868
6.65644179578773,106.525335266178,102.424996738931,105.551649439682,109.918644489843,82.9295344039128,76.7199024683795,77.6013434280612,94.5804567617,92.7409072714175,82.0171339780271,85.6522287809556,91.3958444621409,87.2888573331436,96.2131149530797,94.3936828984932,98.1843776440055,94.6837992146582,95.3116609450035,104.378084203314,99.8313843175007,102.002738270813,112.06129998862,107.521915567704,108.565313382225,104.140209016321,108.541228151265,112.674389058863,116.457085427472,110.205713804265,112.776618017524,119.016377856101,119.035923907411,114.432189023385,132.303150428056,153.210621108706,150.369596623615,153.383771933436,113.981717956123,79.6373290086327,79.6373290086327
6.65644179578773,107.325646911309,103.501915775217,106.690678097887,110.437495090584,83.1750541297271,76.9315629169314,77.5976878450424,93.785861171213,92.1264765989787,81.4218611810485,84.1824244917311,89.3015239187861,85.2748743463276,94.1932546782183,92.4745808516215,98.2523605760666,95.6895735048746,96.1730146675471,103.406066080367,99.2944793906708,100.977886486377,109.83446298642,106.023374005556,107.261106104922,103.041926662885,107.645473990945,112.429150940544,116.768234249909,110.887318611678,112.241581421522,117.511967228873,120.020685090455,115.496696362134,132.629147354374,152.854394371074,156.845462155504,175.323164505943,130.562908484404,91.4233355428267,91.4233355428267
6.65644179578773,107.325674284084,103.501963648536,107.000788519519,112.069975487271,84.595396311735,78.2493046285215,79.0550900059811,95.674256431259,93.6937590009282,82.818049968435,85.7059320800125,90.5579112468177,86.0280280324785,90.0193193527317,87.0664313331533,92.2140448735639,89.6397433130094,90.2827603738062,100.090910652141,96.0198604922968,97.4715430467282,104.506910047706,100.038025641793,101.751176303832,98.7376936484365,103.51927446267,106.638579538995,111.020954018657,106.084158122421,107.679653867732,112.868232845849,115.786385694787,111.518282331257,127.131937695404,145.440918471172,154.081800170706,385.081245232976,131.123188405797,91.7862318840579,91.7862318840579
6.65644179578773,106.658706091938,102.604457975556,105.46833092326,108.569531389238,81.7218274558011,75.5998596365076,76.1363082255409,91.4536793498412,89.919643308504,79.5175166083075,81.696331407451,86.4779465700572,83.0168018392142,90.3782950367057,88.4406273049931,93.1745301633601,90.4380525760122,91.3203550419962,103.298652698089,99.7366898317704,101.647226327186,108.957491997948,103.471123637794,105.052247615257,101.710134042302,105.60948899147,109.789405923207,113.512670371375,107.270168948458,109.741216360513,117.172043733212,119.763786402285,114.893833682,132.651233922344,153.59801713976,360.108677018688,553.251575643134,131.123188405797,91.7862318840579,91.7862318840579
6.65644179578773,106.525289641246,102.424916943698,105.285758218466,108.514514166633,81.7070950761074,75.5799284817411,76.2669869488974,89.9105382076689,87.0870403946567,76.9877980523094,80.008470030432,84.6987184635252,80.4185437197092,88.1976823891055,86.4331933461902,91.8565041558827,89.4779534432755,90.0482697970811,97.6634059364192,93.729974180222,94.9169808736948,101.254724469468,97.2513235222123,98.7710951563107,95.6292606371687,100.533484013782,103.769338216366,107.650270663346,102.341255073921,104.875925422195,112.605976465138,117.433700361619,113.655041478463,136.607272478595,165.53876312132,638.731369167401,555.570240215289,131.123188405797,91.7862318840579,91.7862318840579
6.65644179578773,106.52528507805,102.424908962947,105.330028245276,108.746327892079,81.9085661227911,75.7652195449368,76.5031176687519,91.3532755120933,88.9527764297403,78.6332235951856,81.8699451644567,87.464687945866,83.7339411554533,90.0030177228381,87.7051361376531,91.8196505519373,88.796315380566,89.1487190581684,96.1095359574927,92.1907095450741,92.7422482725474,99.4977898769196,96.8506939681575,98.1284858660634,94.9312573748553,100.531521360794,104.455094930802,106.931481777459,100.637144211498,103.152821612639,110.181503602902,113.456234553999,109.398391550372,125.375749885543,160.763876362699,718.109783838225,555.583976113857,131.123188405797,91.7862318840579,91.7862318840579
6.65644179578773,106.658678716511,102.604410097597,105.6896641283,109.725857253458,82.7263465650852,76.520190748746,77.2228593013813,91.9036009789713,89.443912181985,79.0614719132097,81.7279820295966,86.7752971358808,82.9660307066212,89.5121181379521,87.3175323464043,92.7058770776766,90.2324458621889,90.8837719216327,101.010040287997,97.1596689596294,98.6960533719028,106.061619035479,101.53652715695,102.778925345597,99.0260601793767,104.9114667217,109.102771246368,112.305524087982,105.697793591684,107.957197385213,113.740618376169,113.246904354641,108.248209572537,157.00225009196,332.13340607941,747.803757280032,555.584057486088,131.123188405797,91.7862318840579,91.7862318840579
6.65644179578773,106.391896001693,102.245415807137,105.413278998216,110.094033541524,83.1148445113409,76.8825421133186,77.6728432870911,92.5346972046982,89.8780162020701,79.4557505214854,82.25327004568,87.5020897624368,83.7789042098789,90.3802786654928,88.1634297297975,93.0089847814921,90.2668456040362,90.5993647725401,96.6229935810787,92.6158002466657,94.8430455905535,104.665678241145,100.401537066384,101.435178318022,97.3810615784505,101.793742530281,104.610942536736,108.004965702756,102.323846552986,105.255111744737,113.367197966166,117.478180522195,143.460290414584,516.242989147828,438.61331869208,817.048898963943,555.584057968142,131.123188405797,91.7862318840579,91.7862318840579
6.65644179578773,105.724918683937,101.347894174018,103.836500549336,106.358776272184,80.0367177230266,74.0413397102162,74.7495504084857,89.453954083443,87.2652851827037,77.1720994530682,80.5817864355509,85.6014796020792,81.4227316063394,88.6187380113328,86.7077555359982,93.1603260334976,91.165299349906,91.725187742736,98.7451749461616,94.6458863641887,96.2796839998436,102.870915951741,97.76847958543,98.8503603004093,94.9727364231376,99.2593836773824,102.214886925762,108.604681799014,105.050640101649,106.291471444903,109.901360102978,109.063522258166,189.532736341767,420.779932240645,318.53353973403,679.592661545875,555.584057970998,131.123188405797,91.7862318840579,91.7862318840579
6.65644179578773,105.858289510165,101.527355411462,104.284625671163,107.797238515128,81.2525957976908,75.1565668396429,75.7045136718209,88.9183324211064,86.3271616379927,76.3042344697788,78.0727409538564,80.4753622368972,75.0684305294496,79.4577611181258,77.1156897288447,81.771499315118,79.5877986172829,80.0614559669083,87.1865880186615,84.1128630043064,86.1431698637559,94.4323231431101,90.8291695474571,92.1621224443468,88.8056359006661,96.6578458838122,100.210522340949,105.676726294274,102.189558830944,103.61820568868,106.79982017453,106.730242960859,103.377293027814,372.472642982264,280.95866088115,663.960024286685,555.584057971014,131.123188405797,91.7862318840579,91.7862318840579
6.1142566547469,98.3902249706331,94.811191992179,97.811191000911,101.807662474179,76.7745670630727,71.0639952050054,71.8307310781806,85.1142950929953,82.4626919465664,73.0516232769366,76.3380118867185,82.0434737125519,79.3096220899928,88.0468592859372,86.5781690677806,92.1542641433129,89.7571556150031,90.581706881213,99.966712714751,95.0528886894366,96.4956441399441,102.89417791359,97.4685642303151,97.5734244970577,92.4692566440453,95.6553739857128,98.0700960459185,100.753373614942,94.3990308513482,95.0324940674995,99.8660453759801,102.884549095527,98.5754594661882,286.892613533997,344.126764995734,732.840796911549,555.584057971014,131.123188405797,91.7862318840579,91.7862318840579
6.1142566547469,99.056929409186,95.7082363761595,98.8555126281289,102.710061334382,77.3826172045002,71.5740371090117,72.4807321779789,86.4655980497937,83.5421549981404,73.8342185454216,78.1590651761511,83.9618400322199,79.7549500621597,87.8176948720292,86.1256345509767,89.3062019592827,86.0219231403147,86.3997605434405,92.1054829039723,87.9868167178521,89.8373463743313,97.7338917004272,93.3068119417629,94.25807999341,90.5865421532892,97.1712611784959,101.239058060287,106.265527362721,102.320303306542,104.602808949975,110.31001441404,112.266810682426,108.61535277954,127.315580595831,309.523927945689,686.179575584121,555.584057971014,131.123188405797,91.7862318840579,91.7862318840579
6.1142566547469,97.5896221874611,93.7337637731575,96.8482292423282,102.173563239045,77.2913218356713,71.5039376116292,72.4708111884064,87.2194987332674,84.544048661971,74.7680011933015,78.2845059311606,83.6548681217489,79.8417608794091,84.848820205316,82.4313290830492,87.2872274243781,84.8371804269942,85.2970267058278,92.2078497914598,88.2336341524741,89.8928666229899,96.5579795895585,91.7850186267054,92.3687159775096,87.8708792619466,92.4531910630007,95.5709061522105,100.923127952331,97.2886240721673,99.9359810702459,106.211212238919,106.83243295308,102.629258086643,115.730479038147,131.228146273595,439.949945014693,555.584057971014,131.123188405797,91.7862318840579,91.7862318840579
6.1142566547469,97.9897529175228,94.2721794060367,97.7498026771383,104.173332760676,78.9269045955385,73.0031733486016,73.961746510789,88.1961208012888,85.10128421338,75.2128527869532,78.0838349716733,82.1815926660872,77.4933561303953,82.5541580578211,80.2457657246049,85.0434562192125,82.7167075361106,83.0412988820465,89.6226561991792,86.38411360661,89.1175958466114,98.6873566924087,93.7357759060167,94.5787991695188,90.5091332778361,97.3782752337434,100.533995042536,104.967359006437,100.239685735313,101.968265297377,106.238565762863,105.720714410323,101.524087103559,116.001822303628,132.697766041075,257.976288558132,555.584057971014,131.123188405797,91.7862318840579,91.7862318840579
6.1142566547469,97.4561920485865,93.554198801501,96.4441708655126,100.956958367307,76.2666838888173,70.5527843835632,71.3460344595817,84.2989844506359,81.3381016094112,71.9275671878437,74.7692879106392,79.7965811934892,76.5531639391636,82.7961613809311,80.8800438046311,86.8053802826094,84.9239555328495,85.6381463374575,94.4804888223178,90.7422995653837,92.0860793484184,97.7471547959848,92.9191920057159,93.5191518008439,89.1000996163597,92.5869650518674,95.2458993579184,97.9984449162149,92.1890389642655,94.0398151187419,100.104109414469,102.567979284685,98.5781334182776,113.303266920145,131.041824131908,135.892638823674,241.065809260158,131.123188405797,91.7862318840579,91.7862318840579
6.1142566547469,97.4561737993938,93.5541668847722,96.1783812889525,99.5566464560494,75.048157528857,69.4207781728106,70.1252424144207,82.6518431121914,79.8408545469934,70.5855192872092,73.503277501709,79.1299917447916,76.4330137117626,80.141374774965,77.6033927117452,83.8894170150003,82.2982431620302,82.8135709662815,88.9083647112212,84.9530115795854,87.5672847439109,96.781652957261,91.8482967232639,92.6510011867858,88.6436559179943,93.9729650925251,97.6779525173647,102.141570219066,97.9084883423585,100.208198531497,106.716054083408,110.015796628806,106.114152295315,126.257556368757,150.135076416743,158.001149010436,322.767463468647,131.123188405797,91.7862318840579,91.7862318840579
6.1142566547469,97.5895674373859,93.7336680186041,96.6265911096525,101.000199466489,76.2692754868001,70.5469913836742,71.4038763188331,84.6663995050667,81.6440217521476,72.1643092312976,75.4963663111351,79.7792241061201,75.1182774741118,80.2001315944141,77.9983446599747,81.6541019059517,78.9711320553829,79.1879081871117,84.2497814281847,80.8693312721656,82.9646968205396,90.6053443012898,85.9192314291351,87.0534304560838,84.1150799617813,90.4981435505148,93.0173258420297,96.8340859112405,92.46746652874,94.5258566034383,100.217521464601,102.856462178617,99.46789924954,116.260521115428,136.28089911594,141.992592012435,163.28165145244,121.703028289395,85.4451021784225,85.4451021784225
6.1142566547469,97.9897529156501,94.2721794027616,97.6612287307576,103.707436813434,78.5216258118522,72.6276681594288,73.5172010568144,86.9381840488024,83.6815751979511,73.9546955826908,76.5953148324641,80.9675504712389,76.8431875885441,79.7977013510663,77.0025931167556,81.401908246223,79.0609827811464,79.3633646002533,84.3654337633206,80.5267321387644,82.1641943509561,89.9191853810439,86.3918441652591,86.8284025208518,82.4487913618256,86.5515176083376,90.2489220622019,94.3585060985215,90.2119281493572,92.2058662103861,96.5094048808598,95.3607725571218,91.7173550088234,105.784045749256,122.456725751817,129.746339241503,154.102625065766,114.799320583818,80.4382936429675,80.4382936429675
6.1142566547469,97.8563729644355,94.0927022062716,97.0802088192044,101.569205951591,76.696886163734,70.9473199000425,71.7041721352807,84.7231852147191,81.852819924528,72.3699757262582,75.0760546069337,79.8958191900939,76.4788529260273,81.8059467284159,79.6574932995669,83.6759306140943,81.091346788603,81.6682323486393,89.1302347186343,85.4222460267439,87.3763664931186,94.9568319943953,90.2458232781701,90.4628165516753,85.5539391600237,88.4836626182548,89.9097634007243,93.1740365424513,88.2019765039652,89.9183085414793,94.6092995876068,94.5328264426227,90.6008884412963,107.75744490649,128.455653126,131.81619102915,147.587361382614,109.915245730303,77.0109764131308,77.0109764131308
6.1142566547469,97.5895811252557,93.7336919578564,96.2723461743024,99.1432097307196,74.654974256182,69.0596217737827,69.5596743465996,80.3786679351178,77.3741237896389,68.4146954225586,70.3462607594276,74.6481670140645,71.7727269735542,76.2673521252377,74.1533787410295,79.5619183810904,77.8590285285401,78.6250610678336,87.4938117480612,84.2176959085096,86.0422048356592,93.4806685992202,89.5886208851115,90.5685006991782,86.8101672323711,92.2291758023122,94.8431125110918,98.9566024469311,94.3909021922055,95.3200951665074,98.9951048297711,100.278314666102,96.280250682706,113.494582483717,133.958837298961,141.926888333142,168.862258938947,125.539615201874,87.7505257119101,87.7505257119101
6.1142566547469,98.3899338319674,94.810682808351,97.4558142616697,99.9001816513455,75.1084281400615,69.469724460941,70.0327390051904,80.438452054654,76.9740541797807,68.0260630593752,70.7842605156902,75.2561072554943,71.6468781800771,75.4251382295713,73.0943192607195,77.5800441302801,75.5111500198672,75.9113974064993,82.0190486012969,78.6838805862093,81.6484499821073,93.924701625095,90.6620097412865,91.1671216025438,86.7777724147813,92.5705476026134,94.8836483275797,98.3195270504863,93.5305875737125,96.6336166360437,103.273468145641,103.870253874612,100.236312409533,118.904655989929,141.014481460102,150.151487362934,220.704409455219,131.123188405797,91.7862318840574,91.7862318840574
6.1142566547469,97.7229930130648,93.9132250095086,96.7206237555966,100.589408780126,75.878804991281,70.1913755286543,70.8628387238959,82.267460394301,78.9292562483175,69.7834463538933,72.2560285539098,76.7891264001545,73.4330049854598,79.0584605229629,77.0615161432676,80.9897375882304,78.4450816621744,78.593511442547,82.3941897288619,78.7301781473314,80.0457953043172,86.0932369236226,82.0188609350226,82.8120614345656,79.5318773674206,83.0308723603925,85.7512467152195,89.0117473270081,84.5541134281856,86.5288070418829,92.3428185187348,95.0266832356692,92.0431230741391,113.546732041988,140.248828335306,147.170881173475,170.97079064328,127.965706431125,90.4228200367306,90.4228200367306
4.23103377036097,67.9433966152072,65.4179451859293,67.6189073816906,71.2017869962162,53.839484582143,49.9976705329751,50.8028390570096,62.9980741723997,62.2296753848615,55.6611314919797,59.6060351156764,65.3398996664204,65.0608110847103,73.4524553156799,72.7251351266519,77.2496611652286,75.1746751197428,75.8106365836805,80.709487078554,77.3340375376501,79.2655049037399,85.7401702652887,80.9525038126404,81.7031933614812,78.3311785271499,83.2899802187266,85.7920227099186,88.4596383436768,83.7172029246303,85.6627444495114,91.0532585496002,93.1764357151778,89.6978034165688,107.6547173128,129.247721454587,135.573021583242,158.24226223975,117.763310393836,82.4215374311986,82.4215374311986
4.23103377036097,67.5421682355492,64.8776098306321,67.2889890414523,72.0486052768808,54.6516319455255,50.5544583518314,51.2420059369404,63.2055395968901,62.044654926878,54.8515212881884,56.7552640153874,60.1918837439292,57.4526513083779,62.0569392338375,60.5594172928926,63.5890009445028,61.6306036338185,62.082244339658,68.4511877648439,66.115182479107,67.7921748315666,73.8904451687222,70.7864333761067,71.82791431568,68.9257014334868,74.7337561989159,77.868792019846,82.8362109428718,80.8269292480842,82.66131097416,87.0198060125588,89.1622583810074,86.2604664831704,111.342172511407,142.270946337787,147.076443545215,166.769469012919,124.208240380541,86.9921705600875,86.9921705600875
4.23103377036097,67.8089417897102,65.2365880996611,67.5653401585171,71.6802412053789,54.2629547280371,50.191922400195,50.7918544772356,61.614052621489,60.1775867650919,53.1934062426428,54.9752416839321,58.4085153695458,55.9242317705994,60.3158013402461,58.8557655350883,63.0649275528126,61.6553651677275,62.0375162073028,67.1681811877489,64.5384739764321,66.9698240839095,75.7361189543459,72.2897585340337,73.1633911116366,70.3882791987997,74.2350582052528,77.229194822592,80.4020089927612,76.5436071226596,78.4796076067567,82.9227248515034,82.6827927439335,79.5252902615495,97.4689923840663,119.299619007121,130.194599189901,162.829029485218,121.228814915682,84.896577460355,84.896577460355
4.23103377036097,67.1419827209896,64.3390983829962,66.4757861341496,70.5054393945671,53.4117856218485,49.4110234476072,49.9805262234097,60.4126773628935,58.9706564264721,52.1483056747596,53.6340548819196,56.2918236928031,53.4612756966423,58.5518095262931,57.3664202437135,63.3404536567414,62.6814815182861,63.0800157472291,69.2061716876722,66.7016741561512,68.2823258807637,75.0568577674333,72.0343749750846,72.8528201249216,69.8955249789002,72.3008411605572,73.8091540159443,76.8543111536512,73.0242964476921,74.5326286041336,79.3020270799319,81.1141754649183,77.8497919041892,93.6660579387994,113.019797853325,123.89304037362,155.901124022352,116.230505928648,81.5076491785568,81.5076491785568
4.23103377036097,67.1419599092256,64.3390584866077,66.564275374705,70.9662363683287,53.8118160171248,49.7755239038141,50.581950095213,61.6786864872808,59.8102582241056,52.8702229840895,55.6579333789558,60.0683354553045,57.6267892978869,60.9487814708982,59.1275720944775,63.3788415384165,61.9108764141136,62.3011079335672,68.2215460957057,65.1425349510857,66.9686605965284,74.3781642509166,70.8887138780922,70.9949191335733,67.3451670184664,72.8492764594204,74.8638459063817,76.9679142553247,72.7884176095352,74.7789408513245,79.5422414100798,80.7089158238871,77.9089806332787,93.2922182944894,111.702225607525,116.946321607241,135.974827459828,101.159666639528,70.7641984787756,70.7641984787756
4.23103377036097,68.4758962946088,66.1340698344786,68.300581479961,70.9929162155729,53.4945270365521,49.4742391649222,50.0528418984359,61.0158117920047,59.7631742818158,52.8044502313467,55.4403929555275,59.9072770760198,57.6262432244909,60.6908248354836,58.8355510242327,62.9863262087103,61.5433342719014,61.9508558124832,67.0581806251303,64.1334658762111,65.7300234612182,73.0918683601228,70.477222103166,70.9992433736519,67.7940255833614,71.3414493105264,73.7611753750749,75.9848863058944,71.7920392673963,73.269751521251,77.8810324965229,80.258444852645,77.3369351799341,96.5675078139579,120.0903306426,125.705827596464,146.051808915739,108.724661732541,76.1113749634944,76.1113749634944
4.23103377036097,67.0086118939811,64.1596371441881,65.9390870699818,68.5989117457586,51.78837938211,47.9153512468358,48.4198302233922,58.0552139248383,56.5794688690812,50.055548359518,51.9150285561477,55.8004160062531,54.0957888330126,57.8100742847343,56.2883316031553,59.9457751345154,58.4584943028154,58.9075482874064,64.7938049001977,62.4813282604257,64.2885273212337,71.6378124710139,68.9109659437112,69.3384258111415,65.8860765202303,69.9955300867627,72.0618591189643,75.5757445431283,72.4597518494889,74.6394020653261,79.5861696946299,80.0053873972616,77.0214712079993,99.7914622013431,127.921495543799,131.10718262636,146.320078759711,108.926254386766,76.2556809194878,76.2556809194878
4.23103377036097,67.675529902056,65.0570550482796,67.1613495474846,70.4631816242603,53.2378145788184,49.2392492775528,49.8364782338896,60.4069241497859,58.9349862889597,52.0772247193747,54.2704738388717,58.5672024088135,56.5511500616883,60.7966317605831,59.2278531258999,63.1098892569717,61.4900562953783,61.7886827266531,67.0999335217075,64.1486407058561,66.5946199350986,76.3405036274369,73.1364524402085,73.5324962517886,70.1219900604977,74.0242419456004,75.8278294556799,78.5925604156677,74.498089685232,76.4179847916682,82.2300395070805,84.9108534543619,81.491479198444,98.6949903446357,119.388123503057,125.582215994806,147.539618570886,109.682827074257,76.6831277007636,76.6831277007636
4.23103377036097,67.6755527124156,65.0570949422119,67.0728603017182,70.0028452787842,52.8382617833289,48.8757977001598,49.3566241699667,59.3632492271883,58.0129182591166,51.2854621872524,52.9653760391877,57.4247334416699,56.2279242522014,59.9985670260368,58.3720773280205,62.8108460606973,61.5003147736277,61.9934928097455,68.0447029322676,65.1117430374021,68.5445365981119,81.6876802623028,78.8209625589396,79.3128921134899,75.4719610098836,78.9655544031044,82.1512941619848,84.8760788253537,80.264575802185,81.8633570187517,86.3752799413854,87.1644132730544,83.4697001438247,107.987498929858,138.0081358277,146.582294568208,175.460516593218,130.343815564524,91.0637808070163,91.0637808070163
4.23103377036097,67.9423399904284,65.4160972134234,67.3935493444162,69.8682782527347,52.6530811940336,48.7025835670705,49.1822441249466,58.9438914922186,57.487672001277,50.8144829100873,52.8173719299821,56.7923232402206,54.8234446782067,59.0102245814548,57.5408773044999,60.1737180423625,58.1974648534507,58.6110303669883,63.9033983260503,61.1702046070155,63.5492705311173,72.9101280040741,70.121741160814,70.9885828772373,68.5317334269642,74.7987594219206,77.5576906456073,81.4281158700163,78.3215962873614,81.4100874387066,89.5287419862003,94.2174297844117,91.2439190575248,108.429187228168,129.180105911003,139.865952477598,172.129979341522,128.278445580702,89.8645996036924,89.8645996036924
4.23103377036097,67.9423491152589,65.4161131721972,67.3492962547126,69.637044615084,52.4522039215602,48.5184922561663,48.9305397396807,58.1249791698987,56.6123911967523,50.0463803501462,51.7240374124375,55.2602414963706,53.2339995589298,58.2186795515156,57.0116104709904,59.8008845915713,57.9179741144891,58.2043661701706,61.7932208167843,59.0884213201379,62.0125925737939,72.6353227426,69.6146700408725,70.2718845957962,67.4189242395735,72.8289647354102,74.6533802009814,78.4644111486258,75.3323103236804,77.0067169466159,82.0544010067905,84.4758827044632,81.4262278720049,103.684115087593,131.111336236725,134.959233000341,151.799239290848,113.067465514716,79.2092304384293,79.2092304384293
4.23103377036097,67.942349115571,65.416113172743,67.3492962558703,69.6368902047747,52.4520438223869,48.5181406568718,48.9987151429908,57.8030066642821,55.8945571674007,49.4107899154622,51.5329260135674,56.155605887038,54.8425534031187,58.0928728855096,56.396210578417,60.224440624255,58.7659144828361,59.2316493794821,65.5946549340359,62.8570624543139,65.2561102096431,74.3875134272972,71.1563026761431,72.0464089011456,69.3915454373862,71.3121268696891,73.5175531606354,75.9849979356471,71.8473201589872,73.7834837297948,78.5216023222069,78.7080935155797,75.4019668812482,96.1695148562849,121.894382030031,127.661955708296,148.54802861849,110.687287004969,77.5923521527998,77.5923521527998
3.9783456495823,63.6976803239074,61.2577460568774,63.077531521799,65.4634671582715,49.3582281737479,45.6844078165153,46.1819475235831,55.0542998211253,53.4935780771734,47.3814383239299,49.5570822618144,54.3591876316401,53.6418203936289,58.1495577592789,56.8328921274385,61.4287689182891,60.2395133011499,60.5946670431817,66.5062349511199,64.1886812491886,65.8447330237079,73.4061829367861,70.7542274282638,71.0551613035903,67.4900830234137,71.4840206851153,73.5063164293816,75.1835949780948,70.4629416816417,71.5753478580189,76.035556575238,79.0703237398084,76.0927335820325,90.216789564089,107.263957890959,113.867214788591,135.632546529635,101.042950406574,70.7862509858626,70.7862509858626
3.9783456495823,64.7646803731129,62.6934944398677,65.112612715659,68.8558067093525,52.0320316411525,48.1201016697889,48.663522786005,58.0149389352229,56.2004377102179,49.6452900722939,51.475126979127,55.7502164774318,54.1760556904933,57.3521594877648,55.6244198348558,58.0755914993583,56.0958373348698,56.4756847170937,62.5353166458878,59.8614206167231,61.5147398046155,69.3209599818677,67.1464366037797,67.778112225274,64.9402448073242,69.6803383643951,72.4780099366945,75.8601600828972,72.847279712761,75.1733316978962,80.464681121957,81.868275948762,79.0569358015063,92.6628182333498,108.731592080349,117.639059101315,144.994792131128,107.849949350906,75.4193659712069,75.4193659712069
3.9783456495823,63.0305995653239,60.36004351204,61.8989517304213,63.8062185910842,48.0848247254933,44.4935362174512,44.9146389450667,53.1857870849815,51.6375179767808,45.7038437218761,47.4866391703918,51.2343189197994,49.9160945170008,54.9791966474806,53.9983294391721,56.7712582953332,55.0723193896078,55.6132234390332,60.8132437581774,58.2567874398548,61.0256741576429,70.3991638641016,67.055148083359,67.8060490584392,65.0942192145904,68.4889119794542,70.7422095980339,72.9468675962317,68.8882129765733,72.4090924306642,81.0573278440491,84.6287903127135,81.4691236420425,102.159299012199,127.53783665542,134.283862388175,157.714758870282,117.442627005597,82.2524562022523,82.2524562022523
3.9783456495823,63.4307211710233,60.8984431869644,62.6676303778072,65.1038927347228,49.1091334360286,45.4223527772335,45.9178988455393,54.7958162903003,53.176337160468,46.994305002671,48.978634993189,52.5627817685981,50.4686976359439,54.1736131829444,52.7602798438297,56.4443081653881,55.1008091085421,55.345518254283,59.7530185521174,57.2572958484032,58.2874903222785,64.2311495938566,62.3240589739242,62.9561464459271,60.4695455994759,64.823858507677,67.5948953034355,70.154981246168,66.7108283788907,70.3343156264992,77.9184562252937,79.1128394942445,76.3662827615757,93.6508936732091,114.877924052202,121.735891904032,144.337016326496,107.611947984993,75.4354230939819,75.4354230939819
3.9783456495823,63.6975221334731,61.2574693914243,63.0326571998081,65.2051756620052,49.1295780764936,45.443135758551,45.819687167438,53.1621591943239,51.1414909127579,45.203419062047,46.6455719843865,49.9920431700639,48.3616333070986,52.2543835627596,51.0131796609607,55.072133648777,54.0200815059311,54.4727312434667,60.6669707314033,58.525076862724,60.3116241066316,66.9529117850418,63.9774793919474,64.4232073961799,61.2656869325802,63.9295558673512,65.8241116244219,67.9451709357392,64.1494239510795,67.6896710964502,75.5046861053911,76.9080637704681,73.7255133627924,86.1316837997054,100.964238788816,106.76493916009,126.500853465305,94.2263706592556,66.0337804120345,66.0337804120345
3.9783456495823,63.830924897388,61.4369864859402,63.3037530257341,65.7209173837329,49.5442503370262,45.8271601007892,46.2039783954519,54.0278317858993,52.2066310768125,46.1457681014601,47.4765323286754,50.3656719270223,48.294447458218,50.3892863309966,48.7025651401506,52.1818097376544,50.9780116795011,51.1933971121162,54.8368189020409,52.5271995163267,53.6621590092416,58.4067412953007,55.7776170893296,56.5985207455396,54.727633399342,58.0872895414861,60.8878981687761,64.1623380730829,62.0231108091885,65.2795096088842,71.8397364154382,73.2031445122073,71.0748959428011,83.7823012926171,99.0397935794326,106.487423793137,129.417788721224,96.4616888763682,67.5831203591446,67.5831203591446
3.9783456495823,63.5641421828826,61.0779921960258,62.8502200179625,65.1585579392394,49.123493146886,45.4413612892018,45.9232309122872,54.2523933785484,52.4185003475946,46.3456595929828,48.370490145278,51.6325493506709,49.325608896388,54.3109218241631,53.2719358483209,56.1269608461744,54.4345925162975,54.6909034318904,58.3317737842718,55.6013599340519,57.2390053758039,64.1773649609572,61.4672089853448,61.9512184132138,59.3986203083784,62.2967048219681,64.4744659057982,65.7005975749478,61.2931082477642,63.644738810847,70.0831910387486,72.7277446294353,69.748480120213,83.6593753459677,100.345690521539,105.052480965117,122.347652497702,90.9857416332083,63.6467636542946,63.6467636542946
3.9783456495823,63.9643139740572,61.6164796422957,63.5305110619366,66.0018848421725,49.7544126900367,46.0196367297103,46.4639416924943,55.0946542359523,53.4468341321205,47.2354406895767,49.0008732939948,52.7822888495659,51.0868577485809,54.5352843443908,53.04142757578,55.2766320048821,53.3584958688295,53.5517231625221,56.9679755868894,54.4931829479009,55.4351925329063,59.7843908321085,57.1018254739549,57.8776041883799,56.0421361744069,60.2192608908475,62.0359047088736,64.3361194846027,61.2281031825092,63.2441104508666,68.5919147725259,71.2704486435248,68.8342183867902,84.283596248082,103.134867309209,112.247939650788,139.519806697458,103.932499621596,72.7935172115591,72.7935172115591
3.9783456495823,63.9643276609908,61.6165035799104,63.4862749110827,65.772010444422,49.55493704636,45.8385192952775,46.302056209851,54.3034410224665,52.316821441244,46.2490906856915,48.2618049879222,52.7070846486344,51.5803198581233,55.3254091273591,53.8981233159302,56.4019317900224,54.5649956766091,54.8595595359327,58.984681926819,56.5047555050004,57.7925212367681,62.581492584836,59.3421667729011,59.6911962524898,56.9321095584633,60.6254697371615,61.8066946148079,63.0239555178083,58.8915313591756,60.664527885461,64.9960936999259,65.4438039724175,62.7995066074537,77.6696617720854,95.8728170224899,102.455632731555,123.656351660355,92.0941330040362,64.5221387672742,64.5221387672742
3.9783456495823,63.4307531069935,60.898499041035,62.6234619846571,64.8775932862531,48.913333701365,45.2488910329758,45.5774594168329,53.1663192612092,51.445772826105,45.4924589918134,46.5242517033861,49.0048063460716,46.9378232476354,51.6951458069132,50.7235322639437,53.2908197504763,51.6566378546588,51.9435334155555,56.5900539531211,54.704899521759,55.4487958019807,58.363128915403,55.5084960508869,56.3323977020799,54.3094942456506,57.6636332129098,60.0142821909808,62.1679913186966,58.9652432817312,59.6366214527194,62.4236186012859,64.2511232658048,61.8874878369113,75.4323796638155,91.9765957567481,99.1245240448124,121.20992541729,90.3048061809024,63.2636472373451,63.2636472373451
3.9783456495823,63.5641284959491,61.0779682584111,62.9830301082387,65.8535453730787,49.7274358245005,45.9962012597271,46.4757478087906,54.0744436748658,51.8199894951626,45.8019379015481,47.463251802544,50.7035282347984,48.6867836486417,52.1323419901166,50.7430590679685,53.3758001655529,51.7322061685042,51.9220517648993,55.6197739846715,53.3233824319349,54.2654474901965,57.7837609514538,54.5869905665109,55.0823255084231,52.7695333910589,55.0549387918321,57.0879522547665,58.5872718773041,55.2260198722341,57.4119822112019,63.0829742676391,65.8504738258561,63.5140773521165,77.6875414631286,94.9566665452368,97.9138024472934,110.471397471814,82.302146820075,57.6661149753853,57.6661149753853
3.9783456495823,63.163952141891,60.5394728319356,62.2141481831022,64.5446752898412,48.6916109426717,45.0433449753225,45.5432801886647,52.7579011485311,50.3651788556132,44.5364414191223,46.5730841504975,49.389044197445,46.8038208891816,49.8923454144369,48.5361102750242,51.8009349733551,50.5489220315295,50.8506296072223,54.8866601666271,52.7015329418027,53.9730259075098,58.0204278529479,54.6808427500672,55.1024987750218,52.548039109467,55.5465377983973,57.2244293292276,58.6132918849188,55.0710246888102,56.3087188444876,59.3624848800029,59.5526747274623,57.2036194975093,72.400696414003,91.0682189256185,98.3710861066735,120.977757260604,90.0473321227017,63.0405185962482,63.0405185962482
3.60826698450488,57.6048520179857,55.3340270587025,56.8778940695985,58.7797227780228,44.2941958059121,41.0088720215516,41.3400357027424,47.2435153043017,45.2015917784573,40.0801918077884,41.4138055411054,43.5401430369524,41.6212032674978,45.8944487186274,45.0909861400327,47.5865253593181,46.2334225850748,46.5755555727828,50.2041222332619,48.3989163037604,48.8021745257252,50.77408357805,48.5167136921248,49.1122270632212,47.0997008496185,49.8917359390036,52.0770861812611,53.9852140616385,51.3732447187493,52.6774187367088,55.853412215412,56.9187600969391,55.2168273635726,65.7240035385506,78.4847800697733,83.9794452289931,101.146660567031,75.4593628704298,52.9262154665367,52.9262154665367
3.60826698450488,57.6046561983288,55.3336845820265,56.8328800324822,58.5156084176619,44.0595717169835,40.7553348286772,41.0815824455027,46.7391330291365,44.5087101604165,39.3468653741464,40.689762332892,43.501321463103,41.9200884602566,45.3551664070619,44.2884430144808,45.6959338585416,43.9324813422367,44.2577838178116,49.5983677856554,47.9326630634108,48.8570324376916,53.0678252967211,50.8602373408709,51.1441587154345,48.5871305076813,50.5340526539369,52.4012444143896,53.9661515416441,51.0457599146575,52.2771417908555,55.7234824758543,57.1861338678614,54.9146649920716,61.9679886797974,69.9781440980606,75.2381780141372,91.9816175178583,68.3763964924881,47.8173516473155,47.8173516473155
3.60826698450488,57.6046561916313,55.3336845703129,56.7443060681911,58.0503201206505,43.6549229769477,40.3812133637629,40.7418987528157,46.5655304017794,44.3530107135641,39.210121947267,41.001749306094,43.70892077482,41.6212577716774,43.671746011836,42.2896723339637,45.3204590536242,44.2891159547781,44.6049167377526,48.7700875383649,46.6799602788206,47.2935644299317,49.7839486720129,47.1650693519394,47.8052201214962,46.1040479387772,47.9757583106142,49.1970292682426,51.3071975239904,48.9577775907203,50.2775514159126,53.2939374894763,53.4443392171725,51.5601874520662,57.3911006536067,64.1798554697414,68.0733110696265,80.7835618450055,60.27051866117,42.2802043156482,42.2802043156482
3.60826698450488,58.4050180233291,56.4106913798538,58.1492428847098,59.9727961767207,45.1223508803011,41.7315771093252,42.0021767239452,47.153863581153,44.7203575726283,39.5086343626958,40.5800129575749,42.332115274353,39.8206641102708,41.9497919906276,40.6479020115655,42.2025745090963,40.6918432654313,40.8752528636473,43.7054225123695,41.9332778537531,42.6272790136824,45.2794090809437,43.0572606556868,43.6071180491698,41.8769258360454,44.1003453959835,46.0369005936602,47.5412716544458,45.1611310337117,46.1280720780411,48.3680726641162,48.9242821957637,47.4737571275732,54.9105142559794,63.6991006399236,69.3287584613656,86.0868740459473,64.155787832782,44.9573925689412,44.9573925689412
3.60826698450488,57.871470843355,55.6927347164808,57.1979576571581,58.6189411089479,44.0821185863467,40.7804218624183,40.971934871294,45.4973369635643,43.117527613711,38.1323269232114,38.8335712407042,40.8709796466344,39.2746557764964,40.5230083388737,39.070905651253,41.1175136536895,39.8866351318743,40.1056884454179,43.6494903449974,42.1778465694301,42.984946241485,46.7987309361305,45.0195704553789,45.5284056782871,43.7243895396993,45.8818130191285,47.8450998749067,49.257868414446,46.4788814166506,47.313981569685,49.9058801158061,50.8137706101118,48.7295223126235,53.9869313631365,59.8322722678717,65.3940846197955,82.1712620609046,61.0783742356629,42.6998195961651,42.6998195961651
3.60826698450488,58.1382398718631,56.0517050704179,57.6071528798377,58.9460651901391,44.2978877803341,40.9736230110127,41.1955802504637,45.6303118047166,43.0770138858303,38.0734146345225,39.0665366457846,40.4923743531765,37.9212313118884,40.5123449023658,39.4181221324304,41.3192918850103,40.000189611499,40.2422897832599,43.2655897052245,41.3053000483921,42.0817804905227,44.7028359693679,42.1515530244437,42.5776550293724,40.8098757105756,42.6513211673821,43.7209099245743,45.5002789529387,43.2975346614073,43.8056338340432,45.5448496534472,45.9935994575445,44.4258233429853,50.2802845825349,57.2407361236094,60.7634486658092,72.1587914369892,53.8799569379429,37.834840508853,37.834840508853
3.60826698450488,57.604674441604,55.3337164884058,56.9215217082118,58.9836589133764,44.4670536954323,41.1352616124737,41.5319735796201,46.8070427456642,44.1501873926249,39.0390277981666,40.6200570827018,42.6099706014131,40.0207474520044,41.8517992626925,40.4714030406531,42.2887940482958,40.8476510499196,40.918272641946,42.8369420553959,40.8605501734834,41.5201453833742,44.1061921620576,41.5931473345485,42.1050700968552,40.7986980037526,44.4292663322442,46.1187252699276,46.9494905998514,43.9569111843949,44.8414622891984,47.0630431508554,47.3174717639035,45.6270634272289,50.4665742830446,55.8333485377402,59.1868643845468,70.4228067179643,52.3579065708188,36.5946479966046,36.5946479966046
3.60826698450488,57.4712625536389,55.1541834364806,56.5175310960416,57.7689274674579,43.4443274483656,40.1878896648572,40.4636619286056,45.1565200222329,42.6614682492723,37.7207289281864,38.9657422268725,40.6932814428815,38.2897579702643,40.5987555370886,39.4440182685805,41.6361388629489,40.448760633703,40.72691448948,43.7217199996641,41.8330217806377,42.8069525095168,46.9314909648981,45.0329731243442,45.42079412186,43.403832233892,45.913097973299,47.8623296111706,48.5955623149462,45.2283854427787,45.9155505141568,48.4887715909791,49.7097816485785,47.5639408170922,56.3532813758808,66.8195942991546,70.2459556380063,82.5236007179033,61.3457724486386,42.8973845725301,42.8973845725301
3.60826698450488,57.7380452678322,55.5131777258492,56.9267771329401,58.09826378701,43.6623673257828,40.3857647504209,40.4875772443976,44.1025776765844,41.5589333454025,36.7314259338886,36.9427247892261,37.4743901640599,34.8487969013489,37.9378994489716,37.1091612746899,38.8166470534881,37.5696108245411,37.7197271250755,40.6453463265165,39.4621694452493,40.3610801223933,43.2128056212452,40.9138663475252,41.4987257878708,39.8806525903502,41.5133882973687,42.9127948343899,44.1446051037047,41.6657255549192,43.3336123757323,46.6347673860435,46.5369416090362,44.9807673783828,53.2282250172406,63.2476358902457,65.1837070600779,73.2898583439289,54.7077204141205,38.405769451519,38.405769451519
3.60826698450488,57.6046607538902,55.3336925494265,56.6114620984795,57.3530783685036,43.0486583033176,39.821482546215,39.8738741912423,43.0088797269758,40.4413418215886,35.7560571562697,35.879534850154,36.9020619731055,34.9812507338169,37.3896405032506,36.3986086637098,37.7132193289852,36.3316955504666,36.5175458021873,39.5368895376081,38.114192516232,39.2707699456153,42.8371590973495,40.2622573010789,40.5369303273628,38.6840167425866,41.3172968027803,43.0287096186843,44.1209057537648,41.5738805319297,42.7033526617209,45.048228053675,44.7683110121762,43.1671777738361,47.4032054267679,52.0702078760948,55.396172763301,66.3104686973688,49.3442801190861,34.5291728296755,34.5291728296755
3.60826698450488,57.3378689145544,54.9746823007383,56.2464691501161,57.2535774572721,43.0300459600454,39.8045150074448,39.9428638411914,43.4921216525323,40.8766064676385,36.1405748526169,36.5971809508714,37.604785355616,35.3090044063585,37.3193759749253,36.2021153448647,37.2627533832092,35.7676782528175,35.8864378111367,37.702384345494,35.9320769505233,36.5083957435975,39.2638630100838,37.5213426008855,37.8517422646445,36.216803441705,37.6803220425328,38.5535597754346,39.6875165062954,37.5545750162841,38.5651761195751,41.0444632100485,41.8824345139456,40.594917644297,47.9957537315852,56.9520230347039,59.4583519860272,68.4984855048186,51.1131948846709,35.8646323513667,35.8646323513667
3.60826698450488,57.7380407054169,55.5131697464623,57.059621102067,58.7948830236218,44.2679865512229,40.9440780999897,41.1477139634182,45.0141677723596,42.2315444969515,37.3180321500347,37.8479913379375,39.1767531300663,36.9521169757683,37.8569227267982,36.3866428781275,37.7398158436908,36.3434740055725,36.482000181911,38.6360207389735,36.72648904206,37.2845486191515,39.3488088542827,37.0724434084019,37.4436650771615,35.9777019058227,38.0193839472613,39.340521314312,40.5082770800283,38.2302234585888,39.2832915450487,41.279481639564,40.301160375051,38.7107046180054,44.3615188962477,51.0068562579298,55.1399859628822,67.8807586272324,50.5317742997698,35.3751737279945,35.3751737279945
2.72783790226423,43.077751063521,41.1982424307309,42.2410927314464,43.7193208692398,32.9912383543641,30.6142962849578,30.9135091532271,34.9516625233423,33.2972075863427,29.7590104647983,31.1174299015578,32.9944866403804,32.2956754206362,36.0717647499945,35.6263815783088,37.3195868497987,36.1045915081662,36.4126808640569,38.6970484212083,37.1339584714542,37.9141358004791,40.1603543447788,37.5985922522841,37.8365761760894,36.0363801585267,37.3064967493183,38.2312010603638,39.2046703319444,36.8461754975339,37.3374048044326,38.8895343131432,39.0841723982231,37.6167796952559,40.9246989158565,44.5554011834896,47.0464153332075,55.5307187381263,41.3697362483497,28.9910285112181,28.9910285112181
2.72783790226423,43.3440233982979,41.5563440975262,42.648443758072,43.9665895850979,33.1250469996122,30.6388117326769,30.8093201202028,34.275186411243,32.4251182125794,28.6574818637417,29.0929556247135,29.9863330336095,28.1617413498959,30.0223420774245,29.2044927153054,29.8281910766785,28.5738291216022,28.7612307679329,31.1018736106869,30.0698387148901,30.7881525939069,32.929859707854,31.2698883752835,31.6679397796128,30.1669982065671,32.1753534255291,34.0869159628465,35.7418430455108,34.5688087718362,35.8041960926023,38.6568589531044,40.5030737191023,39.3672111367908,44.6778173150398,50.8164722660641,56.0668692240838,71.2138728114893,53.0481750813171,37.1503865351703,37.1503865351703
2.72783790226423,43.3440325055159,41.5563600254969,42.6041906029765,43.7356136710446,32.9244369747098,30.4553076282272,30.6785578961091,34.1576824708046,32.1826211695962,28.450460270587,29.3462578013161,30.2396996918528,28.0283433815835,29.7491317425643,28.8981233642765,30.1419700151134,29.1138583109904,29.169800285319,29.8668594369119,28.428803872634,28.8795970526569,31.21422368153,29.9924695110409,30.1243928631826,28.604966797989,30.2321095556807,30.9681408149449,31.5051729911014,29.4534641618727,29.9321758993434,31.1516956582464,31.187514767395,30.2076152017825,36.6545346771005,44.5725521964228,45.689314278734,50.7837357954014,37.9282636268659,26.6458785920602,26.6458785920602
2.72783790226423,43.3440325058274,41.5563600260416,42.5599036344208,43.5029028965147,32.7220435180591,30.2680951115016,30.3540392935523,32.9306575477912,30.935331334983,27.3478670721334,27.4618777463414,28.0133399789767,26.2802693146885,27.2613481471659,26.3225630470721,27.2301986136751,26.2300177715757,26.3946697801999,27.8887711410081,26.6742983866857,27.3829847589146,29.3766930582833,27.64803435539,27.9154369963147,26.6004022510478,27.9760526959586,28.8385765071719,29.545033390078,27.8370640126613,28.4687759934433,30.2125196641029,31.0562381069002,29.9487393807972,33.8823194014681,38.4793892571675,41.3119281731445,50.1792112056766,37.4056162193119,26.226199239428,26.226199239428
2.72783790226423,43.8776070602928,42.2743645657359,43.4227165625824,44.3970111346558,33.3633265618989,30.8570199529504,30.9403726433598,33.2660716867138,31.0830412857906,27.4630166007793,27.6598505354019,28.2673275392115,26.4388685654084,27.4248487318229,26.4620888014702,27.2365265801653,26.1550864971541,26.3023374386391,28.6652457145974,27.5211715841139,28.3578130512496,31.3357972623422,29.7340110214641,29.8686564389954,28.3142933421736,29.263178296879,30.1344789817311,30.8547774978635,28.9526836926386,29.1510143361684,29.8444057834158,29.4300816762909,28.1628004147749,31.6365054402294,35.5715880315767,37.6472338521991,44.8020753188151,33.2906232507621,23.2714015757989,23.2714015757989
2.72783790226423,43.2106571168719,41.3768908086656,42.1560485411271,42.2942387624201,31.7055466191718,29.3335694757738,29.3886789451818,31.5740152280998,29.5876424566902,26.1778319269276,26.555797016642,27.3299495238589,25.760389299216,27.5358868689139,26.8222375757726,27.5334587525647,26.4170206949744,26.6356121744971,29.1299112130425,27.930025752504,28.3915405089085,30.0587974810933,28.3876863398743,28.5582986756049,27.1625162322208,27.7591241329848,28.7240440732626,29.1773458511439,27.1955203254004,27.4641620237989,28.6450946569408,29.252354472288,28.2299747610338,30.412964343074,32.8291170445621,35.0087362450073,41.9233392479912,31.2942949123653,21.966007780547,21.966007780547
2.72783790226423,43.0772406668037,41.1973497778994,42.2834846266353,43.8680501929409,33.1074162559024,30.6237916871213,30.812221182412,34.4061950159253,32.5707027697216,28.7881315657118,29.1121133478784,29.9136103189431,28.057555406045,28.9389001577755,27.8500595328399,28.0218414857083,26.5831843046949,26.5715294164105,27.1560126715886,25.5793935288285,25.9191134933064,27.4437173214312,25.8779072505775,26.023546845811,24.8369669786448,26.0520316900714,26.4273224426912,26.8298701602831,25.1629206446728,25.3748261668374,26.0768089090855,26.5001514226614,25.8012074624945,28.990618976802,32.6594125639523,34.8382033718007,41.7296352910176,31.1070895116197,21.7979097021408,21.7979097021408
2.72783790226423,43.0772361036083,41.197341797148,41.9734588957639,42.2404991193893,31.6921465690269,29.3166684944911,29.351885825015,32.2069213714193,30.598084096836,27.0559194396274,27.1836525270064,28.0288605376518,26.6482999281158,27.9186410492894,27.0497096045011,27.653820234558,26.5025771024643,26.6609476845685,28.0827016967168,26.9263397094243,27.5210107809269,29.3452256148826,27.6539254285455,27.8139006872282,26.4120717591436,27.5419053314728,28.3824332803535,28.6495477587291,26.4975038328034,26.8748505249556,27.8966264697104,27.4687036097297,26.2326814131828,27.8972622441899,29.5524971336511,32.203139227555,40.3099244168579,29.9574746254397,20.9428578763935,20.9428578763935
2.72783790226423,43.6108106579176,41.9153463365692,43.057706671895,44.2964586810271,33.3436316242122,30.837779185091,30.9719862068535,34.3065896051635,32.4689667523296,28.6830248627091,28.9800927719039,29.5690621899171,27.4889090498548,28.6438985102708,27.6515838379579,28.0046299845382,26.6714197543307,26.7787994349298,28.8666299337624,27.4973925470008,28.28409557856,30.7102023808871,28.745467167607,28.871589144889,27.3555861540357,27.9120366691434,28.4678040450721,29.3380726982137,27.700645787232,28.1506183399595,29.3244086120033,29.1712924606009,27.9523450901909,31.4576312991264,35.46284738898,38.0797297635635,46.4358017318422,34.5281948904058,24.1490127930441,24.1490127930441
2.72783790226423,43.3440416303457,41.5563759842695,42.5156505435616,43.2721336237729,32.5216477178101,30.0850611658299,30.1724261334724,33.2782131838683,31.5651135710773,27.9133157369043,28.1556637475446,28.6303341709186,26.6936960552857,28.6636079146758,27.9429370497481,28.3105973794078,26.9997482977852,27.1673915451985,29.2813379509408,28.0835588736763,28.5557700070632,30.0879370956132,28.3118029398175,28.3078676051512,26.6319167448311,28.0438883212697,28.544097149175,28.905362273042,26.8451009956589,27.1743024597779,28.1975570043515,28.1423978743639,27.0912161891461,31.014146256808,35.6663902427366,35.382142295741,36.8280389064953,27.4571874289088,19.2497705331884,19.2497705331884
2.72783790226423,43.2106388675232,41.3768588916639,42.2445547216867,42.7557753556201,32.1063361959913,29.6996329260497,29.786225971212,32.5530999171865,30.70952542422,27.1521163790193,27.4967181492212,27.8647280524699,25.7633881974931,25.9848486202114,24.8873557610734,25.636860749591,24.6374505321662,24.7162785901528,25.5238623669974,24.4031341325108,24.991205799323,26.6903954857368,25.0937181881019,25.3346458630056,24.157327960431,25.3299204629163,26.0183867024311,26.5778024567095,25.0741366520705,25.4876895710239,26.6396217989609,27.4232054635527,26.6343679137194,29.1834145263121,32.0046868556174,34.6972493923517,42.7801269377939,31.8807730251916,22.3355268813004,22.3355268813004
2.72783790226423,43.3440279434122,41.5563520466548,42.4270257852789,42.8038728911764,32.1139400829528,29.7045346786795,29.772668074546,32.1157429329492,30.1107681895966,26.615099169064,26.9452714577448,27.2971595664992,25.2045623443625,25.9819154002909,25.0355891265022,25.4733577983859,24.3419894023192,24.4437574316808,25.4305900390323,24.2123320671439,24.4668793223191,25.1810132676623,23.6050881461057,23.7505485676892,22.6338259186875,24.2336449399023,24.7068962314811,24.8911727541849,23.0439384003769,23.3363973227537,24.2727226879628,24.455826990522,23.6256418551011,25.2109143596513,26.9232843297393,27.3933283981357,29.9834560071,22.4019394698366,15.739749445967,15.739749445967
