0,89.8321019872435,0,0,215.628028585122,51.683076814202,0,0,70.2105255267261,67.5979866815645,0,0,44.7434322074446,0,27.4906736557914,0,34.1425012063116,0,0,35.5556647182658,0,0,48.3439492045574,0,0,0,40.4632099150937,0,63.7641982509478,0,0,29.989644127205,28.3016684688989,0,85.7987978239466,0,49.7709116622323,159.027581451588,171.86608459737,0,0
0,10.927104021441,0,0,47.4005612373713,10.2874114475173,0,0,39.6896073866785,43.4647924420988,0,0,40.8858884161273,0,30.2300004539637,0,38.2398654687282,0,0,35.7741851101272,0,0,45.7589246729837,0,0,0,37.3028783403871,0,59.0128876199591,0,0,30.1619537687927,31.2019932316959,0,100.324725325949,0,76.4907246122655,249.45293875682,250.770722888303,0,0
0,8.70007617284732,0,0,46.5976044807293,10.61295697996,0,0,40.3976045869906,42.2194525341472,0,0,33.5110819003671,0,20.458218329492,0,25.4365554424962,0,0,26.177787616566,0,0,43.2612612143439,0,0,0,38.1132348296499,0,64.8656251617633,0,0,30.2737335046891,31.1404510690282,0,90.7446226970328,0,64.1832071524576,244.725127965023,244.056732631255,0,0
0,9.3059398961689,0,0,40.8400623625915,9.692606503772,0,0,36.2088851735538,37.807111783755,0,0,25.4416504380648,0,15.1912836935923,0,18.6365312254482,0,0,21.3524527417475,0,0,34.356772340649,0,0,0,28.4771301261215,0,51.200041574614,0,0,29.707556272267,25.0180048552203,0,83.7671018887955,0,60.2337402092341,182.064359903513,184.325645559475,0,0
0,10.1820094160614,0,0,35.3354729924943,7.94903955620271,0,0,29.6959000949154,32.3658107198983,0,0,21.6655595352478,0,13.0391160601003,0,14.9657690618611,0,0,16.7925520785549,0,0,25.3245794111212,0,0,0,20.2125575004027,0,34.6073229854376,0,0,18.4867907498782,21.4557619518601,0,76.9638472136341,0,62.6798748048128,238.954617177217,242.024761825097,0,0
0,9.91193047576851,0,0,26.9018379426002,6.05515813708882,0,0,23.5017815682472,25.9621372949397,0,0,17.4133256463978,0,13.2868032539386,0,17.0221450364574,0,0,19.6400744245441,0,0,31.2420225929635,0,0,0,23.6111044784234,0,40.2495434311015,0,0,23.0091456480736,19.6534082655722,0,71.1197002821823,0,47.9968433705389,169.847052446263,170.109462895635,0,0
0,12.2699587274199,0,0,43.2179963188939,9.84540693497348,0,0,26.0034943088902,27.0647168444142,0,0,17.6116326461102,0,10.4532693848066,0,12.2505253844744,0,0,14.7134852780084,0,0,21.1003327226954,0,0,0,19.6427145875029,0,32.7311365616797,0,0,19.5389410977855,23.9060107351909,0,84.1237142415171,0,59.0524027384005,213.283950111422,214.782505176424,0,0
0,10.1821107933441,0,0,31.3321457916487,7.05217637378711,0,0,22.7218336667859,23.7679952846218,0,0,18.1017651154707,0,12.8606140008863,0,16.8751103220512,0,0,18.0120042994672,0,0,21.7223058866297,0,0,0,18.224357962022,0,26.8172918172653,0,0,14.1373314615095,12.4474226082772,0,47.0319808136206,0,38.7597432385356,131.667451231987,133.831064638788,0,0
0,9.30599058567229,0,0,22.8518674310324,5.14391730956052,0,0,21.0893702217815,20.6740130065298,0,0,14.631362844223,0,10.5480720700667,0,13.8546795060288,0,0,14.5867816848072,0,0,23.6423850379322,0,0,0,19.8769320289265,0,36.9976162836842,0,0,18.928050535766,19.326297723794,0,63.4063208405696,0,43.8633563983454,146.595048657295,145.518678177242,0,0
0,10.7879493113587,0,0,32.394811673929,7.03489358975295,0,0,24.0049027823569,26.404482358095,0,0,17.392390207439,0,10.8453192548919,0,13.6133249096997,0,0,12.9141018354195,0,0,16.8558919380684,0,0,0,14.0061727155454,0,23.0741317963991,0,0,14.2512880960611,14.856305627923,0,57.3287890419916,0,39.2033808411881,153.333822070242,155.624448267278,0,0
0,10.1820601047027,0,0,40.5169668308302,8.86421938196206,0,0,26.087533137138,27.2253706690758,0,0,18.899409865268,0,12.4960445804597,0,16.9132038705711,0,0,18.3101540013648,0,0,27.8798156196417,0,0,0,22.0144651133134,0,34.0810887997388,0,0,15.2515530866118,15.4556538636684,0,46.3574550508618,0,39.4193042105054,119.233924254722,118.437290668759,0,0
0,9.00302063715682,0,0,39.6065080751599,8.78746039911276,0,0,27.2455386744966,28.4758420664772,0,0,18.8854512284833,0,10.7808618676525,0,13.9404419362573,0,0,14.2111677688862,0,0,22.1199156668545,0,0,0,18.8377959196641,0,30.4478516716037,0,0,15.8798265973601,14.6479025811777,0,47.378859339262,0,33.0988622412353,118.858675277797,119.418687116359,0,0
0,10.046944603328,0,0,45.620293133324,10.6407858561794,0,0,30.0579005345299,31.3547465548281,0,0,21.5086949493224,0,11.0545157103711,0,13.2854193118428,0,0,14.0360451603777,0,0,20.1647791128886,0,0,0,17.2140353607026,0,28.441570780273,0,0,13.9663548075428,15.2363864015167,0,47.600866157266,0,39.5963594513246,137.577156582598,138.630983299015,0,0
0,107.093586675549,0,0,290.041428024493,65.2626633157493,0,0,92.8939182966392,94.8853984049494,0,0,52.2380512647979,0,20.0757686424707,0,17.2010915998374,0,0,13.5781481001614,0,0,18.6584335430355,0,0,0,15.0734064388362,0,25.8159669288699,0,0,13.0064659715379,12.5716475153782,0,37.4716343791499,0,28.7854015713945,108.181161306562,109.042940460958,0,0
0,107.702939776819,0,0,289.705110745165,64.8062279415856,0,0,93.8970617757271,98.0315131333769,0,0,60.7425144157959,0,35.4161913733135,0,41.2557534172403,0,0,38.1566159644358,0,0,44.5965104957374,0,0,0,31.2341427346758,0,43.3344528967741,0,0,17.0840845613389,14.8356712266039,0,38.5446513262182,0,29.3657798734501,93.2335881573499,93.3159017387332,0,0
0,108.881979362839,0,0,307.501266898984,69.4366317796946,0,0,101.935390244419,106.364095487004,0,0,65.9730999358309,0,35.1687181642394,0,39.7139233448127,0,0,36.2889639448706,0,0,45.5700122260958,0,0,0,35.9777286018965,0,55.4755564714286,0,0,25.4635321071173,25.2611492973646,0,70.7174711695397,0,44.2420948804919,159.681917038823,158.472840182617,0,0
0,107.838055396672,0,0,296.332814050464,66.6764059321827,0,0,98.0376094527693,102.38193945881,0,0,64.4893919870434,0,35.9726381710554,0,42.3343814908234,0,0,41.0599834619862,0,0,54.209250514997,0,0,0,40.5906249611835,0,65.271879198813,0,0,29.3940808507849,28.9954319284685,0,86.6812166708581,0,55.5960334834552,175.715639614583,175.476351265443,0,0
0,106.491085452491,0,0,293.767151891141,65.7211905502156,0,0,96.2485525478544,100.504256079682,0,0,62.843233271044,0,35.8361185520261,0,39.5843892318643,0,0,37.2174239015548,0,0,46.9752484401091,0,0,0,36.9008605200898,0,58.0459473581575,0,0,26.7913740911194,26.4546454803771,0,79.5005580295586,0,57.0870133950149,218.705081860479,220.57486634992,0,0
0,105.009050691242,0,0,292.971006864531,66.5493574410155,0,0,100.279720644887,104.718561525213,0,0,67.2571386503963,0,39.8665487156143,0,46.6269636550146,0,0,43.1010776320384,0,0,54.9858572620104,0,0,0,42.5844656494505,0,65.0487641475431,0,0,29.0135472537975,28.8227700251052,0,76.8425726679292,0,46.157674987704,163.243783516998,163.137948119003,0,0
0,105.311969948516,0,0,276.068735757039,61.9906236585229,0,0,89.7223381994162,95.0799103830296,0,0,61.5917034327676,0,32.7689624406484,0,38.8228666900907,0,0,39.5666041415077,0,0,51.5049607164183,0,0,0,42.5881443303458,0,66.1374502551997,0,0,29.5169608390581,28.741000822299,0,76.834441039803,0,45.7835762208624,158.286022742971,158.712152817793,0,0
0,106.658914548376,0,0,283.211680069142,63.8471523889766,0,0,91.2640029117875,93.8690908680873,0,0,60.9461625942249,0,33.0874681026719,0,39.3116964526507,0,0,36.9686395036629,0,0,46.740049695346,0,0,0,36.8307442124579,0,58.5483632123108,0,0,27.5097740154398,27.4523736245979,0,73.0466745833084,0,44.3716056122064,162.815435166605,164.557008841573,0,0
0,107.232039468413,0,0,288.190221176533,64.8407542460608,0,0,91.2362840239927,97.9837905035209,0,0,62.3859955426584,0,34.7788708110694,0,40.2152643190034,0,0,39.8549739058213,0,0,48.7124508131318,0,0,0,37.6571561611231,0,59.0452600406023,0,0,27.3129619063658,27.8115214662045,0,78.1162860324258,0,42.4066845866504,134.874475912951,135.437706760378,0,0
0,105.009076033829,0,0,276.097330434918,61.9994189172618,0,0,83.8279126877578,87.5785384932529,0,0,55.0699290820045,0,31.3871211921748,0,36.4532471199919,0,0,34.6645956990933,0,0,44.2856766180035,0,0,0,36.6740700000178,0,58.8983431180041,0,0,25.5918555538,25.1417252969099,0,76.3925543932132,0,47.2083391315978,171.76227093427,172.54718856057,0,0
0,105.009000002601,0,0,279.545445029401,62.8975264079312,0,0,87.9776432175938,90.4589089875024,0,0,59.0354218292945,0,32.3105829808544,0,36.1465611104897,0,0,34.0027869451625,0,0,43.7286768668757,0,0,0,36.5275530750626,0,55.7764440349656,0,0,26.5848692586063,25.9423673495032,0,74.1042720797256,0,46.1883329728555,152.04614396676,152.693349472012,0,0
0,105.009,0,0,281.225714732466,62.8982433238772,0,0,87.4725986616942,92.7062035657463,0,0,58.3621770154029,0,33.8422916828502,0,38.1787512517766,0,0,34.5420533405631,0,0,45.2374001360702,0,0,0,36.437470693869,0,57.1397424689386,0,0,26.9649690915691,27.1361386028587,0,81.6147569432127,0,52.161363778946,164.801722671602,165.477609317442,0,0
0,72.3370911950527,0,0,202.420364345214,45.9640564590019,0,0,69.3683235411531,70.3647179992084,0,0,46.2592217366004,0,28.9484864737355,0,34.5719193192941,0,0,32.0985659996427,0,0,40.6607951646687,0,0,0,34.0693674939251,0,54.7685167878265,0,0,25.8801115683172,25.7280355151237,0,78.1777985022825,0,59.8161906267166,199.462152024843,200.485368620939,0,0
0,74.255954058061,0,0,206.923897520693,45.9259015682727,0,0,69.2199081441339,73.6038241429237,0,0,46.1703987727486,0,24.8224258819258,0,28.5978192180873,0,0,28.7827299546919,0,0,36.4763555059807,0,0,0,29.0041697259018,0,47.8063393082381,0,0,22.6092619523562,22.0368015472167,0,66.7420187557703,0,50.0096749595393,177.641183114111,178.977841883393,0,0
0,73.5150253425883,0,0,218.49503657368,49.5390421093338,0,0,73.9949398616357,78.6312828135579,0,0,50.7589152812931,0,28.4629871015321,0,31.6664715641129,0,0,30.3199463866516,0,0,36.1505974884735,0,0,0,26.985589612304,0,41.9899997388775,0,0,20.1040656272497,19.4737293065912,0,59.2685591969624,0,40.2122333051591,168.197164084128,169.912134664549,0,0
0,73.212030054085,0,0,206.350276003959,46.8069572881611,0,0,67.4281709342966,70.4099830046962,0,0,46.3380538442905,0,27.4763809261298,0,32.1423525339996,0,0,32.1315185498461,0,0,40.7624658489374,0,0,0,31.268090795631,0,48.9817589060549,0,0,23.1322473299346,24.0229659049327,0,64.2352032026626,0,44.1950205543991,132.358051361008,132.043514846307,0,0
0,72.1680553984058,0,0,192.77131346329,43.123576445549,0,0,61.1116619000892,63.8362948758455,0,0,41.4621052676306,0,22.7678323651817,0,25.5467693896202,0,0,23.9149707858232,0,0,34.2259493976307,0,0,0,27.2796048941313,0,43.3755414727376,0,0,22.5059175341795,21.8693744517069,0,61.9505641278286,0,38.4643795007566,149.273828830338,149.767624021652,0,0
0,71.4270253460544,0,0,194.94270473883,43.9886781002027,0,0,62.7510544952407,65.5228922714633,0,0,42.4929819249253,0,23.5913106323838,0,26.8185897916461,0,0,24.9331558526105,0,0,31.7446082333909,0,0,0,25.4506191821929,0,37.8425389380663,0,0,18.5913577167049,19.3152134671416,0,53.7804918681468,0,34.3569901928312,123.965509064406,125.579933174396,0,0
0,71.7299699476487,0,0,192.00490789635,43.075458201304,0,0,60.4149640600172,63.0782246812777,0,0,39.8113845862892,0,22.7617089538846,0,26.7314023889704,0,0,25.4895843761511,0,0,32.7983958754711,0,0,0,27.999208001451,0,41.0713945730086,0,0,18.6259806129845,18.3667566751748,0,52.9145455130228,0,33.4959276718382,99.984473451419,100.23101555807,0,0
0,72.4709746548125,0,0,201.953784697379,44.934888164462,0,0,63.8708951177467,66.6554850757835,0,0,42.51146053221,0,21.4729871867972,0,23.9917438368232,0,0,22.1103846651692,0,0,27.924894664309,0,0,0,24.4119339254924,0,41.7351251761893,0,0,20.6102969946553,19.7122877065991,0,55.8328175535103,0,39.2430144594007,143.767701346839,144.097806001064,0,0
0,72.1680300523513,0,0,214.244953267444,48.5818524306654,0,0,73.3050107439136,75.1256367043077,0,0,50.4799526098826,0,27.1637461162634,0,31.1552677139367,0,0,27.6613379078026,0,0,33.8781678950512,0,0,0,25.9846570874934,0,40.3113208299091,0,0,18.1041068968653,17.6089087545136,0,45.1157838795489,0,29.8932881919509,108.039890139545,109.131510243069,0,0
0,71.7299952919693,0,0,198.445015631103,44.9035484278359,0,0,69.0484544434325,72.1222830647808,0,0,47.9151136848801,0,28.1808013988425,0,33.8796214707931,0,0,31.0491796112275,0,0,38.1579489922125,0,0,0,31.0432069168305,0,53.0474693184664,0,0,22.2384333133372,22.6490834410135,0,61.8936269982704,0,38.7372689030554,117.341110182851,116.736755562984,0,0
0,72.1680047088975,0,0,196.792142430895,44.025817220045,0,0,66.7078034518127,69.6322106270527,0,0,45.8185680421217,0,25.0034932839479,0,30.2018367123016,0,0,29.2507351218936,0,0,36.4531750074917,0,0,0,30.0972532071127,0,48.9304828370846,0,0,22.9160111021843,22.2229302086604,0,68.3262787314976,0,42.737754386507,159.994080756806,160.687297532634,0,0
0,71.4270253443207,0,0,200.111330596317,44.8999224352709,0,0,69.4549533742732,70.8110712428119,0,0,45.1218965909745,0,24.510707118561,0,29.3632468159065,0,0,27.408102425261,0,0,35.1814657119364,0,0,0,28.5827659814395,0,45.189217857322,0,0,21.6413117223384,21.0673127275042,0,61.3584015316854,0,43.2829271274313,150.239909798132,151.153255443332,0,0
0,70.5990097342061,0,0,200.08159931868,45.1454394128109,0,0,72.2585094948742,75.4574492818268,0,0,47.0315988561185,0,26.066638907957,0,30.4163794902529,0,0,30.5599735845227,0,0,37.8684045699101,0,0,0,34.3664408779016,0,47.5180694372028,0,0,22.1849883649239,22.1740057653811,0,57.6065557153756,0,36.7362759407637,127.089746884627,127.529783057185,0,0
0,73.157794336864,0,0,203.600525315313,45.179959840098,0,0,73.4534777816818,76.66969637562,0,0,51.0386661064881,0,27.9950902435263,0,32.4201946785952,0,0,31.0834537639843,0,0,40.7367710505758,0,0,0,33.3227861896279,0,57.3761424868272,0,0,29.6021857762416,26.0758394775758,0,74.0211187519832,0,41.6794689026595,147.654550134712,147.212954255565,0,0
0,76.9979080344443,0,0,244.728828125592,55.4337869031246,0,0,87.7351174797155,91.446047465893,0,0,57.4108241997534,0,30.1532471047508,0,32.4339573667559,0,0,29.3595516189528,0,0,37.4675695779287,0,0,0,32.5899604506444,0,52.1437710856849,0,0,27.6204774889692,28.9060700923533,0,81.5092225442941,0,51.2311657791616,177.520175056796,178.276524161438,0,0
0,74.3041708980466,0,0,225.904782440996,50.831419365134,0,0,80.513451054208,84.112371884948,0,0,53.4727250162969,0,31.0458863183432,0,35.1387700730528,0,0,33.3114641545179,0,0,41.429675525006,0,0,0,33.2257653868561,0,50.3192655411296,0,0,27.3324788111876,25.7675973666034,0,74.8629926699439,0,44.5464237505292,146.904938232228,148.294126277988,0,0
0,71.3401013824837,0,0,207.850075353381,47.0224548160717,0,0,75.8520040927267,79.2725070338115,0,0,51.1346683445089,0,29.9746872310712,0,34.3838726179495,0,0,34.3965688242277,0,0,46.1815952078478,0,0,0,36.0836827458789,0,57.5580257529399,0,0,28.176124083326,28.6133437286846,0,83.0214559708404,0,57.1209097971826,185.031890589503,184.874041706533,0,0
0,71.9459398970311,0,0,199.701050022736,45.1848358607322,0,0,72.2913875027278,75.4822600844114,0,0,48.9588927826947,0,28.5276972696565,0,32.6913607523967,0,0,32.4694782722653,0,0,40.5801980292587,0,0,0,32.4478957408291,0,51.13683539969,0,0,24.9231293602757,27.1915278783569,0,76.75759982342,0,51.9414543316035,196.86300133439,198.625153894821,0,0
0,74.6398290967522,0,0,205.645390239967,45.2615896040124,0,0,71.9378123712643,73.6053032844987,0,0,47.1889007937957,0,26.7387466737193,0,29.4772313341027,0,0,30.9501158100347,0,0,42.2725744334358,0,0,0,33.3150509960242,0,52.7214034343555,0,0,25.2219982860351,24.4978125236135,0,69.110156465805,0,40.3445361657716,143.228887754783,143.281026109498,0,0
0,76.9979587239525,0,0,248.239357668232,56.3511457859255,0,0,95.6451533266449,98.2643469309333,0,0,64.5402939923157,0,36.2465393064313,0,40.2384628680391,0,0,35.8378424080216,0,0,43.2617654940911,0,0,0,34.1825563577043,0,53.4340777382749,0,0,26.6721111161936,24.9798407177757,0,79.0043675920586,0,46.0611032637475,156.107660488424,157.171039738619,0,0
0,75.5160506869075,0,0,226.46644735693,50.8321484998457,0,0,86.9960519987766,90.885223842923,0,0,57.1138461203287,0,33.0478827953674,0,39.246095810651,0,0,41.731309951848,0,0,55.3941568330855,0,0,0,43.1920112147068,0,67.2858149238349,0,0,29.9013505934732,30.1785588924628,0,86.6969333167463,0,53.485701193923,187.582921793235,186.765894547478,0,0
0,76.424909842079,0,0,228.800048065709,51.7315067578724,0,0,91.229667664464,93.7725568313327,0,0,61.5738490403969,0,33.8482272882415,0,37.9405567915573,0,0,37.2617507298653,0,0,47.4141914558567,0,0,0,38.2734636046933,0,60.9057964712003,0,0,30.1009077507394,28.8273565231918,0,85.5633050435144,0,54.5025538759123,177.419991116562,178.595189596114,0,0
0,78.6479239644374,0,0,238.417639428627,52.7600699848455,0,0,94.1738385032526,96.7989610358727,0,0,64.1170028143663,0,38.3230549683237,0,44.487401047404,0,0,43.2176447140092,0,0,58.0879395951048,0,0,0,46.1651759590147,0,67.3600442140117,0,0,33.1842989054538,31.0443424595773,0,86.7173209384572,0,61.0524494396296,199.033630022546,199.378731322342,0,0
0,78.3450300506176,0,0,264.549632167018,59.1447166586663,0,0,109.815571505607,113.146206223152,0,0,74.5287480081111,0,43.8443277176926,0,52.3969805801019,0,0,52.8378916385878,0,0,66.4856775917072,0,0,0,52.5046719894094,0,81.6793661564106,0,0,39.3670726762722,38.7025221007362,0,105.635737929033,0,68.3439995757641,239.879475110186,239.933934077476,0,0
0,110.224838973123,0,0,353.194588113153,79.680445193533,0,0,138.209818272037,143.602003226045,0,0,90.51264528531,0,48.5392611231783,0,54.0158846375022,0,0,53.6614270334033,0,0,71.7106797470036,0,0,0,60.8707400625943,0,94.5069194235482,0,0,45.730169609399,45.0977344693204,0,126.200704707544,0,84.372666955304,274.566459273931,273.697528120092,0,0
0,111.102009378407,0,0,354.031861778651,79.906993763514,0,0,140.756803214942,145.451665613547,0,0,93.6362367811505,0,55.8223983790507,0,65.4359558217232,0,0,61.5188838130553,0,0,78.1285323936947,0,0,0,65.229927744261,0,98.5297667738049,0,0,46.535583591695,47.110627237323,0,134.92536600955,0,86.9336667463434,321.448541048041,322.989433243206,0,0
0,109.62005068864,0,0,336.948529305451,76.1936076040462,0,0,144.225483960819,147.690283934112,0,0,101.438109590155,0,55.9189359082978,0,64.8813826166035,0,0,65.6446887759728,0,0,85.3106387257847,0,0,0,68.7917785061531,0,107.750821129026,0,0,48.5714062034914,47.688411037978,0,140.975532189933,0,88.9591932160187,291.206228284046,291.517068426748,0,0
0,109.620000001734,0,0,325.333366147218,73.4523066728594,0,0,140.264703709828,146.451360643934,0,0,98.610279627094,0,56.4393690134305,0,65.7915626591025,0,0,65.5057479727446,0,0,83.3972800570294,0,0,0,65.6084239160076,0,103.478877662962,0,0,48.8792435908341,48.9582068116958,0,144.293786701407,0,101.181635815476,351.02926081991,352.878857183364,0,0
0,109.922969946782,0,0,322.824240851599,71.6290766815111,0,0,133.81050081634,139.708154232333,0,0,89.4395485722977,0,54.1265526214366,0,64.4391471833078,0,0,67.5773364714435,0,0,96.4800964917801,0,0,0,75.4586413882037,0,116.73826793931,0,0,53.7903807466279,49.7010915281706,0,139.612532146793,0,89.5189321658915,312.125341895237,311.538134372133,0,0
0,111.269914548376,0,0,352.714648353748,79.8614559958324,0,0,188.611683263379,162.054029601573,0,0,113.976790929025,0,65.7652889702455,0,78.4494898909095,0,0,75.9193831033902,0,0,97.0465351763755,0,0,0,77.8874615936266,0,121.229201173522,0,0,56.4148414068663,55.9080411403372,0,171.979247909772,0,108.796234680122,369.94153462317,372.148469878659,0,0
0,111.843039468413,0,0,358.430892786086,78.1285580578819,0,0,233.546394032431,243.800818981532,0,0,164.963683241933,0,90.1822921602212,0,105.54787477747,0,0,98.5643504726113,0,0,118.579433689066,0,0,0,94.7845269270951,0,144.938085514586,0,0,75.5964405812687,72.0848715029568,0,207.3018719379,0,140.404231273707,463.195884049701,461.671680937848,0,0
0,109.620076033829,0,0,404.911539744533,93.4955476031573,0,0,265.098238431956,276.724974016484,0,0,185.582762980152,0,102.200587901359,0,118.8863854873,0,0,114.44674967929,0,0,138.691524689103,0,0,0,109.779281304393,0,169.906412425068,0,0,80.0258497740258,80.7034575817651,0,237.736801788516,0,145.775330514375,515.333855658407,515.815584283424,0,0
0,112.043759576855,0,0,345.351135912783,76.1976528973661,0,0,235.704606441014,240.319611793907,0,0,159.564793826553,0,94.9257309616084,0,115.205148168847,0,0,117.130735742999,0,0,159.129072634052,0,0,0,127.455700997981,0,197.987305983308,0,0,91.0842114917139,87.7535069844493,0,260.094337290068,0,171.935039346922,571.734277133443,569.915546618626,0,0
0,119.78961691919,0,0,417.056412623634,94.7072342747426,0,0,273.265144398894,285.063048730707,0,0,186.287057209454,0,100.180038660328,0,117.101356263323,0,0,114.602633110674,0,0,149.746386723965,0,0,0,121.950670909871,0,193.040849058088,0,0,93.5127077154623,92.256022771026,0,282.397284877504,0,186.878568405603,636.392709340232,639.71414302009,0,0
0,123.629908028376,0,0,422.041934066021,94.0731652937001,0,0,270.240335518994,282.04119873145,0,0,190.883227823534,0,104.751660626847,0,123.417517786985,0,0,126.115421888967,0,0,167.311818166233,0,0,0,136.256176792946,0,210.971374243748,0,0,97.8537644073341,96.2003200850099,0,296.533490270664,0,199.019253256682,675.82685284697,677.033617496284,0,0
0,121.845080738392,0,0,436.395530824979,98.5673725931565,0,0,279.5334640339,293.701021969894,0,0,197.998638186662,0,113.43400267283,0,131.706200201468,0,0,131.763243014973,0,0,170.635334133501,0,0,0,141.051391570741,0,222.805898298595,0,0,107.609491021916,104.55803505497,0,311.000939413504,0,211.858305890789,761.054945584428,762.85721597375,0,0
0,290.658021740895,0,0,872.44744430267,193.823150508479,0,0,387.106163290637,400.50799522783,0,0,249.104865131118,0,123.898016171096,0,136.729686818358,0,0,139.455782850896,0,0,194.387723267822,0,0,0,157.744089258107,0,242.319007091109,0,0,114.3960195504,110.486662473956,0,333.41092912543,0,220.835478979802,682.327367721924,682.611056536197,0,0
0,296.993468255717,0,0,942.327831592047,212.898693120742,0,0,426.663521864381,445.301939136469,0,0,294.213609547821,0,165.695633819905,0,191.268906340341,0,0,185.384718110275,0,0,234.072281273598,0,0,0,185.974441303385,0,283.160736303581,0,0,129.107656669347,127.34055418215,0,392.064387156741,0,268.095806926942,968.106139103754,971.107469866466,0,0
0,303.699105379968,0,0,982.233042651888,221.740957363736,0,0,448.720612074458,453.156146849026,0,0,302.561832816005,0,168.686467591983,0,199.049201148453,0,0,204.580765888188,0,0,273.616334647744,0,0,0,220.660888553285,0,341.210220922886,0,0,158.809784228839,153.373952481523,0,451.6937626327,0,292.926046024192,996.342599615824,993.63158016624,0,0
0,292.011340694664,0,0,894.141151039016,200.195261297745,0,0,444.853415375855,464.809228457121,0,0,317.002911675824,0,185.589683239904,0,220.406901204675,0,0,222.180977868637,0,0,292.826259786043,0,0,0,234.836672672863,0,358.618806399786,0,0,166.028153232635,166.495072902493,0,498.365469333137,0,309.972387113033,1120.50018528156,1123.51502973567,0,0
0,292.719074245265,0,0,940.635278150535,210.253653049138,0,0,464.455761073482,484.789995105748,0,0,331.231549082253,0,188.782070591731,0,224.992368919687,0,0,223.105123906228,0,0,290.728236001339,0,0,0,239.015403403474,0,369.76055228084,0,0,173.075589613549,168.532859949682,0,496.412863652779,0,325.486301743577,1083.58461602649,1087.74934668457,0,0
0,294.770555712192,0,0,946.751513893159,215.539440731273,0,0,476.863209735739,492.575043779334,0,0,328.710182751784,0,188.00435366305,0,222.319932236617,0,0,225.493583141499,0,0,293.192629282413,0,0,0,240.247822021847,0,382.010288209836,0,0,180.663640819153,177.538817867886,0,532.375749498649,0,327.838270633258,1146.62834370521,1149.99853737804,0,0
0,309.455458339334,0,0,964.500249689541,215.359226529965,0,0,468.920047920897,489.258267603776,0,0,319.659065132944,0,184.233146055852,0,219.001944054081,0,0,223.214237185601,0,0,298.912148223038,0,0,0,245.460464593981,0,376.02894642844,0,0,182.731652881993,177.361927540001,0,534.272000091348,0,351.753199703197,1211.15595648763,1216.85096969335,0,0
0,310.937949293154,0,0,1016.8302597652,229.159482227114,0,0,495.805378578708,517.514181645036,0,0,343.515830083386,0,197.937278552008,0,233.285925229674,0,0,230.480947632961,0,0,312.192074155543,0,0,0,255.612520352121,0,398.876336010056,0,0,196.799012775142,191.99531041549,0,562.05781686255,0,360.231435945806,1233.96702791212,1236.31253687521,0,0
0,307.908300530448,0,0,1005.30381165079,226.445652217557,0,0,498.056308437675,516.794331946765,0,0,351.482730112822,0,209.830067811822,0,252.953581216259,0,0,256.423417526846,0,0,337.317422482581,0,0,0,280.653858464875,0,433.222855585511,0,0,207.889964573706,207.618500347072,0,624.299970531518,0,394.997170746413,1326.83741859014,1330.58727899703,0,0
0,306.860622334293,0,0,963.894919201366,215.126122417963,0,0,487.197118425061,508.851199402263,0,0,347.911451445798,0,199.779735014887,0,240.929732243119,0,0,249.014033662229,0,0,346.974305271415,0,0,0,291.003491664136,0,458.059519477936,0,0,226.23971411369,220.427913847819,0,671.498206202639,0,449.268147395925,1523.9752539066,1525.20604642976,0,0
0,319.391768291912,0,0,1096.29614873406,247.772877024763,0,0,534.357416622268,557.363889323373,0,0,373.260012996241,0,210.027976720507,0,249.517599923096,0,0,253.10732556471,0,0,338.511411124944,0,0,0,286.069431840096,0,452.836304202827,0,0,217.153737909172,219.326718180677,0,665.760456955548,0,449.123396403742,1574.00100066615,1582.5055117469,0,0
0,309.558493859417,0,0,1019.60358979316,230.178911491317,0,0,505.595930276169,537.077085842089,0,0,374.927386572778,0,215.897879557848,0,265.174778775677,0,0,278.609848781463,0,0,378.369302303816,0,0,0,318.523498729477,0,496.323814765602,0,0,232.204250428286,223.884454813904,0,695.328985401943,0,437.320933898624,1515.75097918956,1518.85416178702,0,0
0,666.095354471226,0,0,1910.13437820942,428.452304898147,0,0,721.875179456503,746.000319123024,0,0,469.162558691477,0,235.786837469078,0,267.746813623938,0,0,272.348751313255,0,0,380.311344367524,0,0,0,322.357438409313,0,511.632882940933,0,0,252.126630100928,246.274977816023,0,779.700133731181,0,527.439424275968,1753.59570983726,1758.38819359838,0,0
0,673.751482154854,0,0,1964.97515491246,441.23116363468,0,0,754.1316557184,787.167473891158,0,0,530.887343621559,0,295.945592826599,0,354.269707497621,0,0,345.90954133836,0,0,458.091709080385,0,0,0,378.718474287562,0,574.424668242976,0,0,267.488156631649,264.246940383646,0,794.817807705372,0,536.730379536018,1909.87139053863,1915.90362934877,0,0
0,682.172790721086,0,0,2029.21247850368,457.447509435957,0,0,774.094861271053,809.303565881174,0,0,546.008880587587,0,305.548637642522,0,372.156546252698,0,0,376.237934323216,0,0,495.690159191125,0,0,0,422.764705551289,0,662.463736315453,0,0,315.47546383242,309.297505840265,0,893.078155253351,0,576.096665936277,1956.61341401376,1952.04131329316,0,0
0,682.844740730862,0,0,1998.83247439117,450.219073383797,0,0,759.241437033857,793.464012356129,0,0,538.548113644606,0,302.266836109269,0,368.746843964173,0,0,356.800800038458,0,0,495.690159191125,0,0,0,427.047058823529,0,670.566820647039,0,0,321.738793609995,320.051717346826,0,962.950664740332,0,603.016765492238,2108.86810598523,2117.00821753334,0,0
0,691.130755967653,0,0,2005.45481744346,451.730043147724,0,0,756.302648374125,789.563254669707,0,0,527.327507263481,0,304.601751218781,0,346.657715938625,0,0,364.004235214353,0,0,495.690159191125,0,0,0,431.352941176471,0,669.425237670942,0,0,324.31407066167,319.820693762566,0,985.829115055817,0,632.008757025873,2193.91718259475,2203.13955669488,0,0
0,689.043110786409,0,0,2004.21658998644,449.438970665325,0,0,755.306825075584,788.550509344535,0,0,529.401336309475,0,299.901371623253,0,364.317888482612,0,0,357.656443043664,0,0,495.690159191125,0,0,0,429.2,0,671.56440642277,0,0,318.679629358905,311.917601135544,0,975.827179251824,0,605.411141141462,2146.16901257814,2155.933371606,0,0
0,688.469960532454,0,0,2022.49259166018,456.31808449918,0,0,766.146173821545,799.826020210519,0,0,532.779121961522,0,297.42707954843,0,352.468741279581,0,0,346.670979804219,0,0,495.690159191125,0,0,0,415.129411764706,0,659.314360019706,0,0,326.846633618232,320.975723774473,0,1010.27393214682,0,651.135730301263,2165.8002844446,2176.70870652176,0,0
0,690.086984072607,0,0,2005.40842741447,450.588677689021,0,0,760.341629335933,793.8221318285,0,0,543.634594353638,0,281.007006928622,0,337.003958900572,0,0,345.072138646186,0,0,495.690159191125,0,0,0,434.623529411764,0,677.147405381832,0,0,330.746378054425,327.992769963733,0,987.603725942176,0,667.996173606487,2324.91002762988,2332.56605351718,0,0
0,682.848621698921,0,0,2013.10680604777,453.45191202871,0,0,760.978021820317,794.921118909956,0,0,531.283303423459,0,279.073304206158,0,341.473272680777,0,0,355.694211148743,0,0,495.690159191125,0,0,0,441.794454470817,0,699.764468311343,0,0,335.618395303312,335.645135467047,0,999.993761212767,0,625.305112989564,2209.74923895717,2217.82252156326,0,0
0,672.405120921678,0,0,2008.51065896438,451.160221032973,0,0,763.4888700484,797.092562905118,0,0,494.534852834956,0,269.994881912762,0,330.360216666357,0,0,347.060107638215,0,0,495.690159191125,0,0,0,440.420417391183,0,704.373705692752,0,0,343.111092629511,337.94522544015,0,1015.23791245433,0,636.663737621294,2241.95507389191,2251.29920762547,0,0
0,679.478876193529,0,0,2018.20561926831,454.599042686635,0,0,765.902032295018,799.586435487949,0,0,471.265535116607,0,268.175706168161,0,340.327852330238,0,0,358.854044391582,0,0,495.690159191125,0,0,0,440.268777165337,0,705.173705692799,0,0,339.867593720273,331.478683820604,0,1002.38607639212,0,625.921984727064,2133.1591449795,2142.53518188548,0,0
0,676.24503184785,0,0,2012.49201419158,452.307720813564,0,0,760.104120597768,793.558892222151,0,0,468.662286980759,0,275.128721714286,0,330.557640828956,0,0,340.114226658244,0,0,495.690159191125,0,0,0,440.161961511194,0,706.427411385603,0,0,355.222617516785,348.06239973344,0,1059.77573374579,0,685.874383870307,2296.75101707785,2306.46997167297,0,0
0,672.123206079919,0,0,1995.00322156476,448.333775788012,0,0,762.442502694127,738.44520436774,0,0,461.810367817354,0,263.161603043151,0,325.642365481139,0,0,343.518425684002,0,0,472.355432612429,0,0,0,439.955261891164,0,708.027411385598,0,0,353.271519406786,349.394631520159,0,1083.66666666667,0,708.410386779465,2350,2360.21739130435,0,0
0,669.294136145964,0,0,1995.39829539385,449.722117221795,0,0,661.182690956081,666.25155275261,0,0,451.656450149748,0,254.392172591319,0,303.551508775453,0,0,300.816875247226,0,0,455.313236891648,0,0,0,439.744863675988,0,707.358882921581,0,0,359.470197220077,352.263474082095,0,1083.66666666667,0,694.194509595733,2350,2360.21739130435,0,0
0,669.326900426885,0,0,1967.66581526989,442.350718617078,0,0,622.570565973645,643.159324144082,0,0,432.707604884121,0,227.626997435701,0,268.09481452283,0,0,287.352695215442,0,0,478.737181964585,0,0,0,440.041264106044,0,701.782943071978,0,0,361.172346291018,356.743906528434,0,1083.66666666667,0,678.232848183622,2350,2360.21739130435,0,0
0,670.30514375476,0,0,2000.33655550227,449.817815622492,0,0,612.126008619148,632.986333119878,0,0,392.556164159773,0,219.680101558955,0,295.557243095715,0,0,327.991436019099,0,0,477.169543647076,0,0,0,441.066095962158,0,702.403351235273,0,0,365.121613769516,358.428162012097,0,1056.2869355364,0,678.138290408959,2350,2360.21739130435,0,0
0,661.515438474881,0,0,1709.16579833114,340.247762015229,0,0,570.82983663244,577.697928312213,0,0,395.667920350166,0,241.590120462399,0,303.912219004214,0,0,320.958616797553,0,0,461.36278551157,0,0,0,440.191491592132,0,699.621825993517,0,0,357.338950323933,324.754834533235,0,1011.27793583462,0,678.137730243415,2350,2360.21739130435,0,0
0,654.813327690205,0,0,1357.32671233563,297.33737330347,0,0,543.295428532433,568.87975476919,0,0,422.077895434982,0,253.670570409708,0,313.285793243897,0,0,312.710650554592,0,0,479.0261675052,0,0,0,441.477017798678,0,696.481117078466,0,0,344.537444431428,328.544364423904,0,1028.94007956405,0,678.137726924963,2350,2360.21739130435,0,0
0,652.925946412697,0,0,1281.83680281783,289.429036755462,0,0,559.094827648002,591.22158998229,0,0,435.059289234815,0,239.884530067332,0,302.424338862411,0,0,338.40951154415,0,0,483.043992939697,0,0,0,441.22051203926,0,696.61258861438,0,0,338.376791753253,333.398350248013,0,1049.20739125081,0,678.137726905304,2350,2360.21739130435,0,0
0,656.462938092864,0,0,1319.64243980886,299.686944416656,0,0,577.206937620944,604.777153036861,0,0,432.915929460217,0,264.048947757028,0,335.725440837237,0,0,335.867111604051,0,0,495.551545745401,0,0,0,441.413629576073,0,697.281117078419,0,0,337.873486852899,333.499961684732,0,1040.66065910325,0,678.137726905188,2350,2360.21739130435,0,0
0,653.937106083579,0,0,1388.7684130524,315.161640343762,0,0,590.53970662787,626.228979402066,0,0,461.492200926455,0,271.007545414097,0,325.626470405086,0,0,337.838373117993,0,0,488.43226679356,0,0,0,441.116650666403,0,695.144060150363,0,0,329.837751513607,319.573863580639,0,1017.33440165989,0,678.137726905187,2350,2360.21739130435,0,0
0,566.637459665158,0,0,1472.7109971754,336.232222331868,0,0,618.85632939235,653.97739792239,0,0,466.181865891085,0,267.064698432723,0,329.392815796416,0,0,338.539772880502,0,0,490.470014579678,0,0,0,441.815335801267,0,694.988528464047,0,0,332.549418938655,338.289400317329,0,1074.44627475485,0,678.137726905187,2350,2360.21739130435,0,0
0,535.618215816335,0,0,1563.78906636218,355.649221153927,0,0,633.009108407264,662.460496663542,0,0,462.093707653305,0,268.848532123806,0,332.875779960035,0,0,330.169516352077,0,0,468.763835414792,0,0,0,441.334286684014,0,696.266294307175,0,0,340.520730554097,334.09035584087,0,1037.08170936212,0,678.137726905187,2350,2360.21739130435,0,0
0,528.103105630197,0,0,1638.05674243982,370.850293032569,0,0,637.286205936418,668.322373842108,0,0,477.618650791708,0,275.301200842109,0,332.774076888972,0,0,333.410342161361,0,0,490.566094602669,0,0,0,441.417793168854,0,701.818174006449,0,0,334.797363255703,328.66561422103,0,1025.71863675466,0,678.137726905187,2350,2360.21739130435,0,0
0,529.534978154721,0,0,1683.17077630517,381.521087766304,0,0,658.486869626233,697.300155931561,0,0,485.447002712805,0,275.289072237282,0,330.611243473918,0,0,332.13045518636,0,0,476.633935456855,0,0,0,440.102945129593,0,699.060708915089,0,0,325.674161815118,316.839618395187,0,1024.41507663018,0,678.137726905187,2350,2360.21739130435,0,0
0,541.139900347608,0,0,1785.20526864756,406.757685756585,0,0,679.926420774441,712.716624473585,0,0,480.774300567521,0,264.81533061492,0,316.32761109539,0,0,330.231703967749,0,0,479.279127088615,0,0,0,441.676467715342,0,701.232996777727,0,0,323.012292617234,319.297313656198,0,1002.81692462627,0,678.137726905187,2350,2360.21739130435,0,0
0,560.321393813722,0,0,1866.66922437915,422.467531268275,0,0,681.762071634466,709.29731184992,0,0,470.433175714968,0,263.17700901222,0,323.896853234028,0,0,338.937065757021,0,0,492.429783366698,0,0,0,439.99687349351,0,696.310266727097,0,0,315.50141075101,307.865011638842,0,1020.3711235891,0,678.137726905187,2350,2360.21739130435,0,0
0,582.174939063747,0,0,1855.23503247455,414.288269411174,0,0,663.551349224034,686.181870624591,0,0,473.056682905191,0,274.857664782688,0,336.987214945686,0,0,359.319061947936,0,0,492.68611437189,0,0,0,412.316905749029,0,632.333706651116,0,0,319.924140636595,320.343148023511,0,995.271315778409,0,678.137726905187,2350,2360.21739130435,0,0
0,603.259174525351,0,0,1785.94700096539,398.97734003985,0,0,659.425746497204,692.429323054694,0,0,487.681591435141,0,285.662524979461,0,345.226363391681,0,0,338.513317163566,0,0,445.010363513018,0,0,0,402.25734053557,0,636.942204758257,0,0,319.346723227036,315.731482224762,0,1035.73569083039,0,678.137726905187,2350,2360.21739130435,0,0
0,616.334847046148,0,0,1774.40381746489,400.790179014456,0,0,687.449206421745,730.365740996685,0,0,505.378291176304,0,286.836353233397,0,338.741394879497,0,0,327.690990937247,0,0,459.742611042583,0,0,0,403.121950484524,0,649.788618418093,0,0,322.066579123989,316.872057105296,0,979.09494347643,0,678.137726905187,2350,2360.21739130435,0,0
0,626.686992573368,0,0,1842.16750732006,419.118648258682,0,0,718.326159250377,758.779761707934,0,0,504.248555953676,0,272.724184008499,0,325.33963507485,0,0,338.458158281041,0,0,476.579996516925,0,0,0,413.704855022367,0,667.28719271838,0,0,329.877805514154,338.325341301312,0,1061.17398276412,0,678.137726905187,2350,2360.21739130435,0,0
0,626.862289649328,0,0,1901.10849417328,430.328591553867,0,0,725.2530222883,752.371299424979,0,0,494.577742977845,0,279.332936319257,0,346.887980198812,0,0,353.709605581185,0,0,482.639869224794,0,0,0,424.906257926087,0,686.258614197827,0,0,345.333061836175,342.834670698633,0,1029.34148655779,0,678.137726905187,2350,2360.21739130435,0,0
0,637.591693132233,0,0,1949.04786797806,438.617563459776,0,0,708.132683524206,737.193633108896,0,0,508.170650630669,0,285.818074507825,0,349.039934611945,0,0,356.730735765331,0,0,495.231146315111,0,0,0,432.036513413049,0,697.015163451686,0,0,337.891030097484,329.896266259413,0,1048.42530055662,0,678.137726905187,2350,2360.21739130435,0,0
0,650.082914748357,0,0,1934.21372073147,434.815622459132,0,0,711.950109559001,746.465938901903,0,0,516.836111677706,0,297.718932752922,0,357.356185463706,0,0,358.18570253835,0,0,495.687950346753,0,0,0,439.380685482271,0,695.833690802712,0,0,341.457237772648,342.847334212888,0,1054.89988871086,0,678.137726905187,2350,2360.21739130435,0,0
0,657.889422505605,0,0,1945.68259386439,439.451901139781,0,0,734.464479995644,777.303809716353,0,0,536.128897393536,0,302.019184617304,0,363.190778347051,0,0,376.284633956901,0,0,495.690148561808,0,0,0,418.295003596313,0,690.271363426899,0,0,356.183857685672,361.130916035775,0,1077.2049024557,0,678.137726905187,2350,2360.21739130435,0,0
0,667.99628737362,0,0,2012.46545513222,456.805268967263,0,0,755.905738735351,794.091138892511,0,0,543.070946561229,0,307.597546668067,0,368.325774947113,0,0,365.749342883469,0,0,495.690159139975,0,0,0,417.8,0,656.7152928485,0,0,353.951651139178,342.730641623436,0,1069.26252150208,0,678.137726905187,2350,2360.21739130435,0,0
0,678.790117546801,0,0,2086.58270725989,472.467414455824,0,0,771.224943163697,808.693567932922,0,0,549.63416185253,0,307.861004738337,0,363.483049478988,0,0,358.018908664809,0,0,495.690159190879,0,0,0,427.941176470588,0,673.935997554294,0,0,354.097559051646,354.192365887523,0,1057.92642743082,0,678.137726905187,2350,2360.21739130435,0,0
0,693.56182737486,0,0,2152.68740787956,486.852306171236,0,0,779.411272339431,816.851765425364,0,0,550.487137401526,0,300.441462439954,0,360.021137522027,0,0,367.486421007903,0,0,495.690159191124,0,0,0,418.564705882353,0,666.644590121537,0,0,322.451647958501,347.648569128289,0,1034.53886055451,0,678.137726905187,2350,2360.21739130435,0,0
0,703.175756561042,0,0,2195.24831063425,495.530908556903,0,0,784.254459962952,817.582192701919,0,0,541.877714441453,0,301.281962754723,0,363.08705572462,0,0,370.68470074298,0,0,495.690159191125,0,0,0,417.529411764706,0,666.539412491342,0,0,321.135095760239,318.841604017886,0,1076.99935372836,0,678.137726905187,2350,2360.21739130435,0,0
0,623.834283688141,0,0,2020.27807559041,491.463780609338,0,0,768.196469726462,796.501899890477,0,0,541.987013257017,0,303.107697114769,0,359.248881177971,0,0,370.330660241717,0,0,495.690159191125,0,0,0,412.235294117647,0,654.784000593236,0,0,322.790508131575,319.265541529521,0,1018.74864285326,0,678.137726905187,2350,2360.21739130435,0,0
0,627.494973242905,0,0,1815.11689820934,410.026485430378,0,0,756.733500620998,787.579284889648,0,0,539.735408504346,0,308.547387199303,0,367.457877714868,0,0,368.565829490763,0,0,495.690159191125,0,0,0,409.047058823529,0,650.242355808852,0,0,323.76095809666,319.751257474805,0,994.013133494659,0,678.137726905187,2350,2360.21739130435,0,0
0,623.184186826319,0,0,1751.91701741675,393.937726607314,0,0,759.059383845692,794.326889106689,0,0,545.320523439888,0,308.692931822224,0,360.823630393438,0,0,359.128275663977,0,0,495.690159191125,0,0,0,397.070588235294,0,626.109648774931,0,0,307.051058595983,303.730669526549,0,932.422689531919,0,678.137726905187,2350,2360.21739130435,0,0
0,626.85253979,0,0,1752.02471407821,393.829867168298,0,0,673.6384106895,795.415157257449,0,0,546.748937571651,0,307.008013676388,0,363.946401682609,0,0,359.216793087845,0,0,495.690159191125,0,0,0,407.576470588235,0,654.330290638748,0,0,318.645699152631,313.699448825218,0,945.675579129282,0,601.872878642175,2350,2360.21739130435,0,0
0,636.419869665728,0,0,1833.18366090205,412.698329787708,0,0,688.337021613029,716.952954371573,0,0,548.938389231057,0,305.277661835787,0,361.866919148364,0,0,367.144677641238,0,0,495.690159191125,0,0,0,410.870588235294,0,648.361176085004,0,0,316.251600399526,315.108074578865,0,953.021709551699,0,630.323080063842,2092.48403957297,2101.69619502785,0,0
0,628.404313543575,0,0,1784.74558142029,401.45352533887,0,0,680.248105087936,706.486040554246,0,0,546.132904630963,0,306.457580422095,0,367.838953437218,0,0,375.233491840068,0,0,495.690159191125,0,0,0,407.329411764706,0,654.507292560868,0,0,307.654622476343,307.083908401272,0,923.555257208231,0,612.904773730911,2196.16897113411,2206.13634203038,0,0
0,627.225020645825,0,0,1776.8474956944,400.421975969328,0,0,687.438893612603,717.722879457508,0,0,547.087161123967,0,310.479701677843,0,370.811372926967,0,0,366.306135465821,0,0,495.690159191125,0,0,0,405.741176470588,0,648.029767110676,0,0,316.440036934137,312.51624070063,0,935.008519017076,0,614.292848431892,2081.20280382438,2090.69353122295,0,0
0,627.360034762983,0,0,1767.5219961578,396.811399960012,0,0,679.146126791122,714.24620807554,0,0,497.46088931707,0,315.234389678843,0,372.905083086492,0,0,368.704511633852,0,0,495.690159191125,0,0,0,412.211764705882,0,662.787469666658,0,0,315.05916712065,313.435380118376,0,947.369664497444,0,625.238881405977,2169.3949152063,2177.14271000096,0,0
0,625.575080742726,0,0,1785.72832443058,401.2863223392,0,0,677.140207908885,705.637591345068,0,0,483.41106375401,0,275.126442081189,0,336.572401085432,0,0,363.033279875805,0,0,495.690159191125,0,0,0,415.670588235294,0,658.431999968232,0,0,313.675040677599,302.780717261168,0,919.468619145002,0,593.175578290309,2135.76694932841,2145.49727271141,0,0
0,623.568011699877,0,0,1787.53523801554,402.701893043415,0,0,695.283451397815,724.620555455797,0,0,512.008866935762,0,288.200782527867,0,344.671837544062,0,0,352.001336015097,0,0,495.690159191125,0,0,0,417.988235294117,0,661.167999523826,0,0,323.094476424001,322.805423047019,0,960.43216348659,0,602.113005562467,2102.1678974617,2110.78463574908,0,0
0,626.396863861485,0,0,1786.78064292686,401.897234484811,0,0,691.361146482423,719.132113334335,0,0,503.259770104638,0,282.441892839119,0,336.740089130267,0,0,347.134073186802,0,0,495.690159191125,0,0,0,404.764705882353,0,650.20564885462,0,0,304.545303855354,306.832255223499,0,898.597774778762,0,557.540591945722,1989.52490043399,2000.17142069831,0,0
0,625.758159679552,0,0,1806.02223730169,404.716538282072,0,0,696.133138039266,729.323185763801,0,0,511.697960222373,0,285.184035979398,0,340.792288790086,0,0,343.787779672396,0,0,471.65822344582,0,0,0,409.564705882353,0,660.190881563913,0,0,321.438039208245,310.435901526608,0,923.851492900623,0,510.456359114097,1859.87857571919,1866.72109138645,0,0
0,623.600876882397,0,0,1820.14294529276,409.914951346867,0,0,714.715829193161,741.0302021091,0,0,520.83727077517,0,296.669317209206,0,351.542871152396,0,0,353.758620712237,0,0,492.501164309448,0,0,0,400.978179045482,0,646.710381834334,0,0,304.305166154491,308.954501891062,0,944.829980064262,0,528.235174030489,1832.0148543071,1842.25054949873,0,0
0,629.192926873502,0,0,1845.7174929746,416.660136302761,0,0,723.468284858913,760.321932495402,0,0,531.096264159217,0,294.935751171725,0,348.037070774285,0,0,344.234275989855,0,0,477.810060079816,0,0,0,400.107895840533,0,638.889251658355,0,0,301.519745864849,298.853931321076,0,912.927788232507,0,518.921765000853,1794.03107887189,1801.34006316373,0,0
0,625.35309195602,0,0,1787.153248322,400.985793439581,0,0,688.470182194588,722.852104868721,0,0,513.93725998786,0,290.795086537964,0,346.612112851948,0,0,350.018352172326,0,0,470.413660987765,0,0,0,387.652263849894,0,623.711512083843,0,0,296.02004330631,291.255220266483,0,860.215570010346,0,499.820022565484,1110.50112697554,628.705501467312,0,0
0,624.714159687353,0,0,1816.82569795474,411.046988297129,0,0,701.710939926497,725.983211866152,0,0,503.951598367006,0,284.876244428579,0,342.064378932285,0,0,352.797334257396,0,0,483.506848762525,0,0,0,405.238269895093,0,654.740371935172,0,0,306.354046190309,304.083587284422,0,866.034876428051,0,483.039642813511,2213.84512819714,2400,0,0
0,621.950936988833,0,0,1730.65667919122,388.024903891087,0,0,668.13690628731,699.073222075758,0,0,479.429706914704,0,277.630696059673,0,338.709289482449,0,0,337.727219826992,0,0,467.01532443142,0,0,0,385.994542437966,0,615.415068318513,0,0,291.393001272486,288.569781280731,0,849.960505078898,0,475.841211094143,1639.89551433051,1649.72207932818,0,0
0,626.969887404222,0,0,1805.49391474682,405.595708606608,0,0,700.50805961436,732.413120797901,0,0,512.077067593112,0,282.251939202468,0,334.234676920975,0,0,330.13242981176,0,0,444.249019569005,0,0,0,369.186709188304,0,581.553584058101,0,0,274.153720863756,271.91756642636,0,820.411558685155,0,489.428402548464,1611.7370633484,1622.89659308223,0,0
0,623.232226294719,0,0,1810.39179031252,407.340509594226,0,0,703.582539228277,731.970568315175,0,0,515.205028467797,0,287.754208441638,0,340.972009989605,0,0,340.226021538976,0,0,459.178624842655,0,0,0,379.962547338949,0,601.988379652228,0,0,280.257389628349,277.856652305344,0,842.368876973059,0,479.710494370916,1748.51878206798,1754.23142957133,0,0
0,621.647916356011,0,0,1781.40488289095,402.583578557503,0,0,699.189190231573,730.057264534225,0,0,512.742342900014,0,289.262271467869,0,346.677733911187,0,0,348.139770622292,0,0,469.012220163476,0,0,0,389.413320437167,0,616.182799492312,0,0,293.049348185057,282.554916737554,0,877.773266297608,0,483.612867111801,1682.68391227913,1688.98860974317,0,0
0,627.743732428367,0,0,1763.75790877669,396.462943768337,0,0,681.250277142828,709.846684824815,0,0,494.941844990998,0,279.181951825458,0,334.699702889821,0,0,336.810136192853,0,0,447.197079767693,0,0,0,374.411022135007,0,609.698163590293,0,0,295.528081227046,292.752708939363,0,978.606987713403,0,532.770186862497,1804.74148303514,1814.81594707119,0,0
0,606.648705490649,0,0,1726.79430162746,388.051656881006,0,0,676.468079771815,706.674602525749,0,0,493.761040066919,0,283.969723185188,0,336.793714871685,0,0,331.403225320657,0,0,444.296115288726,0,0,0,356.800232725064,0,571.39803167964,0,0,281.391102578571,278.203457498757,0,989.231783872399,0,600.337438405316,1995.67686899756,2007.75990662204,0,0
0,607.524009442247,0,0,1747.20356575944,393.495312887014,0,0,694.616249138623,722.511637909652,0,0,511.815849519674,0,287.042585447137,0,339.320761615151,0,0,336.137574832568,0,0,458.992571132116,0,0,0,391.423182337491,0,626.495932665567,0,0,297.133880670957,296.919372555676,0,1027.85772832007,0,592.930971599499,2159.75836192985,2161.369250671,0,0
0,601.497501486915,0,0,1734.47585998485,388.87559280609,0,0,694.006614152525,725.902656308861,0,0,520.948462009642,0,297.441638444667,0,354.557639380648,0,0,351.977588221849,0,0,467.827521130757,0,0,0,392.54940701524,0,628.145314504294,0,0,305.067676062946,295.845058668317,0,1016.65689847351,0,623.005138638348,2032.11569973195,2042.38919101098,0,0
0,595.532869274837,0,0,1711.10822405282,384.636441773696,0,0,686.546834151551,717.011201300566,0,0,498.79165076779,0,290.069828369783,0,357.036655187112,0,0,356.505952692158,0,0,488.90007602676,0,0,0,400.990291402631,0,657.955796990441,0,0,322.510102518785,316.259173026512,0,1083.66666666667,0,664.65759354091,2252.9869857605,2260.21086140921,0,0
0,605.099869676997,0,0,1783.16460528041,403.457609935389,0,0,716.955376309351,742.920643875897,0,0,512.427301041001,0,283.270544065252,0,340.095871839269,0,0,343.48812201019,0,0,474.000418482092,0,0,0,393.401676514926,0,646.067831854234,0,0,320.090628503198,321.382292053772,0,1083.66666666667,0,629.677729634989,2350,2360.21739130435,0,0
0,599.50807311783,0,0,1676.11625463614,377.644378440625,0,0,660.385933233659,711.8153917264,0,0,501.005997095133,0,287.461430256309,0,349.890520728411,0,0,360.813235004263,0,0,493.076104660711,0,0,0,397.783381128609,0,643.205107659844,0,0,309.050673755498,304.313907143954,0,1083.66666666667,0,607.02671999982,2103.57385439884,2112.71982767778,0,0
0,604.256817884325,0,0,1695.17089058358,379.645662228624,0,0,635.383200819242,662.244732269139,0,0,487.140476153125,0,279.380282948507,0,338.557717131111,0,0,336.667587847363,0,0,466.300772427584,0,0,0,394.640015991613,0,634.712155237828,0,0,303.775334331911,302.469659277719,0,1083.66666666667,0,607.02672,2103.5738544,2112.71982768,0,0
0,602.877185022139,0,0,1737.67728893522,393.36455251338,0,0,656.777247217595,685.58475934958,0,0,493.066669966832,0,286.864996495058,0,342.590283823277,0,0,346.076207034883,0,0,479.003091425183,0,0,0,392.537048420492,0,637.586300641821,0,0,315.290585845999,304.538703306976,0,1083.66666666667,0,607.02672,2103.5738544,2112.71982768,0,0
0,600.416906936482,0,0,1656.408091336,369.431460777158,0,0,622.89769957418,643.607486296953,0,0,470.699611708616,0,272.842605442156,0,323.110719832186,0,0,328.689240497798,0,0,445.497820196941,0,0,0,367.172749038647,0,597.659913274062,0,0,298.574112130142,304.86715884123,0,1083.66666666667,0,611.637801132173,2103.5738544,2112.71982768,0,0
0,605.873892112253,0,0,1782.20056805549,401.609044071985,0,0,686.364071579633,723.185500256219,0,0,518.198403858273,0,296.856258651568,0,347.150181309404,0,0,343.379267706501,0,0,480.888358014281,0,0,0,384.51418836049,0,609.615239503006,0,0,295.466681814177,287.254805031429,0,1083.66666666667,0,608.838806867827,2125.83252576,2135.075275872,0,0
0,603.819011213294,0,0,1738.52926325517,393.313977016613,0,0,654.604535823344,688.470286580836,0,0,484.643485736273,0,274.91362170973,0,331.348088891695,0,0,329.981276318566,0,0,480.136784701485,0,0,0,398.682349988509,0,646.220768241402,0,0,305.137537856536,308.709780989884,0,1083.66666666667,0,609.332260566086,2103.5738544,2112.71982768,0,0
0,604.830044180777,0,0,1696.31345647005,380.66379840725,0,0,626.319444408779,646.962542747674,0,0,463.281638293581,0,263.824622026194,0,316.439385068331,0,0,325.241468223536,0,0,438.506886949738,0,0,0,360.31757522144,0,593.293670600129,0,0,296.127929932455,286.795254970047,0,1083.66666666667,0,607.932763433913,2114.70319008,2123.897551776,0,0
0,561.331604939022,0,0,1606.98647051864,361.121257454385,0,0,619.83167282366,647.009607493708,0,0,471.337549696102,0,271.895713421141,0,327.247934000777,0,0,320.661764615481,0,0,440.575280274002,0,0,0,355.029198768005,0,575.87854609977,0,0,288.928952405297,285.676422008319,0,1083.66666666667,0,609.332260566086,2103.5738544,2112.71982768,0,0
0,559.275011271877,0,0,1606.7592126881,360.769460329272,0,0,615.0909345185,645.19209303399,0,0,454.730992288568,0,257.042378601623,0,306.194178166141,0,0,312.016698390906,0,0,434.521074455045,0,0,0,363.643930055819,0,595.245555718538,0,0,290.289028751493,291.005299481392,0,1083.66666666667,0,610.238304,2114.70319008,2123.897551776,0,0
0,561.800893914688,0,0,1633.60940885698,369.067715192537,0,0,628.450782937229,653.037239854749,0,0,461.856512780669,0,263.49834700853,0,316.28927345719,0,0,325.162125711292,0,0,466.408943977447,0,0,0,383.944059113553,0,619.3134082193,0,0,301.011763486568,293.552735143811,0,977.81566057595,0,582.533242156726,2070.24579282416,2112.79863103781,0,0
0,561.936034758648,0,0,1604.418834851,359.107811055091,0,0,612.997205278748,642.98141149137,0,0,467.89368109451,0,269.527171159957,0,324.911351214791,0,0,333.709309411702,0,0,464.707497486805,0,0,0,376.842529414085,0,613.298381331734,0,0,300.545045252793,294.121291239102,0,1002.67077874528,0,547.514140207568,1891.07187620696,1901.37759369989,0,0
0,562.574840316981,0,0,1637.6512856478,370.861873803842,0,0,636.74548148011,661.755668473783,0,0,482.18326245683,0,282.287447330726,0,342.276017630913,0,0,340.603392921465,0,0,463.033356195902,0,0,0,378.723067185903,0,621.078038782741,0,0,302.738310318356,304.127973800868,0,1063.09697636851,0,592.637547324584,2063.10727804734,2073.03064747719,0,0
0,563.520243330476,0,0,1605.99369600331,360.211911664559,0,0,609.090372680469,639.804312801436,0,0,459.993296771561,0,268.212771558309,0,335.39361105974,0,0,340.375924226779,0,0,485.002261217353,0,0,0,405.961306004272,0,651.612210678522,0,0,318.305543162765,316.47336818618,0,1083.66666666667,0,608.69372491938,2099.53658621835,2105.51262530969,0,0
0,555.873084347594,0,0,1571.56857576186,355.127007170161,0,0,611.347204668406,636.509713490248,0,0,466.153435157624,0,266.13672038392,0,323.206547503068,0,0,329.071924666573,0,0,460.201612356502,0,0,0,392.024581144326,0,654.590956090526,0,0,316.871488879017,312.089817344663,0,1083.66666666667,0,607.932761922054,2114.70318034621,2123.89753303845,0,0
0,562.238801958666,0,0,1578.19886491833,352.695957657478,0,0,594.544026623956,620.577389938783,0,0,432.6545789616,0,257.736014493079,0,314.540153019679,0,0,324.533064850551,0,0,462.600141112265,0,0,0,384.531948018733,0,622.835180226904,0,0,294.529399384201,291.906162852667,0,1083.66666666667,0,609.332260566083,2103.57385439998,2112.71982767996,0,0
0,560.286145550259,0,0,1639.78526956673,369.074833791241,0,0,638.836423392649,666.871028057812,0,0,484.451199382588,0,274.300839608343,0,330.209716243379,0,0,336.004832259979,0,0,471.968958342025,0,0,0,393.347422232765,0,652.878758345558,0,0,324.354143684314,312.625408533127,0,1083.66666666667,0,607.932763433913,2114.70319008,2123.897551776,0,0
0,559.745860955871,0,0,1621.66279889434,364.375430412987,0,0,623.979225661678,650.531148877843,0,0,461.894773680155,0,272.113263050988,0,332.848396219272,0,0,335.30600635868,0,0,474.298604922766,0,0,0,398.017616219982,0,646.722046068694,0,0,315.304367639464,319.304269228516,0,1057.60547325726,0,554.775603253689,1914.92453774502,1923.62431922788,0,0
0,564.158947508058,0,0,1659.85634268453,375.597301030691,0,0,641.470404261071,672.482553774472,0,0,480.62704354552,0,265.890992243046,0,324.389081863354,0,0,323.789512039015,0,0,462.340732024275,0,0,0,389.825191900892,0,640.072974924774,0,0,312.691615614438,307.421329404025,0,1083.66666666667,0,607.932474681574,2114.70133100804,2123.89397306249,0,0
0,559.848186825439,0,0,1588.49231632691,355.406234740315,0,0,601.299405200954,627.944959744546,0,0,456.607449009525,0,261.293743787491,0,316.255114219502,0,0,323.429478746633,0,0,452.086688487859,0,0,0,375.0303923192,0,606.969692198364,0,0,288.569938012566,294.32779017861,0,1083.66666666667,0,609.332260565405,2103.57385439561,2112.71982767156,0,0
0,571.280538185444,0,0,1665.94491536601,375.073131014973,0,0,633.100671764858,659.667258078916,0,0,469.578464827244,0,264.033139468629,0,312.958832533452,0,0,319.324455412465,0,0,435.551869704155,0,0,0,366.811738670454,0,597.075480429596,0,0,289.995122563366,280.382769392192,0,980.386182401646,0,529.099507424489,1842.34081044216,1851.35689379341,0,0
0,572.59501411138,0,0,1674.63487535711,376.160632655391,0,0,637.842497468871,662.881778697254,0,0,467.77296135688,0,273.685984883232,0,335.164545310159,0,0,341.921976284637,0,0,471.486280799879,0,0,0,393.881444659126,0,624.958790155493,0,0,297.280335388881,288.462472497673,0,1043.43655126021,0,572.365365533947,1973.73906929208,1981.0096779277,0,0
0,573.704745447561,0,0,1675.52034602612,377.875371995848,0,0,653.600637490255,678.431920037218,0,0,482.352764310211,0,276.905966426985,0,339.602105956103,0,0,346.523090661057,0,0,486.872096056748,0,0,0,396.58974418132,0,640.258159635429,0,0,319.545265019682,313.282425070199,0,1083.66666666667,0,607.931863796491,2114.69739795141,2123.8864019309,0,0
0,581.552751258756,0,0,1695.31737083534,381.938855473289,0,0,651.532088465772,684.961760804812,0,0,480.287203657845,0,274.596938562596,0,331.067194659617,0,0,328.011063858077,0,0,450.082907552349,0,0,0,385.813247647716,0,638.688607792236,0,0,316.062400778815,317.850485697759,0,1079.00721059088,0,609.332260563964,2103.57385438633,2112.71982765369,0,0
0,578.691235708179,0,0,1678.94762868145,377.387593318327,0,0,639.857827048374,669.043188052437,0,0,474.855295462929,0,268.142385534316,0,327.283555155726,0,0,333.298771916296,0,0,453.137938590774,0,0,0,372.304497098738,0,602.044195697672,0,0,296.134118870189,290.85245886851,0,1009.27800554443,0,565.770549544986,1972.78935717838,1986.91532754171,0,0
0,576.836846831779,0,0,1651.42116509597,373.464732020057,0,0,637.046331969092,664.215537109119,0,0,471.581759842656,0,265.617638371776,0,316.220220679279,0,0,316.045381938793,0,0,433.261700623934,0,0,0,355.312800571656,0,581.344041793631,0,0,290.393583218211,294.040537354119,0,1028.51338957942,0,578.107895880575,1995.78607969143,2004.62161720017,0,0
0,579.837232113715,0,0,1654.99881166334,370.225993354918,0,0,619.271704011156,649.339732295481,0,0,451.208493005756,0,259.855525155831,0,316.347550891805,0,0,314.417905566493,0,0,414.481720398727,0,0,0,344.73908492356,0,553.28756681725,0,0,273.197562495971,267.389015889383,0,937.417884341843,0,543.559252767362,1897.02721465657,1911.25470095648,0,0
0,569.967160379689,0,0,1638.66327895697,369.595835918523,0,0,631.224116751457,653.319071713346,0,0,457.253207180046,0,260.976349172174,0,312.151793901365,0,0,320.526355223883,0,0,425.024076924729,0,0,0,343.833453507676,0,560.127397932759,0,0,275.829281906463,270.899256803917,0,963.429527537166,0,520.14473362121,1785.55850180357,1792.60619364006,0,0
0,573.606072440231,0,0,1653.76457548522,371.710798593652,0,0,634.886052354699,665.642809597918,0,0,465.601742407939,0,271.950046223471,0,326.976749284947,0,0,334.593718792623,0,0,457.392174305367,0,0,0,371.052921133076,0,600.358974819131,0,0,291.27798476173,288.133857544444,0,1004.77501288243,0,578.23784037506,2014.67269176807,2017.76999246741,0,0
0,570.134862752237,0,0,1623.19683364404,364.978212145526,0,0,623.300555790242,650.918098995865,0,0,456.299264071823,0,256.292212450734,0,304.645055515121,0,0,322.010790035125,0,0,451.198606529066,0,0,0,375.637858413146,0,614.982616279966,0,0,302.262629149918,299.206975188173,0,1011.47427556131,0,564.004454502442,1951.29624014265,1956.32380976913,0,0
0,574.920151372722,0,0,1679.38567917577,379.105261267815,0,0,643.876423334086,674.900800209716,0,0,484.583147276713,0,265.645238737361,0,311.026546784384,0,0,318.313229466872,0,0,439.635157870321,0,0,0,358.040258853197,0,590.061983120479,0,0,289.341395384244,290.903383590853,0,1045.07943692586,0,561.081412145548,1947.24610359676,1958.76410015204,0,0
0,567.003014819895,0,0,1584.34317028376,354.86116024308,0,0,596.077967256324,622.686941592654,0,0,440.896270143969,0,255.32283956216,0,307.031546359994,0,0,313.398773969763,0,0,429.224717394096,0,0,0,347.575927307711,0,571.362040761998,0,0,284.653635151218,280.043305016989,0,1031.87577946922,0,598.035147755308,2051.35668184543,2063.40142427315,0,0
0,580.886365830093,0,0,1690.27037096712,380.039629399943,0,0,644.584170494387,664.643289011007,0,0,465.130070412106,0,254.903196641774,0,297.963533068031,0,0,298.554246242583,0,0,414.943292148667,0,0,0,334.064795221732,0,542.232310908782,0,0,273.338997220933,270.040005706858,0,1011.55900418029,0,575.334653829112,1971.10932868572,1980.9534416272,0,0
0,584.391037650778,0,0,1728.48743749575,389.529514167226,0,0,670.970786097667,702.299439718689,0,0,491.223139063852,0,272.681419029797,0,319.288703974297,0,0,314.578737076404,0,0,423.262299223836,0,0,0,349.125359563725,0,567.178293141853,0,0,275.187329572778,266.935789043497,0,985.679870972264,0,609.27006782104,2022.50976429736,2030.336575356,0,0
0,581.795872169165,0,0,1682.94644814278,377.414456979681,0,0,642.95654486375,674.410653055436,0,0,469.142052899067,0,263.351863702435,0,319.699423605441,0,0,330.883996395723,0,0,451.413511855322,0,0,0,363.225914096228,0,594.656286417836,0,0,301.714393297257,299.961658768123,0,1018.12499794453,0,597.035026979438,2201.78287621784,2208.62102669967,0,0
0,587.219991688836,0,0,1754.68387675105,396.928925835196,0,0,666.315404089754,695.355387806723,0,0,480.582605029725,0,274.193446574006,0,327.080301191884,0,0,324.376371144979,0,0,443.677011981385,0,0,0,371.024311502471,0,581.446550456507,0,0,282.164793093501,285.74169118799,0,971.11984020403,0,548.616606910801,1902.5390887562,1911.78494694912,0,0
0,577.824498576116,0,0,1657.52257872721,372.956091357844,0,0,631.621155348027,655.719387583418,0,0,456.626479085234,0,263.499110505572,0,321.475815136648,0,0,324.292173373824,0,0,453.701598073223,0,0,0,372.182723620345,0,612.798940114097,0,0,298.333936947894,286.167373051022,0,999.688936496833,0,536.136270586291,1854.90549813776,1859.54006171753,0,0
0,572.367107901617,0,0,1619.33217076985,364.359852036419,0,0,623.497153428988,655.082288055336,0,0,452.848260019046,0,254.731692963178,0,299.116716711985,0,0,305.19763677852,0,0,437.231068014511,0,0,0,367.221740255048,0,595.580361046334,0,0,296.706789798845,301.91075693465,0,1032.81728497602,0,712.128009057784,2083.7772550452,2092.15870978608,0,0
0,578.966537988433,0,0,1636.67294936119,368.121081530365,0,0,625.222442259971,648.68505995506,0,0,447.101725134262,0,253.354357829379,0,297.915577454888,0,0,306.152421479132,0,0,439.969627656022,0,0,0,345.939482423422,0,570.989950877614,0,0,284.274024352156,278.549600041009,0,991.591080040776,0,740.279255046612,2350,2360.21739130435,0,0
0,583.617116599337,0,0,1690.92179076051,380.443725704087,0,0,647.772645478933,676.020664839709,0,0,469.27814488908,0,259.947764565315,0,309.209537709268,0,0,309.054289442244,0,0,454.017543467859,0,0,0,373.75234861269,0,595.753158774747,0,0,291.867352819095,285.640986613838,0,986.804103086074,0,679.669837066447,2350,2360.21739130435,0,0
0,572.940384875441,0,0,1630.24912615801,367.199305943994,0,0,636.479596643919,667.748140530565,0,0,475.196374286709,0,275.066752105332,0,320.328873541843,0,0,320.077007572023,0,0,442.935769955093,0,0,0,354.617984274542,0,578.48158416808,0,0,291.643929014043,286.175787990489,0,867.204296407727,0,678.146803211447,2350,2360.21739130435,0,0
0,575.531694771923,0,0,1612.01485079479,363.460161783699,0,0,623.115065128845,648.585916438305,0,0,446.613803877187,0,257.550336563017,0,305.98762066997,0,0,302.428106852663,0,0,428.862814187185,0,0,0,349.213818779131,0,572.054388568253,0,0,292.828420662995,295.664290777843,0,901.458320167859,0,678.137780673733,2350,2360.21739130435,0,0
0,583.379751257022,0,0,1638.66421715743,368.436609767304,0,0,625.138799007861,654.428887991016,0,0,453.114392468379,0,247.771894888535,0,296.662353620166,0,0,299.902720138134,0,0,433.411120123767,0,0,0,353.929021641379,0,579.937447387688,0,0,300.509704670023,295.543090780146,0,787.328187652512,0,678.137727223715,2350,2360.21739130435,0,0
0,583.244965229215,0,0,1645.46418418154,369.34922298005,0,0,625.800853160285,652.355583042756,0,0,458.511123240098,0,255.908660064977,0,301.755387921613,0,0,303.981696789941,0,0,419.671178830421,0,0,0,341.281070378358,0,566.380643211921,0,0,277.618343240956,252.788053677851,0,937.511010611689,0,678.137726907074,2350,2360.21739130435,0,0
0,580.15201327971,0,0,1669.15232194156,374.053165147907,0,0,640.858892843597,664.156985254524,0,0,466.866975422581,0,264.009481984436,0,318.135501232895,0,0,324.658137109648,0,0,450.644210174648,0,0,0,364.96173750645,0,599.229735080103,0,0,288.702889196342,241.797785708517,0,880.818547394602,0,678.137726905199,2350,2360.21739130435,0,0
0,583.250933386092,0,0,1729.29408661739,389.712384880857,0,0,675.251462018151,703.807910623695,0,0,482.57891173884,0,280.639078163575,0,335.396749076088,0,0,332.758740802566,0,0,461.245590053496,0,0,0,366.814808043151,0,597.100930550987,0,0,279.520057856688,278.753524645263,0,1055.97530631385,0,678.137726905187,2350,2360.21739130435,0,0
0,581.466080739259,0,0,1697.90297126714,383.289888110151,0,0,671.701041277364,702.313275724907,0,0,494.105567779625,0,276.197776115273,0,326.38450812632,0,0,324.262911892645,0,0,445.650549988829,0,0,0,355.270253206769,0,577.261258712542,0,0,285.914473174735,318.851587827459,0,1081.12484789339,0,627.693201086916,2350,2360.21739130435,0,0
0,576.180476145194,0,0,1660.43346651676,373.223121380847,0,0,651.647379285218,684.354919698752,0,0,486.851574849765,0,288.741233081183,0,346.515330741895,0,0,343.238732045873,0,0,464.163300948418,0,0,0,375.424301731353,0,609.579146566528,0,0,297.402223368179,290.659191907828,0,1083.43335047729,0,607.932763433913,2153.7266396637,2306.44657371836,0,0
0,566.277259965807,0,0,1604.12221871322,361.698824971875,0,0,617.364941448101,648.789603820792,0,0,446.55207125474,0,252.095058790241,0,301.219766602378,0,0,308.786542365642,0,0,438.895743475696,0,0,0,362.096257856061,0,592.325184315731,0,0,297.407179842101,284.283070133018,0,1083.64525033093,0,609.332260566086,2103.5738544,2112.71982768,0,0
0,570.149808472598,0,0,1600.45947690358,359.974259587179,0,0,604.067108536403,627.620024426482,0,0,432.733115556917,0,246.626062063857,0,292.13841588533,0,0,296.262777934984,0,0,418.507330298167,0,0,0,336.314121125335,0,553.855810638904,0,0,267.998723244812,290.280093610528,0,1083.66470083893,0,607.932763433913,2114.70319008,2123.897551776,0,0
0,576.008563322352,0,0,1620.02005285801,363.74585571938,0,0,627.781878240921,654.345898959554,0,0,471.289364622568,0,261.632707996975,0,305.489585998349,0,0,306.173165885066,0,0,420.271715251112,0,0,0,352.019077849337,0,583.020236912354,0,0,278.922877274611,307.448054785818,0,1083.66648622129,0,611.637801132173,2103.5738544,2112.71982768,0,0
0,582.779906227676,0,0,1689.46235855607,380.6177394087,0,0,648.165507860369,672.441526286645,0,0,469.673665219642,0,264.674589546182,0,309.227292773545,0,0,311.583550375131,0,0,431.401024976382,0,0,0,357.483813521173,0,596.48035115064,0,0,289.425660235909,285.390456778993,0,1083.6666501034,0,608.838806867827,2125.83252576,2135.075275872,0,0
0,577.896147352692,0,0,1641.63035757807,370.382263789637,0,0,643.817482540268,675.283634047981,0,0,477.636394524682,0,273.752659827524,0,317.541923757445,0,0,316.881372522915,0,0,424.450255792045,0,0,0,340.119389874343,0,570.737673952441,0,0,281.59917114358,284.69749166202,0,1083.66666514631,0,609.332260566086,2103.5738544,2112.71982768,0,0
0,578.031034767316,0,0,1621.76128566383,364.015846995091,0,0,624.098985405306,648.605385742291,0,0,449.124616173611,0,254.521112933873,0,299.192123222415,0,0,292.146971262325,0,0,413.871033058497,0,0,0,339.160856855432,0,558.032592259732,0,0,281.088139495132,282.561562035056,0,1083.66666652711,0,607.932763433913,2114.70319008,2123.897551776,0,0
0,578.063900423417,0,0,1633.24871420572,368.488579890669,0,0,638.639233405054,668.728102647245,0,0,463.481151617336,0,264.871466163677,0,316.089049398627,0,0,318.684854276603,0,0,428.721754331714,0,0,0,353.989902063786,0,574.275710036476,0,0,278.184454592068,271.663049784894,0,1083.66666665386,0,609.332260566086,2103.5738544,2112.71982768,0,0
0,579.648083648323,0,0,1640.44232656462,365.94933088918,0,0,617.07374017426,647.134492499072,0,0,438.336530005741,0,242.959113783785,0,289.428546352547,0,0,286.466823080701,0,0,410.387379721974,0,0,0,330.365589180526,0,551.46887428545,0,0,270.399634206014,267.535611298267,0,979.090257560544,0,521.776264285892,1816.54241592651,1824.90709368695,0,0
0,601.427189972702,0,0,1761.84432529637,397.517046031359,0,0,686.255530346687,707.970342319415,0,0,497.363566087052,0,275.35085185814,0,326.003071642743,0,0,311.03249368038,0,0,420.667679858289,0,0,0,340.823976231311,0,557.042807631488,0,0,267.750713036069,264.335849154477,0,974.897108071111,0,565.301166944715,1960.96106652257,1971.38506481984,0,0
0,606.848558592139,0,0,1735.9104598086,391.334480846971,0,0,682.524750610713,717.514212922989,0,0,510.632649762336,0,288.916922665763,0,344.260689513312,0,0,348.740908201163,0,0,481.084851919881,0,0,0,392.010249184235,0,644.578264011155,0,0,314.304865355905,308.136594027476,0,1036.00424161284,0,578.744894953048,1996.2436934774,1995.04050638477,0,0
0,611.028211468755,0,0,1769.91895670527,398.218374034667,0,0,676.047886060926,704.563189655417,0,0,492.100991083591,0,286.443856417404,0,343.176063737642,0,0,344.3128238027,0,0,479.914364262716,0,0,0,393.344429679434,0,631.707194697657,0,0,310.978042385002,306.345369314156,0,1011.00645832178,0,579.329675730418,2007.20272794345,2015.70750966185,0,0
0,596.781546361761,0,0,1688.9851437178,381.174485895777,0,0,658.10254175616,688.423287428802,0,0,490.412595326294,0,284.645757183984,0,348.748821832107,0,0,335.946867746623,0,0,452.904724802659,0,0,0,378.01437833995,0,606.368550387866,0,0,290.550799334673,292.751793033118,0,1034.66589717162,0,552.11934844486,1903.31783693564,1917.31335795646,0,0
0,599.708565146456,0,0,1649.14647341583,370.056366311036,0,0,641.152796709778,668.479884033079,0,0,491.475341770589,0,285.538343563426,0,350.034051610632,0,0,356.749759072712,0,0,495.690159191125,0,0,0,417.799996763341,0,672.026941553679,0,0,322.799469986028,317.61940250977,0,1083.66666666667,0,608.811337367655,2125.65568260174,2134.7350954678,0,0
0,609.578839613377,0,0,1749.38599966134,393.465311197819,0,0,674.096179655357,704.355049658337,0,0,511.421125155335,0,298.30120248628,0,354.550187783803,0,0,358.639947931774,0,0,495.690159191125,0,0,0,433.223529411765,0,691.286819841002,0,0,328.831014551543,326.113718123878,0,1083.66666666667,0,609.332260501264,2103.57385398266,2112.71982687662,0,0
0,605.636957612987,0,0,1722.92134571193,385.90532928638,0,0,676.644428792159,694.705033402717,0,0,503.256473710086,0,303.253687106897,0,367.597985921395,0,0,352.147418492557,0,0,489.418960551804,0,0,0,432.6,0,703.316468182811,0,0,332.236929308112,324.857693120809,0,1083.66666666667,0,576.633527149941,2005.93140100337,2014.2506957852,0,0
0,611.69983200755,0,0,1811.34809589282,407.162867981031,0,0,735.222959935535,767.316372167685,0,0,563.238431867835,0,317.544502617801,0,333.296341536179,0,0,330.592196298321,0,0,495.250539739395,0,0,0,433.964705882353,0,724.382641960586,0,0,346.682399722391,339.139666048728,0,1083.66666666667,0,609.332116488626,2103.5729267872,2112.71804202536,0,0
0,607.491321161537,0,0,1810.15933133323,408.042568993036,0,0,722.311143728353,759.074619657849,0,0,548.230064427153,0,270.168275944939,0,334.493900884869,0,0,355.505882159055,0,0,495.688043671055,0,0,0,416.600012284828,0,697.848573349126,0,0,349.872419803001,318.272855332129,0,1083.66666666667,0,607.932763433573,2114.70319007781,2123.89755177179,0,0
0,603.245987682676,0,0,1743.34880695583,394.026657503969,0,0,707.746870942209,737.122187546333,0,0,489.903055632874,0,287.845564643389,0,363.296199865506,0,0,363.725493249651,0,0,495.6901490109,0,0,0,423.823529411765,0,689.63658758394,0,0,333.645106660613,313.070774947711,0,1083.66666666667,0,609.332260566086,2103.5738544,2112.71982768,0,0
0,607.961917459174,0,0,1726.50384391975,388.834744748826,0,0,687.776707563412,720.916257884333,0,0,498.960055696497,0,298.359420295074,0,363.552356272799,0,0,360.412756829643,0,0,495.690159142136,0,0,0,405.670588235294,0,681.758766760049,0,0,323.581340145922,321.322735913317,0,1083.66666666667,0,607.932763433913,2114.70319008,2123.897551776,0,0
0,604.998101373815,0,0,1702.0077513705,382.327596480889,0,0,670.33299737171,704.880949826605,0,0,521.147720684503,0,303.807288823372,0,376.297396153808,0,0,369.5643934317,0,0,495.69015919089,0,0,0,407.352941176471,0,673.666355391936,0,0,324.702291560626,324.595979072092,0,1083.66666666667,0,609.332260566086,2103.5738544,2112.71982768,0,0
0,603.026894791742,0,0,1711.60959990333,384.110329554227,0,0,662.305996553435,691.524562291175,0,0,535.291306409886,0,311.673966118261,0,377.552996362892,0,0,373.790149676087,0,0,495.690159191124,0,0,0,411.964705882353,0,678.291469895923,0,0,335.302877185507,310.812284762406,0,1083.66666666667,0,607.932763433913,2114.70319008,2123.897551776,0,0
0,608.786862058619,0,0,1773.57132106825,399.922770519646,0,0,683.668240204013,710.549856836767,0,0,539.112978545743,0,313.563171757858,0,388.124498123687,0,0,374.31741289744,0,0,495.690159191125,0,0,0,410.705882352941,0,670.72793933871,0,0,327.123248290424,325.607756661326,0,1083.66666666667,0,609.332260566086,2103.5738544,2112.71982768,0,0
0,601.716556879252,0,0,1737.73414258636,390.743254323249,0,0,670.525004932047,705.080526495263,0,0,499.154403878894,0,314.742575682426,0,377.045514219363,0,0,373.208856267205,0,0,495.690159191125,0,0,0,405.2,0,669.262886449582,0,0,320.268661849285,310.133346569319,0,1083.66666666667,0,607.932763433913,2114.70319008,2123.897551776,0,0
0,592.890104993419,0,0,1680.96042259219,377.352728662065,0,0,647.593409751865,678.391684703915,0,0,481.599632790771,0,282.916765209379,0,379.238434251002,0,0,369.240494104597,0,0,495.690159191125,0,0,0,405.447058823529,0,670.479998968574,0,0,322.266770450285,324.062346621499,0,1083.66666666667,0,609.332260566086,2103.5738544,2112.71982768,0,0
0,598.481926881304,0,0,1739.59406579148,393.157906434671,0,0,663.141123304863,693.068366529297,0,0,479.889645489528,0,272.260649883943,0,331.111826366949,0,0,350.362309924332,0,0,495.690159191125,0,0,0,408.117647058823,0,664.586414597026,0,0,328.795075080442,326.714209525465,0,1083.66666666667,0,607.932763433913,2114.70319008,2123.897551776,0,0
0,593.430212168893,0,0,1659.40153447948,374.759208476629,0,0,630.642349546336,656.602535916666,0,0,460.215614629163,0,264.826853511956,0,322.92174072387,0,0,330.06355985135,0,0,452.787531543093,0,0,0,371.064864468254,0,604.814244103188,0,0,321.853224644406,312.524996753496,0,1083.66666666667,0,655.443071887818,2103.5738544,2112.71982768,0,0
0,594.37181026983,0,0,1619.73673778118,362.809210490327,0,0,609.06688086276,635.962344258942,0,0,448.866960358108,0,255.434819042129,0,304.421921575335,0,0,307.945796591404,0,0,423.339109355527,0,0,0,346.202713385537,0,577.382692843072,0,0,275.694315389877,327.27223425404,0,1083.66666666667,0,766.691606643464,2337.28990368,2347.452033696,0,0
0,598.784947506325,0,0,1699.39666448675,382.226810884648,0,0,648.720893080082,679.016054137681,0,0,485.339691126965,0,276.417921242525,0,324.213122736101,0,0,326.797028152988,0,0,452.621678622907,0,0,0,381.286771547103,0,629.181340400644,0,0,310.793546929917,301.256129543764,0,1083.66666666667,0,681.876754997575,2350,2360.21739130435,0,0
0,595.080126719003,0,0,1691.96250419102,378.431714893291,0,0,642.764069135867,671.144227916705,0,0,477.754371909653,0,273.503531207117,0,319.458462594222,0,0,320.768934624561,0,0,439.403985272285,0,0,0,359.429431000596,0,603.767922921465,0,0,317.676431142181,312.575666951071,0,1081.33501415084,0,678.159877116665,2350,2360.21739130435,0,0
0,593.868120217207,0,0,1744.060978255,394.801209173364,0,0,675.32801065927,704.95271848638,0,0,497.684669430381,0,291.992426420066,0,353.687574793769,0,0,343.28448138568,0,0,460.639474459086,0,0,0,377.476981993403,0,603.322051953105,0,0,293.87549261385,294.815290881007,0,1083.45264185669,0,678.137858124279,2350,2360.21739130435,0,0
0,592.418951114659,0,0,1657.56601532705,373.715744213693,0,0,629.034583386589,660.854195427553,0,0,464.024435592681,0,263.645951588683,0,319.089879309202,0,0,325.264925745402,0,0,439.722745376773,0,0,0,361.960697299421,0,592.991939921577,0,0,287.830632123628,289.222892722387,0,1083.64702110672,0,609.33226056613,2350,2360.21739130435,0,0
0,596.729813171093,0,0,1658.22524014071,372.970428185168,0,0,625.5396774152,654.971959076339,0,0,471.683116084713,0,277.148451316933,0,332.574679861359,0,0,335.272742946359,0,0,456.549960104403,0,0,0,375.449282756012,0,597.605445986603,0,0,294.759347500152,289.197833367161,0,986.590101486575,0,542.321802974564,1876.02918423811,1893.3529004553,0,0
0,607.172634073335,0,0,1690.79428592403,381.044152292607,0,0,626.047612123425,654.343794531106,0,0,463.149133664151,0,261.736406925914,0,312.530214403802,0,0,318.92982122555,0,0,434.603553795699,0,0,0,358.148362849243,0,587.758788919868,0,0,287.29304757652,282.153017386008,0,995.803044344115,0,565.68041746063,1952.59091670947,1961.27745629496,0,0
0,603.840330572885,0,0,1677.99287242387,376.542612088434,0,0,614.093926721832,639.156602309313,0,0,451.619969611507,0,261.253388305309,0,308.000941980951,0,0,311.783145992676,0,0,426.791167787555,0,0,0,341.285943882695,0,548.404637051226,0,0,265.685768750139,268.44062941567,0,946.982474358291,0,593.781062329834,1917.80031519037,1930.94278877254,0,0
0,597.507098477753,0,0,1656.61017582222,373.377270913867,0,0,619.041709338412,645.476714609066,0,0,455.285084093123,0,266.910176099435,0,317.287587386575,0,0,315.926979882671,0,0,438.54046622838,0,0,0,357.684871260519,0,577.595943456807,0,0,280.234622506139,271.401906508898,0,930.885916231317,0,651.198141585401,2046.19802218167,2051.67092321022,0,0
0,601.95284793841,0,0,1668.30818907062,374.482685116889,0,0,613.322330372402,641.200277128892,0,0,443.159216650664,0,257.6431440899,0,316.90007865182,0,0,313.185470968374,0,0,425.962075090326,0,0,0,348.606693241612,0,576.820929340486,0,0,276.423705511763,273.647162006237,0,920.818475538084,0,713.770356130764,2338.87788735809,2350.13235271928,0,0
0,600.43815026089,0,0,1687.76149671585,380.877553862913,0,0,624.658603167866,652.10856264646,0,0,451.78128686816,0,248.587756350227,0,296.50154974921,0,0,304.636368320059,0,0,403.131235690791,0,0,0,340.579325339368,0,550.141395616086,0,0,267.527991387238,263.992959384115,0,907.072693186088,0,715.321175031452,2350,2360.21739130435,0,0
0,596.430156779156,0,0,1635.81415727925,367.939759084204,0,0,589.828728257307,625.840717427188,0,0,428.051198750998,0,250.172056707829,0,300.926239739528,0,0,312.165049003358,0,0,423.653813453741,0,0,0,343.644482419763,0,561.194222723524,0,0,279.438078566831,273.061432997211,0,976.258737301143,0,679.99543506191,2350,2360.21739130435,0,0
0,595.689025349522,0,0,1635.54822097407,367.873428846568,0,0,584.362348335673,606.125801146811,0,0,423.657161508356,0,243.177283739738,0,295.176341678717,0,0,296.481126900167,0,0,400.520366361752,0,0,0,329.98950178528,0,527.156530118538,0,0,266.003531418201,267.748836824491,0,947.09191073364,0,678.148732072177,2350,2360.21739130435,0,0
0,595.991969947649,0,0,1640.70339295745,368.78052075441,0,0,593.023280716296,619.111323950993,0,0,436.415532815003,0,248.297715545165,0,296.864515938725,0,0,291.994062417933,0,0,387.161177496137,0,0,0,330.500868354539,0,527.335989008708,0,0,254.967696840887,258.680214783118,0,922.987095279423,0,678.137792100412,2350,2360.21739130435,0,0
0,596.127034761249,0,0,1657.63362151374,372.462449417645,0,0,595.377630972781,622.529628786616,0,0,433.624739135663,0,246.972286665973,0,298.850581420151,0,0,305.822848136718,0,0,413.153255138772,0,0,0,340.375517038853,0,553.585097792025,0,0,270.406938068406,258.20294192858,0,877.258488863817,0,678.137727291407,2350,2360.21739130435,0,0
0,593.130200955599,0,0,1657.56304549574,374.211600717858,0,0,600.115502814714,625.550992766408,0,0,432.96708607442,0,249.439333292507,0,301.608205962113,0,0,292.138071652327,0,0,403.735094637715,0,0,0,330.916446685136,0,546.099882634238,0,0,259.684311317686,267.850251590604,0,735.285272046924,0,678.137726907475,2350,2360.21739130435,0,0
0,589.728096674453,0,0,1604.33079662514,360.352815810783,0,0,578.773449829328,607.366384871618,0,0,416.588206384458,0,242.837975493658,0,299.879273983751,0,0,298.853706656667,0,0,398.963315388139,0,0,0,322.288851297035,0,540.811817425814,0,0,251.047900457551,248.664830748619,0,895.391643990991,0,678.137726905201,2350,2360.21739130435,0,0
0,592.892734233401,0,0,1625.90773026929,365.82711686101,0,0,571.760756790144,600.837045000429,0,0,403.385051620542,0,220.932641532012,0,265.054585297127,0,0,262.781582237803,0,0,365.327156768336,0,0,0,315.516871534081,0,523.127985460638,0,0,254.52724065884,243.344953950758,0,945.491482461496,0,678.137726905187,2350,2360.21739130435,0,0
0,552.922314946453,0,0,1534.94544558727,345.665492175381,0,0,548.924645204827,573.940335948102,0,0,407.284011243562,0,244.246219787278,0,294.709839681498,0,0,301.645592689708,0,0,398.538185023351,0,0,0,314.379549695457,0,504.032949527878,0,0,233.480755782907,234.576771937802,0,861.267343642051,0,678.137726905187,2350,2360.21739130435,0,0
0,553.293203909577,0,0,1554.63397086319,348.403142929324,0,0,558.935330391092,581.453398787057,0,0,417.528733995146,0,241.044198624062,0,288.155883432708,0,0,278.410994166462,0,0,376.857132798264,0,0,0,316.124506359422,0,531.852404595625,0,0,255.724116243541,255.968328355932,0,869.699599385004,0,678.137726905187,2350,2360.21739130435,0,0
0,546.051188633076,0,0,1549.38310960262,347.992099796073,0,0,561.562445807836,588.426578687319,0,0,411.909011156174,0,233.274263428285,0,281.804593340805,0,0,280.114458465288,0,0,371.8710637653,0,0,0,301.026681989838,0,502.579241883328,0,0,243.798023003198,243.577947133021,0,812.21241229004,0,678.137726905187,2350,2360.21739130435,0,0
0,547.062044186846,0,0,1574.345754122,355.356055612569,0,0,565.526585536192,592.304938125125,0,0,410.020111054887,0,227.570728438747,0,275.74842028765,0,0,271.486150415719,0,0,380.997146459252,0,0,0,316.786951336214,0,517.000788322199,0,0,250.925628855292,241.043228855535,0,813.840471882924,0,678.137726905187,2350,2360.21739130435,0,0
0,544.09810137815,0,0,1522.74420601808,343.378827540042,0,0,542.131588881179,566.113187201502,0,0,401.681749237951,0,226.378939378527,0,282.092906929528,0,0,284.663284648772,0,0,376.393972745422,0,0,0,303.525346989505,0,488.540763309969,0,0,237.778261163787,233.854992769082,0,840.933459686127,0,635.824636869894,2350,2360.21739130435,0,0
0,544.400969950249,0,0,1504.53613751871,337.892602999065,0,0,532.243593533829,555.692347647074,0,0,389.153040129601,0,220.564160766338,0,269.512109508496,0,0,269.517821406391,0,0,372.208178141534,0,0,0,304.337017707845,0,505.705530606834,0,0,250.101151319186,250.836016313677,0,889.802982975063,0,685.664844583721,2350,2360.21739130435,0,0
0,546.050884495158,0,0,1530.66400894648,343.390495805023,0,0,544.337227379809,568.242391394947,0,0,395.8973309241,0,219.123632550582,0,263.682994123317,0,0,254.145707920918,0,0,353.339649993787,0,0,0,297.358765244,0,482.044428700485,0,0,228.136402474566,234.512733767246,0,810.583295853271,0,637.095744410662,2178.23951027577,2190.65450920911,0,0
0,547.970954016789,0,0,1566.79799287948,353.531351213831,0,0,558.92435628079,582.42376337774,0,0,403.674426311026,0,219.513229319637,0,261.686904423677,0,0,255.365392199053,0,0,347.648283693607,0,0,0,278.517797523151,0,468.34682282822,0,0,223.202261472165,217.422561430238,0,774.17597260874,0,560.608919658108,2055.78779715636,2066.38777050872,0,0
0,546.624085449023,0,0,1530.24995368064,345.315746063749,0,0,541.830152157464,569.695626674715,0,0,399.048398370119,0,224.197412625434,0,270.644632315825,0,0,269.485249610448,0,0,368.349283554286,0,0,0,286.77124979018,0,464.022486037493,0,0,221.810780132719,215.53484428918,0,786.016367552145,0,614.191943989505,1968.87169453083,1978.47442314546,0,0
0,546.959870371932,0,0,1491.62272223198,336.122356748732,0,0,512.901504927756,538.523901575887,0,0,371.268256882234,0,208.997180792504,0,256.900946709997,0,0,264.750526153275,0,0,366.330078070478,0,0,0,298.23924492034,0,489.056568222176,0,0,228.720515358748,228.634557438713,0,830.057930816422,0,664.525039395993,2252.6869427357,2259.71307363373,0,0
0,549.8909981967,0,0,1508.01119934645,338.16396200873,0,0,515.159041094082,535.739417091273,0,0,375.741216666863,0,208.199361700298,0,250.064997249366,0,0,248.151691258436,0,0,363.396469086718,0,0,0,301.919869975422,0,486.906017704848,0,0,242.458610537343,236.824178834116,0,881.755847455512,0,666.549546053051,2350,2360.21739130435,0,0
0,545.883156773955,0,0,1517.23096221036,341.632463409963,0,0,527.088129094892,549.34762348829,0,0,381.544861935466,0,217.394265881583,0,258.987102602087,0,0,248.753478277495,0,0,330.015041867736,0,0,0,269.839968023844,0,438.145323796922,0,0,217.250317561752,216.660837777326,0,825.56145926559,0,651.17840737546,2280.81555992073,2303.38271576025,0,0
0,379.547909044049,0,0,1080.8912117229,242.403866911633,0,0,412.360917243408,433.118540678636,0,0,324.515444779186,0,202.01202541757,0,247.422026671418,0,0,244.048461235662,0,0,330.213002870886,0,0,0,270.15146611169,0,440.939668990572,0,0,212.502992822556,212.442273430605,0,845.517113245698,0,600.087702720001,2111.0121360234,2119.73958708905,0,0
0,377.925016128147,0,0,1091.35619779728,246.060433517237,0,0,410.7583911842,431.830798291071,0,0,300.323250559817,0,170.998105592246,0,206.051973595547,0,0,207.099017839986,0,0,286.170968259577,0,0,0,245.359784542413,0,411.224983309888,0,0,199.77972497489,203.289949108697,0,812.334102082106,0,687.726134402247,2224.76832687757,2235.74832684974,0,0
0,377.892099578323,0,0,1086.39005875865,244.310475076311,0,0,400.255173623128,418.83600388504,0,0,288.653389111243,0,166.789086088248,0,207.009277770511,0,0,204.122725381428,0,0,294.731618667276,0,0,0,239.10512743328,0,399.087108256554,0,0,195.866584218569,188.516767456168,0,712.262230166466,0,622.17120319744,2172.20136059116,2182.11866848228,0,0
0,374.187126724204,0,0,1069.88667566427,240.478219170869,0,0,391.144523150138,410.435768728246,0,0,282.63952673159,0,160.79617616883,0,205.671006499329,0,0,209.363969608471,0,0,291.120906848001,0,0,0,234.986221125548,0,377.974807393595,0,0,184.530757352175,184.940320060014,0,684.635254594409,0,548.700537111909,2079.78045923185,2092.14910671566,0,0
0,377.216699472152,0,0,1070.08676586391,242.279293520852,0,0,402.541823422444,416.279397239775,0,0,301.803347608774,0,167.021974014915,0,205.390854135881,0,0,205.886456468935,0,0,291.107588479711,0,0,0,237.776508199557,0,378.973807974431,0,0,188.361910978609,184.016328078463,0,713.653114581509,0,530.539342779854,1813.95606267615,1820.8739995115,0,0
0,381.294077133525,0,0,1072.16492967427,240.850749462227,0,0,394.765214519896,415.951693001438,0,0,301.030267388208,0,166.571517503644,0,203.153797007636,0,0,203.269087329936,0,0,284.674475957208,0,0,0,231.398520146626,0,379.246036438003,0,0,180.433898573149,182.989254264031,0,762.161065101053,0,543.717038243874,1948.38683892278,1957.04391118575,0,0
0,374.658128522303,0,0,1037.37350669485,233.169086233672,0,0,378.891020072297,393.793103328805,0,0,282.353898670505,0,159.654583431842,0,194.591113842489,0,0,196.301414700593,0,0,279.657724699057,0,0,0,227.091578630582,0,375.467333205512,0,0,190.343933378027,182.412283265756,0,738.220471321265,0,588.577001533346,1951.96566096651,1960.67257896179,0,0
0,378.362873283598,0,0,1064.21891080458,239.694941732602,0,0,393.008630516435,410.18750457116,0,0,298.744166654329,0,167.103222605762,0,204.945697010534,0,0,202.521618746941,0,0,299.59835988534,0,0,0,243.606985990627,0,389.040638008094,0,0,192.444321146233,193.596745875945,0,791.758751436713,0,600.909311644133,1968.23478721202,1974.29088733662,0,0
0,378.96893988923,0,0,1055.63589952075,237.896017701035,0,0,385.79399718485,403.769911083452,0,0,289.114057943328,0,165.31748742901,0,201.399032673151,0,0,205.355926978621,0,0,317.881391856445,0,0,0,257.866244678169,0,423.284877609818,0,0,208.713635939329,198.734862262564,0,782.5873227919,0,685.942245122473,2340.71021659203,2346.18868016143,0,0
0,380.450949309625,0,0,1053.05807209611,237.0622710322,0,0,382.327217970242,400.114197128888,0,0,285.041924559193,0,163.264028839511,0,193.303611833884,0,0,192.582922250878,0,0,283.469639776526,0,0,0,241.944265444264,0,407.188361117002,0,0,211.003067659526,214.815739908459,0,828.521772685856,0,601.752039522144,2296.27957930023,2309.01202045264,0,0
0,380.450999998266,0,0,1049.58956753134,236.157852499962,0,0,374.563217999714,394.022242729396,0,0,281.834189857425,0,159.773712034756,0,193.734404210873,0,0,187.125116995807,0,0,282.424445445036,0,0,0,237.193863623901,0,387.518110140686,0,0,190.169902067872,192.605012566176,0,790.432602041496,0,597.871911685247,2025.05975234727,2035.21437926488,0,0
0,379.845060106436,0,0,1050.1465734106,236.15713167845,0,0,372.630376801934,389.026117885109,0,0,286.650221141218,0,160.049100047412,0,195.868652701734,0,0,199.925782983926,0,0,291.143147137157,0,0,0,231.82233539477,0,372.440986868765,0,0,187.980593811248,179.454453215522,0,690.037258298411,0,571.528571238275,1981.68736188108,1992.37116608944,0,0
0,358.689587632753,0,0,990.341837882547,222.227710129148,0,0,357.078868345976,372.315303417127,0,0,276.99084909813,0,159.833109600066,0,197.251750879374,0,0,201.089613944269,0,0,287.924359660033,0,0,0,233.925336780604,0,374.038720986155,0,0,177.750318233684,180.280338126763,0,649.51153764478,0,544.784641903099,1809.38990451246,1818.77310731833,0,0
0,360.678187958658,0,0,1037.87099894537,234.266092459345,0,0,372.953310404058,391.155046463117,0,0,280.558094306396,0,158.418213480025,0,186.101955912469,0,0,188.304131755845,0,0,267.764178478923,0,0,0,227.118259236653,0,373.656587946779,0,0,193.707604952481,186.659669163177,0,721.900136465811,0,546.873384613439,1934.28583184217,1941.2990883163,0,0
0,351.954239320849,0,0,963.245821239145,216.49441007267,0,0,344.912630514945,359.397125118395,0,0,257.326939403994,0,151.519161002559,0,184.203805808167,0,0,184.185185819987,0,0,276.487463318985,0,0,0,224.858635981312,0,360.580195396391,0,0,188.898650450445,192.953641912987,0,750.022807736174,0,600.044889227257,2103.97503987109,2113.96728610075,0,0
0,354.78286386927,0,0,981.592289325926,221.106199993619,0,0,350.780547840656,370.107306636857,0,0,264.740125495406,0,149.344085648312,0,183.375742570197,0,0,181.353601110898,0,0,248.919198559647,0,0,0,210.542229577507,0,345.818023837675,0,0,183.343731662596,180.377274046877,0,662.902108948818,0,540.913181053648,1925.51085171545,1937.01506372987,0,0
0,356.567919253806,0,0,983.670855269061,221.198248792838,0,0,342.872144710107,355.944776752795,0,0,250.327451388086,0,142.809020449894,0,178.457786533409,0,0,183.397275830574,0,0,258.757543967115,0,0,0,210.268696422583,0,338.840579890044,0,0,175.158409584837,175.350385396667,0,615.382165257568,0,498.395396894143,1687.5696359673,1696.0746718666,0,0
0,356.703034759515,0,0,991.406981094976,223.065245853345,0,0,348.068885486408,363.358152294615,0,0,251.084305004308,0,139.987495563274,0,168.363123169744,0,0,165.557729433396,0,0,228.307458768378,0,0,0,191.055797120991,0,314.78480814285,0,0,172.204600694363,166.903169487833,0,615.713976916405,0,476.643694881519,1726.48266487679,1736.31039977463,0,0
0,356.129960529854,0,0,982.971589427574,221.17085234805,0,0,351.315601421014,364.832762419258,0,0,261.311574306533,0,149.468792575253,0,179.971953603682,0,0,176.391684989179,0,0,248.714634086878,0,0,0,202.455337783239,0,324.890687908622,0,0,166.891693752324,165.819257755113,0,624.595159037419,0,510.657707580417,1632.16435091981,1637.74334939775,0,0
0,358.352923966171,0,0,995.062170937672,224.011469009907,0,0,353.523831695015,371.989965559559,0,0,269.421734944174,0,150.197584582042,0,177.497445615556,0,0,172.300290397032,0,0,230.465581553757,0,0,0,194.254576027183,0,314.711547532538,0,0,159.340931823947,162.496622907237,0,625.935799999877,0,511.272534267478,1861.24743785411,1870.78499318873,0,0
0,357.141120210272,0,0,992.173377005313,223.113361092323,0,0,349.723402184676,364.125077231058,0,0,262.323086068046,0,153.069000709104,0,181.037413679651,0,0,179.223136689548,0,0,240.590473449595,0,0,0,198.142679629505,0,310.681688955942,0,0,153.713836052421,149.211873057112,0,574.228770892759,0,478.227619504727,1649.62289692175,1657.69439407265,0,0
0,354.480071327532,0,0,980.435085734475,220.224642282005,0,0,340.049151176026,358.062578869691,0,0,246.106996841511,0,142.406197328679,0,171.651390387269,0,0,171.515616404818,0,0,224.032744158788,0,0,0,188.6648027519,0,304.758238028992,0,0,149.887442941157,146.492561046035,0,565.614447143595,0,429.313590749026,1616.98663770819,1625.48651125624,0,0
0,354.312064817935,0,0,993.955722969062,223.890009887966,0,0,343.602090923024,360.667126886332,0,0,250.114604238689,0,143.09457421463,0,172.52009121945,0,0,168.255685590378,0,0,220.801966223731,0,0,0,178.76403942798,0,286.663373324701,0,0,145.69770769731,150.139080322952,0,588.764155740384,0,464.137047295832,1473.73057895961,1481.43864276135,0,0
0,352.695015928259,0,0,972.644705618804,219.22637020517,0,0,333.800076945886,350.541644835068,0,0,242.768516442214,0,137.538636268992,0,165.962228451346,0,0,165.8817986817,0,0,223.756524758817,0,0,0,181.89009742546,0,288.603092132465,0,0,137.909346658687,135.780098378614,0,516.16344979176,0,440.426905696109,1613.88942594298,1620.85197820863,0,0
0,321.814087819871,0,0,885.611095907631,199.427695648024,0,0,299.747207112879,314.603078778063,0,0,218.840048540562,0,126.621301988132,0,151.702256283453,0,0,153.056003063422,0,0,197.736593675129,0,0,0,163.277084416576,0,265.480907195113,0,0,132.003706951012,129.774773021021,0,452.056448036768,0,386.167207427314,1349.33503195082,1358.26853166774,0,0
0,321.813000037206,0,0,880.53073643442,198.371337347637,0,0,296.719337267278,309.780622716499,0,0,216.06229394314,0,124.058120927335,0,148.160311310042,0,0,149.842376084239,0,0,203.892586375493,0,0,0,163.261909669069,0,267.657935563157,0,0,128.417385115689,130.384385218724,0,417.496936633111,0,336.16670530483,1227.06986188728,1230.77513686478,0,0
0,323.630819680692,0,0,874.110734013148,196.549469621992,0,0,294.727856683058,308.696954566406,0,0,214.985641805025,0,119.758912264574,0,144.974577860623,0,0,147.182989887822,0,0,191.402690021077,0,0,0,157.14595600573,0,251.719016428795,0,0,122.552669844001,121.853093415153,0,402.059030727105,0,326.440153249267,1077.68352797958,1084.86933590106,0,0
0,326.864968141748,0,0,902.388552820303,203.156334471231,0,0,297.310371988618,311.253688705493,0,0,211.486668654318,0,114.125530789916,0,135.567249622069,0,0,133.036267537109,0,0,176.838148692835,0,0,0,145.262281737735,0,234.096277947784,0,0,113.972876941348,111.547363406341,0,372.747405639975,0,330.972347481477,1148.43173556237,1154.80418099008,0,0
0,324.507041269113,0,0,881.521404769812,198.472851103997,0,0,286.416713325539,300.097992191428,0,0,199.808677763968,0,111.503346951925,0,132.15386518313,0,0,131.472107398628,0,0,179.02150306345,0,0,0,148.374742837682,0,244.150765166999,0,0,115.502307876382,115.855396991055,0,369.610592733145,0,293.712677900248,1096.1959781649,1099.41073624193,0,0
0,324.777069525965,0,0,889.224876157172,199.444318185989,0,0,287.214977918831,299.816016645379,0,0,198.509654563959,0,110.859489662481,0,132.788619143219,0,0,130.844041842946,0,0,171.563581057352,0,0,0,140.107757147387,0,222.030984516533,0,0,105.349694848016,104.865406763202,0,340.156658698852,0,276.995974595739,962.625801023218,969.839224882971,0,0
0,321.510131432235,0,0,887.551493870138,200.205961286544,0,0,294.279040848707,307.285304252669,0,0,208.674116555495,0,114.722042839712,0,136.038935529294,0,0,129.034462529824,0,0,171.862330553057,0,0,0,146.31482873377,0,228.533494728911,0,0,112.017962225767,107.8838356217,0,374.939979205099,0,278.221090434694,939.467102721367,942.442318274739,0,0
0,321.374965242219,0,0,868.771200147462,195.601296160102,0,0,283.421424312741,296.923819014935,0,0,197.400879760187,0,112.076903993629,0,133.384443404797,0,0,133.085159998992,0,0,179.526442556865,0,0,0,148.992501749851,0,237.795756039776,0,0,110.942950745478,113.338302158759,0,403.046168411433,0,299.700342092645,1100.89631024045,1104.22390407549,0,0
0,322.55397936371,0,0,872.592600872946,196.582986639442,0,0,276.145154357153,289.250176084001,0,0,185.059894873377,0,104.27752654484,0,123.913516628162,0,0,123.506948070458,0,0,164.86918981033,0,0,0,136.466371963344,0,216.431161425817,0,0,106.355936008592,106.104226868603,0,353.034932406631,0,290.647669459193,977.714664980349,984.738967454168,0,0
0,321.20708544989,0,0,862.533463663147,193.819857657827,0,0,269.579548853409,281.471739078256,0,0,180.757872931029,0,102.551200987045,0,120.24189721161,0,0,119.134304976461,0,0,166.008480373774,0,0,0,133.250643886544,0,216.317404546106,0,0,104.718320298451,102.071749107762,0,342.131659366072,0,248.397821709967,884.606944973149,888.197042143549,0,0
0,320.633960531587,0,0,862.71891609637,193.736058490423,0,0,272.480510537765,284.501181014764,0,0,185.685791792846,0,101.62340754752,0,119.426190881821,0,0,113.456243945573,0,0,150.363386393525,0,0,0,123.165265830223,0,195.490841851056,0,0,92.5320845320954,95.491950691796,0,333.663526943837,0,276.895626413147,913.795923751471,920.037507924075,0,0
0,321.03910428548,0,0,885.838499591615,199.309692573983,0,0,280.668221338986,293.931549698783,0,0,191.676390484441,0,103.812862990623,0,119.924651565949,0,0,116.780789489648,0,0,149.659259596379,0,0,0,123.214969807707,0,198.97678691217,0,0,95.4094524552662,91.8866456551163,0,292.620642329991,0,242.861900280329,905.555211587254,909.571937395856,0,0
0,240.206800508503,0,0,659.145745241987,148.537895809531,0,0,220.261744515979,231.748564800945,0,0,161.48322912536,0,98.8699232510788,0,118.201782235341,0,0,116.789327081807,0,0,153.259496625418,0,0,0,122.48667195076,0,192.719474521367,0,0,92.4593964002584,89.1119130679487,0,286.42782914901,0,241.310409189814,740.800968837766,744.655252470295,0,0
0,241.685949407466,0,0,662.29545394596,149.14034832716,0,0,215.251451543666,225.678822759553,0,0,144.970962978504,0,82.4134688329653,0,95.6376318163143,0,0,93.4801662866061,0,0,128.327057875767,0,0,0,103.99642507934,0,173.829375082469,0,0,88.1738538855381,92.3470080795533,0,318.56527734502,0,232.374726976425,950.020226142326,954.867151463708,0,0
0,241.68599999827,0,0,658.271493201262,148.237133035353,0,0,213.596738389354,223.991043340389,0,0,147.741969563838,0,81.0607349179705,0,96.0233481584097,0,0,89.6005783107357,0,0,118.720178350331,0,0,0,97.7780446958252,0,153.493358821304,0,0,73.3968929786704,71.1075336696605,0,251.188105915563,0,208.744756081974,677.474405758139,682.708745283586,0,0
0,242.897879787127,0,0,654.221509549416,147.325888120761,0,0,205.281432086522,215.309906091482,0,0,137.055442942033,0,74.4667324125694,0,86.8634976837652,0,0,84.5390406957515,0,0,113.272129109332,0,0,0,91.0763098035381,0,144.992100121999,0,0,68.9562952620255,70.8082228837325,0,232.150129811541,0,186.025668911682,669.409817149691,673.301091947613,0,0
0,244.347048885341,0,0,665.955167019837,150.213164825175,0,0,207.294965089242,216.337967349103,0,0,138.27458323116,0,75.2772235976666,0,86.4824912391281,0,0,86.693918961974,0,0,120.209781128564,0,0,0,95.7127587853069,0,150.371460453762,0,0,70.0235840546171,67.1005862219431,0,206.65182379297,0,170.490496762869,597.676773438438,599.231218513718,0,0
0,240.339156775688,0,0,638.888157707489,142.749269661162,0,0,200.15436299473,205.929991498564,0,0,134.293450966057,0,75.2079869612888,0,87.216123986251,0,0,87.3897336391274,0,0,115.352840160562,0,0,0,88.8291972255514,0,141.412377163901,0,0,65.9477371480548,66.6953681968166,0,206.524630560721,0,160.965459142255,559.273336228281,563.297308422576,0,0
0,239.598025349522,0,0,658.580074928012,149.060968658411,0,0,217.15629228352,226.692091277262,0,0,147.731587199639,0,78.9961228412153,0,88.7524783881742,0,0,81.8171289238567,0,0,104.893039370817,0,0,0,84.9194425846989,0,130.144493847769,0,0,59.7750173858869,60.4203452436681,0,188.371820562178,0,164.960912642849,556.689251558488,559.927611209154,0,0
0,240.809879787994,0,0,636.404096960331,142.688938029142,0,0,203.953777686345,212.962665313978,0,0,136.611659415084,0,76.4874496526517,0,87.7952136171167,0,0,84.7717414537868,0,0,111.611631103644,0,0,0,88.6517441195363,0,141.147474784327,0,0,64.2861377724035,62.6286442301838,0,196.239786867872,0,157.753810469273,537.74976698227,539.234543257914,0,0
0,243.167958725686,0,0,666.124846317101,150.124491445574,0,0,216.558348552041,225.984008596214,0,0,143.486345137369,0,78.8146844038248,0,88.4978779669823,0,0,87.2980716194689,0,0,117.316788645952,0,0,0,89.8361644000823,0,142.637571722639,0,0,67.4558141282936,66.51054681017,0,220.006685647719,0,151.301951949479,619.471306934282,621.507508027304,0,0
0,241.383080740126,0,0,650.20064842439,146.423637341984,0,0,209.058425994385,219.693190454698,0,0,137.943886228998,0,77.5147545717992,0,90.0617596401961,0,0,88.018559307368,0,0,114.436459949455,0,0,0,90.2580896868867,0,140.106855989012,0,0,65.8964543631651,64.1646671535497,0,205.32235314267,0,166.924544787038,491.300086191666,494.229373720359,0,0
0,240.944995293703,0,0,641.8959523682,144.55376210742,0,0,203.379030061768,213.738296952571,0,0,134.268976860444,0,70.7741572854432,0,81.2498059884965,0,0,76.5715871009921,0,0,101.514250190451,0,0,0,81.5733925401557,0,128.480863177813,0,0,61.4955874033396,62.5249084569002,0,187.123909409011,0,141.396659843608,570.703210811523,573.853914453449,0,0
0,241.685974655679,0,0,643.176737435443,144.587997420357,0,0,200.753521415768,209.570946599592,0,0,131.544648127785,0,70.8892507938324,0,80.7354584045955,0,0,76.6408610261879,0,0,96.2870707727126,0,0,0,78.065310866511,0,121.746157684105,0,0,55.7699459749946,55.7592855383902,0,165.006540159209,0,108.112713779291,399.990739610472,403.234910457058,0,0
