15.8769230769231,16.0077095722911,14.519542649099,14.6416512568475,14.3006256344884,11.4791494572581,10.1928644620932,10.0957408195053,10.3699029097876,9.71235440827076,8.48710707831185,8.74891724572069,9.21357291642826,8.79498997333398,9.9083683121276,9.81442999008858,10.6621945972022,10.5386936990537,10.6226016332279,11.7355246030583,11.202694929459,11.4454236796444,12.5756807840541,11.8590923990667,11.9663566135533,12.2516329177527,12.4829883925844,12.3646297727314,12.8115978722772,12.4661722730093,12.4169075042686,12.6599741078774,12.4130124863592,11.8075996415681,12.0096239704409,10.8963038830397,11.2322683145532,11.9207672082926,9.54811581096501,7.75141599020493,7.75141599020493
1.23459038537925,19.4360313441574,18.5644224968522,19.1401745197268,20.235913880766,14.7143463057109,13.6115539710421,13.8176935620334,16.7707440509982,16.2549016045996,14.346577426293,14.9510660454549,15.8468158648626,14.7715325571084,14.5270325405946,13.713065379701,13.2462925631243,12.2702129093193,12.1657163479344,12.6061997061618,11.5280704783446,11.6406065323913,12.6451919407983,11.8727952814568,11.8789948838105,11.4728415792089,12.4453670394893,12.6724160634407,12.8546399516467,12.1053913473524,12.2648403593836,12.9192455751367,13.6616947492273,13.2625364990357,15.4703356923303,18.0322366615548,18.8845654946695,21.9752225981969,16.3302949264889,11.4081243344758,11.4081243344758
1.23459038537925,19.7027109996265,18.9232365427781,19.6376118479342,21.0214819003635,15.3038535566325,14.1538308581611,14.3241038452066,17.1111786074984,16.5663901439993,14.6363399289583,14.9554712342693,15.2022356736824,13.9425480515473,14.4850725153986,13.9793378368127,14.8928643997744,14.519040547121,14.5808338263428,15.3320630807038,14.5975556832557,14.8707879088466,15.7724300238596,14.8835406384756,15.0367385447456,14.3813072980075,14.7580628595918,15.0831944307981,15.5011784453637,14.3855120572674,14.4130432688566,15.0233134028097,15.0052709137972,14.0727706166631,14.9371193857401,15.8320194129128,16.4597573983272,19.047463543868,14.1417722466723,9.88239641772864,9.88239641772864
1.23459038537925,19.5693264821597,18.7437513601905,19.2337228609658,19.8426957887709,14.3554742524034,13.280597736844,13.3846730119467,15.8510240225096,15.4435662206332,13.6596440663462,14.0101514046523,14.3858148262834,13.3872855772556,15.0584811409825,14.869093723699,15.6638684269638,15.2086759243644,15.2640705328883,15.6823430139902,14.9943984304824,15.108610734436,15.7317594674438,14.9685662844069,15.0012736910581,14.2339397109782,15.3192173181299,15.9266414979768,15.9159900366546,14.5896124739213,14.756581265694,15.3553842753806,15.4016913990991,14.8629152692631,16.3426873243388,18.0022576596714,18.5100664059748,20.7455935009118,15.4475867581195,10.8109304655139,10.8109304655139
1.23459038537925,19.4359282814401,18.5642422464257,18.9183570082237,19.1099859297968,13.7776051663406,12.7456901656009,12.8666934643865,15.4147432773023,15.0493832463046,13.3092803573822,13.990619004811,14.6257298177519,13.589915729984,15.0507102227678,14.7930048841663,15.2508089506065,14.6557635640313,14.7361312504576,15.759657969671,15.0716795259536,15.5133953057599,16.9456444366522,15.936932731243,16.118112196381,15.5127122167512,16.1050261136224,16.8072939657011,17.139065465091,16.079533617991,16.1095384837919,16.3109241259978,16.1164537067698,15.444872248371,17.7114379634614,20.2889361421254,19.7913020101968,20.0060435525498,14.8240913638359,10.3317835225247,10.3317835225247
1.23459038537925,19.5693173574852,18.7437354016895,19.2336889815275,19.8400035325329,14.3528092279015,13.274945243873,13.445720567638,15.9073252476456,15.2904306606707,13.5111256398431,14.2817912671275,14.9787742960206,13.8449273493737,14.5453410563716,14.0798122589977,14.5732176208825,14.0249624946484,14.113356246921,15.3354810422295,14.6273581896901,14.9351095312233,15.8578582602203,14.8741817826485,15.0340495432422,14.4285365204057,15.3810047648673,15.9663001766222,16.7737563631363,16.1343991259605,16.4051064686988,17.1639998398388,17.3948760203389,16.7666751499019,18.7649008239982,21.0726273512303,20.7797755662346,21.3506145078342,15.9114629727934,11.1486183783116,11.1486183783116
1.23459038537925,19.7027155583607,18.923244515727,19.5933418045575,20.7971671950025,15.1173314761817,13.9819357789644,14.0839379461319,15.8863696824274,15.076772645326,13.3212854526478,13.3079828858721,13.7521823824353,13.1063082281631,13.8040306060995,13.3732024729222,13.481771870738,12.832558509503,12.8876904264631,13.8061162367796,13.3198533071036,14.1826623176084,16.8030504436693,15.8986025402297,16.0383170667299,15.2459355342615,15.8180251393386,16.0929992665489,16.4675129978768,15.4825698925314,15.6707616154677,15.9544690004929,15.4176346673342,14.8299187971979,16.2375325894156,17.7163881923128,18.146647699864,20.3247789678693,15.0827888800485,10.5333414724899,10.5333414724899
1.23459038537925,19.9695073981646,19.2822547652339,20.0026217243713,21.1371696846355,15.3366775915264,14.1845706524547,14.3550783115858,16.4882700582032,15.6185723766998,13.8003670851016,14.3470816250614,14.8678740131093,13.7503206630111,14.1634073330984,13.6368055497563,14.682320591059,14.3675649924687,14.4857059406397,15.87237753138,15.0169793049698,15.2324883212809,16.2495051534529,15.4325684154526,15.5279576312803,14.796182292548,14.9462602137781,15.1058690989853,15.2630621498729,14.0918113131301,14.4649643481414,15.480789604532,15.5530914845729,14.8885219794177,17.3981980238057,20.5232850163046,20.5830710566343,21.8601785108407,16.3671936305018,11.5265336610092,11.5265336610092
1.23459038537925,19.5693356073021,18.7437673195099,19.322330681555,20.2936936446123,14.730846383676,13.629100225476,13.7682722660311,15.7481693910025,14.9657721948992,13.2408414423184,13.596672226943,14.0688495175661,13.1952644703629,14.5259757050316,14.2568118877658,14.4599250959995,13.7973912418237,13.9029419268383,15.1530330541138,14.5332549791016,14.8464923318227,15.7546578958643,14.756424414836,14.7506535825891,13.8844208374604,14.7992055618893,15.2983277352274,15.4806154871883,14.4199588648938,14.5135888858525,15.2834384372609,16.26527791927,15.7460208756096,16.5225104206903,17.2194509439551,17.2407640587488,18.3147201758975,13.6261586173879,9.52840256094825,9.52840256094825
1.23459038537925,19.8361091976012,19.1027456517422,19.7315428419235,20.6296669130418,14.9462114605052,13.8233926498995,13.9080854184922,15.9548463519353,15.3323674172884,13.5473796724736,13.6473808457552,13.8150209740924,12.7826251566818,13.8260257542758,13.4955072696902,14.0243665806034,13.5249748025014,13.6252421905411,15.1612090384315,14.5900690503405,15.007242553002,16.3548250741842,15.4343292487726,15.6045313117465,14.9450208621238,15.6569436401391,16.9047573803689,18.0150062472373,17.4750713554364,17.7783741632918,18.879724104514,19.5272338099164,18.6820850900816,19.6775880191473,20.5635559703164,20.3076532523491,21.0983980360516,15.6261131661123,10.877633609969,10.877633609969
1.23459038537925,19.5693310447308,18.7437593398501,19.278026771258,20.067893387436,14.542860385281,13.4541903048663,13.5412502730393,15.2702293634985,14.5325412073248,12.8541639124274,12.9796929999983,13.0834752352194,12.0726381082111,13.2233840717974,12.96062408643,13.5646295078594,13.1296655542298,13.2194936230913,14.3117435463047,13.7625592549497,14.0443476730691,14.8436306236083,13.933972656268,14.0953230346511,13.5578083289309,14.7278561623409,15.603269400668,15.9411361217224,14.9596815714569,15.5080062784162,16.6657045914112,16.7561782377772,16.2326095542443,17.2213204421161,18.2731731975848,18.0626206028442,18.5581988418844,13.8847241836852,9.76947826931604,9.76947826931604
1.23459038537925,19.5693219202125,18.7437433816222,19.4108538015395,20.7403693147842,15.1019532476263,13.9687361384834,14.1228518372388,16.1762080746368,15.3406313605428,13.5582467449565,13.7752448541078,14.0356518882486,12.9854551418332,12.909537504865,12.2952943399801,12.4886164356453,11.9066549943021,11.9278518631126,12.8121914286508,12.2855012060927,12.3621558882061,12.8614972041615,12.2131528499507,12.2915445598421,11.7016611747472,12.3047464833246,12.8707125486778,13.3109744054137,12.7319165817532,13.2332320583072,14.4070636152522,15.1189546242577,14.7031121458998,16.0563488180074,17.5710996765392,17.2489617269859,17.4699193782995,13.0610915865887,9.18531104431276,9.18531104431276
1.23459038537925,19.435928281284,18.5642422461529,18.9626439773599,19.3353421566297,13.9651565701595,12.9197457435513,13.0067768921898,14.7359278285661,14.0518989833811,12.4303754507749,12.7830266551647,13.2534763237647,12.4536319545865,13.3747370604948,13.0528853194614,13.1852527889903,12.568305018409,12.6295264270982,13.0584780066267,12.5044188099038,12.8697731086831,13.9090981754439,13.0057956696419,12.9691997652996,12.151717275569,12.5100455284151,12.9163354565521,13.015535931283,12.0184288673057,12.4925333961556,13.5934413030755,13.6945558643586,13.1937629241092,14.2885515053536,15.4689730775121,15.7049825471269,17.1863975088053,12.799841367376,8.96725172527557,8.96725172527557
0.931165673420613,15.0595146272319,14.5405082304513,14.9606215452641,15.3399464616497,11.0707568436656,10.2676839748159,10.3184739965713,11.8598079198601,11.527362546539,10.279687434139,10.5492213150884,10.8965331509811,10.4560843135414,11.8469702422497,11.7351126039507,12.2439112590797,11.8304803456778,11.9041704908615,12.5053386175452,12.0746169626028,12.2699983999563,12.7969746027517,12.0378076860257,12.1563302952014,11.5820094461584,12.0209924882055,12.5655700642969,12.9338877178166,12.1999484204166,12.5896029614176,13.4814234817075,13.6062353201069,13.1105059415786,13.4920811075786,13.774135806334,13.8601843291974,14.8616134985098,11.0801198993937,7.7653149646982,7.7653149646982
0.931165673420613,14.7925730050301,14.1812360206359,14.6836464009764,15.6511290441037,11.3895388502623,10.5366260072774,10.623224875796,12.3500769026821,11.9004384227983,10.5236537420584,10.5292049642733,10.6260240826482,9.87671431698483,10.6234919650886,10.3493670266104,10.5867279484037,10.1321750427107,10.1715259541305,10.7165101711962,10.2054522207871,10.3288253039543,10.8086933764953,10.2687656252652,10.3432401808485,9.79150050088616,10.5661027136634,11.9851195217252,12.3577978909962,11.7646821095671,11.9498546212327,12.4296588243117,12.75052071848,12.3779416735347,13.3395051361288,14.3537911495514,14.0251840184172,14.091270716301,10.4988279730987,7.352091900314,7.352091900314
0.931165673420613,15.0593511521533,14.5402223224766,14.9600145714617,15.3143189470156,11.0455124373453,10.2158169340257,10.2493743990232,11.7219356340342,11.3286472715395,10.0109633807824,10.1173481232025,10.2011952344138,9.38512749513378,9.88425539524322,9.58903123618792,9.64573687949213,9.17715616011531,9.28646600725699,10.7068576834361,10.3904066256661,10.5686195353195,11.1707177573621,10.5735628281161,10.6658100456014,10.1544661311133,10.3491539422264,10.5232789087187,10.8858242978336,10.331624473857,10.4300264467664,10.5674651748784,10.1483113798526,9.70931967929143,10.205932942682,10.6908942527517,11.5453851702403,14.2087937677648,10.6014076962989,7.45091804268378,7.45091804268378
0.931165673420613,14.9259666380551,14.3607371457806,14.9547083243958,16.1575723675235,11.7789578287825,10.8956045241123,10.9986135746257,12.8050802625289,12.306553893227,10.8778934412142,10.8741445713069,11.05217003846,10.3401214056737,10.4039846490663,9.93828757637646,9.97416671290045,9.45054910541398,9.46357593625577,9.89723043386866,9.33230598100745,9.49889130243955,10.1636264679454,9.58126034795477,9.63225045758859,9.18586718338505,9.88687228160367,11.1699752472783,11.5048774899052,10.9052069690667,11.3984248789118,12.3655903909673,12.4519572089861,12.0982495711093,12.7127906926136,13.2634216370718,13.4939882631122,14.7978885645532,10.9976214003875,7.67431483651888,7.67431483651888
0.931165673420613,14.7925684373357,14.181228032016,14.7722033807974,16.1004813668114,11.7632952158635,10.8818804115398,11.0540176653432,13.1938125069977,12.6592686842026,11.1935353618841,11.5333907314479,12.0793549250773,11.4192450503532,12.032641947165,11.6602822542039,12.0394592756819,11.5648190802532,11.5468062700878,12.0156777677212,11.5454886570305,11.4897165143036,11.3767245818386,10.5733858830611,10.6175489946425,10.1784220732293,10.7072461690117,11.2118376214946,11.1602449493542,10.1348267442076,10.4011377101001,10.9290857555875,10.359095322062,9.8774021503833,10.9208465272193,12.1595993737338,12.071251603899,12.5846030211189,9.40875978502672,6.62135339117712,6.62135339117712
0.931165673420613,15.0593511519971,14.5402223222034,15.0485885103061,15.7641292136825,11.4197172388772,10.5619559970874,10.6298399709215,12.2679693577304,11.8203325380901,10.4456122267405,10.5520013663334,10.819915288545,10.1535671782874,10.8161541994628,10.5274818608481,11.1500187262083,10.8603418708107,10.896148149009,11.0374125269406,10.5917535910417,10.8015295962766,11.5702954940643,11.0689069380824,11.128602628411,10.4841190226791,10.7240182444252,11.0859646905035,11.4503705203032,10.8337553201564,10.9983618933829,11.4316985353565,11.4251664373234,10.9841433079922,11.6890592655573,12.3668237111079,12.2075083263529,12.6380556238362,9.3763967713206,6.54133764894306,6.54133764894306
0.931165673420613,14.9259666380551,14.3607371457806,15.1761431729537,17.2816466590435,12.7140205487112,11.7599655107921,11.9999260101014,14.4670290499097,13.8010839852756,12.1961787044325,12.521095948836,12.7717249365376,11.6962871280879,11.9874094339211,11.5010788945009,11.4457580229973,10.7879520267306,10.7986830656104,11.4761150036893,10.7517197172899,10.8268302827141,11.284943345767,10.601779287667,10.6983398558139,10.3133395213826,11.0297048600334,11.3497610395822,11.9148820148201,11.4774805998319,11.899145775059,12.8232390961378,13.008660098679,12.5225876131084,12.6959492321928,12.669487257237,12.636934964452,13.3621948657103,9.92714840243774,6.93280774396635,6.93280774396635
0.931165673420613,14.6591747987193,14.0017268970925,14.5897153760456,16.0442841956127,11.7485149131259,10.8699938704725,11.0432269047997,12.8602893601408,12.1703572598603,10.7688775465341,11.0125111287915,11.3969276213019,10.7465348383072,11.8186395578062,11.6087497060392,11.8812945790925,11.3994911101158,11.5006663003552,12.3442750261849,11.8745720287434,11.9689681964057,12.3870388074427,11.7873681874494,11.8540238881856,11.2549591296918,11.6106647784462,11.8684704113667,11.8738887455215,10.8424530003042,11.205587783467,12.31354260124,12.7362231896025,12.1638524917831,12.837272939896,13.5184432745089,14.356357216286,17.1463664563738,12.7764443131317,8.95879751233786,8.95879751233786
0.931165673420613,15.1927402281982,14.71971547774,15.496781393326,17.1688637656462,12.5562300441522,11.6104230493905,11.779570025139,13.9070945076929,13.2879250625624,11.7317274193442,11.9274315635188,12.165137961798,11.2201550707117,11.4004798058558,10.9250276659819,11.105421573931,10.5948605968619,10.65162321546,11.6378639519041,11.0778210458726,11.2659735260105,11.8648864715054,11.1240363606831,11.1477658331182,10.4987127867157,10.9070459286398,11.2909404173061,11.7124028711191,11.1852264760292,11.4835309098254,12.1771543416188,12.4107540337668,11.9623479266162,13.0425350972751,14.2090245050314,14.3640677446422,15.6063783423465,11.6097939896061,8.12208605152027,8.12208605152027
0.931165673420613,14.7925775616979,14.181243989971,14.9936721076278,17.2263432513174,12.7001224901679,11.7499163925896,11.9915936819242,13.8110415156705,12.8305443511327,11.3494555548838,11.5850578733685,11.7738816828497,10.85051731913,11.6329028985742,11.3279548305745,11.5980253869473,11.1099342284523,11.1272833267226,11.330540578665,10.7870491294444,10.9019500053105,11.3345647727698,10.7120941220345,10.7840833016571,10.2602674934919,10.6302589600126,10.9099682373945,11.4948848092501,11.0277959394684,11.0727768318242,11.1787138019275,10.7931864931075,10.4492556748472,11.7638268390777,13.3031388693604,12.9162903160395,12.7608461597936,9.5212544435352,6.67667079272929,6.67667079272929
0.931165673420613,14.6591702364601,14.0017189179785,14.3239766183539,14.6950139632637,10.6260677099681,9.83204393493087,9.88534212814645,10.7966977118685,10.1198606838995,8.95926184217528,9.09922422903814,9.4068559117043,8.9595853133564,9.54761981617913,9.32498471059963,10.2798174338606,10.2044971007592,10.3723767437288,11.6881571676087,11.4006981396653,11.5941980747632,12.023225815771,11.3326095508995,11.4571718935305,10.9373860175235,11.4922585410004,11.6798113652859,12.1215873348568,11.4739654967691,11.5953977886186,11.9797964914648,11.7959316818646,11.2084796665411,12.37418214717,13.6889574910905,13.5806509351159,14.2404139599942,10.5873460393404,7.40757743327291,7.40757743327291
0.931165673420613,14.6591656735768,14.001710937773,14.4125336160217,15.142121174351,10.9975893610379,10.1723906490376,10.2579716365506,11.6532547071554,11.0744073271781,9.78786587472561,9.89530564860267,10.0701462775798,9.34566998937272,9.75176564169569,9.41762936400155,9.62329950660653,9.1969678209018,9.20365646483913,9.62021922594046,9.13744878944107,9.36081835606285,10.0798513791389,9.43122979395066,9.49965088169224,9.07622164476962,9.77148626343454,10.9347256412443,11.4456029002237,11.0730379773049,11.3431324245856,12.0631294615994,12.7334702744973,12.481061289996,12.7973090790955,12.9409140750591,12.4430835451488,11.9936888848605,8.92549449003647,6.23567852806277,6.23567852806277
0.884408422725347,14.3232818995916,13.8371822644641,14.4667175866274,15.7260185586059,11.4686723553247,10.60971171702,10.7305583962066,11.9674744644293,11.166887409961,9.8738583583886,9.98771375067711,10.168237465601,9.44189508751154,10.0101561730533,9.71140445380681,9.8011407616652,9.32320903578734,9.34375461119166,9.83197187721434,9.39390326791432,9.4461723392759,9.71327260739567,9.18664733877369,9.18966923056685,8.66620547754663,9.36461876238889,9.4805350168202,9.77923292467028,9.22750710068627,9.28741843523571,9.48707136586502,9.33175033166967,8.9935529798539,9.91554044721121,11.0069419603778,11.00678323268,11.6094524315293,8.7002102908167,6.13789347545081,6.13789347545081
0.884408422725347,14.0564824161398,13.4781586466817,13.9245483773008,14.7119299454036,10.6886577578534,9.88943649681928,9.9595715193296,11.606865745754,11.2351390671444,9.94118845206211,9.95929592664832,9.9802437867434,9.23387776330907,9.79091603114697,9.51614626244673,9.9780655258866,9.65780592986403,9.70154107119004,10.343745777034,9.91790938949028,10.0552883905848,10.4822376155362,9.80556505239515,9.93063898300941,9.5825895721802,9.95814546661208,10.2603002587571,10.4768831578643,9.79517621704152,9.92803632221064,10.4165488119847,10.559345885855,10.0770646869756,10.5598295176974,10.9884493271573,10.6372363300103,10.5546974840467,7.8323700285982,5.46741022058781,5.46741022058781
0.884408422725347,14.0564732908919,13.4781426871778,14.0573754048712,15.3841028282536,11.2474489813263,10.4033199204493,10.5402723893652,12.1833620046371,11.55108455045,10.2082895040096,10.3136081284853,10.4857334201258,9.72016987293789,9.80827352116955,9.38234800049762,9.59633945945946,9.18173074594755,9.21405338336372,10.0038611950883,9.59540430910242,9.83953763263325,10.5857637898982,9.91687496933732,9.92277978347594,9.33359505903345,9.69236321376141,9.84430726805002,10.1988385927638,9.71292417914669,9.90127978619534,10.2706469344558,10.1368780990125,9.75783714904765,10.2884593346199,10.7790209290062,10.9755821773109,12.1172621679424,9.01127198104221,6.30485587088206,6.30485587088206
0.884408422725347,14.1898669291961,13.6576438215555,14.2398634084729,15.4415038388926,11.2634275448694,10.4178379419446,10.5374778839603,11.7699169430604,10.9844775363157,9.70753511693076,9.81444041235102,9.98980648058433,9.28176126841323,10.0575797838607,9.82701169730861,10.1253229095436,9.73585903112463,9.80181510818118,10.5545475110447,10.1251874062707,10.1471326357347,10.2816213009025,9.72189000778679,9.71914375080551,9.10415226394213,9.1142811668665,9.35369091680297,9.48976226691292,8.7858233652537,8.95229653591803,9.54091271983064,9.75235196800659,9.3936321008912,10.1431381363283,11.0081219111322,11.7819196142985,14.1724651255907,10.5989347767637,7.45405332688903,7.45405332688903
0.884408422725347,13.9230842143786,13.2986495310953,13.7420434298291,14.6540832744697,10.6722429785165,9.87406058559648,10.0127296160606,11.3356454276075,10.6020113109021,9.38053697940329,9.73157453537774,10.1987466831279,9.62527448196942,9.8579945652267,9.48750339522533,9.67118541918954,9.24570508651976,9.29023339406649,9.80074918955805,9.35361545368753,9.5440628809102,10.3401944716823,9.83805822622315,9.82514019287646,9.24198905707275,9.86610981157819,10.6624457745733,10.8031413971725,10.118865926718,10.3264616765804,10.6300125700115,10.333859053804,9.97814839857462,10.3367858148515,10.5379876406359,10.9617752135929,12.6630045506517,9.36156583680551,6.50250228358269,6.50250228358269
0.884408422725347,14.7234369214023,14.3756403821357,15.1912333366296,16.7918836005073,12.2591286087473,11.3331768938069,11.4836794231792,12.8672310759366,11.9562734358803,10.5452253073699,10.7228277589053,10.8475654573469,9.85640437239979,10.8662137014146,10.6386799790161,10.622191921794,10.0491060026633,10.0921623226156,10.9225463666183,10.3413570973848,10.4288465515692,11.0468720130572,10.5939714767299,10.6537008659782,10.1318642191491,10.4971373925585,10.768718372311,11.340540325627,10.8328935544053,10.8389746061336,10.9876241541377,10.6624531577173,10.1802791698799,10.5001466120926,10.7482509574921,10.8250173343516,11.6799939382233,8.69438835663969,6.0875427554801,6.0875427554801
0.884408422725347,13.9231024638834,13.2986814483698,13.65353724985,14.2083016604302,10.3020186498116,9.53626273166961,9.59195585390679,10.5128352954782,9.8745297749294,8.75510941845819,8.8051273546144,8.9545083642129,8.47892351047529,9.22494738062457,9.0527630768633,9.54622364805657,9.28716413964171,9.37522228354773,9.89414500469931,9.57090665304675,9.62853733745162,9.71183592442515,9.14507487133206,9.18876339360331,8.67977440095654,9.25872213478213,9.58965271882841,9.74164408523046,9.10707393126844,9.36153172168324,9.75932803512821,9.46619150747858,9.18441545097237,9.96699029947452,10.8722857789737,10.3838690724813,9.80943386950619,7.36058429383571,5.19394397572712,5.19394397572712
0.884408422725347,14.1898623675611,13.6576358435332,14.1955595016489,15.2152554412125,11.0749954813436,10.2419484134625,10.360613998919,11.5888629335788,10.8165978692713,9.55257399656271,9.75789628453303,10.0056289188665,9.25144536278242,9.44750114180131,9.06352480685595,9.10442918478843,8.63339378490601,8.61784680078055,8.8490155325112,8.40647475158485,8.48036274886833,8.85918785896448,8.36959652695747,8.43283258041614,8.04616915593428,8.23037826195814,8.37490043128223,8.44168284727407,7.90501534456125,8.13678511700097,8.46274145243179,8.31207133461478,8.10598796248271,8.34490612457265,8.49187779275895,8.33184697716523,8.44238802311172,6.29563586418841,4.41570449977189,4.41570449977189
0.884408422725347,13.9230842142226,13.2986495308224,13.9191913080933,15.5529500354165,11.4199023022645,10.5646910338537,10.7199302444588,12.1228941774017,11.3075632627821,9.99944355288706,10.0047443749067,10.4693255177746,10.1285646360173,10.2488539850916,9.81302248514133,10.3043832834795,9.97050761859919,9.96479689405757,10.0690923472965,9.51028361608607,9.7312158023182,10.4278677919661,9.73130902863365,9.76049656395519,9.26159970897638,9.40544879327991,9.47236714916401,9.5005146334157,8.70153701865028,8.78368781238601,9.23300733143518,9.36625652376853,8.90466955139193,9.5567859987615,10.2310334227006,9.91599001755014,9.87616365594976,7.32600621884369,5.11247914115725,5.11247914115725
0.884408422725347,14.1898623669369,13.6576358424415,14.0184116204934,14.317138442376,10.3280824462289,9.55295688491304,9.65564186335682,11.1340451947326,10.6078249081295,9.37759188266608,9.93925020398796,10.5713287612672,9.95841091676775,10.5341638742375,10.24055773212,10.4839481925235,10.0529309011638,10.1203523964212,10.679435498545,10.2015126509568,10.2415459334368,10.4579403476874,9.84152953223228,9.79807809105379,9.20470261789104,9.8956122658854,10.1386327852272,10.1956059294858,9.42817903610487,9.49053145340819,9.78333360127033,9.82082235806078,9.44025351652605,9.7941424058625,10.0768464674399,9.93403627806251,10.2272590042634,7.60403286261481,5.31403025423155,5.31403025423155
0.884408422725347,14.1898714914553,13.6576518006694,14.0627324690477,14.5424761199033,10.5156006321122,9.72673940242021,9.79527406752103,11.1083126870534,10.5843638214416,9.35561664001619,9.5768689642449,9.75075288167158,8.96237187157709,9.56546700291051,9.30386617752155,9.71166954764191,9.38785397226561,9.42668821904973,9.9862559662901,9.59982167371319,9.68787849697392,9.9187098376503,9.34952082087589,9.41287909952301,8.89394175682203,9.34406011360586,9.87205674288993,9.94326076386697,9.20339522463383,9.29608316428493,9.51574423111386,9.3660453384936,9.00788784540191,9.72677209292558,10.5056997789119,10.4833900642876,11.065416923164,8.24485747232911,5.77789032465739,5.77789032465739
0.884408422725347,14.5900524076164,14.1961552059859,14.7430573936129,15.3877422216133,11.1231988500839,10.2858902005844,10.3355143709046,11.55862312958,10.9819399322986,9.69692976060528,9.7878544223453,9.85296302079453,9.01193860548328,9.54231508427899,9.25483463371144,9.20535260702892,8.70084977959285,8.70711429892439,9.30790746686227,9.01530637684138,9.02233551193561,9.04135913765701,8.48327128563741,8.50017183926525,7.99376521388437,8.20884875817958,8.50920770484536,8.65179907418552,8.11570977593747,8.23145194525334,8.65847226299669,9.04408722084336,8.77565658602599,9.90220421349913,11.2243532040936,10.9423424646658,10.9140953932261,8.15729207516074,5.73457744223035,5.73457744223035
1.17788478347223,18.9432593166731,18.2498250222344,18.9083956213823,19.9641059140456,14.4863712451682,13.3722416651661,13.4413327894218,15.0980857118577,14.2987017197237,12.5481953818097,12.3849403335271,12.2108569747518,10.8788726307298,11.1241739258328,10.6539298081448,10.7665623964373,10.2409900352083,10.1806470094973,10.321080257443,9.75538616674802,9.90480570623083,10.4290733907844,9.72351815220343,9.68312830335593,9.05195530882676,9.02459451584117,9.09852317103985,9.03811415215375,8.21273251409449,8.45793421069543,9.1677512677838,9.33800643819201,8.91090092478306,9.04754054183625,9.05854232832714,9.33386318456138,10.569900430184,7.85353323909553,5.49025159278003,5.49025159278003
1.17788478347223,19.0768063537381,18.4295944417194,19.2243140951059,20.7200582358062,15.0871344099333,13.954175345861,14.1421011911448,16.3589480132918,15.5029144348978,13.6988529059593,14.134180595409,14.749901822101,13.830359922624,14.5002062424868,14.0201515700983,14.8542663493831,14.4188671548272,14.4343673749341,15.2136989502292,14.3604924819027,14.2381594328025,14.1065484880488,13.1233551292594,12.938574687451,11.9988886096838,11.875448404428,11.9389996254799,11.8441750868081,10.6390225245805,10.6428582549045,11.1709494350339,11.1700370176722,10.460762508708,11.1961962139768,11.9881547970677,11.6841391910139,11.827783078893,8.77444493335333,6.12476250561662,6.12476250561662
1.17788478347223,18.9434172827836,18.2501012953588,18.9089821407032,19.9900553985048,14.5119450371459,13.4249524401356,13.6146079175068,15.8388243794228,15.0430180565853,13.3036429140373,13.9849588533778,14.6200425118668,13.5847173276171,13.9669925378699,13.4549485396985,13.7833481121187,13.2105217293394,13.2609930672114,13.8033554428784,13.18464553073,13.191612421111,13.4229198459122,12.7498780972941,12.8957870762036,12.3893045354339,12.93094672054,13.1469560790986,13.2218315224168,12.3132204902218,12.5501034670601,12.9676906678756,12.8402446877854,12.418255197894,13.1476770874742,13.7628435514234,13.367920966414,13.372857480784,9.8739570482765,6.84690250002586,6.84690250002586
1.17788478347223,19.0768063591409,18.4295944511687,19.0471662363219,19.8210563702569,14.339340599235,13.2632494664666,13.4001720799129,15.3709116363052,14.6159621849867,12.9187330194559,13.4745445044921,14.0979275244723,13.169098410927,13.8090435202801,13.3735286274225,13.6835359830704,13.1123433525038,13.1804057966891,14.0738555752153,13.5218990613749,13.6435774349918,14.0820573337447,13.288397315964,13.4308550912914,12.8581548049604,13.0339084958538,13.2000667196597,13.6032063798559,12.8234829880924,13.0270695096702,13.5546322965234,13.406054025303,12.8465952225053,12.991803305398,12.9405303652339,12.8911717556022,13.6042479655168,10.1162663118984,7.07648278737776,7.07648278737776
1.17788478347223,19.2102045600165,18.6091035652062,19.229671180503,19.8785992552464,14.3554530019417,13.2779613495176,13.3976012048381,15.2850053817024,14.5379336670804,12.8487887335379,13.4024476488141,13.9310247425726,12.907058788203,13.5194298239104,13.0846468439161,13.2277607474643,12.6010710271416,12.6570705845208,13.2296826899587,12.5881513774391,12.850969517462,13.7322302983858,12.9618473545917,12.9786706879234,12.1920841720709,12.3810203563232,12.5720936540526,13.1342098608638,12.5810627218271,12.919413477392,13.6291424267939,13.6210019742696,13.1686860348879,14.282945357649,15.4751101131567,15.4551252405209,16.3361675538319,12.1602345421557,8.51095966626892,8.51095966626892
1.17788478347223,19.2102091225877,18.609111544866,19.2296881210866,19.8793434298951,14.3561863500701,13.2794717798739,13.3481248982654,14.9891927545913,14.2737570081069,12.6179991300844,12.841382679533,13.3861130371086,12.7130901038743,13.8018891672269,13.4896020137855,13.6424216712093,13.0000755729294,13.0259977739408,13.6722790987682,13.1812434110869,13.2451971366959,13.4099426861157,12.5639053263609,12.6268810824029,11.9939819028792,12.5061049772745,12.6361852481208,12.5772659100181,11.4796911447985,11.8867893752175,12.9487798529566,13.24945739695,12.7528260117552,14.0315336899256,15.5075354113728,15.1354122001087,15.1587841696265,11.3224205999197,7.95334696503795,7.95334696503795
1.17788478347223,18.6766345682784,17.8911070054447,18.4554491329257,19.4267875228539,14.1071139135366,13.0525998366007,13.1405490023648,14.8730203679133,14.1785908942726,12.5458031564295,12.5671015943436,12.6818328762007,11.8110388809994,12.3286501810806,11.9215188712833,12.4862789559799,12.0806185107226,12.1353520041107,12.7120419881846,12.1146077553337,12.2428869721096,12.615248370655,11.8756721325558,12.013421619907,11.4539754702965,11.6930400405975,11.9631441571348,12.0906500026192,11.2552167862015,11.3829160775528,11.7159482394869,11.7153848974882,11.2745641355304,11.8142726317882,12.3169602445044,12.1999584914925,12.6748022420493,9.44335702887286,6.61812769332453,6.61812769332453
1.17788478347223,20.010552704781,19.6860864371327,20.723131117592,22.2407119843692,16.1288584267172,14.9089677928837,15.005729987834,17.1142149521954,16.3527879724755,14.4188598789203,14.4613431657042,14.7483803281074,13.6893290607088,14.6109737913958,14.1819798605236,14.7819754482197,14.254809520369,14.2399293891539,14.7420848341486,13.9343972071255,13.8663592174073,14.0768846925818,13.3559667637021,13.2710401994789,12.3817311385857,12.3647386392975,12.7354724770739,12.6917372998228,11.5551125508519,11.5263267631886,11.7387425180157,11.564443929354,11.0415302554032,11.5416479321269,12.0170391638579,11.6493139604268,11.5407341296518,8.59728117758787,6.02504686129668,6.02504686129668
1.17788478347223,19.4770237738436,18.9681616902155,19.8162006174541,21.1228340429985,15.3277548478266,14.182257660523,14.2877213323729,16.7595625093576,16.2675698001386,14.3953007532021,14.5345882837816,14.9297735319902,14.1028878692492,14.6734994400791,14.1816025911704,14.3648451806766,13.6868287063878,13.7080532268243,13.9975955058535,13.3098867546998,13.3828451551831,13.8538311778479,13.1148587474311,13.2906827558527,12.861037002557,13.4298092739217,13.9443051885382,13.9829231813519,12.9704295075438,13.2621371234956,13.9624844226826,14.1748016856014,13.6839178500773,14.2266585304952,14.5921884486031,13.9046638278754,13.2732980602021,9.81003283448953,6.81031887388405,6.81031887388405
1.17788478347223,19.6103991643595,19.1476309103207,20.042907837695,21.4009670203443,15.5267114924036,14.3611880807167,14.4635481078182,16.9225960967718,16.4001066709173,14.4940072573361,14.5988096050064,14.8634786013617,13.8556290437338,14.9081794796209,14.5314666642128,15.3336590051276,14.8854866988026,14.9165437870332,15.7074216294538,15.0906584161068,15.1429061881365,15.6240188626103,14.8850695527902,15.0123446514483,14.3555184154295,14.8945563385804,15.2207156679215,15.4652617567789,14.3195438300039,14.2904664217602,14.7493849147424,14.9741010816633,14.2130271139525,15.3547679442305,16.5884786990485,16.3184248174514,16.7968458898364,12.4807657157423,8.7257395441278,8.7257395441278
1.17788478347223,19.4770100875342,18.9681377536925,19.8604367706257,21.3449087433648,15.5120620637714,14.3494889012115,14.5044622589367,17.5439184455406,17.1587443702485,15.1710669581522,15.5109067302332,15.9648174291645,14.8940473124324,15.6556522576784,15.1603904560578,15.79979268955,15.2397982182455,15.2667664068728,15.7001564039876,14.8214154642333,14.8180414551082,14.878154118158,13.879690794067,13.8975163463997,13.1375901609135,13.3636157267925,14.0084129230957,14.2154799039108,13.2913781165618,13.3971233075733,14.0819349881044,14.8872290459609,14.418923933064,15.7468630172721,17.2443076433442,16.6725860190249,16.3060129978077,12.1825164026429,8.55760703217994,8.55760703217994
1.17788478347223,19.076824609426,18.4296263698078,19.0029470289509,19.6000321350937,14.1560716002123,13.0981981507658,13.1520285430796,16.0301262020371,15.9988011656867,14.1578856714857,14.2988791817924,14.8815206720113,14.2759028681637,15.2324136311496,14.8386296976225,16.0740654427438,15.7925127516234,15.9400808188068,17.8537871338596,17.2887602882055,17.5104487432997,18.344789059256,17.351712656448,17.6104019110592,17.026784548745,17.3880618339751,17.7462597069524,17.8921480750019,16.4764378850281,16.4494088427102,16.9910511654088,17.2420621336905,16.2450918173882,16.53776436414,16.528415156449,16.1212891718475,16.4814758797831,12.143967679836,8.421651266858,8.421651266858
2.76365196662657,44.3071538449378,42.6318628293853,44.005934461895,45.8478303662763,33.1823278587967,30.5329106349966,30.6073036113593,33.9921558445454,31.9304136064294,27.6916524728021,26.8523894929964,26.4787609425325,22.8959300394006,21.7760489806096,20.2791301688689,19.009399327744,17.4380900891193,17.1303452716599,17.130964921059,16.0077934885204,15.9682114280382,16.2010362014569,15.1611381023358,15.2106704018183,14.5969904099555,16.4961929087854,16.8104391488671,16.9696760556742,15.820404697503,16.3249843720597,17.3243370893926,17.396626843726,17.0333446053519,19.2106524078316,21.730127691242,21.995759125383,23.7628249179838,17.7220659955291,12.4127777294764,12.4127777294764
2.76365196662657,44.3080411434036,42.6334146604631,44.0978028909014,46.4410655587802,33.6978581302993,31.170022662487,31.3928382119677,35.4149596354478,33.6353572359656,29.7311462990884,29.9488865508759,30.2101556667383,27.8665657000964,28.6868571316568,27.6059765559587,27.4434179737747,25.8881862083318,25.8757843057973,26.6263524503682,25.0910076277735,25.0136522976221,25.4372164504863,23.8212432915713,23.716920697063,22.5447659721503,23.3388244737183,23.4323319894703,22.8787255287156,20.2036904783055,19.8783041126695,20.239081279332,19.874189978676,18.5042110837534,20.2864068287773,22.2469581211327,22.0405239887264,23.2598280932821,17.20240241341,11.9778847114291,11.9778847114291
2.76365196662657,44.841615728217,43.351419253234,44.8277550226133,46.6692596962474,33.7603689624333,31.2250122038845,31.3946319396833,35.489234102088,33.8893187685161,29.9471862684906,30.2630838546752,30.784107692035,28.5833871624981,30.7089882008656,29.9260485664446,31.279042613676,30.238740912949,30.3554630788072,32.3044452494204,30.9086865093242,31.0181745321679,32.4599901815024,31.1557457025316,31.1786002809732,29.4574075210696,30.2500257239926,30.5948090234746,30.8032164047719,28.2010836241966,28.101561956409,28.3407358635644,26.9579193675243,25.3172248621606,26.1665917771663,26.6836638165901,26.1509672648584,27.0066424755274,19.8891015431154,13.7747674233677,13.7747674233677
2.76365196662657,44.0412721461808,42.274444361242,43.5557468752458,45.4315140989605,32.9223103628167,30.458890602078,30.634017577059,35.4059425916149,34.2271446432865,30.2770732776294,30.4259948196092,30.8312200832553,28.7499060425521,30.1030082903866,29.134962736153,29.9863894689343,28.7794347984735,28.9284781285294,31.5084748205181,30.2707798338308,30.345056129178,30.8378786788695,29.0469595717284,29.2579554896226,27.8719692574535,28.6276230542847,29.2552497640781,29.5961538667062,27.61176080204,28.0213256444267,28.8729859609994,28.556058536206,27.5471035889087,29.0240120475233,30.455629176208,29.6864222907956,29.7134353870722,22.1473055124341,15.5231160149051,15.5231160149051
2.76365196662657,45.2417875198608,43.8899067003244,45.8180548563051,49.0855688449687,35.6744211136347,32.9886842968368,33.3944175480989,39.2852394161456,37.6754344968636,33.2669899746506,34.3109545911415,35.7548409050309,33.3851711798748,34.3539778172632,33.0297654811863,33.6259630611472,32.0785759283939,32.0366912302989,32.661053114211,30.7689421287143,30.995689902352,32.4391325094351,30.6029245227889,30.8036459227418,29.5475468777763,30.1587396358603,30.6790068386971,30.8001800499666,28.4543008825834,28.8699165736642,30.1401383261186,30.3426539758124,29.2791634887794,30.583321439227,31.6606446665786,30.8850432922612,31.0510875289982,23.0506202223142,16.0824228473621,16.0824228473621
2.76365196662657,43.907892194498,42.0949671639333,43.6833184773315,46.9515819516596,34.2191448830692,31.6623587987472,32.0458127297707,37.8208504213662,36.4124548701839,32.2227138058794,32.84392752115,34.0906984968659,32.308534744847,33.4740740074891,32.3156474191256,33.410010948482,32.1487484996371,32.3049380669162,34.9530287699574,33.7592375626876,33.8390598843512,34.2575880613506,32.285639570626,32.7129148439871,31.4998341949473,32.4163993683683,33.024256564614,33.3230260519377,30.7908681962131,31.2220892437149,32.2443616767222,31.3004094776599,29.7827006349432,32.2619951359869,34.9425979008963,34.4407683964988,35.593722104355,26.4527165211135,18.4968118083338,18.4968118083338
2.76365196662657,44.7082084034483,43.1718941820621,44.9552249898841,48.1838161729094,35.0517619111446,32.4171306031797,32.7054173704944,45.7997150287597,48.1612831075174,42.5542968806211,42.7402942040739,43.2436761437199,40.0796592766578,42.0473323130243,40.6422223334661,41.0541346168734,38.9317223784871,38.8120915908203,40.0856815553381,37.4501786981199,37.0091773536406,36.651017625922,33.967129813115,33.8427829625547,32.1829515524965,33.3359911898986,33.496718744052,33.5036004674432,30.8457254072953,31.3938889590807,32.7051736261461,32.2855271632655,31.0669488050019,32.3390803403957,33.4354008230437,32.7462954095151,33.1695724401307,24.6947567276818,17.2871288940245,17.2871288940245
2.76365196662657,45.6419912466936,44.428450000119,46.3656035665548,49.2617929586913,35.7263223636788,33.0404467620954,33.2768518028817,46.1212958099901,48.4492986191177,42.8070853872073,43.1021792256475,43.6919840506761,40.5053626867965,42.3953219682219,41.0143630571505,41.5156331150162,39.5668497723195,39.6647859589683,41.3355278139526,39.4941480887951,39.6456840400403,40.5266774255826,38.2839434853122,38.4000144905357,36.323909187365,37.6067814520889,38.5605093973813,38.7159417565516,35.6791512456252,36.5888363510851,38.6588234907069,38.1739596617657,36.3977756650048,38.1121684012544,39.4868234159621,38.2033502858048,38.0258750706603,28.1046172541845,19.5351917255675,19.5351917255675
2.76365196662657,44.3080867983729,42.633494508229,43.9651114962462,45.7761405764463,33.1462221487257,30.6710517581364,30.8835845327245,43.6055052188852,46.2318758206198,40.9088492938878,41.4311797649788,42.6061367991356,40.1949704565267,42.8796188702109,41.7435459631864,44.0330177838215,42.7513824251689,43.0049500616166,45.9770716019824,44.0280229012892,44.4223254490414,45.9981208744514,43.3562182423308,43.6706758587904,41.7252409385505,43.0644077988863,43.6257057714248,43.9030666710755,40.3761817889147,40.6469301518294,42.4128663436737,42.9041213536598,40.7898482374766,42.8132758130782,44.6427843319471,44.1827483341036,46.1626114829789,34.2344632255367,23.8811786021699,23.8811786021699
2.76365196662657,45.3751902842439,44.0694237956592,46.1334376536818,49.8184249495358,36.2524283880793,33.5237952651809,33.8954703143708,48.6998354368067,51.5349267083773,45.5196205259834,46.1173736763338,47.1155015414889,43.7278192908025,45.8754031231948,44.3528240767064,45.6864857704025,43.8168009345752,43.7240734469772,44.6460358752356,42.3492374188151,42.4749297074105,43.8936868392608,41.5650390347001,41.7266518093512,39.6402085717617,40.8044624822118,42.3179659143123,42.5743321621224,39.5173321210824,40.3894108156782,42.4621868343831,42.8724523258798,41.533870314464,44.5886311125216,47.7712600592323,46.2752013436372,45.5863274064195,33.9492283333448,23.7633888660944,23.7633888660944
2.76365196662657,45.9088013364705,44.7874921677192,46.8635251869689,50.0545811493698,36.3228054149637,33.5952596580318,33.9193458483867,48.4921353247385,51.3673052453435,45.3976948390852,46.1602889732391,47.8626902353865,45.1898654515267,45.9315905275057,44.075471081732,45.7151698883963,44.0496789701204,44.2253571375644,47.3323251538142,45.4469765003308,45.5325015498297,46.0085714094691,43.225065942625,43.5838669150717,41.733322569312,43.8535521992858,44.7230130609049,45.0023221571467,41.586230516469,41.9825789022157,43.0975679402937,42.2258691036336,40.3136439039924,42.0744203021926,43.6089298881762,42.5162954100349,42.8470730396552,31.8425559062563,22.2650897939093,22.2650897939093
2.76365196662657,46.3090005032287,45.3260274922205,48.1196484812709,53.8244860651623,39.3635733691691,36.4057555735289,37.0202289964769,52.9936384278324,55.4122958242024,48.9608782459445,50.1409464639426,51.7895118752879,48.2719282691773,52.0184911038177,50.6722197409422,51.3525707949317,48.8993157299435,48.9866976721771,52.1886478037834,49.6799743176878,49.646017058238,50.3310939480966,47.3529014447552,47.6706240713108,45.6559781083249,47.1366684240114,47.947931561014,48.4084241531206,44.7095083176169,44.9836154403006,46.3520298261347,45.9382901565002,43.9838124467899,46.0171058316827,47.819676192619,46.6639633063009,47.0422694690599,34.9435834342126,24.4075110656393,24.4075110656393
6.53905125148899,106.142503560748,102.630655586797,106.155154294685,110.287825660797,79.7056808031151,73.3515535165365,73.5359760750048,88.7776768463581,87.3469746755252,75.9715291625218,74.5540121776478,73.7593930150082,64.195297621387,60.089542346198,55.8464258403739,53.9064870505826,50.2865086681796,49.869921653357,51.8469710105102,49.2270424481993,49.534775199701,51.7847428031131,49.3455661570649,49.8325215972752,47.768290185801,50.0055725520701,51.40866227697,52.3653917841306,49.017220557251,49.835382400527,51.6499922247034,50.9361180555858,48.870126417092,51.9638370284544,54.897438756001,55.1889223237855,59.5108842926103,44.1164526470689,30.7477263370529,30.7477263370529
6.53905125148899,105.744427092163,102.095832732361,105.659790945081,110.678629239786,80.1779791905435,74.1666674964771,74.699956700794,91.4372273880598,90.7383253547274,80.218561523012,81.344479144251,83.063600270811,77.3102673380214,81.7947347474233,79.3369016874034,81.5972063365331,78.2120480393134,78.0977040192422,79.6411956365175,75.3832044778755,75.0554591434801,75.2689677336559,69.9900304074163,69.4553714664508,65.6119688205932,67.6379059609743,68.0552257916379,66.3560823669433,58.3556976999548,57.6159666736432,58.3616840801766,55.5112827901452,51.9994975665394,54.3368385084996,56.6614751219792,55.8022877358418,57.6924669886734,42.8614279878849,29.96241298291,29.96241298291
6.53905125148899,105.877807115512,102.275310055009,106.417959003321,113.655522083702,82.6220558895564,76.42209221374,77.1237473327442,94.6750104565555,93.6380195440441,82.7608026424738,83.621839918666,85.8520305075522,80.5490342727231,83.4718175415569,80.4921109934601,82.3645522698702,78.8319216916175,78.909037706841,82.8642367189199,79.404791858702,79.5058644149282,80.9567762402125,76.5082127226983,77.1129666694628,73.7128585598591,76.7161316845197,79.191222606934,79.3966279015404,73.1705456532926,74.4778444567757,77.3444675723598,75.6503728100716,72.1567216897751,76.3092931481249,79.9508326539069,79.3455923674935,83.649842660299,61.7911045662604,42.9018865478405,42.9018865478405
6.53905125148899,106.27799259331,102.813821438352,107.098300865016,114.503337818619,83.2321845484085,76.986700017521,77.705694473875,99.1128805805976,99.872133523718,88.2758392262215,89.2601623587714,91.2277440665926,85.1604505764646,89.5873799567393,86.7638374192011,88.768383908902,84.9166362086051,84.9489885228378,87.5390885516952,83.1005329380884,82.9827839389373,84.4717302961063,79.8721498974726,80.4875352915181,77.1476881138404,78.9996282533467,80.5807108481181,81.0200821095252,74.7802418910488,75.5096898659603,78.1778731985774,78.1274868942086,75.0363804863814,79.4632045946732,83.8320827684148,83.3028794274784,87.268312824783,64.9219631689133,45.4179441943177,45.4179441943177
6.53905125148899,105.477644449014,101.736838567244,105.294832141689,110.568246795261,80.1504136655805,74.1471745254418,74.838624913424,96.1087887627009,97.1994693870061,85.9561215655722,87.9176796855486,91.0571693008616,85.6542331485569,89.9146883899404,87.1158730481146,90.5476670066523,87.340984582934,87.697869069396,92.1711960906993,88.1200559084491,88.5489626381913,91.329600063054,86.6231666040157,87.2360473626185,83.222796224149,85.4236794291515,87.690997902818,88.106548571841,81.227082664247,83.2879691945964,88.2271907289844,87.6329879057778,83.7208659053185,86.7143207600039,88.9038080413668,87.5591206133773,90.3878031538778,67.0509691790183,46.7815025440084,46.7815025440084
6.53905125148899,106.277978906689,102.813797501283,106.433945501639,111.127833076402,80.4237518618963,74.386791986097,74.8985572746746,95.3073916535891,96.4401943823674,85.2357488655913,86.5452472744278,88.6767179517414,82.7143814860504,85.3029140604534,82.2014516641545,84.171000022702,80.6631434940524,81.0672282447945,87.5848646919956,84.3913377097034,84.844819441614,87.4846798864263,83.2637688707086,84.3112500846886,81.0008428951014,85.1118720932429,86.9557943267926,88.1614371776232,82.3459169877217,83.7062995223661,86.4839382815376,85.4413228954358,82.2908320586163,85.3420400736699,87.6887423681339,85.5180430258135,85.9421864712288,63.9083254077497,44.6906630654036,44.6906630654036
6.53905125148899,106.678187196093,103.352348780737,107.070085091883,111.752802700585,80.8487907139009,74.7822497925637,75.2439111850212,96.7463070538352,98.5339417738224,87.0938370386477,88.1920378541351,90.5269256003375,84.8276372579368,89.6661810581195,86.9797056362556,89.5882415080538,86.0195675413963,86.3751432363455,92.0730752304053,87.8568912776558,87.9246195287245,89.2507648722688,84.1630334285298,84.7569813254018,81.1168977944064,85.2998966910049,87.1081876131438,87.4516341441314,80.512208628218,81.8253156071365,85.2753450776264,84.3088110574634,81.0730985809111,86.5176801851645,92.2887715726962,90.7462784689687,92.6051931228589,69.0569699749328,48.4266966508201,48.4266966508201
6.53905125148899,105.877839052577,102.275365910994,106.240929705098,112.762162975967,81.8798270520766,75.7426871409204,76.3800402959283,98.7262588936288,100.333904828915,88.7058585153345,89.6153118756352,91.3474464359126,85.1321668752759,89.5039052856306,86.6812407669803,89.1047222034746,85.4733684573767,85.6948259740846,90.454202790391,86.5513778842936,86.9136421112447,88.9766052115832,84.026104028727,84.6634514720228,80.8250314111275,85.0306702957047,87.0948276624119,88.2904090285515,82.2822830457901,83.6537665695686,87.0721948428494,86.8166946331578,83.5505790287172,88.3922777962963,93.067872280971,91.9137745018937,95.0094107386216,70.6565088718407,49.4099745466542,49.4099745466542
6.53905125148899,106.411386233019,102.993322575186,106.749345237291,111.862634462869,81.0036880262527,74.9260388953244,75.5939909282182,98.091629770783,99.7478649724944,88.1709522820743,90.284584593946,93.8887427801473,88.4709795670544,94.7120922399037,92.2210172598125,96.2299003477348,92.9585484162735,93.2568751212595,99.0853660390914,95.050803712161,95.417502481456,98.8855984580523,94.1147410635165,94.9927288514603,91.3598797628998,95.2283569707039,96.7958855171376,97.8425878790014,90.4955457593508,91.6888514631143,95.6892957251663,95.1656190422514,90.8588294371325,96.6863309103871,102.423219674425,100.47990518547,102.77776324694,76.2390814376038,53.1840965554376,53.1840965554376
6.53905125148899,107.478553590674,104.429363570484,108.652186728996,114.568003598676,82.9996341410181,76.7660954302779,77.4130897563206,100.613520880901,102.475248216269,90.5565770145729,92.2839521914616,95.6539904174105,90.027040920428,93.1201848141456,89.7677425274288,93.7634423531722,90.5956991182602,91.0008882199854,98.3595946932922,94.3031797922628,94.7783137645357,97.8296111416723,92.8494106996983,93.45623992849,88.8738323317917,91.6983820785368,93.7938608084203,96.307940111528,90.8159706331221,92.0436835835627,96.5384611556098,99.1429466382892,95.3097455919597,101.168924852984,107.059511589628,105.876290716519,109.718628818464,81.6985199359181,57.218882421235,57.218882421235
6.53905125148899,106.945015536155,103.711422866977,107.833796292907,113.898150630086,82.5709730962146,76.3818543723247,77.0706364045371,100.4673972085,102.377986465092,90.5149972186367,92.3254060850446,95.1440640868182,89.0750798622901,95.1676792576111,92.6047462269954,95.4893308916198,91.7556926239108,92.2159738573892,99.5385803621189,95.4676559061918,95.8467132037012,99.2990768163237,94.728917439338,95.66756100222,91.8583624463005,96.6755381416688,98.8173560040387,99.2688606506191,91.6057120797326,93.0031377483141,97.257181220797,97.8623640273224,94.0898435158104,102.303090588487,111.142102430425,108.757589146938,110.150811362537,81.8894327589685,57.2449581601411,57.2449581601411
6.53905125148899,106.811603649126,103.531889816689,107.961249320743,115.411210452114,83.8608837036434,77.5708174871399,78.342844722335,102.142579572893,103.873877968763,91.820548539933,93.2624322616728,96.3287647249777,90.6560272387667,95.9037192365066,93.0413371418025,97.3771826075541,94.1690471262239,94.4857411904894,101.180606904929,97.1290735631331,97.985590068583,102.267589188601,97.0141048575995,98.5118856948724,95.6789101350469,102.20796870508,104.020589817167,105.111764928306,97.493653256811,99.6517592467816,104.772374238024,104.0783633991,99.8575055350294,107.207701587386,114.790029886722,112.757311445835,115.342669235893,85.6787003802893,59.8383202069351,59.8383202069351
7.02950496622869,113.732086020587,109.829232778981,113.654615846865,118.931958492287,86.1323132940146,79.6317630841449,80.3281071245356,101.527093743434,101.879690825191,89.9324012444461,91.9438936679794,95.0456031188612,88.7211636039174,94.3720129699191,91.7323091297834,94.5138974639289,90.8726039142875,91.4574935752585,101.037230036059,97.8109865466046,98.4421232539851,102.140683112872,97.4108883189866,98.7161722748469,95.3214700256975,102.018345569189,104.558854557072,106.153336352778,98.9754500102098,101.545244563281,108.502962612432,110.759621594276,106.446213180218,117.49093933968,129.855183074063,127.314194114515,129.457498710034,96.3338999483476,67.4160192548827,67.4160192548827
7.02950496622869,114.932872999405,111.445170138938,116.183654100855,123.976305077712,90.0472709346627,83.282392876604,84.3396024355562,107.262208001275,107.115330226276,94.6459292720957,97.7988262120061,101.639737406017,94.7384294498849,101.414420344455,98.6545378807264,101.66568846784,97.5905855500654,97.9748893119557,107.497909647698,103.187760135939,103.623325667186,108.004939978412,102.95731951443,103.644887295924,99.1979728158246,104.32313610129,107.13331583527,108.174028432277,100.167254974442,102.301332175801,107.456752110532,106.318788671541,101.991108463581,109.907088268085,118.343477003165,118.055581994699,124.757321800813,92.8445077225203,64.9908777974845,64.9908777974845
7.02950496622869,115.599882262577,112.342747642647,116.874811767161,123.147014378137,89.1997771090642,82.5065785895206,83.2941642471652,104.914017966179,105.026398673965,92.8343852501385,95.3899146667865,98.5140651301425,91.8259284783752,99.8121897509297,97.5985947484874,104.056370581837,101.50791529044,102.259436229529,112.982371274229,108.834520920418,109.860526639945,115.482403133617,110.363889916424,112.089226458082,108.866812246152,117.823806670198,120.62459190341,121.33664241715,111.762475548785,113.838303383764,119.283410945191,117.905794211755,112.560154102496,120.97078986513,129.63185611715,127.606051293701,131.497467652526,97.5321173443068,68.0160530308059,68.0160530308059
7.02950496622869,116.133479630523,113.060792081732,118.224866067378,126.524352135159,91.8821542764024,84.9849920407861,85.9081397075503,107.855230947418,107.470756661223,94.9797371947108,97.276215980593,100.728703896716,94.3000277506469,101.668724963713,99.1242641342329,104.279880656633,101.0645415687,101.854842556759,115.371618692777,111.119677473107,111.755422651291,116.511856410595,111.184437206726,112.804514625286,109.436513129554,117.615500378206,120.141202760607,122.978184921883,115.484857800748,118.270882398462,124.971701770761,125.114779553886,120.187052553349,130.11154554042,140.780351550157,138.683166563972,142.557270011322,106.075388339903,74.2270591834017,74.2270591834017
7.02950496622869,115.866710603731,112.701821730797,118.12567963906,127.764064447756,92.9778420176716,86.0050202390319,87.0866060478214,109.795233240439,109.236163053977,96.564474876812,99.0184082660562,102.979142600314,96.8901283555775,103.696950824547,100.921863120008,105.242383236623,101.604345586697,102.043127289064,110.252032260947,105.717401480789,106.522332256992,112.249075328738,107.481422392106,108.922980537492,105.430751627649,112.512904207591,115.932080331567,117.632992147104,109.859760847423,112.772305777234,119.773424993124,121.426075995943,117.509881968823,128.377724664901,140.327222683015,139.459305547036,145.651533798004,108.512605443758,76.0086293091917,76.0086293091917
7.02950496622869,116.80045694984,113.95831371758,119.181626946121,127.038364005383,92.1512266786523,85.235013180074,86.0559237350368,107.510650418272,107.166585151856,94.7208667965218,96.8201418756853,100.501441054754,94.6301301379426,100.592482675368,97.7740850859192,102.732208654068,99.5904832819776,100.309299649446,110.391855928487,106.276407370791,107.212639227256,112.575495034976,107.68364963267,109.739064568312,107.158595670394,115.400471625636,118.870199763275,120.677276250022,112.476770198529,113.983887613901,117.408579690868,115.09747026886,110.486740741111,118.754796382603,127.428109663895,125.981872819676,130.607454012765,97.1502682492933,67.9631760236286,67.9631760236286
7.02950496622869,115.333158861654,111.983857088583,116.997229593812,125.517343795353,91.2369662839713,84.4041071042348,85.4914092803769,108.223663254502,107.847430828141,95.3711095391522,98.4479184215807,103.198594153184,97.5565316883836,104.483633288421,101.730062132136,106.877354061767,103.513858524833,104.04634347697,112.663666864441,107.808618129241,108.597713821793,114.647130337372,109.858734181434,110.897168257059,106.692551088969,113.830466381165,117.043747029967,118.658223128484,110.446150447048,112.145574509478,118.578916426625,122.372241758331,117.807648980668,127.583757791304,138.176925951515,135.087392730032,136.252792795204,101.479926761405,71.0780774235817,71.0780774235817
7.02950496622869,115.466502314796,112.163270452162,117.002383383729,124.666494592091,90.496026707648,83.7087621941745,84.6355591929847,106.598571095291,106.357802681718,94.0214304844153,96.5941575916252,100.747992486266,95.0008468411051,102.368563539985,99.8580829948977,104.76995629711,101.484024875815,102.074327236021,110.826184666833,106.577629223986,107.486928011901,113.916754432646,109.767117831199,111.212707217797,107.331644000005,114.517490984196,117.964735027185,120.080607811015,112.239290142679,113.796468576889,118.693954550841,119.859975968073,115.297430866588,125.862886081244,137.392560536055,135.094287607453,138.257285464083,102.848133720732,71.9457696587226,71.9457696587226
7.02950496622869,115.199719598262,111.8042761587,116.238841580441,122.529938292929,88.7825214380285,82.1272126769423,82.9874546596721,104.628094082979,104.593342000236,92.4746320849565,95.4073591525481,99.5785837614189,93.6958454512338,101.641773915817,99.3362363849045,103.481113184316,99.9140198069256,100.847005773434,114.451826083558,110.417052529347,111.258099424398,117.764608133934,113.436918113551,116.570893208476,115.549609189541,121.237409069558,125.639247244388,127.001270136746,117.885646500602,120.526951074116,127.632747935273,128.780363653226,123.347900147307,134.603867198916,146.752316192544,145.989261117324,153.739353018336,114.187406814642,79.7611395396334,79.7611395396334
7.02950496622869,113.865774087424,110.009248850963,114.236779774584,121.058572426982,87.8765952374673,81.2949374849106,82.244432837092,104.193615298457,104.145911468979,92.0962574359237,94.9449936816034,98.7780439687097,92.6884974140181,97.9490781737281,95.031301912751,101.501626066534,99.0416644929024,99.7338052011483,111.771596396124,108.062006379343,108.857043940211,114.854694908714,110.463264323785,113.321984379299,112.116475929809,121.297127497948,123.97860470544,127.746844222198,120.706113972105,122.943323361699,128.530140543608,128.565802135017,123.747877720237,135.650204547757,148.860738732708,144.536108558483,143.533212987652,106.845111605485,74.7806196972475,74.7806196972475
7.02950496622869,116.666994873903,113.778692889943,119.57461544346,129.888145268364,94.5511823872725,87.4358909536842,88.7085460782086,112.230109923732,111.289173510883,98.2894530807171,101.690520276485,106.342800676258,99.5339159715895,105.665104093687,102.524469117439,107.070256448802,103.386487541732,103.62848361115,113.29585799381,109.133394384167,109.779588613171,118.100673360787,114.977547796349,116.702213557387,113.610095912706,122.264147669793,124.238775649408,127.090676450189,119.284588559541,122.460370251283,130.176350395803,131.019404097462,126.167001128851,141.125529771836,158.115593261601,158.871529687137,170.365871003874,126.751690311727,88.6854098010982,88.6854098010982
7.02950496622869,116.00012248998,112.88135477972,117.909652668917,125.803300921421,91.3158234098161,84.4745228194725,85.4916835102636,107.768970005402,107.363051483758,94.9388759064419,98.1262403935303,102.694878595775,96.8589123370473,104.1029219704,101.519356488086,108.733523352326,106.281028993724,107.357408163598,121.497190824666,117.083124490162,117.639749719742,124.162420320318,120.214499490497,122.416795944293,119.437141114398,127.587350519444,132.268773421598,134.74075733099,125.555928791705,128.151559733516,135.859228027747,137.076314101596,131.000786974406,144.490237665973,159.695256825901,157.89679292783,163.862249734122,121.892534113247,85.2819696828127,85.2819696828127
7.09715375446865,115.597714313808,111.923955197781,116.227664001247,122.60322556706,88.8862457874722,82.2252740610775,83.1554733564003,105.014186978826,104.877315218802,92.7348729672659,95.9097484951084,100.464085283366,94.7675562844057,101.749270456767,99.1804860421326,105.867343758422,103.310330221249,104.220641578696,118.077631372911,114.207826927612,115.69219563251,124.298199415353,119.786198997745,122.457551555339,120.143304475626,126.191680368117,130.454649354651,133.364974045274,125.24769117699,128.0501759184,135.982565867605,139.189701788268,134.020515566659,149.664634005992,167.389105296378,165.077317473477,170.047307239076,126.512952867282,88.5195361290212,88.5195361290212
7.09715375446865,114.797339757647,110.846926133928,114.999827818205,121.582673765935,88.2276640744081,81.6161580309618,82.6665021393015,105.103778461694,104.956047666472,92.8004946895229,96.4097734207728,101.574467193803,96.010795033878,103.673914246625,101.169630659205,109.492828581535,107.423042618846,108.090437106919,120.10727938201,115.859053061016,116.585894786717,124.655041034946,121.108476598838,124.042875324737,122.700992459447,133.280738138311,137.165619421269,139.988349069438,130.975773648409,135.260465896888,146.336488335575,149.746256182056,144.00034502366,158.345759907571,174.232091273308,172.180307636446,184.042556057391,131.123151931067,91.785773126261,91.785773126261
7.09715375446865,115.597674214419,111.923885066387,117.378976326727,128.437341705192,93.7376178983593,86.696777660599,88.1148825014378,112.331714130137,111.416896886015,98.4482802403621,101.820163074991,107.024833248095,100.934938440041,106.98878624709,103.777570421592,109.100318308449,105.650315351998,106.251782279045,118.531226773871,113.772616704783,114.69711395562,120.303527022489,114.515423689079,117.647257322612,117.162934818553,129.696713226464,133.305158145748,135.383361342382,126.527854283533,130.469207536639,139.265569608126,140.353240266334,135.416901120336,146.981288635929,159.61106561853,159.13421990603,167.500974290211,124.835632559024,87.4942515680445,87.4942515680445
7.09715375446865,116.664850696905,113.359942020459,117.997529576855,124.631436045283,90.3185028518446,83.5415735572229,84.3464718406219,105.961617689433,105.919685719523,93.6292606184367,96.0885939460818,99.9762151302897,94.1628215328222,100.932537827658,98.381809979788,104.935749903543,102.447870512791,103.394102128317,115.994056886898,112.355675995118,113.75887072,122.253871057517,118.417292145849,122.332183955948,122.449309865685,132.966780040893,137.406519693543,141.148899940765,132.858350111113,135.705660971871,144.692809845876,149.115875393387,143.155465745667,157.631954523952,173.567674676424,171.607552025214,183.052831384695,131.123179164811,91.7861117211222,91.7861117211222
7.09715375446865,114.530588979301,110.487987698415,114.36926550885,120.127249621882,87.0818013796127,80.5670296625027,81.5038014590534,103.74523445755,103.974557198022,91.9727191281572,95.3224666049584,99.6635437287816,93.7595474343605,102.713846754921,100.652883075888,108.944305009531,106.901414200634,107.940460577872,123.088376303214,118.623567325105,119.81436124657,136.402078625233,122.066666443555,124.127056543428,121.053167299339,132.610243617973,136.671245570072,140.867666666192,132.874278501998,136.102313206905,145.978572636267,150.38230755575,144.194256445391,157.040061104587,171.251344399639,170.850840189427,298.407529249646,131.123188405797,91.7862318840579,91.7862318840579
7.09715375446865,114.663909620523,110.667361165332,114.728630357001,121.068909827891,87.8310174354414,81.2421075370684,82.3567562481676,105.463625405258,105.471323733517,93.2301259851637,97.3494823065535,102.165471417675,95.6360394845793,99.8400328567213,96.5129997000684,101.017026591223,97.6928978886272,98.3062144079986,108.687773430162,104.499924939465,105.122849542474,111.932248363587,108.608471027328,111.91860644341,111.737929750519,121.867318562991,126.067404748569,129.890033538576,123.701371358023,127.824034161539,137.387816148043,142.652192130863,138.84266374872,155.476085388163,174.11760292361,173.896403365785,478.637340321492,131.123188405797,91.7862318840579,91.7862318840579
7.09715375446865,114.797307819057,110.846870275276,114.955422262208,121.35195215733,88.0348237993809,81.431188099702,82.4260410600239,102.371248624954,101.157169705458,89.4192406907783,92.7631213434331,98.1656172980609,93.2809422902337,101.218829878038,98.9219188736463,103.869702790131,100.677433972341,101.5965183256,113.516318186822,109.211160814637,110.583706174764,117.679265692081,112.823923065412,115.550303649168,113.936466265225,121.323263971046,124.609759671859,127.702831202503,119.629043741646,122.824326279785,133.265305260842,138.946461224726,133.323994321322,143.773448784909,155.134567963154,152.718314450026,158.598396474059,125.180877986174,91.7862318840579,91.7862318840579
7.09715375446865,115.597674213327,111.923885064477,116.537523898159,124.166850419795,90.1853659939272,83.4143722109913,84.4570131606191,104.635019293131,103.1779803522,91.182324651529,94.257469130459,98.8785521202861,93.2024517956877,99.5482400922637,96.8232853607758,101.515345782111,98.2572421301736,98.9124505369939,109.620548063289,105.352295154523,106.375147428088,112.98516255972,108.613119969309,111.457544366929,110.333467375957,119.384429001818,123.500162216273,126.638902341315,119.271844477419,122.350869508989,130.60418782537,133.92555650722,129.1325247573,145.114816944558,163.481554996793,164.609286338846,198.606830981034,131.123188405797,91.7862318840571,91.7862318840571
7.09715375446865,117.065031612754,113.89844542523,118.943576318506,126.82221669396,92.0448173708235,85.1305809963528,86.1537757943036,106.239990681374,104.613559684141,92.4395625707679,95.6066547551514,100.020456650985,93.9278843426982,99.2011349903336,96.1987483251406,101.075998589185,97.9344926881356,98.6109672060011,109.636990916445,105.467895594657,106.773715002653,115.087425141791,111.186570429075,113.475996916696,111.34184597722,121.257382510034,125.721843166191,128.222789214402,120.035036003217,123.752278156827,133.368642284204,136.498612596801,131.141112026847,149.487041981459,170.794067227287,168.231551102317,172.951964025845,128.641533675408,89.9895763195158,89.9895763195158
7.09715375446865,116.798294523025,113.539530930276,118.534499682814,126.493102337493,91.8362203972274,84.9503513848374,85.8954575499287,105.035165691417,103.229362927793,91.2611652348784,93.8417104669462,97.8180193506918,92.106763280077,99.2772942685695,96.8400572225716,101.146467485114,97.7718897412884,98.5437252151347,110.126199195356,106.133193177835,107.160136449402,113.524867115178,109.001504240478,111.899401572116,111.057865849547,121.891703693945,125.606660061407,128.461780305926,120.44823003723,124.88862178966,135.455253096605,137.756794597474,132.570587928696,148.79689171915,167.514052832056,166.125035958154,173.024131165051,128.845701127206,90.2190196474662,90.2190196474662
7.09715375446865,113.596838073119,109.231487736339,113.269014300779,120.629567808174,87.7228375111781,81.1674122644858,82.3833020573521,102.819579128435,101.295265442382,89.6300188701085,93.5851051371287,99.0628118875628,94.0075040311022,101.856140910438,99.5257433179619,105.655842920271,102.807142078978,103.335552186889,112.327584276103,107.989928595716,109.550846194365,118.400624688116,113.788998717056,116.276812872383,114.667715518907,124.622728334397,129.267425346733,131.903360180314,123.426806010264,125.682452941199,132.360588697271,133.851110670459,128.666820426627,142.596827472543,158.20681753687,157.470535787878,165.615245844139,123.161160209133,86.1311761286057,86.1311761286057
7.09715375446865,113.463334936225,109.051795095585,113.218980643873,121.226016609051,88.2475743208865,81.6292829331699,82.762223656968,102.808426779039,101.219475444771,89.4779680125113,92.3805464026999,97.9865338804549,93.7086436055922,99.2305857164396,96.3164013116309,101.752157840223,98.8327634980066,99.4849437761396,110.637573137722,106.813772497348,108.290490540566,116.382973378398,111.994397276187,115.521851047059,115.503232097804,126.033501077645,130.726412306248,134.17751619479,126.434394487293,130.838097515925,141.370644038238,144.201447979073,138.656298641102,154.898255451692,173.314241784935,172.940403289415,242.960172704192,131.123188405786,91.7862318838064,91.7862318838064
6.62759157727364,107.405297957758,103.786561422188,107.51198566376,112.856656787287,81.7795486421177,75.6858835260067,76.3793492543908,93.3367217621796,92.2332559262955,81.6686515301897,83.8096864238399,88.2419513157332,84.6311177516947,92.5887327948658,90.7694198440495,96.5898540248671,94.202562422799,95.205999014687,107.237112771938,103.780682304356,105.580416759107,115.646883248909,112.620287976197,115.586590780135,114.326498304669,125.517485207084,129.553287127583,133.202028794207,125.502115670874,129.592512597311,140.00616163054,143.394458664046,137.928265664212,153.532355911459,171.249383718852,171.10403480114,375.912422975027,131.123188405797,91.7862318840579,91.7862318840579
6.62759157727364,107.938658099722,104.504190967451,108.949733096658,116.645047053651,84.7979360682114,78.4317395491361,79.5606297286372,98.639316407706,96.8823953322499,85.6178582691961,89.1389808633207,94.1098567077981,88.7873782128913,95.9090019279129,93.5344896812048,97.3138274854963,93.8132342158514,94.3593537665592,105.164400044958,100.962041804352,101.565995478746,108.178554086533,104.613678550685,106.544771157172,104.40028502919,114.326790059923,116.990290383803,121.623959099012,115.987405942815,120.070886953014,129.655768215129,132.532192071526,128.212579875749,141.852325049736,157.555689553331,157.635368864001,272.991359783441,131.123188405797,91.7862318840579,91.7862318840579
6.62759157727364,106.738133594502,102.888712657861,106.111660604447,110.069482119552,79.6157549621621,73.6572072070018,74.3686336346675,91.4273511791495,90.445352209327,80.0042566676814,82.8971896249094,87.8927391601294,84.0615606466239,89.4265242902359,87.0116199353259,94.7556300645171,93.307914681234,94.4776401177542,108.791757370495,105.188500335409,106.828604009165,115.66470387287,111.831528632616,114.4774125969,112.609862941962,120.502693148723,123.888441203066,127.227269564635,119.523251197678,121.951098394706,129.899751723431,133.122825039853,127.147644503127,141.423668726336,157.540050936166,157.736337923041,168.460321939845,125.212093818157,87.5614098327115,87.5614098327115
6.62759157727364,106.738092533389,102.88864084447,106.421516934674,111.632006559852,80.9137814092454,74.8439214730784,75.5467953795364,94.6180028262807,94.490700045332,83.5231027524105,85.518679938054,89.1135791001924,84.1059551742442,92.8579907718347,91.1096751413343,97.1332544615892,94.6608589945299,95.2069203767961,105.922373736607,101.998080653576,102.633076189567,107.90416690955,103.419300555871,105.407290487707,103.197865011912,111.041181730712,114.755006115495,117.851427712768,111.052323354601,115.037102271234,124.347413486528,126.735212734049,122.718533736075,142.557265964327,166.400294584874,167.984906193087,294.209903937569,131.123188405797,91.7862318840578,91.7862318840578
6.62759157727364,107.004879809218,103.247643111861,106.875066878404,112.196464296935,81.3197895042689,75.2187587542402,75.8525591042688,94.5913004640724,94.465574761936,83.5001620067535,85.0499916129689,89.0316020563936,84.8545544016719,89.5925487730654,86.8930258385614,91.6492836679192,88.9581468951913,89.6780009763046,101.111361297421,97.5679897004638,98.6739322418096,106.016732497138,102.523163654565,104.850081838867,103.274660633167,113.991323367165,117.447216558239,121.679784929104,115.783514208314,119.247321689668,128.18153749707,132.048581575231,127.126681540081,143.224454858704,161.453841006723,162.853444292638,272.264226022405,131.123188405797,91.7862318840579,91.7862318840579
6.62759157727364,107.004888934048,103.247659070635,107.052248637259,113.09727204416,82.0693660637816,75.913399488927,76.8397466539669,96.98876530112,96.6274650671361,85.4148297267066,88.4218988223947,93.6478776419487,89.1974853627909,94.15434727892,91.28765596747,95.8625087326979,92.8152656154025,93.2696112724833,102.26160018545,98.1910973043102,98.9456497497619,105.931712503212,102.423150153813,104.498781924702,102.64487054933,109.324214855734,112.96996226439,115.881268619819,109.041357325313,112.395381658476,119.937694459321,120.208873620333,115.92154129403,131.583221286898,149.933728893489,149.844189669185,158.504615448904,118.167271140348,82.858681780447,82.858681780447
6.62759157727364,105.804346186813,101.632148856869,104.568404171095,108.314984672576,78.3780977936213,72.5108526337286,73.1183530727325,91.7252013572462,91.9228901447504,81.3027445646617,83.3968312924846,88.1203903134691,84.598099453774,89.4662187890697,86.881646791252,92.1301475111485,89.6909246313829,90.5601493540103,101.727243590683,98.228446203757,99.531482644193,107.1051490048,103.550858800526,105.597940184914,103.024695636067,109.079938468603,112.839839827864,116.052941625224,109.372965735899,112.0920173165,120.495432197852,125.008649085138,120.009057006662,130.065993781376,140.926133945476,141.122006586594,150.363348318283,111.904556669671,78.3356637631805,78.3356637631805
6.62759157727364,106.73806059539,102.888584986852,106.244250471737,110.726873435499,80.1599364072567,74.1404072045231,74.8223560118089,93.7955596048356,93.733423626563,82.8325540707139,85.1254219572301,88.5768055456593,83.137449404566,88.4371649133296,85.9236756101603,89.8347682132829,86.8477176035886,87.3960169965332,98.6963202384977,95.7062414339203,96.6840314415878,102.926308565237,99.0211438719338,99.9319834311657,95.8160184172629,103.704021139562,106.926848794721,110.1247828868,104.090214077553,107.582884793149,117.516126078703,123.52050662992,119.124791870475,135.139127597581,153.900808712688,154.128315821336,163.760715146178,122.088826596981,85.6028849367855,85.6028849367855
6.62759157727364,107.004879808125,103.247643109951,106.697918995499,111.296839680321,80.5713758391205,74.5264717309432,75.5378635386288,96.097852196316,95.8221598363303,84.6993530436947,89.1530263038251,97.1788860538553,94.2327400505335,98.8880262895289,95.7243391397282,99.1898299885213,95.4589332165808,96.1797823522866,108.183016553643,103.590516064729,103.903850999955,107.836158656234,102.438878664455,103.543687674486,100.466523900656,108.155097049962,109.633588593125,112.954787191317,106.536072155816,109.923252692694,119.76687218372,124.283715049533,119.459813643796,131.81581291203,145.716910499008,146.919230367523,158.622867443785,118.075734360899,82.6477689029458,82.6477689029458
6.62759157727364,107.138282572664,103.427160205558,107.234736642011,113.153619654375,82.0842961083328,75.9256148744924,76.868147926022,96.4423790765912,95.7433176985628,84.6266732615438,87.8438914779342,93.3227627847618,88.9592923850291,92.5227492167058,89.350107996794,92.8423057474507,89.5448642927424,90.1380345033801,100.173427597861,96.8691324038134,98.1403969937275,104.296487863021,99.9866362773526,102.243872890952,100.094109028311,106.971796787462,110.577114855169,114.855147946676,109.381466707623,111.494824418854,117.966829282538,121.509474557965,117.029514408661,131.768330302224,148.531915409546,148.788943624341,158.660852720726,117.93982505636,82.4359715005267,82.4359715005267
6.62759157727364,107.138287135392,103.427168185491,107.323327522606,113.605078681695,82.4601346512293,76.2752416974859,77.1846624528274,96.5986217262271,95.8902064076285,84.7650170484623,87.5530181408408,91.5037171678518,86.0537761407997,92.1970535329181,89.7755184180671,94.1242421774026,91.1223890773237,91.8937077340577,103.464389204266,99.6503390978176,100.561788338668,107.403668985533,103.878600357727,105.812904899063,103.426559631383,113.296233169616,117.270094446495,121.286233884141,114.619968194137,117.479488307109,125.5078547228,127.657397274846,122.374725251763,137.727369631228,155.353647239543,155.340781926424,165.106703841958,122.751858431967,85.8164722674335,85.8164722674335
6.62759157727364,106.604712581082,102.70916364607,106.106218837336,110.905278986522,80.3418373765157,74.321625575808,75.1316213014883,94.0640544709011,93.6253636232842,82.7863425490464,85.7329192540227,91.2079720587648,87.4212326647086,95.4264752537062,93.4223917244588,97.7316338504245,94.5345358169082,95.2814472932617,106.231640820804,102.274878051711,103.134741297323,109.289252391103,104.9863788229,106.381856652358,103.121599647357,110.581277115091,112.517285943239,116.103358752094,109.64396077719,112.386297303389,118.778008962157,118.206033421408,113.81405211638,125.250570021242,138.216152654725,137.309253668481,143.387313132823,106.933555657299,75.013928095566,75.013928095566
6.21473500198566,100.238793369688,96.6810091977068,100.420728352951,106.926929549026,77.7141019229141,71.923779054355,72.873692187934,92.6712448116044,92.5775106285048,81.9617733319432,84.8563805130036,90.5112375974679,87.2603070447891,93.7456792773622,91.3615988684473,95.4189534338779,92.1757267624951,93.0504926355943,104.014340872903,99.3499841983712,100.222425303832,106.430216910223,102.403305418458,103.916382851936,100.827914473212,109.659016955828,113.586894391903,117.212379452681,111.010768347145,114.080794295977,121.708838743678,123.839299854497,119.302529975086,131.588175010377,145.264476202169,147.869364109469,162.826192106185,121.139671887691,84.737478790386,84.737478790386
6.21473500198566,100.638750213543,97.2191207141817,101.410230097584,109.310894199092,79.5963070445461,73.6222082358355,74.7179857222987,95.240121978596,94.7783275220072,83.7663611978991,86.7466405169654,91.0214656502059,85.7122469481303,93.9520471785707,92.0127316146449,94.7990194997682,91.0416215719791,91.6734407182909,101.875300832508,97.8491442445092,99.1024067966178,106.088043571164,101.86581426394,103.869486225317,101.481530264415,107.788959843583,112.295606401046,115.792618541591,109.451810224954,111.631940665441,118.252064661471,121.159975082468,116.636058188853,127.62127394092,139.707477673234,140.56099799407,151.108910135366,112.476939732714,78.7402761709432,78.7402761709432
6.21473500198566,99.3048275069616,95.4241332897032,98.7882353867783,104.699523032887,76.0795367621528,70.385322756581,71.4051275415758,91.5547905847153,91.5069002170798,80.9367755771641,84.3737458372518,89.4229172765758,84.9991954921882,91.8174716554349,89.6613732271199,93.564096236224,90.4162976109124,91.0684485584979,101.269159940536,97.9132200090636,99.1588088221073,106.304980009285,102.273798854687,104.204631620448,101.863547894282,109.595967102448,112.390133633717,115.182623497444,108.316547237183,111.452181128626,119.924740857917,123.249091812108,118.517635286133,133.013205391824,149.632170379702,150.195657221783,160.732664958984,119.622313151717,83.7264369539562,83.7264369539562
6.21473500198566,99.9717500763591,96.3215591712706,100.143375709351,107.221674231881,78.0166866126542,72.1593753421962,73.1683169018179,92.3220851599795,91.5829515604176,80.936069473505,83.6832025420042,88.0473285320377,83.2583814938614,89.2111568683774,86.8539991156298,90.9700363320054,88.0381993082257,88.4385273956652,96.6479644158911,93.4245488177942,94.5445432532272,99.8749145709653,95.3228728738648,97.501593986105,95.8558720381189,104.177342302484,107.756946163827,110.842810414734,104.631841197005,107.807718487995,116.183243635324,119.870415928333,115.754332951714,131.34569607725,149.624077764735,149.612639991069,158.321748491416,118.028846553979,82.7315739200788,82.7315739200788
6.21473500198566,99.5715919710257,95.7830956607051,98.9316918436505,103.684723108584,75.1709660207905,69.5384962091728,70.3141333713329,88.3386913883746,88.0302220714244,77.8413140080267,80.4565204499323,85.4885730097648,81.9876777265285,89.4776997733891,87.615043113502,92.4640916062092,89.8102691935334,90.8182443217637,104.192235391827,100.519478001682,101.2338535756,106.064723834927,101.509768105977,102.442653241217,98.3815733421125,106.074256005654,110.062013784921,113.227427654738,106.457984982985,108.987798200148,116.639271913463,119.05431981095,113.874531013907,127.846452315671,144.029531156383,143.788294738207,152.274908212987,113.376728728423,79.4171931430793,79.4171931430793
6.21473500198566,100.238546477642,96.6805773985267,99.7112201411711,103.290724205063,74.6833143523911,69.0784802972185,69.7456922384615,87.250862920905,87.0251348595989,76.9194041409102,79.694161561292,84.9220658729139,81.3889604710676,87.6086505061766,85.4337880863751,91.1166831178561,88.8808305526704,89.4188362826395,97.0044243234713,93.0876745078594,94.1471968637258,99.9820427575895,95.8105378071625,97.3989148305243,94.6850550410488,101.290949096934,104.383066433351,108.336394142412,103.160502606945,106.260081647736,114.228615325443,117.739980734471,113.997262793915,128.668593775313,145.621594495397,146.16585209129,155.92726862318,116.149032662793,81.3323554968767,81.3323554968767
6.21473500198566,99.8383883734009,96.1421138898717,99.5181365828682,104.92117380016,76.1355567316532,70.4263585331968,71.216434286791,91.4003356877924,92.0101151783404,81.3374746280659,83.6802187257111,88.3802628886202,84.3413749650971,91.6782946237897,89.5731019754582,95.2427436316103,92.6866196461007,93.1377824571761,102.112360969264,97.830656605738,98.5238246449431,104.304369558023,100.113901227062,101.740545893855,99.1360838834227,106.069868926008,109.794616337393,112.996549232881,106.435175291851,108.218874966427,114.617638118021,117.684158835749,112.814418000561,122.063438186569,131.944024603479,131.864441150945,140.046513463603,104.130725032376,72.8200620497386,72.8200620497386
6.21473500198566,100.105161964168,96.5010922229228,99.6616269267201,103.910277497063,75.2308567624637,69.587832363357,70.2739534198604,89.3032114288155,89.7312151425036,79.321712997951,81.7800204863108,87.2235863830102,84.048348378922,90.9696991962664,88.8505974153258,94.874866554134,92.602777261402,93.0802535181203,100.244132738375,96.3601326371559,97.427680546083,102.80088592567,98.0792676130026,99.6116646743468,96.8231168197119,105.090243552205,109.070286004151,113.346924761475,107.843612113429,111.56352898029,122.186115105574,128.287001104145,123.61870408506,138.484481766534,155.509663325492,156.001775598226,166.548626075549,123.970077897485,86.7553051962761,86.7553051962761
6.21473500198566,99.8383838112978,96.1421059110307,99.4295457046038,104.471374107768,75.7613698325623,70.0803588419363,71.0421586528818,91.7271446736172,92.111432909175,81.4291050085787,85.1180393868387,91.8988692743102,88.7073705367641,95.7037013013628,93.342553667435,97.6486182444901,94.3833961919464,95.1232182832079,107.335970417954,103.040917960056,103.981718883844,109.676502025522,104.486840463954,105.626528959129,102.023851332012,109.626971226438,112.471842426157,116.142171934199,109.814349991426,113.307478414899,122.144284726453,124.084400239895,118.826417765501,132.605580157796,148.228000402429,149.671108430434,162.531869453505,120.875225619587,84.5733283787443,84.5733283787443
6.21473500198566,100.505342879861,97.0395956274205,100.917682455789,107.676900599307,78.2683876245051,72.3916196185158,73.3658744785192,95.096507440957,95.7057597880698,84.5777117578334,87.4300066071877,92.8862201700608,88.7724736465005,95.0615265336186,92.5104217924444,95.8924746963508,92.3296206313045,92.9647106752198,104.432799775987,100.612931072202,101.541242742039,107.502590525934,103.110676776643,104.00597963218,99.5679641466523,106.608305638173,110.04880033908,113.798257544962,107.920839093276,109.904596446476,115.318708928885,116.605418813985,112.313192961751,127.820873857532,145.878548852248,147.222969701744,159.235659482589,118.561685447356,83.0259789748171,83.0259789748171
6.21473500198566,99.5716102213107,95.7831275793442,99.3303423333863,105.71064177591,76.8566223687461,71.0995313662321,72.1680113650944,94.347697729944,95.0711333258687,84.0687685388166,87.5795765655988,93.6840768546038,89.8878060628752,95.3317526069873,92.5901806445601,97.1784722231045,94.1079503067764,94.6648883510149,103.727207633017,99.7336695023771,100.333248513278,104.591020300925,99.7403431169675,100.72906459862,97.015008226669,105.944345400334,108.765922005717,112.617647039681,106.815277653612,109.467998050798,116.488070947743,118.500249296581,114.252949217946,124.515411125063,135.844575868998,136.560071207654,146.276391162258,108.967643506799,76.3171598446351,76.3171598446351
6.21473500198566,100.238546478266,96.6805773996184,100.464098628588,107.112909527764,77.8628587886424,72.0180349567047,73.1648741506353,94.4178073825901,94.3235079078865,83.3635005166356,87.3498398644238,94.3554554449058,90.8927968324141,96.3258854464943,93.5142566377914,100.963882864145,98.9814622197675,99.6977340902203,110.257304066818,105.875202723193,106.888426235933,112.611589703663,107.542808919699,108.672119428822,104.749928905989,114.469998309238,118.085314165949,121.981450768052,115.060599478783,118.151689000638,126.054520326348,126.396520532639,120.838117420217,133.096252349685,146.68406642864,147.737326800721,159.688737270097,118.631963653612,82.8814743235554,82.8814743235554
6.45846960667373,102.608172221303,98.3708464926667,101.828160970985,108.399301502021,78.8622914506629,72.9341084682898,74.0930739849121,95.7370191993576,95.6854720411755,84.5437419459256,88.2691947252972,94.2347548629312,89.8395722821153,98.6311106690885,96.662133589762,102.719607476166,100.017247630097,100.612891873245,110.553035753966,106.316706066916,107.351163351583,114.193991584238,109.788484259432,111.540326241481,108.792717315436,121.377885622207,125.345143562797,128.663365241136,121.022982966396,123.341899721652,129.460100447606,129.738509266098,124.765497759515,135.294929291165,146.447544012305,144.054614008353,147.718273234382,109.724625973513,76.6219408612212,76.6219408612212
6.45846960667373,104.475767952717,100.884010675524,104.649029679153,110.557405582151,80.2135043155546,74.18468680369,75.2925405016571,97.0161217655141,97.0309758202243,85.7311823008342,90.0071318227845,97.5057739388958,93.996939838927,99.6078349795286,96.6889346221032,103.226509975103,100.704256981909,101.517826851689,113.495129833039,108.850050041364,109.522197155041,114.466657195825,109.289987074711,110.507389902138,106.39542346164,111.654172392945,114.70036472776,117.092000002675,109.731253800577,112.223537838346,118.694116622068,119.726561555316,115.140734547366,126.306219941897,139.069681056917,140.391878150145,151.634342809896,113.244307317707,79.5878828959812,79.5878828959812
6.45846960667373,104.47583182943,100.884122392012,104.914988668254,111.917257691714,81.3463884432378,75.2442562540967,76.3934855258387,98.9658510728231,99.2055881341907,87.691936292237,91.5882093432135,98.3433447532125,94.3950636720968,103.811396224381,101.767189194856,107.999748335941,105.068596709112,105.734073522603,115.211147489187,110.001151029468,111.163515027954,117.70881803976,112.404484833145,114.333085531502,111.497248383829,119.059344690027,122.532339077389,125.147322238234,117.099345526394,119.443034637509,125.269734665732,124.567238935138,119.776546645979,133.914661814726,149.857243481234,150.513913653343,161.441037780942,119.932389965545,83.7538339772199,83.7538339772199
6.45846960667373,104.342438192998,100.70462126091,104.333917944215,109.838426930066,79.6491921306423,73.6780503193903,74.6064419968723,95.4578850721234,95.6707816524449,84.5843481060118,87.959082430508,94.5952226811745,91.3898087664223,97.3656445530807,94.7101128041609,99.3677782853514,96.2796144555,96.98208239268,105.802089756189,101.70529183017,103.570223021256,111.094717913455,106.004569437126,107.149943553875,102.821257973272,111.067961760525,116.107050157069,120.181520145966,114.393478070096,117.54802108506,125.527909338237,129.122358719329,124.776758402603,137.459749297929,151.560023061025,151.917516366324,161.843369923405,120.51522605411,84.3850819424594,84.3850819424594
6.45846960667373,103.942252714734,100.166109876752,103.742150020218,109.440722169004,79.4135675873956,73.4602389020533,74.5946513025333,97.7491077158368,98.5094671689986,87.0915563308079,91.5756516690211,100.002875833342,97.2984921621559,105.297465623975,102.793570442584,106.582666320346,102.60964858671,103.259409381135,114.021984244689,109.095960235697,110.250398941204,116.75786609568,111.053854241263,112.091425331079,108.02319452684,114.604779692624,117.245170146392,120.794032505972,113.871232868832,115.762397986605,121.510715812346,122.118178785064,117.200268321722,126.91915333291,137.460549913105,135.836838087802,140.561768533669,104.659534610989,73.3048188977984,73.3048188977984
6.45846960667373,104.74260085903,101.24309274786,105.368470864702,112.4770964923,81.7478285121632,75.6094619671409,76.5833325378313,97.6575328349578,97.6221339560925,86.270018447293,89.0080614361662,95.2942210787574,91.9872236918369,99.7788603396944,97.4686858198473,104.633915400544,102.364961043981,103.214603109223,115.074254448322,110.777958632488,112.092101808791,119.052038253995,114.391948968112,115.743938221168,111.199803131869,119.925453280121,124.623275629418,127.973061676867,120.161073441754,122.365720989009,129.418822037868,131.602696853553,125.950866167117,136.139293505222,147.030415451356,147.266849188685,157.197109061449,116.850487090455,81.6813894339591,81.6813894339591
6.45846960667373,102.875117292425,98.7301247344328,101.972288011889,107.415721961245,77.9845043621306,72.1509352301943,73.2071978089789,93.6873683763007,93.5293168892549,82.7365104547796,86.6415207407978,92.5267319513215,88.3960544451268,96.049141070856,93.9420160565016,98.7033134976687,95.6729898904005,96.2901720734099,104.480636958407,100.45998061666,101.322066587649,106.285981522283,101.61833437658,103.090561781369,99.8595753089552,108.902066095969,113.904129509333,118.429634177639,113.190666075212,116.039957081633,123.838178818614,128.593352502734,124.887120541858,138.773081550585,154.626267825575,155.203602615289,165.238306085808,123.253852300617,86.420708415779,86.420708415779
6.45846960667373,103.675415251246,99.8070198341955,103.199839792962,108.418417401242,78.6254363265329,72.7229738511421,73.6635895781049,95.2321302858358,95.8323988339538,84.6965595737567,88.123932447504,94.7804858730823,91.3884143749513,98.1930620614989,95.6756603610366,100.454492689162,97.2815989330035,97.7238847576392,105.922106619507,101.653889303523,102.899504561773,109.274969997456,104.156618236222,105.360446089506,101.674684029264,108.523204211344,111.660248669044,115.469901108678,109.384063443297,112.38063744965,120.07146503253,121.914376295441,117.211530419704,128.823002193329,141.762066493013,142.758590875957,153.802322231123,114.522329954816,80.2190491488452,80.2190491488452
6.45846960667373,104.209017178018,100.52507224639,104.062754353042,109.325389254293,79.2532536376108,73.3053548991262,74.1611517459359,94.9922812786732,95.426645364427,84.3432896309486,87.3333602100411,92.6342904851982,88.3417116325278,94.2932649958771,91.7262443045267,97.0509058467745,94.3443252779886,95.0854959779421,105.523480189281,101.44837739232,103.086502362766,111.264902718281,107.027507417445,108.107918978424,103.470386526304,108.751781687901,112.939957099461,116.80599713251,110.617148967059,114.430018536258,123.887694327085,126.566417092519,121.38756778433,132.958106122354,145.679716106217,146.550769092389,157.806982965992,117.368642482492,82.1101355901023,82.1101355901023
6.45846960667373,103.67546087415,99.8070996258807,103.332870097509,109.101017574914,79.194517988273,73.2582552124073,74.0841091699688,94.4399714426836,94.7547476813877,83.7741545459552,86.1388173292017,91.0500848272832,87.0809317555691,91.300303414896,88.383906175858,92.5115037781458,89.499643563377,90.1836054370062,100.704886482178,97.0696801444544,98.0069899668909,104.477208500992,100.862463324648,102.418035629471,99.1781836112765,105.401466542461,109.041451655094,113.295047874785,107.997813915047,111.005836487547,118.472214895192,120.964325244513,116.770029884365,130.305361731388,145.771293640764,146.476375599535,156.795039190168,116.801966408499,81.814890734207,81.814890734207
6.45846960667373,103.40865534788,99.4480654395779,103.720704815384,112.804971420671,82.3387212461362,76.1617424231406,77.6196227552899,101.680164085382,101.64682450333,89.8449709708607,94.1742007611417,100.802178359129,96.0772177061162,100.537811615423,97.1839270144351,103.119817017806,100.214390206451,100.516006580864,109.221999436182,104.423257513595,105.042094659948,110.075018788723,104.630170470511,105.349955668049,101.12943563327,107.076628356814,110.108562727877,113.124253663608,106.299431053631,107.977071021951,113.671411967599,115.098469492697,110.487367959932,120.467352237768,131.603592750265,132.72385744896,143.279888724026,106.775435961446,74.8441112401621,74.8441112401621
6.45846960667373,103.542039861042,99.6275506146361,103.238854392167,109.491674326903,79.5510441089204,73.5867430080661,74.6864725210298,97.0199715449061,97.4652386384766,86.1709181224814,89.9956133475439,96.5313499776569,92.7087048528075,102.503823310866,100.711243551196,105.880203448579,102.68435849993,103.415183384774,112.63003790079,108.236951365229,109.749656934487,116.766607845603,111.462598453287,112.119193381037,106.856739147341,113.356480417318,116.671271518373,118.509434167328,110.232232179501,111.919484308829,117.721373418986,119.228284765954,114.357849383186,125.619813648065,138.006764851073,138.988734531345,150.043790937127,111.516901996734,77.9470266330138,77.9470266330138
6.07446324989985,99.4978219765228,96.5462377017273,101.080718604621,109.449521537028,79.7022575122686,73.7460186047919,74.9603423008223,98.1619182648925,98.732761315146,87.3436238656354,91.1339843962526,97.9230748561441,94.3101317751637,100.520281741376,97.7176230534473,103.293715921441,100.302849526489,100.619569064032,108.000683706749,103.80807565427,104.664471470857,109.991463317257,105.075663312605,106.280323120371,102.265205840729,108.628779393539,112.294040238949,116.88154274423,111.60072587759,114.930028005064,122.380420130992,123.523491663891,119.257226940191,129.939765954852,141.630523529274,143.431340632965,156.048702659545,116.195594488298,81.3348413091054,81.3348413091054
6.07446324989985,98.2971350083938,94.9304752543849,98.5963386545466,104.646983813369,75.9910659440113,70.3028644817012,71.2879692269542,100.985375250925,105.75576931739,93.5310696492645,96.9654246033829,103.392536813706,99.329454852739,105.660372885726,102.695687975694,108.782613718885,105.670320995291,106.779744788373,123.811938641196,118.712517298181,132.244266189784,157.866022359268,122.066666665633,123.329489097593,118.389040673428,124.172793799826,128.12326368204,132.656558305293,125.687680814513,129.290333557684,137.711309357879,137.377452537995,130.812622815558,140.021337560051,148.842545289027,148.218523382816,157.510772454246,116.524488392123,81.113950363163,81.113950363163
6.07446324989985,97.7635193872588,94.2123988915819,97.9990950662766,105.083877210163,76.4803454236879,70.7470837867042,71.8128757766996,102.843579698658,107.961427609189,95.4460292142494,98.5862091609307,104.475533538323,99.8007074814652,106.990907671162,104.18206681947,108.680512132848,104.940864311554,105.7211269003,120.077746087345,133.038625811902,177.960224398565,170.91225735793,122.066666666667,122.997167425392,117.476640159046,123.533088235294,126.983333334719,130.253151022925,122.528925117331,124.943347792484,131.124154740468,131.389612436267,126.416425487593,137.85699450307,150.456998763726,151.204190589558,162.086133145249,120.720793101764,84.5676133204641,84.5676133204641
6.07446324989985,97.3633202203443,93.6738635668073,97.6729981353315,106.034269467986,77.366029819056,71.5651228325702,73.0592552523324,105.685689908274,110.238070392311,97.4538896879881,102.483674547144,109.587553749742,104.177901448638,109.904425228637,106.540475602324,111.766913947695,108.166460883778,108.956232952882,121.738829977549,140.572185689927,167.987970251227,160.23198754721,122.066666666667,123.462417804755,118.776590457256,124.606617647059,127.743333331441,131.751496220787,124.515593234957,127.834771699377,136.299424096761,138.197100213074,132.927233235829,145.832969700829,160.101705019861,160.549461385763,171.457300507883,127.566390298726,89.2453810823934,89.2453810823934
6.07446324989985,97.6300938097071,94.032841897402,97.8164884739654,105.022917598372,76.460876396923,70.7256008684274,71.9094599209424,103.041149545864,107.852451566383,95.3408898917705,99.1395107801439,104.906643132868,99.5231461859895,106.311153774957,103.469949262748,108.593908848696,105.223856186197,106.117524767111,119.773349097034,169.787853730599,173.046938915859,164.075985247449,122.066666666667,122.731310065756,116.701540755467,122.639705882353,127.553333336263,131.034107263386,123.421414385331,126.74123692758,135.294695024121,137.450514551235,132.247255049964,142.178840012291,152.697133563728,152.850067226286,162.503521111546,121.003379970632,84.7362739057023,84.7362739057023
6.07446324989985,98.6972520430002,95.4688669347453,99.409287299422,106.1535184485,77.1466901126755,71.3534581247608,72.4475304143446,105.031837691494,110.742653924273,97.8716818214592,101.624398773077,107.52341634639,101.999804204351,107.848345580602,104.624463778503,110.60570724325,107.428708835853,138.808852608811,138.294630125045,168.826060748137,169.079325036917,160.041704164718,122.066666666667,122.997167425392,117.689985089463,126.643382352941,129.643333331406,132.596716335366,124.423469693678,127.138981070829,134.694748376149,136.85287908558,131.626957345146,145.602366721007,161.274278273168,162.885510871724,178.597130757674,131.123188405797,91.7862318840481,91.7862318840481
6.07446324989985,98.1637139881686,94.7509262306918,98.2366011044775,103.684573601455,75.2213583600655,69.5849869470857,70.566494862682,100.719591081471,105.778437630575,93.5286815436895,97.2549590972153,103.253471965182,98.3985284109495,104.745681120249,101.869106818458,108.213327954644,146.202666331021,175.271872568184,147.412757142035,164.9810507653,160.715609181708,137.842605163784,122.066666666667,122.997167425392,117.602137176938,125.511029411765,129.643333333561,133.651496654786,126.26388006226,128.22539416659,134.448481382377,136.42219036166,131.236979828069,144.592389277993,159.516889574683,159.111496232221,167.949374176032,125.000801892688,87.4879207764833,87.4879207764833
6.07446324989985,99.7644194031523,96.9049079344103,101.622137588373,110.431875187837,80.451010946851,74.4020539990252,75.6114144509157,107.341764813731,111.960772428176,98.9145287701428,102.373611059892,108.654410485293,103.490923174518,111.243123349461,108.328054391712,136.047050237642,186.738063415835,162.82395310317,130.74340650123,154.597056597825,155.416177438477,139.98555796145,122.066666666667,123.063631765301,117.551192842942,122.110294117647,126.033333334147,130.252452837168,123.311054163728,125.876496086286,132.218852309723,132.243604629055,127.248165405906,144.301580698493,164.190150773375,164.404611562463,177.040087072803,131.123188405797,91.7862318840556,91.7862318840556
6.07446324989985,99.097505958429,96.0074980113433,99.9570223572605,106.339284653719,77.2080080768776,71.4247997718937,72.4762910173066,103.437111373323,108.511365912129,95.9540155396883,99.8115817139578,106.934667347201,102.9442407186,117.147545611849,162.16298826408,161.403963681276,173.911794087546,152.163177760867,123.912673550003,153.060877065464,159.468099222156,149.708183911821,122.066666666667,122.997167425392,117.614686878728,125.827205882353,130.783333332342,135.318886162333,128.232163602342,131.62654479322,141.180966432172,145.137607583761,139.581573934439,155.261778035608,172.931618169219,174.184392194955,331.020659592122,131.123188405797,91.7862318840579,91.7862318840579
6.07446324989985,98.0303340392947,94.5714490382956,98.3641727169813,105.203145881917,76.5167042347012,70.7851859183784,72.0424982222852,107.290470492708,113.931760920532,100.740506054709,105.364503857467,112.898129338434,124.181432703643,151.006155003241,174.733754743885,175.635623094478,197.850512926139,176.460607795125,139.859267481729,175.351731671897,172.931450836737,152.739658070334,122.066666666667,123.661810824482,119.339090457256,125.169117647059,128.313333331424,132.848886219163,125.960270826236,128.902526779146,137.09597786281,139.791441970913,134.4868560618,150.223524014781,168.22675543885,169.110755421692,502.781144694176,131.123188405797,91.7862318840579,91.7862318840579
6.07446324989985,97.2299357074947,93.4943783922949,96.6490915895476,101.708473053735,73.7998707619725,68.27254820204,69.3070334906993,100.185491825112,105.583632561026,93.3658538340942,97.4454855729248,103.730196019171,132.882664516493,161.723830373322,178.003140770279,175.460262016397,196.479155003522,171.437619255415,136.748645186222,162.563746320978,162.182708770301,148.682760900154,122.066666666667,122.864238745574,117.089090457256,123.022058823529,126.793333336661,131.01245322805,124.010329481848,126.500406123564,133.332795055605,134.747344599246,129.655843405255,141.75213639453,155.153399477212,156.285004588746,400.636282391229,131.123188405797,91.7862318840579,91.7862318840579
6.07446324989985,97.8968765248368,94.3918361884081,98.1371605749027,104.908459294184,76.301403491089,70.5721636020398,71.7523816002238,100.985163052838,104.866358879027,92.6757106501565,96.7567220793693,102.264337346829,118.134265344305,169.363906037568,169.670833292072,164.970105064908,181.068360504486,160.005320062776,132.835190026026,165.609258530774,167.820886801479,159.613243338564,122.066666666667,123.13009610521,117.914388667992,124.948529411765,129.073333331804,132.448628364249,124.635165503998,128.406968876734,138.233390252027,141.489231524163,136.092347501358,149.857778436586,165.181439167451,167.675037423781,498.025243130251,131.123188405797,91.7862318840579,91.7862318840579
5.8297338100906,93.6441245124502,90.1736728674359,93.5389243129441,99.4484552536121,72.279418619629,66.8865750092642,68.105035476332,100.801802729357,106.749451065807,94.4617863188047,99.3242705056521,106.80721460899,161.641617423779,166.320820669689,166.775523180421,166.067426359038,189.741640046416,171.556886910443,146.306393146112,178.123612992108,174.453158211416,154.395784695198,122.066666666667,123.13009610521,117.889289264414,124.625,129.073333333398,133.608886514049,126.659438173999,129.07356269672,135.429457221638,135.935237852367,130.766272342066,141.964956725938,154.099456621307,154.588872319772,309.84652220015,131.123188405797,91.7862318840579,91.7862318840579
5.8297338100906,93.1104007440229,89.455407361593,92.1884006948249,96.0490646123214,69.5752951603372,64.3631662247013,65.2765102337383,96.9837526141566,103.533349031377,91.5479851453141,95.5064309245203,101.232727261952,158.35664315708,170.502861142274,175.09459843382,174.773348048629,200.186072212051,181.560400480956,156.104407942607,184.967925981235,182.547216478754,166.674389082797,122.066666666667,122.930703085483,117.151093439364,121.488970588235,126.223333334933,130.442452961238,123.485888453558,126.50401958464,134.383809732624,136.168240219101,131.024185700535,145.708028759689,162.450856071748,163.214279274636,261.137991878357,131.123188405797,91.7862318840579,91.7862318840579
5.8297338100906,94.444318875422,91.2503867843552,94.8103784182169,100.659051780691,73.0906952570391,67.5971429371932,68.5511265793723,99.0486660024753,104.503494410458,92.3364235684301,95.6009644448648,100.08360148145,140.311243336288,186.500637759496,187.521247034722,184.788991098808,199.897166711662,177.052850161747,148.54325283652,177.236576113646,174.109774271303,158.733603663438,122.066666666667,122.797774405665,117.127485089463,126.338235294118,130.973333332344,134.665062301023,126.934962463198,130.555669493673,139.07926086336,139.844305524947,134.491552783082,148.451182313168,163.999281084886,163.880677895303,173.798874413063,129.411983329671,90.9057090078543,90.9057090078543
5.8297338100906,94.3109708603334,91.0709654422083,94.2294770838034,98.5894561085688,71.402617464664,66.0499614630302,66.9268584963346,98.4596644328349,104.852342963001,92.7008020798145,96.4104434790416,102.298910273962,175.530770436798,180.248897539269,179.011327758849,175.598615748655,191.946447163778,175.352066638751,156.241591776063,185.039591915123,181.298058869664,162.653853207936,122.066666666667,123.462417804755,118.826789264414,125.485294117647,129.453333331369,133.988886189961,127.008980790875,130.479239218614,139.807788334493,143.012564681127,137.576047494851,150.285219665149,164.267294281527,166.706892945846,302.143813988389,131.123188405797,91.7862318840579,91.7862318840579
5.8297338100906,94.7111472153277,91.6094608703213,95.2640808306775,101.230514726997,73.503609695358,67.9862465455584,68.996072540766,99.7599091612913,105.163964890147,92.9461769487548,96.594205440875,114.911767606838,194.870291351916,177.490247299973,172.796649305295,167.709439462791,181.111189998773,160.206704958794,140.208020584159,171.078937040019,170.377511185445,160.002120003868,122.066666666667,123.329489124937,118.451789264414,125.084558823529,128.883333333928,132.469584805705,124.828802021268,126.262346770951,130.999263258832,131.674705526173,126.682932527223,138.545895573105,151.672654667026,152.957169194699,166.200057423411,127.468181890657,91.7862318840579,91.7862318840579
5.8297338100906,94.4443736251846,91.2504825383619,94.5891468526306,99.5472187326285,72.1677285187263,66.758144981406,67.806945239227,100.168535231328,106.392003296125,94.0627093238275,98.5547597807996,179.218147410587,184.76442290591,166.127392022707,179.667556906809,179.109506475744,196.75310015438,177.164731758755,149.102915745518,181.947905659453,178.848727421179,161.308736115337,122.066666666667,123.263024785028,118.239189860835,124.727941176471,129.833333333539,133.736018641056,126.254624259175,129.724926728896,138.526856233238,140.552143616571,135.205003782058,165.111811395982,177.325862581546,189.43703050462,502.20078440718,131.123188405797,91.7862318840579,91.7862318840579
5.8297338100906,93.3772153918916,89.8144575010186,93.3063568151387,99.9880938918785,72.7887849376842,67.3355229229241,68.5576771145395,99.8701943075183,105.013036147693,92.849639885245,97.1237636303307,178.223888174914,201.082014821689,191.758716813769,196.566849788673,193.641359380245,202.216555441681,175.043612593154,137.772115928457,165.511815549318,162.915824349933,146.160424946138,122.066666666667,123.263024785028,118.352137176938,126.209558823529,130.023333333017,134.664364392237,127.717355936897,130.810375993666,137.936028347386,137.529451080204,132.295083372629,145.642931653656,160.52620740635,242.346981806477,555.267812473627,131.123188405797,91.7862318840579,91.7862318840579
5.8297338100906,94.8445089170376,91.7889061495369,95.4464502554141,101.283463142871,73.5152079409503,67.9918454387662,68.9985935725213,100.221426497065,105.84638693335,93.5351844559859,97.2736262623127,253.318161235684,211.063500016693,184.927510026599,176.679484953794,170.54122426243,179.784143825371,162.006796400706,141.051063595683,173.633188980412,172.389644855419,155.401759317999,122.066666666667,123.063631765301,117.58884194831,122.698529411765,126.793333335046,132.594622698945,126.770277437499,129.260300724022,136.004824363139,137.115341366056,131.932559564789,149.413629314348,169.754157092214,487.85818607431,555.582184515006,131.123188405797,91.7862318840579,91.7862318840579
5.8297338100906,94.5777718251239,91.4299916507619,94.948799672181,100.503928691823,72.9317991679131,67.464143786651,68.3579972801177,99.0308159803759,104.806761449165,92.6575064250127,95.8007651972306,327.506194378315,195.504768944222,170.248691721461,168.948879103225,166.107667730324,183.749196666797,163.173763293647,138.142873391624,174.020592705385,171.594165872593,154.278560656746,122.066666666667,122.797774405665,116.914140159046,123.125,127.553333334087,132.721754501805,126.365097345999,128.779283175382,136.276432690877,139.409346931752,134.112480465404,147.254724262286,161.859001488283,627.81743117225,555.584046872557,131.123188405797,91.7862318840579,91.7862318840579
5.8297338100906,94.3109754247772,91.0709734251431,94.8052246375834,101.511866664887,73.8335914003991,68.2967845825364,69.1553684762709,99.658268562448,105.3664526625,93.1446421088382,95.2657313767857,346.711427015413,187.752619711879,174.654753458926,190.370913321116,190.192790905753,203.645368086698,179.903117698911,143.749908796365,175.233033349421,171.018136790447,148.725595296552,122.066666666667,123.395953464846,118.576540755467,124.257352941176,127.553333331047,132.721753954723,126.364831796701,129.306839071004,137.236549357216,139.305967469588,134.000204416404,148.421724228404,227.891488190244,660.637703326478,555.584057905267,131.123188405797,91.7862318840579,91.7862318840579
5.8297338100906,94.8445408541002,91.7889620055178,95.8008645937179,103.08746022216,75.0167094749412,69.3859840365697,70.4817153681968,102.601700081163,108.28212667292,95.7046724037229,103.068865834046,362.582878895621,204.164779641193,187.57499854606,186.057538302929,183.276069985054,202.929372502483,179.291443745157,144.644187755703,175.965470841505,172.896438758327,152.712308327333,122.066666666667,123.462417804755,118.964835984095,127.599264705882,131.923333331998,138.146533801838,132.224939966899,136.071950634623,145.232521985592,146.38188077659,140.777198372396,285.267688084441,276.657687487479,669.838324355561,555.584057970625,131.123188405797,91.7862318840579,91.7862318840579
5.8297338100906,94.4443781875999,91.2504905177488,94.6334507623548,99.7739232250575,72.356614561989,66.9350314765521,67.9680013555844,98.3696259769283,103.66285010612,91.6596042321091,155.773474180482,393.669306241911,199.106536464841,172.988066776713,170.94790085948,166.616696799047,187.181461400683,166.989687271695,143.523024220952,168.109455095291,167.912484807668,155.584126917082,122.066666666667,123.329489124937,118.552186878728,126.610294117647,130.593333334122,134.39054083419,126.770139095223,129.637230627959,136.828752104025,137.497586303765,248.168495022588,377.513057049054,253.621455421951,640.924513275981,555.584057971012,131.123188405797,91.7862318840579,91.7862318840579
6.54303059197368,105.273085340432,101.436941894788,105.343435460598,112.243708917219,81.5902326721628,75.40115526113,76.5946743266768,107.806150632047,111.958762011696,98.7378849637008,218.551952896814,367.97737531862,188.356206499129,171.090269958077,180.275957995905,180.315644457017,202.82117483272,182.995722776766,152.861597403106,183.368886750943,180.502810074823,162.566189481464,122.066666666667,122.864238745574,117.189488071571,124.702205882353,129.643333335412,135.444622687291,129.392089523838,131.429262979449,137.426127390377,138.477220644258,309.339282808647,366.261073261496,299.477770585359,691.978142493574,555.584057971014,131.123188405797,91.7862318840579,91.7862318840579
6.54303059197368,107.274371245033,104.130125833507,108.259319250481,114.059326593232,82.6324312898241,76.4217035226434,77.4091224126663,108.069641781535,112.62478751418,121.869738210629,322.425213793148,397.907890388385,205.768955345106,192.564489633442,188.740452289204,184.369925599215,193.15358984802,171.998736605694,146.798563540045,181.912141834852,178.743154312812,162.760530850569,122.066666666667,123.196560445119,118.076789264414,124.555147058823,127.363333332447,132.531754277065,126.190358194207,128.604608335592,135.662955218809,198.463408644697,403.699183303257,380.605582842229,248.896466295603,632.183173654764,555.584057971014,131.123188405797,91.7862318840579,91.7862318840579
6.54303059197368,105.406928753675,101.617229658191,105.040436786705,109.90250053254,79.6223554224145,73.6651802894516,74.6179858303673,106.511435743195,113.903590252257,287.78706598931,344.348685726681,408.728262933787,220.99151138974,197.540301538637,178.46858904499,172.844347744972,183.065974065575,156.843825381278,126.185569027779,160.040329315158,159.390412634954,147.581260205678,122.066666666667,123.329489124937,118.476888667992,125.639705882353,130.593333332336,135.234364222607,128.241566041441,131.86248498383,141.352009465182,287.302714824455,330.618111502404,299.860166745412,252.116696236506,645.081472966367,555.584057971014,131.123188405797,91.7862318840579,91.7862318840579
6.54303059197368,105.14007760497,101.258115681022,104.852371504652,110.674952969205,80.3266024136765,74.303018930053,75.5736475258186,193.249128617757,269.518178454069,345.052014986843,362.121245900108,406.048403625649,202.65934956685,169.83358639178,158.66861300843,155.426015041059,175.440869336401,159.443449980902,139.64384751734,171.971819460362,172.034198125233,158.20215829579,122.066666666667,123.063631765301,117.676689860835,124.036764705882,128.313333334797,132.321496938414,125.040608227209,126.700694156174,131.54828091824,214.933444713337,339.659625245499,326.643973381233,253.560366772989,645.185158204027,555.584057971014,131.123188405797,91.7862318840579,91.7862318840579
6.54303059197368,105.406855755188,101.617101988275,104.730156959229,108.315660511136,78.3003105180319,72.4282210130857,73.1837065262528,349.702514797086,273.435429060577,322.529745973059,327.255885433623,359.7432502448,163.798159030511,140.069778021733,156.140576617592,154.211544617726,178.774455398184,159.395050201571,137.884849599582,168.244869205042,166.70673580755,151.595657108627,122.066666666667,122.930703085483,117.226391650099,122.536764705882,126.793333334243,131.645320660463,125.114053511627,126.849420902446,132.874685058319,204.909593296366,368.727581257084,360.344024929329,271.282794857535,663.024620548519,555.584057971014,131.123188405797,91.7862318840579,91.7862318840579
6.54303059197368,104.873290325241,100.899113406809,104.177386697881,108.986707180746,78.9858165186086,73.0644464261886,181.423546130527,388.505688384429,236.277544608855,287.965702229941,296.16419592985,332.178566220151,158.965838801526,150.095767990637,161.428810434574,159.993121882054,183.83807781554,163.634308425933,137.888540782113,171.251904730921,169.628051958114,152.792194712886,122.066666666667,122.731310065756,116.663891650099,121.948529411765,126.033333334213,130.463408707001,123.678824652235,126.470354568445,133.624909035525,237.426457149168,377.01261798468,348.065382005683,241.533671322003,629.720597091938,555.584057971014,131.123188405797,91.7862318840579,91.7862318840579
6.54303059197368,105.807027546206,102.155589434272,106.251900427129,113.428569943315,82.4573406413461,77.8988961178145,398.444008474336,371.42520642859,223.093525132106,284.886927140917,297.250284168448,312.425387179368,161.923409349986,150.643369543931,162.360077562483,161.082416595572,187.503530193598,168.716643748207,143.986985965439,180.524850804072,179.314034781838,165.249328696961,122.066666666667,122.731310065756,116.701540755467,122.536764705882,126.793333333139,131.5398424015,124.929773247478,127.947368923345,135.299617517951,207.802939837423,308.35454590327,272.422403150619,220.45546754075,613.844076621474,555.584057971014,131.123188405797,91.7862318840579,91.7862318840579
6.54303059197368,106.073846759721,102.514647558735,105.908403498997,109.954313842896,79.504988052711,102.583644342342,401.208307759357,358.441973260158,226.546196806166,293.293698538034,311.694719343446,341.63194608667,170.302416394707,164.956264886336,183.874766326003,182.429230038031,196.162077050832,172.420389624377,141.268335741031,167.648863043882,166.094739752297,153.172236169879,122.066666666667,123.462417804755,118.764040755467,124.470588235294,127.933333330315,131.414106101478,123.770320546799,126.108673870024,132.690613789043,134.191312809108,281.7487919959,309.201478654619,232.490600095603,629.32525067749,555.584057971014,131.123188405797,91.7862318840579,91.7862318840579
6.54303059197368,106.340643162877,102.873665789266,106.494848241114,111.19107018977,80.4698830010637,162.543040772616,433.632912854129,391.128204537376,242.915797745174,308.55764095119,326.367751467245,358.284398649835,185.963555762888,172.397947595304,179.912086462574,176.736432872667,195.553712389726,170.479953076748,134.214206528733,167.559216177211,166.986688025128,152.836077810529,122.066666666667,122.864238745574,116.925944333996,120.584558823529,124.323333336532,128.64793125243,121.922055078666,124.864916444516,133.14711111756,136.20723808853,134.18215217891,233.074367356425,219.590204698502,613.840898560091,555.584057971014,131.123188405797,91.7862318840579,91.7862318840579
6.54303059197368,107.141014119717,103.950688558127,108.254114696498,114.906331714014,83.3695667067959,285.493732332845,436.98196804282,394.858530727602,249.913534210527,312.042640081052,329.366981353834,380.634076402821,184.891166917909,161.642864458926,158.664749384849,152.777806465928,168.960955032116,151.880891137487,135.354309101741,167.142638937273,168.18282367932,158.348422875677,122.066666666667,123.528882144664,119.039388667992,125.970588235294,129.453333329453,133.356017724983,125.904263987161,128.091257737079,134.335543323186,135.473243905458,130.271115837118,141.198305130377,179.976091511685,649.393682589209,555.584057971014,131.123188405797,91.7862318840579,91.7862318840579
6.54303059197368,105.406924192508,101.617221680988,105.571863487876,112.599417281487,109.004903869475,424.267088310262,452.585114642778,403.817346887579,258.278090802431,316.536342418388,326.563977260603,347.526954308363,166.854659241345,152.676525447491,172.067294526133,172.153418905599,190.33962632562,169.695459596105,140.665951660262,175.652369056776,171.642169799243,150.219302836238,122.066666666667,122.731310065756,116.764289264414,123.371323529412,126.983333336846,131.624365206023,124.921178405271,127.713075133688,134.517087578956,134.662698728507,129.576387235587,139.520144034996,150.129084754663,539.149683536729,555.584057971014,131.123188405797,91.7862318840579,91.7862318840579
6.54303059197368,107.007588545443,103.771131569679,108.071508116355,119.165358403068,387.79978607968,446.499680108729,437.750254095943,388.107615274492,245.213545319671,302.009021173719,313.682940475888,341.101016030469,170.434820959924,159.059741566639,173.548131333375,171.31823159264,191.272356023457,172.486751671195,147.448764425725,186.27826988531,183.739390126218,166.558139307744,122.066666666667,122.930703085483,117.163643141153,121.470588235294,124.893333333237,128.796018679161,121.710071296365,124.12443872137,129.954033233948,129.444587156973,124.544442478211,132.968351657743,141.692448822326,154.183966896614,555.584057971014,131.123188405797,91.7862318840579,91.7862318840579
5.92125864123877,97.0861553761455,94.242895361954,98.0750272072548,158.006038488537,399.016149054644,421.720023127754,407.507644780489,367.74437544149,224.631094793345,283.219107256789,297.447127785034,348.384570914487,178.530210938396,168.963186558804,184.91835535302,183.338837722965,199.850881358676,175.749162516066,144.45929881354,171.452892438426,167.432852871952,149.067389731228,122.066666666667,123.595346484573,119.139040755467,124.897058823529,128.693333329979,132.279583938213,124.653246272547,126.010563969841,129.656078240143,128.111250343307,123.202134979831,132.851597930086,143.025508963629,144.308753768211,156.204278943494,116.529364735413,82.7616760938632,82.7616760938632
5.92125864123877,95.6184764628338,92.2677726929616,96.1106507210209,162.635864379579,394.209034507378,423.899747931749,422.384614079322,380.365007298517,219.079443179306,283.198773291025,300.207663286399,353.557041165706,183.092021129226,164.505310924146,172.216926471476,166.732159389138,181.280012696388,160.869643725067,137.461350610798,168.419829974868,168.449053862225,155.482672874855,122.066666666667,122.864238745574,117.164388667992,124.352941176471,129.453333335883,133.356019069688,125.905248505634,127.187955847441,131.412486588881,131.458525116807,126.469238188161,136.815910191196,147.933378815527,150.293971727313,164.836582130327,122.68883047769,85.8709108405746,85.8709108405746
5.92125864123877,95.3516389871009,91.9086826289891,95.7012013574432,170.835616753855,399.177856688258,427.082465885477,422.557010998706,378.591231136807,225.621101525933,289.559812070588,303.732427640168,340.648273808638,160.938170006153,136.507685911222,146.719145488943,140.769336081666,160.701844296611,140.664516201603,123.553456927177,147.708143280579,152.032515311841,140.476558275248,122.066666666667,122.797774405665,116.989438369781,124.275735294118,128.883333333634,132.153150803679,124.276754751288,127.219096866227,133.832619378141,132.970933625888,127.925003171336,139.351141896393,151.863456307548,150.649236326299,157.105663318723,116.963630719296,81.8921227061257,81.8921227061257
5.92125864123877,94.9514489447045,91.370163262442,94.9322686082312,171.179813206826,394.407443479874,420.477021301297,410.79058134332,365.499438138233,214.499653111095,272.009863683908,280.018626923006,301.887766643882,139.514853740802,126.426883467358,127.011567758699,133.042722570075,157.897403666453,140.579262624569,123.482121258169,140.202116468859,158.952556151549,144.200148776175,122.066666666667,123.063631765301,117.538643141153,121.768382352941,124.703333333339,128.500540762984,121.351380230959,124.897495818605,134.000137963319,136.613954762032,131.448466371224,146.774078640751,164.334528946565,165.60944047908,217.297583177089,131.123188405791,91.7862318839228,91.7862318839228
5.92125864123877,96.2853716433101,93.1651506729709,96.757097834627,149.283513072311,376.055310713845,401.01417428288,387.369571314257,344.334987240262,195.315092244015,257.878802334092,269.838293403563,289.314947613227,124.061226651364,115.994948910013,129.696831218104,142.586366688111,165.271070806525,146.119369054456,123.769114033858,139.865919311547,160.774052706912,151.205919881959,122.066666666667,122.598381385938,116.326540755467,122.110294117647,126.033333334733,131.834622480119,126.070622229484,129.012825614675,136.328376300058,137.003140054402,131.786301003058,142.760195617385,154.546150690276,154.669036108194,164.473216346635,122.36520775556,85.5994788867713,85.5994788867713
5.92125864123877,95.6184490739124,92.2677247914031,95.8005402394336,103.163732148855,344.60928402706,393.713605428861,386.162035174351,340.690658546554,180.528688410861,243.941197548251,255.223752677042,268.048134271509,129.026653884392,130.188792512117,152.616819771079,151.39616734085,172.907581684015,153.754534250903,128.28455326271,160.101142791784,159.767759167592,141.737942971548,122.066666666667,123.196560445119,118.051689860835,124.205882352941,127.17333333074,131.603408001516,124.727157328065,126.914664078823,133.159767734223,134.356491064242,129.235514570545,141.283994909123,154.538183453631,154.222102508536,162.986378385363,121.304068878091,84.9054483863333,84.9054483863333
5.92125864123877,95.0848517089314,91.5496803575037,94.2733380713755,97.456311074151,70.5488967131523,348.295112789201,345.774636536268,310.401109872257,165.792421658537,234.924533685322,253.360270640926,292.695206212477,146.599934645997,144.958743428306,162.746075552495,161.026002794074,177.649083522748,159.989907174201,137.145692783963,170.558387751844,169.458782160167,151.137385914715,122.066666666667,123.196560445119,118.039140159046,124.172794117647,128.123333333245,131.920540606201,124.497424608365,126.458881225508,132.681877039434,134.719880513019,129.597612748178,139.289088349679,149.494676972633,150.688649400069,162.628823624773,121.046723462138,84.7274910243821,84.7274910243821
5.92125864123877,95.6184080129558,92.2676529782859,95.7561008125604,101.498402267921,73.6959418848345,202.040963756975,372.690729892743,331.131755992511,189.716044484015,266.36850812769,288.702707257634,318.127223546541,163.828686522501,159.035454750153,174.318188012136,172.300217478751,186.674269206272,164.12657498515,134.290832612441,167.838993891952,165.701790073391,147.257737195205,122.066666666667,123.063631765301,117.576292246521,122.305147058824,125.083333334469,129.724364776234,123.172978615643,125.738341697883,131.817227722802,131.24089303154,126.275914699937,136.42633826419,147.35363002817,148.568443867891,160.345922834408,119.418188015566,83.645997375949,83.645997375949
5.92125864123877,95.8852135392251,92.6266871645888,96.121144579793,101.617834884208,73.7324786369493,108.270075620394,394.90306031222,359.138039166962,211.452321189183,282.167412722366,304.441511657405,361.111387705994,182.515647916142,170.735677115428,172.867399960372,168.163192812182,177.094796839162,155.577590452579,129.482181765871,164.872966222518,162.791315360732,143.00847321797,122.066666666667,123.395953464846,118.639289264414,125.220588235294,128.693333331244,132.068628221639,124.285420426175,126.925438246984,132.337595101288,129.880928514623,124.915963843032,135.870697223216,147.7353954951,148.186946790671,158.373916721134,117.813034582814,82.4106482884146,82.4106482884146
5.92125864123877,96.018616303296,92.8062042593777,96.2150925274541,101.226767176572,73.3755729738979,67.9069707330077,393.1263331885,374.665940223524,234.63247287216,300.883767330716,317.267730628473,356.654968066114,174.168253503611,152.025819487014,157.325509026004,152.640576789656,167.367627814878,148.377000672746,127.624313119608,162.196232183981,163.430535703111,151.172750333939,122.066666666667,122.930703085483,117.414637176938,125.246323529412,128.88333333491,133.629842736385,126.852741761907,129.342415621672,135.120786624244,134.004914970763,128.912177463985,140.974958020442,154.255967786643,156.888561543543,172.471721452104,128.352469644441,89.8186732891723,89.8186732891723
5.92125864123877,96.4188017818724,93.344715644081,97.5154519679762,105.218889793069,76.6007904846852,102.781658848755,440.107357420458,392.663033725936,235.421255988966,293.012273938109,301.444752928134,319.294670729519,154.400632506874,138.005726123997,152.894654650298,150.496235909037,170.489970661052,152.141192432042,129.958217602948,172.539640252853,172.170550514675,158.302125189844,122.066666666667,123.063631765301,117.601391650099,122.783088235294,126.223333333636,129.387672911322,121.645790064552,124.512934892667,131.177853693736,130.831244431272,125.887786186257,134.968703083083,144.547870200059,144.396108125939,152.793266012856,113.836802046759,79.7770697698127,79.7770697698127
5.92125864123877,95.3516663603433,91.9087305031262,95.2584332957282,100.722496059991,73.1161519146353,127.82893254329,421.647864441808,372.761546937782,216.662298755214,275.143155552721,284.665615076591,297.351411517851,143.816979547307,133.538235193232,152.439083520679,150.205250646653,171.947884433498,151.963314998951,129.867478535256,163.591805660437,163.805517490664,152.978865080953,122.066666666667,123.13009610521,117.77634194831,122.834558823529,126.603333333056,129.240282794181,121.07503693547,123.187391144203,128.430584254992,127.765444034048,122.909572197469,131.957376094124,141.460284259616,144.620615722773,160.627743151941,119.570841631642,83.7074624313834,83.7074624313834
5.14827175208512,82.6494965010683,79.5681956513746,82.1812963599798,86.0343491337559,62.3613687587906,57.9236816035191,319.033133573618,355.246678159098,198.970958423925,261.280851650487,273.682954931503,290.790274948984,144.28229547565,136.116879336884,149.779723326089,145.96230152881,164.136936183545,144.584514240493,123.513719657193,163.686316278762,164.749150258085,154.211120902536,122.066666666667,122.997167425392,117.363692842942,121.819852941176,125.083333334146,127.825761024402,119.860858537718,122.275212149881,128.894815968421,130.262293144035,125.325675583372,136.974209984431,149.836161228172,151.360240477548,164.038377959534,122.13785834068,85.524708866654,85.524708866654
5.14827175208512,84.2497738449991,81.7214286848441,85.4323825308751,92.0384015716616,66.9621902014927,61.9255220336248,63.2032255172002,354.155303010823,191.337421433525,256.573972668056,269.232304968685,280.263570706083,135.610992463274,127.206852908882,153.308384920464,153.375457352189,177.621718734255,160.81819320191,139.348692629948,173.75411745727,169.868187268404,147.343292696934,122.066666666667,123.395953464846,118.563991053678,124.121323529412,127.743333331234,130.696716319917,122.675440867295,125.16459527807,131.205484099565,130.834620331802,125.833411918425,134.417973677625,143.185303182491,143.866393855858,154.313683174552,114.780064114256,80.2761982455808,80.2761982455808
5.14827175208512,83.9830413014837,81.3625221409412,85.200470653892,92.6112582826424,67.5043351198982,62.4425925403503,63.6103471014506,246.781748991828,185.505799556672,253.007238459253,269.341100950409,293.384215418378,146.012397821181,141.261241816321,152.126213854254,148.5095006924,169.732731247111,151.794538468952,134.342098414795,171.240308833654,173.031547310575,165.097661898199,122.066666666667,123.329489124937,118.414140159046,124.625,129.073333333328,134.030798379255,127.395293449902,130.639132815089,137.926014445554,137.312293067524,132.07665524958,143.042928706056,154.795971081335,157.508025275347,173.366059064102,128.964034246645,90.2002321968465,90.2002321968465
5.14827175208512,83.5828512626762,80.8240027806709,84.3872509482989,91.0908515309779,66.3350211721718,61.3635360762977,62.53286728155,124.597544222547,194.386602294235,264.831459389318,282.836168435149,308.290517350977,149.086104997431,141.115495704293,156.796737111302,156.348159703534,180.905510147413,162.042936896565,139.653607538666,173.481751071763,168.930387572706,147.64631279485,122.066666666667,123.661810824482,119.364189860835,125.544117647059,128.693333332043,133.861754144109,127.413741613774,130.054093388351,137.222409745471,138.68199185493,133.405959669244,147.187607889126,162.625256576299,164.830970056128,238.691057677696,131.123188405797,91.7862318840577,91.7862318840577
5.14827175208512,82.7824757434205,79.7469720324233,82.7165414923324,87.8242035865422,63.8083585042751,59.0302060570422,60.0988979475815,93.4961686741826,100.966260758598,221.725215623851,280.639862679818,300.209483288685,153.687291603034,148.394427525735,170.776679609936,169.965118751995,190.621233808721,171.16791769178,145.25823253564,179.75403600265,176.027058621284,154.062692626142,122.066666666667,122.930703085483,117.151093439364,121.334558823529,125.083333337054,129.196975399561,122.253382084918,125.422702436978,132.323153605808,131.330851276556,126.389881148784,134.416577605287,142.662703717989,145.579783421556,160.936623811171,119.94123960291,84.083295945416,84.083295945416
5.14827175208512,82.9158420070774,79.926425290207,83.0317887644451,88.5489949880327,64.3783974728097,59.5486184741009,60.6977085407358,92.6029971174241,99.0081686557868,87.5191968314552,220.940305051526,302.772801374731,170.972067480118,161.497550606312,167.125740873012,162.383004080076,177.575839727595,155.999840889211,134.008530515782,161.632630551234,160.616100219368,145.95873583217,122.066666666667,123.595346484573,119.126491053678,124.838235294118,129.453333329907,132.512194012643,124.432429988548,126.921365611278,132.435218181493,130.787222050729,125.775808532043,136.286454365084,147.530599089287,149.659297208062,163.767372788735,121.797266752381,85.1749084482689,85.1749084482689
5.14827175208512,83.4494211230217,80.6444378076505,84.0274795382723,90.1265159009561,65.5634118394961,60.6416821718561,61.7545759116831,94.8988540172906,101.904029806868,90.0664294068442,96.1000633147584,319.757482226397,176.306883859081,162.97583156015,169.281901067182,166.984702867058,184.765276671612,161.527867957279,128.473025377776,167.547965320467,167.859465023557,154.015719970946,122.066666666667,122.598381385938,116.364189860835,122.621323529412,126.223333337531,130.126019472331,122.934071041768,124.74531368855,129.84244785232,129.959270567716,125.057932015539,135.008666270635,145.725674878218,148.284690760585,163.049816829558,121.455348782111,85.0894651018022,85.0894651018022
5.14827175208512,83.3160457342223,80.4649685905472,83.7564853546956,89.6239359325497,65.1778088105371,60.2906836441257,61.544348354681,95.8361151739048,103.043343853551,91.0949569168108,96.2417186757025,270.412466402392,171.118335727212,152.228505189802,158.623019798118,155.085010195331,174.096731031744,156.367578403431,136.071322698792,171.555791987965,169.719646320537,152.859555657542,122.066666666667,123.329489124937,118.426689860835,124.786764705882,129.073333330098,132.765061981009,125.186948650821,127.52512304095,133.755651932752,134.310208924148,129.172714270425,138.83011912562,148.920758447897,150.838332848922,164.520507839259,122.370051989421,85.5830893181862,85.5830893181862
5.14827175208512,82.9158602565822,79.9264572074814,82.63327379649,86.5302324999977,62.6998051190047,58.0022959392231,58.9321694853926,93.5441159464772,102.1073742286,90.2836200003996,94.4582647803388,188.936760097101,166.372404634358,155.285738597445,167.246936148614,166.132331524035,186.003937605451,164.424239054387,136.39476097788,165.75194690091,165.625143628785,152.827374542935,122.066666666667,122.997167425392,117.551938369781,124.735294117647,128.693333334525,133.017930760499,125.941973218851,128.808891692114,135.64901092408,135.537087461245,130.391111462644,140.30563490456,150.795683193033,151.77862865265,163.292780163044,121.547259298202,85.0801650461478,85.0801650461478
5.14827175208512,83.4494211236459,80.6444378087421,83.717470752602,88.5518808090671,64.2533972618912,59.4295415224051,60.4392206164675,94.0272235660248,101.675915533755,89.8628856852336,94.0709935814676,100.446665679615,152.355514481264,148.209541179634,160.353250074909,156.615748102994,175.718439092107,157.446220535621,136.840049580577,170.361386957871,168.999170901917,152.826478801624,122.066666666667,122.930703085483,117.376988071571,124.683823529412,128.31333333361,131.794106757436,124.120347997777,126.911798457141,132.749506340359,130.70171650083,125.742494499624,136.738553628414,148.740586845318,151.238991886869,166.12565103723,123.690084663639,86.6140079903498,86.6140079903498
5.14827175208512,83.8496202886876,81.1829731302415,84.0435676766058,87.6031368470521,63.3693535264065,58.6151055203098,59.6439879848945,94.7361501388229,103.162246771539,91.1919728686347,96.4376358605383,103.531517864328,103.065844331187,148.140823717994,164.135218322,164.35219396952,194.004773922094,170.970041863005,137.529795881031,173.566795633912,171.496304906972,154.206879325225,122.066666666667,123.528882144664,118.964090457256,124.819852941176,128.123333331266,132.447930166347,125.417260241114,127.755758385065,135.127960729944,138.2975475276,133.030049871934,145.512098185821,159.249698053124,158.836174131229,167.667165388207,124.768213619282,87.306686177715,87.306686177715
5.14827175208512,83.3160594220921,80.4649925297995,83.2693795101902,87.1520613470061,63.1217325029594,58.3911208165751,59.2514209596996,92.5861682044603,100.680870966466,89.0138188827198,92.8326513150333,99.5389833913075,95.597572293475,130.773051060245,170.641248808696,166.384620409574,178.192923002092,158.685002972388,137.021695346597,172.033408851511,168.047889372462,145.962749179265,122.066666666667,122.864238745574,117.02634194831,122.033088235294,125.463333336445,128.627673420448,120.946831729932,123.059803389082,128.830667660646,129.393872985003,124.516445507944,134.255514919763,144.732626606617,147.827377916798,163.753843279403,122.014208632907,85.5156303362192,85.5156303362192
6.01576797775047,96.8389966704397,93.3289482408567,96.6570747801125,101.857081222096,73.8844621432619,68.2565408318277,69.2339563098878,101.765223292066,107.870209252526,95.0684431958607,98.5747464698486,104.700892926041,98.9751360192209,102.946011385544,130.068037754117,162.371996975162,175.900683668764,154.522413256203,130.302662735708,159.35234814592,159.633590879593,145.733278943948,122.066666666667,123.395953464846,118.438494035785,122.272058823529,126.033333331399,129.408628350216,121.838445495435,124.478697511304,130.944604265092,130.998681680533,126.007625146442,134.395411806442,142.951536001217,145.384981871424,159.834685043711,118.94099869383,83.231833808867,83.231833808867
6.01576797775047,98.0400152613579,94.9452906762982,98.2569466330217,102.222260577082,73.9135322466983,68.3626564568245,69.061903802487,103.978967871714,112.306197602033,99.2546330036863,102.228498784444,107.790384349081,102.563855087416,107.830453543611,104.445290000855,122.579577778233,170.844141707736,152.291622093337,130.809107618609,163.558318303905,162.528419530693,144.34646632666,122.066666666667,122.664845725847,116.576789264414,123.132352941177,126.413333335639,131.687232749701,125.500350100864,127.839147591853,133.719541235719,133.472584931671,128.39835675122,137.227245403355,146.313938902534,146.42105921759,155.658494348902,115.825743491677,81.0393554322632,81.0393554322632
6.01576797775047,98.840418171068,96.0223693287854,100.282053545965,107.290401898001,77.939211700942,72.0847681678351,73.1605479448797,107.539278716678,114.109044207382,100.835770945646,104.559715689144,109.959246980708,103.608500495127,110.674432223968,107.624449411117,143.566930970005,173.411352967031,151.041898296093,123.080541014552,159.68272608435,160.717720647153,147.068716171968,122.066666666667,123.196560445119,118.177186878728,126.338235294118,130.973333330405,135.614363811843,128.590854980079,131.758797211504,139.534867047941,140.280978006758,134.907813631102,147.355695892914,160.931917795458,161.58398794144,173.093815882197,128.718217971058,89.9974980179719,89.9974980179719
6.01576797775047,98.7070519083479,95.8429160726402,99.9225193076285,106.342063113086,77.1834217877313,71.3962541088392,72.3068866027552,106.356317086446,113.354903212159,100.212284485012,103.241195580572,107.942063506209,101.834368375891,108.892847193471,105.996789333236,122.81902939541,166.58950565693,148.029334630008,126.354383233249,163.355116128911,163.787712201893,149.905339215362,122.066666666667,123.196560445119,117.988941351889,123.448529411765,127.553333334254,132.510798707784,125.99743294362,129.24183360806,137.144080244579,138.007639184063,132.791046696928,145.533217052281,159.722333250786,162.780488373026,276.517344978363,131.123188405797,91.7862318840579,91.7862318840579
6.01576797775047,98.0400791537872,94.9454024202732,98.5671926501986,103.808423548274,75.2349179631197,69.5983679115043,70.5803830867972,104.501566087854,111.418521088528,98.5172818050873,102.583429447151,108.759750610103,103.369621118271,109.651045716021,106.514912202845,124.247338790324,174.311631054671,155.057960304891,131.261762461784,163.022570734532,163.691153219496,151.364720309588,122.066666666667,123.861203844208,119.964338966203,126.900735294118,131.543333329955,135.551495855247,128.011255397022,131.028313699885,138.643051091621,139.627243298333,134.281655988777,143.71703291408,153.415304490607,156.629570093386,223.802650763123,131.123188405797,91.7862318840579,91.7862318840579
6.01576797775047,99.3739927277186,96.7403738723015,100.879144663983,106.845002382962,77.4415319255019,71.623001718374,72.6979586022844,107.544868741896,114.39105012786,101.083730880062,105.591722594843,112.629216941597,107.206731833893,111.639914878789,112.264306380197,163.198945986299,193.020268361201,168.688600521964,131.693103512459,169.228291117111,166.117791135645,144.503213994694,122.066666666667,123.329489124937,118.363941351889,123.694852941177,126.983333336261,132.046277074145,125.657262472258,128.826458677186,136.253400320649,136.33817039815,131.197543471517,142.875896872714,155.738639937646,158.719354799432,216.726329602202,131.123188405797,91.7862318840579,91.7862318840579
6.01576797775047,97.7733146876944,94.586440045723,98.9994667920305,107.743970495839,78.5728142007156,72.688497590869,73.9809578509105,109.397069312297,115.830747696656,102.420537475923,106.260526693654,111.696214292561,105.388452653473,113.007567180365,153.62643876917,150.835183208998,173.142342348238,154.46245944709,133.85759102568,169.39965650724,166.063359505533,142.931802777812,122.066666666667,123.263024785028,118.276838966203,125.110294117647,129.073333333069,132.65958456888,125.003327751243,127.719106876907,134.660830806942,135.396696686653,130.242458824989,141.0042992266,152.573584048405,157.910024469251,311.738431678875,131.123188405797,91.7862318840579,91.7862318840579
6.01576797775047,98.840409049203,96.0223533751981,100.85775028324,110.214499789616,80.3718872828528,74.3356283936517,75.5834642900832,116.441675804726,125.47751322704,110.891566526431,114.296407591611,155.719944588498,139.156802389229,149.718100634656,164.644011765471,163.929913423395,184.697452114093,165.48363634419,139.961600317839,177.642146304298,173.760416197051,149.790190803918,122.066666666667,123.927668184117,120.089090457256,126.073529411765,130.213333330739,136.120099733685,130.099851306792,133.418882306297,142.058862420116,144.147557884238,138.639724284158,151.962635546932,166.628868228384,168.396223008061,359.547273119575,131.123188405797,91.7862318840579,91.7862318840579
6.01576797775047,98.8404455466522,96.0224172070181,99.7507115535526,104.60293633101,75.7052818455646,70.0321468490963,71.0992350324176,111.081511734824,120.691057021493,106.714846216704,155.122685846776,307.778486175022,169.994462044568,167.708047788782,183.344770509833,181.76595374225,195.575870320996,171.158663205909,136.794332701317,175.489880689325,170.582305339433,145.839813401158,122.066666666667,123.462417804755,118.927186878728,126.959558823529,130.7833333347,136.268188548641,129.888741931851,132.227531530215,138.371257550484,138.566654343975,133.304440599368,145.803311363718,159.597680814558,165.148473528176,538.559955434775,131.123188405797,91.7862318840579,91.7862318840579
6.01576797775047,97.106328245888,93.6889024551952,96.8469238597815,101.161764642652,73.2562166778125,67.7751099456682,68.8472077070621,106.494849716605,115.185582703526,101.871238751252,265.328990200764,354.881332230914,196.504719753302,183.350615664759,180.520278147698,175.560856915212,183.685666212145,161.78997958545,134.647274812367,166.108644805003,166.506385867942,154.01240983904,122.066666666667,122.997167425392,117.476640159046,123.533088235294,126.983333336001,133.522968745569,128.233198687601,131.779540208914,141.497010247316,145.268533203987,139.782659815152,150.592301755702,162.147948707461,361.765814667634,555.483206235729,131.123188405797,91.7862318840579,91.7862318840579
6.01576797775047,96.1725134641759,92.4322907787013,95.214991848723,98.9535959004548,71.6405558369888,66.2748740242294,67.0688669836707,104.319193693599,113.768742019156,173.941652957233,319.216794245883,375.465597899639,186.241757625708,160.330016280649,164.697292805206,164.617168764174,194.335201373944,180.702358441525,159.952478904708,203.64763853189,195.564270520954,165.283292626106,122.066666666667,124.127061203844,120.601391650099,125.757352941176,129.07333332879,135.191055315956,129.418886577873,131.983324050829,138.236299709005,137.807099754715,132.537335420533,143.489065613018,155.217114448114,213.97270327013,555.583460519696,131.123188405797,91.7862318840579,91.7862318840579
6.01576797775047,97.3730242727879,94.0477451337573,97.9644395467464,105.078595605676,76.4478028257966,70.7019659951987,72.0503817576376,110.905390859073,186.217972210185,306.968972863365,332.229929000011,363.971702247004,179.606602324515,169.104582521725,185.462049864935,185.20811703561,207.587262816001,184.162552531777,156.199973383798,183.062107421991,174.076317738729,144.890628798705,122.066666666667,123.263024785028,118.214090457256,124.044117647059,127.17333333684,131.708887207972,124.912003929089,126.949504129848,133.210233371338,135.040782414966,129.945487572748,139.680637638685,150.040808922315,409.34836986945,555.58405443168,131.123188405797,91.7862318840579,91.7862318840579
5.90733094954232,95.6660216914128,92.4173808509898,95.5984702067553,99.8440013980057,72.2828188684897,66.8754109235368,67.7419783534282,141.158021738324,241.520276991903,301.567789146508,314.133825955097,356.956006008231,188.94135075324,171.495972272779,174.813648440128,169.779852123235,190.348257080411,167.726675905957,141.865742538917,168.441672234197,168.763502031513,156.746840787966,122.066666666667,123.395953464846,118.576540755467,124.334558823529,128.123333332723,132.764364348417,125.96934127089,128.53424995285,134.875755971676,134.786422457782,129.655466564679,139.986262410541,151.001304495444,274.846981590641,555.584057950048,131.123188405797,91.7862318840579,91.7862318840579
5.90733094954232,95.9327489192486,92.7762780980921,96.317519013891,101.743901536842,73.797614895148,68.2596134787433,69.2531399820486,208.279416102584,243.373736516499,306.513518203348,323.267231119437,368.537005297686,182.575008489882,163.629025576795,172.279679320804,169.581776490595,186.205663408538,169.05756873948,148.291718257707,182.392523272434,176.7791405874,151.555149250906,122.066666666667,123.13009610521,117.851640159046,124.0625,128.503333334265,133.460798588055,126.871121337786,130.416966819954,139.431395538913,141.630307535425,136.248697934797,148.959204137582,162.954314535477,277.891380270165,555.584057970891,131.123188405797,91.7862318840579,91.7862318840579
5.90733094954232,95.5325771261762,92.2377906485031,96.4343934176776,104.947053811313,76.5579705290057,70.8157570978175,76.0074909686338,371.159169232046,248.570321179655,308.711090081911,322.28975954815,358.887165115813,184.675562647674,171.325598848442,178.684865219675,175.058965608115,186.437556634583,163.970265165261,137.637852015051,173.545851410557,170.507774205304,151.410641745856,122.066666666667,123.13009610521,117.851640159046,123.908088235294,127.363333333478,132.320798475923,125.822354810176,127.557619915611,131.563750428399,129.35582511627,124.448889879348,130.706764222786,136.595204549808,138.188352531316,232.346831281273,131.123188405797,91.7862318840579,91.7862318840579
5.90733094954232,94.4654143303118,90.8017576314998,94.177273105981,100.445897438826,73.068635656077,67.5985778149575,169.263698546184,401.75202401054,240.281899829063,298.936236407195,312.501348574516,356.948352861106,186.880815069471,171.087157960442,182.031493032192,180.120872186489,194.73344708237,172.877376974177,142.063514121494,175.137514750941,171.8515750678,151.406619469327,122.066666666667,123.063631765301,117.538643141153,121.922794117647,125.843333334112,130.589842669674,124.056095752059,126.545930441898,132.587903026665,132.185013209427,127.17836378574,138.399476829483,150.68201175906,156.485087260484,240.36200689217,131.123188405797,91.7862318840579,91.7862318840579
5.90733094954232,95.26573966222,91.8787006051275,95.0949177338883,99.8799202670262,72.4054436288563,66.9708116678071,178.613294039941,387.705497303144,231.03726326831,291.809344252022,307.281554377737,360.937081093644,190.963320292403,172.507879416687,175.130762062851,171.879932490078,188.333281631724,171.21179453455,150.641138618806,185.952255970308,179.74979788243,152.786932967765,122.066666666667,123.72827516439,119.388543737575,123.319852941176,126.60333333069,130.295062146218,122.914784943559,125.479532060072,132.52303273461,134.152757598469,129.04096413762,139.582824939755,150.885924221759,152.60766725585,165.883072088081,123.456597461856,86.4069809845104,86.4069809845104
5.90733094954232,94.7321924809975,91.1607439395711,94.5865021988007,100.779746234372,73.2818787316517,67.7881101316661,209.28671695182,386.255165384961,242.208668959037,308.298545022108,326.74859556414,372.714193469195,190.504044102761,170.607235698021,167.06600363983,163.233098361544,182.879813105582,162.394504514274,140.918663249532,179.906680843201,175.547939839893,154.205778591534,122.066666666667,123.661810824482,119.376739562624,125.911764705882,130.213333332682,135.170798184204,128.443861522857,130.782151940027,137.27620788605,138.314664362721,133.024743811848,145.265625588191,158.614932401413,159.858005040507,172.585248397381,128.342709379771,89.73384528369,89.73384528369
5.90733094954232,96.4662915342854,93.4942267776672,96.870204564688,101.068373342141,73.1076850306102,67.6141732419924,230.729027872892,400.402362845297,241.222433254606,297.784134249087,307.449938654718,344.385034074741,171.340942705317,150.58435477013,163.692075006812,162.612389936043,189.682139839582,169.330968406792,143.94532260617,176.00368924236,172.899969391046,154.245271277045,122.066666666667,123.329489124937,118.51453777336,125.841911764706,128.503333334662,131.878628995845,124.111351815887,126.601244683301,132.292184467482,131.084987843674,126.126553725316,134.339362838764,142.770908424372,145.006002865874,158.861619046304,118.335312698526,82.9110323023309,82.9110323023309
5.90733094954232,95.7993826519773,92.5968248339871,96.4451414254596,103.265288043343,75.0957398302707,69.4656154020122,345.639747703208,387.993625017527,225.993046567218,284.42882450074,294.891533507255,320.811184544064,158.882564344523,146.511834376778,168.118197634413,165.706269187218,187.945495886697,166.633281466226,139.982790138232,173.690396885044,173.230221603879,161.148497811399,122.066666666667,124.326454223571,121.15134194831,125.952205882353,128.123333329918,134.662967511356,129.281066430493,131.921132714897,139.088994789015,140.471143159035,135.106125464574,146.924767739076,159.716004620053,164.471488839492,285.804339199261,131.123188405797,91.7862318840557,91.7862318840557
5.90733094954232,96.0661471191625,92.9557872104477,96.3228760756746,100.904832427259,73.0683122926747,67.5886236308491,292.265919010813,366.038043961029,214.577782467169,278.953983537474,296.95272131228,344.046469182182,174.300216351017,165.328966481624,167.081002189775,165.562541340925,189.502276158962,170.245538629337,146.159621762717,175.41579733526,171.544588872796,151.677666636618,122.066666666667,123.263024785028,118.251739562624,124.683823529412,128.313333337229,131.372195508068,123.384766785272,125.497670464794,132.76070862435,136.65039350665,131.491233313443,144.885889209401,159.959911971638,164.253340404245,500.493968440066,131.123188405797,91.7862318840579,91.7862318840579
5.90733094954232,94.7322198570493,91.1607918186215,93.9665862686676,97.6381024202712,70.6693963370038,65.3798017661573,137.893581136741,365.402856424583,219.434693707751,283.505866213326,297.964308592169,333.769908439916,172.004136901853,157.573453363053,173.543251176622,170.038871693767,185.297878262933,162.739306670673,135.792459665606,166.264558821534,164.843142322539,148.653201029084,122.066666666667,123.528882144664,118.951540755467,124.632352941176,127.933333332467,131.625062506272,124.138591447658,128.21239893904,137.57183047947,138.610671417844,133.338749661818,144.96712800365,157.608897083544,158.992032624321,397.876801904879,131.123188405797,91.7862318840579,91.7862318840579
5.90733094954232,95.5325360649073,92.23771883484,95.6370755045592,100.892369176588,73.1838311033524,67.6875790903932,68.5755176498858,343.867630453516,219.218948002802,283.302582958371,299.052535683318,339.371669931923,167.191630700489,151.882367249573,168.091026801277,167.551323954232,193.522763513251,177.316193016023,153.613012815007,190.67606699174,184.904403751735,158.231995101934,122.066666666667,123.861203844208,119.788643141153,124.121323529412,127.743333332311,131.435062485654,123.963803118732,125.548026256512,131.674887609282,134.976490751683,129.845806695788,143.632632734041,159.157379544189,163.198509864197,535.21981987762,131.123188405797,91.7862318840579,91.7862318840579
5.90733094954232,95.6659570764545,92.4172678433555,95.6425172647179,100.056716365725,72.4578920805134,67.0234756496113,67.7786314671933,243.859560743613,215.856317486979,277.98516669244,291.722089750763,330.655772061694,165.506843802624,153.64540789753,169.476383009843,167.829517032605,194.783809711479,175.847142393116,154.513953771429,188.671534039458,184.248595449276,165.400742157599,122.066666666667,123.196560445119,118.101888667992,124.981617647059,128.12333333541,132.342452908229,125.233581499981,127.270642582522,134.057359891165,137.069379866875,131.863299391924,147.37668769438,165.090468035424,508.518250417523,555.463419085933,131.123188405797,91.7862318840579,91.7862318840579
5.97995391338815,95.4752746652702,91.7142079151418,94.8834562779323,100.366963083924,72.9087863249035,67.441933069394,68.2494060372216,115.00255289102,209.79141209209,274.627039158626,292.186164690756,345.49177753639,172.70559207504,163.179573846611,177.048657328576,175.492784324547,197.21740550068,177.023303378352,153.80848235184,183.090987763876,175.962568003009,150.41559975738,122.066666666667,123.329489124937,118.363941351889,123.669117647059,126.793333333272,129.957672796754,122.17002188268,124.433453207593,130.71610099785,131.811785411937,126.817654272544,138.037652920144,150.334807207386,430.050589600718,555.583343299514,131.123188405797,91.7862318840579,91.7862318840579
5.97995391338815,96.8092056449468,93.5092098087603,96.354020493713,99.1372946299251,71.5673445641972,66.1929980516862,66.703813334603,93.1801392463112,98.1248556122196,221.089512771067,294.987241782732,348.971839604836,184.901079962498,174.591381515315,187.849646411249,185.068979315884,198.719209051761,177.77174786217,150.416698867462,185.871609889423,184.014320767165,169.324454022467,122.066666666667,123.994132524026,120.314239562624,126.720588235294,130.213333330092,133.799583969335,126.051663038997,127.107228813812,132.273511007811,135.332430857506,130.148756384104,141.521234873428,153.796526226354,188.966624141085,555.584053737261,131.123188405797,91.7862318840579,91.7862318840579
5.97995391338815,96.9426449075303,93.688790737229,97.1124085040621,102.122286811358,74.0193872748843,68.4646172108995,69.2692485037423,98.1010792410915,103.115186443377,121.149574198363,309.844160612716,368.161806787333,197.416139064527,181.148644931798,185.786849109207,183.470997969683,201.565000501703,180.051822139549,151.902028392879,185.610678844913,180.553617855061,161.568217484877,122.066666666667,123.462417804755,118.814239562624,125.169117647059,128.313333335664,132.11054112064,124.672627883928,127.766137863069,135.068132931277,135.189556681625,130.074836390627,142.810285636121,157.012941116901,159.416023911536,541.894018392957,131.123188405797,91.7862318840579,91.7862318840579
5.97995391338815,96.2756812784243,92.7912930447273,95.9342636078213,100.491712960817,72.8227075113751,67.3663074226039,68.1590495372658,97.4013542642825,102.790001031888,90.8874145877346,314.376555902039,384.013379904275,208.139817992654,193.444558157051,200.966973906301,197.413544763734,198.480465082584,179.915863383908,157.847491974332,184.446946981215,179.789136519845,159.97190200871,122.066666666667,123.72827516439,119.626988071571,126.908088235294,130.403333331861,134.622452221002,127.330740150934,129.970882221605,137.226645198713,138.883668525244,133.582561914271,145.405162524619,158.243080495031,160.314301030361,483.203639583074,131.123188405797,91.7862318840579,91.7862318840579
5.97995391338815,96.2756584665043,92.791253148066,95.5798831506839,98.6890553142692,71.3225244472317,65.9748641722409,66.4907156608321,93.9287329238786,99.3743634652932,87.8546357306097,269.99957238236,400.404938574253,215.845490328292,194.379406108734,199.877540237585,200.206333558535,220.515529556171,204.181058486453,178.394774362399,213.577918236722,201.397521950797,164.068745928241,122.066666666667,130.546455753154,125.139289264414,131.746323529412,135.469999994702,139.689117944733,131.991323286284,134.857013680598,141.695178076168,141.327359795935,135.887148259533,148.090111784268,161.27482186437,161.082544880902,320.654742827402,131.123188405797,91.7862318840579,91.7862318840579
5.97995391338815,96.6758393815731,93.3297565514721,96.4816429197392,100.656735409829,72.8635327838032,67.3947467312365,67.993006893578,95.8301385029167,101.06924812581,89.3293180202201,225.390985016703,389.781711017628,211.628876222162,190.977944447012,209.02593244976,208.410608829469,231.636966306111,209.57205618404,180.470371945567,205.896575735912,193.595503264682,158.661077206767,122.066666666667,135.887882156796,125.089090457256,131.150735294118,135.850000000082,138.908861462431,130.318044601839,131.525168163437,135.449354823286,134.935597307226,129.813221145114,145.115593937048,162.624905576736,164.401143508937,405.484385554984,131.123188405797,91.7862318840579,91.7862318840579
5.97995391338815,96.2756721529697,92.791277084862,96.1556645740444,101.613092552838,73.7551027761263,68.2250105910191,69.1870755485312,94.0688543661639,96.7080200611332,85.4933142510212,187.070733679953,408.727108025311,224.051856801831,202.937917051324,203.45390761505,197.962059423996,210.707691070372,190.502331395555,169.674184967382,199.94637501489,189.542937237218,157.130132655109,122.066666666667,124.525847243299,121.902087475151,129.661764705893,134.013333480499,137.283167238002,129.000025038688,130.739055122265,136.945647783975,139.714701445305,134.536327312481,147.590834575223,162.224972632552,164.323123505434,445.156440489908,131.123188405797,91.7862318840579,91.7862318840579
5.97995391338815,96.0088711889595,92.432250877673,95.3034810794382,99.0254151814593,71.6661174807099,66.2949217167438,66.8979509753827,91.9310198690825,95.9076245563728,84.798383134559,141.834698206379,412.290461915384,211.684621575009,183.66709398252,195.23867725687,190.700434095519,202.940277346214,181.304228089086,158.176941699865,185.473890972243,178.147771807158,151.565817941646,122.066666666667,124.127061203844,120.475894632207,123.959558823529,127.743333336476,131.75149738563,124.516672419996,126.856221559626,134.142316261195,137.17302157422,132.017379715139,140.483188455649,149.21302924201,152.577817573478,363.309593771064,131.123188405797,91.7862318840579,91.7862318840579
5.97995391338815,96.9426175339754,93.6887428625454,96.9794459583809,101.443714135365,73.4542849363756,67.937674531675,68.6367835661227,94.1374705019601,97.8613769686447,86.481638342147,89.9947355500551,391.022192496577,198.285809119439,173.155850516772,180.474827960696,176.987631711644,197.905862905888,179.312295012846,157.104754327206,191.073644603834,187.905101051337,170.73689508627,122.066666666667,123.661810824482,119.288891650099,124.522058823529,128.313333334765,132.216018854624,124.856345206026,127.874119048278,134.173274586688,132.275803766988,127.251840184451,135.225378431163,143.254144102762,148.015920725324,212.212221292372,131.123188405797,91.7862318840579,91.7862318840579
5.97995391338815,96.1422876388717,92.6117919081663,95.4417668116065,98.8610258921108,71.4980571550409,66.1425976424295,66.8333350828446,91.8170759485209,95.5340659827318,84.4781354736491,87.432106442019,238.304162600112,185.967880952096,169.940618662393,190.825868066609,188.434302642534,204.342712873204,176.801278364332,140.908395101062,172.006832427964,167.120437925591,147.803277343415,122.066666666667,123.063631765301,117.58884194831,122.466911764706,125.083333336127,128.35315133961,120.781197841612,122.743249757159,128.352724254846,129.137072338513,124.267244926955,137.881775176893,153.381942981703,151.245141088097,155.551375138238,115.898867823972,81.2253638962644,81.2253638962644
5.97995391338815,95.7420793496237,92.0732406289849,94.7170532825092,97.7851913823903,70.6977637702173,65.3986954792256,66.1215443940557,91.7323059156331,95.7262218041873,84.6340663399312,87.8960389061516,92.6633916634767,162.593115636964,152.893540763561,151.958655220888,146.297186627058,175.689156803612,157.180504429276,137.658927730851,175.416459382798,171.918972103664,149.925785268721,122.066666666667,123.528882144664,118.813494035785,122.647058823529,126.413333331563,130.526974227617,123.475990701884,125.889858567707,131.894219424778,131.706555615696,126.682357735497,139.802320075109,154.459251770269,154.271513922841,163.36066807971,121.536828255793,85.0229512344071,85.0229512344071
5.97995391338815,97.4761829634543,94.406731443193,97.8865119756613,102.568292005615,74.2619983754957,68.6780999913723,69.49326523025,94.1441482446867,97.0111020891886,85.7049111741694,88.9550430924044,94.066819789068,89.0667024750676,95.5907511093457,96.6238822969146,142.603018885212,163.896280391858,143.545938301786,125.093027130634,158.200869847972,158.904515388955,147.224013044758,122.066666666667,123.196560445119,118.014040755467,123.772058823529,127.553333334138,131.772452661582,124.7090300374,127.424915019959,133.401212138217,131.937657119671,126.918309128301,137.898689028714,149.808590556524,152.050421738176,166.461272642184,123.879275479338,86.6914310385536,86.6914310385536
4.774213746523,76.4942652719485,73.5850654207293,75.9217264832995,79.3454216091243,57.5099805939059,53.3322899076758,53.9978851572582,75.9728901120722,79.9333273083558,71.1153574422824,74.0488839077817,78.896387683516,76.8568666861672,84.796922440164,83.4212893999908,90.422969316351,88.8570230331458,90.0448479617128,103.099715708882,109.404405807827,159.366535630118,147.148810895225,122.066666666667,123.72827516439,119.401093439364,123.558823529412,127.173333331584,130.970540335973,123.62335792308,126.112842289351,131.627569577302,130.025319440376,125.081416880422,135.204564449996,146.063756275238,147.137087936054,158.576826157178,118.047094972708,82.6442743873715,82.6442743873715
4.774213746523,77.4272845872268,74.8402858747866,77.5064180019264,81.1963744287236,58.8081277006101,54.3904545227705,54.9353886558529,76.3970827326626,79.9350998919729,70.637214219962,72.488663338812,76.145943949866,72.3220765675107,76.4901607769452,74.2162307462844,79.7854188691281,78.1028364518665,79.0533140107224,90.3137922095796,86.5662088253788,89.5868882918442,101.943576915116,98.5827914343237,100.236206005055,96.9513955196092,103.084871023654,107.178378961262,111.991998355423,108.33689180172,111.614219514154,119.471185457095,126.735139867615,125.082860416803,138.499962382224,152.992271843602,153.773007328823,163.971522318223,122.158656209153,85.5362110998625,85.5362110998625
4.774213746523,76.8937419444895,74.1223371467649,76.3337147723369,78.7272111652911,56.8825859624955,52.621622677398,53.1397196767053,75.408553896652,79.6381573783101,70.4206650393065,72.8065649477222,78.0212037932658,75.4765330321364,79.4041260545231,76.9585210971352,80.8894179439529,78.3781338246598,79.029526778109,89.1604552895,85.8436896998011,88.2773134584385,99.3799457471873,95.7468783679264,96.3370836523996,91.9910145440509,96.6275597721924,100.334412625132,103.890178309874,98.7085842778242,100.260816909737,104.017066539696,103.557473852051,100.11120250315,109.06784426378,119.042787021968,123.675743420608,141.290788010087,105.440526811718,74.0202950636984,74.0202950636984
4.774213746523,77.5606918890018,75.0198109057441,77.5560958281259,80.5807679459757,58.2644769598026,53.8891489715058,54.2805618940852,75.0009632941805,78.6819979949458,69.5344830530031,70.8359895776097,74.7044777022103,71.7053352153525,75.7348349010676,73.4565793640592,78.8996737528181,77.2092909247107,77.933511762701,88.8302307454492,85.9280997054869,88.4475957513303,97.0891984821879,92.1906080527842,93.5610625875832,90.4268486929671,96.846273799024,100.320425074797,102.577563371461,96.0799649254388,97.8159497511452,103.332964215126,105.374011180262,101.238765570143,109.617919095394,118.8415950099,118.207257460851,123.860576602824,92.3225899169055,64.7169492976211,64.7169492976211
4.774213746523,75.8265973984412,72.6863360475807,74.5195319183255,76.4738639962701,55.2630092127414,51.1319584759282,51.5521995360291,71.4621963028785,74.991510329656,66.34251739644,68.1121105813404,71.4753057970301,68.091588261537,72.2592730058347,70.2309323836636,74.6616946130064,72.7447888427159,73.3149150184882,82.4149556903079,80.0122977816835,82.0177349546046,91.3661433224807,88.4155920394182,89.5594131990028,86.2938929040602,91.7212151196976,95.7787589957616,98.9036597225571,93.8239030840445,95.0073708110467,98.4397168122604,99.3402200029279,96.0829635637641,106.953238426746,119.26407215447,120.47278736497,130.349274993343,97.0757501842356,67.9753402104796,67.9753402104796
4.774213746523,76.4935062809054,73.5837379915338,75.5646126340705,77.4209543398371,55.8897428280589,51.6932885158854,52.1023425157392,71.9662187230898,75.3939144954997,66.6316791867294,68.5001846989382,72.1769901041302,68.7166854150312,71.0846781950053,68.5461240321089,72.0400204940447,69.8129529222528,70.2641288441224,76.6919319007303,73.4517726741891,75.7236467238046,85.5831313030389,82.5564038394793,83.4058374158158,80.0528353518894,84.7959684935017,88.0391889919464,90.8112164921097,86.1376824772569,88.1766194759526,93.3627602573863,95.3902067762754,92.4282165719782,104.065729952739,117.561464169628,120.551787804637,134.254362194127,100.115775132723,70.2031971417015,70.2031971417015
4.774213746523,75.9599545364875,72.865773345226,74.7018843984005,76.5230521732703,55.2708720255596,51.1294541402454,51.5952324515753,71.7288647752409,75.2038862173168,66.4940647682304,68.6417044027267,73.108434955972,70.3010066622917,74.4017157356948,72.2133192489584,77.8238513229211,76.2182643414511,76.9023977593696,87.3973360125151,84.1447329293623,86.3185016970847,94.1755986178993,89.0555616436849,89.7281522785088,85.8904818845796,89.8890120887606,91.7116669871369,95.0061555841642,89.6340900133008,90.8520672672443,95.3258911395389,95.5363673195173,91.0423984405388,100.245419162819,110.717954452114,113.185305195957,125.96246337086,93.7920734530708,65.7084492679817,65.7084492679817
4.774213746523,76.6269044806886,73.7632471036608,76.0128393924636,78.8271711848089,57.0277163038924,52.7447632188044,53.2904089773103,73.8132622222149,77.0530906574833,68.0925998962136,70.2833045702685,73.7483103209697,69.6121585307645,73.3808888672935,71.1122605833124,77.6055256558047,76.3990873511882,76.9072454008416,83.6986892923774,79.8295218259646,81.7958996265271,89.6821245848132,85.580448159331,86.5297426760903,83.1419381822162,87.9775830695852,90.6055338861222,93.3991036577136,88.2989997665518,90.4378937589096,95.391259911915,95.6802390258187,92.409565985647,100.860660404005,110.164902734318,110.002670683333,116.121224090667,86.4754484835019,60.5354992198539,60.5354992198539
4.774213746523,76.4935336535241,73.5837858645799,75.4761403277309,76.9772565343403,55.5215778985073,51.3598131766864,51.8589999995853,72.6256364643242,76.2871952131022,67.4482750273255,70.1506355529579,74.8735973344114,71.7428956026503,75.1567722815816,72.7571818134827,78.3268717188869,76.6893475446761,77.431580080792,86.3580699926842,82.4440512589244,84.0290811093026,89.6765018571225,84.5318643592152,84.7182745471756,80.2105503585682,84.1328790850575,87.3831651171932,89.7726759151385,84.5883042325765,86.2252552420836,90.7127297867236,91.4350942882537,87.9818102077068,95.7803677189865,104.476049844543,106.623258798342,117.820468602204,87.8771075094954,61.6554162222428,61.6554162222428
4.774213746523,76.6269227305055,73.7632790214812,75.9243332136388,78.3807888377455,56.6568940257289,52.4056522170807,52.8506863151871,71.47427053149,74.1205563945143,65.5140888351256,67.2836492149632,70.7918949202102,67.3565387724174,72.0739787131187,70.1603073430245,73.7472118064932,71.5124942022007,72.1285548401273,80.6660113632951,77.8131362607734,79.7598492832592,87.3063694721273,83.5565750961268,84.6121944994276,81.3961569005735,87.372978324899,90.0976219170479,94.1404924443406,90.0729142584121,91.4588158880253,94.9372924353497,94.8384740493211,91.4062291858146,99.4121348212336,107.842399162845,110.85614784208,124.683946286672,92.5822923705043,64.624133206209,64.624133206209
4.774213746523,75.9599590996829,72.8657813259774,74.7461883110171,76.7491554649905,55.4591596530893,51.3050264518564,51.8059917420678,69.2843179878657,71.332612351718,63.0774929708062,65.3480666247888,69.0882394247441,65.7462378522488,69.3491919346984,67.2692550837674,72.4971999677578,71.0420257555467,71.8284430044769,82.7414488184347,79.9459039252578,82.1536141365077,90.3647197087176,86.0851332593827,86.7742665021419,82.8110352494709,86.9743036305269,89.8487762381904,92.5353695461604,87.2316907733714,88.7307099395215,92.458070852587,91.4702762783212,87.6107291058915,98.5742371943594,111.297423529324,114.42632332162,128.641112199413,95.8109698718566,67.1408554399785,67.1408554399785
4.774213746523,77.16047903531,74.4812516436279,76.5656435332289,78.1561061416966,56.3421772603688,52.108265129927,52.4808564956441,70.2875034911864,72.7566615420297,64.2883882534797,66.2472096413816,68.7011591672142,64.0827538188862,68.3968446488289,66.524020579796,69.8535622493515,67.6694380082454,68.0642920905918,75.0168766160981,72.3007155165163,74.5176153900317,82.8868511595426,79.062772853477,79.4954510753796,75.5446612314727,80.3242761614366,83.5541544525548,88.0387886789336,84.9956303835433,86.746846866183,90.932655204895,91.9645546203305,89.270333293305,96.6820730616869,104.662648764361,107.828799790028,121.154690947957,90.2772002623214,63.2279864312162,63.2279864312162
3.94651092570467,63.463640800797,61.1386541920193,63.0013817144956,65.2919635271417,47.2335738179443,43.7773486499157,44.2242939387754,62.8139582883518,66.5560223335084,59.1210015751039,61.1899048828554,65.2628696583254,63.5931114075353,68.898219766956,67.371967224058,72.6344806875226,71.1212761560444,71.8156425159533,79.6417820638046,76.1417526584681,78.4712411764654,86.5699974139114,81.7815961383176,82.3557672714277,78.7996046546445,83.3997263717948,85.4336354281107,87.3779970406422,81.8168798092591,82.5127264966726,85.1348875762586,84.6547333539988,81.1721395468685,89.8662711086038,99.7684982342156,97.6876505872033,98.9970223905604,73.7472304880827,51.685939969105,51.685939969105
3.94651092570467,63.1963723434735,60.7788103674442,62.7674800193045,65.7750760631204,47.6872570480571,44.1118668459822,44.7132745568319,64.5605414025209,68.1827915557198,60.2765074365748,62.6259042637245,66.6916168297675,63.7335702129346,65.9830158722704,63.6320431085323,66.3907539565258,64.1094707383732,64.550620749274,71.9808559828739,69.2480008506492,71.048127873617,78.2675905318779,74.7455324304076,75.0874268326902,71.1711596566085,75.2449558718401,76.9697396635523,79.7707975543783,76.2089416813034,78.1060140316993,83.0265209276181,86.0045373678968,83.3631511968067,91.2550262541891,99.9621124137106,99.7550361207187,105.101894842187,78.3490865359937,54.921517986226,54.921517986226
3.94651092570467,63.1963632021854,60.7787943798871,62.5460112296372,64.6502184760388,46.7514294441748,43.2460265015077,43.5898870290819,60.7832803744015,63.945107639329,56.5322842493407,57.7716242699023,60.4134115589792,57.4173796522169,60.5495495821794,58.7462905096377,61.766029648738,59.9418394845473,60.3898979548637,65.372307815947,63.0244358470774,64.9733465406371,73.0679011632529,70.7927777420289,71.5743326600338,68.294500791196,70.2564163793497,72.6289046372176,75.6285492488077,72.1186011485962,73.6899900255924,77.3274978203897,77.5280211574071,74.9800921672681,85.6005990508886,98.0693638974019,100.113563105906,110.579766498728,82.4164865070751,57.7595983714952,57.7595983714952
3.94651092570467,63.4631504791055,61.1377966491874,62.9109872379855,64.7633655740745,46.7817393171818,43.2714450409507,43.6995227902245,60.8293120105235,63.6997896191771,56.3051317003964,58.3059870831325,62.2782064063163,59.8607349875673,63.3915573588637,61.5328006124172,64.9237024258656,63.016913621783,63.4933676307431,70.5303529684834,67.6387646376035,70.0474587203274,79.9166585254909,76.7277825546209,77.0904948709936,73.3744893624729,76.6073018554896,78.8406024506697,82.8566056725307,79.3701645183551,80.2091751918685,83.7771587587994,84.8861786827407,81.2036520155322,90.570701824573,101.084304872756,101.577509222659,109.334602096633,81.1776399771965,56.6806584393929,56.6806584393929
3.94651092570467,63.0629786880868,60.5993092031905,62.3192701340109,64.3692467854672,46.5496619950908,43.0611234277784,43.4403457278345,59.3908985123206,61.8580934808664,54.6917388481008,56.1602485533253,59.4426243646506,57.0098667092165,60.9558536916036,59.3371086040992,62.7138963497453,60.9500891335143,61.3857648527393,67.4593899055166,64.9691007009373,67.1328206120726,77.1757551792403,75.3082912184535,76.5244568902183,74.133170684667,78.4653092120899,80.9677056924002,83.5255283203202,78.9867183061696,80.1877004728298,84.0502550660578,85.6028953907003,82.4818393455741,90.0955323598965,98.3904295979576,98.8239561722196,105.861881063307,78.7373786178534,55.0593797361184,55.0593797361184
3.94651092570467,63.4631459170023,61.1377886703463,63.0438312082723,65.4367353783714,47.3417145364193,43.7878285415846,44.2664197456301,62.5818744907335,65.8311367083656,58.182663248502,60.1701580071345,64.770431255033,62.8006938259658,66.4728052285665,64.4840094897549,68.0497675274626,65.9986496071,66.391260403237,72.3996312657528,68.7418122245554,70.2845698811955,77.6165536248874,74.231577437068,74.5831576002952,71.2297411946552,74.8919996508268,76.8770950681033,78.7744662704527,73.971202469824,75.1138517821508,78.7089725844133,79.396466243242,76.461814431467,84.5659309705969,93.9727773305581,97.8562162240931,112.275998963072,83.8260315773623,58.866981039599,58.866981039599
3.94651092570467,63.0629786879308,60.5993092029176,62.2749831637237,64.1449435110429,46.3631586643247,42.8893695054755,43.2519018173722,59.1218540975148,61.6184945388522,54.4837684325057,55.9608205109457,58.9781739001226,56.3217511322724,61.0144283831275,59.6268376829183,63.8554286353883,62.4487523237891,63.0637321254986,70.9835113426644,68.738477474085,70.7472000135946,79.2670490467833,76.7583825820356,77.6001939171772,74.2289080760151,78.6164624458023,82.0717540784932,85.2381872005458,80.9076043638435,82.4559012878208,86.3962966944283,86.0936272794442,82.4102080822735,90.0715363516686,98.3385569278957,100.36193550416,111.501426743454,82.7849151498631,57.7989413596551,57.7989413596551
3.94651092570467,63.729933194235,61.4967909401934,63.2316593389412,64.6514676304557,46.6248149060409,43.1236044704465,43.3269306337117,59.3739259006784,62.3820181721615,55.1310448416017,55.998508007862,58.4257815971642,55.5856468443412,59.6924840929753,58.1617367939406,62.6425153748133,61.3486138061928,62.0146966097339,71.0963622778723,68.3278822283883,70.088156912466,77.5251190615568,74.3544203844076,74.6885433881868,70.8240148162999,74.7199838226808,77.9590532167006,81.3512319829175,77.6473934858877,79.1156709765747,83.6020338097025,85.4096227851995,82.2009754628886,89.1569853425638,96.8637621470906,99.4094316713687,111.049870704202,82.8223268468627,58.0986513304735,58.0986513304735
3.94651092570467,63.4631687286103,61.1378285664619,62.7781940882886,64.0919253063583,46.2236625596499,42.7589305353344,43.0347864874903,59.4286680000602,62.4486494489462,55.2119921793416,56.5660796942126,59.7577422848765,57.2962064237574,59.8129456985414,57.8320493604121,63.2872839580544,62.3761651738237,62.878266530714,70.4112406141229,67.6379630176514,69.9975572747157,78.1928709845998,74.0175834428827,74.6916768031137,71.6792557898566,76.2269776913789,78.5262033488911,81.9042583191062,78.1921642585003,80.0423091075657,85.0026552391181,86.4370834238655,83.1986919907275,88.5996152874069,94.030316834908,93.7507919179235,98.8998742155223,73.5694136642295,51.460234868522,51.460234868522
3.94651092570467,62.9295850500947,60.4198080693586,62.181069101279,64.5366008432492,46.7206364622394,43.2193469015259,43.5814368597722,59.91979964928,62.6129243531307,55.3579247806731,56.4876313510552,59.3149998202253,56.6658358667138,61.2682302669249,59.7979898839942,62.3346575136893,60.1820020146764,60.8789316708693,70.0161331124958,67.0865537130667,69.7221814028236,80.0106957618749,76.7971964994942,77.5951332921713,74.5342706312515,78.8096840942485,81.4834320423144,84.5319114013067,80.3493077182055,81.307740670562,84.9735580969248,86.8373606064129,83.5057033569672,94.4013067537117,106.790225476361,111.696350751242,129.912458014233,96.5331160920583,67.4583277111863,67.4583277111863
3.94651092570467,63.0629604387381,60.5992772861889,62.3192023751527,64.3662722869299,46.5467307909246,43.0550864953617,43.3636435104869,58.9749964661498,61.4748233075463,54.3419731827605,55.344573552428,58.3457837543417,56.0635079487483,59.6519603822473,57.9879649329917,62.1448119386968,60.7473347846204,61.2671510271482,68.7522076677962,66.2540723292998,68.0480840670478,74.856958260399,71.3552280851641,71.744540394315,68.1352740780532,71.324065562694,73.4660512959606,76.4480617182154,72.7725488975273,74.0530746580315,77.9261747792019,79.2769283414354,76.5694602673923,82.2577726361682,88.623166024701,90.4707468111162,99.6034122483857,74.4952568333982,52.4010390140053,52.4010390140053
3.94651092570467,62.6627840846801,60.0607818597134,61.5060334802996,62.8474850431549,45.3790067173153,41.9792213855486,42.3933634116382,57.0999510784336,58.9613860548572,52.135847108856,54.1734541355218,57.266889893472,54.3554636729553,57.4709839110104,55.7867870387092,59.3630924098977,57.86163873838,58.5132296194427,66.7419314181997,64.2183186429852,66.332939918579,73.8520154605523,70.2676697753911,71.1488978720483,68.5499582451829,72.7662876881798,74.6729897408776,78.3098272222458,75.161085085211,75.8185282895806,78.2065284593572,78.7482245887907,75.8057490537777,82.9060777089954,90.6142188212814,95.5433549886275,112.660633178097,83.7654281458834,58.5621295601695,58.5621295601695
3.44809852999556,56.2839640494179,54.5412476191528,56.4705247084991,58.8133734925717,42.5346810859167,39.3824098058235,39.7313487640226,54.1052600725397,56.3518492259315,49.9360791478061,51.3741676745043,54.4954108964447,52.6283178826649,55.4445966905277,53.7632587058702,57.646432631662,56.3374481380817,56.8128937978493,62.6527008105451,60.0238865372346,61.2835725637309,66.7509183117874,63.9512469990937,64.6379316431798,62.038363120058,65.8911919402018,68.6945751178875,71.4791770863986,68.1920575441727,70.0043528637464,73.8669595843549,73.9007183654218,71.6429435646724,80.8920664838317,91.7958435812902,96.3460695751903,112.000012863578,83.611623947905,58.6864821941708,58.6864821941708
3.44809852999556,55.3499827518866,53.2843447166137,54.926548373257,57.0320500854309,41.2706358000719,38.182334927289,38.6843249047368,54.283741985647,56.7133884161284,50.1597235200507,52.4401553193826,56.2826133191085,54.0794952550321,57.4793847451962,55.8578310757193,59.1630406492616,57.5021601445491,57.8696678236357,63.5144717481181,60.8288442093811,62.3786810441012,69.3187334495495,66.4746310178238,66.9398644694931,64.1721208648612,69.6655846017877,72.6008135933909,75.5576328496156,71.9836784031647,73.4127669081555,77.545417461251,78.7739510941321,75.720606948989,83.6064736767571,92.272065856339,95.3339629949042,108.334137260767,80.473604188533,56.2068543945552,56.2068543945552
3.44809852999556,54.8163762527908,52.5662843077029,53.7093210786906,54.3258159515048,39.1459855614316,36.2154677274657,36.4075852239204,49.5719839395996,51.9091983681337,45.90928536801,46.9572377163936,49.550913553539,47.6111537127722,50.7492936587082,49.4048108052107,50.893270178884,48.9646492228394,49.695052074865,58.1082038618176,56.3948224005571,58.3546446920221,66.2575976979101,64.2736237629297,65.5626463154203,63.5974007600944,66.0658577651678,69.1694389834246,71.5311607439749,67.9536206153583,68.9079101346822,71.3897098252892,71.6841324489364,69.0330241018609,74.1922675729749,79.5736995223611,80.3580271318982,87.1143820424914,64.8628186078955,45.4412342102576,45.4412342102576
3.44809852999556,55.0831452792701,52.9252546580916,54.4285250818084,56.2331176058626,40.6680812133706,37.6147889419612,38.0075937790087,52.6136661577229,54.9013271933818,48.5196287752649,50.1683657355303,53.4855479815465,51.3018664287089,54.9234056691494,53.4353318628008,56.8547531780338,55.3394164622456,55.6421003267395,60.9008331875339,58.0404434436348,60.4992374071698,70.6869924038882,68.0179439617426,68.203329547986,64.7338771263733,67.2995675893961,68.5782491987761,70.9955161487725,67.1424736655988,68.2906126730663,71.5948706434339,71.6104399623194,68.8439090777956,76.3930997178342,84.976526478973,86.0022164215133,93.5469556362199,69.6560415090211,48.7796311747782,48.7796311747782
3.44809852999556,54.6829734876272,52.386767211003,53.5710861572582,54.4916739080136,39.3154856195545,36.3706534325741,36.6647693613366,48.909381440202,50.4705372178613,44.6308927373048,46.1122026714772,50.0552802902196,49.1231729579299,53.8482478017773,52.7950397073351,56.4817608286954,55.2105820151861,55.7120918866989,61.3198237165377,58.9596581733604,61.1437107821308,67.8485304223498,63.9796557762667,64.7628024585423,62.2811205129573,65.0008328282068,67.5836338485101,69.5333676996162,65.4671356659537,67.1610759263301,70.5887248364725,69.1669359020165,66.656672751469,73.7002989133679,81.8375607709638,83.6806511973882,92.6604125850468,69.1417155906925,48.5085440334206,48.5085440334206
3.44809852999556,55.4833216323918,53.4637500829295,54.9759721549182,56.4033745708096,40.7140872324041,37.654205343648,37.9078072627979,50.9025632999631,52.7943428107756,46.6470414896379,47.720297818619,50.0266169890314,47.4981007331921,49.2893320758771,47.5527794284867,51.4870305547136,50.5201153544626,50.7574862893929,55.2234982246424,53.0927612797545,54.8805038582955,62.6657575977238,60.7315794094077,61.4997768722421,59.0205885624242,62.0661791849166,65.6479626492117,68.8589750038647,66.274910331246,67.9897440354645,71.6576149335061,72.1115048518513,69.6141275708438,75.9699033445994,82.8310275391233,84.5310380148515,93.5593596552897,69.5782458585539,48.6465041821417,48.6465041821417
3.44809852999556,55.4833490064149,53.4637979584319,55.0203607629244,56.6336442073472,40.9064850109121,37.8383036041245,38.1814498267934,51.605494899332,53.4444523923509,47.2439126469629,48.8053886260106,51.6032795505463,49.1538099015474,53.2830982698387,52.0406292224114,54.8395284174935,53.1868859069085,53.4877234075625,58.8036048528385,56.453010235002,58.8401664076247,66.9249485024379,63.1993715219169,63.35544689173,60.0683776960303,62.7262618842472,65.5846622719489,67.37379101802,63.3362564477239,64.1416221026581,67.0319833306685,67.6156786257447,64.9225576108454,71.9678801973443,79.9944659790449,82.9637174103471,94.7630953458544,70.6056613086216,49.4946545362351,49.4946545362351
3.44809852999556,55.2165617301185,53.1047956902223,54.8325326357317,57.4189156758252,41.6233883430961,38.5025357912205,38.8978261358477,53.5141452687984,55.7236117331144,49.2613170114796,50.4909493477105,53.2097389079838,50.8212615214495,54.4213208665372,52.9643410072093,55.6728927983474,53.9194435222168,54.3631154382829,61.7316854282676,59.3038967403187,61.2483985463562,68.7273427708798,65.4823267439416,65.895723307719,62.7898789867406,65.199036690267,67.0399963143949,69.9903547567585,66.7730926367622,68.0812922831346,71.7475697887942,72.2824350386761,69.242790598413,78.3003899771914,88.7454230406669,91.2580765957584,102.747648431635,76.4008273600945,53.4286092437725,53.4286092437725
3.44809852999556,54.816371689439,52.566276326678,54.2850347414558,57.2471793082577,41.575931910444,38.4602343434842,38.9766463017471,52.7643951904059,54.2162330250703,47.9353829555489,49.6251505440107,52.7132894599272,50.4119797133609,52.3124946032963,50.4990384059193,54.0916251160102,52.8602462628088,53.4726102593517,60.9700734620512,58.4416772118579,60.7639499148616,68.5000330390666,64.9110440291024,65.3893259387113,62.2587133896915,64.7530599122794,67.850690756222,70.0794374822143,66.339416546384,68.6516429669169,73.4681779044815,73.1778992155414,70.3443407156264,80.8602287495624,93.2180128354888,96.6938043092684,110.516928112297,82.2559475089329,57.5753896152406,57.5753896152406
3.44809852999556,54.9497516404977,52.7457535228951,54.0246022279302,55.0543520500694,39.7197371188247,36.7418331820849,37.0171298730411,50.1140505842407,52.1066246424078,46.0691173055307,47.4259621809607,50.8088216459787,49.3071918129124,53.247106604369,51.9977666730777,54.959154857864,53.4235757602023,53.9937680193231,60.9150350088656,58.5532967065289,60.174180719734,65.5584126840798,61.8829874328912,62.4262869976677,59.7379975195325,61.6931080515832,63.0175525920334,64.4049780886319,60.3602330625587,61.2741413859946,63.6603689097835,63.323481279648,61.2193484869175,69.6695674915816,79.741593367878,83.7696419695913,97.5936506021609,72.8794389557593,51.1848969946557,51.1848969946557
3.44809852999556,55.8835116727591,54.0022694459281,55.7891918663089,57.9245417040849,41.8841580352649,38.7349239013796,39.004710447056,50.6657718196662,51.7391307510003,45.7076507119715,46.5442453296222,48.5660789080666,46.0153182370302,49.0081128415634,47.6273200011928,49.3037517039388,47.4874712513996,47.9794959393486,54.4899825201287,52.451043453832,54.1355151254947,60.7633394272911,58.5331299207868,59.1548831220241,56.4753345260996,59.5595590062797,62.214298871571,64.7654509944294,61.9163590181814,63.2698042325086,65.9714082058553,65.64363160659,63.4385290623157,69.391329721443,75.8132369869995,77.4075733474498,85.7613618537885,63.7553958715674,44.5535055449138,44.5535055449138
3.44809852999556,55.8835436098217,54.002325301909,55.8778843863523,58.3809138036709,42.2648426167234,39.0945926644267,39.3861296114423,50.2074890228528,50.789721743264,44.8961701981352,45.6737037787186,47.3906474924699,44.7752981209884,48.1528583577823,46.9378855836736,49.8159201030635,48.4935226493559,48.8697968261909,54.5345511784543,52.58038290897,53.6998114358373,59.1563478750672,57.1612748023773,57.4186096952297,54.3762246540762,56.4549997760402,58.0349752562934,59.3633730416705,55.6049516702458,56.575564113709,59.7326633268211,60.9259025465754,58.6843829289904,67.8509188835904,78.9113340009115,80.4504416242603,88.5541321732899,66.1299864674267,46.454669770944,46.454669770944
2.83528009535122,45.4360360591787,43.7111108362173,44.9727595742636,46.4729836184922,33.6107361461047,31.1576441249277,31.4560782724874,41.3364246397203,42.425132783133,37.7310999440682,39.1427847774807,41.3857791179565,40.0689188787361,43.5883420761655,42.7207109465997,45.9421803480115,44.988135632967,45.5454453693852,50.7036674503272,48.7629003838976,49.946418534992,55.4850728664709,53.7735312369647,54.35251165138,52.0960865151817,54.983908701863,57.0114728278767,59.3114054194264,56.6223515442067,57.5522765700156,60.0149034186304,60.615288089415,58.5877070322702,66.5059611304576,75.6585396950104,77.3374370746415,85.7745749220721,63.8314246640916,44.6529813660492,44.6529813660492
2.83528009535122,44.9020947605559,42.9924648832863,43.9314370666409,44.6114861523306,32.1804073711806,29.7715885339947,30.0834025134062,39.5884216055598,40.4054333025158,35.7363352182097,37.4463590116249,39.179056438477,36.542531475222,40.0013124993891,39.2031165970935,41.8485033407953,40.8552101746788,41.3098335287796,46.3274758385482,44.4668554807856,45.9432396295242,50.8788439462034,48.324347815964,49.0319461634198,47.3326200990698,51.0061303672356,53.2500786170366,54.6061969414032,51.5284226807601,53.025824440295,56.2090604604179,56.5781891649358,54.7563493067046,60.145712112765,66.2251258310247,69.1405654851013,79.7092431026562,59.462419497882,41.7150989676536,41.7150989676536
2.83528009535122,45.4356510528169,43.710437483495,44.7941821882049,45.5094839154186,32.7993659733022,30.3355159034523,30.5047822842593,39.3257875771369,40.1445584082444,35.4739614493214,36.3419902846338,37.4805020403529,34.9185489848013,37.6258294916328,36.6943195951018,39.8317122525789,39.1524842562126,39.3769954605,43.216926193417,41.7893587841906,43.3912454499585,49.1744602346842,47.0346705616047,47.5059597837691,45.509676491566,49.2940294160227,51.2668393936616,52.9192139678942,50.105616208494,50.6526905079237,52.9703196551174,54.6499395058715,52.7025367697006,58.6000774941394,65.2935006670909,65.9665873769015,71.4581818149268,53.2181136399422,37.2731816712433,37.2731816712433
2.83528009535122,46.1026374949348,44.6079750745677,46.1495596668039,48.0452064149088,34.7499209465489,32.1376064108054,32.5801500595007,42.2490899372124,42.4909724071739,37.5386979630615,39.615496776243,41.8850145464753,39.0955840408985,40.9624489592513,39.606502198933,42.0625725519628,40.9044064294783,41.1110809664903,45.5349932483173,43.5704786019892,44.7751226909457,49.6533501546671,47.1733500852476,47.0687870454576,44.3402903934776,47.1001137564439,48.057579557864,50.3527062939703,48.2523586737155,49.8989320373564,54.1333707797675,55.6333594942187,53.5619732938693,58.7755152811107,64.6556229050737,67.1021713851313,76.631628903931,57.1345684987689,40.0664436215161,40.0664436215161
2.83528009535122,46.5028412234841,45.1465183773643,46.5642474742922,47.5470213645403,34.2408198085713,31.6708296544763,31.7898158838919,39.4262315912429,39.6830987812055,35.0744955299717,35.7366697927521,36.9040601317659,34.6503619750874,37.3843855460243,36.5005853938523,39.5721161057167,38.9181652095576,39.3053879445559,43.8591298362663,42.4578349544322,43.8031607558715,49.5215257606421,48.1338997370373,48.8800756145564,47.1361641635482,49.8687517837868,51.6707961697841,53.6590990627815,50.9078333832505,52.0715969590853,55.2376501046214,55.9007177650095,53.6358103766068,56.7637582104168,59.7498843494277,60.2300716281023,65.1770194677543,48.4014763218293,33.7958020636949,33.7958020636949
2.83528009535122,45.1689185253465,43.351530967654,44.3851224919366,45.1812630304714,32.5916509533011,30.1571230760038,30.3862285778634,38.0775652220184,38.2214877168399,33.822885123162,35.0047385069167,36.6958587039198,34.7137512634707,36.6658551806725,35.5863235323777,38.0433509087074,37.1378278439011,37.3482826884423,41.0102787800789,39.6260966356054,40.1494050387909,42.8093276852744,40.931646466124,41.0626886354305,38.9252130196952,41.513556660559,42.9343947661669,45.0475419383548,43.3781950561798,45.971917761835,50.4940895127078,49.9916915105474,48.6481952338104,53.5937424100345,59.4020339325078,59.8293719122992,63.8550811835603,47.8474798221152,33.7112486303777,33.7112486303777
2.83528009535122,45.7024474561279,44.0694557142984,45.4249139006307,46.9737051083541,33.9539111718983,31.4027111523918,31.6401592505005,39.3778567553251,39.3516673577888,34.7692250794131,35.628752471424,36.8483073550477,34.4001335444543,36.06962038019,34.8971669084766,37.2245101928302,36.2980301108664,36.4439253052105,39.3893070992092,37.84576036732,38.541499533926,42.1652773940832,40.7265946210211,41.3222259815982,39.8264439751376,40.5617746188986,42.1834587823927,43.7692176648444,41.6210696804322,44.8554295093519,50.7570133633062,50.418534935719,48.5702836674554,52.2636727669583,56.1347219560075,58.4612113074442,67.3112091251797,50.0913875513527,35.0574936324877,35.0574936324877
2.83528009535122,45.7024657042283,44.0694876291167,45.4249816548615,46.9777291953923,33.9578871023134,31.4110424048784,31.6684910159598,39.5008417294836,39.4758223918225,34.8966102871636,35.9017873476075,37.6167544360741,35.6003534358309,36.5210865904569,35.1354572783901,36.8928883020453,35.732087754924,36.1328059372707,40.899026907269,38.972336099627,40.2985490530651,44.9451513752365,42.5626112202139,42.9896059290753,41.242360496566,42.6234122715815,44.3150265839049,45.8950207683764,43.5470538522001,46.7989952802065,52.855330654344,52.4105904897518,50.2255299079388,58.033257176285,67.1546819700684,68.7737721631824,76.8703498823855,57.1299128519833,39.9369472568024,39.9369472568024
2.83528009535122,45.9692529820852,44.4284899000554,45.8342446364047,47.3163871798714,34.1759023202199,31.6108545726707,31.747036138277,38.5245657806333,38.3126341597099,33.861928116695,34.1853182615114,35.2658267513102,33.3141800328405,35.7817242548586,34.8736045105384,36.9772219541433,35.9968261006522,36.3943480375149,42.3557676808218,41.1546486144822,42.382547564247,46.574139549915,44.2241397431469,44.6352384141117,42.7024378535924,45.5119446969486,47.1001814738262,48.7098727486266,45.9676754952312,48.0821567936728,52.6371561523599,52.5965838652701,50.3411335624654,53.4189700331936,56.5035793010958,56.4298720802857,59.8454486092635,44.5079021815468,31.1325028800615,31.1325028800615
2.83528009535122,45.8358684682993,44.2490047239056,45.5632165722348,46.8115657882531,33.7880830109241,31.2551890346665,31.4790525269549,38.2074374631116,37.7566073180565,33.3814946020598,34.39574714345,35.7531269596377,33.515093991851,35.7279508934125,34.7491186165176,36.1463541933142,34.8715928583838,35.2383070092858,39.5121459476465,37.6950628765313,38.3656460227892,41.6892106325227,40.0456510947188,40.2344457038262,38.2659893392694,40.9971427897588,43.3659868654794,44.4852289827953,42.0108010210921,43.0630279863554,45.508147190207,46.1600605926594,44.8782653451697,48.6555633394752,52.8292819932048,54.9535067394477,62.7611142530545,46.8557414155241,32.8848301467062,32.8848301467062
2.83528009535122,45.1688957131144,43.3514910704468,44.6950465793117,46.7505241059766,33.8963533065221,31.3580979402348,31.6179477662286,38.5183385416454,38.0433434934223,33.6430726381287,34.2233662545553,35.1472549575084,32.8680724831805,34.8922394553474,33.8871497872706,36.3164528819246,35.4808193683827,35.6475279974541,38.1901641753125,36.5409136477701,37.1579408373681,39.4452211800379,37.3255216711606,37.8420700183214,36.4788095642086,37.9264621252592,39.6450773998678,41.1757381698532,39.1276182464478,41.0951347890891,45.1272573689931,45.3809384025362,43.8114636705063,48.0492624411274,52.8868220068751,55.0967174800798,63.227606436055,47.1924913422398,33.122559973332,33.122559973332
2.83528009535122,45.7024474553477,44.0694557129338,45.292052988608,46.3004931904818,33.394100485549,30.8867890428541,31.0052761458675,37.2274242034804,36.8638510217995,32.5795689562121,33.0136075546317,33.9993801870042,31.9666076517285,33.7207632006988,32.7138189828354,34.5914684171589,33.635481056595,34.0929405891916,39.5076109559318,37.9820224609155,38.7218358341252,42.8163710226197,41.674498596253,42.1875366061979,40.5696902063617,42.2510472797841,43.3509726371567,44.558837603816,41.9730054307565,43.5492981378298,47.0131119213226,47.0589929693212,44.9177911126138,48.7209438580159,52.6658120404382,55.222047135048,64.7882458718358,48.0548700820458,33.5337957584593,33.5337957584593
2.06726738180346,33.0786370980279,31.8038072582164,32.6454485850921,33.4972036106813,24.2002927121484,22.4655745068203,22.6514598740523,28.6870233268812,29.1136887366528,26.0034940549936,27.0362621497442,28.4431952014643,27.6862133903295,30.6850517218878,30.2440394094425,33.1591175267072,32.7124719256472,33.1085825088425,37.8031931353589,36.8031168306749,37.7700845518741,41.6495934722609,39.9009388478332,40.3435063438581,38.7268253677107,40.6342735263473,42.0406919413563,42.8271249203835,40.07883671381,40.7204593643498,42.105436760721,41.482423459933,40.0275614230214,44.2117401338127,48.9634307843132,52.9871545553235,65.213734021873,48.6093576285683,34.0762750810786,34.0762750810786
2.06726738180346,32.9447998964427,31.6235303586245,32.4613136558011,33.3684442757764,24.1140037719556,22.3063430229712,22.5643326575449,28.9866051588799,29.1733675670686,25.792292041086,27.0263506899488,28.923865593167,27.6150754766076,30.2534419636028,29.6353292146984,31.5433903726708,30.7326264718861,30.9094074379642,34.0986877371501,32.8899208279645,34.0965016430434,38.585454487649,36.8307180537007,37.4545953247516,36.3885871211098,38.2733138158839,39.5194841882446,40.079314374728,37.5299695888229,38.6261691696159,41.4553338380062,43.0650256322436,41.8078481560441,46.1274846353486,50.9251907127612,54.0799445886864,64.3727045130941,47.9389725862364,33.5622390094309,33.5622390094309
2.06726738180346,33.0781889574728,31.8030234876279,32.8652195127805,34.5483782919287,25.0635183138918,23.1819694890411,23.4726512077245,29.5828049224191,29.4232631546676,26.0026304518148,26.9924214687643,28.4126979452216,26.7832541745982,28.2212408619158,27.344502535647,28.2316163978533,27.1462915172272,27.4154126295831,31.5393178319069,30.4542195823596,31.5656618678466,35.2909179507603,33.5019813942284,34.493729777843,34.2359748368855,36.8500884319196,37.8806687375661,38.9914135180983,36.9445196759526,38.1884790233999,41.4048403657638,43.1888524430025,41.6881664821884,44.5593015761477,47.5133914889596,48.9392615024199,55.1107756777699,41.0374457556861,28.7328727353512,28.7328727353512
2.06726738180346,33.4783744355805,32.3415348715116,33.2798395573475,34.0464623172717,24.5507330533849,22.7075023498636,22.8264904080643,27.6383752024105,27.3942719867967,24.2111848865972,24.7616772753859,25.4726376664881,23.7346299797189,24.8999267594227,24.1294244898386,25.9200592867192,25.3963950006647,25.6256455878248,29.5132432689906,29.0434265156872,30.6985390227052,36.5532223212853,35.2506597924105,36.8119255608065,37.349269408905,38.8874814551142,39.732967768602,40.4051880907639,37.7047512729467,38.330697436291,40.4674934067092,41.5299705276233,39.8046890720243,43.1224799774076,46.5844035337552,46.7990812351818,50.3657388681264,37.3831890364737,26.1014532766754,26.1014532766754
2.06726738180346,32.9448135685168,31.6235542702509,32.3727904800625,32.9214226532545,23.7425525832355,21.9659511941974,22.0370916191487,26.1445355394771,25.7860969718253,22.8097111814241,23.0607874758004,24.0966026404804,23.1348778849474,25.2832878107405,24.7672516482209,26.3843150947966,25.7338201469505,25.8784270104441,28.1707016983662,27.2552354229599,28.4973320605234,33.2265361479221,31.9698760102743,32.0241914191863,30.2179222148976,31.4888049608783,32.323471714991,33.0656069157318,31.0437968371362,31.9438294741425,34.170277704602,34.8428578655112,33.9344408775947,36.6505175116896,39.8289808264123,40.2981974960514,43.2946888355226,32.5183942395266,22.9702546081235,22.9702546081235
2.06726738180346,32.9447953193241,31.6235223535222,32.4170096914905,33.1426007195534,23.9259746987042,22.1313387475609,22.2685289699824,26.6963190413135,26.2708633111574,23.2224973292843,23.778844557558,24.493735948039,22.82304120883,24.6461977222122,24.045517653897,25.3726769568371,24.623708592874,24.9929171002844,30.559013459543,29.5953913801991,30.2693053506751,33.1850455255169,31.7761581044531,32.1402854994097,30.8476457094109,31.862055959644,33.0163223929469,34.3668236717764,32.6985262306265,33.4398809410303,35.6069048355609,36.2844872213553,34.6552351889884,37.9422560495307,41.6271337602235,42.5101572271886,47.2043105487414,35.1433673465816,24.6120471725914,24.6120471725914
2.06726738180346,32.6780080414672,31.2645200825835,31.919172770526,32.3545844721658,23.3342045884859,21.5863755569014,21.6563913994107,25.7592570205515,25.4341154808719,22.4921211827407,22.7314882429213,23.1103985298745,21.5049780784584,22.5263448739773,21.8124202181858,22.988786411012,22.3185040458848,22.4791949611382,24.1935217329642,23.1731448745667,23.6130396007301,25.082422323454,23.7531309553992,24.1200609599541,23.2747417511137,24.6119491528636,25.2673672487797,26.3300377357917,25.3312279165533,26.0312151056629,27.3823998490946,27.9511774772829,27.6305138575131,29.666783715583,31.9848515060704,34.5827865808385,41.9668155218992,31.4889539547588,22.2020180659891,22.2020180659891
2.06726738180346,32.8113925552531,31.4440052587333,32.1902008346937,32.8591047131188,23.7217241427855,21.9413828093763,22.1294403816867,26.8030159923795,26.3640746846175,23.3011868682324,24.185659819013,25.5257962149553,24.1515392387348,25.3128112843559,24.4889991106822,25.2158764871966,24.1944315435442,24.2806227057518,26.5191567730308,25.4345099617605,25.7814239146325,27.1434655191875,25.4456994179332,25.4933733327176,24.296034556282,25.9558285593063,26.2838620578911,26.5252955015344,24.5787946254596,25.1892639089271,27.4041945212597,28.9641419891816,27.7935546042236,29.6837645339226,31.6260453806318,32.5828109303257,36.789882014474,27.3805552865074,19.1700245375468,19.1700245375468
2.06726738180346,32.6780034787399,31.2645121026508,32.2291646173398,33.9269709572685,24.6419883572907,22.7937172267651,23.0510782017111,28.0581807198115,27.4966881555643,24.3050136759724,24.9692821118393,25.8584706038623,24.1519359818921,25.4312795923368,24.6292869544762,24.7884804329207,23.5435379355997,23.5802802433255,24.5201172224607,23.3365791212367,23.624922929892,24.5302633835203,22.9924189076205,23.2866888841848,22.41905888768,23.4026473875346,24.268611827569,24.8770283266108,23.466588272872,24.0051219735221,25.4543164073446,26.1999342791661,25.4415248861114,28.4038681174115,31.8082510551158,33.8072410724016,40.2390625007438,30.0027347855585,21.0291093652331,21.0291093652331
2.06726738180346,32.6779989164807,31.2645041235368,32.0519997990758,33.0279626162593,23.8941954870509,22.10289355673,22.2750013245152,26.8710861374504,26.4315636655107,23.3693404695549,23.93632845853,25.2171038065926,24.1294016866048,25.4643841633928,24.7099373959326,25.3549907541919,24.3261319966199,24.5157240088296,27.3216872025884,26.4165781651279,27.4135564908425,30.3377448410863,28.4034628526126,28.3789271370753,26.6448319725258,27.5896723717635,28.5402992682611,29.4888240169545,27.7875272696125,28.0350138580583,29.049512662439,28.7626774282671,27.2185639723894,27.7467801873345,27.8002165212856,30.1007925541592,37.5583182510424,27.7931276105491,19.3561182225403,19.3561182225403
2.06726738180346,32.811392554941,31.4440052581874,32.1459138638271,32.6348014142735,23.5352207879639,21.7696288377789,21.820852802926,25.3635794995883,24.7915347429512,21.9148984934237,22.0260943971364,22.5751146953119,21.2764278191526,21.966165600128,21.1882399801482,21.9911500397049,21.2272286302988,21.5430776817232,25.4159751850756,24.7104922016053,25.1498481261177,26.5268954514088,25.1916666598734,25.7713539953162,25.1109710081041,26.4248006666697,27.8139827419253,28.6738883546856,27.134794641651,27.6067078316602,28.643666855378,28.4771539202635,27.4546456307299,29.6594747069663,32.0786780412923,34.1834827539677,40.9434189510265,30.5226663920798,21.3920223973857,21.3920223973857
2.06726738180346,32.8113971173562,31.4440132375743,32.3230786826737,33.5342619072678,24.2834637144586,22.4614408640521,22.5982735770785,26.0829014714538,25.1584066598764,22.2361928511557,22.4510493996017,22.892759936525,21.3245783655784,22.7818324131699,22.1551094821797,22.4894725899958,21.4514306044866,21.6330401472458,24.2056351670245,23.1404219874389,23.6596830134229,25.6629747133536,24.3671000877,24.6243610487445,23.666355581556,24.9314432799092,25.5661257441982,25.8511188332928,24.045361923622,24.2162448242694,24.5030568274952,23.7875094564381,23.0876718431113,25.1720507886285,27.4962038854895,27.5652541796867,29.2504257693984,21.8439576201754,15.3424934754843,15.3424934754843
