15.8769230769231,16.0077095722911,14.519542649099,14.6416512568475,14.3006256344884,11.4791494572581,10.1928644620932,10.0957408195053,10.3699029097876,9.71235440827076,8.48710707831185,8.74891724572069,9.21357291642826,8.79498997333398,9.9083683121276,9.81442999008858,10.6621945972022,10.5386936990537,10.6226016332279,11.7355246030583,11.202694929459,11.4454236796444,12.5756807840541,11.8590923990667,11.9663566135533,12.2516329177527,12.4829883925844,12.3646297727314,12.8115978722772,12.4661722730093,12.4169075042686,12.6599741078774,12.4130124863592,11.8075996415681,12.0096239704409,10.8963038830397,11.2322683145532,11.9207672082926,9.54811581096501,7.75141599020493,7.75141599020493
1.89516090584003,30.2350836205661,29.0351237668052,29.740600246246,30.2895683097755,22.7548471762961,20.9783149644551,21.0043787938164,23.2037167489653,21.9081565041121,19.1092672872666,18.8504615679988,18.7659293116162,16.3686965892916,16.128989725952,15.171169061053,15.3631262208587,14.5889493007163,14.4538165395094,15.832360348392,14.6905648818567,14.7782965900512,15.5295341511798,14.4871790373351,14.5896786696873,14.202528400935,15.9285657556489,16.4868697092516,17.4913738064239,16.8139065842583,17.2123716198133,18.7509500195497,19.5935375965239,18.5965818314108,22.5342608644324,27.2461047039356,28.155797653293,32.1295506577738,23.8113719251636,16.5872922175816,16.5872922175816
1.89516090584003,30.5021427773365,29.3946015374373,30.283733611294,31.4231116012562,23.6859956991924,21.9069211253136,22.0941155042854,25.0430458405114,23.7549922347925,20.9892050066098,21.751025112412,22.9899598623529,21.7839890223521,22.5477047525545,21.7228618097931,22.8954012360377,22.1719087449614,22.2404112349119,24.3383944463157,23.0975161411556,23.4069080104472,25.526917163673,24.3447729110987,24.3277964200328,23.3213780211365,25.0104245257721,25.1707916739295,24.7920353894846,22.1711662256691,22.2871044010891,23.4129984481974,23.1830634074942,21.6463816543869,23.6000577872556,25.5988596524399,25.3416671262501,26.8167962576749,19.7470463021162,13.6872501380449,13.6872501380449
1.89516090584003,30.5021519114659,29.3946175124744,30.3280544955448,31.6812374213441,23.9129308674041,22.1192362036868,22.2735668003391,25.0630428555015,23.7799045589645,21.0203035559809,21.4645532284857,22.2746768406083,20.979394034595,22.0405019420506,21.3456539662622,22.2919737799257,21.5456710050998,21.7520158947432,24.6224212958252,23.6831219049898,24.1635905111998,25.9018976128758,24.5563843235768,24.7341911381665,23.6198044080934,25.8287735149596,26.7106322867865,27.1679391568772,25.3432369509188,25.9334688743401,27.6968843556066,28.4066007818684,27.2141161949023,29.5246316771991,31.9840142296088,31.5381529094072,32.5680524979023,24.1807389379851,16.8775864654165,16.8775864654165
1.89516090584003,30.368758273162,29.2151163780973,30.0127055828152,30.8877782082389,23.2527734872244,21.5103269985126,21.6313956944456,24.2598979335048,23.0620279044797,20.392935638347,20.8519115111175,21.6797858424582,20.4813427999358,21.6512940108651,21.0182500030279,21.6401442456113,20.7903021018928,20.9184206436479,22.0865336866287,21.0227632242443,22.1719553479416,26.2279332748921,25.0856544296786,25.3641426062861,24.4007744490356,26.0102551954316,26.5414037426302,27.2142306797318,25.6817619299924,26.4452807349077,28.0104794027666,28.0350777382197,27.1295013737184,27.7104821521694,27.8385618047861,27.3918450442417,28.1147222984188,20.8482852028464,14.5332879416135,14.5332879416135
1.89516090584003,30.1019664335141,28.8561061288633,29.6919996030042,31.0910225629654,23.5037864528631,21.7424652140285,21.9149793457368,24.4504673768416,23.0306725420107,20.3634606929101,20.8171633102738,21.4529401273196,20.0409188315254,21.1098059863979,20.4566556169071,21.6622077419965,21.0582923460168,21.2820302678954,24.8196912379096,24.0127474716468,24.7816995395267,27.3978600940224,25.9442384957817,26.1756019532983,25.0499259776396,26.6985003568219,27.4082001219166,27.8289108691025,25.8321114777188,26.4136834301594,27.8558874236514,27.4786595402544,26.1328095068083,27.8384054398315,29.670250138069,30.2131133078779,33.3619940737659,24.8717552357252,17.4514184123761,17.4514184123761
1.89516090584003,30.1019573085276,28.8560901698167,29.559104813284,30.3218534156953,22.8283503448425,21.1168943888495,21.2031278708375,22.982346646586,21.5053705253837,19.0141264195402,19.2450401233803,19.6154545980009,18.2773038889131,19.9250156521851,19.5103239177627,20.3157831802095,19.6328594276202,19.8386969580445,22.9580734611445,22.4507839075335,23.0562688557955,24.7545060074302,23.2618042864237,23.5956499140877,22.7261516216714,23.6665832312111,24.1977155966347,24.7722214505407,23.3035351125457,23.503558151885,24.3334379475997,24.8522384425222,24.1150326225913,25.8112234341712,27.665068815255,28.5992247377415,32.2489343512052,24.1133354986728,16.9542782557032,16.9542782557032
1.89516090584003,29.9685636695992,28.6765890343473,29.5537646862091,31.3194518193625,23.7404408066346,21.9598582315254,22.1142834404273,24.2221909432421,22.6185369980915,19.9930254508812,20.0994282346448,20.547758472331,19.2677142744998,20.2390940932648,19.583664321099,20.2836499417,19.5119719994113,19.5451235278308,22.1586977040993,21.7265825918425,22.5979664850721,25.5891484685389,24.2068501010003,24.3364972745408,23.1687806398814,24.6539985238352,25.5031883670282,25.7647833882495,23.9712645359614,24.6266286933367,26.2840757367969,26.8060761749826,25.7855656570055,29.1736626545766,33.0010850368888,32.9605004199016,34.9993534276806,25.9764071008265,18.1295968817666,18.1295968817666
1.89516090584003,31.0357082161147,30.1125901343488,31.0136517842676,31.5253443403066,23.6300940015696,21.8510977261973,21.8985141158508,23.4939902709268,21.9461511481668,19.3785416720749,19.6759321999183,20.178294914543,18.7980264456668,20.0068551870543,19.4575916262884,19.9257741518246,19.1113549812209,19.4018755626569,23.7578524649215,23.2251952626132,23.6371590082439,25.2931381555589,24.0828364310615,24.4178652289666,23.5773204174451,24.4690947537492,24.9339149450704,25.4216095471156,23.7416016100217,24.068854226833,25.3418478853884,25.9011124173144,24.8210671742454,26.8287333652398,29.0569502552062,29.8020395507254,33.2860103826657,24.825101806569,17.4166952770494,17.4166952770494
1.89516090584003,30.3687765221986,29.215148294553,29.9241994010912,30.3785835342041,22.8061585804814,21.1007962435257,21.1897108161646,23.3205522829284,22.0237017284922,19.4870815664201,19.9673293461003,20.4495385451098,18.9932594213702,20.4964823082999,20.0037868978205,20.7225501602827,19.9440632142953,20.044140405859,21.2920249264768,20.2467318495628,20.6598523899809,22.5993457732137,21.6294188671286,21.7898431079784,20.8926242054574,22.4962031439957,23.0985225571664,23.405844904632,21.8662029192261,22.2346909153403,23.3480184049271,24.0757989967792,23.5381702272951,25.1709119379752,26.8829270401061,27.2747414005541,29.5824652591848,22.0767477860606,15.4761145715024,15.4761145715024
1.89516090584003,30.5021473499873,29.3946095347256,30.2394636195914,31.1679140239479,23.4620735602632,21.7009099338794,21.8029671916893,23.659107237669,22.1078931942017,19.537293517546,19.8602069706193,20.2947560446091,18.8316778187995,19.6842466641002,19.0309126622098,19.1230420467091,18.1628186919702,18.4363661264921,22.3273813058388,21.5821017761463,22.5897317734428,26.0711257636924,24.847774463148,25.1686256154428,24.1611365029246,24.5827351726926,25.1562869274152,25.5687745175511,23.867033109526,24.2634687394857,25.1397519208855,24.5880226802857,23.3167625262249,25.6055652599564,28.0213652457452,27.8631780775676,29.5634796123792,21.8815675625445,15.2505730102176,15.2505730102176
1.89516090584003,29.9685773571569,28.6766129730538,29.3323806588284,30.0423239531318,22.6196635917732,20.9274497974157,21.0330208991447,22.9037834002501,21.444195336038,18.9720869177835,19.3359916603383,19.6331334631902,18.1359779544827,19.0338528144037,18.4419077277353,19.7479472425222,19.2951174598002,19.5466805166646,22.9164681774129,22.129640073937,22.8963220746621,25.4939077533278,24.1437356190026,24.4211887744295,23.4652853730115,24.3456977344958,24.668896835304,24.7482680079492,22.7579626651814,22.9195953982472,23.5788163840267,23.4149964220313,22.5037563651908,24.5786549208031,26.9622094821206,27.5148263051882,30.3425126519516,22.6555316343595,15.9077841144936,15.9077841144936
1.89516090584003,30.7689209393502,29.7535878653205,30.6043888067746,31.2170525212302,23.4320873545419,21.6687369491212,21.6822922158908,23.1137110177155,21.6050036417666,19.0779520918309,19.0397330228189,19.1819671815677,17.7573864362626,18.5634193107182,17.9492859633733,18.729039444019,18.103565619993,18.2850733807558,21.758686777127,21.3161771669763,22.1847417476405,25.2248167256594,24.0540079343724,24.1674607612804,22.9007992187176,24.2346727866686,25.0988540089713,25.7872582410014,24.3321397204802,24.6057879225594,25.8134215444693,26.7755761827357,25.7876441460205,27.8392382678154,29.9692058941325,30.7097648027321,34.3193133696863,25.4977432564534,17.8094169259652,17.8094169259652
1.39276916964622,21.9264126665736,20.9432724919931,21.3819691826946,21.8663514446434,16.4710506996176,15.294885618749,15.450830121363,17.5376057253888,16.7572587875811,15.0111075150741,15.9218128723268,17.0157081280559,16.7172548248246,18.5640185797273,18.3150944002611,19.0874641299771,18.4085832621092,18.7309065174928,21.675471068328,20.6989415312805,21.1725140741901,22.9463042958839,21.6500224865967,21.6854898607683,20.5648815247097,21.2469126499035,21.7612519760588,22.2154897050225,20.8783863060193,21.1376074077174,21.9156674490479,22.1560166177236,21.5755352188488,22.9732793992719,24.5116874937846,24.7151863682855,26.4139622363595,19.7969540835979,13.9503787905465,13.9503787905465
1.39276916964622,22.1928897908208,21.3017323231228,21.8343675508628,22.3790387425254,16.8408205933059,15.5756702246669,15.6773808946755,17.5322402873708,16.5895598147223,14.6576764133753,15.0905257632383,15.6123890812515,14.5285022336141,15.8796146706504,15.5456929267379,15.8281664491851,15.1382627831743,15.462463478391,19.9580640774822,19.5190277535046,20.2898959060942,22.5102343167204,21.2304428019266,21.5900897448814,20.818835808882,22.2003232958092,22.8841881648154,23.6611924171205,22.476457114641,22.9672029857992,23.8397311029302,23.3651549140232,22.3700439008641,23.6278605774621,24.7610596124085,24.5296621787591,25.6821235904235,19.0356900679957,13.2717346686705,13.2717346686705
1.39276916964622,22.1928989050432,21.3017482633437,21.9229753309086,22.8927201316563,17.2920414117513,15.9946906951149,16.0630659795984,17.7562937089341,16.7955566284576,14.8450180882477,14.8400095882299,15.2016557979742,14.3626454791958,15.3971321349082,14.989884873463,16.0477055097588,15.6749550031225,15.821570925054,18.5426498650355,18.0556394478501,18.6019351176928,20.7131137114247,19.8114821667914,20.11022936007,19.3887709727699,19.715314667717,20.8279518215813,21.7977766095962,20.8538339257105,21.0909308515354,22.0949553239927,22.8293010346168,22.12734380642,23.4591593924675,24.8528572456722,25.0830742455459,26.9640514342142,20.1421849034512,14.1435871199644,14.1435871199644
1.39276916964622,23.2600480142857,22.7377573432772,23.6486011883935,24.6347750652537,18.5303338377408,17.13248074653,17.1962283871996,18.8706491133515,17.778286686793,15.6874043231807,15.8580915113506,16.2527604414887,15.1238963261357,16.0054888456312,15.51771588845,15.6775065159272,14.9238516480588,15.024114511582,17.1896948558859,16.6315466756599,16.9182406583625,18.290124599869,17.4971907619109,17.5527860217849,16.5875055174386,16.809903639808,17.3673418283776,17.7153755490025,16.6770210427834,16.9850763622369,17.7989313026191,18.222137853147,17.7784000913276,19.1517005499905,20.6972754647709,22.0012563713048,26.0719548620594,19.5275269560008,13.7569785055075,13.7569785055075
1.39276916964622,22.1929354046767,21.3018120989838,21.9673978218201,23.1558390888904,17.524107566072,16.217648576886,16.3597190852643,18.4048026662629,17.4025636982567,15.4113120833809,15.7964982440511,16.4841962562503,15.6780307854308,16.9173616808421,16.5134710207536,17.2509081238675,16.6617946555992,16.8164273223522,18.6141090053653,17.6963076835036,18.2539737102339,20.1259933364746,18.9123240859547,18.9775896105179,18.0194679002311,18.4443833351352,19.4166385217424,20.1482347009806,19.0732336254829,19.2941915481161,19.8985625040441,19.4403358014191,18.6077614858568,20.0866257367369,21.6280026836265,22.3145644929358,25.3192142413434,18.789519466385,13.107909903204,13.107909903204
1.39276916964622,22.1928989066033,21.3017482660722,21.8344013972823,22.3813085070466,16.8431586195377,15.5805964584533,15.7011594268759,17.6459598462694,16.7001359417333,14.7663195529344,15.3323384994652,16.0597211983271,15.1042875640476,15.8056504671806,15.3043651437836,15.9291284997086,15.3814799775973,15.5371815153419,17.6279596587397,17.0463284858457,17.5247962924859,19.2481946408362,18.3126171951228,18.5469609168796,17.8773220778931,19.1600131315511,19.6455249002045,20.3702977842342,19.4005551049713,19.6963827631372,20.127049837946,19.4569034975716,18.7373096169504,20.2719544569104,21.8824560828401,22.7062178923531,25.9977840328624,19.3240517559042,13.505849852653,13.505849852653
1.39276916964622,22.192898905355,21.301748263889,21.9229753320663,22.892721538702,17.2920428701062,15.9946938934716,16.0802336988286,17.8562513305251,16.8855719070698,14.9246011832719,15.0313060334917,15.2052183149973,14.0680605845764,16.1853436268763,16.0481369702482,17.5188985600229,17.2534720930055,17.5048112330067,21.3348988195319,20.7152850916759,21.86703085954,25.7715437190402,24.5396912606091,24.7523984121568,23.6462773508873,24.5388772869747,24.9740541600041,25.0480352213623,22.8632765127934,22.9407808710369,23.8245562535813,23.754206963499,22.2973340801603,23.1141024045446,23.6621095225753,24.2658863183283,27.5408300098481,20.3405017211462,14.1444594514343,14.1444594514343
1.39276916964622,22.192898905355,21.3017482638889,22.0115492714906,23.404984244012,17.7418080934482,16.4107260583116,16.530592192648,18.1313337117939,16.931238307076,14.9649664241981,15.0716601518933,15.705676495423,15.0249852368435,15.593944677265,15.0460377694173,15.5521518750271,14.9581765103187,15.0493258122974,16.5547201511217,15.8910021232541,16.3452060474814,18.863731569623,18.5704639405862,18.7959741123832,18.0953839831244,19.2306495304155,19.9064212965412,20.8139692927736,20.1582827009611,20.6356646859789,21.8808121551555,23.199200031665,22.9265556878031,24.6991241403689,26.6326556850538,27.0179461666102,29.1472620692497,21.8131887573708,15.3266657948498,15.3266657948498
1.39276916964622,22.3262925439713,21.4812493988124,22.149750306539,23.1751030978382,17.503663733996,16.1902693574559,16.2928788534982,18.1515670444429,17.1516371356788,15.1604364834754,15.381594925228,15.9246764390392,15.0496813737696,15.5265569981311,14.9647555596938,15.6565971886255,15.1411866930029,15.2443925899848,17.1771490319945,16.6308978272846,16.9200759145679,18.4580151715048,17.7819836890404,17.9061775488273,17.1212204842051,18.4726261585014,19.5410199929968,20.1787169461798,19.0756869517833,19.2142147414225,20.3236870906868,21.5648221416059,20.7223193627932,21.5785556254544,22.3819091140573,22.4413404482842,23.889149884116,17.8373598889006,12.5288688243439,12.5288688243439
1.39276916964622,22.1929034677702,21.3017562432758,22.1001401509182,23.9178037502574,18.1921429449591,16.827904920795,17.0339583562426,18.7091704098591,17.2509445937848,15.2491941272301,15.693169605476,16.2256186173215,15.1037783570402,16.1153721291792,15.6643180334461,16.5544452883418,16.074846581031,16.1832072092229,17.9450131639878,17.2017588618586,17.5751313972603,19.1901719039784,18.3492647864863,18.4738619024179,17.6110579300102,18.3479642449953,18.880801756386,19.0252909275739,17.5594301559462,17.7975610499715,18.2399860840494,17.47641186527,16.7761033356344,18.9926117604514,21.6149993432794,21.3477229065142,22.01174206082,16.4287911738673,11.5390490538904,11.5390490538904
1.39276916964622,22.3262925441274,21.4812493990853,22.0611763676983,22.6635172863312,17.0546003403596,15.7757785150907,15.8446161666839,16.8586095123574,15.5864291417819,13.781292622474,14.0124800574849,14.4765122491263,13.6610149033145,15.043665260643,14.7812606296108,15.2191933248597,14.6441074972169,14.8364277331732,17.266527884475,16.8684275026877,17.0117720993922,17.6630167323387,16.850178095898,16.960404501721,16.0757545476898,16.5252179934768,17.264287636975,17.6061943394741,16.5021265891536,16.7546907432504,17.681699448969,18.3286141648388,17.7090989655906,19.4798528180756,21.5123660973068,20.9398750217057,20.823976737885,15.5611318191631,10.9350479294336,10.9350479294336
1.39276916964622,21.9261161905375,20.9427539734287,21.5580162625569,22.8421308913509,17.3205388005285,16.0238026059195,16.162498630577,17.8527594182657,16.6877691552346,14.7590592876888,14.9940606692919,15.3659588524022,14.3481543763546,14.7812551707301,14.2267544800362,14.6965966067898,14.1138485175336,14.1541605117237,15.6994013398793,15.1650764212706,15.5780858294434,17.2172652561989,16.3690671448071,16.5101350964865,15.8061592242339,16.7599585121743,17.3863504855605,18.2418554862839,17.5845833524113,17.9891205741766,18.9291004525845,19.2098645227447,18.5647055143482,20.3027588599409,22.1335807421134,22.2270415992035,23.8487942316933,17.6927501284083,12.3369010421725,12.3369010421725
0.951062375844133,15.3728212444649,14.8398240244366,15.2650807969057,15.6884952208693,11.803492563824,10.961810690906,11.0225014165973,11.9756082997538,11.3031463410907,10.1371322501742,10.5073067834733,10.9638438864626,10.7535329004075,12.5367973361172,12.5406151013181,13.5820841795356,13.3539105663594,13.6152914864352,15.3153672294822,14.7383180644179,15.2073411783959,16.4596024505789,15.4876336908785,15.6775123210634,15.004664078213,15.4573394800621,16.1729554689386,16.3747692312327,15.1907225432923,15.2368356636774,15.5110089596921,15.3316122666774,14.7859337921408,16.0319734921153,17.466255592669,17.4665843593701,18.4203878227859,13.7920820547691,9.71658065433244,9.71658065433244
0.951062375844133,15.3725903206389,14.8394201527028,15.2642233896956,15.6510886607829,11.7650969410152,10.8827457813905,10.9342552178079,12.5460712860513,12.1055910985204,10.7015002770537,10.9252336375524,11.4703989360517,10.9508531078919,11.8683946142746,11.5898712050573,11.7016514748992,11.1293674368609,11.1668197095282,11.8744093277121,11.33116900326,11.7690360736548,13.2811677817145,12.5796297806415,12.6776284028076,12.1043962604455,13.0262003148338,13.3168233697271,13.504390434137,12.7829775358159,12.9899739131438,13.2752940745229,13.433751534442,13.2503930030514,13.783145932953,14.2056667176271,15.6558383582682,19.7545964927585,14.7396188071594,10.336800414713,10.336800414713
0.951062375844133,15.2391966741244,14.6599190039658,15.0374483859015,15.3693599271863,11.5541529654806,10.6886570054736,10.7236316337495,11.9144020204215,11.3376299499759,10.026322137057,10.1452362052897,10.5177092914856,9.99353571516763,10.1932614613829,9.79747399803659,10.5303528917446,10.3146362960646,10.4145111522112,11.7689839773735,11.4364932902766,11.7162225791757,12.6579376157135,12.0536836352435,12.1276629902485,11.4459301352407,11.8522540286118,12.1008627462182,12.5074184248647,11.8281921736537,12.0645428890369,12.6921203153398,12.7539094226149,12.2012533196063,13.1947390372411,14.326915019848,14.9004490381152,17.0825469753314,12.764056611788,8.97576239412761,8.97576239412761
0.951062375844133,15.1057984730925,14.4804098896549,14.8549434411379,15.3427228195161,11.5670212437953,10.7003377993985,10.7351742219193,11.5844635438846,10.8377174989968,9.5832793271526,9.58800970410148,9.77693102338636,9.20229852743629,9.99077906934115,9.76548652563829,10.4682363946044,10.237378413193,10.3000770421777,10.909789841064,10.4165510551458,10.8990688770113,12.2990711451009,11.551144906791,11.6443703614174,11.0694277022058,11.256359592802,11.4122208436903,11.6139785836657,10.8449370586792,10.9938165702873,11.9513662760755,13.2153683965681,12.8001632392565,13.3771213488316,13.9032306783351,13.8071165713783,14.3711558317789,10.7171602708093,7.51377178221279,7.51377178221279
0.951062375844133,15.372581187754,14.8394041798422,15.2199025100689,15.3934823646131,11.5387004334243,10.6716136806059,10.7049223568204,11.5481170444792,10.7983914233761,9.54031656684704,9.75428050838187,10.0132614640763,9.29529542627222,10.0568047808251,9.82032623971316,10.0987015649297,9.6952905179517,9.82684460447903,11.630829600795,11.2140607330803,11.7388658203749,13.63289948888,13.0146368201565,13.07386604092,12.389887241451,12.5607930697954,12.7267942413385,13.0499841931841,12.2772091943852,12.8069940558557,13.7616900406698,13.3731914223175,12.7401132966391,12.8058140504236,12.5951037176543,12.6628140461915,13.7384642372588,10.1630405958341,7.07450547131408,7.07450547131408
0.951062375844133,15.3725903124283,14.839420138343,15.3085103289202,15.9068571034947,11.9896032872931,11.089935670541,11.1583111046217,12.1698528294731,11.3610732814897,10.0409347559576,10.2592993236584,10.6134871559532,9.94212189259742,10.0383031158091,9.60472079653431,9.81853049889636,9.38957961685333,9.39358804056469,9.81762634774729,9.3729917755015,9.43115480330377,9.63798883957051,9.02146181157418,9.08939761399963,8.67635690115467,9.08788906464534,9.56926753161032,9.8403722802084,9.3681116186307,9.83443213836479,10.8138604955963,11.3277808894179,11.2112881213594,12.1313255910893,13.2366033735531,13.8051549840257,15.631647236605,11.7667175339867,8.31835351665027,8.31835351665027
0.951062375844133,15.2391966741241,14.6599190039653,15.170309295035,16.1374160074389,12.2284503719834,11.3119356587337,11.4839397809543,12.9948627115868,12.1069520475791,10.7041509278644,11.3764895637387,11.90790588085,10.9520197495522,11.37711007428,10.9757691537635,10.9106813948084,10.2928985177071,10.3129511790085,11.5811498402779,11.2298975709322,11.3965658240588,12.2964859307364,11.7016011929536,11.6351242259233,10.9141013083685,11.5932138985088,11.8407062576726,11.7671743824673,10.7266751508645,10.8998866289842,11.4854230200374,11.5017885935439,10.8758741195363,11.7561688375974,12.6271547263643,12.8992376492894,14.4948855430715,10.7117561622647,7.45203966984098,7.45203966984098
0.951062375844133,15.3725857503252,14.839412159502,15.2199194506558,15.3947157576455,11.5399715784784,10.6743010130687,10.6742080391824,11.3557843087294,10.6297453278839,9.39733903270942,9.40015687142458,9.58912268937697,9.04518196175469,9.91905266108533,9.73837866456301,10.1464088983196,9.82486271740967,9.96067974698657,11.2225162617929,10.9101815093864,11.5283674012646,13.2467253805554,12.4950461119929,12.7709350073119,12.4565779106509,13.4236339263116,13.9695653360309,14.1858110130409,13.1673430248962,13.3509786277003,13.8554359789029,13.6413278799424,13.0247493242238,13.4657964354664,13.7372603026711,13.2910256823987,13.211995032387,9.7572282181815,6.77099493197709,6.77099493197709
0.951062375844133,15.3725903125844,14.839420138616,15.441371238633,16.6747449018562,12.6637262122863,11.71283113381,11.8151179790068,12.9903121909147,12.0975302383871,10.6885958506934,10.7877744914537,11.0439722586478,10.3067491428376,10.1600532143099,9.63882287771018,9.62589725212156,9.09256065452462,9.13975998488639,10.288109959715,9.76194441478487,9.94336521474661,10.5690389513666,9.88164001178402,10.0128539981605,9.68194958900821,10.2501045219841,10.6078320850391,10.9183855501311,10.4023281598035,10.6551270057233,11.1729724567392,11.3811999188348,11.1372956040393,12.8126507223566,14.873612164699,14.5917518991101,14.651118724674,11.0134089265635,7.78536765490134,7.78536765490134
0.951062375844133,15.1058030355077,14.4804178690418,14.8992473508588,15.6002561146066,11.7933497593963,10.9114250139838,10.981651137901,12.3419393584726,11.72715409628,10.3767592832815,10.5078578959924,10.8027556818104,10.1941641644488,10.6125763312798,10.2645544925339,10.6094579574806,10.208047428958,10.3023435668206,11.5637367160941,11.1371402458982,11.273473492574,11.6821446233574,10.9083342940206,10.8696593393192,10.1865901780724,10.5019813291921,10.5761490117196,10.5937812924838,9.69115912730652,9.76523570660798,10.1204545276186,10.0183717185314,9.55362780889431,9.6847465713774,9.72557278832799,9.69981232172234,10.2327616323757,7.64507469557902,5.37840161438966,5.37840161438966
0.951062375844133,15.5059748265263,15.0189053150387,15.5352514245401,16.1872822027512,12.1992109861711,11.2812985006774,11.3653114722615,12.7943954039142,12.11890263789,10.7026746102655,11.0186308407442,11.262627537375,10.3166366838625,10.8644693265608,10.5244098405388,10.8930437483795,10.4837879912121,10.5244749239015,11.2604995145758,10.7649266169109,10.9076114636134,11.3443244426866,10.6172775417636,10.6763072938266,10.2047176261475,11.3009293542848,11.7719520860151,11.9753914947435,11.1897196078406,11.3434911430118,11.9503646214818,12.3640640284828,11.9311729570429,13.1493868921888,14.4750126891963,14.2911136047953,14.7628154161679,10.9498812281494,7.62748168360533,7.62748168360533
0.951062375844133,15.1058075976109,14.4804258478828,14.8106903502798,15.0887175400806,11.3443276588803,10.4969205711668,10.5504916679968,11.8300227459565,11.2683833144325,9.97393195590655,10.2214262976387,10.6094707633635,10.0250308640803,10.3039189128,9.93228944797963,10.1593486097975,9.73496666640172,9.83917946386277,11.1556619535046,10.8002190348932,10.8924046209154,11.4687893720025,11.0067619311594,11.0175000191172,10.4113328531237,11.4692648658697,11.6398817340703,11.9847623986805,11.3349209438922,11.5102906256072,12.2173732850252,12.7903116738832,12.2762680176365,12.5879822926777,12.7473846770405,12.6424670323932,13.2244834775023,9.82819224053751,6.87184136133223,6.87184136133223
0.715286452125451,11.3941485607541,10.935325262878,11.2509386438442,11.7564394887626,8.88426039834852,8.24209241002283,8.32534823186496,10.0782953415968,9.9468442202316,8.87254636509299,9.23627476647473,9.92945951538987,9.82552492586198,10.5191189438893,10.260012973776,10.548306779315,10.1076873040222,10.1782717544143,11.1238285193765,10.6833616566713,10.8005349593932,11.1861422029564,10.4348588241316,10.3947916607889,9.74447630921625,10.0685007425994,10.1677901721797,10.3514214831237,9.69302954171847,9.77594784111646,10.2661732808407,10.7735202216489,10.4427620566138,11.0161873865893,11.6126770702702,11.1912695238493,10.8347521495791,8.11745988150155,5.72201220371613,5.72201220371613
0.715286452125451,11.5274116297288,11.1145980394357,11.43294185083,11.7614024164698,8.8491470952753,8.18463595073012,8.21846421660063,9.7454248986924,9.5814498052862,8.46735895925307,8.57455011050718,8.93439373287356,8.51112576098247,9.29235951328047,9.09867340862905,9.54093882338634,9.24825937645493,9.31838715493197,10.3900675445938,10.1225720088739,10.3252890133793,10.8749830752399,10.2555063168174,10.3269062960339,9.74274665504832,9.9702625269174,10.183016408503,10.3628374618234,9.67708074217253,9.84437110357337,10.2743533793524,10.2847765205711,9.86863342616548,10.1916598113702,10.426728807239,10.5749115535558,11.5782697521536,8.61241317212837,6.02611944823897,6.02611944823897
0.715286452125451,11.5274161876782,11.1146060110121,11.4772457439639,12.018076831327,9.07458509778136,8.39376754054412,8.47944537936602,10.2560998022057,10.042650362218,8.87657530113204,9.20913366612044,9.56283012692797,8.88629019647673,9.31520199884202,9.01098256165448,9.10662476015657,8.66353508024227,8.72341833669294,10.1267053593983,9.83100195073959,9.88715108178013,10.253669809324,9.72085954338639,9.98468219131502,9.87653283941755,10.0595514680539,10.2224180695903,10.2742871125769,9.5444764922252,9.66907407345956,10.0991467694222,10.4012985133371,10.0315778508128,10.3798460764686,10.6300283125072,10.6546292432223,11.3735712792658,8.45585086645171,5.91110960149038,5.91110960149038
0.715286452125451,11.2606289106014,10.7556037414376,11.023695795607,11.454836391934,8.65292214275397,8.00608383643151,8.05886961518685,9.67593856401898,9.52697724954705,8.42955956359691,8.55567677708824,8.66011494622979,8.00445825577388,8.38257248597797,8.11941407623715,8.44649520551324,8.15559692316485,8.32815876918572,10.0453295539469,9.59901420869767,9.93298468249144,11.0585450347697,10.5271246612252,10.5714536758644,9.99139040166804,10.7243182544164,10.9179718409804,11.5969030251935,11.2138595356711,11.5906657485156,12.4663926922899,12.5492031926198,11.9902391652411,13.1232522563381,14.3348853455951,14.6987966456762,16.51181752376,12.2439983432732,8.53749781679301,8.53749781679301
0.715286452125451,11.3940134243873,10.9350889175875,11.1618629506425,11.2228280003287,8.41258754167618,7.78102561827871,7.78065596368291,9.14264187952011,9.03938819211008,7.98921905860186,7.9870315417855,8.07749015796333,7.53340363009609,8.02641034088773,7.81092800796497,8.40129548729286,8.23246463483735,8.30340043135278,8.92248597502699,8.52415462878329,8.85037117666103,9.78503504018991,9.18456438702282,9.26631068333456,8.85809191943158,9.41469919626324,9.70698888036166,9.80969816985932,9.12114438668644,9.20913498156594,9.61764658423689,9.99250983998686,9.75452682015083,10.5479681076899,11.45019551031,11.1827802294264,11.1246054285814,8.34165280585014,5.88018524806273,5.88018524806273
0.715286452125451,11.7941989023395,11.4736003011991,11.9307787523144,12.5804227413475,9.49532825458796,8.7795355211686,8.81164105036172,10.3312887454415,10.1006341109188,8.9151427620912,8.88850126839771,8.9498851212796,8.25715333836431,8.72293454764682,8.44411894671273,8.73624646857188,8.39654596266901,8.36004020581974,8.47945036674231,8.08648792614265,8.06204619568183,8.03025015096569,7.5042193256534,7.49065328482269,7.06492080292188,7.78352031300129,8.04398547198133,8.25404551240447,7.79445676882156,7.89300229345117,8.39786576096912,9.02603600869161,8.82284321169865,10.3002955538454,12.1211684849701,11.8295009083549,11.7425215559379,8.81010426370587,6.21149261245125,6.21149261245125
0.715286452125451,11.6608189511248,11.2941231047091,11.7040545984436,12.3017396338093,9.28751903524727,8.5920181258405,8.62699120459613,10.1585975814989,9.95860789983405,8.80725243073175,8.81443353556775,8.82245052967874,8.13486479798784,8.7829379518353,8.57293177408121,8.99946406904494,8.71686079118311,8.77214574806918,9.32611392407123,8.85954676099699,9.08431522122054,10.0834056695608,9.69262712886058,9.68661846540155,9.07629491976207,9.06972762440929,9.17516073632744,9.25423967220904,8.53746333843395,8.64760056707758,9.11679721074982,9.25124020598316,8.7517873857542,9.49535642728528,10.2492739672129,9.97644415595142,10.111878791562,7.47171304100832,5.19927824875034,5.19927824875034
0.715286452125451,11.2606334733287,10.7556117213703,11.0237127367711,11.4557320271912,8.65384308707402,8.00800207186238,8.04427289124441,9.92207411039706,9.95363164508714,8.81058076843413,8.8322137872392,9.04042390374534,8.57044092851907,9.11753075682069,8.86721760937354,9.03860189594359,8.63511700256847,8.66278208255628,9.11400427794885,8.69855434199183,8.67116307273893,8.94939152789301,8.60110792070774,8.5697505608275,8.03985207547505,8.4489147552682,9.03543789188462,9.1399021876912,8.53644899873223,8.79415461788022,9.81730732223982,10.9844770523806,10.6563400969931,12.5978379072078,14.9316558748313,15.1303331908947,16.4447187502758,12.2549825840645,8.58162034084656,8.58162034084656
0.715286452125451,11.7941943403924,11.473592322631,12.0193357534718,13.0917930198984,9.94417585899201,9.19365674190161,9.27660617830117,11.7236305656581,11.75549167849,10.374193502908,10.4520521943701,10.7777479002309,10.1184264596073,9.92311662098477,9.39790990350097,9.64352461446259,9.22597864047862,9.16949676937745,9.20931155948469,8.7207037286839,8.73925378302977,9.21322969800321,8.83801414293661,8.87070323748056,8.44893158425185,8.7861674401713,8.9000126392019,9.02079436417336,8.42436599056648,8.6715569536514,9.50143723775288,10.1906988311966,9.80257504248442,10.4785831861536,11.1590074585548,10.6822799524611,10.2805325608595,7.64073244167967,5.34186592091929,5.34186592091929
0.715286452125451,11.3940316737361,10.9351208345891,11.2947916186407,11.994629887982,9.09073800904675,8.41234901055499,8.50024614599232,10.9678729091645,11.0981426927655,9.82343268677831,10.0709073185546,10.3668925491985,9.70206761831082,9.97518321801856,9.61521379839594,9.83003367164927,9.41359790160933,9.4856211176928,10.495469507944,10.1454662816461,10.3718819543316,11.0358443444679,10.3253523867761,10.310823856878,9.67998731863632,10.0411667622551,10.3098019980291,10.2683056001947,9.36297101438364,9.46220576371297,10.0086559940652,10.2882124755292,9.73517669952252,9.96353500692021,10.0614592391748,9.81835360238665,9.98692180254428,7.39932532493541,5.16259110224026,5.16259110224026
0.715286452125451,11.6608052643473,11.2940991673672,11.6597168104557,12.043265291176,9.06023017359582,8.37903042654185,8.42950355329217,11.05970424467,11.3687680103353,10.0445381478079,10.2585200528075,10.4254965505201,9.57507566830986,10.4877503806494,10.2735659408035,10.2721975067832,9.7335067202899,9.81010365869496,11.0489086339299,10.6486752549883,10.6391853733578,10.6174007925908,9.92765847747106,9.90884024941011,9.28821287371473,9.49803247733996,9.92045195718819,9.87795064335701,9.02796656768271,9.0746038237081,9.35237955101567,9.39932277950439,9.05983097297078,10.4540086511792,12.1414917532818,12.257352253658,13.2093091163143,9.86788871350583,6.93162146754138,6.93162146754138
0.715286452125451,11.3940271114769,10.9351128554751,11.1619137700781,11.225341622229,8.41517070898122,7.78638576845152,7.8564729043719,10.9203361437805,11.4564322336376,10.1363138817027,10.5999717906425,11.2485674620095,10.6927947270525,12.001817996267,11.8358237082431,12.1345373283386,11.6221617176259,11.6190272755473,11.5408156228645,10.8736178172883,11.0403298561327,11.9189556611357,11.3248118013363,11.2272683111368,10.4820525677727,10.7808445382864,10.9615368494525,10.8256728665763,9.82500427418272,9.8497835767801,10.1222214434,10.1723397623598,9.82027051800829,10.6947187334223,11.5986780304288,11.4362733374959,11.7970188796253,8.73703672030194,6.07946904024739,6.07946904024739
0.866501390544179,13.7744825152795,13.2087325531324,13.5618722036257,14.0347996084583,10.582571509028,9.77280292009356,9.81456352744191,13.091347998788,13.5638672187147,11.9364949614794,11.9515991281264,12.2122650428184,11.3175007450702,12.2240806156889,11.9040180758727,11.9898621679175,11.3937649462688,11.3978557888558,12.0710705782484,11.5187703203078,11.811265102919,13.3774470859318,13.0498183821541,13.1387256929433,12.4739520179097,12.6725415700256,12.8841949836863,12.928244785453,11.9141919559644,11.909955238536,12.331154809567,12.7687342518198,12.1183752790965,12.6687115166346,13.0764461589298,12.9713064916374,13.7174437406014,10.1194092892089,7.02258717696001,7.02258717696001
0.866501390544179,14.041353532767,13.5678812795947,14.0600200451562,14.8679435480823,11.2432555269343,10.3976458494455,10.4820212034346,13.9575185382194,14.3798345757304,12.7028789254498,12.9091972906382,13.0662759369324,11.9727536115285,12.6458820354757,12.2544879013285,12.4448126091363,11.8664543435508,11.9149815868498,13.0785429132531,12.5360117648203,12.8094836949129,13.9980995092483,13.3412572896076,13.3231190048128,12.5429531517408,13.4089767082674,13.5783381414164,13.6742715359979,12.6335533965477,12.7587164403808,12.9767952997849,12.3932596708175,11.8316834141051,12.2882202913111,12.6772311241019,12.3504725893177,12.4057622927939,9.22995030415316,6.46003064998329,6.46003064998329
0.866501390544179,14.3081499376943,13.9268995132247,14.425029945317,14.9213956144893,11.2177033684233,10.3746891784335,10.4251598492794,14.0778790326076,14.6926286715515,12.9828105299614,13.1967446989835,13.5477052446686,12.6458822396579,13.0924295156385,12.6289955672261,12.6211325021824,11.954035912592,12.0011905316176,12.7297953178654,12.1410769781734,12.4196715762875,13.6024824951656,12.9612400276075,12.9960789888385,12.3133895469788,12.6424580362258,12.7857017396197,13.1960959348938,12.5160302251395,12.5418543523243,12.5732258106599,12.2013688676636,11.8156618507327,12.3769680374011,12.8851317183146,12.8239569473459,13.433354681311,10.0068487839569,7.00776192487048,7.00776192487048
0.866501390544179,13.9079781469879,13.3884120677738,13.7890258727905,14.3336946191533,10.8111423709506,10.0032788842599,10.0737365883477,14.5023644778301,15.4914907053777,13.7049132836385,13.9473944713624,14.3289367884015,13.4246558536601,14.5499834813236,14.210887449303,14.7391552619037,14.1831629727632,14.1877155994766,14.546584523225,13.7885820927923,14.097710980182,15.0981152390115,14.0585736269046,14.109397514947,13.4599536298883,14.0011000869997,14.5755025726308,14.4471197827166,13.0974877933299,13.1467727287261,13.5702903582816,13.5233607385605,12.9174193527816,14.2402232097271,15.7331525881208,15.2508438576424,15.1219624146054,11.2433462608265,7.86009047995288,7.86009047995288
0.866501390544179,13.774570821438,13.2088869952355,13.5622000794659,14.0494764335678,10.5976402748542,9.80388482425585,9.83886073056371,14.0972266007123,15.1215101301645,13.3712821812604,13.3785240585526,13.7547297483759,13.0706158345342,14.1896049296409,13.8709162301028,14.7222215349874,14.3328933232821,14.371277182194,15.1185041074315,14.563458029494,14.658176853677,15.0791747457768,14.2686783416157,14.4176259361773,13.8011631881601,14.1842798900169,14.5406700679731,14.7405888544615,13.6841381734451,13.8747046507068,14.6485853095982,15.0300287337636,14.3894237478579,14.8665806037946,15.2499123897707,14.6928643636326,14.3403929019009,10.6811721034015,7.48181730552018,7.48181730552018
0.866501390544179,13.907959897171,13.3883801499534,13.7889581121909,14.3302854644881,10.8076383655937,9.9960007322586,10.0468434329745,14.3826475437269,15.3725573056745,13.5854882804569,13.6899741119269,14.0463032290796,13.2020876719718,14.095076808093,13.7088865700377,14.365845229834,13.9014167194124,13.9704520928048,14.9864371054151,14.3096621549085,14.5312832519982,15.8633047055756,15.3655348944667,15.3710688835657,14.4914133548603,15.5757271775559,15.9695641525111,16.1094011542636,14.9598148603661,15.0606875941239,15.4678193406099,15.5042369132317,14.8646140312925,16.1757441153432,17.5272552191727,17.236592824652,17.7515662920688,13.1441583692305,9.15226080526089,9.15226080526089
0.866501390544179,14.0413580980465,13.5678892639909,14.0157500260852,14.6128843418098,11.0194768689228,10.1919498738752,10.2942817744391,22.966930587708,27.8968648992335,24.656944780148,25.0962675248174,25.8089298814647,24.1072137130087,24.2890269021667,23.177350839625,23.4221587435291,22.1210621656267,21.8886450491287,21.8976586895095,19.8807852022087,19.3649159744044,18.7080979135896,16.8425307575537,16.3100844211306,15.0543751466732,14.7191957325464,14.524364414832,14.3605574662162,13.135449652936,13.4628162466349,14.2313623525704,14.0701175354145,13.5251016447073,14.9046158293331,16.5370703143893,16.6864579581775,17.9601568267008,13.4493675640718,9.47912400841932,9.47912400841932
0.866501390544179,14.3081499378504,13.9268995134978,14.5578908550291,15.6891140574741,11.8916506991382,10.9971990093148,11.0814423610685,23.6673579850329,28.5230418763833,25.2044066699294,25.2966726310004,25.5464670089412,23.6442878465419,23.8423029111391,22.8132140086804,23.0117815577295,21.8911399468811,21.9498891470451,22.9783742658218,21.9351906813325,22.0311717382674,22.4760156147868,21.2211925919069,21.2687435307422,20.0230211102385,20.8105785008098,21.4674209051553,21.6075305394087,19.9196052934087,20.0162282660734,20.4527892936524,19.9586341134298,18.778838762523,19.6379693541282,20.1699029694243,19.3636891544662,19.2247738734599,14.0471468443002,9.64895781332203,9.64895781332203
0.866501390544179,13.9079781469879,13.3884120677738,13.8775998122161,14.8461266874774,11.2610831964895,10.4196966988914,10.5761095838739,23.5077960586948,28.3958212533776,25.1134632331896,25.6935181072464,26.4352501955938,24.672727755219,26.4513932561484,25.7669670150395,26.0641545450991,24.8194990347935,24.9171342018682,26.7756927873074,25.6627839889065,25.8180134760965,26.6627116900285,25.1030904487556,24.9645948653401,23.3524435304515,24.0085148032796,24.5980203718178,24.6395365935264,22.5415581421218,22.4205632290316,22.9025158545983,22.9335470394986,21.7938562391022,22.6477926528758,23.3229384805197,22.2320158874937,21.3059031002256,15.7870668379319,11.0051647531393,11.0051647531393
0.866501390544179,14.174751737287,13.7473904000061,14.2425250028734,14.8949301298123,11.2307495911176,10.386760755891,10.488723916079,24.5200401188404,30.1001567841576,26.6030825436415,27.0404208456559,27.4759727776416,25.3590996360244,26.7085950225571,25.8804781951424,26.2308134516372,24.9931575903887,25.0646054535058,26.2327470637589,24.8947820151999,24.9104162176265,25.2152377513771,23.7004754365327,23.8076628013505,22.5994667215786,23.1526886786896,23.6585092609367,23.8285613282323,22.1185876856421,22.2517798403972,22.6028773510253,22.2939153120355,21.5509495512029,23.1617605800811,24.8745835508315,23.8682675683311,22.9766197978211,17.1249219405055,11.9973935737604,11.9973935737604
0.866501390544179,14.041367223033,13.5679052230376,14.0600708763865,14.8706362770207,11.2460243940712,10.4034137704546,10.5069024735045,24.5443032781396,30.1285901926536,26.6363998072235,26.976170696414,27.4299632169557,25.4422964921396,26.3738635664945,25.448625510726,26.2626680919191,25.2448436640834,25.2682224880587,26.3899364037772,25.4034999227709,25.556372896616,26.3444440782351,24.9355194510464,25.0121197762869,23.6069419816094,23.9662191422586,24.3016550504608,24.5264097673919,22.7295881915624,23.1682123446665,24.3332419150449,24.3608595872969,23.3314555365033,24.6212085833592,25.836023045667,25.1358827058856,25.1882729449753,18.7102803364182,13.0740257210564,13.0740257210564
0.866501390544179,14.0413626609298,13.5678972441965,14.0157669678298,14.6139495967282,11.0205736812786,10.1942543397427,10.2630468532438,24.1334921931357,29.7572568267694,26.3065423745856,26.5324357796375,27.1724242354807,25.5059773838148,26.926849847581,26.1203606199523,26.8338929427325,25.7480715408575,25.8110338799804,26.3883352833735,25.0783633414462,25.2301729420909,25.8308172846865,24.3027032972094,24.4099848337114,23.1507220875459,23.6469099129484,23.9040548352472,24.2539795042878,22.5892977646681,22.7911033363838,23.6830036626208,24.093459115499,23.2710366737567,24.3717170346714,25.4001573734359,25.3063055463415,26.5580685096426,19.7933994324957,13.8665607067643,13.8665607067643
1.30024950337686,21.2697181447012,20.628145030049,21.3262130131455,22.054801619527,16.5868397808166,15.2947936776338,15.3343878652465,30.2930089679593,35.8902670442927,31.5670590759616,31.5060213093544,31.9314816355912,29.3563013738294,29.5289347425154,28.1828819715396,28.3527337395631,26.9196512449606,26.9106227351348,28.5659572893062,27.1679067347423,27.1314790892087,27.3543686947106,25.6498928825234,25.5684584630524,23.9733348736025,24.6830349793618,25.2975615789289,25.9072413140203,24.3249357671582,24.5274314408404,25.3075365045933,25.2400877836094,24.1152931270307,25.5352048389489,26.9169209928051,26.1489355437129,26.1338352354162,19.4141005251151,13.567096414513,13.567096414513
1.30024950337686,21.0031847579193,20.2695867991665,20.9178927149951,21.7885727019581,16.4320179498654,15.2014902324116,15.3056062702547,30.5510807951315,36.2549252581597,32.0557650834523,32.4023452752177,33.323764921099,31.376927299715,32.1629468163365,30.9335370651738,31.1748328491424,29.6305720781909,29.8114193579894,32.4977211118185,30.9792388887501,31.1157769501749,31.6044558627882,29.4650124518084,29.5170676940217,28.0177978567808,28.9984059547565,29.5041494204545,29.5782134829215,27.1423681342714,27.5776297507029,28.7763835634701,28.1794502554965,26.8055082333087,27.6236816150582,28.1275834725636,27.6803139104461,28.6040297101867,21.1874368753093,14.7628940759917,14.7628940759917
1.30024950337686,21.4033565576217,20.8080742603507,21.5096098512107,22.1201695403908,16.6137245181337,15.364946180798,15.4662609157064,30.7004012297884,36.3769526430819,32.1479125204211,32.6897467944142,33.2976334672601,30.7979269237596,31.221080196258,29.9345530725251,30.7443659130155,29.4957456908965,29.6006204049308,31.5775265935791,30.360869646063,30.4562538667847,30.891535962077,29.0955036192683,29.4689744630896,28.2962974675987,28.5076675900405,28.95211409289,29.2327379670467,27.1335693174418,27.4592789814483,28.3223938857626,28.1076322173512,27.0529824055237,28.7732145350138,30.5136461443686,29.9907331055138,30.6341734718401,22.8031943381709,15.9614920662322,15.9614920662322
1.30024950337686,20.8697956900901,20.0900936582718,20.7354216813266,21.7635803914997,16.446576234521,15.2166738040919,15.3904818522439,34.8968440519517,42.4995462698569,37.5816290375095,38.2729852057587,39.377208000061,36.8575295190581,38.1641153358907,36.780327071855,36.9084975735936,34.9307690090669,34.9225362035763,36.6355319086869,34.4900753458552,34.1934183508187,34.1080049684489,31.7910346985504,31.6118575471613,29.7964144026816,29.9578293014374,30.3532263953978,30.0524214960369,27.3642082093396,27.7012518180986,28.6301793888252,28.0687554256997,26.9340932228905,28.435016931804,29.8947378900395,29.730125295912,31.2096232159388,23.2245360390529,16.2553365700629,16.2553365700629
1.30024950337686,20.6029901636647,19.731059471696,20.4589518529543,22.2209510264493,16.9204159279784,15.6526259420225,15.8421657530563,35.4253443288803,42.9687217790781,37.9875802349556,38.3271087454298,39.33149342294,36.9754556554635,37.8595756561564,36.3957711567455,37.0233792493431,35.3522678638792,35.4097209175193,37.0452894501867,35.5156970191232,36.1192707076005,38.0999877289999,35.829927085247,36.1190937348568,34.4426210624958,35.3888214940234,36.2181378106094,36.6594982801907,34.0393469973348,34.0762688546453,34.2357521573526,32.9195453225647,31.3427037906338,32.7786453332831,33.8247240520214,32.3404046211718,31.4116233543136,23.1265718356075,16.0072625422642,16.0072625422642
1.30024950337686,20.8697683154428,20.0900457816777,20.7353200407228,21.7593975650719,16.442285425657,15.2078763007551,15.3444427218253,34.6736967699412,42.2862117457044,37.3777995917183,37.8201550709776,38.4462762475125,35.6734374846347,35.8796712665165,34.334891285086,34.6837675249052,33.036218876634,33.1968167202309,35.3318294382145,33.9110006081457,34.193054816513,36.1301516667323,34.8036965182572,35.2223852900568,33.73519947322,34.2115358909598,35.1353775330188,35.5212894847742,33.0895967261991,33.4299249171931,33.982776772816,33.0639992940893,31.8735586703019,32.5855873328465,32.9147519185507,32.1521992576405,32.38416043308,24.1085834292464,16.8785881181829,16.8785881181829
1.30024950337686,21.0031710785775,20.2695628748291,21.0507028334609,22.5541387509611,17.103756635722,15.8194622897826,15.9730068751126,36.7748307380107,45.0009889259096,39.7747620775728,40.0975762851798,40.6239529060458,37.6302727867054,38.5833932050526,37.0935491470447,37.4754489720254,35.6423511837957,35.6712769468029,36.6832457804087,34.7040810220771,34.5766711244399,35.1891773576744,33.4572426115338,33.731745434584,32.3200265842223,32.6397562139813,33.2794796317028,33.2542885940955,30.5357925924707,30.7013160642775,31.299665765809,30.7987212089431,29.7666726958796,31.0989613772438,32.4152529370327,31.5966978046006,31.4508404002064,23.5284751031963,16.5496504283992,16.5496504283992
1.30024950337686,20.6029947254557,19.7310674499911,20.2375339420885,20.9423700891653,15.7981474834311,14.6171511450978,14.7224903272159,35.2898445897365,43.6796345340634,38.6277310232127,38.9919289428912,39.7508253271978,37.1538476254559,38.2597487589872,36.8711218357384,37.285048482983,35.5272826977727,35.6227574315844,36.9143687218479,35.3665545541742,35.5365737541406,36.1627014704066,33.9955667915562,34.119475697218,32.2656049957704,32.8541358277167,33.756800609817,34.5691173513715,32.4613798358322,32.7449480758347,33.4904447454135,32.8103683272683,31.5015498151759,32.8208245215058,33.9326415765939,33.0669487114054,33.1979721432706,24.679992674103,17.253493743112,17.253493743112
1.30024950337686,21.0031619542152,20.2695469168741,20.8292341066316,21.272370518751,15.9782065317519,14.7770933308982,14.964225725032,35.9288460233948,44.2363846510065,39.0956554695952,40.1959453616855,41.5214331037212,38.6609753463312,39.6853725661688,38.1828040791063,38.5436016929506,36.6726427901518,36.8050147137515,38.9790965722626,37.1761544764937,37.3385687280737,38.3816066922209,36.2394332019088,36.3481023923933,34.4152226343108,34.7245352490389,35.2511503285219,35.3648141759224,32.598470794953,32.8457442862705,33.9087801759889,33.9361201771963,32.4960947419182,34.4379757556478,36.3310670656985,35.1883144981319,34.8836219542172,25.9240536430132,18.1255390989232,18.1255390989232
1.30024950337686,21.136569279609,20.4490719891395,21.3660686873537,23.3481549011721,17.7644837847313,16.4295184943311,16.6510226863736,38.6153582861751,47.1491090750414,41.6680784613024,42.2017816232778,42.7966571125257,39.4793857873644,40.1638184819717,38.51322637862,38.6840060506819,36.6963471079027,36.7377523388752,38.2935683238699,36.4142685595751,36.5833325123109,38.5309837641793,37.0945634786203,37.2453171399052,35.2786252600527,36.5654532582948,37.2973579760042,37.7138563371907,35.0737568066635,35.5014544172803,36.7751843619999,36.8729689485853,35.4429710300653,38.8150008729675,42.4268192216228,40.5892609282754,39.05850951566,28.9649507481908,20.1914194254096,20.1914194254096
1.30024950337686,20.8697865652597,20.090077699498,20.7796747710346,22.0189378218096,16.6706717828713,15.4231699640425,15.5793509754356,37.2269611280261,45.9156577939195,40.6005165588525,41.0691890325851,42.000357757607,39.3044923819612,40.5351460292757,39.0768225880483,39.8829276220198,38.1625470696147,38.3820031892878,40.821239040923,38.9827279915303,39.1438483448817,39.7434221345969,37.3249017601745,37.6819799062816,36.1546361219985,37.7314259827725,38.4562083024168,38.7275492412732,35.7232654165341,36.0360435645182,37.6198392365258,38.2123966186328,36.5987376126599,39.6030651730871,42.9172037258987,42.4645230559276,44.0323506234655,32.8100559876167,22.9928001254678,22.9928001254678
1.30024950337686,21.0031710792016,20.2695628759208,20.9621288963574,22.0423854622659,16.6545195943984,15.4045900829079,15.4898988827561,36.7970877483274,45.5180793376713,40.2352608750894,40.3422736894461,41.0699813265871,38.4724946578454,39.0979161867356,37.518957646082,38.2329437908322,36.5562657945599,36.7539829538226,40.2591730018294,38.9102908540202,39.1867502236151,40.4540576591718,38.3388312165282,38.9439970040127,37.6635875588015,39.2245279258606,40.5030493605085,40.9324922336738,38.0388397249727,38.8398651720485,40.7251219587245,40.5862140757659,38.9072509030108,41.6886854590509,44.4829347930134,43.560992999487,44.3420738751578,32.9037869782364,22.96204698479,22.96204698479
1.60964322606255,26.6740931855541,25.9985558812786,26.9192184175925,27.6703307178521,20.7658669105626,19.1707203789213,19.2852139473898,38.4019863317118,45.4730608909702,40.0725936946216,40.6312799792779,41.2879254970029,37.8082486353924,38.59318347442,37.0535207018037,37.5516559079239,35.8530186831317,36.039384826031,38.8286149227674,37.3555218484836,37.7854500413243,39.8781249439524,38.2255356798251,38.5150429772181,36.6181174528616,37.9015191147368,38.5801164843314,38.8656726702622,35.9629584342232,37.2999803176674,39.886307710494,39.298724178929,37.9120289148344,39.1944974648567,40.2112751606261,39.2552561627163,39.3865344296437,29.3716500689812,20.5996966998796,20.5996966998796
1.60964322606255,26.6742918978088,25.9989034169324,26.9642431948601,27.9586401099232,21.0237782664983,19.4467449195445,19.5324064237511,38.4917293372948,45.6528980321658,40.355900914079,40.688162064185,41.7776746253797,39.3178757508059,40.6761126239042,39.223518968174,40.4163535376037,38.8194497846162,39.0613245807521,42.7993379666092,41.0034567229041,41.2583970751817,43.2018524933802,41.2598204091704,41.6191212621964,39.9387759534192,41.6400801143931,42.3292396833013,42.6027334902023,39.238937902718,39.7112294510972,40.9105555763105,39.623640055381,37.8369982964196,39.3790906383944,40.6826382266562,39.6461422057859,39.8813108975835,29.6234251694672,20.6932461997579,20.6932461997579
1.60964322606255,26.1407173501399,25.2808988891249,26.0571433222224,26.8320096623618,20.1802972667649,18.6710367978435,18.7766084283138,37.8301172412292,45.0699333706928,39.8572434169426,40.3328464362611,41.0864016264553,38.2702169249574,40.4017347308495,39.1952932850166,39.8161534191475,38.0064658481992,38.3072514193584,42.8572006434009,41.3181908501557,41.6313669800865,43.2112018534874,40.9931904202312,41.2756774043853,39.371845105112,41.6856928761516,42.4283747715658,43.718582266028,41.2900726209229,42.3563972735169,44.808346794356,44.770720295735,43.0373739347961,45.7445372988316,48.4508990526428,47.4305109686943,48.0693644166344,35.7526941937695,25.0022564900227,25.0022564900227
1.60964322606255,26.407486377712,25.6398692414249,26.5106255111388,27.3918421720585,20.5984574860051,19.0514451333072,19.2046215636683,38.1504537044642,45.1389745210717,39.8951569575008,40.6626069065021,41.8168510886327,39.0310327811279,40.3602136924775,38.913162843458,39.9671370757516,38.3375416939549,38.5585570355521,41.4325143276106,39.5128380634219,39.8816803848499,41.48509821614,39.2244144012525,39.7460184610555,38.420219102138,40.7662487074019,41.8004541849645,42.4484151573411,39.6439996082936,40.3734679959193,41.815493233886,41.0820748716003,39.7209193873928,42.0840256548866,44.4452955606961,43.5133448565204,43.9317920529779,32.7381112831201,22.9352747250895,22.9352747250895
1.60964322606255,26.1407082246856,25.2808829292599,26.1456833793173,27.3421433962117,20.6278704599184,19.0824635286219,19.3066048908803,38.5929676582803,45.5477865639465,40.2696989623075,41.2843128581083,42.6408576773033,39.8410380451059,42.0010541498816,40.714560873423,41.7693363613201,40.0337409221011,40.1153831041524,42.1761655079898,40.3953166834157,40.5694663217322,41.8024246913138,39.5864166325686,39.8417211979914,38.010502881481,39.2749506388361,40.3428203039903,40.8451144420889,37.9485720203293,39.0916391894677,41.9199541349821,42.4096842658265,40.8541762252126,42.6233444044642,44.2396035738048,42.9597345564876,42.588748931495,31.7635828237756,22.2800505393253,22.2800505393253
1.60964322606255,25.8739118229345,24.9218647011848,25.6478125818195,26.5213216113302,19.9798368533126,18.4837043650371,18.6396098585897,37.5967617045519,44.6530887010457,39.4821732311412,40.169265480694,41.2706559734132,38.6128999582521,40.4133161715455,39.1148064210567,40.2961110813304,38.7206976709048,39.0359473931684,43.0305698264903,41.3070180053707,41.5129256211198,42.7236895134093,40.59108591725,40.7953454818439,38.5827412407671,39.1872116241017,39.9592340809607,40.358825025672,37.4297920871179,38.4040931602627,40.3440596920896,39.4812379152355,37.7837884846696,39.702159106449,41.5328706687347,40.5073204711174,40.7589885523096,30.353248868368,21.2739902523501,21.2739902523501
1.60964322606255,26.1406899750247,25.2808510117124,26.1899025890081,27.5946974471961,20.849074724578,19.2828185764921,19.4700436150377,38.5801613719674,45.524345102223,40.2335698473101,40.8843098652358,41.7597135751798,38.7587555122892,40.1844688609399,38.7637229926786,39.898156849469,38.3006892635769,38.528251814357,42.4901602802109,40.8429286396059,41.2152032759762,42.5167119044106,39.9659966108649,40.2583229959919,38.3150624057222,39.0688451801797,39.8088107953523,40.7202478646314,38.2408493613279,38.5796944637146,39.9830909828361,40.5762265178386,39.0382246052828,40.5722979081687,41.8353953590607,40.9406950128243,41.4419515784203,30.8339564802286,21.572735393064,21.572735393064
1.60964322606255,25.740518183694,24.7423635651696,25.3767506353234,25.9838212574371,19.5443832384335,18.0824184834229,18.170593837132,36.8005497961854,43.9406575747652,38.8584725859843,39.2226704737625,39.9815784951608,37.3666565859083,38.9451151467893,37.6612963780466,38.91467820114,37.4510318419888,37.7124941067137,41.3584461452607,39.9012005778321,40.1858652264253,41.443860772246,39.2492501000311,39.4955658628145,37.4943573753442,38.3972854560517,38.9471171335553,39.8255066440504,37.3800971920318,38.0083109927868,39.5562032147042,39.3970969412704,37.977158559733,40.4257347777144,42.9268621202054,42.1458859501126,42.8989096368235,31.9560772012796,22.38457697639,22.38457697639
1.60964322606255,26.2740790512258,25.4603441672491,26.5052345628923,28.387263690046,21.5083139225641,19.8898156031151,20.1268196774555,39.4780320058494,46.3245477521693,40.9298694197862,41.670374433028,42.6082669465952,39.4706501596483,41.0437339095016,39.6035087046126,41.2647036707052,39.8043145210303,39.9989576181283,43.8140799046709,41.8624027750418,41.9212499168319,43.2166395230387,41.1471474024748,41.3963851662191,39.4812984528069,40.9009821681095,41.8454984262384,42.578802835282,39.6902179028956,40.0439324831929,41.4880872029215,41.580850108058,39.8381287434022,42.1302320523356,44.3496371863234,42.9107961321742,42.3954410796815,31.4954649564472,21.9998215103154,21.9998215103154
1.60964322606255,26.2740973004185,25.4603760839778,26.3281544423365,27.3678357755355,20.6140380207295,19.0688738864881,19.2582233412775,38.2538667208128,45.167870135105,39.93287415653,40.83636372703,42.1078445205357,39.3767558143069,41.8060805707216,40.6261593897672,42.2333079179588,40.7451892410046,40.9613980238971,44.030358493134,42.2724528309077,42.5791279208394,44.4409689470313,42.3479624349903,42.4960528205169,40.248199313608,41.2424754936114,41.6833490280799,42.3945947743456,39.5524270997711,40.0971706416535,41.5845732472628,41.2657399972999,39.7162092769861,41.7815449408082,43.7232796212389,43.0911731665577,44.3022158593956,32.9704120331184,23.0762878446634,23.0762878446634
1.60964322606255,25.8739163851937,24.9218726802988,25.7364034606666,27.0339714972165,20.4299958360641,18.9004969954937,19.1424508454612,38.3906343986413,45.2952913786221,40.0503597892992,41.0722119703545,42.3448311289216,39.4880906454747,41.2214475511642,39.8541507047538,41.2143688067703,39.6490774575274,39.8718480885183,43.797579287692,42.1685063292097,42.6876250331454,45.0861689252667,42.8700721605916,43.1558353030547,41.0537594715543,42.2087363762196,43.3294100089498,44.375277275217,41.7425993193876,43.0118828508747,45.9266165697206,46.2634459136148,44.4185948231415,46.7213646763839,48.8028079772586,47.9140784405858,48.9997010186862,36.3816823849937,25.4007430439465,25.4007430439465
1.60964322606255,26.1406899751807,25.2808510119853,26.3670504684342,28.6188856075004,21.7482554966818,20.1141149657521,20.3353896541615,39.48615720957,46.2653168493185,40.8863444092048,41.3087183764915,42.0010888398817,38.9609118919883,40.0354019928006,38.5177186333204,39.3570273900012,37.6605738251032,37.7591660299395,41.4569792070206,40.3341939390369,40.7462481290541,42.6307068813784,40.5179145833241,40.9478317461888,39.1748251961025,40.5106057163927,41.3670291260248,42.3915188458633,39.9387906768412,40.6628828792715,42.4636467580679,42.7210071984774,41.2341623282194,45.4207255609326,50.1222111860112,48.8743492069204,48.9540203552317,36.4865788482478,25.5757853978972,25.5757853978972
2.217487485101,36.9100828129063,36.0357941957379,37.5664917991741,39.6321539099087,29.888894127771,27.575471683821,27.9439770766165,47.838860523087,53.6055125621052,47.1480095796333,48.7327647882815,50.2364013688787,45.6941291912777,45.5983675117327,43.4280191674432,43.9388981744854,41.8409957942729,41.9656423552922,46.0542887528128,43.9232570704313,44.1194570903398,45.7399860735157,43.2478388567814,43.4831550249499,41.5719931788376,42.702047208463,43.4920470199406,43.5279719968462,39.9818101197214,40.8856760186556,43.0302541042654,42.4200733294056,40.6397762941392,43.1098770137321,45.6003155222377,43.9080793493522,42.8284676836463,31.8740136278505,22.3133275501486,22.3133275501486
2.217487485101,35.8433113810667,34.600445650623,35.7979812671561,37.696022756062,28.4894241289087,26.3609670167635,26.812227237371,47.0676729050593,53.1241934423867,46.9912463824338,49.1679451841403,52.4706275129403,50.0945195950194,52.445712308828,50.7584274483023,51.6295179257766,49.2838098309618,49.6025916602157,55.2724688305927,53.1386356655912,53.249673972777,54.0431101030473,50.5331657663892,50.7487859000016,48.5097585904555,49.5564398154629,50.6018889586746,51.048873154435,46.980658497291,46.8224913766921,47.8143680058628,47.3510096789599,45.0184242729888,47.7704371278304,50.4807237463269,49.1796649255471,49.564554953309,36.761585474842,25.6423081929805,25.6423081929805
2.217487485101,36.2434558105116,35.1388852428908,36.3453098093485,37.7663036408982,28.4409185902523,26.305328188299,26.6299081474565,46.2792016732702,52.3847447420781,46.2999493941581,47.9612650290558,50.0997638856273,46.9631503847076,49.1357487664284,47.5461777228025,49.3893427549367,47.6429752703472,48.0687832325427,54.3220817699306,52.5525635327702,52.9008331544949,55.6306442708827,53.6664577238856,54.0437947181382,51.2274542961679,52.2369097875106,53.1407744372123,53.8574116002647,50.0835447603225,51.0682072013435,53.2674542149828,52.489751886585,50.2139111509342,53.756658724585,57.303457440054,56.6969383106095,59.1030772346681,43.8421398971852,30.587248213141,30.587248213141
2.217487485101,37.0438313282074,36.2159159884101,37.8831583503829,40.4825545764453,30.6074928888216,28.3046438258571,28.5919781787552,48.434110726544,54.5305985056867,48.1774099207789,49.1293426064804,50.4149967288889,46.8260391223744,48.5380506602462,46.8034496042683,48.9083223413052,47.2627914942114,47.4332411099323,53.4215480021425,52.147806364749,52.4597051330725,54.4140298581286,51.7866007561794,52.4633427539222,50.5088037268338,52.5552769481171,53.7024970602493,54.6652090479213,51.0836280235957,51.7922089764796,54.1537314427133,55.002919519307,52.907271905355,55.6450243443311,58.2452767937248,57.4559762397082,59.175951510069,44.0446609712411,30.8222172501076,30.8222172501076
2.217487485101,35.5765286783869,34.2414513813909,35.3001613335824,36.8779191011664,27.844185711408,25.7680334255541,26.1187016925495,46.2584280337135,52.626805160045,46.5667307406137,48.2146532402949,50.0981020232459,46.9081427295602,48.8372613062854,47.2188095087856,48.8134818817998,46.9640666442298,47.5037418833243,53.4022213054782,50.9522520547461,51.824164484408,56.2465148589963,54.0037472682606,54.3962005964239,51.8983362548772,52.9988251119635,54.2923500338513,55.3059784615897,51.7858101132106,52.9581580727572,55.8432912968834,56.1375501036709,54.0419886222558,57.1072705342936,59.9761867364266,58.6485039861257,59.3549678512713,44.0941663729337,30.8047758510378,30.8047758510378
2.217487485101,36.376840324454,35.3183704193142,37.0149206014974,40.605674917629,30.8968978459928,28.5714612584547,29.0470444136093,49.7972770864425,55.7549969216346,49.2553340841945,50.7558302878146,52.1941824525119,48.1234458762403,49.4091463793092,47.4968636441738,48.6615016625007,46.5921702450896,46.7926463508421,50.6844297934611,48.3644655819151,48.6957196584155,50.7869188771033,48.3362804204431,49.0327697922923,47.3520439133768,48.9253632772275,50.4941197876047,51.1532986189094,47.7217403307548,49.1337617674541,52.8715172915142,54.781647917971,53.1024877773264,56.9935924287097,61.21431222176,60.9840413783578,63.8159630704239,47.6621207012412,33.461957044306,33.461957044306
2.217487485101,35.8432931427634,34.6004137529392,35.975061428158,38.7176811675866,29.3860126789413,27.18698747092,27.533258951903,44.9657392495352,49.8486902019332,44.0850182526577,45.1266037571719,46.6996439287544,43.8688652773821,45.0980464039539,43.4639892728234,45.4640467594747,44.0476382513754,44.4903802951827,50.2826241732529,49.0811288437371,49.7239523831401,52.7526070402511,50.796360734611,51.4062383864993,49.2429861952378,51.8001266317167,52.5981024537413,53.2715580453018,49.4490985317424,50.0524501907397,51.2571434331896,49.4536176296422,47.2643625672629,50.1242394897428,52.9324364844977,51.687862829275,52.2635090850971,38.8383480251431,27.1583352158968,27.1583352158968
2.217487485101,35.5764876168061,34.2413795671821,35.3000088741168,36.8703784222402,27.836436403674,25.7519534093611,26.0628851823939,43.3257580973753,48.3675692946793,42.770278820198,44.1375305746486,46.1497814558225,43.5398126714261,46.3633384473432,45.0977744218571,46.6212658988284,44.8666080085929,45.1714926901381,50.3456873794137,48.7569078111706,49.5040973965325,53.343883352687,51.1688661676421,51.4237242109182,48.9122717198731,50.7858178515101,51.4836137583975,52.0579276175576,48.3546551604725,49.2151060865572,51.6651755893283,52.1141788853884,50.2776520247212,53.2876515443308,56.2851743886169,54.9481302018446,55.1927370326116,41.1100200607139,28.7919920709317,28.7919920709317
2.217487485101,35.7098721299678,34.4208647422403,35.6153239056739,37.6613709737711,28.4940516228217,26.355488233342,26.8008120531206,44.7134655386629,49.6027407272065,43.8427282597067,45.8409593112464,48.0601651555661,44.8704869472942,47.0821251815671,45.5705346141654,47.2294444800169,45.4671599756353,45.7538813178037,50.0062009921423,47.7192384756545,47.9568461417091,50.2431395262409,48.1407703555741,48.4948222573504,46.3036426599673,47.8853912826169,48.6806834307293,50.283495365293,47.6412188604623,49.2003512697366,52.8860904221321,53.7807998505989,51.9638603238472,55.393423626707,58.9971924366341,58.0894271972497,59.3476017771962,44.2705931881316,31.040882743398,31.040882743398
2.217487485101,36.3768448851527,35.318378395699,36.7492157168648,39.0711272076831,29.549917434588,27.3283451575117,27.7198627221451,44.7874550393205,49.3108810669814,43.5715370497239,45.2108577149522,47.5995485711631,44.8932683148706,47.3860215380069,45.9479500969026,47.8100612166445,46.1409250560845,46.3224296369564,51.7193323919029,50.5284040460173,51.0198568700003,53.5782404187403,51.0928964578114,51.7012672909873,49.7579906741952,52.0702978052045,53.0378521201552,54.3087574542583,50.8918335454958,51.5266751719508,54.0587836891088,54.9934885973385,52.5815621665222,55.7697229956976,58.8581476821295,57.2626414514892,57.4385785887082,42.6371205576337,29.7712025481683,29.7712025481683
2.217487485101,36.1100804201521,34.9594160230591,36.2514634988229,38.256227639468,28.9079704203818,26.7422230242774,26.9839423393477,43.325804007914,48.0163435694774,42.4552669595167,43.2540060235276,45.7320086425529,44.1086358492185,46.5368324271875,45.1423138394535,46.6169784083724,44.8463022960279,45.1210977404038,52.2204137747479,51.4659838941641,52.0553717189518,56.3625234277977,54.8683541786012,55.3788980289749,53.0080050020095,55.7570597309769,57.1771667478651,57.8200436467508,53.7021103608472,55.2697081130892,58.7377126222638,58.4308563653323,55.9562994562752,60.5250067254556,65.258309822539,63.8652676280858,64.9653932411343,48.1878081993882,33.6187726871726,33.6187726871726
2.217487485101,36.2434649347182,35.1389012005735,36.4782045961765,38.5359774827136,29.1168779866297,26.9320482475865,27.1888519480105,43.6048597096915,48.2579201949311,42.6561535591102,43.5424863016271,46.081410465153,44.3631844064733,45.7199861333566,44.041467206747,46.3349588005393,44.9199715040736,45.296632885108,53.6545584424094,52.6284300255594,52.931593068868,55.6592339993355,53.5377139685993,54.6230701773021,53.3307804574146,54.8314431063673,56.1009465980076,57.5218730017746,54.0542324124795,55.6915480914892,59.7062079022975,60.4026080374786,57.9934520341645,62.0484622370256,66.3526437930496,65.5307634088605,67.6395861742644,50.4044909180918,35.3241349480977,35.3241349480977
3.46600556217673,56.0313564449292,54.0908626047055,55.8779787258082,58.3164241064943,43.9794450129233,40.5504142716875,40.797541595122,56.2414845105242,58.7084892158963,51.4651345511788,51.8135120751582,52.7071267026773,47.7370792957739,47.596082764565,45.2730103960679,46.7721112519909,45.0147446315667,45.2086242039956,52.3475252905295,50.895227518161,51.9138986543247,56.7769541315139,54.6681755132501,55.6356986665676,53.9562326706577,55.6346656086115,57.7881126499955,59.1310793455979,55.4800530978855,56.8417829036557,60.3087813292906,60.9183033519363,58.5669640078927,61.774659180096,64.7806665062926,63.910538036235,65.9691146397664,49.0237270409611,34.2581064057786,34.2581064057786
3.46600556217673,55.6318715022536,53.5535764147071,55.1559509421535,57.3275025419898,43.2370947139379,39.9976388659133,40.2914405109961,55.8949431524803,58.750821119249,51.9479377914377,52.9761770012366,55.545320095309,53.0482064172517,54.5154210080752,52.4777022366097,55.6046703637713,54.0487899938935,54.6083274168829,64.047825569531,61.8630973598655,62.034246694644,65.0023964121566,62.2942870352592,63.2182899017333,61.6360792194254,63.6879246257382,64.7209398188593,64.6857543806729,59.0238297501584,60.3487248441295,65.6054683794798,68.3319078198996,65.0714789824855,70.3474115750093,76.1046591903606,74.6017359147904,76.0030987057132,56.529260358834,39.5483112970707,39.5483112970707
3.46600556217673,56.8324005863592,55.1690627324904,57.2411619504469,60.1160288240778,45.3572160196762,41.9456145795981,42.3515674143975,58.5015024835246,61.060957484528,53.9420696218921,55.5500425965782,58.3633361798419,55.2060867243791,58.1207176881697,56.2913330363719,58.6348939619502,56.5733591543741,57.030525071586,66.1573338668848,64.0776613597378,65.0306454174617,70.629527097929,68.0462340487962,68.7070538316409,66.1822877008546,71.2482401745712,72.6612886044757,73.5995436018315,68.4000310577335,69.6351769624838,73.9760279006552,76.1227047538546,72.9574763490861,78.8691316816536,84.8937342286723,83.5308384109124,86.0451839829315,63.7300545005241,44.3726918101461,44.3726918101461
3.46600556217673,55.6318989000817,53.5536243318429,55.2446266082562,57.8448630806562,43.6920994220688,40.4245515670376,40.8078337530022,58.9730583593576,62.8034049937951,55.5517487898569,56.9543090774646,59.0953383476481,55.6115519174057,59.8245896319423,58.3261546276052,62.5776734202178,61.1449991416021,61.677937626895,70.6688681738999,68.1663483037372,68.5690785351349,73.2307512733753,70.9872987860905,72.2637011677119,70.6268400646322,75.2778991541913,77.2966421946025,78.4780096330023,72.9368994006493,74.4355570860373,78.8242280322225,79.4913028080536,76.1268181426677,81.2376984458593,86.4896318926136,85.1774496696331,87.5809084784828,65.1095934910598,45.5106671744511,45.5106671744511
3.46600556217673,55.8986451169819,53.9125547896645,55.6980241023605,58.4003977151601,44.1058418579403,40.7957792235484,41.1892450620125,59.4085494836537,63.1635984817474,55.8289425246222,57.2665776124617,59.0427503488822,54.9782058093644,58.3151204255793,56.6257761346875,59.9992087828144,58.3490751954893,59.0076709902262,69.3511034339193,67.164927393758,67.8719564953258,73.4381693369076,71.5068444718945,72.7867884795843,70.7818615379891,74.1664600087798,76.2991898317575,78.4073388149193,73.9833871981053,75.3993367038147,79.9874582601437,82.6073167299849,79.3997784377724,86.6607197176327,94.5458377679951,92.1192443942818,92.4262285042824,68.737720108915,48.0829133421437,48.0829133421437
3.46600556217673,56.1654415176406,54.2715730158291,56.1958948958049,59.2215539957663,44.7542222846356,41.3953000750932,41.8057856881455,60.1072119643154,63.7919126236143,56.3832075479934,57.8182482998417,61.1554857469672,58.5997720202745,62.3622235771174,60.6036853778757,64.4655321750984,62.7809437055314,63.1797429660696,70.2231761502324,67.5386886067556,68.7111826843066,74.5995732820805,71.4555164755402,72.3077303200338,69.924512610793,73.8423512495788,74.9953919487823,75.8997311492727,70.5156177182844,71.5185813548878,75.782617232973,78.8365934352684,76.090721841495,81.2539429443629,86.6496638760912,85.2447719725472,87.040039018681,64.8890743214753,45.4889947841905,45.4889947841905
3.46600556217673,56.9658124744811,55.3485957846898,57.6894395329193,61.6816302895446,46.6958767698775,43.1866221985859,43.7315459050491,62.6832837449894,66.0980998816662,58.4042034604299,60.3638354156244,63.6437627688756,60.2969657961994,64.7949221390503,63.1118782225178,66.6908026831275,64.7513377738637,65.2334868058763,74.2148461847597,71.5829061542134,72.2486092987796,77.1571513765159,74.3249378205559,75.0999550810862,72.2498109679289,76.1874547853518,78.0738077738342,79.4081285545062,74.0240920929583,75.6902678176913,79.8536619692109,79.5869565471255,76.2435512781659,83.220348504175,90.8742565025363,90.1432329524694,94.193697110692,70.0533567570186,48.9991457773007,48.9991457773007
3.46600556217673,55.8986907403538,53.9126345821685,55.7867674389438,58.9219405760062,44.5651522626308,41.231731137078,41.8207430729532,60.9786367852694,64.6087379429682,57.1471927770754,59.6670141121714,63.4290913784648,60.4090654057078,64.1009032972021,62.2845251627349,65.737204860213,63.8245669670811,64.3797903660622,73.3225494249328,70.9774591068011,71.5666689243974,76.6242646916851,74.2685913261278,75.1743994793275,72.4914374457535,76.4867708103993,78.5039008122337,79.6167589419416,74.2633013836004,75.4059946472037,79.4243386027946,81.7260860422721,78.6718988112534,82.7817290283006,86.612542908864,86.756743736479,92.4505188018579,68.7716256532919,48.106828795429,48.106828795429
3.46600556217673,56.6990160736664,54.9895775582524,57.1029947994747,60.3487184234928,45.5982569218121,42.1722239269167,42.563236715736,60.7724955555671,64.3806497835112,56.8905182839767,58.1901481775516,60.8613621561107,57.6829613499167,61.2645056666885,59.5129374862989,62.5013662636478,60.5751902598633,61.1115382017889,70.859036145596,69.1091589134571,69.8484078591201,73.5668991936253,70.3591733256023,71.4190925173182,68.9427317977373,72.5200267072874,75.5155162141227,76.4798153860822,71.2017053935819,73.4116077088266,78.0231172880588,77.7047330342887,74.8572830415522,80.0741649945373,85.6004507797424,87.1424720953015,95.7888892723516,71.4268232210341,50.0931264776116,50.0931264776116
3.46600556217673,55.7652879765949,53.7331174879255,55.5156716135916,58.381975882504,44.1271588931732,40.8250761493092,41.3101830109464,59.2873958235353,62.678204382449,55.4345018702364,57.3836763159889,60.5977159641126,57.6667433869603,62.8304715276524,61.4786157150483,66.2514964520258,64.8980192872107,65.6242917880513,77.969969358859,75.9633287881553,76.7688882298892,81.2951589581773,77.7014669974052,78.5870244460796,75.714421776702,79.2775060986049,81.2371064908815,82.8864426776764,77.2592173845204,78.0932908895079,80.6926574652518,79.0861637111856,75.3821166483114,81.4382071275151,87.8935844420535,87.0595251649556,90.9120379278464,67.5382019233452,47.2003049090287,47.2003049090287
3.46600556217673,56.9657987881718,55.3485718481668,57.6893887163796,61.6789505145568,46.6931213272388,43.180883693201,43.6895412363247,61.7876916859977,64.8796479846622,57.3155613138868,59.030277470047,61.5574243954351,57.7279665500015,60.9194612375681,59.0402846766673,63.1598132618693,61.661798719136,62.2624677498024,73.7767491975539,71.8379619737404,72.9192193755852,77.9918160630981,74.5441030847313,76.0077037622772,74.1552999683199,78.5431434096536,81.3255959991097,83.350647030136,78.5631443075262,80.4712401553653,85.0911821599568,86.1992226802213,83.134558940379,91.4335041473894,100.556309530312,99.2792661479915,102.499211733132,76.2114806783293,53.2706200060471,53.2706200060471
3.46600556217673,55.7652971012693,53.7331334464263,55.471418523315,58.128309179635,43.9048163574214,40.6224298756939,41.0235685279513,58.5947523920427,62.0635775680815,54.9033656023557,56.4301765547281,58.9518860930146,55.8337721497244,60.7147607473613,59.4025951614847,61.4757776917314,59.1986145565665,60.0845601773847,72.4389553241369,70.3464601085749,71.3030123378987,77.0209191597621,74.4331066045155,75.0341163308621,71.7049390511411,75.1974432811581,77.3212201206516,78.4672442989266,73.22962769767,74.8897987790432,79.2674295542124,80.490444000869,77.6513097561993,84.1131283234731,91.1266117842515,90.3744371049625,94.0552065087534,70.1167678022988,49.1722502960226,49.1722502960226
5.05276758045223,81.0112599146945,77.9502801617267,80.2680761732873,83.324443485629,62.8157793093073,57.9380014388572,58.2834840743977,75.8886806621604,77.2943762378827,67.7755417283961,68.3586366098241,70.6682187522269,65.1959474574774,65.4631587581276,62.4015140109214,64.1885446879187,61.6209279992144,62.1103986821437,73.4952959564094,70.8070620499075,72.0550195108403,79.5968609084383,77.2626842106771,78.5993020955081,76.469000243408,79.1382354283619,80.6499238285691,81.6853314694149,76.0007352763865,77.4201021679404,81.9613749135148,83.9198978096112,80.5648057099615,86.4029689985844,92.3498910337016,90.7656140858355,93.0043973344081,69.0681948214007,48.2332561846967,48.2332561846967
5.05276758045223,81.2789350403815,78.3108352245481,80.8134965933019,84.5428732280892,63.8339039064687,59.0436649172824,59.6598993219677,78.4901096457574,80.0691108076617,70.7705195102246,73.2068467699547,76.7815154436901,72.359402921833,76.9448950238636,74.7395532584249,77.4705907314885,74.551700097761,75.038657553359,85.6767608262795,82.6461048816196,83.4988000340809,89.1732221860579,85.137205171855,85.4845755615302,81.7748792467435,85.6141225479338,86.704740432102,87.1384031887801,80.0025159299556,80.8403641453646,84.1876865418918,83.4620139970796,79.8142096698082,86.4381425281917,93.7179590388544,92.3423581080917,94.9523676359586,70.6918863583791,49.4974300135525,49.4974300135525
5.05276758045223,80.8787632797297,77.7723478316609,80.3989274809266,85.2357500914444,64.5516741053698,59.7121547299654,60.3483100713646,79.2724388067323,80.78576394755,71.4194317200132,73.3247947083659,76.8553924596366,72.8857397097136,77.1444806084982,74.8585742259802,78.3172936867256,75.7300605997318,76.3892583013549,87.1266744972749,84.063207468289,85.0301647886467,90.4199365529255,86.5868383875461,87.3881950166884,83.7325506242032,88.0872299109466,90.2364932044492,91.2560546866407,84.70523843586,86.2837681897303,91.0441155670992,92.345495834381,88.634639610547,95.3389739965552,102.355604882038,99.5032270479935,99.3154935221714,73.8155857407604,51.5813513305584,51.5813513305584
5.05276758045223,80.8787495927972,77.7723238940479,80.3103027226575,84.7221584918205,64.100554086355,59.2934601049845,60.0832533884607,78.7604311894758,79.7357365015754,70.4886452943512,73.6210041266213,77.8485909386855,73.528887532768,75.9009442132527,73.1618849974643,76.6204499314979,74.1417466481141,74.6191454457077,84.2755904065313,81.9000735402411,83.5616284980311,90.3238482337857,85.9946179458805,87.335764827865,84.7457700870662,89.9254618616905,92.8403937040657,94.8862149106249,89.1569137006196,92.116227242329,99.4235722038905,101.92041015994,98.1272237399936,103.583049230474,108.646299514671,107.523940425454,111.777892316792,83.015079947044,57.9592536990265,57.9592536990265
5.05276758045223,82.4794732557252,79.9263375123118,82.7215936265604,86.3105429827524,65.0582834266833,60.1676880812352,60.7616023457161,78.4992916073831,79.4687299335518,70.2119570519841,72.8235316540014,76.4333188295969,71.8605304582268,76.9485469538543,74.9187003627825,78.3184894679897,75.7474749364947,76.5155422898718,86.7603265284071,83.3745393533709,84.5702975489828,90.6633492728753,86.9736129258407,88.3085066812079,85.5319013003725,89.0989441426219,90.8191524621243,92.916027857894,87.000322446903,88.8272757020457,93.9427335205322,94.7236047687135,91.0746955945457,99.4872507825907,108.915295780938,107.383623044511,110.317267828347,82.2458560737762,57.6721767786231,57.6721767786231
5.05276758045223,81.6791661730096,78.8494264554128,81.8925906963399,87.701409620875,66.4990637147621,61.515342011648,62.152605273961,80.0917649476668,80.941469450367,71.5618697872999,73.1387263629618,76.6852048195115,73.0202352423082,77.3660719442122,75.080109480464,77.4971978005811,74.4769929440025,74.8475975765247,83.6100042703504,81.018118253987,81.9727437989801,86.870066762781,82.8952903191166,83.6542677455426,80.078839637631,83.6628650985162,85.1787473681784,87.505622058078,82.5746564919647,85.0645186505102,90.6610209327651,91.4108098510574,88.3195174316727,96.106885743234,104.713421686381,104.302739078687,109.436678795885,81.6234378691009,57.2511972333644,57.2511972333644
5.05276758045223,81.4123515231583,78.4903763125195,80.9074954778032,84.0631208791689,63.377329225478,58.6288403202301,59.1638661646829,78.7853802767136,81.0608288059652,71.678977492304,73.9571935734879,77.3425089960127,73.000818549664,78.7349034228874,76.844503437642,81.1409220268048,78.7856588924017,79.7197293186846,92.870118067423,89.492490716627,90.7455586953047,96.8803998837046,92.3547038055068,93.4596154739625,90.2033820167501,94.6660861295607,97.0376034151524,98.6607426607412,91.7430516155057,92.6545333396278,96.666540270141,97.2919863425958,92.5934832345681,98.5832834692739,104.500316638443,103.401863986935,107.981502079147,80.0799957078263,55.8648588243388,55.8648588243388
5.05276758045223,81.8125233132406,79.028863756879,81.4992125782862,84.3924903725416,63.5567264114792,58.7872246800212,59.3519515408746,78.4375954153012,80.320878383946,70.9943533700781,73.6583488515233,78.5208581303346,75.1857506004056,79.4794357670005,77.1140499905766,80.1185383128727,77.2558340895697,78.1072909264609,92.0653522173803,89.352702498203,90.5400159100137,97.2083322834123,93.3962088904131,93.8657552705001,89.2068619392542,92.8375471958255,95.1661275214878,97.5908603410191,91.9343750832912,94.1589688501851,99.9590729279921,101.579764725896,97.7990222903968,105.499778147432,113.627417545635,113.187988441229,119.191526092126,88.6893137595575,62.0647988652474,62.0647988652474
5.05276758045223,82.2127179160232,79.5673910992644,82.4010231691022,86.5197597696093,65.3154273639469,60.4124564807821,60.9590462947597,80.2982556043871,82.1928906959735,72.6413192602606,74.6176010166918,78.2833973600322,74.1984986200164,77.8314374324497,75.3247465195868,78.1478714134334,75.2885791697705,75.8775589893841,86.0778254724682,83.1214087283002,84.7357723603559,92.0492127861543,88.2199148794757,89.6832994172548,86.9481409181023,90.9008801005227,93.3242280302259,95.6039608342735,90.0250263472993,92.2144374833298,99.0938729820959,103.973803376424,100.511322511814,110.223966208326,120.932319065982,119.573724170906,123.606552045424,92.0087646505116,64.3811347615902,64.3811347615902
5.05276758045223,81.0121888561899,77.9519048239318,80.4043861903571,84.2439074020061,63.6454975984223,58.8814487661529,59.3848769683122,79.5328732136558,82.1486749758769,72.652990973056,74.2790117679662,78.0692024833842,74.6594522681038,79.6791057078489,77.5235059729326,81.9831979262301,79.6474355149629,80.1927306590569,90.5540000069166,87.7447937849103,89.1809911029303,95.6699866781111,91.1395446195886,91.8825685530591,87.9804082164149,92.3318787103647,94.9987864173087,96.5091401777492,89.7807784595038,91.0958506145227,96.0973198664592,98.1830777455829,94.1534459806297,102.391353115871,111.501330745541,109.720873190572,112.416676544761,83.7461939867983,58.6854873691729,58.6854873691729
5.05276758045223,82.4794778197009,79.9263454944278,83.3416281483124,89.8944077597457,68.2045854161497,63.0752967591276,63.9421196353945,85.8522207420823,87.7724444186198,77.5372169053104,80.3368881395342,84.5365410680214,79.6505942119344,83.1556788629265,80.3168879227925,82.7408755680183,79.4016421944096,79.9172771905983,89.7563942537554,85.9559250166299,86.9616135279124,92.5810195122411,88.3255313472151,89.2004824488643,85.7652076866539,90.3962880849578,92.4174785694259,93.6732957388956,87.4384651367427,89.1385636687295,94.7160190659859,98.3850959893474,94.9645543988788,102.164660897983,109.768355248071,110.13828894585,117.562449851495,87.5529775360073,61.3100052593867,61.3100052593867
5.05276758045223,81.1455916187004,78.1314219159916,80.8083429202166,85.5531086283585,64.7590123159059,59.9140703923839,60.522093190406,79.8105556949128,81.5990126795409,72.1787876314321,74.052912253621,78.0504983792814,74.7388585826196,80.6944286985384,78.8134079454053,83.6832763963191,81.5327407986858,82.0559526887112,89.238700355487,86.363543946533,87.6387839112152,94.225345949903,90.8141339799756,91.9158670258796,88.4425159040073,93.4779150800609,95.4478237019297,97.5259492003621,91.1624507082471,92.9434873769391,97.932920703988,98.3107137762579,94.4691490587299,101.108218349582,107.981165524355,109.120855039656,118.425233899015,88.0813224595102,61.5939014668596,61.5939014668596
6.19185379419861,99.4775156287414,95.7969035956093,98.9444567160955,103.966052976532,78.5628139453785,72.5494435499019,73.2999982186752,93.6809737876032,93.93616648223,82.6372842990799,85.0505126249556,89.3396455817731,83.437366269749,85.8609532674138,82.5303748320559,85.0443721832176,81.6769145337424,82.3122038972631,96.2212584395892,92.8621999843993,94.1829928008993,100.872034241192,96.2088000588763,96.9952671313469,93.0894828958791,100.041917413885,102.615958690878,104.394407903261,97.4911611039302,99.0292676520388,103.400371488858,103.276115401275,98.6312875741438,107.828345631796,117.790246357164,117.251492326365,123.837753311189,91.9606812116295,64.2439238169312,64.2439238169312
6.19185379419861,100.145128316385,96.6955364520361,99.8150027424514,103.942850494227,78.3759605849852,72.4936880092773,73.074781444497,92.9218559835884,93.7644201694888,82.8747680946957,85.0865186099329,89.6831838336035,85.5533180896523,88.3210956711638,85.1322139050916,88.971448574992,86.0130590173069,86.8407214114192,100.062072367474,96.7307869833215,98.2571543015065,105.130947822884,100.107651190417,101.147624953829,97.3241176851089,102.510126179998,105.243005141479,107.219844828991,100.063807536054,101.549359952778,106.043794571903,106.016929342735,101.72856263219,110.131329261079,119.180374762773,119.118412614032,126.400546278836,94.0371807508691,65.7931628209063,65.7931628209063
6.19185379419861,99.8783638732713,96.3365741176758,99.4943984845142,104.150850550026,78.6318583014582,72.7359277336108,73.2688702260768,93.5624575561637,94.7594529844729,83.771681360972,85.3422367029333,88.7015051149231,83.895274708212,89.8931177303329,87.5299533580002,90.7531284077332,87.4128163218964,88.0575516241353,101.095522521017,98.3374957942593,99.9101195284547,108.415841528799,104.448739018004,106.301865409213,103.605465661833,110.064798986873,112.61084613902,115.321644651013,108.183199141964,110.078660965144,115.601264772018,116.382166294078,111.708481467146,122.956160807525,135.238883534101,135.400784977322,144.474415892923,107.247130151106,74.8469789601209,74.8469789601209
6.19185379419861,99.4781738333728,95.7980547554974,98.8140396840013,103.304456364131,77.997789217063,72.1511525801808,72.7538148791181,92.7014561987333,93.5854188386371,82.7410839574825,84.7731724790312,88.3194591282186,83.3957790971255,89.985241180665,87.8033547076754,90.0611934282989,86.3477999851494,86.961089067415,97.8088805551741,94.6975001887086,95.5431125393101,102.154717113134,98.8453769174105,99.9073976134056,96.0394289422666,101.539960631982,104.528368414428,107.080521519412,100.762633952371,102.625828865326,107.13780363675,107.226446093671,103.76968254912,113.295744756876,124.006814894108,124.307347667468,131.99027751297,98.5422462706194,69.1805521598442,69.1805521598442
6.19185379419861,100.01173470028,96.5160353564852,99.7653757304114,104.684554752391,79.0634143423137,73.129175420622,73.7443280350586,95.1187917515981,96.5486504172841,85.3324671425371,87.3115489763461,91.6263263119113,87.1898935833574,92.398934643118,89.6812090005298,92.203975986935,88.447858033636,88.900360953946,97.7283376387943,93.906784642321,96.0185699050235,105.64359270955,101.19262863755,101.913209583276,97.370541965962,101.386039616413,103.127553334532,105.387666628669,98.8910921161081,101.642020675823,109.683788522232,113.908470443187,109.621088948125,120.728586667022,133.046453979376,132.28330509192,138.748336747636,103.229842455757,72.235872377763,72.235872377763
6.19185379419861,99.4781783950078,95.7980627335197,98.8583435908219,103.561479781068,78.2235890723668,72.3610787891626,72.9643863828856,92.9146872842479,93.7803933481463,82.9172794751052,84.8448708025703,88.955098312303,84.6962565299536,89.1891265131073,86.4645492185221,88.411464447499,84.6741068400096,85.5411703022474,96.6956943151627,93.0161456842082,95.4904119133587,105.175748427931,100.567861373678,101.789683464636,98.1262866528223,106.616146169746,109.201241382687,112.035283206371,105.465150975402,108.045451599489,114.319528600286,114.94579993005,110.411176747957,121.532729986566,133.759344538057,132.803730535535,139.076707582406,103.32312844143,72.1709396355835,72.1709396355835
6.19185379419861,100.278521977669,96.8750376266052,100.130351740506,104.736209931387,79.0360144748546,73.1023695341654,73.6823160699946,92.5018874216442,92.7743590161611,81.9916638411661,83.9638963465951,88.8245698681936,85.2072194403611,88.6550635091171,85.6353784353458,88.2198830659223,84.7603191279891,85.6747168150179,99.8692003271513,96.7132411211655,97.8198524152905,103.344731191826,98.5972184053462,99.810543271224,96.1178954698725,100.238971977442,102.199763789366,105.514037081014,99.6977410554409,102.308840080555,108.960867411065,109.963873646409,105.659219811312,116.605112525881,129.257159513059,129.495373857072,137.639553499985,102.765858391539,72.1839800975585,72.1839800975585
6.19185379419861,99.2114002426055,95.4390764224463,98.1833926733379,101.719708612423,76.6797020448372,70.9379134334868,71.4927376918815,91.888971831509,93.2750959425486,82.4893767817047,84.6765991868003,89.0051131833986,84.8408911315236,90.5298964399804,88.0807916471291,92.5675944131637,89.6837955250618,90.1526546653186,98.1566906669128,94.3403352617098,95.5227213436007,104.43126800346,101.72914675344,102.596417323944,98.4508285893693,105.20800421533,107.75268934741,109.121677843169,101.440146975982,103.298581512492,108.942474870953,110.788607540376,106.807473682936,117.557577541849,129.367050970582,128.786566522879,135.395890286328,100.616033981656,70.2837070308899,70.2837070308899
6.19185379419861,99.2113637442201,95.4390125889889,98.1389701870569,101.456086643345,76.4471143460618,70.7138101399236,71.2460172243054,91.1960048533353,92.4237005795981,81.7037087095901,83.8284224307795,87.4421680263426,82.5444463146863,87.377213539779,84.8155588097152,86.6548642752826,82.9447825942287,83.8476079543049,96.5399664754522,93.1152039402163,94.7959171419142,103.023243057085,99.1803602253401,100.355420259599,96.4941965695037,102.481455450491,105.62082582167,109.484769481375,104.119086564044,106.027455042016,111.502042908602,113.431829676372,109.035824597011,117.807597080002,127.134681972973,125.712651694448,130.354487152307,96.9929043249738,67.8788687000948,67.8788687000948
6.19185379419861,99.8783319360535,96.3365182614234,99.3614189941853,103.37636251718,77.9509457891988,72.0988513599261,72.7818696487205,93.1207817166065,93.9375997040794,83.0193104147746,85.8822063366348,90.1560050341988,85.0154504148168,88.6506224249252,85.6591907719934,87.5211613109464,83.735389418118,84.3893627042516,93.7891054830402,89.7074917726681,91.1387427371086,98.6432198019619,94.7162417717364,95.2448534881988,90.7903136323922,96.8076148445151,99.8664713723993,101.988733197817,95.732455032931,98.4995209714801,104.499471897448,104.629349338632,101.193213367767,110.994181879779,122.045220112979,122.367762859147,130.095047250243,97.0711141610533,68.111571966175,68.111571966175
6.19185379419861,99.3447801936641,95.6185536186634,98.7644125843183,104.046089115809,78.6851688734291,72.7864776644783,73.7492449634929,96.1152262554011,97.0609707891519,85.8094289099356,89.7298532546095,95.5908443498067,90.9209040466073,95.5789729368043,92.5565469272791,95.7162531663236,92.0280679118129,92.6456210834327,104.289355215282,100.255796243931,101.028511343476,107.438449658155,103.170031977,104.254020222374,100.669343762206,106.680692304387,108.756325739182,109.654230885119,101.255760753375,102.015751373541,105.355806458319,104.598994328998,99.8661840414735,108.7883945826,118.494827779522,116.624062056259,119.994576916257,89.1575931895412,62.313992331413,62.313992331413
6.19185379419861,100.011730137865,96.5160273770983,99.5882109115658,103.66048729008,78.164366399165,72.2982750354103,72.9653789836876,93.9089574117684,95.0584371861633,84.020260155157,86.7940411501494,91.5608870206188,87.0005954646463,91.7108873478026,88.936023061657,92.5212516430571,89.3105992002079,89.8613903346703,99.0292066957433,95.8916290672281,96.9808605875699,105.615702171086,103.439413815951,104.582994834078,100.429668465091,107.580662850444,110.381695878319,112.703315436091,105.668192553665,108.954332285523,117.450541667445,120.699039442193,116.256572033025,127.762796254113,140.35649492716,137.980509473704,141.194361712965,104.913190059234,73.2792538467856,73.2792538467856
6.90714024632405,111.93894479939,108.168467925068,111.700074623502,116.20545572053,87.5830917386864,80.9348670173028,81.3845089412629,101.656752084364,102.035806412013,89.9345693192204,91.0263689946183,95.1639305051531,90.2028989120574,93.0775129252859,89.6068287596203,92.0427604004279,88.3132979630736,89.0425855887474,102.684987761206,99.2888213822133,100.66652138993,107.919140563607,103.538385574113,104.394622022542,99.7625869738389,104.803906444259,106.909098384478,109.683558837697,103.101528541428,106.799994834549,115.295821874558,116.150615869632,111.386625931069,121.612886065432,133.049097482568,130.995407048164,134.379364791981,100.179017728374,70.2700360173634,70.2700360173634
6.90714024632405,111.539182811316,107.630697199509,111.287026973815,116.964306508297,88.3685760730462,81.7427341607313,82.4131821578515,103.710486430284,104.099915533035,92.0288564536473,94.0452271082234,98.3993673876593,93.4953013349987,98.3206997296023,95.2287121040699,97.7632741956287,93.7121609592785,94.184695760534,102.812367691699,98.516074920675,100.289482456124,109.249813330236,104.740877891932,105.423102339387,100.802899395034,106.161351709876,108.070105811939,110.55843035438,103.718691068071,106.167464087011,112.993154726,115.168282829945,111.103920043039,120.045681146859,129.554589633097,127.926939096755,131.946223128195,98.1783865990362,68.6770853187148,68.6770853187148
6.90714024632405,111.805956415632,107.989675556255,111.430517367965,115.73435506252,87.215801324263,80.6740481868557,81.3945854750254,103.617058486169,104.415317372517,92.3032979892775,95.4337005255763,100.397405425769,95.080912880023,100.884092484791,97.9908214092535,100.9016345663,96.8912787961474,97.4790157515078,108.766692952733,105.157064619632,106.254086009781,113.411742733826,108.962786366012,109.847644504044,105.2494598941,110.791462192867,113.676567189333,115.201879755687,107.052311385322,109.389131191892,117.793654971357,123.082634861453,117.923105889619,127.530349935416,137.834077251637,137.533287522545,145.554258179177,108.255599728223,75.72425562091,75.72425562091
6.90714024632405,111.805965539995,107.989691514211,111.78484700392,117.782657485086,89.0140708797686,82.3362303690868,82.9873289476408,104.533560615685,105.032798752479,92.8400050540668,94.6070864878096,98.1108678985631,92.4661639695204,95.3742205746751,91.8799630410101,96.2642133693937,93.1665742370934,93.7898098707212,105.466335302624,102.227068405766,103.958908752394,111.342520275948,106.331272984911,106.906330475817,101.451774285694,108.940005662264,112.307565627555,114.572782663109,107.338924963598,110.07039001375,115.799381912554,114.756480052315,110.299004708537,118.435841191147,127.025478476409,128.153926369443,138.580852149477,103.184287024928,72.2607588043034,72.2607588043034
6.90714024632405,110.738816431376,106.553682435369,109.527777512229,112.970747517991,85.0810453966756,78.7107206940312,79.3008441764457,100.548822066731,101.482571208428,89.7526713237786,92.2925430874371,97.7369466272996,93.8437081306554,98.8365856639204,95.8557459037388,99.779406665751,96.3114002360351,97.2874748027053,109.519736088494,105.084381678005,106.905162398676,116.250721294651,111.710686577491,112.454176618632,107.411614620081,111.532430693643,113.58754817814,115.651811295725,107.982426581124,110.262250555985,117.38950336482,120.233136506259,115.558305174374,125.570529629504,136.375296453918,133.540343993643,135.440737381757,100.740469347845,70.4695393979298,70.4695393979298
6.90714024632405,110.872173570671,106.733119735197,110.463008482022,117.339003974519,88.8781723583416,82.2076818540399,83.0458252580803,106.858292057937,107.925076314605,95.3839629096123,97.6822931947945,102.513887207636,97.4036966067755,101.976010904166,98.59336742784,101.451784723102,97.3085939015598,97.8154296515691,108.673937308368,104.325208333818,106.006963590805,114.170302770004,108.957129835664,109.740885539102,104.878450135482,110.646117363665,113.307069504268,116.146433319221,109.313450946358,112.82201507977,120.202905340662,119.892084488449,115.534159025636,124.546141662644,134.107842549431,131.880615705709,134.833694625942,100.359059920123,70.231973585406,70.231973585406
6.90714024632405,111.13896540907,107.092129982248,110.783714457213,117.138122459942,88.6296092798836,81.9809239846429,82.8897011241016,105.679390178583,106.067209305295,93.7590596605638,96.879467466482,103.210720399291,99.1215689692859,103.48334305406,100.066447644232,104.499286734111,101.001438651136,101.698416771546,113.377472556218,109.462858280237,110.282220038052,115.806457901147,110.780866625862,111.323614374328,105.832008316045,110.335383792295,113.193438096765,115.716417979124,108.317487499117,110.548799473942,117.499885279845,119.858901361923,115.057566104743,123.857032220612,133.384369795627,133.813982009444,142.883287670007,106.482718004847,74.6382979882076,74.6382979882076
6.90714024632405,111.539155449906,107.630649346065,111.109777503516,115.936822287556,87.4660239031822,80.9046592041297,81.7276659771474,104.44480831814,105.158473824514,92.9575070730112,96.4182731777417,102.286289517501,97.5079076544961,102.723345735249,99.5921171570861,104.496588681737,101.211203215058,102.103991619004,115.75942408791,111.785768441774,114.004003796544,122.871770935575,116.875608408008,117.490405120935,111.471020892733,114.436243071234,118.089948383083,121.325701896162,114.159059572757,116.684808070918,123.98448245227,126.069824950029,120.758139208905,130.619897926412,141.00919905788,139.900974195835,146.484455717219,108.807657966048,76.0204413408005,76.0204413408005
6.90714024632405,111.939350053312,108.169176689542,111.701579308665,116.271343461165,87.650724126546,81.0741683502529,81.656055963531,103.210375606581,104.042218185559,91.963999259776,94.0695183134208,99.1346620083228,94.8472578932615,98.7079393440674,95.3636792389567,99.6706907099172,96.3881356274545,97.2340725589191,110.499076548092,106.976335309846,108.490504665432,116.141720233801,111.525625447699,112.083671379718,106.200630231193,111.331969716642,114.590185927476,118.628856843268,112.663579295527,116.003044667884,123.169942611687,123.375270715522,119.062670172068,129.223297481121,140.271229758067,140.285061764331,148.664968454858,110.733806520183,77.5495241097808,77.5495241097808
6.90714024632405,110.33864007763,106.015187009439,109.334626194485,114.94092771964,86.9197594282495,80.4117767995094,81.1393024705965,105.775468011005,107.803125421011,95.3352250531824,97.5237876793247,102.033048278402,96.9830888661158,101.075236929051,97.6606739160368,102.830154634153,99.6567692015698,100.320243717242,109.975356328469,104.843770192736,106.066538754451,113.483412650503,108.766838081282,109.954665786973,105.998854675832,112.94096368363,115.54450616235,119.854164315953,113.868389308632,114.734255545469,119.051464960491,121.660786449061,117.350148350655,127.666341067032,138.894744747831,137.638097178553,143.039067981031,106.458884507214,74.4811766003934,74.4811766003934
6.90714024632405,110.471978967732,106.194592392539,109.339763042081,113.933442811382,85.9975104693807,79.5477548735324,80.1485231018916,101.792915177159,102.774176838393,90.8541835429293,92.7583869219272,97.120806969586,92.4698511447661,97.6046601732633,94.699511847143,100.586660641685,97.998921329744,98.6281480618949,108.693524671941,105.368558749076,108.028113039131,118.909829680508,114.132790677093,115.521352661941,111.15343989106,118.325548129565,121.616451608343,125.407186771061,118.362622529941,120.675852213758,127.977908477691,130.855930266118,125.474870030099,134.205953607658,142.994180538183,141.081201083271,145.90096827282,108.345479101244,75.6704271726901,75.6704271726901
6.90714024632405,110.205196251042,105.835598098804,109.019090935324,114.137962490569,86.2498303748177,79.7825547716375,80.5729496241249,101.426627405382,101.43683457322,89.6745037028094,92.4737151114394,97.7247359433512,93.1920808521358,97.364090860925,94.1575143915961,98.2533199819975,94.9222576566163,95.6203295000466,106.479789305673,102.5187995879,103.969444533321,111.234031791673,106.472979273373,108.012673961687,104.587961077049,111.005026694495,114.330531433519,119.18611258359,113.876894012513,116.719696984132,124.272245707688,127.197098131009,122.909645615835,133.054969048336,144.196212684933,142.934295145129,148.296835398446,110.637157919955,77.6073959052055,77.6073959052055
7.84626460071408,125.922880193622,121.21256415816,125.183041357913,131.669473508716,99.5305942456681,91.9601491082403,92.8058707528999,116.364347097465,116.01756129624,102.20567740335,104.589388143372,108.781495945317,101.364535723802,106.4984092133,102.986775855163,107.589833576812,103.920752134156,104.466739707651,115.270293453795,109.752773047851,111.558987106247,120.337455913493,114.681904713568,115.586448454952,110.847756073686,116.970309577411,120.621157102854,122.573904991678,113.986453453862,116.423457876287,123.394981239518,124.129025125424,118.815596800134,132.143182371537,147.298694457763,147.565026024535,157.486990551444,117.169262568406,82.0046573375221,82.0046573375221
7.84626460071408,125.923432203211,121.213529589374,125.096516999301,131.248089669937,99.1741259956814,91.7364374590343,92.5948366195751,116.504039504977,116.627527316837,103.100594148338,106.008653811081,111.990891080867,107.020103127109,111.971936749747,108.325271916943,115.094686341066,112.03309645668,112.737309739108,123.390939911821,118.083570051466,119.847450205045,127.739789580903,121.220522256336,121.799001978032,116.21208795698,123.601140116028,126.867702853358,130.275500660251,122.338612591533,125.244031940027,131.594109168462,128.860766546268,123.443702521043,132.19642493037,141.279119349856,141.249409958635,150.120930579055,111.612155552284,78.0310768371667,78.0310768371667
7.84626460071408,127.123974969639,122.829039836707,138.857492686961,130.252642519201,98.0990451129168,90.7417947745718,91.2568070866124,112.487275476652,112.403881782196,99.3661962322047,101.156551161173,104.783284549351,98.815048199979,104.40755408149,101.326830345249,105.460589685041,101.850772668698,103.057248418137,119.663154934773,118.129427722109,166.652089763047,157.282968514625,122.066666666667,123.794739504299,119.663891650098,124.871323529406,128.503333314849,133.460796026575,126.870085296543,130.867514100654,140.276466138094,141.601963035981,136.167811498593,145.343320827681,154.643240063146,154.689182713103,164.421994582324,122.254134994523,85.4654651878996,85.4654651878996
7.84626460071408,126.590441476911,122.111107111495,154.630667514146,131.812897766532,99.597164385991,92.126154148953,92.9835625384292,116.888184031955,116.967829221218,103.39332722172,106.283203068137,111.229455689077,105.14577534526,109.527331587441,105.785167044211,109.52511458531,105.356724386162,105.96442120371,117.792227298568,113.049563655565,114.568780055267,122.005949652845,115.978685150996,117.009230399897,112.227918292908,119.293809608774,124.052530140745,128.340488418545,120.905670160132,123.374225227211,129.004743307138,128.33237060041,123.489147762315,135.324983632114,148.534992351844,147.369235524817,153.637738851166,114.48464478562,80.2496368244763,80.2496368244763
7.84626460071408,126.590423228654,122.111075196404,158.754929655241,130.877591511325,98.6991709141356,91.2974661758691,92.0016201276331,114.144277506722,113.89782003939,100.689409880846,103.266747450969,108.897904659452,104.100015474839,109.808373783495,106.503085552017,110.924860866771,107.111738578008,108.067484295636,120.890876148736,116.281460949462,117.880730518936,126.593348837463,121.75583460263,122.602456778461,117.010156194175,124.05698203997,128.485415037177,132.220075887044,124.49539223072,126.894601792772,134.462318630802,136.993614314386,131.415687531354,142.966991104996,155.472923419078,152.020211164275,153.806669135299,114.353837126885,79.958253858276,79.958253858276
7.84626460071408,126.59042322803,122.111075195313,169.558446418914,131.50119130947,99.2978978182606,91.8500667128123,92.6564413526806,116.314820982213,116.454121493169,102.942950856686,105.729583293935,110.598602594419,104.604336040172,110.82773994765,107.572674560036,113.961740065618,110.781838177229,111.505688603032,122.733474744255,117.579725304106,119.294802081304,127.692454421142,121.932733837672,123.210881244149,118.325709721133,123.412725332935,127.480674265866,130.466449673751,122.341149862707,124.846572890708,132.319009429477,134.743553279908,129.529707205222,138.92658950929,148.894296663012,147.346364996767,152.758865923088,113.796640588906,79.7272773425569,79.7272773425569
7.84626460071408,125.523274119099,120.675066115924,142.531085154195,131.189484050917,98.9986304195117,91.5739774498923,92.5181147720817,115.477506732208,114.894593818352,101.568065630611,105.480057126095,112.255539126406,107.261688556333,113.63702998146,110.32696501472,115.27884599578,111.434431053342,112.139937980721,124.005601591519,119.484369500904,136.40430597619,142.596414355206,122.066666666667,122.864238745573,117.214587475145,124.871323529394,128.503333308708,132.511494573862,125.214677760888,127.477549394188,134.988252279806,138.773116784277,133.481721615412,147.995860947832,164.346736233089,164.318693438474,174.37441697603,129.744131733839,90.7750171561222,90.7750171561222
7.84626460071408,126.056812174243,121.393006820523,129.489178756381,131.189298880422,98.9984384274996,91.5735556907411,92.2429272818173,114.55875063506,114.470491470157,101.191918556709,103.314076983823,107.384667651119,101.378449646106,104.965948664083,101.26298111579,105.578053355764,101.988767234323,102.887842287471,116.562377519631,112.770120604197,128.521875053614,155.992770027778,122.066666666667,122.797774405665,116.851391650099,122.084558823529,125.843333334387,128.58576112804,120.560253915129,122.06950300495,128.248115392137,132.098669052364,127.110013483056,135.694742916793,144.614162405521,144.343631339104,152.46118854784,113.596376195659,79.6147635810499,79.6147635810499
7.84626460071408,126.457011338505,121.931542140658,136.020920289529,131.657415334835,99.447915558788,91.9889549881577,92.7267518963068,115.372657459111,115.202094636417,101.836782888645,104.066388384276,108.127672166146,101.942025060692,106.206536662653,102.618556066521,107.31931483018,103.762339903756,104.629399928264,116.261859873191,111.205417692501,113.575600000964,125.686855163166,121.707919561748,122.930703085483,117.264040755467,122.944852941176,126.223333332665,129.598628568774,122.013335160094,122.843064124863,127.021984288567,128.858096595438,123.952418490959,132.833394773785,142.074605256206,142.287680295405,151.51315278058,112.756066903636,78.9106061504233,78.9106061504233
7.84626460071408,126.857205942223,122.470069484681,160.04914797262,131.969771130223,99.7478553858946,92.2665214111992,93.1073744410908,116.250338488738,115.99284887889,102.536430312341,105.214191249491,109.906592029929,103.882275036615,108.618269767657,105.05475195512,110.43139763192,107.004789955258,107.762110163959,120.358237789356,115.854451115777,117.42447902679,124.009889492531,117.416407901561,118.347297406079,113.310992633449,119.732509722576,122.612520041027,125.331484957275,117.393411282861,119.626183014392,127.66511482688,132.51567713585,127.47361733214,138.352533134513,150.531122121684,147.38556206145,148.867198049241,111.111983379236,77.9934612288373,77.9934612288373
7.84626460071408,126.323645075472,121.752088883966,158.035395333929,131.033723557153,98.849093286681,91.4361449521886,92.1746260093426,115.164540362266,115.220603927528,101.858749010493,104.547740150225,109.622923422643,104.068583132836,109.112407202891,105.638756627125,110.095693679804,106.309465576058,107.108371256754,119.445629659312,115.063528980408,117.397143935063,127.137308324219,121.197820744163,122.023137058323,116.471684337227,123.446073377752,127.335911466507,130.67799255421,123.044411474272,125.425329548494,132.762692301633,135.890242046615,130.657204246799,145.407035201198,161.86122635779,160.913788547332,168.99267980239,125.536596170741,87.6887887805683,87.6887887805683
7.84626460071408,126.056839549046,121.39305469739,154.117953151919,131.813361769721,99.5976454826481,92.1272110014472,92.813366012215,114.528529521407,114.037056736121,100.805651952128,102.585745882308,107.026472379238,101.714836177019,106.463053688252,103.009237815391,107.663706057255,104.105077418242,104.77386371274,115.048307972563,110.757302293909,112.323539834437,119.986955138521,114.962149559414,116.60109566045,112.574375006505,118.507199884009,122.728723161093,127.338315543783,121.036673224868,124.103955824157,131.981469427248,134.260632970932,129.611571899556,142.435711044761,156.84327819649,157.863055757873,169.426036662187,126.256961309936,88.4556962639007,88.4556962639007
7.81144537147291,126.04227169851,121.587508751193,149.223984034389,130.877591786968,98.6991711999323,91.2974668041199,92.0016209821833,113.803435564224,113.388867834636,100.239491821421,102.816777685989,108.17171540526,103.130129263782,109.86077365988,106.82539948998,112.206857957508,108.708771681881,109.643549701911,121.600267295369,116.247902034398,117.903012532966,126.002881703709,120.252649782551,120.786876582479,114.867500331103,120.671671797804,124.39953092905,127.133039905612,118.936569365524,120.568883873746,127.204869998136,130.511862834625,125.178394243686,135.07061870345,145.758259806446,143.928240863076,148.660404095519,110.728478993406,77.5884103240798,77.5884103240798
7.81144537147291,125.375302472409,120.690001269889,127.907430728376,131.345152454829,99.1480720699831,91.711600197141,92.5523776073933,115.354148368468,114.983394484372,101.643451955371,104.766569520546,110.086424706863,104.338746476243,109.664490481433,106.214623811819,110.328235582489,106.340309380663,107.185065747127,118.729691147146,113.495752710703,115.389847710767,123.466091832197,117.383291538191,118.514266093374,113.615516739191,119.010547778491,122.525607325901,127.178617078564,121.078936618252,123.804973123271,131.818152864624,135.931349073647,131.002450784086,139.487019415231,147.993039772019,146.264554913587,151.317508630958,112.571134595379,78.7398655077028,78.7398655077028
7.81144537147291,125.375279660298,120.689961372892,124.475637042658,130.205516266664,98.3274875281915,90.9562789881226,91.6448948908213,114.734595581249,115.044126978035,101.714575613489,103.756798541435,107.684625630012,101.643753425939,107.659614360627,104.521498811425,108.420011521485,104.465422649362,105.637467937368,122.326515884908,117.954992991954,119.895978388083,127.806848766541,121.479561947412,122.908649259236,118.186051654421,124.958692132501,128.865003924157,132.779070226471,125.265442815237,127.052417308011,133.190477015902,134.998994882328,129.196761127758,143.41514988636,159.40495817668,157.609359733695,163.708462771957,121.698895833153,85.1045679413064,85.1045679413064
7.81144537147291,124.708311466436,119.79245569691,123.076040348791,127.258664298161,95.9219994126962,88.7345174172687,89.5452684136668,114.585627456498,115.726491885489,102.328243923554,105.841676978214,111.767595370971,106.353329577482,113.241240445679,110.104353666996,116.18026536528,112.745351285604,117.486650220025,124.174731610669,119.34991471001,120.531807733362,145.580096329543,122.066666666667,123.063631765301,117.639040755466,123.397058823525,127.173333325343,130.865061958093,123.439497560989,126.985321491677,135.824157784507,137.750321506293,132.52560793932,142.625547629006,153.349912039612,153.034760134492,161.655099051112,120.36736433046,84.2894452348445,84.2894452348445
7.81144537147291,125.775437763291,121.228424879364,124.535859686816,127.459117199353,95.8060433363968,88.6138552683244,89.0731953203186,110.720209223312,111.198466313839,98.2776206853492,100.362205473963,104.670457359493,99.1198138364687,104.442787228108,101.279531998591,106.333549213228,103.096915076655,104.000188153488,114.449737901411,110.058370979069,112.711454327822,121.692150276566,115.670655571468,118.126591982162,114.922761722405,119.680577684504,125.043852221341,129.346496190675,122.003363834943,125.060084379811,132.477802109604,133.49731293564,128.41379742907,138.662179394794,149.610416625658,148.044907379986,153.587471809686,114.322709860416,80.0308319221214,80.0308319221214
7.81144537147291,125.375293345983,120.689985308324,124.165679068526,128.411537167866,96.7521875289564,89.4974035473571,90.2363985942323,112.886880180926,112.968475387406,99.8678056356168,102.999199279602,109.062249582114,104.192123464926,110.392828477795,107.143432077536,113.346702560091,110.102889603285,110.776380179702,121.572431365704,116.303009218617,118.352324736479,127.649243124663,121.538126913402,123.082710080283,119.097095468672,125.27749926147,129.616741496974,132.366952094159,123.785957245019,126.389750864101,133.245351884533,133.107917122718,127.709782261136,138.464304615501,150.114344286314,149.496145286326,157.397045026224,117.117994152782,81.9603407122271,81.9603407122271
7.81144537147291,125.775460575835,121.228464777117,125.288822873669,131.814780252216,99.6304920497102,92.1527791279925,93.0762718627384,116.960297924993,116.818290826301,103.244567626221,106.436960131784,112.346347040136,106.873843180285,112.039699426963,108.397489456223,113.340857576595,109.535755989227,110.118427733357,121.877468649825,117.29003125219,119.210265705019,133.503230015459,122.066666666666,123.263024785006,118.264289264348,124.871323529155,128.503333149539,130.823837767511,122.270138636724,125.362346660895,133.101226180087,134.297747004031,129.18383741527,138.410647576774,148.050346820961,148.575233836268,158.85064611078,118.269827897587,82.8164694344774,82.8164694344774
7.81144537147291,125.108506069531,120.330983039841,123.712129122505,127.851005526598,96.3333331607152,89.1158879204271,89.9615168238537,112.443242870739,112.184176939164,99.2013136685944,103.059843199405,108.987675386792,103.545178972363,108.947155092399,105.628951955003,111.635754114029,108.501972956745,109.290148511769,119.787673133377,115.319917792432,118.020243402853,136.947514025357,122.066666666667,123.13009610521,118.039885685885,126.772058823529,130.593333333201,134.179584571218,126.401621990068,129.569944748806,137.171057030244,137.605235333115,132.354426167066,144.29788599826,157.308395016603,156.803404302674,165.347088634076,122.993211144052,86.0215832277365,86.0215832277365
7.81144537147291,124.84169598069,119.971940873879,123.479929323824,128.561246229699,97.0286817233378,89.7525511825381,90.6628154881268,115.503152437091,116.131100190966,102.662005217376,106.349730669869,112.116601883129,106.208025988847,111.168672925734,107.532735845883,113.440425534047,110.051745321081,110.736873172729,123.703847305035,119.108615581135,120.706018072411,145.249264969931,122.066666666667,123.462417804755,118.663643141153,123.099264705882,127.363333333249,129.89480498814,121.590606782902,124.231442228773,130.610497674042,130.48999929543,125.561631984459,138.249403452573,152.520913327611,149.858788822381,152.900888772001,113.927867211646,79.8511314857991,79.8511314857991
7.81144537147291,124.708293216463,119.792423778817,123.253120466454,128.278594366473,96.8167959685459,89.5566025770996,90.5012364040713,114.485129201321,114.609214102304,101.318407517272,105.234831156321,111.830709501629,106.679061121271,111.365761933725,107.683391344441,113.063357231345,109.533595001211,110.329444376864,123.341420560049,146.656341764203,167.483498688113,144.678100462718,122.066666666667,122.997167425392,117.476640159046,123.558823529412,127.173333334861,131.392452822544,124.359536492173,127.905397395631,136.12981804388,136.611336323415,131.418916448537,142.701215035911,154.920324686856,155.170727030322,165.262282057123,122.980089577616,86.0518201119298,86.0518201119298
7.81144537147291,125.375256846817,120.689921473502,124.165543549076,128.406412731988,96.7469357916978,89.4867042829076,90.205020250204,113.099885458389,113.347871472584,100.18586508389,103.178004184271,107.562825117762,101.105056865166,105.447342407243,101.94164304233,107.106799045016,103.825522107191,104.69118606113,132.316457015171,172.90902826783,169.897356040665,146.732840637891,122.066666666667,123.595346484573,119.151590457256,125.264705882353,130.213333330629,133.588628141803,125.683820916243,128.323839552644,134.789374370116,134.694783469753,129.548252234227,137.895527421009,146.30086502808,144.736019006172,150.142212663762,111.693556452,78.1341785929815,78.1341785929815
7.81144537147291,124.308130549807,119.253952290775,122.395715422481,126.41236058397,95.2880087658962,88.1497059581702,88.9614268913267,111.278560721038,111.135763167038,98.2737236776723,101.791307968604,106.798703407214,100.776561920619,106.265287020635,103.052510994268,107.982221897349,104.516534180502,105.381649684444,133.213877546851,182.251397029834,176.421005978739,148.86067123676,122.066666666667,123.196560445119,118.164637176938,125.944852941177,129.263333334664,132.216717039909,124.074439257482,126.7905418448,133.469436849212,133.645099048014,128.578178957144,137.824175451969,147.508968728791,148.894338143629,161.111427150408,119.958935942179,84.0009353545092,84.0009353545092
6.76686849423826,107.864095664838,103.547852676259,106.561406001132,111.288626401838,84.0733734258005,77.8751853961082,78.6266096137263,100.603324983299,101.782506900876,90.3297024493052,93.3005914300502,98.3942715380917,94.6219500567602,102.465420191151,100.174198154516,105.283349925734,102.022496683963,103.011573247299,116.74619790601,159.282616160264,162.445325147543,145.813940802105,122.066666666667,123.661810824482,119.226143141153,123.636029411765,127.743333332347,130.802194665897,122.859937430655,125.575935194286,132.342445977061,132.762367640332,127.725895396916,137.994941566167,149.020691518302,147.991007354938,154.69184527964,115.180327621965,80.6566044159588,80.6566044159588
6.76686849423826,109.064059940115,105.162351177736,108.688806875606,114.243595675803,86.3263362913502,79.8419022951734,80.6081935804934,105.44068288717,107.444043744158,94.943970409124,97.5554889684189,103.001863998659,98.2505285740895,102.951259410937,99.5918229722024,104.947195081158,101.757030257142,102.229149626011,112.374627635208,108.01488403866,110.190847844513,118.979908023716,113.488820727195,116.798004252926,114.333691551745,123.292513052311,127.86408483272,131.308628840592,123.586680387533,126.378060101105,134.410188265674,137.406980741433,132.183800809426,141.75639755196,151.754919092069,151.594464346738,160.52902690174,119.473401890064,83.6145959857419,83.6145959857419
6.76686849423826,108.663920066218,104.623919552844,107.521477671967,110.591224283912,83.2303641123091,76.9937303323815,77.7180564820398,101.660638035537,103.681792240733,91.6785988316287,95.3017686459196,100.947970895862,96.021523796472,101.368856567356,98.3694116327277,104.047207000628,101.152846732269,101.813325810307,111.306567374147,107.24376457083,109.356238019418,119.300308493443,114.680027190182,115.82411763892,110.991144240357,115.168905196798,118.814639502867,123.851636781545,118.106789410913,120.072450427475,126.571834507777,129.540801312148,124.748995983323,133.416466074545,142.580193445038,143.112087286607,152.819180800365,113.973096685364,79.9660492912887,79.9660492912887
6.76686849423826,107.596757271445,103.18788653775,105.662940091692,108.077082955324,81.3136185434335,75.2238478498174,75.7783996620251,97.8775941053015,99.6763020519923,88.1458467609256,90.77502561955,95.4507192412148,90.7576038615882,98.0476750236981,95.7330302085475,101.914181616506,99.3655772056466,100.285439247092,111.835252657064,107.61100736752,109.703175726473,119.134214140452,114.456467689717,115.249971855791,109.681506205485,115.446273835652,118.573085038467,122.608829239616,115.962692622082,118.415687648419,126.127430361333,129.564550373446,124.479115370986,132.793618793494,141.449213115083,141.89506884548,151.53386991651,112.883129506128,79.090572284419,79.090572284419
6.76686849423826,108.663869880586,104.623831781225,107.609865274791,111.0912829439,83.667560235574,77.3833060512255,78.1672259594559,101.38011181682,102.779405743865,90.8228035969408,94.5551426095979,100.980443968318,96.4967272810837,101.376791558885,98.1442240043373,103.544813186024,100.461253945401,101.160771390195,113.767939420169,109.414802977569,112.320751524113,124.186086092603,118.385938616825,119.921565424949,116.098674022698,123.707818793596,126.528799545164,128.889513438331,120.636102966779,123.556570969258,130.97477916199,132.197014233876,126.918650798646,133.487193319831,139.358116155903,138.540787023185,145.704690698012,108.151867198746,75.493522587719,75.493522587719
6.76686849423826,109.197480933125,105.34190015383,108.827109476053,114.017497661589,86.0920683560211,79.6293333970036,80.6040796304885,106.099058784288,107.845557596897,95.3121443943152,99.5099218033093,105.019182869455,98.8513606693338,102.025610304636,98.2730834144909,102.657064937839,99.151347043302,99.7175535414553,109.893910936689,105.255950454738,108.044729553616,117.957324038688,111.427855504227,113.278951230336,110.076797088051,115.315680970301,118.837903046368,120.930289698265,113.257050106834,115.958373147641,122.929112466281,125.337769507987,121.113358785429,131.74524041459,143.501220180052,142.698604631518,149.154129250844,111.258553396449,78.0456573664201,78.0456573664201
6.76686849423826,109.064105545417,105.162430938637,108.378967417693,112.460747461713,84.7625234637783,78.4075112256887,79.1983650502743,102.440382712279,103.767188247637,91.7396555663408,95.3334893644625,100.300232305583,94.6349760435637,98.7281874775451,95.4787898506461,99.8578281398206,96.6267371375601,97.3684172744819,107.226642406179,103.322827403892,105.114570244018,112.316697613796,107.047482907823,108.690706791628,105.174969108243,111.255219431487,114.165639641298,117.614920638546,111.039102396886,114.834963118666,123.724017918242,125.464194373186,120.969799619274,132.32175586087,145.037364583143,145.140955759691,153.890918872409,114.726275408154,80.418813012931,80.418813012931
6.76686849423826,108.263739151928,104.085416150801,106.796865784634,109.488968321279,82.3716765521489,76.2013105783554,76.8237733292544,100.614688911557,102.946262348356,91.0332556435721,94.1046797668135,98.6700510255146,93.2222052931304,98.6263985882675,95.7434407926187,101.129638390877,98.2229335462113,99.1207902991026,112.94062028235,109.134995490655,111.54421044209,121.515671927059,115.940817360953,116.510823997792,110.785026825173,117.233910152315,119.871079358463,121.947049592282,113.64088111086,115.729991633937,121.955444667034,122.74123335211,117.287407782401,126.485730673711,136.192703518847,134.407157849843,139.155842722298,103.433207301451,72.3431637203474,72.3431637203474
6.76686849423826,108.397105415897,104.264869409131,106.979252148774,109.508497662961,82.3514924580566,76.1742931954202,76.6715249152053,99.8617017498043,102.24424761301,90.381211243228,92.722090068267,97.332620347725,92.5196717866183,95.4713631231942,92.0135005580345,96.2916328376654,93.1569828117871,93.6219770483116,101.848773687097,98.2262824845864,100.95066795079,110.15183327893,104.191251738298,105.674887147104,102.053028600571,107.36983399962,109.741128215543,113.32029056827,107.682986971561,110.286376551516,116.460344711053,118.571743101612,115.190508214229,125.15738212036,136.042544497943,135.959752784754,143.415990085905,106.949842090921,74.9659953988826,74.9659953988826
6.76686849423826,107.730141784295,103.367371712262,106.022542091805,109.124543304305,82.1964652138997,76.036164864985,76.6052405201229,99.1168374674236,100.981371939791,89.2823162856076,91.6538947252274,95.1002353308539,89.2330962374135,95.4856720797874,92.9562148492798,98.1943143945462,95.3798244740483,96.199493264297,108.891199729582,105.147563814849,107.933618323541,118.126779761997,112.229430854731,113.744909192365,110.027909595477,118.784590566386,121.441176016928,123.962936022405,115.696913821318,117.94665105469,123.747729191503,122.393378874351,116.826142071236,125.965951643623,135.562255076824,132.799503876392,135.321384074117,100.465619500209,70.1552061781295,70.1552061781295
6.76686849423826,109.064055358538,105.162343164836,108.378781076468,112.449723277191,84.7511776916245,78.3837414160469,79.0291954684144,102.597623841749,104.476650914428,92.3165662920189,94.9200461954767,99.4370678781893,93.9577661183779,99.578071215783,96.6342159928088,101.757615347235,98.6499413186971,99.532398449998,112.604463467509,107.758361883615,110.530419292018,121.473279501878,115.473023627953,117.27025999361,113.965394775945,119.858659883207,124.022200224609,126.329818158462,118.064429202534,120.06527140531,126.359941175411,128.239315460157,123.202479719937,131.977858115772,141.055475915985,140.302823121595,147.347814285362,109.597543265923,76.6602578634697,76.6602578634697
6.76686849423826,107.730164595747,103.367411608105,105.934052850098,108.618103692768,81.752699178888,75.6327863742538,76.1375527546931,98.3364659339682,100.299800234776,88.7080417972119,90.912225823754,94.8001232311924,89.7282196185223,93.7432913579481,90.7117716145495,96.8262520759957,94.5115977597303,95.4941484279376,108.213605172486,104.392021099801,108.351172221941,122.073378331203,116.212012562263,118.509375703766,115.460684062128,120.376424517342,124.580690586201,126.713734190799,118.445377509697,121.482898923921,129.4105372568,131.850540640365,126.753695618325,138.258355223187,150.701329541987,149.611178707835,156.564214187431,116.40782950315,81.4020550694165,81.4020550694165
6.24756456098445,100.088677186939,96.2771928542118,99.3016687739057,104.142035931348,78.7020093395184,72.8467775451422,73.5962689920205,97.2966553874876,99.655290870939,88.2474086876002,91.079602166412,96.6044327866951,92.8540871005886,97.3942258294419,94.2901385915463,99.5225896512487,96.5532334964901,97.1637294043488,108.186389369461,104.116314610416,106.188932155911,114.903951302062,109.168948818452,110.414568950179,106.55123062855,112.735905979253,116.484238079755,120.952681131135,115.088015339812,117.183915898383,122.761574169084,123.66372721235,119.608249425322,130.720252588408,143.273700703626,142.297231271819,148.084645629967,110.555549068949,77.595337884197,77.595337884197
6.24756456098445,101.022163322618,97.533229748771,100.888093570815,106.072928474502,80.1363442412606,74.1186942235782,74.7835518857769,99.807520498579,102.782999948007,90.8333530219667,93.0170672751599,98.0401845634549,93.6441399971774,98.8036224894514,95.7832700908503,101.171384165886,98.228278922248,99.0022380252608,112.093662524671,108.006801059437,110.647386327809,121.278887638761,115.56381313989,116.721614978852,112.073036159476,118.162297924572,121.835895038758,125.356371427579,118.067378098781,120.329829812991,126.955328481303,128.239081731675,122.806743931866,131.464432155567,140.320281749668,137.772695225082,140.91933356386,104.716335891994,73.1986336548855,73.1986336548855
6.24756456098445,99.5548652255323,95.5587731042088,98.0836786095178,101.188671555282,76.2496897965565,70.5442399275606,71.1873786600051,96.4390687908153,100.010824567642,88.4598215720931,91.3488403113756,95.9682777922426,91.0476718934091,97.1297721302132,94.5285718297631,100.072488379974,97.3047554346741,98.1484434488926,110.993882843395,107.357736427889,109.802916389519,118.513846835806,112.158725387331,113.374220012774,109.070718005698,116.597008009239,120.322810574623,123.22481004081,115.797078049751,118.858829964848,125.9013897098,126.079830119368,121.451370146404,130.306048021882,139.689432577121,139.259368002262,146.605343381487,109.231586015314,76.5305355094656,76.5305355094656
6.24756456098445,99.954995955906,96.0971887376339,98.8523911363334,102.534692569063,77.3205226318618,71.5178498188504,72.2364961214119,97.5181515329004,100.731764896591,89.0331114796362,92.1339305152186,96.8767145669326,91.5347155383075,97.4119237088786,94.6681295037057,98.9241256581234,95.6157999996339,96.5061478868553,111.002588805415,107.250553011999,108.973944508462,117.604411650671,112.810697423245,114.21774701839,110.133121060848,116.205744288462,119.600253560325,122.626240424847,115.387457039891,117.649972325191,123.345776354191,123.556796580223,118.860691385905,128.751769604087,139.377731785166,138.898203253177,146.378798028652,108.939568146746,76.251505612337,76.251505612337
6.24756456098445,100.355190557284,96.6357160775631,99.2670450551169,101.847048262987,76.6081392806495,70.8606683722241,71.4259463987623,94.6042535334556,97.3059667390454,86.0136425869539,88.7993056598517,92.290662848478,86.3085759321225,90.6101400114871,87.7767227999658,92.1023924315063,89.2558313019468,90.1664768963539,101.974996075979,98.3995194812963,100.694828143872,110.87743337959,106.966431441587,109.170455746591,106.453267365181,112.252444304678,117.13925755921,121.228998724151,115.177079025683,119.67902726374,130.353039926648,134.383121327749,129.776959773088,139.982913699079,150.735132853046,149.765043384515,156.596519479329,116.511206652629,81.487980260265,81.487980260265
6.24756456098445,100.488597883614,96.8152411514659,99.8481666090219,104.178122216121,78.6184263512831,72.7191928148695,73.3353162352223,95.3949916889858,97.2048882674051,85.9162724271109,88.1229021825669,92.8000864630128,88.4563807852711,92.8766960178498,89.9174353396359,94.9490577872813,92.1968277325814,92.9803893205121,103.849622283678,99.4762221888946,102.936056884957,116.369323527868,111.349761122091,113.069670319661,109.705344170959,115.524604028785,119.97555352309,121.810549288043,113.433872416568,114.992675027156,120.352383923031,121.806566521414,117.017185212172,126.995644288973,137.76164665636,135.447096022947,138.646767517629,103.166868974931,72.214913025557,72.214913025557
6.24756456098445,100.221815169265,96.4562468618244,99.4389205715485,103.872923278024,78.4236188394009,72.5437535331324,73.2829344970089,96.9571222013371,99.232047327597,87.7277033376754,90.6435212895049,96.8173229378068,93.2672134568145,98.4981452089849,95.5262008919731,100.453402742636,97.3236855784118,97.9421337807442,109.205154108169,105.037385613154,109.107319638329,124.28283229338,118.248512470934,119.659797528599,115.618651199369,121.336220764326,124.858960377448,128.241915640718,120.635120817851,121.999047705259,126.104391676281,124.919613094723,119.785787857894,127.186520713024,134.415507390624,132.307568367607,136.061573580862,101.067487000534,70.6042519037347,70.6042519037347
6.24756456098445,100.888774237672,97.3537365779414,100.395613685616,104.255980721167,78.5777238126068,72.679960723083,73.3981384127021,97.3148949715566,99.7393026984785,88.1547648685358,91.3677502990071,96.2019316423996,90.9379308603593,95.2081908823011,92.1269311428329,97.9828853033077,95.4486960996823,96.0953429696624,105.159489059131,100.822463024975,104.275531637941,116.525328524393,110.787696515132,112.207514567793,108.031442870069,113.208872718036,116.950989832323,120.106572987194,113.218291017844,115.806833321384,122.83350722826,125.431038528689,121.119736201277,128.332199676096,135.779709804817,133.939908078938,137.401113088727,102.572184730186,72.0000799126311,72.0000799126311
6.24756456098445,100.622009772204,96.9947742044828,100.075009344676,104.464252117032,78.8339029027284,72.9228187770344,73.4900878808159,98.0393632390984,101.215176252797,89.4785396399127,91.3841648485486,95.0083554738986,89.6973847391831,94.9199952382976,92.1114061384528,96.6916355359883,93.6398579737454,94.3075987425827,105.709294630589,101.992538825002,105.389043273381,118.519262369628,113.333793712188,114.928727205068,111.002870898112,115.845269452009,118.970933053059,122.347921690147,115.333875608385,117.387526343027,124.254736735444,127.658727012899,122.551541698673,131.740396238542,141.302126184507,139.630593042645,144.697784759545,107.584984477778,75.2368947763898,75.2368947763898
6.24756456098445,100.888787925386,97.3537605169207,100.351377537658,104.00253383784,78.3556015084852,72.4776938066936,73.1634882062092,97.2635318429307,99.9040260786203,88.3119477671948,91.4348843096873,95.9288861003056,90.444897718086,94.3561533200442,91.2232377556304,96.4705467654292,93.7497341415563,94.338947713114,104.906185742716,101.423320205555,103.385406272807,111.355018126773,105.920631697285,107.690023244206,104.835838894914,112.478894817393,117.076061396109,119.301376481713,111.664297498227,113.608906554645,120.211717762313,124.018284172662,119.685137245444,130.612939137813,142.870252221932,143.294292062045,152.518073884784,113.759372667924,79.7707795301517,79.7707795301517
6.24756456098445,100.622009772672,96.9947742053015,100.119296316124,104.720046885692,79.0584365301607,73.130068429105,73.6970616020224,98.2450637289226,101.398848203021,89.6386702116215,91.4276372333481,96.0614140600957,91.8381423522388,96.0827481749074,92.9389672999781,98.0148702281809,95.10545021655,95.6521257120807,105.655531768516,101.77192718765,104.132637786613,113.879807822314,108.630449220519,110.03687110594,106.288319570895,112.401474109795,116.272323840853,119.222849866449,112.074082218752,115.561461908397,124.885910114456,128.386903392763,123.462446685665,132.313023497128,141.495002369483,143.221230138125,155.980625794934,116.063859013742,81.2198248718605,81.2198248718605
6.24756456098445,100.088426093688,96.2767537073794,99.3007364788265,104.104209162658,78.663212000759,72.7672877216701,73.5076274003967,98.2090554273051,100.970666067906,89.271247836068,91.9756750173696,96.5135007159629,91.4277446758505,95.201426784592,91.9831090582503,97.7271877015867,95.1433425084163,95.7056614460127,105.984164400562,102.335468769742,104.894050389908,114.356047319615,108.511010982473,111.855201069174,111.606616744705,118.43978632651,122.202806594013,126.484277322777,119.882201883784,121.995046043524,128.800181380887,131.657117717385,126.463758191752,133.483915534315,140.097489250422,140.208388061658,149.347826484968,110.946693023594,77.4857370594575,77.4857370594575
7.26727056018971,116.807850652119,112.506310011814,115.799976059217,119.73611432756,90.1896266898122,83.3157877602372,83.850214411815,106.591813391737,107.613580131871,94.767965036238,96.4722751620122,101.051656795394,95.2911881478487,98.581416737441,94.9774698413938,97.7648939512664,93.9300097931166,94.7084995869817,109.614160188262,106.286591469383,110.335154294233,124.792687996035,118.804884661581,119.729266732402,114.341699127587,119.577738036989,122.368325126664,124.530426592958,116.247911121452,118.234913972761,123.004058859219,121.226988277551,116.02668495721,127.018394247352,139.061285838323,137.063450217963,141.439169810767,105.222831698388,73.6911236341391,73.6911236341391
7.26727056018971,115.741289052542,111.071328450571,114.076531592306,118.088617171028,89.0483858801784,82.3777563203499,83.0176580662739,108.937051689436,111.652701668903,98.729176312517,101.126361478479,105.153950438405,99.1419203169072,102.310812122217,98.5849111936202,103.081944919448,99.5930985194006,100.074134859374,110.48900524647,106.30582703977,109.04045093956,121.024986392621,115.720439040617,116.792915895907,112.079007443974,115.641108748021,119.455609727287,121.619111298537,113.675147279526,115.521479565997,121.26014768615,123.135337933927,118.838767957035,125.324123665668,131.757743794794,130.247112808229,134.360136465049,100.173539453381,70.208746012037,70.208746012037
7.26727056018971,116.808401682245,112.507273730008,115.934882912334,120.591462483713,90.9535037947577,84.1232495589081,84.649995915083,108.326609004965,110.046244895907,97.248945687042,98.7525612447369,103.510421693494,98.9510971358553,101.675119157154,97.8580845967305,101.90998715516,98.3986690577889,99.3737206064995,112.752837575102,108.495340648824,111.333390573477,123.247162191511,118.325452396759,119.999117909924,115.942192674292,121.894508928499,125.630622243606,127.983237678231,119.571985439672,122.483380204302,129.550465495645,129.513152781712,124.231450246086,135.251340327156,147.14612083926,145.12914830463,149.80052578623,111.320468532548,77.7881971540624,77.7881971540624
7.26727056018971,115.874682710005,111.250829618456,114.746176333866,120.93050863238,91.5069627607831,84.6493852548757,85.4078571197987,110.536427939004,112.276559481393,99.2693210008554,101.307628729174,106.053207105577,100.979405545371,105.393977828244,101.869070133737,106.05416917173,102.297413092961,102.618183859815,108.987963974404,104.177164472696,106.58567190724,117.10169001393,111.915854875298,113.683390816905,110.466552539174,115.710042429561,118.877366016186,121.968294426054,114.847209590128,117.228128974067,123.220657216218,124.078949565323,120.207231296171,129.217989527591,138.898515759452,135.072727807993,133.984908653611,99.9644142426466,70.1020328544638,70.1020328544638
7.26727056018971,117.075193521894,112.866283979243,115.945580104178,118.597835420481,89.1309427594849,82.4407751140856,83.0382991101292,107.056170522049,108.914896143121,96.267437726025,99.3774377412248,104.139563062036,98.3236588164805,102.742633766353,99.4175723311585,104.931265411133,101.935014591203,103.040245041001,118.763432254521,114.971349512104,116.366548556041,122.474649990292,116.42667305694,117.805503048635,113.283984070933,118.110101254212,122.461789050625,126.386845248526,119.153730358338,121.696182346991,128.239766100709,127.354462678075,121.435477797877,130.179130435891,139.541976171119,139.383064509909,147.932752424877,110.161412323976,77.1887531402762,77.1887531402762
7.26727056018971,116.408266389457,111.968850117197,114.944718596941,117.962030008125,88.7554094067392,82.1034078208144,82.6211298373273,106.589219222204,108.720958034435,96.1252151926387,98.3875506350818,102.853016513848,97.5667860513028,101.510161478233,98.0576631706596,102.185980280632,98.6586910903511,99.5898167997308,112.711112822697,108.373317272591,130.285573699203,139.99861520513,122.066666666666,125.589276681826,124.738941351842,129.966911764519,132.683333024049,133.949039387197,124.269533637636,126.148265110276,132.147439511487,133.857536001582,128.483597927082,135.714066900405,142.308167570533,141.009062212416,147.345241614738,109.258042664415,76.1771131585701,76.1771131585701
7.26727056018971,115.741275385703,111.071304548101,114.032193878345,117.829355153274,88.8202802925706,82.1629746143215,82.783404144847,106.906099092365,108.80272696011,96.1952879310815,98.5643906952697,101.823458933978,95.2081515931973,101.25687250217,98.4003251166011,104.109696143517,101.175236333718,102.164673317563,115.427118450163,162.797268646661,193.715379400782,141.426868126212,122.325437703673,170.725133768,125.063991053678,130.595588235294,134.13999999962,136.77694939594,128.008598198442,130.196215548744,136.002586973804,136.072834370402,130.884379820373,140.609864187296,150.783945537315,146.31004161213,145.215062021424,108.022845165627,75.5552690012886,75.5552690012886
7.26727056018971,115.874646211463,111.250765784726,114.170310210473,117.595506716304,88.5780609162607,81.9340900378579,82.4486224988193,110.153179456134,114.138616815769,100.896934376972,102.793412373082,106.685494887987,100.729095449179,105.431845192449,101.988334832078,107.093083370084,103.66608742833,132.541615586119,161.843265661482,207.832645723433,196.939274954667,155.772432255555,136.37703772523,181.606282680737,125.076540755467,130.783088235294,134.329999999943,137.70529536064,129.471549941176,131.508440495795,136.802604313592,136.235158045809,131.053368453479,140.622679131252,150.63288821299,148.541150901946,152.925643902974,113.810513896023,79.6491635817275,79.6491635817275
7.26727056018971,116.941799882029,112.686782842136,116.205961791883,121.129512439778,91.3895195769987,84.5256657822986,85.3607944669638,114.615071535652,118.130068424877,104.390507063148,107.78268345032,112.280025902574,105.082398576623,108.816150341826,104.91526850415,166.881778031264,244.138256608929,234.017163994037,206.495060183806,238.768272850599,216.18004934741,156.91161645469,132.05853674462,177.669613420371,125.189488071571,132.573529411765,136.799999999394,139.436949330482,130.455768548605,132.115258986403,137.400803423315,138.236633926066,132.966711986488,142.693676914007,152.845069065665,152.361881282997,160.655915332069,119.535595976912,83.6338584218707,83.6338584218707
7.26727056018971,116.808442742891,112.507345542581,115.53645264093,118.296185422311,88.9397611362243,82.2725688025587,82.6350299274062,107.90074472863,111.112383461399,98.2384188178114,99.7226443327861,103.763936001812,98.6711519876159,140.371147352058,224.062917106734,224.412513506003,243.335140810272,217.503767712245,187.628418906062,210.603232899387,196.950487253698,158.739727634453,143.614079486122,187.608412102946,125.176938369781,132.334558823529,136.230000000105,140.343641273522,132.507596088809,134.016438328886,138.526556105854,138.100893735344,132.850853828355,144.474776049974,157.121373931996,154.231513629447,157.152211404068,116.960228110043,81.8561490136306,81.8561490136306
7.26727056018971,115.874682711409,111.250829620912,114.34759361167,118.625330335571,89.4830232732932,82.77724931104,83.4327459665286,110.791378769487,114.122436323229,100.90111571752,103.274573447036,108.225390081156,163.97781929331,198.934946266167,216.000143760999,214.438463386317,238.472600001649,224.470658407007,206.217747640272,237.530938728702,216.135031030176,160.800887066622,143.152055493194,186.986219783207,125.214587475149,132.974264705882,137.369999999758,139.901471465843,130.796348638012,133.135007311737,139.015181625853,138.570938592237,133.303165288766,138.601630461661,143.049545455985,140.198705508526,142.337284916901,105.951849442858,74.1699826171308,74.1699826171308
7.26727056018971,116.141438051579,111.609776034778,114.845311949712,119.439962707747,90.1247086178313,83.3630053652011,83.9966181851373,110.231020637256,112.99118777182,99.8753982922011,101.980682220755,243.292130444809,225.820127483349,212.360563127711,214.832882267622,208.37551427933,218.931975879642,193.131530214678,171.062753439297,189.169414056167,175.462831827889,141.555736661773,122.403158794693,168.56543392305,125.114189860835,131.474264705882,135.850000000453,138.908861574995,130.31815835158,132.355265626354,137.298649645885,135.901920386919,130.749085996847,140.849897628849,151.603532194587,148.340756461706,150.006580558376,111.692257185691,78.2133533837417,78.2133533837417
7.02254112038045,113.222608737955,109.186600124608,112.381913702701,115.90057282032,87.2465204889443,80.7224307741208,81.2833923875248,105.452714274113,107.736365050009,95.3035304522257,102.956914585982,384.327487129547,221.995224645981,187.555297781168,184.420785688508,176.870404500031,191.164449812456,168.705438471382,146.743594422779,168.061928140876,165.567542545162,145.629068663673,122.068285921337,123.196560445272,118.20228628281,126.481617649288,129.643341236046,133.651996240444,126.30526154793,129.213411834562,136.994724956973,139.38363764651,134.839325329352,146.083257387294,158.551630910112,158.710186540069,167.932801168493,125.271789984733,87.8139042686229,87.8139042686229
7.02254112038045,112.555536954595,108.288913276892,111.469089054092,115.75519482965,87.2983563295312,80.7552055316375,81.4271317498346,106.139053988001,108.314097982755,95.7633930104553,144.18620380025,365.307861582708,183.60861421715,150.359159950775,156.429014947156,151.275621249458,176.070947199105,153.760360605503,128.67521650991,162.765932614498,162.690286565636,147.794718152421,122.066674458783,123.528882144664,118.989189860835,125.246323529412,128.883333332513,131.203848805293,122.620741468065,124.582320216269,131.332199818139,134.651300974204,129.5456161289,138.450238168941,147.691576513356,146.513677115142,152.77124670719,113.77608577491,79.6990229037301,79.6990229037301
7.02254112038045,111.755152307278,107.211866564219,109.88691964555,112.781516111691,84.9055706079197,78.5451642095037,79.0989744844522,104.262972894841,107.241604750566,94.8303465919699,127.419339329597,327.347855662976,144.87599325469,124.428725279586,144.701672777204,141.793548378194,166.872061505156,149.97487761791,132.387727806634,166.44600925209,165.84107552539,149.925547456351,122.066666704164,123.13009610521,117.889289264414,124.444852941177,127.74333333498,129.95837126078,121.388110303401,122.972651824668,128.046643123228,129.037964585083,124.150529292457,132.717439344993,141.613414607092,140.746833967391,147.355592373192,109.732577188918,76.8537401739893,76.8537401739893
7.02254112038045,111.755124932006,107.211818686533,109.842531032903,112.519339181933,84.674465815684,78.3241090459481,78.8563153830139,102.214732820835,104.366059619418,92.2607518148364,94.6088821536724,110.74011934118,121.736958422703,114.612878578301,125.442209498932,138.537801225254,166.684252465534,150.328674419078,135.335980067023,163.795065611949,162.114769370187,143.772942787448,122.066666666847,122.930703085483,117.314239562624,123.720588235294,127.173333334222,130.126716972493,122.151573888718,122.906108214153,125.819707270525,125.049972574215,120.303787785591,125.268359803461,129.531320579712,127.392452590127,130.340410856104,97.0318420973872,67.9324315859953,67.9324315859953
7.02254112038045,112.555486762768,108.288825494437,111.070319967103,113.441509271258,85.2656807247284,78.8650310880461,79.307807556475,101.555853591304,103.352354549343,91.3437213266708,93.4301122641648,97.4620327272977,92.1710145049928,98.019075444822,95.2752884667275,102.575559422022,147.313759385186,147.147478234064,125.267198905446,155.062594865285,156.66461274421,144.637007952952,122.066666666667,123.13009610521,117.926938369781,125.110294117647,129.073333332179,130.8664587401,121.875249738128,123.76108258451,128.805855749952,128.530137339218,123.632140000141,130.969137063706,138.202694183252,137.904719746593,145.719062383051,108.430721013094,75.8719027511192,75.8719027511192
7.02254112038045,113.089088691725,109.006877910452,112.243243323272,116.108962346263,87.4625944134623,80.8972953476506,81.4945874611452,104.146423002959,105.481958571702,93.2238637537627,95.6371631567849,100.38104815333,95.2936164896235,99.6261069328912,96.3249616777718,99.2018343377415,95.24364265478,95.7440793347244,104.575625319584,100.305029548533,102.071619126736,110.60564412116,106.929647087737,110.873627924867,108.68561093663,117.109261389641,124.016523826443,128.099585311438,120.808839802685,122.393723747573,127.380479430742,128.201397634223,123.367437912555,131.958194272582,140.947301815791,138.528351818231,141.426773956236,105.365653475505,73.8311866508163,73.8311866508163
7.02254112038045,113.222500580938,109.186410964561,112.470086061245,116.39526304361,87.6782480522806,81.1013102094493,81.5125809329388,103.947326310444,105.720377743167,93.4529403267378,94.6742984182376,98.4903773546652,93.6727211678169,96.8965934574578,93.4449798338302,97.1357382797872,93.6890220284082,94.239683549014,104.156217471035,100.643883243842,101.927842174047,109.16049940308,105.027936308733,106.767367974155,103.57906014781,109.228640589345,112.682189314344,115.40722125529,108.398281317065,110.388659889521,115.549646359866,115.677475474733,111.274828738987,120.917676107293,131.810064829971,131.049175218967,136.948827359967,102.342751252764,71.9781686907607,71.9781686907607
7.02254112038045,112.155356035047,107.750409865651,110.744477147243,114.654444791728,86.4412301798665,79.9662149645903,80.6061649436822,104.139879038638,105.919033596919,93.6610172977659,96.1708616961375,101.668497523074,97.4339453890732,102.840658826897,99.7400751413875,104.927202875235,101.689575985201,102.244558004018,110.599677013741,105.671703292302,106.828065073756,111.932995275253,105.660604280504,106.710651616289,102.822422036468,108.389462922312,110.962676132023,112.676484291532,104.795819185326,106.76613458926,111.655354837147,110.271279091826,106.085573011334,112.533178556145,119.275169303615,119.444265062453,126.772849275061,94.5988364761997,66.3874249286595,66.3874249286595
7.02254112038045,112.822287728963,108.647851705447,111.833929530413,115.800191146558,87.2641137782001,80.7142064842981,81.2775005356117,103.765602623956,105.141567024052,92.9270218384544,95.0156899119188,99.3253796131371,94.1809080268894,99.1849835128119,96.1310353018228,101.323324417703,98.3405463172942,99.0378829576659,109.819868333748,105.894202648548,107.24858521652,113.28597974968,107.960259194962,108.711247807857,103.471346185817,109.570323421941,113.423954664343,115.369348948762,107.722201742527,108.823449124058,112.403467094159,112.27656774131,107.668128312925,114.583555526585,121.498090859856,120.496383871855,125.924185628034,93.6211533078091,65.471861154152,65.471861154152
7.02254112038045,112.555523262558,108.288889330351,111.247603367733,114.473192683273,86.172571387881,79.7124252188104,80.2118724995006,102.388787729572,103.924179609612,91.8800402455504,93.9123633552286,98.0123445310013,92.921494643182,95.853512049605,92.386016295627,98.3807364839547,95.8971270045093,96.3540976937096,103.67385489428,99.6926063220414,101.497227244215,108.953989169048,103.799657187306,104.587195836494,99.7081339372517,104.605655574447,108.841551503106,111.241260661636,104.549295656161,106.993225320049,113.214185668922,115.119384789642,111.213056892908,118.688816854624,126.3464779133,124.970340792119,129.268751900627,96.2748538317538,67.4145226897645,67.4145226897645
7.02254112038045,112.021939584042,107.570868833247,110.517617471587,114.367928358955,86.225360541888,79.7618300196876,80.4160761953731,103.338931507807,104.780262896072,92.6366882388718,95.2244258112684,99.207353026347,93.3878830335727,97.0921633722161,93.7571997167661,98.599039118456,95.5520735899253,96.1038515911341,108.218655921055,105.015120985046,106.383984269904,112.865412826658,107.424130249177,108.37170368539,103.823271286833,109.32730686156,112.552607601234,114.940912363741,107.626138427869,110.099428684077,116.940500424138,118.462591897013,113.440387618658,121.614283999648,130.086754136361,129.540296583571,136.620256730654,101.584941417454,71.0540186742567,71.0540186742567
7.02254112038045,112.288708611302,107.929839185001,110.971099659348,114.928435971507,86.6442207346972,80.1437756085942,80.7603627484612,102.140810039462,102.87850354371,90.9369024021863,93.2680601639554,97.3151768116616,91.8804052032742,96.4971789650608,93.4620541663458,97.2032615275699,93.7953560487357,94.5559948949148,104.385307986958,100.098774824282,101.710179583736,108.017431726456,102.528789239367,103.134272950559,97.9550894953011,101.416774244684,104.591443013958,106.922806641895,100.396623464538,102.233314659098,107.25064370679,108.530163122103,104.993680145775,113.465346631639,122.74279347985,122.362811914267,128.450582252016,95.8727595906621,67.2913093226034,67.2913093226034
7.31004847040028,116.147764336405,111.35524884011,114.054847034478,116.869905781089,87.9628944813891,81.3421759314326,81.7399163907908,101.394479698882,101.747964921466,89.8706289442659,91.19452880179,94.7875651987084,89.751709945446,94.1838336983944,91.2061652024514,95.3553054154027,92.2510698143463,92.8821499075467,101.185849569849,97.1553999951092,98.6709178592825,105.617784509193,101.108227559578,102.780849404838,99.7133361905302,105.425640069134,108.242977271108,110.637109481031,103.773887894112,105.097051295021,109.190408133421,109.810116709851,105.776173207184,112.860056546464,119.979506728291,118.600437485675,122.802154497322,91.2735877456466,63.7690839572627,63.7690839572627
7.31004847040028,117.34844348945,112.970997619347,116.317763119162,120.705458278175,91.0056231758545,84.1694795439568,84.6950093712163,104.617050098999,104.477338793602,92.3175580436753,93.915315149229,98.0037752784653,93.024285133165,96.6085447173156,93.2219553896419,96.1629562471389,92.3920469435499,92.9783079425395,104.142208690215,100.331557167231,100.992935417235,105.405376452365,100.404827915094,101.517449027112,97.7109617506997,102.534486318944,104.812889611173,107.71383906248,101.493335718274,102.606552481518,106.471210543891,107.119747630933,102.959071352776,108.908373523996,114.921083860158,113.634931536825,117.570365438297,87.6629584548655,61.4872169571694,61.4872169571694
7.31004847040028,116.948303640004,112.432566037217,115.637590673132,119.869251713378,90.382032475918,83.606569218291,84.2950431729198,105.67911261646,105.877464217075,93.6072032379015,96.3092857724392,100.109078719008,93.940100692107,98.7739340356954,95.6869473455227,100.275402693812,97.0198788538413,97.5156002182225,107.080021417286,103.091835337367,104.173580747537,110.518558031934,105.645927101351,106.703743236329,102.573065612328,107.955568401377,110.70696861119,112.714253692685,105.171058534651,107.464349496281,113.763062536251,114.679429753089,110.007688242927,116.462741761583,122.701223734327,122.092290387131,128.491966526579,95.4689637064195,66.7014821157689,66.7014821157689
7.31004847040028,117.081683592779,112.612043236437,115.554306044822,118.356542636881,89.0172469592875,82.3414517190748,82.9253304195145,104.147357511346,104.693785200828,92.5533277038873,95.355914215093,99.8788101912015,94.4259099943422,98.1342648820362,94.787034967201,100.113839327117,97.2423439290073,98.007163608427,110.260309376317,106.52237724909,107.659101227436,113.485600138641,108.165914283509,108.933264357852,104.031155701112,110.236820060731,113.470567400988,115.327113961726,107.553035123054,109.431014872842,114.674255590085,114.95054881666,110.205212068742,116.276104752615,122.144352725013,119.3112461887,120.43093993002,89.5963531114079,62.6989853146325,62.6989853146325
7.31004847040028,116.681507238877,112.073547810234,114.829711089965,117.255173835284,88.1594715609845,81.5509309504936,81.8619540350868,101.425425322019,102.047962986296,90.2230977859542,91.3641972558815,94.7595006254404,89.9299602384881,93.9698816119932,90.9075170978117,94.6656779125041,91.4173278261118,92.3076581918233,104.015526087354,100.253387722407,101.519460047485,108.516596570949,104.55489213997,105.744724539655,101.41380219017,106.652827993452,109.350627241426,112.202172762371,105.774577936543,107.833671941262,112.635413223249,112.68421784636,108.80288038292,115.532082813683,122.219748647349,121.228890419334,126.264101634638,94.0016253634065,65.8029439532934,65.8029439532934
7.31004847040028,116.94828082902,112.432526142194,115.770366886287,120.631317142553,91.0501569633347,84.2168126503188,84.8147112042253,105.764491618045,105.930882669458,93.622835697295,95.3679633805744,98.6617706264743,92.7023891045941,95.7055983093351,92.186812368464,96.0241452969398,92.6313017026594,93.0515684566854,100.785305753311,96.3107800471818,97.3106266731434,102.988363495593,98.2751614005823,98.8210351146267,94.164523826636,100.215161325931,103.3885565068,105.377047161087,98.7480564335857,100.410646872428,105.174439790654,106.757089201605,103.299878108496,110.757357693166,118.7531707459,118.117459370112,123.35179462395,92.0639927776291,64.6054401530669,64.6054401530669
7.31004847040028,117.74865178508,113.50954890969,116.998189702249,121.557308054682,91.6453180804719,84.7661925744307,85.2947839952157,102.503252034142,100.972901316099,89.2402761350684,90.8799343963654,94.466729645594,89.3202000191228,95.4956020275287,92.9606252356912,97.3707502219268,94.2967903828723,94.9773355228226,105.393457451272,102.030597310586,103.308512078615,110.719409933867,106.883472072656,107.491025938979,102.075518565032,106.396981077216,109.746773862329,110.521733620987,101.909054784873,102.860701308005,107.537554082862,109.253702156745,104.419988264296,112.525115458743,121.067617769288,120.123406545988,125.793366828315,93.4900540480642,65.3677871493509,65.3677871493509
7.31004847040028,117.615285521267,113.330095651633,116.417220611279,119.23276549482,89.641733849156,82.921449932746,83.2493085851415,100.849628260352,100.316763248935,88.6928425261129,89.948592671776,93.5304451051413,88.9292101558001,91.6324302270517,88.3008066646812,91.2133926182025,87.7370817855082,88.4064205195947,98.0985028331523,94.4303471224789,95.6767026934131,102.009932941862,97.6561563621807,98.5099335345765,94.0723331133046,97.796278789709,101.069133239099,103.157107124075,97.1046875455396,98.9587872938027,102.88443256625,102.90126899834,99.707023898858,105.619393496054,111.532055319049,111.876949915095,119.076478915005,88.803906375975,62.2683492467028,62.2683492467028
7.31004847040028,117.348493682556,112.971085404037,116.406523422915,121.226734275087,91.4646491884374,84.6047024684375,85.4456180327916,105.5206453617,104.511800732626,92.3849072560656,95.8366968826706,101.042629828255,95.5701138479364,99.1451574941619,95.6361977130863,99.1996079608032,95.4881095402016,96.2087931000329,108.070815332331,103.25632777082,104.057410786731,110.465882938253,105.84920940467,105.852042483345,100.045883945553,104.510631918241,106.749661170242,107.817489680587,99.7915313580283,101.537893759106,107.766526815356,110.16453787058,105.365864702333,114.042779858195,123.373809740933,121.917853516823,126.431109713376,94.0144409196585,65.7610672255002,65.7610672255002
7.31004847040028,118.549027305117,114.586579659302,118.314603403419,122.99409387036,92.6887148592328,85.7281411922933,86.3577711373548,105.077471204263,103.888076293,91.8057330177994,94.2055747951035,98.4782791241476,93.0509252669985,97.9887604124444,94.9676708903423,99.0503557055548,95.6998920719316,96.4996125478047,107.736077702841,103.642722169619,104.900396150705,111.460308134854,106.808211773922,108.256052911257,104.439308559249,110.054652433213,113.525524096383,116.119759132421,108.817122075906,110.131416455098,114.577932510001,115.206375151445,110.62910823839,115.099832451804,118.706329453211,119.234935065458,128.012068607531,95.0612717853656,66.3576130725161,66.3576130725161
7.31004847040028,117.215131980378,112.791640124003,116.047006117621,120.18458574209,90.5872715948074,83.8038749316889,84.4110678053766,103.354856541481,102.593205814115,90.7309200677782,93.0367708167477,97.4601069786952,92.6279332098272,98.1847561379202,95.3587653145626,98.2628641461481,94.3999250380053,94.9783580271432,104.619984160248,100.879525940826,102.902951855747,112.729149291792,108.465277961746,109.102182525072,103.780650911431,107.720482887696,110.947967880965,112.979358416345,105.767044965166,107.404822891117,111.269893767296,110.375066740384,106.40737610052,113.855737419397,121.459177592553,119.700326702576,123.078065665402,91.5891543839404,64.1083799730835,64.1083799730835
7.31004847040028,116.681511803165,112.073555792896,115.715467431153,122.376336740638,92.6555980207869,85.7077974474917,86.6182497467744,106.005325069312,104.345774923068,92.2425169407494,95.0312164522143,98.7937574433482,92.5184507909302,95.5364108000254,92.0482409510818,96.0335218264882,92.7320273426624,93.2629883143357,103.724591226957,100.077487546375,101.440880482255,108.721644810988,104.341643962412,105.286527359141,100.765763508454,107.320927386536,110.83800627523,113.174397843691,106.110682945366,108.423837426133,114.559479187093,116.026974235101,111.584446757479,119.103859140867,126.916370154496,126.126707289177,131.987472130171,98.2909295678156,68.8248794478678,68.8248794478678
7.5070258243931,120.582723650796,116.112240286538,119.776967288985,125.268835048297,94.5872844816153,87.4680463251571,88.1221878700145,104.923624921968,102.495697093384,90.5235632825427,92.3889887165833,96.2189009153776,90.8168604270106,95.477103183812,92.5009246115159,97.3104836343222,94.4073479696523,94.9680756053206,102.281993788065,98.1359087296105,100.183195265763,108.334523092225,103.346471864589,103.936326141494,98.742731663182,102.976731786092,105.697015325326,108.410419107183,101.820457649102,104.75478565637,112.039966272468,113.285870821616,109.248772538689,118.048740732078,127.661799711228,127.498381851011,134.562033498207,100.347230982423,70.3716672159875,70.3716672159875
7.5070258243931,120.849647385003,116.471481211337,120.18673692539,125.597964314372,94.8066663634399,87.6942404277807,88.3452802514367,105.120071230518,102.733464341081,90.8097018552139,92.8080018323656,96.3169018776377,90.6700152999596,95.4168699343725,92.4575871039731,96.7970567903731,93.6444667112562,94.3042941784611,104.621607138043,100.631997753421,102.138452615594,109.936146594497,105.502585492647,106.508003843161,102.062524527871,106.852260885611,109.770306364715,111.896451680855,104.650302817103,106.420968054334,112.423686024387,115.137483006582,110.452022613999,116.377704888357,121.973673592764,120.272555425093,124.058096154035,92.2339755878578,64.4935115845694,64.4935115845694
7.5070258243931,119.78250740557,115.035488098885,118.239710117847,122.578070500542,92.4468671924204,85.5225439959869,86.0087165069318,102.665388002164,100.958591490084,89.2816068615906,90.5753859616466,93.0933149667148,87.4136343619286,92.0780154909431,89.2857088185036,94.1723060677966,91.424209456469,92.0921841182738,102.049975129927,98.4472976693545,99.8255481631064,105.975528058058,101.035036919178,102.307949145232,98.4326016602302,102.93315717786,106.796477737223,108.377643279867,101.064999352952,103.275994164927,108.155026320737,107.38819119066,103.492800058578,110.144265250075,117.035693608545,115.24930467113,118.00594702289,87.9868621457369,61.6960615040498,61.6960615040498
7.5070258243931,119.649077267944,114.855923129413,118.632817200448,125.872176554653,95.373968551563,88.218869553779,89.2817092629223,108.041815527952,105.36170649095,93.1278975425309,96.5625422317634,101.103447952233,94.8721703983865,98.1677578432441,94.6092529467872,98.0847431751061,94.3899705940969,94.833473258638,102.667675832925,97.6564026085766,98.5601618013886,103.458531063884,97.9638597957097,98.5195243756142,94.0553507411608,97.8918563608685,101.237475921995,103.814044708032,97.8302643153231,99.0671625404388,103.627995158377,106.230093215025,102.682573186326,107.812490470904,112.707571215837,114.71880451022,125.905225474549,93.8784919447954,65.8156715759097,65.8156715759097
7.5070258243931,120.04925362013,115.394418552613,118.560246694139,122.36740078771,92.1882321748421,85.2747095470356,85.9616571835596,102.227945874651,99.7347120533572,88.1730219688474,91.0978951704474,94.9891520289382,89.2031444227262,94.4213241982058,91.718048714054,96.0424732039247,93.0191248753608,93.8389529660736,105.171677258408,101.964394607196,102.890954064315,108.246100119503,103.86504941299,105.023669866556,100.688948864714,104.585390001309,106.994699473007,109.663651910554,102.830003458379,104.193460121707,109.292852007996,110.879760995997,106.011372018706,113.936650615513,122.171992897855,120.785642833108,125.53951325515,93.2612944566735,65.171095151564,65.171095151564
7.5070258243931,121.383203693383,117.189453839736,120.828047258241,125.184259419725,94.2972045120099,87.2142592823845,87.8084985957057,103.631292056861,100.96423799475,89.213829929163,91.4872450284987,94.4575188092243,88.0093706787202,93.5814213741076,90.9158948239563,94.1679785447901,90.6781559452628,91.0856253031575,98.7646454342679,95.0714646229044,96.1127998625006,101.320779735624,96.6490595056877,97.5615838111742,93.4489695204824,99.5244435733619,103.464607095681,105.024368460217,98.1166837481343,99.7769502894595,103.877507341407,104.27107616852,101.029640683706,108.875207865746,117.277910895187,115.593003507227,118.376322029256,88.2555800546484,61.8516891018675,61.8516891018675
7.5070258243931,120.049312931839,115.394522285188,119.00333661246,124.935776728456,94.4442809756506,87.369376659657,88.1124892855837,104.644563398782,101.928419937599,90.132005339035,92.3011461270807,95.7756587673649,90.0803905857945,94.7399966659393,91.7745387097136,95.0908898700945,91.5400428765053,92.1771364270857,101.073328097545,96.5276410480253,97.7998376215618,103.529236626252,98.2807077971199,99.1440749770462,95.1113932967863,101.628739598416,104.576810172543,106.230175947827,99.075298224146,101.156201889814,107.063204153495,108.658688065823,104.351536476192,112.942514441775,122.154559909832,121.464439481454,127.482178724361,94.8432228663968,66.3612594008144,66.3612594008144
7.5070258243931,120.049267309248,115.394442494049,118.693158430233,123.136793374605,92.8638922660963,85.9006679502356,86.6053405037115,102.956049088661,100.391495665651,88.753978902121,91.4521282998589,95.3426803314904,89.6752149360863,95.7323863081233,93.1580394086061,97.9604851190184,94.9705442539747,95.5874502250561,105.346029372792,101.510968895792,102.636526595135,108.090574132622,102.817821063364,103.592237101549,98.9733496924579,103.257784362874,105.58519637586,107.416198415358,100.080673166867,101.924396891772,106.916787336611,106.496857736383,102.051817246515,107.808447194033,113.493419660144,113.273089400215,119.847732664592,89.2198738264014,62.4814290906058,62.4814290906058
7.5070258243931,120.049267307687,115.39444249132,118.471723575876,121.855792934244,91.739122872525,84.859804997102,85.4268901055469,101.454871249797,99.2401856444775,87.7339485812758,90.0919764335562,93.8031227776745,88.3377973734194,91.571367997751,88.3838976582504,91.6662402097487,88.3382373985004,89.1100820063963,100.610201730126,97.1458287794646,98.2924958594616,103.608477659083,98.7049229125639,99.8734208290014,96.0043133876247,101.524741667186,105.016096407666,107.695961009632,101.626263875532,104.034411034681,109.555228612985,110.272871032361,106.29252377697,112.85213608422,119.280432935489,117.714086621323,121.449114638817,90.319812572687,63.1549581804395,63.1549581804395
7.5070258243931,120.182660946304,115.573943626243,119.362803096006,125.97608663896,95.3197752688109,88.1663810725116,89.1076392867514,105.578039237305,102.126221896423,90.2588707546428,93.3415076516093,97.2301018468496,90.8674856860274,97.0643322538104,94.378531349892,98.7376404809151,95.4395062596523,95.8609001301107,105.748726279161,101.862249698752,103.008069841082,109.232936180407,104.167489370003,105.512814915811,102.112176741844,108.498410855061,111.240010539704,113.188251963806,105.393823038511,106.520974156911,110.882251036808,111.347746701112,106.794611615924,113.629832843104,120.507340804865,120.905530217078,129.403393770976,96.2071652353111,67.2594991285544,67.2594991285544
7.5070258243931,120.582846424568,116.1124550104,119.555988292611,124.009047214374,93.4843023486236,86.4722343598517,87.1411857146108,101.275786505508,97.6604226505997,86.3325993351592,88.9073807905317,92.7904024801659,87.4161979285946,90.6171239080518,87.4927087502319,91.9373558372426,89.1637681075297,89.702083113047,96.9604945053238,93.5452288071238,95.2947130799243,102.18293204,97.4949799033634,98.5613670503137,94.5632017003784,101.670822508349,105.018238546468,107.675200845752,101.584177968923,104.3007892371,110.089403727473,110.476063111407,106.884306764018,113.587191316062,120.347224260133,117.595497052679,118.235536325816,88.1114086575918,61.7339197074647,61.7339197074647
7.5070258243931,119.248923725806,114.317467599599,117.376863307932,121.704746207436,91.8253549102418,84.9486613152606,85.5384169183379,99.9671944691,96.9147340558734,85.708932296707,87.5630887476013,90.5225400477522,85.0331766095019,89.4615695819556,86.7041738643604,90.5305119391886,87.4829266365404,88.0307194081024,96.3769222936617,92.7029249647611,93.7218782900435,99.2025761262017,94.8765596422913,96.012848644595,92.2810657112865,95.5724211076432,98.5820898494684,100.891833228213,94.7422187853312,97.348948416294,104.25105331227,106.637883939159,102.74630135675,109.735158067844,117.148208342891,118.092910521766,127.149147823076,94.8690808200766,66.5827650886818,66.5827650886818
6.68429717918068,107.897995417351,104.101028482098,107.389191941125,111.797671280831,84.3152632513227,78.0645548213604,78.6750248611318,93.512434231161,91.467168175767,81.0955333662474,83.5254060132968,87.3058027870447,83.0795976539546,88.1133635746038,85.6315391078367,89.7022659796167,86.7826347819928,87.2660089220698,94.6808921295863,91.1956567984724,92.5395762657746,97.8642886493138,92.6440033912854,93.2825168395036,89.0404406590187,94.1073232065458,96.5098148931069,99.3927520452768,93.9194379193274,95.5162991835019,99.9441954749522,100.790587680245,97.1753851565758,103.812994164246,110.680042747682,108.430615117064,109.838777777196,81.8167379594852,57.3095381810305,57.3095381810305
6.68429717918068,106.430264525199,102.125814905272,105.114613672557,109.915853812995,83.0541717384752,76.8357662709726,77.442950163373,92.6371031340449,90.7191073348876,80.2327550683437,81.9755592708837,84.937948145633,79.9854301475876,83.9182755642128,81.2656690093259,85.0687749802996,82.2991028090577,82.869836496052,92.8179664980698,89.897021215531,91.1228865742506,96.7002791622388,92.2694338323189,93.4105077492255,89.7707822016316,94.1361286059444,96.7113885291022,98.8931076454186,92.8842889502677,94.7916488168936,99.8699261160886,101.052535622497,97.0455056824362,105.268964250406,114.106708429185,113.572247524625,119.507919379992,88.9064029254315,62.215243448124,62.215243448124
6.68429717918068,107.363969795235,103.382235052503,106.790426042297,112.390680998668,84.9707414630783,78.5900387044023,79.220275686589,93.5111771604096,90.8486239679861,80.2809862011318,81.9009864650711,84.727370714186,79.490785701317,82.3367772895306,79.4135650921445,83.5195680610237,80.9707629661145,81.4675215578851,89.3728232683827,85.9257726761815,87.4309185287642,93.3376046743472,88.6674562278156,89.1104889827875,84.4810285721622,88.1959627240928,91.4714153793709,94.150855183348,88.922782176409,90.8519564010277,94.921140940048,93.9990833805773,90.7739827262893,95.9896255946059,101.234190680845,99.4909637582499,101.305588746765,75.5702642546044,53.0122108354615,53.0122108354615
6.68429717918068,106.296852621494,101.946281825819,105.064918759637,110.655559009501,83.7395835936683,77.4671871941126,78.2272778696962,92.7968586042644,90.0480249455784,79.6310244212624,81.9174571062452,85.1219052020596,79.9277798167964,85.5180280846133,83.2566690106422,86.605581589967,83.538676405063,84.0317533773045,91.9403913834194,88.3205689046648,88.852879483712,92.1336239711848,87.426788329415,87.8729880420901,83.7579142145216,88.9265282575441,91.3340515383378,93.348549862066,87.433168006202,89.2394627405026,94.5671791736822,96.154303485077,92.6239311472731,99.4302489739007,106.708930105053,106.716799039573,113.033359519763,84.2423895490628,59.0316702574638,59.0316702574638
6.68429717918068,107.363965232195,103.382227072023,106.746122130266,112.134499309994,84.7458143469247,78.3820291892344,78.9436569230801,91.8814130777182,88.7758910300435,78.450446139795,79.7406621810957,82.4022442533373,77.4855223220994,80.6118666570827,77.8679930137484,81.4485062759587,78.8072613379349,79.3952918317104,89.5307081680166,86.9354553986039,88.2516828703985,93.96038732065,89.7720843744525,90.2956257458119,85.6196964168918,89.9438641792157,92.1262543993688,94.5958524102582,89.1418914357338,90.5695226682338,94.2600072021438,94.1136598814482,90.2289855731669,95.5952570197215,100.756644178368,100.669181795853,107.014513838088,79.5227168232398,55.5964785862022,55.5964785862022
6.68429717918068,105.896671705488,101.407778420776,104.296019896229,109.298349923335,82.6572350587619,76.469434287999,76.9913199835453,91.0922563538141,88.9268736809121,78.6526159667627,79.622873287619,81.7949641180186,76.9310776205043,81.2326563452728,78.8084341632911,83.0190151692438,80.516181871594,81.0132228111143,88.9182700279037,85.4606461344977,86.6850568395511,92.7167115839071,88.5499634705905,89.560296940734,86.2094600439722,90.1554258119171,92.1288657105432,94.3906957042074,88.6883720766263,89.9498821794731,93.2067626079033,92.5545453175119,89.2342550715133,95.3701667052148,101.712719513608,100.494456345096,103.754787027024,77.241583284125,54.0611971994534,54.0611971994534
6.68429717918068,107.764132460798,103.920706538633,106.983526536541,110.416969272657,83.1283888649582,76.8813046499557,77.3028488398115,89.5674264514585,86.680596630636,76.5840714522403,78.0744194248288,81.0741379764387,76.4342943008174,79.8885505812907,77.281133616246,81.3255476430191,78.9043534938613,79.3575420649806,87.3915990592373,84.6445045908513,85.7344677985782,89.9594691335362,85.2178272688227,85.8008826307803,81.7020322091145,85.1693108682219,87.1325977529588,88.7283375790766,83.0052429983243,84.5663789395735,89.1348731977858,90.7271508956667,87.4940914529389,94.8526434382033,102.998509017979,102.804871289328,108.344429976858,80.8541706917968,56.7526792727737,56.7526792727737
6.68429717918068,106.296866308115,101.946305762888,104.710673819634,108.608680692453,81.9427521842126,75.8076419471066,76.3118075800236,89.6457038917239,87.2170924155232,77.1366574307463,78.655332736956,81.5320938026591,76.9459909838871,81.4504075189155,79.0584161904255,82.4921081294838,79.6615324602654,80.1268991845823,86.8828812763217,83.0606655817973,83.9574210021991,88.2230097957217,83.6811577794473,84.465224555988,81.0646537358692,85.5742357079137,88.943172459124,90.6829461092919,84.9156550517597,86.3056412463782,90.444848165506,91.6319192034681,88.3876597839519,94.8697658642492,101.608909486896,100.817522520304,105.116611173685,78.1989100507506,54.682072784723,54.682072784723
6.68429717918068,107.497358871279,103.561728207765,106.84003619733,111.646964601035,84.281209088015,77.950090233244,78.3559076129233,91.2244238052103,88.5814790824959,78.269117598939,78.869470833163,80.7008901959728,75.5503557395947,77.554215514675,74.6013766322958,77.9752030827764,75.3889584030448,75.7687814172514,82.5721569521278,79.4995192293733,81.1876703084573,87.8155162321928,83.7186702755977,84.8832617674407,81.8421558689264,86.975079541172,89.8109172752504,92.0332995812852,86.668653244489,87.8833727920705,91.2553818676932,91.6988073643064,88.1490336641816,95.0385752982121,102.169791971891,101.938253896094,107.936497697525,80.189618717551,56.0308668908288,56.0308668908288
6.68429717918068,106.697038099602,102.484793209704,105.302390925352,108.94126744505,82.1254851480402,75.9733521599048,76.3897106482456,88.9612490818656,86.3908677159902,76.3971218900884,77.5672170070248,80.2599200389015,75.8780023572088,79.5712949767613,77.0638975317843,80.273899114254,77.501003975617,78.1229365445589,87.2230108751912,84.0127912581357,85.3411159395022,90.7544344799256,86.0320775223242,86.3603674965464,82.0586049635987,86.7068446318841,89.0883510089045,91.8398123275458,86.5930577779068,87.9665037063519,91.8937452928267,91.616724513168,87.9147400332597,93.1111052650398,98.3881344893796,96.9579224518837,99.6341602007855,74.2497730451684,52.0495324229909,52.0495324229909
6.68429717918068,107.23058528098,103.202749875533,106.386537067248,111.085899054813,83.8617780936241,77.5669953821834,78.0272633950664,90.4745158045842,87.5154710323401,77.3437842278485,78.3102243756578,80.6243863012647,75.7490693826895,77.8421406061799,74.9043827546637,77.476355154589,74.5474086304532,75.0961338445385,83.5026810659308,80.1899339001837,81.8069983277627,89.1103771408737,85.4542638242133,86.3016297897365,82.6877472733478,87.2738601029482,89.3046372211834,91.9006314879592,86.8730214241224,87.9908143579621,90.4594034817538,89.2611582544712,86.0083284381601,95.7855772124028,106.734197180483,105.548742957129,109.448911938767,81.3627299356231,56.8761726820016,56.8761726820016
6.68429717918068,106.563635336623,102.305276116825,104.809860254344,107.122001000893,80.5644836489932,74.529702184133,74.8947567159059,85.8557461032894,82.7880440078907,73.2151328896427,74.7281571474531,77.3291154896475,72.8300950534516,75.9170657862272,73.4333825525464,77.1253120631946,74.775262589535,75.1801866110995,80.6990411058825,77.8340821496023,79.0878625257109,84.2585956819087,80.2516538976287,80.8887771922311,77.1852600701874,80.284755442324,82.1327445930802,83.7440255204613,78.3698602302619,79.5687950459561,82.9030054780637,83.2249079103295,80.5330995505595,85.8905429562569,91.6810882034348,91.2100272701974,95.1221755552537,71.1225065497465,50.0072432667876,50.0072432667876
6.48035597933961,103.886692156572,99.9568242510949,102.820936839497,106.421185469197,80.2056119867101,74.2059002232875,74.610125520354,85.7541633986397,82.7136675611837,73.1676256950977,74.3667971331568,76.4371122098532,71.6523432807896,74.6964605976549,72.185143304127,74.8956367748496,72.153471224916,72.3915618520789,77.4483834035719,74.5047675392492,75.5062658658932,80.4885646332973,76.9781640386513,77.8678874934156,74.8003401606008,78.2936480813076,81.1410137330879,83.0385975742602,78.1163452405542,80.0301994410594,84.9911340005857,86.7124008620706,83.6934226416902,89.3273436217838,95.066942571568,94.1683391496566,97.7992506755518,72.7905230753427,50.9318904308264,50.9318904308264
6.48035597933961,103.486416550023,99.4181552380466,102.450269122858,107.354107628508,81.131761059699,75.0485253619615,75.5472433243101,87.4951756582475,84.4471393147976,74.6550295655276,75.6645016948962,77.4732861934171,72.3506081185097,76.1022365272841,73.7117587154724,76.4256763692445,73.5919646974251,73.9147521380259,79.5376642242717,76.1011124786969,76.5670966170903,78.3860442799212,73.6241760036624,74.3170237508689,71.3648401884211,76.2447284699222,78.3645661594636,79.3507638798404,73.7347856270918,74.8623167714063,78.4492843971389,79.3489596550963,76.3958553138526,80.4442336886658,84.5734363904077,84.6468266405258,89.6664414432457,66.9692582388938,47.0435061477322,47.0435061477322
6.48035597933961,103.08622194369,98.8796278894511,101.504171549152,104.971710605838,79.1492182050055,73.2175630969618,73.7009138361481,84.8926637639923,81.7097142457359,72.2497052729079,73.8500380432872,75.7741194662364,70.5257872159504,73.4253643535715,70.9750986188452,73.9481214289847,71.4217156397188,71.8924452846506,77.7605277328859,74.6211747437669,75.7624323429129,80.6926233767457,76.9268164344486,77.4075200030355,73.5017617497894,75.4678432367535,77.569601199574,79.2936364273921,74.4452461486294,75.2890741966792,77.8300473096426,77.8199182922524,74.7465335282136,80.4268080516784,86.2920196713272,83.7661469771453,83.4223848765776,61.9952662443411,43.3433854109786,43.3433854109786
6.48035597933961,104.019963726291,100.136111894936,103.002971609248,106.428021913701,80.1724269007315,74.1524855968385,74.4914970936207,85.3325474662934,82.274928078475,72.7063098491626,73.5544080300292,74.9472052030678,69.6389740028146,71.9579345351365,69.3644176651937,72.8516887815672,70.5885760574667,70.9967655088105,77.5904393396795,74.6297403424281,75.6678357121874,79.8666680887889,75.7783809414912,76.2707699353917,72.483095428264,74.905884557549,76.5063650985076,77.9785407436404,72.9253425031882,73.5319724351839,75.2136809168187,73.9775482785431,71.1059803855988,74.3335872206325,77.3126110711292,75.6973753833831,76.6235326401526,57.1023969388793,40.0272943445358,40.0272943445358
6.48035597933961,103.086240192415,98.8796598053608,101.19423051771,103.182195298625,77.5785387532644,71.7687173213821,72.2030269499203,82.1339205147707,78.6305672348756,69.5420073655593,71.6153757834828,74.3817263629782,69.8044857569849,72.7992587628579,70.410662955244,73.4250252892502,70.9384894744053,71.4121754795398,77.2087823409081,73.9918040819717,75.5091574069115,80.9366642358715,76.4944220601534,76.8594714460039,73.0895733340153,76.5445987188173,78.8631993404214,79.9515093712705,74.4957235529771,75.3926840318086,78.6719143600959,80.0160612508799,77.107889848457,80.7616159576201,83.9804766282396,83.6673346947633,88.1294155854072,65.5114032834889,45.7811500168436,45.7811500168436
6.48035597933961,102.819420979368,98.5206016817161,100.91770987163,103.635531661498,78.0482186090527,72.1958466919113,72.5398588812035,82.7194324927202,79.5399742221099,70.3165844191656,71.3262980209064,72.952614761424,68.0063294164929,70.1281640856923,67.5616252505533,68.8794942528411,65.8486047058529,66.2453570658835,73.0080325212285,70.3486699222079,72.445014405831,79.6747367802263,75.5291971996251,76.56957466968,73.821992386006,77.9375089141023,79.9407967921564,81.8048422805975,77.020210066214,78.1952430426792,81.0545219901442,81.0093801413508,77.983172781952,81.6879122304558,84.8338167221068,84.3374939499671,88.6366368928904,65.8047478490936,45.9396679157071,45.9396679157071
6.48035597933961,102.28583729898,97.8025811813378,100.010576089695,102.507594944308,77.2033986008023,71.4174066263842,71.8490830009451,82.4504669351254,79.3068475486645,70.1226798430696,71.7151933144932,73.4438499417861,68.1377246249209,71.4923331076115,69.2280051912331,71.0458303475575,68.1186923269871,68.6324972753823,76.8304937357624,73.9967841989747,74.7786163057689,78.4689546405389,74.4314489135721,74.4815017872752,70.3302715441173,74.8646722969783,77.2040519392042,78.6057037124418,73.3168590171844,73.8272659593429,76.4609662759105,77.2572379833987,74.2615192465992,81.1520985889726,89.0489361900799,87.4856164907621,88.9945624457812,66.484285749909,46.7179884625093,46.7179884625093
6.48035597933961,102.952787242088,98.7000549378622,100.922948352301,102.632729968494,77.1307792851701,71.3417617241893,71.7339749997239,82.8306404518063,80.0303425776727,70.7331753703704,72.608381676243,75.2817915461398,70.5091933428764,73.708779345744,71.2924786342984,73.7190770163699,70.9213844005547,71.367044079525,80.0161245506764,77.3772595040631,78.4214147995741,82.7616895998276,78.2640907912709,78.3828428662758,74.1818591987429,78.4182328893562,80.2534804137993,81.0943959569127,75.1977654418063,76.0381758037282,78.9376600692463,78.9837459528767,75.7100356503561,80.8199261927548,86.0051108613065,83.8606655231419,84.3671925775517,62.7111499976653,43.8449221109668,43.8449221109668
6.48035597933961,102.819416414924,98.5205936987813,101.050553833225,104.402347734641,78.7212380159204,72.8164229894819,73.2622074421648,83.5923895389731,80.1178740637183,70.8190543222493,72.1465505001532,73.832713445924,68.5590455460806,71.1866215786942,68.7038507608251,69.5552010687089,66.2891499292337,66.6041179200464,72.1719898171,69.4514183863984,70.4568712370835,74.8730798370449,71.444420387766,72.2400099245036,69.1693643242656,72.0134370261945,74.7371988455432,76.0443089554099,71.3375677032508,72.5046511453465,75.343348475525,76.051770116654,73.8588228710669,76.5241073815569,78.6274297885004,79.685018855993,86.5833869402779,64.5374174750991,45.2154062642573,45.2154062642573
6.48035597933961,103.219592769138,99.0590891255296,101.465140001264,103.712149898366,78.0062377997944,72.1539116451015,72.4789037966562,82.5687173713706,79.3971516132564,70.1822554621005,71.4042205787304,73.0149756827559,67.8760918682241,70.572766731697,68.1724710015905,69.4963070914297,66.4570092340423,67.0580263680292,75.3352536433581,72.4625022193043,73.2461450088315,77.5083751864124,74.1291546099268,74.4041728156087,70.5210412827883,74.4512958080687,77.0676255274152,78.604906846988,73.459526449345,74.6273169716326,77.5804940891004,76.5516287084696,73.2819704378479,77.1533627247504,80.8582250731345,80.1839574854594,83.7564647748582,62.3080430793705,43.6018783762122,43.6018783762122
6.48035597933961,104.019968287926,100.136119872959,102.781553697794,105.148086235606,79.0487538081895,73.1139259780861,73.4706073221443,82.6922445290759,78.88943014457,69.7162397270137,71.2391490806611,73.0745580497836,67.8253189992459,71.083790694356,68.795546196548,71.339739070391,68.7397853340156,69.2031898115475,75.0605941615553,71.6973306429673,72.3314815795577,75.8128653107285,72.2798435407335,72.4682643080044,68.5225398262108,71.8957691827546,74.4010735030731,74.8867474721852,69.2018756539518,69.7802537658983,71.6212473172198,70.8643139814675,68.3815573476033,72.5218646035321,76.8352018720105,77.2953001386879,82.7304668879771,61.7522940475496,43.3441648772204,43.3441648772204
6.48035597933961,103.353027469803,99.2386620754808,101.869215315776,105.024571236425,79.1230374592088,73.193017423659,73.5388283033721,82.0215303805616,77.9094884048439,68.8856292988395,69.8026886725344,70.9014248280611,65.6685583386677,67.4185901219243,64.8806427098298,66.4229917903726,63.6371665239607,63.8913254296238,68.4457179031534,65.9471006797286,66.8153996780485,70.3009316228129,66.7902363349036,67.5948849577944,64.8725994943153,68.3766309468366,70.7531436966687,72.4167282125437,68.2713105707439,69.3464800974423,71.6706206911392,71.4547846333953,69.154240962864,74.8583525971727,80.9322384181438,79.7407072782022,81.7829040838593,60.8847851619288,42.6109910009858,42.6109910009858
4.84783154549001,77.5199906846882,74.51283083929,76.289578509089,77.6101631189568,58.3168248203529,54.1148941151188,54.3733193382065,61.6709940328903,59.6245972254405,53.2805498589798,54.9694318789174,56.7708451348855,54.6468867997784,60.2120184813461,59.2995426135452,63.2263971229013,61.6866821525507,62.3442330413986,68.060205520884,66.0345595797864,67.2284845967528,71.5885561553512,68.0916818784858,68.6830191085695,65.4514174608948,67.3194280558864,69.7474615865199,70.9083154359828,66.0832620063228,66.7574908269155,68.7073143237668,67.7991176908689,65.0793405025993,67.910719220614,70.4709419936482,69.1723199373762,70.4768661055377,52.5145216210857,36.8165795674718,36.8165795674718
4.84783154549001,77.2522947766918,74.1522394294728,75.9655157740837,77.6671819708396,58.41774825344,54.0380015053857,54.3478981452968,61.636131535776,58.9400402568176,52.1079653606968,53.4566332590469,55.260934618869,51.6485050548285,53.219321289811,51.271046533938,52.5457269747744,50.374926703103,50.7639108144358,56.3250016107,54.3401290296626,54.5824392469461,56.3498831214912,53.97031101968,55.0610580182834,53.4194981440267,56.0317765155079,58.5775980119646,60.5048292246442,57.9101609564929,59.6991442401411,62.9752566534437,64.0439318536904,62.621258960532,67.1827909716527,72.0568496838809,71.8870982661112,75.2743320037829,56.2715282582982,39.5358673779605,39.5358673779605
4.84783154549001,76.7187110663184,73.4342188766521,75.1469558202353,77.0509117629023,58.0220753596481,53.674236668254,53.9511655192235,61.0794631521431,58.4450914843548,51.6786437035283,52.5960378274818,53.788454697658,50.0356039006395,51.6618520968918,49.8017479179013,52.1723524027433,50.4937074456271,50.7937492261858,55.3897075110925,53.2832008350155,53.7870902141124,56.0676649284694,53.2239700942967,53.5051797110423,50.7562150762463,53.2199594913243,54.836083926813,56.1674891649078,52.7275796754562,53.242027965804,54.7937334089106,54.3821272167935,52.3641786345546,54.1436766331994,55.6566051573596,55.6117031214853,58.7237424643261,43.869325976205,30.8389813594745,30.8389813594745
4.84783154549001,77.3856610094261,74.3316926331747,76.3250499011067,78.7121590245094,59.2980509367717,54.8451492479011,55.1335502173188,61.9803925810809,59.0282809110997,52.1606119228103,53.0156238188905,54.4148421042181,50.754793301954,52.4326651024423,50.529756549148,52.468435572888,50.5746348006828,50.8054218194793,56.0656640888732,54.2462986666149,54.7702324057449,57.9856092750154,55.5667915800632,55.7532279656187,52.7579915548779,54.5939230031034,55.9422999105208,56.3200603936681,52.1048529222855,52.6799209804465,54.6163251430155,54.7468040252266,52.5439868211031,55.1783746391108,57.583211365425,56.9660326006557,59.1968283618089,44.0168291887158,30.7905864148793,30.7905864148793
4.84783154549001,76.8521092664126,73.6137279893232,75.2851737918098,76.8220910706333,57.7850228370403,53.4560735295191,53.6478756974633,59.6837488631294,56.7881161561983,50.2194720964292,50.8142468365989,51.7578212401737,48.2196976056847,49.8401352583982,48.0836759049513,48.8368981688084,46.6411352667114,46.9735023824839,51.4728983227272,49.673703026614,50.0829325133288,51.6653671661989,48.8960140354148,49.2229276463159,46.7227814533423,48.5497120366421,50.3525100427088,51.4156990871856,48.3781554449899,49.0490260932299,51.0621390616494,52.1826632010141,50.6988141898119,54.6344516993183,58.9338990859719,58.0156846818936,59.0903325686647,44.150906945885,31.0093622660547,31.0093622660547
4.84783154549001,76.5853037402993,73.2546938032932,74.6544082069006,75.2307494091648,56.4601526323795,52.2286678404614,52.3335005006505,57.6099255064042,54.7135150607631,48.3789732695407,48.8502169813855,49.9687722076667,46.8455728119218,49.1994583235816,47.6756058704997,49.4939337045882,47.7322460613708,48.1064930971798,52.4579520205235,50.2942766701226,50.7332580003011,52.591584862394,49.7959103757378,49.9415248910867,47.1192746371039,47.9076652719761,49.1428469427727,50.5080600820469,47.4753044680812,47.6616632725971,49.0229438549745,49.2972208065799,47.36619063089,49.7568593868485,52.08461819564,51.5487961441029,53.4212450231152,39.826967666676,27.9287818475769,27.9287818475769
4.84783154549001,77.2522628079264,74.1521835180456,75.8768231363324,77.1487312210496,57.9616208709493,53.6087276801607,53.7425192325789,59.1619720132646,56.0855287304801,49.5580907050749,49.9638207546745,50.6384397865737,46.8720480303951,48.5136156913889,46.7705404429105,47.168309279046,44.8623821229366,45.1025450432463,48.903545014151,46.7811337095602,47.0145679774134,48.4000098204224,45.8902233750362,46.0938451394367,43.6210375823987,45.1976102595484,46.610537713502,47.4634492885691,44.5726862632802,45.0147931516556,46.8198862516583,48.4025589102761,46.9056058221158,48.993793717434,50.8473961362223,51.3614967089847,55.4919780435811,41.3604971263903,28.9830491522257,28.9830491522257
4.84783154549001,76.4519237879923,73.0752166048927,74.560544958103,75.7192722746203,56.9257593969269,52.6624933759723,52.8207098567646,58.3529530619697,55.390575300562,48.9872593937955,49.4747402024259,50.2411265849139,46.7188064105775,49.0381010066591,47.4971319504673,49.0797166570474,47.2063331659509,47.4280073602326,50.4817072973734,48.2717779031332,48.4065785703737,49.1412007708062,46.2414391878193,46.39465125341,43.9349548376107,45.3146872627982,45.9867151902757,46.6896830456973,43.4092961501237,43.5805050107304,45.0165550004914,45.6272220044677,43.8383070197844,46.2390051721354,48.6639216344212,48.2063686778857,50.0247796665816,37.3101492212258,26.1725536432018,26.1725536432018
4.84783154549001,76.7186836915139,73.4341709997832,74.9697063001947,76.0215256619803,57.1175512685887,52.8318313017867,52.9508204713521,57.9565851537906,54.8093749378524,48.4449230539362,48.7681385981449,49.5724298480593,46.1774559362828,48.166046566381,46.561345384719,47.5369476509673,45.4899042355257,45.8145563490436,50.0544251865874,47.964325955362,48.6893278402901,51.4542098495767,48.7525878616619,49.004373623453,46.4774056458725,48.3155120141079,49.3490288679593,50.4779530847886,47.4065706376547,47.9034972994079,49.3831347803117,49.1310865901115,47.0921784047335,49.1416770365252,50.7453361255502,50.2269108132808,52.4510138065082,38.8617161985266,27.0770866926347,27.0770866926347
4.84783154549001,76.5852991767918,73.2546858219959,74.6543912628373,75.229512351495,56.4588776892631,52.2259721813414,52.2955500140954,56.7207549447844,53.5042165463928,47.3038255129385,47.5394170345843,48.0066368558146,44.5041286768868,45.6881890624298,43.9813169076865,45.7268422093376,44.1236754141329,44.2454779629549,46.3101838049074,44.5496877660089,45.2334533002866,47.8412151325408,45.4185037906108,45.6590730277787,43.2185639429,44.6043668899482,45.8330368303153,46.4178000017726,43.2804582640958,44.0041031474893,45.7265021571437,45.7763310014297,44.3380435766823,48.4871468501191,53.144683228604,53.6006546418293,57.6570165904113,43.0302607004652,30.1968238821538,30.1968238821538
4.84783154549001,77.3856564463867,74.3316846526961,76.0150241707991,76.918510791409,57.7231247293921,53.3874984135054,53.5380821437095,58.357238347741,54.955401565435,48.5574433837568,49.296011064562,50.4179522821593,46.8693150155488,48.0549971755099,46.2048886253287,47.4120010892139,45.4426752044689,45.4665266471649,47.1668738090723,45.0786346219508,45.4469200576347,47.297993123506,44.6968008761182,44.8508614748658,42.5720700411031,43.9653398159504,44.9148809198328,45.3226542598562,42.0537234376207,42.340798363214,43.2850826280848,42.8046735815367,41.3004285524884,43.6175729554395,45.9189754641818,45.3755539752189,46.8028198493556,34.893209493886,24.4616869404142,24.4616869404142
4.84783154549001,76.9855029048729,73.7932291239738,75.3790878565576,76.3347237802833,57.3205911653445,53.0245158088373,53.1636250058657,57.9233821741084,54.5907496103483,48.2686441617264,48.8461830889065,49.6767134449266,46.1447237333886,47.6045115447026,45.8791314206385,46.8746629817935,44.8604946649503,45.1790949366354,50.2123858354881,48.3954871631633,48.7901989665463,50.2790584447087,47.3698903156188,47.5948310030891,45.1132946585658,46.5306485678268,47.1722687320776,47.4905750053279,43.8535352834044,44.1454247921827,45.4499189262378,45.1943813707941,43.0666432876028,46.5458598070676,50.2612351317639,49.8426013485874,52.2053156485222,38.8032193414596,27.1410334863215,27.1410334863215
3.1705395311875,50.0475515407494,47.8557946226095,48.9663021510048,50.4670908480736,38.0700362623596,35.3917609090296,35.6361006193593,40.4766360710943,39.1372670497546,35.1831382688725,36.443974965253,37.8143111144813,37.094678230987,41.4008760397844,40.9392534163179,43.3786642005631,42.1673720842644,42.7162145491785,47.0234863269715,45.4255731829374,45.9915717696702,48.0029816739335,45.4477791124045,45.9557330651637,43.9979019123539,45.4608054907812,47.1891733302839,47.5535474671855,44.1272120883791,44.6842954901025,45.964727615301,45.508960321293,43.9536563843351,44.9114564757011,45.3068027158355,44.4976437847276,45.34312581777,33.7275373653286,23.5804604588543,23.5804604588543
3.1705395311875,50.5801789859023,48.5721427256909,49.8255985152415,51.1858605574461,38.5329109626461,35.6390303007591,35.8082897718312,40.3757302615289,38.5687666045515,34.0811399955867,34.614757179611,35.305407151622,32.7243282706906,33.2973338349642,31.9652258142952,33.1068474877046,31.9111113301551,32.0851381097681,34.4227162877696,33.2888781351415,34.3369537620725,37.4590067042899,35.5835436581303,36.1394465472492,34.6072676242119,37.3834372256397,39.397229551847,40.9091100695917,39.4452286606773,40.2602734578024,41.9669390644572,43.5951634369451,42.7162112019806,44.6947903626687,46.4083254105922,45.2437074935216,45.0624927730696,33.613581009081,23.5624436223572,23.5624436223572
3.1705395311875,50.4468035645532,48.3926734516603,49.6431781502285,51.1634299264886,38.5501023110076,35.6596843123255,35.797498807752,39.8702319597275,37.9244295004701,33.5279154767936,33.7559917983766,34.3055393329233,31.967413035096,32.605398493368,31.3211547551837,32.1694210417183,30.8683433552688,31.0640641584481,33.2849071150642,31.7789284274803,32.1247481313543,33.7628712369173,32.1803708659464,32.3622527781095,30.6967145228925,31.803853537821,32.4370450818335,32.5887720487373,30.1475603012444,31.1769647039825,33.0244495827662,32.4288777719997,31.4777497809179,33.2579110581968,35.2566309650253,34.6819926117575,35.0737492828051,26.389343304169,18.6881062069959,18.6881062069959
3.1705395311875,50.5801926413774,48.5721666082867,49.825649217295,51.1884494370614,38.5355722133436,35.644562487246,35.8156873580123,39.7090930716563,37.5729085742314,33.2117223113072,33.7654746025102,34.2942271348496,31.6422015196228,32.2595944610504,30.983967417647,31.270779068981,29.7635014755219,30.0018458489246,32.9323812883857,31.4786563268787,32.0963878579433,34.2502251760352,32.3498800706177,32.5013837517223,30.7964761447465,31.6870842166455,32.1420114450528,32.6121324095449,30.43229108808,31.0786923218785,32.5500084197467,32.3979963094652,31.1468426525357,33.1662306301524,35.1826094181888,34.3736127436926,34.7083116609617,25.8140617494034,18.0596930663668,18.0596930663668
3.1705395311875,50.4468035650203,48.3926734524772,49.6431781519627,51.1634315523314,38.5501039959584,35.659688005079,35.8318305697801,39.3884523631084,37.0865409971946,32.7872323931401,33.2387103520042,33.9648952018202,31.6537925116882,31.9772586010579,30.6310982634787,31.6018053472811,30.3797872871157,30.5162686988488,32.3550744350362,30.9356308786016,31.6315306653026,34.1749993927101,32.4019060285937,32.5436987881715,30.9139671902309,33.1420494904918,34.3938821938402,34.8996823622919,32.5079236254512,32.9446237717574,34.0329061746464,33.6035450393488,32.349411259839,33.5592343721696,34.486770745912,33.9502872317908,34.8492234277603,25.8811133637556,18.0630368375324,18.0630368375324
3.1705395311875,50.3134053641447,48.2131643384396,49.3720992683582,50.625039387081,38.1137333996884,35.2564925733735,35.3774230755827,38.6869742400752,36.456448958191,32.2324844086242,32.4655917942872,33.021621401131,30.8064899782224,31.645133449923,30.4663292976393,31.8914818829989,30.8606227518872,30.9863264935158,32.1637470827807,30.6106169880723,31.2424313417143,33.7432710712223,32.1344444627791,32.3519303994313,30.7770075687172,31.6820551526029,32.2593468740669,32.542423224819,30.1286503524027,30.4676569203039,31.3231503017141,30.7731344047037,29.6574228556456,31.7701283816136,34.0513690900601,34.1281983563962,36.2714967103667,27.0764841946783,19.013119176676,19.013119176676
3.1705395311875,50.5801880788062,48.572158628627,49.737058337287,50.6754607145382,38.0850619120407,35.2269983137266,35.3804507576835,38.8481979082224,36.5934670534291,32.3431641612213,33.0038891976682,34.6283651761492,33.0335216373674,35.1752731794949,34.1945684508531,35.8092310676367,34.6393643566062,34.8820533147151,38.1520446907516,36.3634256714909,36.8780226133022,39.2933664542339,37.2716992203627,37.2826650517246,35.3634474234721,37.7225885630088,38.4101281002424,38.8781222867912,35.9293913436585,36.1071922467578,37.313788190042,37.0272045955391,35.1825956685108,36.2651940779892,36.9578718534837,37.8758033103856,42.5806058647994,31.554770108828,21.989250841875,21.989250841875
3.1705395311875,50.1800162876315,48.0336711823571,49.3667760812887,51.6235319032236,39.0267432274463,36.1013711893432,36.3769574458993,40.4317881797953,38.0273011905404,33.6198282579283,34.2940825296167,35.377628688332,33.1254939972923,35.1817159186366,34.1562048055548,35.5187788864428,34.2356872250594,34.4123009724862,38.0103701018959,36.5329463708539,37.5577886853644,41.6810800758149,39.80816165677,40.3673989371423,39.0606852153217,41.953632739981,44.0635476220993,44.7859733618879,41.8105045888728,42.3668096037309,43.3353423679173,41.8216700416485,40.0162187699331,43.5735772611998,47.2186266387805,46.8324492597617,49.2104022096933,36.3928125083607,25.3007941197178,25.3007941197178
3.1705395311875,50.0466089620816,47.8541461098188,48.8299414999927,49.5485922537437,37.241341826881,34.4508695335467,34.6241224809772,38.1858682335191,36.0099097752958,31.8444896443745,32.651059117664,34.2201476117221,32.5672399836347,34.0320420459797,32.9458979141623,34.6558705423742,33.6233395651476,34.0024139309635,38.7596837321915,37.4172653592358,38.1378588004355,40.6969059358482,38.5116627650376,38.649739476129,36.6976251085791,39.7973631533722,41.1416985399894,42.2998530720723,39.8656577030561,40.461182782113,41.8830818349148,41.3100583538175,39.7347530114485,44.0353381862582,49.0323680414525,49.5294196612128,53.5428355355418,39.9771750582244,28.0774628910927,28.0774628910927
3.1705395311875,50.5801789536637,48.5721426693074,49.7813114258264,50.9292951950116,38.3075784069631,35.4300266365674,35.650421362136,39.4420472611626,37.1199079169768,32.7974592992955,33.7713465766749,35.4509248842476,33.5239761122129,35.9895508887324,35.0471636983539,36.2892075531475,34.9244723192607,35.2691058256213,40.9672886578026,39.4969835884288,40.2025156934793,43.1848707462702,41.0159431050955,41.3451688051986,39.5746089737667,41.2181744375864,42.4769751909567,42.9724126252376,39.8621940918414,40.5180947565502,42.2049495289797,41.6785900259057,39.9319297257584,42.2146250154204,44.4258917615203,43.5715875463097,44.4248604341025,33.0348568579159,23.1110213633555,23.1110213633555
3.1705395311875,50.0466226487031,47.8541700468877,48.962853226818,50.3181453324275,37.9171683265036,35.0771934360219,35.2339760589932,38.3743367618883,35.979478260132,31.8190214432107,32.1779249600813,32.6526938121571,30.2934218116112,32.5534546774554,31.7362187668648,32.5100665617868,31.1684378270434,31.465250154664,35.6992677704371,34.6114098198788,36.0164226314854,40.5869808522981,38.5801778933564,38.9795017426472,37.160824288897,38.797661127013,40.0770360813576,40.8048207266614,38.2959960157555,39.1053386937494,41.6866545900338,43.7838123038072,42.3688882281563,46.0906673010527,50.076057553391,49.6076445363259,51.5343333113208,38.3483762522799,26.8316356703045,26.8316356703045
3.1705395311875,50.5801789541318,48.5721426701261,49.9141723367012,51.6976907867469,38.9822278314606,36.0540783666958,36.1886568612639,38.8846764111928,36.2139486818676,31.9965987369419,32.0769910911728,32.4980211825172,30.2127403074046,32.3919094673566,31.5367447259424,32.4204621527602,31.1167062987545,31.2594299529382,33.3567444799557,31.8970253005767,32.8296765409161,36.0767023788281,34.2060051187731,34.5055808139263,32.9708701525332,34.5185430447402,35.8215200279465,36.2645077462815,33.7816813745713,34.5166540269066,36.1487167996881,36.1698439025358,35.1953459758584,38.4153421826339,42.1184233292835,42.4341733708167,45.3322032049005,33.928091207357,23.8698157055466,23.8698157055466
