0,2797.74721929518,942.720794417855,886.172881152958,895.663616259938,647.476309085377,637.424614041825,611.890394740031,625.938586414294,632.998721361791,515.143277814681,509.226424698711,535.532124557592,526.469961183159,527.699398400039,596.466252925864,588.865799405315,642.419143633784,632.32162194322,752.615973253548,673.899447828869,672.16169576754,740.648825033983,714.299199628971,711.545543944002,750.029955235047,896.072697591045,788.471576622075,741.877786363887,764.593972689337,747.970336380556,797.328675309192,841.851246075346,716.479080712651,708.455978494089,945.326460831914,599.296713567186,950.235083266187,532.396685729231,401.02086406053,401.02086406053
0,1905,1778.47603648808,1772.10397771442,1815.43798917762,1370.9268850067,1263.55177558562,1259.35447020994,1315.58538916055,1326.38561969162,1162.0086209781,1146.556037236,1168.11750843016,1077.60101579262,982.121795357494,939.854792373933,910.270143663182,909.686850351478,875.336958042978,966.023171164743,922.342721676523,881.4338929114,981.06375284988,918.239200158961,869.230742240106,915.441418208551,1032.1268276002,988.127386178744,989.212182555098,975.959065049079,1008.8343950555,1085.05652224188,1169.2638471135,1130.93899007136,1115.79490988465,1389.98736709574,1498.53575871646,1725.32195530436,1434.9467601606,1000.07762085687,1000.07762085687
0,1905,1794.04446750027,1794.04402496041,1851.38436184762,1423.91041089003,1315.25743461836,1315.09985880398,1371.06432338921,1425.7611217658,1259.96478813339,1259.35230039659,1326.25568637342,1298.84701139574,1307.03934134113,1310.25777691107,1303.37170858758,1327.05974064981,1330.31452469768,1466.15024582028,1402.21211980363,1385.85096846933,1485.29958700981,1449.70334683965,1460.68637466592,1475.6920644129,1626.93002237858,1550.13969351988,1510.24750043577,1389.39081536851,1330.26997354015,1397.01394984029,1463.16099245903,1338.12641988056,1298.78289926321,1447.54040092819,1407.9372808842,1556.09995424367,1197.67236453794,829.375944688879,829.375944688879
0,1905,1790.86555674717,1794.04499996665,1844.02080638191,1431.57791726058,1327.85889629881,1327.84539835257,1371.89768633375,1426.84152299132,1261.28613780747,1261.21821335885,1309.06737333785,1259.36338859544,1258.7636420757,1281.1950558692,1280.73923797573,1281.88377550486,1292.74026030599,1370.98373954738,1403.47801386204,1420.98731429939,1652.02819662943,1485.95336691092,1473.38305941461,1516.10002671184,1612.43885388736,1580.22472382719,1602.63793720719,1530.97593426306,1520.59421705513,1623.26927895722,1649.37395234348,1639.62899712945,1632.84697169414,1631.43095637227,1759.12078262849,1860.82326792394,1454.53081228504,1015.59103539537,1015.59103539537
0,1905,1776.73037950957,1783.08948702347,1828.43141481407,1401.79448597095,1291.20107902457,1291.29181762946,1348.2563361406,1371.32705696691,1223.2099600536,1223.57613830082,1272.30887029575,1214.60491470001,1228.88056799615,1258.89344141227,1261.09500018168,1262.93882857782,1247.41812611357,1403.29650681014,1283.80514741056,1261.36579345466,1465.12583151479,1489.09806883539,1505.13926578072,1545.88497519355,1662.42093650766,1601.09410411754,1592.48422455781,1523.09599539015,1540.90571579954,1653.97799059128,1679.75546773752,1618.18468705004,1627.7700824231,1632.40247083003,1531.12089926324,1780.71036460358,1255.63939890239,875.627978519548,875.627978519548
0,1905,1761.17753196671,1761.17797406361,1799.15484041516,1405.01824863354,1305.13955446106,1305.22736487965,1340.43191052797,1369.50111488704,1221.54687162825,1221.80764157461,1259.62688843078,1196.12278582559,1202.45512989152,1235.69801814874,1227.39933701443,1249.70179118778,1263.49754076101,1375.7159948679,1444.56967328812,1440.76484829881,1581.26792981841,1539.66658455974,1556.6543097469,1602.58467561975,1659.17935799637,1633.10411581242,1644.492007315,1562.24395731065,1549.92668866313,1599.7679272533,1683.08513675337,1586.06822866348,1567.9685704085,1614.57643116144,1631.8637575938,1950.3205988289,1489.98925688569,1044.61371990046,1044.61371990046
0,1905,1757.99755678358,1761.17700003332,1804.54259146761,1380.27602583989,1267.63332614092,1267.67356628062,1317.57722201879,1290.1813045577,1140.64485266635,1140.84758517241,1160.00095230999,1106.61407540474,1096.63823333479,1159.9776914599,1170.61943506576,1176.77475982359,1177.97156565721,1239.71890687976,1353.38109637615,1347.04703445201,1545.14634411369,1406.29646605674,1395.70825718542,1431.76327405619,1544.04825647086,1468.43414281058,1451.86293579808,1377.86185500433,1398.21210675274,1470.00117488805,1491.81999959623,1434.47120290238,1446.90195735548,1641.14503746866,1521.57878483903,1797.91119994485,1440.27858835609,1012.76009094426,1012.76009094426
0,1905,1775.65681185575,1750.22148702348,1804.22201696415,1409.37533187131,1318.28071188529,1318.27773946126,1342.45706179068,1357.16776719797,1199.68720237877,1199.58152705287,1221.86132880021,1152.11700386899,1156.06285646999,1180.58499964659,1175.01985926594,1164.07927038506,1170.71831996468,1337.36437632681,1297.86758731548,1303.59495551055,1423.28224442347,1460.78923146648,1452.41100606002,1500.25053449976,1538.78605637985,1508.79840436683,1530.19130202169,1448.30412036757,1438.27587215768,1514.96502520955,1616.78984462518,1547.24671682,1547.13393942033,1723.78116656119,1815.05967702888,2099.75547626264,1563.11581645524,1091.00909823471,1091.00909823471
0,1905,1821.96965600555,1837.86510382886,1878.49527292163,1420.6145730805,1312.15327449185,1311.74871037578,1339.44348219638,1329.94650203469,1164.02385689877,1162.71250032449,1201.7501116238,1119.80212468155,1127.88158674001,1169.88832383354,1167.4554975773,1150.97824856543,1146.68129887325,1229.9753196222,1359.17213595507,1393.51171575679,1499.11464687761,1451.74315519186,1444.97018586369,1489.10833255439,1609.71987848587,1507.39154926325,1496.03489670423,1418.9256934025,1424.4960966013,1474.02509649745,1537.82393223253,1495.01220872739,1489.26403045472,1547.68719053232,1598.13226403634,1847.1774242667,1486.59572821389,1042.6542758759,1042.6542758759
0,1905,1786.26977305588,1783.09143498411,1823.11827809245,1372.95849233928,1266.40104173819,1266.70717449415,1301.86279544793,1308.45392095371,1168.13713967923,1169.22489398521,1213.93539548754,1140.73501848761,1139.59556528221,1190.11211734246,1200.22721386923,1181.7868712793,1196.64379285772,1383.7710854742,1233.54360262736,1214.80391097377,1414.84220722864,1292.77248531837,1297.76513202772,1339.43914490056,1359.52158732025,1377.60444527259,1385.91135342998,1307.65548513741,1311.97217515357,1371.44875852976,1385.83448414408,1389.6551180941,1412.2902136377,1544.73347366823,1478.56098720584,1693.55670520018,1321.19067376251,927.223407014546,927.223407014546
0,1905,1781.3269611282,1794.04451305981,1828.67839181144,1408.47836437776,1302.82328315846,1302.7327494682,1338.67734224115,1326.7454103678,1172.60265502046,1172.23761105276,1207.50805295868,1120.27053366242,1129.90066912797,1140.96040141701,1141.85475973259,1119.83099674099,1089.76912151821,1254.37323578079,1292.55891625099,1294.92610656878,1490.19241704487,1480.28601985151,1490.86646778888,1542.16609534842,1602.29683161461,1494.63029849971,1509.37721564491,1416.61396883606,1432.02198657156,1478.22850653475,1501.62284026529,1419.22066910609,1399.0057515735,1531.1039072517,1541.17508851598,1774.03325869381,1320.34275053247,919.02583762687,919.02583762687
0,1905,1769.29872331384,1750.22294807724,1787.59065922099,1353.87865565763,1256.04517899411,1256.30097065111,1267.60819718762,1285.93667966426,1137.40012062346,1138.32521506701,1160.1594996203,1095.66945796565,1088.15867726896,1106.30344734222,1106.51446366412,1144.49090185513,1157.70704758801,1288.06070625975,1341.06050429435,1327.77840443622,1522.06868618185,1455.43702709005,1448.62413714016,1473.28346607123,1580.15599747114,1509.72430461029,1480.13381011824,1397.41008684223,1365.47775991089,1397.59610606044,1472.74195279125,1351.51359347965,1350.22538191145,1475.65074893742,1482.92152151663,1819.71319677632,1355.13536086492,951.5323286431,951.5323286431
0,1432.07813292744,1793.69930152122,1815.95407792578,1843.90251125561,1408.71551898876,1301.15818195217,1300.80136497693,1336.40273393609,1297.27867522162,1145.9293931593,1144.67712550985,1168.87670590501,1076.72532461885,1065.44318617575,1076.73699406822,1076.9571578024,1072.07027427125,1086.21393719958,1245.29567103661,1250.19423720533,1278.97063001858,1425.45046230524,1432.72632936478,1443.24047606234,1466.07192488775,1510.43842633987,1493.13869366475,1505.93124053828,1449.54473223947,1459.92838322881,1498.76765751917,1540.54747111596,1545.48625726751,1547.25864876123,1589.88750667023,1648.30632417729,1848.07956455295,1532.74435908902,1070.90521677104,1070.90521677104
0,1400,1284.57696770851,1278.23310785568,1296.95192889649,987.933970542352,914.61943013806,918.171102300524,957.350613738126,996.012161474638,888.805006093302,900.666450904444,976.502951968307,951.187579466231,1003.03528948948,1087.2137862337,1098.90566401567,1092.44822305165,1104.51499572655,1321.44274863792,1260.37457816742,1241.93649187683,1391.67850402588,1289.50428399407,1299.0013491958,1325.16581046248,1394.53015117983,1301.64758323178,1305.67511856353,1252.38310905344,1252.70317836116,1305.62374807239,1290.81125234425,1278.84527917501,1294.53211313093,1339.49267637005,1348.14281215815,1505.86780127517,1179.68128274766,831.472071511111,831.472071511111
0,1400,1300.11146866081,1300.11102708543,1330.79276413451,1014.95305448044,935.152347898755,935.026953174535,961.011417176857,995.722276918722,879.910252572872,879.460584802517,905.431545794295,885.644858880172,871.710134016847,928.176215217967,932.741575604275,928.880620587686,908.295766990456,1026.54198749764,1162.48237968921,1171.14166521028,1311.75971181246,1287.76472444239,1273.8265681156,1327.45394311473,1343.60231085394,1398.95612697344,1373.05128988893,1353.05636063021,1348.58742687846,1400.45256131356,1463.29361811123,1348.63674163742,1342.20263405185,1362.47311139115,1361.85827868247,1528.09051754168,1146.99643429983,799.49898285582,799.49898285582
0,1400,1325.54754585877,1300.11199996672,1356.16038702716,1034.12056145793,960.208146424254,960.181275791116,984.164574931134,1007.82746318562,890.83632357339,890.701085294862,900.997665108145,857.012136244496,861.758728751748,900.529965919934,899.393092407781,919.625178506036,940.497300187349,1031.62273783172,1076.82922412521,1083.33836687101,1170.03951131689,1186.77265663483,1188.68893000748,1214.62590120966,1252.07816134276,1218.36172003249,1249.67710929488,1218.89011525143,1251.23003554263,1287.87623325773,1325.69449289683,1317.70725571808,1327.6406283852,1353.36324740144,1366.90714851197,1671.28938580658,1204.24896875948,845.97176594495,845.97176594495
0,1400,1362.3223262926,1387.75610381221,1443.04487503698,1118.43526676991,1028.96917045711,1028.48423481513,1072.06837605581,1068.03399626991,942.960325867502,941.244259390842,967.381125402559,920.993357965266,907.433779568141,935.388805444365,931.062953307003,909.446390740595,895.43109888353,1000.2410494891,984.787152240042,997.892800539592,1122.94124801239,1035.4315129688,1049.83144571465,1069.19144051802,1083.99399128704,1071.21861188856,1042.04050970265,1019.62965404286,1000.621262567,1048.99842462168,1052.9462378036,1051.78179688364,1066.70400547966,1145.49436711003,1138.3501505624,1455.19375192466,1164.40679668558,820.156132152034,820.156132152034
0,1400,1300.11412775768,1300.11589605453,1332.09594188898,1045.96091453347,973.094526151327,973.565716131191,1016.88201568817,1042.8651861958,923.031978555534,924.678725002855,974.282619178939,927.808369541337,940.68184712585,979.80727836351,990.808261245217,995.278020482198,999.707679335953,1091.31412166961,1075.92784966946,1061.77846101021,1176.12352899701,1146.18979089212,1134.73944515728,1162.69179544746,1231.6236792132,1131.25380089386,1164.99831130454,1143.48824829757,1144.39401752897,1180.07187505257,1149.73894148367,1122.09618245791,1116.46568915141,1195.98032719433,1189.54014759946,1488.39193311638,1130.78843935333,789.159817588171,789.159817588171
0,1400,1300.11200007277,1300.11200013326,1330.79479597738,1015.0551938839,935.282175938189,935.322681146526,967.408533523856,1001.86633146184,885.775210349532,885.979173176066,925.238854875088,892.45685554643,906.257253842853,942.212360948844,918.261908627018,945.48931707022,922.888798655836,1096.88785557748,1029.66642782089,1022.77970915074,1253.7005435066,1104.4491855926,1098.75703170737,1136.85407382917,1200.13270841259,1174.76409251595,1178.73149401227,1134.87566862421,1164.03330629828,1211.6768086757,1248.77489462044,1123.05246987983,1124.23857701702,1181.25418088136,1203.53508455621,1525.85144207376,1161.09423274131,811.610173747975,811.610173747975
0,1400,1300.112,1300.112,1342.7947956988,1042.01693584179,960.208227405105,960.181467792465,1000.1041585837,1001.10593427399,895.610733950981,895.476070996316,907.176906916676,875.089523380489,844.083635074583,937.862643871266,962.888218214891,1010.51440233747,1035.20832558033,1116.15145984319,1226.03832362241,1242.91710550056,1392.90695795538,1501.39401191998,1472.38147563655,1509.1803235458,1580.54266496971,1511.63432728336,1498.44324960024,1419.17485248988,1371.7965907676,1398.86723442782,1462.41681531585,1371.09282593316,1337.84004480962,1347.09711865477,1301.41602374164,1529.90015732583,1230.00863646388,854.301072288138,854.301072288138
0,1400,1303.29144323462,1300.112,1344.77060215041,1061.12060204734,985.183198326576,985.156398688018,1022.17008057995,1028.09017134013,898.03287980731,897.897985451885,914.896698927951,890.79432414244,901.499114210609,901.364870545727,902.762266165039,902.319452915929,897.490590619121,968.82233460063,963.517230432119,953.460127395245,1034.6357671042,1090.43236504466,1114.22783643517,1143.78272595392,1236.48230851837,1218.3999620375,1194.38527779247,1180.23679776454,1209.49696205767,1253.08680260247,1386.89326201621,1339.0578258277,1375.59334126819,1395.58744658578,1464.79606267796,1631.11867208111,1301.7539435679,916.153927809572,916.153927809572
0,1400,1307.88829078657,1311.06751297653,1363.09117658404,1058.67226153632,971.959302516587,971.922107364776,1037.71781970416,1004.93923679435,909.722833676404,909.626189008524,944.08987514238,890.962630232511,902.980882426176,907.946010582607,897.885333581627,915.503327577425,908.471201580177,996.992037727568,989.046585732778,997.853869637078,1082.60881019322,1060.04378602638,1066.91902134243,1090.39493214056,1140.54538733108,1142.80625867218,1172.4611995798,1124.30040636361,1144.541217107,1182.74672737282,1174.30264009988,1244.72153401349,1243.33916176759,1326.01233558976,1231.00500127315,1333.71908314579,1066.91993904089,749.169115333826,749.169115333826
0,1400,1303.29170920433,1300.11248700682,1343.40602768212,1080.24932429498,1010.18980007723,1010.20016727648,1042.44845791656,1035.06550112147,914.990101254348,914.951647633806,952.187266142908,913.534883872465,906.226701422414,944.295731104481,939.859082006764,948.435463225549,964.490794861862,1053.32091488186,1042.76393216549,1032.10553171152,1067.98873489945,1093.5998081787,1100.95588718918,1116.44385375054,1149.50134569162,1145.06210844866,1132.84810538316,1065.8489056038,1053.56580935677,1090.27404516389,1127.47835735117,1008.73849286338,1006.56620013807,1149.27052107609,1188.82496388037,1225.76491636776,983.072508299219,690.009229302425,690.009229302425
0,1400,1301.52940432644,1311.06751299318,1344.40838092016,1031.7027444851,947.023303431047,947.039703984036,990.929404942976,947.205217416797,826.704201680113,826.877557348438,851.345893263446,811.023966949317,819.660894198872,869.833859973288,886.87563777665,879.766500956453,878.646449833012,939.582753387479,1004.09027123326,1012.10565016126,1101.59143234651,1007.77887986014,1011.01068575388,1033.64854931418,1084.83238647958,1024.40384223869,1035.8572582185,1008.38523580965,990.127595349218,1035.17528748249,1070.69656843796,1057.92760959449,1062.54593793543,1175.58153818779,1183.18013535187,1316.67928405393,930.025392261686,653.56753640485,653.56753640485
0,984.20334855403,1287.73912763118,1278.20146105377,1307.52025515947,1029.86996787749,961.790575254036,961.928900186603,980.194318588506,988.795221016294,885.119275993641,885.543557261327,904.942185064689,854.161174051373,860.889262581278,862.629602359716,853.605268802172,850.054682627962,846.830911052018,931.578113031905,894.865876373118,909.904585276237,1002.08940508576,967.551768696507,982.144028688425,1006.63238500012,1033.98782852194,1048.51135989314,1043.18102913363,1017.38565377735,1055.07500114468,1086.82069517246,1118.24741128859,1108.79338025282,1113.88233086089,1182.91761864501,1217.34694081624,1322.06301833192,1065.1176040716,743.095505393149,743.095505393149
0,956,905.709462352927,905.720650392106,929.747472987092,707.95636270582,655.435031999155,658.051198038451,676.603522172632,695.507869312755,599.518881931452,608.227935010452,641.035496822748,629.045164127825,645.21197402445,734.022168436398,752.436906079084,775.821390316705,801.234633981565,849.848882117507,877.950477535028,884.299083865074,993.325577086734,932.562391954,929.25802145271,948.662878869268,1016.28259643307,939.806240387774,970.377328136314,903.887261564043,911.443352597539,914.210139820643,908.48809126014,884.940660032619,887.15602752845,890.46046577657,960.644057596793,1240.85920658851,822.678042053881,579.267446300302,579.267446300302
0,956,902.51655722583,905.696000843109,926.354603911053,706.27306750193,653.302965059794,653.304832689101,666.336331215716,714.206863058655,642.080551865523,642.09001662322,660.812563160321,651.046757466374,657.051186473516,682.669624910751,695.39227230344,683.402333066982,667.762046211657,719.406271968783,686.79042258868,679.870140195598,746.584717610775,753.945170241693,754.777786838489,760.657704168459,797.074998839486,791.992979141896,799.009402183629,761.095198366081,766.978652148953,801.818816954232,803.832472333328,775.396138567995,795.023580183083,818.491571986489,781.311669469492,1029.27188969714,882.265504970739,619.063989900695,619.063989900695
0,956,891.560822744205,894.740487023503,912.741016964539,695.569352256784,641.589476818331,641.653440859836,653.692334185209,667.956905230896,601.347892546722,601.579328223421,608.714172317384,592.49804368755,599.612142910058,597.126949301312,587.848439882196,616.809089160593,618.878177763875,657.802062064064,670.832086710288,686.189597416594,783.85846113352,711.333057015208,723.221018114611,735.671919020375,743.73634774089,720.617044939596,726.051764773093,700.844727987011,709.69153041922,738.819494785949,831.446660373389,736.155651873334,732.075199176375,749.616753814533,787.980326091637,891.243988505086,762.928361452583,536.090377695094,536.090377695094
0,956,890.143152457141,883.784487040132,901.785016999196,690.422526878224,642.304038238465,642.354653520143,654.385250181277,650.13094797825,574.832536146788,574.996759629156,585.877672060439,545.6468378897,552.137911646177,585.524708237318,585.929191538297,602.408925539223,614.242704791581,700.333104859144,631.80711184974,624.993063308748,748.310090067485,706.34337527237,693.068694407461,706.674361290506,719.64019202666,684.386663242362,684.733250621417,656.744464220063,650.696223520755,711.943219270314,702.811937000774,762.791063849908,768.009794355392,734.731501438078,764.677687308429,864.089528164563,641.834170674427,450.12073137399,450.12073137399
0,956,905.695468051483,905.69502596971,930.376761804882,696.654861940989,640.731414614454,640.630308763875,662.50851557624,648.167214765063,572.746681095868,572.418994010822,595.853920317263,564.65252361456,557.717725576333,578.86552745409,589.219574382789,581.399318425933,581.717431077102,606.076372734438,667.931832699859,672.84364398482,717.812800286324,766.122599416796,780.878209209387,792.444102060662,815.34642162384,783.366806878855,763.607654480312,730.794358398242,736.632551663109,805.786946960686,831.936431257295,771.900608896168,764.406797798344,740.981753127558,692.730704470986,834.162723000868,613.57735614852,426.847705025031,426.847705025031
0,956,902.516556747188,905.695999966686,939.037397779766,723.704880724062,665.76955691479,665.742700722164,719.543976857738,681.758433473687,602.591326850216,602.456085357457,647.349228862553,585.864491008617,596.527313555845,583.026609074305,576.283247792059,558.224696690354,563.3747770112,596.546675365274,579.502883639777,562.37950653009,606.311841389716,556.799597381399,541.287708694451,545.363856839978,600.074118015847,562.378949248084,574.156051896619,543.188549867504,562.086697117842,612.486310467492,661.610840142948,653.839512937203,672.677287281564,729.293273525848,728.01318554542,896.29651451708,698.129326396681,494.202136427441,494.202136427441
0,956,897.919709213425,894.740487023473,920.716823415958,726.183720334751,679.032474288642,679.069637513358,689.395259975411,726.33217051076,642.152736603595,642.249055671865,682.589373824324,669.236895420466,657.121184973134,664.961474820315,658.546149225813,627.563782069821,617.573911062425,668.174160137597,665.100086350385,673.793854255929,778.159906890333,691.020701255221,702.096071577214,722.143872371787,754.486579163021,724.537993264628,710.442375460359,659.983256846674,643.60050905187,676.413579904657,688.151729236026,663.883237619353,652.55244717218,671.933963033772,694.493509950034,750.081148474818,647.360097577237,449.893758815116,449.893758815116
0,956,905.69573403029,905.695512993183,940.40197231788,702.632597927547,640.80199990899,640.791632690779,670.604019367218,637.77583767638,563.801692190961,563.840341962565,569.30795719265,541.240063251155,542.710917705282,568.361717480189,584.302719873781,580.488820743393,589.49176304458,663.50357068198,644.657972376738,654.610890563182,732.144597267364,744.420927520921,749.702766719574,782.28037964964,830.811443538118,825.992236837392,838.173920161855,793.491998854338,790.040581493771,816.005639105753,825.091077999273,787.377445230274,781.484959453429,838.455544925723,755.549316646913,771.391140230793,590.064569184836,409.803585163623,409.803585163623
0,956,899.337113521667,905.695999983343,940.330408567038,756.285753883629,703.202865617712,703.135894001532,729.154946520622,738.208366196728,641.653003844053,641.315751041603,652.565014394395,621.547759474906,618.404948570255,587.392276205584,578.329372662611,554.518407464676,545.553639271477,597.782688490273,596.371358612848,585.716664887092,623.563615012456,593.944054334369,592.898400707041,600.771239889633,642.0384118675,623.206354936636,636.469925102345,607.912497834478,624.139689588211,654.254541787135,670.098335688657,656.922859315147,668.237736242361,704.250087608429,818.048669058443,858.296606198075,654.337670969342,462.563174915666,462.563174915666
0,956,893.322861661469,883.784974046948,914.468829628014,705.959680690696,654.871813162975,655.026482870715,684.09055155133,703.177997758942,622.00825326669,622.60555699689,646.367108481072,596.312113635934,611.649849866925,618.543077833587,615.873269552032,614.060824475854,612.482845737483,651.072006940629,664.107538271906,668.228414753895,703.370111682101,656.496808540965,654.500057641236,660.191699964614,719.122685909553,658.191053050176,634.568940703175,595.211958279585,581.469547638391,600.861063840216,633.80783688233,578.260415593631,573.217668533659,609.544955062577,534.90650335804,608.372853640109,457.008201212442,321.093137214319,321.093137214319
0,956,907.112872377919,916.650538962893,939.283357778345,730.401776890503,677.408843175066,677.230450618789,697.182838326721,727.623349539063,642.786595913686,642.160476615932,671.714940259,633.617530860647,618.99820103175,625.144705924746,631.464590432325,622.938147835672,629.027279472728,680.865584831179,651.797563239912,645.895597014653,667.937538880634,652.689856735472,637.036652505817,640.578437629594,720.282842586361,687.096504740515,706.317125160904,676.694456911562,671.383176470435,695.556390024445,751.802035674877,713.653775724027,715.870377422574,734.800789380536,796.125697905798,858.101237927383,659.326187842392,459.895011582274,459.895011582274
0,734.054490106543,883.784797909131,883.785461020451,899.128448638619,682.940444837029,629.938107039248,630.143263037855,653.237848287801,687.642154813996,597.675050997502,598.435917354393,623.882667672671,609.483767732759,601.501851844815,595.635780729069,595.937366878778,581.224497687704,584.097999984103,623.282160763159,645.821822258852,648.013142093592,680.505979382584,644.506968822678,660.405715869565,661.050001147034,688.718940770889,697.33130384488,698.392904044218,671.994115341644,680.095256633534,698.0908982583,754.967802685284,738.256789816539,736.576081058192,716.85188960811,701.106157237226,703.801294465292,590.622319090789,412.784074102576,412.784074102576
0,719,670.590055158547,667.416937898565,685.43210401166,531.013854761018,493.333262760483,494.783109989183,509.720383715828,592.999607645327,527.580617441084,532.35278190558,559.475030895659,565.98690144584,589.531495551719,615.798583048925,615.600778426559,610.584123162189,606.46123824133,643.627698196248,644.00731651355,641.001699400275,674.993799691249,628.623158922662,626.091529447893,623.687499647334,634.843302875327,612.164845150045,610.067410330779,576.616081335669,581.581772503108,601.503791910724,617.703479305238,621.847587193576,626.565723396826,619.608016078165,638.697238864862,705.652489779355,483.893866421687,340.933315023065,340.933315023065
0,719,678.358734281541,678.358513453239,699.699381880485,533.211264274542,491.383459446002,491.333926917267,518.212986682016,575.015241747282,508.20009767238,508.041537555184,530.368641351956,499.138779453393,510.667545658948,540.284040649412,545.920404517743,546.065304009125,554.895562587296,608.500318693007,607.157486405482,607.354320532435,632.998191866587,618.725770765823,615.330379009045,651.662936183888,634.73260500858,606.191961636578,610.98098451018,572.028627892649,580.624844530352,598.13572693627,630.438118966375,593.637300767364,592.118005569929,575.083527016333,573.470084398144,655.970931784642,517.100311986419,361.721353229391,361.721353229391
0,719,672.000113521676,678.358999983359,695.67620426626,544.761612943115,503.901785152348,503.888357668289,523.940689437592,602.606049268659,532.662175212043,532.594518067922,557.846564874401,527.868223006424,533.177411788604,538.982301559275,540.658953699269,524.995585352,519.812104814536,622.199278995754,577.222205485703,589.860117044376,647.152469162127,583.810077686455,583.251572603183,599.080931478901,676.885378064671,611.620729257676,613.345084175419,598.446341417682,572.668589533512,617.511748016915,620.314681044608,600.362950189817,601.894671048766,647.080328337504,584.651557187893,741.091108016906,507.958216797823,355.145736390972,355.145736390972
0,719,659.626975192232,656.447974046948,665.107636079495,515.467637637028,480.487302453534,480.615220305779,483.784016586685,571.261025371754,505.310873315976,505.773573815815,513.340606625295,483.998590430657,480.267495346433,488.153243984979,487.164844574229,494.710167539504,489.335815389891,532.620919082536,572.583784574972,575.94085252186,649.902485204805,621.452631900938,631.62747967351,642.299360157326,673.039442963215,661.873843986162,655.078310458827,645.366662457924,672.831572140265,702.913405632803,757.094150467909,724.340008278014,719.414349914464,758.123416246943,788.418694007729,831.805264702705,737.438855353233,514.247930417475,514.247930417475
0,719,676.941063743242,667.402513009841,690.108972352531,508.975415548191,467.141784921654,467.104694147294,477.021825991524,542.448005439564,479.449149709519,479.353143516111,479.22189250713,451.837702118348,452.004217805765,470.355766584122,468.655680477899,488.517513763305,493.947878090241,498.204025881167,513.556246031084,511.449277726997,531.022270599662,549.885700139536,551.073863221369,555.978641000074,611.705159185569,582.249005250452,582.4193328217,551.930569910714,547.268663201186,560.021559615825,604.755593913735,576.767667964041,585.27160920905,668.525866624624,629.76075306705,640.563382582102,496.839083989666,350.349417845706,350.349417845706
0,719,697.090758819864,700.269538912921,732.926551222188,570.067178894036,527.265192461991,527.046491755153,538.913149476211,606.668366892426,535.737633243132,534.908565725472,533.310076103863,494.033658694634,495.429200301859,510.266603631418,506.647136802764,507.560883843139,503.792757760141,534.533805280577,483.328670904312,485.189275568559,524.165324932399,466.450149393349,450.253159539204,449.439197089362,452.154931387,473.238035030478,482.63912831888,460.840927751966,467.667406129294,488.527059050807,522.014664376191,520.98279842168,529.370592701919,618.050702913508,666.664266673353,691.896417947289,524.436007284536,370.024379075646,370.024379075646
0,719,679.776936247661,689.315486973501,709.291823311742,557.526439054817,515.725773803336,515.789588116862,527.828388422595,609.46023888619,528.204563007198,528.435145843905,528.866012134065,498.919760035812,488.09188787927,511.094185178604,514.375906444873,515.280190030848,523.011647470987,542.794441349847,536.563039126605,531.572805659819,545.058913273233,581.830508809632,581.557627731635,581.197107924093,603.276513035747,580.945321917026,550.509644179647,516.051645373178,512.247800306037,541.27641619026,612.602497821048,533.981584689348,525.107243145252,648.785681686286,563.710068196712,671.889831884652,451.609419180526,313.811947722349,313.811947722349
0,719,669.16557088399,656.448461087078,688.498438024991,523.404252290403,480.538441484344,480.730374376488,507.756063681725,608.803371009721,527.940622455422,528.634846106048,535.231372141527,516.912135683062,514.226455711144,522.434512365826,532.033056562412,524.751059782016,518.107020154108,519.766924953377,524.47278929763,521.91326051951,533.750635428166,518.102769695983,516.066475242465,522.197173255113,536.944171001378,513.694017120306,542.126273513077,509.740216227794,512.186939923934,550.069659238418,628.553984924676,634.024015463406,639.380405819586,729.751041393907,821.241073115722,839.120402879313,734.442138447744,514.709268530708,514.709268530708
0,719,690.731606408209,700.269051956077,734.901340848452,595.052919195527,552.189209007481,551.906706287281,581.734571320352,706.138088369122,623.51127862711,622.451610174479,637.720221476559,600.891929491521,607.105587576439,571.205195895241,563.874594210058,551.897737092132,553.558718428717,583.10119909404,534.879849799718,523.242223721034,564.797780173276,517.752184046807,530.280848576196,532.242194248834,563.125259563093,544.034274480062,534.000758352114,497.94784890237,505.461959433989,535.240338662821,598.041017873889,588.207136536667,588.154502549065,590.577389254637,613.745410220516,629.497194269219,459.141711879546,320.910762550546,320.910762550546
0,719,673.76268436927,667.404461003794,691.406050754376,541.732422725889,504.798738647668,505.003826539879,525.189385459127,677.427971020031,588.645488424282,589.405961206698,614.851528927626,572.252468715759,582.124057098649,587.241679469347,576.912827903757,558.878700374682,564.81587409656,618.534356458657,608.190852861898,608.727976898769,622.312917259896,620.176930288324,619.521143206568,618.649431412682,630.716007478212,630.173527380406,618.588119881745,566.810469130749,561.778260863019,575.205806544647,602.824130475349,593.835624087545,584.110601971351,636.966479183059,553.380258154613,630.977347877174,446.028680487346,310.771663647287,310.771663647287
0,719,682.95558160044,689.314026003022,703.28877262713,541.946938102919,503.104671913024,503.00367029334,525.912280526938,694.511497679293,602.999455268185,602.672288868476,636.705382797148,593.368145785027,574.504540098592,621.833004913721,616.41395644821,591.26329140326,584.010403217394,588.606219521697,629.787792134004,638.9205152993,678.793675592958,611.8392191405,595.659508648264,594.530414964606,616.839262088717,587.315668739917,595.227117431291,545.262875513307,541.677994060963,551.949690144355,564.904477595949,542.528910832993,543.589858378247,626.351210169532,667.7820464305,731.324792370744,589.944612743255,414.451325967245,414.451325967245
0,861.344799594116,667.403531939421,667.403974013635,680.087829558387,509.088528533706,467.285225376764,467.426470662355,486.542873048101,699.103752289077,607.649165672138,608.178832902163,641.296852345725,638.801660099242,641.567683623149,708.589079288608,710.149422494584,697.145132085933,697.329703057551,730.073029464231,662.80103595782,652.4170690373,716.343195623279,700.159571225759,679.488708080178,681.648238273672,682.04818342294,655.475347927815,657.692210967151,597.57714223501,589.500256450964,590.987014606806,646.171922845312,587.147451083406,589.216231080497,626.982606009487,637.927291673585,718.978647823427,526.869927350693,366.955542252682,366.955542252682
0,871,812.533004595915,806.170060991177,834.18452782068,637.488215680722,587.638621208739,586.673575296867,614.028823435957,816.399452167907,719.427517280629,716.189697688763,727.693037501935,674.117030363574,679.050044704211,713.492886843044,714.241084552363,688.919741580319,683.625896776129,733.268436728436,698.000113869248,691.126219218467,762.59931043046,766.944436668868,782.989102929248,788.323541576601,854.317024573657,770.490527457557,773.051699021179,718.856727624245,714.851517357863,729.544235755899,712.494124896779,737.011341015037,727.102516745789,721.21126770178,719.204538741139,754.001090654037,612.638553925709,425.015190146773,425.015190146773
0,871,834.449354344649,828.090025647314,864.088965432557,671.031537430404,624.325682099932,624.183677399527,644.157819376211,875.319074129278,762.706425896739,762.172735526986,785.148927252642,733.178922516216,718.365216691713,732.440881171199,735.269274079711,707.539865042357,711.987260613051,747.830288142383,750.451491509973,752.160705889218,822.492425950093,801.822992641011,800.475437376456,807.399279894231,825.142639882386,815.265783862656,814.700288484983,775.690250656042,758.013203792862,765.522986422846,749.799232421571,715.338948199589,709.901004846306,700.66474153431,697.247711825603,752.546599841755,554.057185516847,387.657912774433,387.657912774433
0,871,840.464138320331,850.002025919726,879.318170302661,675.410958185417,622.906798685485,622.805559742839,645.71402254542,906.066029536455,779.297024739093,778.968631797684,802.401771753361,759.753820303254,758.752934379475,768.470505835786,757.739734033567,732.055831331792,717.24215475552,736.53712836275,730.572878572872,728.464618690404,812.584549896401,764.413267787823,777.674401656451,795.789018541235,821.647388263107,798.167330955467,767.142104377181,728.424495606137,750.961813508372,767.458182583197,763.266968047328,704.263011041542,708.939711043965,767.291862829029,708.682244507306,745.986508000302,599.950773770673,420.287648926191,420.287648926191
0,871,813.956354683609,817.136461037106,837.796652974341,648.964413395296,600.330911171921,600.509335520726,614.678322240935,929.000182231613,821.668667013232,822.294797018312,836.843668281742,814.798292314857,805.479351219604,851.988348069539,852.653246958181,859.720040830647,850.989778365792,867.728632434294,839.104408732913,827.314925567537,859.34350987475,856.051439720431,843.514417614277,862.588130107744,883.830670483824,861.102179407227,874.530154357847,807.916242940437,785.849267599793,811.226745889171,845.401344747171,780.568381829713,775.045161166896,806.072899128778,865.323392346642,861.83201524571,675.366151404868,472.220542954715,472.220542954715
0,871,809.358709240716,806.179487073445,827.521414918288,636.17459504395,588.475373293605,588.539460856109,605.548092239178,907.111342364461,802.044897303927,802.276930875627,808.00998842033,777.141818306668,784.236950072051,828.728043545309,832.254973806167,855.134427377249,859.973599396929,911.673720328728,866.72927957814,873.807481769639,919.933164412111,877.753139037705,856.12070049694,865.057556170639,950.455358555167,872.239511430677,872.440204078388,818.898120233514,821.048290406705,839.955739764276,883.181239895978,867.533258512837,863.365424871476,901.730941414275,838.745181437387,896.109958774395,640.460258943396,448.609228342862,448.609228342862
0,871,820.314177264909,817.134512993185,844.47538091977,648.811001435366,600.136337586956,600.072418958399,632.942537850799,1210.19856336279,815.360439492976,815.129296827413,842.592626344314,799.196919840287,792.125260318307,815.479741642173,822.533194202264,838.495797605348,834.085003164742,887.624214965379,869.150551372294,858.579729294511,898.838697247551,891.463789217347,921.932093668,930.276272619405,927.450454711062,947.004212395398,958.173849150666,894.456559182589,897.588891621965,941.008559256776,918.254588638707,894.904554631734,891.876841877553,972.425771037903,963.999037054499,1066.78118946216,792.807618441348,552.054651507681,552.054651507681
0,871,834.449620481332,828.090512959869,871.455574398589,665.476106448241,611.899497978457,611.835490866073,642.826909451008,1673.99128069838,1479.64971425534,1479.41668680888,1511.07459639622,1436.57342025439,1446.43282278052,1396.98246851978,1390.6410503775,1338.89381754946,1327.2637299376,1362.71579234481,1253.14109075658,1192.84711213252,1175.37580952809,1058.92019209063,1010.55184545322,978.605065267834,1008.26728572903,914.597688774113,871.461864889918,797.920387602373,788.12697917616,822.715896241831,859.074097438915,812.127184144123,811.506098682436,891.417894992185,909.53886729141,988.387934073236,802.1235380774,564.873437691016,564.873437691016
0,871,840.464138329434,850.002025936394,893.976772487738,713.906443653133,660.330356830192,660.175603027927,709.95978876047,1711.83405967447,1512.86214112337,1512.26440019576,1544.2930823959,1428.04571508988,1418.65727079251,1394.88070544922,1368.79284052083,1315.56215095257,1313.46839681287,1382.85613468549,1329.66551497002,1316.11144087995,1362.31285748753,1278.25305285752,1273.27155551441,1276.12461184453,1326.26062739721,1294.78905520217,1288.04525430932,1208.38853217708,1195.17631760452,1208.44715668627,1255.33412680203,1152.01236102717,1126.73032575138,1134.65203672995,1109.34466331834,1085.53639608998,858.602950236615,589.980167460607,589.980167460607
0,871,823.494684387463,817.136461037107,853.138050823871,672.023856469884,625.315633091318,625.507417455323,664.71504647198,1751.58319674901,1506.11435927915,1506.80779399137,1562.80526606348,1465.18605619555,1480.36366531314,1539.16035519263,1546.01802090237,1492.72523520763,1489.16994208761,1560.89083797488,1531.18903433107,1539.76703933439,1562.56165962962,1505.94244063965,1506.18542692534,1513.89997113133,1528.14684320536,1469.55299415704,1475.88122230907,1365.3200354299,1352.49348852731,1352.70725446376,1347.83135321696,1323.72433511986,1307.63137434613,1334.28334066583,1282.76161642859,1241.54937726545,951.548838999006,663.056807193141,663.056807193141
0,871,835.867024835058,839.046026003023,875.04496617552,676.194089141655,623.631241162396,623.530231627081,659.46917560217,1806.27284536106,1596.51231583172,1596.18495261849,1638.32088546088,1528.59418812336,1521.54597816146,1546.06617586941,1552.82869170855,1513.06907388139,1499.58945542332,1520.34202367605,1515.16476445244,1493.68692091199,1521.58667518525,1432.18802357863,1422.02852619196,1436.47190768649,1468.759508352,1407.68347166433,1419.5105556562,1325.7718162529,1327.11526113853,1379.94755475504,1367.3042211879,1286.80479181069,1293.05697307217,1349.67066013375,1368.10209529573,1395.17514230773,1026.16518013295,719.246721501229,719.246721501229
0,871,828.091265960614,828.091486990161,860.750619045388,673.126787999331,624.479434263595,624.529932907601,650.621134455935,1807.58373836457,1598.02042381835,1598.18398843341,1629.16733159919,1543.93519656982,1526.53778952838,1534.71790397546,1526.91753064356,1511.25728401435,1514.690619845,1549.02474221491,1504.2263750153,1524.20999536626,1560.34407592462,1488.05688296674,1496.13116706278,1516.75146578814,1544.43474407946,1457.14612384932,1458.09930302765,1374.72828102899,1363.77529149374,1412.51312284559,1479.54667926609,1406.10881537878,1399.8873321902,1403.74695510843,1420.98126751169,1528.75016298203,1124.94043385223,785.831774129563,785.831774129563
0,1279.30481988839,837.629329712951,828.091000016656,868.115193583234,661.575887386168,611.960402768935,611.973830832677,635.982176752162,1828.26176712765,1578.32490209185,1578.39254247514,1602.5432365926,1535.67929019117,1530.35864302889,1561.18279085609,1567.22163719714,1543.73381592747,1544.88429245145,1630.9905151273,1519.05874751593,1504.70180048678,1527.29122758928,1459.19280350041,1458.16219783256,1464.59909002268,1526.43348994489,1457.40271094255,1434.24329011483,1370.12536144012,1355.35786588008,1389.88658234863,1429.71391947189,1390.6744601466,1396.2622004254,1427.37525728279,1397.00865553898,1473.39237935037,1186.11725292879,831.32277616482,831.32277616482
0,1307,1252.65331227394,1258.99989799292,1303.62900989162,998.388306178816,921.049071172734,918.165582960455,950.360439550632,2161.04890937742,1903.61976402929,1894.0235445577,1906.25691328279,1804.33950407604,1761.37808242976,1705.0610283102,1690.97291829238,1619.21771448898,1615.17907469764,1746.36293583366,1643.18320185409,1630.07440408454,1668.33129854401,1537.22251578917,1538.99357295141,1558.14392659953,1601.47434642348,1520.39911498049,1517.85369473573,1445.73256693564,1459.49614602949,1531.43357222537,1511.31743351193,1456.85786686994,1446.91758762184,1453.10275291027,1480.43065460428,1583.85176333245,1167.17045317775,815.392222054832,815.392222054832
0,1307,1246.65386115523,1237.11597311999,1282.45842984275,982.459849354814,912.451984236394,912.564460514462,948.63264442628,2174.99204631486,1922.96123569279,1923.34590500714,1970.63344104894,1851.39231444221,1882.6156379829,1850.76869311452,1856.01222391043,1794.15734151103,1777.83432469145,1854.54794734215,1872.26828519183,1858.75433332501,1880.42746807432,1783.65166121856,1767.9007471085,1811.08475966862,1804.33588191946,1763.10308204919,1770.24896522727,1643.15261519175,1628.54208805628,1684.55162792965,1711.74741657383,1626.51786874726,1608.33049399852,1615.34829322485,1547.017090991,1650.9890965959,1277.49249273236,889.872348762992,889.872348762992
0,1307,1257.26442914328,1269.98153896286,1314.63855132673,1003.30394038439,922.541951230773,922.376925416032,978.155588954417,2322.67286839056,1929.43356818907,1928.87475122527,1993.1760771079,1873.79083978539,1847.87561542558,1812.46341686091,1796.07318435151,1758.81490836143,1769.74474145379,1874.83140309003,1819.81719765219,1821.65217876378,1840.85608307091,1751.17668360605,1745.7302171561,1792.17488660176,1833.35667609729,1752.93677770976,1737.1268455734,1613.64713578098,1628.01415904651,1692.39750321811,1673.25389942676,1622.37253158551,1623.17894433142,1665.05612230128,1678.25053794028,1825.1270949592,1368.16130551701,957.73416220318,957.73416220318
0,1307,1219.8011774187,1226.16094804393,1274.8458634523,995.153739751088,913.260389860196,913.475949301895,978.576138386777,2549.39880574175,2254.17593415321,2254.89774225057,2312.27474706705,2221.30384479355,2211.45177114349,2202.46748982342,2206.8196243113,2116.51740253137,2095.84614054401,2144.74926161166,2108.12350061333,2069.40452075131,2159.45190955976,1924.34260888973,1907.46208191303,1928.76001125153,1962.95461719906,1841.10660976269,1821.19358372387,1679.7641284502,1641.85249256037,1669.54856980779,1666.51375865545,1620.12856317138,1616.04559337343,1659.16040032913,1644.21058395217,1697.85432902368,1393.8616259082,975.430513640222,975.430513640222
0,1307,1210.60641846324,1204.24797411358,1251.5662383689,1007.83910725702,939.572189775719,939.646701082036,990.782303549896,2577.95268476619,2279.0610031623,2279.25481409734,2320.82070435449,2188.97917314261,2218.52733932781,2171.96429861057,2183.74626940473,2112.18032843111,2121.13607183275,2206.91173737964,2126.50513502428,2130.94182114739,2207.59879564752,2194.21064857008,2149.79562511482,2207.20632211872,2226.72138617071,2171.31093507192,2173.08826863656,2034.03953600101,2042.36081984009,2066.99651344432,1990.40375322097,1900.11615601843,1880.56222743803,1819.51464240197,1860.35982286118,1888.30221018669,1402.88321003181,971.316017095513,971.316017095513
0,1307,1229.3379112952,1226.15802598637,1278.18115968926,991.017357028435,913.022125937052,912.947824179705,965.873029167151,2586.81186274404,2242.86067099216,2242.6679755031,2285.10493898018,2140.11518505901,2140.40624907808,2074.17945816109,2060.09347710516,1986.40929544068,1982.17313259804,2057.67178907664,2018.88882343277,2034.66003648874,2051.58328899078,2068.33516555367,2088.22179109543,2161.41595503619,2181.44640445706,2099.73197040565,2108.12265198113,1965.99279502677,1985.37580357195,2028.21587719719,2000.3108226407,1908.45403925484,1912.41352021812,1846.19035618191,1810.31135552029,1845.75173242268,1446.31795784937,1012.56050402835,1012.56050402835
0,1307,1227.57640429914,1237.11451294321,1277.06559586905,1020.85847709335,949.752898747822,949.66209558351,988.697536986655,2700.33219141264,2386.85245263025,2386.48572465437,2421.75021183231,2272.24342740759,2257.81636720232,2226.4921117264,2225.61294882268,2137.88239085844,2138.54107102774,2173.20800973957,2105.86864584693,2082.24486132462,2101.56196959405,1985.10082117808,2007.43455669203,2039.92900528597,2102.07215864669,2014.00306016301,1996.76877790217,1877.37765413199,1832.14755554824,1871.97280674412,1845.28066865584,1777.70218818019,1786.00036175278,1778.27950318053,1782.8389115368,1847.85078035558,1404.63469337953,988.195954334245,988.195954334245
0,1307,1213.78612763118,1204.24846105376,1231.59144870831,944.380731779141,877.253850531121,877.48585467915,938.475772149941,2620.10117417041,2316.76781568672,2317.66386139276,2392.50118564523,2224.04678505518,2229.23085752735,2210.55789847967,2212.2673101443,2130.68018333087,2131.63696186636,2236.15962468924,2119.04265350897,2121.99327325045,2172.63697843993,2054.98696009124,2039.73400749337,2071.20496064947,2087.39235790028,2007.36675244282,2025.40803658902,1918.65050873019,1947.68279014993,1994.59072743756,2020.91185237392,1893.81445984992,1890.09298891055,1920.72790737537,1866.29528671266,1911.66329112048,1482.6638280222,1036.55969231232,1036.55969231232
0,1307,1240.29364532549,1237.11353897955,1293.84313200674,973.049295477392,887.252332544787,887.087384020482,962.926772921773,2684.30679525217,2346.29784188939,2345.73932817571,2438.249446237,2303.90359812295,2319.65852077987,2289.63552911835,2290.96824474638,2202.23421924101,2200.35856740911,2290.62936515357,2231.75759552806,2230.56926858962,2280.75667687591,2217.62537367842,2174.36599211453,2196.91042275452,2280.9519821943,2121.08703725921,2115.06901971131,1967.79058891264,1955.90824769718,2008.11196078557,2045.08327355256,1958.79285662777,1949.76568451509,2106.9896628284,1998.20868861342,1978.57732458362,1557.94710106722,1088.81025300655,1088.81025300655
0,1307,1241.71184752467,1248.07051292656,1309.3629936834,1060.53735938625,986.442354661991,986.284532112812,1044.30865766394,2829.4540155997,2500.78874534019,2500.08470767814,2553.30107702537,2398.13694500405,2368.76314724186,2319.66109360667,2310.7935827172,2217.46251658944,2201.78082647416,2319.52501559239,2192.68248536967,2184.85611357451,2221.96165286632,2172.89897908187,2225.67380871722,2282.79186602709,2358.60338841276,2242.85014633962,2237.84147856025,2102.67533168188,2104.42540839981,2174.92802936803,2259.75208169681,2128.30776771234,2126.57826180392,2318.61512196133,2333.47505718925,2450.06887394614,1744.40291067804,1216.52793142401,1216.52793142401
0,1307,1229.33897518313,1226.15997403029,1274.16103389437,998.74851304823,925.704170555582,925.872171903928,960.096219923329,2754.44152038958,2435.36648938949,2436.03099353115,2469.44988686228,2360.14146601132,2358.26954291767,2333.10632152875,2344.6093552829,2285.6262433906,2289.75282417688,2418.18006661714,2361.63244351443,2338.96367949182,2389.07345388439,2256.21128696847,2239.49410561047,2325.0159112206,2403.4712644918,2333.41187622316,2307.37249814501,2153.41356452,2143.39592499204,2236.89722108978,2259.50826607038,2205.61953282748,2195.92425675959,2348.80364556661,2360.44620492443,2519.75376712203,1966.54100589203,1378.0223514799,1378.0223514799
0,1598.24495180112,1256.1913934471,1237.11451300984,1295.13817665354,993.881423568664,924.807257196135,924.756798414568,969.635282992189,2647.66813981128,2414.27892807008,2414.11565250537,2457.62623571699,2284.94370542392,2308.34967947072,2263.80611911528,2251.13745876492,2191.8177326555,2193.3759476736,2320.49885248923,2309.69649746791,2334.61745124121,2405.12841767223,2318.91267792819,2300.32987299169,2360.67623905715,2488.84733736171,2394.68659200997,2430.18296163051,2275.12641770052,2282.33038349836,2464.91420331654,2402.14552105163,2342.63627645321,2334.43505418065,2337.75765499695,2446.56141361574,2514.76519966108,1980.37364181328,1381.95905308593,1381.95905308593
0,1618,1586.78241551108,1586.77278809181,1656.09110482465,1249.11303783674,1153.10587687661,1150.84230774712,1182.56380645845,2734.37780108669,2411.89114965706,2404.3556216773,2453.7724334782,2332.73569602352,2268.49491812354,2234.88493469959,2223.21124210822,2167.57509492927,2151.1811209879,2327.02005421882,2238.10377787047,2241.33131090901,2321.05040673477,2294.13591438388,2293.53214078951,2366.98755587132,2455.52770783802,2324.08295041129,2314.80698905989,2171.47320873467,2157.77750605339,2305.25996555686,2341.41684021974,2268.32235960778,2274.72173489006,2240.17234911397,2211.62013383444,2296.7259726991,1759.05292220751,1233.60930289721,1233.60930289721
0,1618,1574.07622666531,1586.7939992745,1645.42840708714,1262.08696047995,1167.42741238117,1167.4124059514,1202.37274114086,2739.22644741021,2421.42971162607,2421.35405484474,2462.4839034798,2329.96862091605,2359.07254504835,2364.67922901629,2353.41113809044,2312.33088712384,2329.16698707697,2524.80213596779,2474.38408227854,2460.20740337424,2529.42722876622,2458.15201134867,2475.58922455023,2529.19583415364,2701.64030913016,2541.55216507275,2539.75438099808,2414.28227426604,2354.33627416308,2487.30221717199,2461.90784975228,2287.07650399659,2270.21989778518,2324.34207209203,2237.54510246609,2366.45742418611,1781.15027106981,1244.18385711762,1244.18385711762
0,1618,1549.32995038445,1542.97194809387,1597.65686355679,1211.38859033968,1120.58983502332,1120.84567777054,1171.91022673479,2691.38829418847,2390.50926598154,2391.43460501655,2457.06060052589,2303.73084217297,2296.21301549744,2338.514921693,2351.71759710099,2292.69842937532,2280.38795089195,2446.62635335277,2452.80952758294,2479.09145100934,2565.28627412434,2451.08871671908,2459.59142521387,2540.63776110682,2665.3567348385,2563.99600922296,2545.70248629395,2444.57143388818,2477.40435725538,2608.64498290783,2625.81225848529,2584.16597546982,2582.24243608777,2630.97534595213,2664.79944789536,2757.54828957389,2146.83919695403,1501.61315613832,1501.61315613832
0,1618,1558.52258160954,1564.88102601968,1624.87996621017,1240.52920880943,1143.80981463499,1143.68206565885,1217.48303560991,2708.69547266619,2394.17120859764,2393.70941745005,2487.4433185547,2344.05165248516,2341.86196686767,2349.18883375835,2334.78977060748,2301.28248438462,2300.25250163729,2379.37620799591,2386.52604394653,2370.77028380531,2433.34337628248,2361.67625793231,2353.46486407515,2424.82180569064,2537.27175613524,2517.92909788063,2508.02725109787,2374.45820948867,2378.63997649761,2541.98345130505,2538.71913474525,2371.25736158877,2383.25516324357,2396.20687137559,2444.49125583829,2496.01669910483,1962.04993172593,1375.00067389105,1375.00067389105
0,1618,1536.61164547019,1542.97097401364,1592.94784031088,1236.31868612963,1145.44308490595,1145.54413870258,1203.72657687824,2732.60367187721,2415.85459935172,2416.18193773845,2508.85004092955,2389.53681617978,2390.46228270636,2435.37715142917,2442.87365240538,2403.74508300619,2402.02445532607,2588.0456473718,2423.9396157736,2423.71900100494,2461.12968143159,2379.50892692707,2375.18499795412,2406.52755109041,2466.26264167125,2397.75229295888,2420.56921823942,2270.30316360503,2276.91432121976,2442.65334075235,2471.18292419579,2447.88697582351,2451.25057351275,2450.06398105512,2433.17819655926,2498.21860994212,1902.06791092348,1334.07047859857,1334.07047859857
0,1618,1527.41741844504,1521.05897408026,1576.42562539644,1203.32986134336,1109.45848751789,1109.59987766364,1173.62535401773,2678.78053208343,2368.39982470346,2368.93039386847,2441.94719828469,2301.9811913275,2316.77399749513,2341.7891517577,2346.8883852634,2323.60889824915,2323.24186025429,2506.81380824707,2482.58975283722,2478.42108032224,2558.17979258634,2408.51478698905,2435.465155035,2479.76928733248,2514.08271575104,2392.41776086303,2397.55404485764,2269.54806515501,2245.78752522707,2334.13943250324,2453.69970470026,2278.85705246739,2267.02730908018,2255.21912915878,2284.30788678041,2380.9846379035,1820.34847587913,1274.83645247146,1274.83645247146
0,1618,1533.43113835673,1542.96902598637,1588.9195790437,1245.70954065722,1157.72631578034,1157.57170267004,1193.65936244444,2731.91177223951,2414.61126422191,2414.01419083861,2468.95422663567,2334.93741634379,2325.52533073735,2326.06558734718,2325.82337956072,2297.36066880351,2298.04135581461,2443.42068058699,2451.7864086993,2450.57571837635,2513.35474975006,2412.06074284679,2397.95979665189,2439.5357985759,2508.14808939366,2375.38578695493,2388.52864772114,2289.49860586557,2294.45096167967,2374.56935359782,2383.79495840306,2342.05979460964,2342.29347631697,2364.04136745751,2300.94674474834,2420.71342801066,1850.8504767339,1295.0261721696,1295.0261721696
0,1618,1522.8205708567,1510.10346103711,1570.17763146923,1183.09050095157,1085.27822456104,1085.51018458298,1160.37871998712,2635.76269557171,2330.61247776555,2331.50835515906,2390.45004277597,2230.82411452797,2241.9993951545,2262.88246006479,2259.67778268279,2263.182936775,2247.06191051933,2443.87230752548,2382.30415755259,2394.07203466993,2438.11361571318,2374.53624755237,2354.95500600186,2409.79464979618,2489.21342470593,2364.06083808088,2336.82702801332,2240.1088904895,2242.80583152191,2325.33942389842,2395.9153638678,2274.00043545013,2278.62951358398,2356.12695841297,2360.9774166113,2421.63837317457,1915.92008408273,1342.15524245374,1342.15524245374
0,1618,1553.92493611206,1553.92405195608,1624.55634084825,1283.34909935217,1194.33314740163,1194.0104929245,1262.90441845651,2776.02476919199,2457.05401277506,2455.79216518717,2542.61082523908,2387.73780784469,2368.2390095789,2390.96515570665,2376.21052227676,2385.92317495709,2388.25887126182,2515.19733234757,2522.27528183897,2511.74416650251,2569.19839926523,2474.16038589917,2468.82884414849,2507.81952878954,2593.98401549256,2486.77971582106,2510.72990557431,2392.09084024548,2381.41307417373,2462.42363476652,2470.7536399996,2400.04666823711,2390.28772460413,2423.43591404018,2439.23004524779,2560.18412961394,1893.4345354173,1322.80952817078,1322.80952817078
0,1618,1544.38767025976,1553.92599993337,1610.58460201167,1241.4229987326,1144.67498468703,1144.72833549824,1225.67047865785,2709.88541415137,2395.70383196597,2395.9724493918,2497.86872778638,2354.15424452743,2362.60534885841,2424.2051653433,2437.56956338603,2437.36953459474,2444.71135446028,2605.87514962509,2544.55225229046,2536.34716985446,2649.11363269717,2535.37483992772,2540.87774609942,2581.81172765287,2643.06567058383,2537.04839236452,2501.00094168479,2387.14017074903,2373.14562598627,2525.40561004911,2525.37657791816,2381.85851264415,2382.97255661917,2429.34070722004,2404.78037916814,2586.15197160699,1978.5935319327,1384.75730539097,1384.75730539097
0,1618,1527.41768440566,1521.05946107042,1595.10943799007,1234.29541727504,1134.4553234687,1134.62046026073,1213.75084968254,2717.27471534505,2402.46225472212,2403.02158735795,2485.52689784997,2361.27565991156,2369.28543872848,2382.87385278422,2391.24904228523,2368.56998670975,2378.94464745165,2474.63936763958,2551.18201939845,2530.11037975258,2628.66175730787,2564.04418814482,2572.2043296355,2629.41081621059,2705.81833977788,2576.1264657918,2599.76460053699,2491.2562293299,2504.55595916325,2640.50065682743,2751.73585395151,2670.32609813385,2665.11568938849,2819.76045895284,2684.15443874922,2783.85031507907,2188.38921759367,1528.03066016974,1528.03066016974
0,2190.18863521056,1571.58445718124,1542.96902600302,1653.0163532719,1299.69431893772,1207.65684057629,1207.4754640378,1340.03073223659,2776.46375871426,2453.91240568785,2453.18066455229,2573.89691091865,2342.30108555656,2337.6547135193,2314.91344228999,2311.06311799922,2270.21804624558,2259.63442950619,2463.13831938473,2392.89508752745,2420.05163634221,2512.1791430624,2433.64426672905,2431.07487499945,2512.95488200957,2585.56654614897,2492.55070990962,2482.02174756149,2355.66468669337,2396.32744061047,2544.40142286245,2527.12147109596,2465.85653549611,2474.04973969316,2638.22340930793,2756.72161523061,2755.29681151368,2186.34906083193,1532.43631162641,1532.43631162641
0,2229,2173.95943637641,2199.37668415841,2301.94303071164,1797.26547031279,1659.69759993717,1655.39003451938,1806.72306861252,3227.74465742487,2843.23638629406,2828.880574778,3024.63824053322,2874.37352734125,2741.64775147666,2649.33504760168,2605.68115004659,2519.84806433115,2510.45974765637,2731.99259537158,2679.81445891033,2635.39542422588,2701.09082967571,2585.60909513852,2594.87033140689,2681.09855794616,2738.98529704402,2655.29623498043,2609.52282119643,2460.13782436555,2398.90860718328,2483.03440400681,2608.90801783577,2448.48663257329,2438.38657764835,2550.53843356261,2508.01735372307,2598.27115436336,1912.77405650308,1338.70857236972,1338.70857236972
0,2229,2121.30945678125,2111.77289480888,2195.77713283644,1704.21733508959,1581.98656157066,1582.48180122508,1703.99508172443,3186.07883639962,2817.70722018419,2819.47478294603,3029.55488465605,2950.02084730326,3005.67117570116,3041.68790447524,3045.50564689814,2982.45211749088,2957.02858985771,3223.14094659839,3195.30163243469,3188.31813993547,3235.42299155811,3120.51470689466,3031.98994598335,3068.96357281648,3160.60864521659,3013.03154078014,3036.11333752048,2843.98587546101,2818.83950983746,2906.50447198581,2848.54813836268,2733.10027866957,2701.10545637933,2851.6764741286,2776.43980604798,3030.41287505811,2213.61631560336,1543.98658994336,1543.98658994336
0,2229,2163.71286154404,2144.63553906279,2262.04792787955,1715.27628597402,1579.293102062,1579.14173280383,1683.11091618631,3156.67102379578,2778.48686111982,2777.99696364948,2925.36280590792,2801.26843887927,2817.78902308246,2849.41637998292,2852.77066336815,2869.58019011913,2858.57851622083,3032.31826214383,3180.92593361331,3153.15381196621,3227.97339352501,3171.78524511186,3219.98746343313,3314.73693953746,3401.7220848951,3195.67470331594,3188.44646623274,3014.67004407253,3005.01268561935,3131.35357857742,3249.46141450955,3029.70847889369,3012.83466905605,3100.73074874633,3151.69015920297,3390.81914595376,2639.61890089144,1841.36987568178,1841.36987568178
0,2229,2175.39752851907,2210.37007780919,2310.92872606551,1833.55942254024,1699.60060317091,1699.16314967098,1815.80541676024,3273.0967194897,2892.30294474162,2890.64459524674,3021.94018508928,2818.6692918273,2809.56234734246,2807.33643796024,2808.2069762561,2816.87213962257,2835.76748965269,3158.84269944417,3059.95187248576,3128.86838188494,3309.3525207503,3141.35913600306,3107.19604537076,3203.88554247357,3299.74435303028,3234.70201491611,3222.14982361496,3069.69569411765,3065.01768141574,3219.6344494168,3263.88453202043,3174.7685146544,3174.4363143213,3227.43638941496,3203.49022365487,3383.63393961985,2642.87355908755,1849.87576079213,1849.87576079213
0,2229,2108.93658512,2089.86235715827,2202.64775629318,1687.14344828629,1546.15717797637,1546.88725657779,1707.08882838444,3155.54866300111,2791.32574568879,2794.00384443682,2967.05882311815,2783.29596787949,2814.48856377361,2827.0918214911,2833.12857052713,2815.10292112631,2817.84399865379,3047.81287058781,3063.82479623044,3057.13512328476,3176.85412438363,3206.39507820384,3240.22483609563,3343.89343184006,3411.06807299604,3271.50503739562,3257.54100203108,3078.97808841595,3107.14860679263,3304.53831663719,3435.07926180916,3240.25939198388,3242.51931733535,3343.49852947645,3298.69027050347,3561.59535475468,2650.86865748031,1851.95498766322,1851.95498766322
0,2229,2142.87363128875,2155.59007804238,2282.19711364897,1848.970226727,1715.67094390596,1715.18053367161,1843.12361167132,3251.10542189833,2957.2450367235,2955.32004505167,3093.03672143345,2928.80083456884,2887.40675257442,2846.8077686113,2849.81181865043,2810.08506729879,2795.53021470538,2988.68144217318,2938.75795277274,2901.86793491491,2989.14743482408,2922.35043728718,2900.17682522659,2990.03902517032,3187.28627765293,2974.66208725543,3029.64718725628,2854.96777656723,2863.30441984529,3015.28685254406,3079.44025624196,3161.99671782529,3186.14926663958,3300.2590659714,3366.7871721968,3543.2174911572,2850.10240042922,2001.80906945213,2001.80906945213
0,2229,2105.41117739141,2111.77094799396,2196.38328270319,1754.1401191416,1631.77314311024,1632.06884161367,1742.30985550158,2990.06649170367,2643.97452831053,2645.10109515946,2771.17876431641,2637.42279885497,2632.13191664293,2628.49848866439,2607.8393563694,2621.05060683806,2642.85829508252,2834.07978236792,2920.82957787542,2944.86773062423,3118.24565362671,3040.40412559613,3047.78164407666,3124.43500121727,3274.71612643557,3159.28299332602,3155.88614722448,2977.11331237134,2966.94591190455,3092.8285401068,3096.51967683015,2854.46280958295,2835.86175403577,2916.94705866602,2911.28400664738,3021.42629900803,2334.15505355469,1631.21061705601,1631.21061705601
0,2229,2093.03697522862,2089.85797411357,2165.8832276168,1674.95965113441,1545.7268673937,1545.92195310571,1693.79877083747,2901.46138501713,2565.41587538979,2566.21672921188,2743.62564280807,2589.18965415281,2612.38876028557,2695.77849572497,2705.86646531143,2697.71195510036,2691.99648051558,2924.34361546234,2889.60236244476,2925.41446867024,3024.16924804727,3066.04314713577,3070.13197005853,3133.49629028787,3231.15676184126,3097.61301948946,3089.01682550385,2951.86183649777,2901.27930962835,3102.3755796308,3144.6197619501,3008.03040526462,3016.65912148327,3112.50520681611,3095.68459137393,3263.38493304514,2464.97811416419,1726.62084254999,1726.62084254999
0,2229,2116.70995021248,2100.81251300984,2201.51897235227,1710.5543159533,1582.24352124633,1582.15290300781,1723.18845928826,2955.54958414701,2630.92936817103,2630.5636955824,2829.93573228241,2724.44406137252,2692.22921683765,2742.18620262163,2734.23207684993,2735.91232174752,2728.02959853812,2860.4927543281,2929.94618382484,2863.15430853927,2958.29587488552,2876.61449285892,2888.44622133444,2981.79859189019,3108.99177834924,2931.1023782184,2920.84100584376,2843.47794523829,2858.47313162774,3026.75568340288,3251.95020169691,3104.22776737657,3117.83161943083,3238.5838478656,3244.84558401487,3385.77469269651,2650.53967920602,1859.36491390153,1859.36491390153
0,2229,2149.23278362763,2155.59056486597,2259.56372159444,1772.01926871264,1640.87459492048,1640.55472023688,1733.63326774056,2959.54709813722,2615.44913179269,2614.29222298343,2749.74127724736,2746.69998910366,2693.59609889223,2754.37823682,2756.87700581416,2754.43138198888,2768.45550336507,2927.53704640865,3052.46740088392,3031.70424276104,3155.55736964683,3132.33409559251,3065.57378746868,3158.16101469748,3352.4636894308,3205.21528302702,3182.27112720931,3029.1491042785,3053.51001272975,3248.54318547628,3246.13645724802,3174.22416183838,3154.89372999133,3357.83960260046,3237.19812251712,3421.58866479997,2565.28026588367,1790.75906342062,1790.75906342062
0,2229,2136.86097514675,2133.68197396366,2233.02443160457,1735.34878814296,1605.22797935115,1605.36907592615,1694.42470859659,2880.57683350601,2546.78686292508,2547.316017571,2637.62872066906,2643.61178504438,2646.51815095311,2690.05601969317,2708.53883036721,2711.95963308669,2690.77813776168,2954.25131140967,3076.05449425154,3087.95903364985,3177.24570739243,3250.85784974033,3292.10125071607,3450.9281154259,3482.0868728125,3419.53511399634,3430.63000487191,3259.49541037476,3222.12662165083,3480.59862266646,3577.79493885138,3372.62902940698,3357.37796737651,3565.15712960271,3589.20704023965,3829.18681932326,2901.43741961638,2023.8879443743,2023.8879443743
0,3404.28107559615,2147.816177274,2144.63651300984,2256.66017665347,1751.88568662241,1616.82838801225,1616.76452136293,1726.604333885,2860.47553073382,2559.60008713915,2559.36921354661,2665.53462716938,2597.3360662654,2661.7910643884,2656.30379462073,2642.48803240482,2703.17135381213,2695.19829024442,2981.24911655762,3127.95346758097,3157.70580153357,3351.14664796187,3211.3353750448,3212.26283811596,3381.54202550914,3502.74450195843,3412.43409380831,3366.05679588046,3237.81877530483,3243.25394474877,3476.01517848298,3621.4926025626,3486.43853592327,3479.60712204987,3585.58898422163,3649.39540861773,3919.7758581876,3020.87029081687,2116.98861855986,2116.98861855986
0,3484,3291.82909658553,3301.33370705276,3407.88727597507,2640.03170692585,2442.13047904965,2434.29205674724,2533.61166159148,3543.2086750513,3113.89826801114,3087.90807307073,3156.49762867407,3022.67805656447,2864.22475774643,2750.7510640249,2716.38062376407,2742.51674654367,2700.884677894,3091.22847095075,3063.40166883291,3053.71365108966,3182.23817457863,3296.91353686417,3280.090530795,3498.38471210331,3598.75753903342,3431.76413959182,3467.28675899973,3300.55888814768,3328.80318587313,3597.34349226605,3852.50119228037,3516.20446947376,3514.01784047356,3743.94089956383,3562.93665784609,3831.64915084675,2946.26489897992,2058.99653572037,2058.99653572037
0,3484,3297.15578566026,3268.54145852941,3397.95702408217,2597.50431428984,2400.90857889263,2401.10825816936,2538.01741023594,3524.48569524124,3116.14355216497,3116.87626748627,3258.04879368182,3167.4258410402,3182.8923850351,3178.5565075318,3148.66213419659,3230.19338897044,3242.92739963361,3622.2792707926,3735.29333019054,3711.78584159193,3910.78671657226,3774.33282029213,3737.65722211555,3889.24306936955,4269.41682352235,3911.56699371547,3883.25638913156,3628.04741195278,3541.4297850095,3755.4457836414,4097.23380219464,3944.11771936461,3904.28873894913,4243.97037469266,4185.75625546984,4526.25876629071,3394.39544024691,2374.22893507103,2374.22893507103
0,3484,3338.52661710642,3367.13961683862,3496.40366462809,2724.9620747505,2518.6365961176,2518.0476752315,2651.75008073407,3741.16611417931,3238.67318497936,3236.52417731353,3396.58509468079,3287.21885651377,3312.36520346275,3398.19307486528,3377.47998218231,3445.94864694466,3394.40154926245,3784.07682654048,3845.58621223061,3844.65968158427,3996.20468249451,4120.91322010739,4082.77404292777,4290.67816161317,4526.78370907736,4400.74006143746,4359.67731626854,4130.52380789521,4104.00186346401,4350.000214352,4519.57476348249,4393.80251839249,4377.44858094517,4642.30851744559,4669.15538257698,4995.77041139605,3842.88779195412,2676.66228902201,2676.66228902201
0,3484,3274.90128019663,3268.54438306135,3383.23194806613,2622.75961629653,2426.17449267374,2426.73636125873,2564.04748070928,3766.6433939833,3331.09260087089,3333.10492739142,3486.13962844115,3303.78439458159,3336.69311504434,3485.3824831922,3499.56927765631,3648.37505908158,3668.69994849613,4128.78436572181,4102.74366773047,4089.98089822423,4235.47237168256,4274.68187148507,4259.23792716543,4480.04058296104,4721.66050767523,4635.90803328071,4637.79853167615,4425.90321015204,4376.21396403896,4593.182257434,4885.53772206838,4588.23799808086,4567.60908856006,4918.61450592676,4756.92975409375,4988.3912493383,3911.47520896667,2734.60292662451,2734.60292662451
0,3484,3296.81035459349,3290.45102610296,3420.47415993246,2649.7327526159,2449.1491576069,2449.02162151364,2591.91373968915,3790.17216288316,3350.19726347188,3349.73655147733,3504.87574054098,3402.20570882885,3298.69234856186,3406.72173820604,3397.54656808125,3516.26995471993,3500.94451172936,3820.37709933041,4012.70744118795,4029.89564362548,4301.49185780465,4233.21718327559,4290.41066831367,4495.40154246246,4787.5659773975,4538.82665088675,4577.95138990545,4390.69648819042,4439.00323188632,4636.06211305691,4965.01115820679,4768.09432165473,4763.98670626634,5038.32037418612,5200.02107723973,5414.43733578416,4127.87338854346,2886.98424457443,2886.98424457443
0,3484,3331.4401274319,3312.36302591974,3480.43454664658,2692.60701854328,2485.15301353519,2485.01160763294,2668.68273483843,3827.91958672116,3383.5230455565,3382.9924528796,3564.46870631965,3489.02747580927,3515.98632121647,3654.28442986605,3636.22112267254,3766.57633817297,3766.85662233189,4153.0299002095,4077.33922238143,4052.32131640533,4257.4794716967,4321.25022686028,4287.33098853241,4442.62163407304,4721.49882697147,4548.62672068027,4499.72351692694,4262.71177598121,4230.93706309707,4470.47793861811,4562.64952725816,4550.44817308369,4565.4433104897,4907.12476024478,4765.73151318502,5202.09194140121,3887.31928822943,2725.34112150196,2725.34112150196
0,3484,3352.66285823202,3378.09707782584,3536.67991964873,2799.36229622991,2592.97096341608,2592.54691385886,2794.2278505311,3967.09991489639,3505.84321772357,3504.25220762579,3738.39811289532,3626.38036741862,3617.81794777196,3770.18253584949,3786.71269335107,3878.60087286435,3885.08026643182,4243.32313766651,4309.83895980403,4294.97436925281,4442.76336643742,4487.74351064142,4459.49626923335,4618.16725934165,4870.31792182816,4691.20901565527,4684.42846643005,4435.50485088114,4441.4455255775,4646.04451916764,4920.4944278093,4593.75913190008,4574.61307668995,4790.70558565356,4998.0841076395,5549.31144459493,4206.81079347225,2942.24098379478,2942.24098379478
0,3484,3309.53078718358,3290.45589608785,3439.16712475458,2673.20218135398,2474.6541620086,2475.19235982271,2624.85369332259,3875.00103587577,3426.84746049503,3428.83156662452,3643.60338561638,3608.57026126917,3624.54392434247,3735.63648323721,3737.07150976409,3817.13911160769,3829.47401802487,4192.10135127766,4273.90168085753,4258.64754640807,4401.84694397448,4381.91012197071,4456.11547956767,4614.62178363067,4840.99474006699,4758.58390056639,4710.23404873402,4431.36840186585,4455.79808301602,4733.61657904454,4736.28220729906,4717.22968635994,4720.3139286752,4841.22182556336,4763.68985998752,5526.68316017446,4128.95822425064,2888.40827743826,2888.40827743826
0,3484,3333.93030155761,3356.18507799241,3494.79211354521,2737.40718449087,2532.02133377472,2531.65131761272,2694.2748214951,3839.67862736177,3414.74966451743,3413.4310970386,3581.48415407507,3466.83160819522,3460.977680995,3593.9958071113,3570.77624917794,3676.64241634949,3634.5114155918,4111.26609668114,4153.37960575352,4146.54953480743,4339.19383324933,4232.86266666182,4221.55039953614,4405.32764512103,4636.27121676493,4478.0646826266,4530.93097284736,4320.82050318929,4272.10232361491,4524.27183407949,4643.05764616449,4485.11719073915,4491.43698249313,4793.94895654952,4708.02479288583,5289.15411396843,4278.05411239035,2999.92657528343,2999.92657528343
0,3484,3308.11285090863,3279.49940906438,3439.59989273622,2654.82600344648,2450.33286925787,2450.78035258822,2628.99176395113,3759.44147340209,3324.4519604451,3326.07011221418,3527.79729747413,3422.47711140306,3460.00460321762,3660.2301293292,3688.7169429029,3882.60734819247,3893.88115723264,4365.56561539119,4548.75370800042,4557.79972728932,4794.86520868697,4651.98719558685,4662.08801984431,4875.46425887403,5103.24983267513,4908.590017854,4874.22638945289,4658.81348328357,4635.55304307123,4850.01358925158,4895.39962615576,4564.85336940963,4522.92699889869,4991.27671774202,4834.14714431294,5284.64249479561,4060.2477038563,2836.6044807805,2836.6044807805
0,3484,3349.48261714285,3378.09561690533,3526.65267551995,2795.29355082206,2592.81795670012,2592.20242420747,2737.03998306748,3894.5277707962,3441.21652910648,3438.93367883321,3610.6977319961,3481.41326221084,3463.67799300009,3566.39292078425,3542.41708060004,3637.99783458816,3699.70792314816,4246.18465542473,4289.84197698785,4310.27771842443,4536.92337530107,4519.47143440782,4472.64618508388,4632.5714821858,4958.67876059673,4844.27017813047,4879.53575994658,4658.34948620314,4713.78865845157,4985.21708448115,5149.54638301581,4975.41913310237,4988.07353642274,5394.98632220236,5530.59702416715,5933.13734791654,4577.74568222559,3200.88218848983,3200.88218848983
0,4977.68391679352,3285.85728019663,3279.50038306135,3406.87074376539,2639.46284628397,2437.98643143472,2438.61524347525,2591.90729292546,3729.71446981025,3291.85215421104,3294.20193614134,3459.99022198414,3391.22975650618,3350.02632898346,3533.77867459289,3564.15570968908,3582.10479899851,3551.91687339399,4131.97589754536,4203.63863529398,4220.78760651449,4520.83605942286,4495.26511700899,4465.98639627093,4670.30191156645,4757.06838555534,4601.51043384735,4639.27320723909,4383.56803997314,4393.7776618602,4635.38368045809,4886.62191887069,4645.90842773016,4659.07858537196,4974.95213050853,5011.96364813383,5384.16177487554,4200.6256263443,2944.90424769655,2944.90424769655
0,5079,4763.95012685029,4757.54822497002,4908.81068971314,3777.23704558711,3488.09152028722,3478.09064887639,3677.73821143149,4664.07298812921,4099.6937156573,4066.53250370377,4218.0861845473,4008.17009230084,3911.75684744864,3831.96801573794,3744.09084065528,3729.09127644004,3697.25567995286,4121.80063610533,4298.67186951533,4248.42372299445,4538.99478767169,4602.08080068367,4635.76105264063,4828.12808020697,5162.7396736298,4860.78118463264,4838.99542971414,4582.07691365305,4560.04411658319,4794.67534451379,4931.920139609,4843.85650157076,4833.88834259769,5160.4382699704,5079.24400685359,5421.59537064927,4153.69514678874,2900.86418249883,2900.86418249883
0,5079,4770.01613656822,4779.5540227115,4951.57715285052,3843.91085059801,3544.62686559381,3544.46500956561,3765.33580059802,4804.62331843361,4246.86563723838,4246.23117061348,4482.48606961926,4369.4650512647,4341.56417530998,4482.03966322617,4484.37319550549,4498.72281843658,4473.10200586566,4946.89325777534,4963.16809437066,4958.76629289718,5185.17906587464,5125.06235109795,5108.2323103113,5225.22020895737,5502.31592984327,5264.35041562026,5202.28442592612,4862.21601069306,4800.15095579733,5014.83798460298,5158.65237404968,4817.42744791144,4788.85258018849,5162.33764056919,5154.48774713699,5378.10233506016,4240.69398791392,2969.05922705192,2969.05922705192
0,5079,4746.68779791817,4746.688461037,4920.00725512432,3871.14215391559,3584.48385967763,3584.59528863324,3851.38891042033,4811.7129370241,4284.87691977805,4285.16590320079,4547.84693990286,4355.66232634862,4373.14438258281,4459.53794155915,4491.51445355881,4543.23857763767,4543.80363598391,4879.73803446383,5075.66044634467,5043.79244809734,5398.38861072306,5164.76867216788,5195.21030325277,5403.53449311056,5672.39417434264,5454.05651976202,5414.18959226695,5131.25129711288,5082.3143061516,5453.54413809295,5616.12681097182,5330.18201956047,5318.07837663282,5544.04695105145,5629.5582685121,6058.41682851546,4435.55676147963,3100.25460111194,3100.25460111194
0,5079,4784.84031884271,4746.68700004997,4931.39398935179,3834.21198756562,3559.43365843426,3559.46052692735,3780.8109517305,4784.05012547802,4229.18346404356,4229.31871766107,4544.42532536948,4398.56639159458,4411.73325196608,4437.88496285505,4389.71309984786,4446.7658834092,4448.50479888684,4954.65392424766,4853.45410771774,4914.00441241447,5215.91047583931,5197.31231973149,5159.67707675283,5400.38868178116,5647.66566728198,5506.80925766137,5570.42362224394,5352.50660334577,5349.41482203717,5728.75707403018,6014.45786046169,5882.84607443176,5887.63342439962,6199.46513990298,5975.54647330691,6397.73550335712,4992.14340548997,3486.63335777585,3486.63335777585
0,5079,4859.07914884661,4878.15315571831,5096.19518352349,3929.37822285796,3612.61532118623,3611.94152512665,3831.47241024242,4769.94124349427,4215.02143567559,4212.71742311905,4443.59152794053,4368.12533436307,4311.63182749361,4484.85953232745,4495.12202176695,4521.56940308549,4544.84849618968,4870.84937730915,5044.82952121011,5002.47236120226,5249.46891676875,5186.03633630561,5218.41677555044,5386.64393653257,5697.97806493358,5436.88639210671,5449.14914772746,5238.53466256778,5220.01934681418,5561.31382450066,5648.72702706073,5467.44646725014,5464.48173567274,5916.45728071142,5990.34126795157,6503.20129260311,4926.91005069362,3454.3259550986,3454.3259550986
0,5079,4806.06570929444,4812.42592194095,4999.64953147621,3968.27828837307,3692.6202747298,3692.84287513674,3885.15808676357,4933.31047734587,4293.13553964746,4293.71218723799,4494.29447992121,4334.34747781617,4381.21411453849,4524.44739535184,4504.80656882784,4514.72698189039,4468.61957664015,5067.15523089086,4850.33751613724,4861.08709523922,5161.01994708774,4988.04415015844,4973.71741914699,5171.48671723635,5404.96621394556,5165.38455093096,5110.7248420907,4924.22741601622,4954.47938951788,5230.91995130238,5557.2056222926,5276.23194460304,5299.17104590036,5672.08282558031,5759.23819275096,6335.62697597124,4887.58182003693,3428.18439050224,3428.18439050224
0,5079,4800.04986171605,4790.51197414689,4943.85443198789,3800.6071394629,3519.27377293695,3519.56257047381,3715.6796647814,4838.48485947422,4299.46635986839,4300.73864953824,4564.59669218148,4448.11385854309,4380.04911297984,4584.60714449023,4610.67020625852,4692.90512814054,4727.1395335441,5326.55174248906,5408.01127529765,5369.54944299762,5660.42713873956,5588.53432082071,5541.28222833041,5671.67404528145,5996.95283078175,5824.54509550082,5822.25620490915,5566.07815061943,5504.58309693034,5768.52890058998,5891.94253603704,5615.69345169463,5555.60899407409,5880.00999439349,5747.51741511436,6383.56794754654,4822.59176968156,3363.35981972871,3363.35981972871
0,5079,4832.91653178563,4823.3775389629,5006.10713197197,3825.29915549817,3529.23550245993,3529.07058157252,3722.00100368507,4831.81674729438,4260.2193894845,4259.66120220469,4514.87473942055,4471.43701296625,4511.14503602434,4619.43700726947,4626.8429994346,4634.7783199919,4635.35004537418,5098.07986723006,5327.3178036634,5361.16214989218,5715.49882694125,5576.60821919494,5603.77253342478,5792.18810833926,5944.37236490749,5703.53463421207,5709.96765128927,5486.15018470181,5516.06250499747,5843.84810977968,6253.85298297553,5863.18401997874,5867.94133742381,6377.17019302575,6249.50796500994,6818.91021758246,5323.24575672558,3724.95117790141,3724.95117790141
0,5079,4827.63121292472,4856.24553887961,5033.51276620619,3923.00035613292,3626.89424277129,3626.63527811195,3803.56792662171,4968.7108839298,4359.51092251444,4358.47915561563,4551.23568970196,4482.17016004065,4451.90991720098,4540.6703837766,4519.48479117521,4558.96622952333,4517.31475018623,4898.43316514267,5015.87605193069,4987.28452369801,5353.76336289795,5271.50585069574,5293.19489276854,5485.1557799063,5833.40467681024,5625.12645128825,5599.45368181356,5366.03810099497,5401.50158083796,5689.80892415903,6093.50378797946,6001.36793088719,6030.67935070884,6558.07465670696,6651.27754862899,7053.1429445671,5520.42645356103,3864.36811532148,3864.36811532148
0,5079,4792.61926936277,4757.64738316129,4983.8215074146,3840.32777725777,3534.16486937739,3534.72697124312,3818.40112363193,4927.35870845057,4357.16572072051,4359.17945838336,4594.50287366453,4440.54537585581,4479.56713608623,4636.09932190571,4651.41035837596,4740.79205058164,4778.84613089778,5272.60334058291,5226.24709130334,5264.68762709462,5566.55308319709,5482.56972967228,5468.37267717532,5633.13620726549,5921.86342207322,5662.95469617841,5699.92718503852,5384.69830795139,5386.84670757023,5615.22025130873,5957.14892966536,5667.12724747504,5649.20675883778,6036.17796090506,6132.57319100473,6791.89655130021,5020.67232480568,3517.34014744553,3517.34014744553
0,5079,4846.36164196881,4878.1536428917,5106.68544811171,4082.75582675586,3787.3260293935,3786.48890857138,4012.46351611674,5220.29299949222,4655.4504519636,4652.23301431862,4904.99000688685,4827.34369272165,4779.03565271606,4856.19187179417,4819.01327536755,4820.09780632893,4764.09853166457,5009.09068548995,5185.75810882769,5157.3555009978,5406.42872656836,5346.92376183772,5299.53188083291,5472.2110410138,5802.48422633949,5545.27078615367,5545.04871416555,5285.55346506631,5246.30790820456,5550.09725961421,5730.19344658444,5678.78774050513,5697.87326393273,5999.20268393678,6037.25953864393,6927.69835780672,5250.48913157238,3677.22505651231,3677.22505651231
0,6151.26839167936,4778.13998939186,4768.60387005151,4967.97476066044,3889.37144361013,3595.99712373253,3596.71653824279,3871.76065095697,4905.99521690127,4328.01163252285,4330.72725788593,4591.53399261817,4475.27438170197,4484.33151495718,4702.10916981066,4728.80447672432,4855.56295171855,4891.96444792115,5516.12223408774,5196.04592026276,5181.81263679198,5527.94405594951,5408.97452940525,5448.84803879853,5627.12197602925,6096.99696219046,5762.13958980888,5726.86942211578,5472.13185880306,5469.74704249483,5733.55191777558,5916.0660232282,5674.49439916561,5668.14894352379,6164.75986114417,5938.96410383953,6759.26058294767,5289.0221688655,3699.41554329943,3699.41554329943
0,6224,5862.71164355274,5846.78320223268,6053.36694411983,4706.10947267772,4362.50713030911,4355.23378310505,4569.25900348347,5667.50995120106,4982.37427021748,4958.2370579448,5209.00165564084,5116.31604347583,5006.24197618494,4966.82366545346,4951.82248992335,4936.56982376258,4900.61487202455,5465.63452073807,5589.07718560204,5571.73199906396,5934.07744039439,5774.9071157557,5772.52800353258,5963.93454077915,6282.43465881539,6180.90151994069,6156.95752145267,5877.35885653928,5849.46966623581,6113.6456557253,6231.97532957798,5961.0973809616,5917.87725444863,6441.07809417552,6478.46354964401,7233.81292014081,5530.75219732224,3862.34861088844,3862.34861088844
0,6224,5895.27178235165,5901.62956252956,6108.96830811397,4710.98759427411,4352.13136757734,4351.88670830693,4540.82997500106,5650.74034316733,4973.26484578969,4972.48608568174,5179.37074529643,5087.59739178669,5133.19908537914,5162.61270895743,5107.93283430549,5145.34917052959,5160.78354103841,5638.55139279325,5842.82539767328,5803.84721899929,6178.52713043082,6082.54185065875,6006.45907142504,6293.19740618271,6631.8290189245,6301.46273056741,6314.58030848874,6059.41105217577,6003.82845216327,6294.74503665714,6446.02228316198,6119.29716166265,6103.71375793143,6775.67733637674,6554.92061195254,7513.0830089245,5645.20980381219,3949.5615915365,3949.5615915365
0,6224,5870.18220220823,5879.72097396358,6079.69784020629,4720.34759678505,4366.34108788496,4366.42866175832,4572.36001251364,5661.10674143432,5026.04138629644,5026.30088165832,5215.90801050515,5021.48823571798,5033.71648249272,5260.52141348626,5251.79720148002,5217.6622724238,5244.76897931378,5662.16411615913,5866.91023824344,5900.24974765556,6142.89653340941,6282.31910205216,6266.92434108022,6506.30615824017,6966.65437492195,6790.29271957833,6756.65076834117,6490.97755594967,6490.99194851784,6776.6092545116,6887.89496920244,6717.57863849416,6702.50888802875,7295.08095946843,7438.13859437555,8237.13946452723,6452.41190017964,4504.37946634643,4504.37946634643
0,6224,5859.57057089309,5846.85346110373,6055.56204021031,4684.23393618652,4331.13192514155,4331.32387832898,4546.41025755237,5663.07665961251,4963.77061520131,4964.46503744895,5181.76415707103,5054.04150584086,5003.74674582753,5247.52579260059,5268.20128246052,5192.81430254225,5180.86799910896,5563.44496982452,5654.69891891765,5681.85001132252,6137.0122842735,5884.93301643604,5930.72261504463,6098.60167167535,6404.05029127127,6203.13548877747,6271.70210486568,6025.63232815081,6045.75803714226,6426.59431790684,6680.9020368967,6189.11046852666,6226.18095294719,6921.82187594744,6820.37481917592,7617.59242957852,5894.85433852804,4138.77434336601,4138.77434336601
0,6224,5877.95716317359,5890.67405195608,6099.30634084852,4746.33836365818,4390.30492281924,4390.03581196922,4600.90233910908,5745.19255988702,5120.94041813275,5119.94802855223,5328.76820200275,5224.66008358314,5231.39361500145,5367.55613340945,5380.87254003179,5289.28047099159,5306.87148201816,5844.45824767335,5625.23524541128,5634.40707853926,6179.02057728014,6050.64117525841,6071.55771825301,6242.98680868394,6757.96518283946,6223.28297338377,6187.6532000719,5947.8395845835,5933.46552696649,6345.14544437106,6631.81714647372,6574.79691398074,6577.26533688753,7335.56228769646,7317.55496886568,8051.4177958414,6196.67789364246,4335.65338314178,4335.65338314178
0,6224,5865.92972328655,5846.85394802727,6058.22165911664,4691.85183441527,4343.67034413798,4343.92601106192,4549.11180546622,5589.74277285501,4974.11206318568,4975.03676850631,5186.06605648337,5124.89026119495,5081.77539179722,5170.58105999577,5187.87295311133,5095.39742116551,5080.44641040057,5708.76959443421,5616.12003050973,5580.96874105249,5918.15662969514,6016.76122042219,6034.07168242068,6251.59952077648,6537.60918474683,6521.60286359113,6552.07448296122,6351.31132794336,6327.90905852413,6751.77168195659,6924.19419532197,6634.67157196248,6624.67060487739,7354.25212974951,7356.76394959315,8144.35194728946,6211.34335443594,4339.57139454006,4339.57139454006
0,6224,5887.1508582866,5912.58507792578,6097.8265220083,4738.7924578795,4388.78343814785,4388.42662109787,4582.2706993238,5628.05022920654,4920.75200221719,4919.49983046997,5138.50613403203,5070.00312788993,5112.43316642167,5171.3066120209,5138.12270612075,5131.60239441627,5085.61914767935,5436.86554528361,5767.1626004658,5802.79446726993,6098.36561300254,6050.460821048,5915.83310432077,6108.81469035538,6577.02443532034,6173.21184916963,6131.98582736194,5902.63907888058,5981.86446332645,6332.84038360189,6639.09473894704,6347.11478687075,6339.55318867869,7063.4268896702,7109.14377321823,7899.77765727122,6147.15821794314,4316.16605244465,4316.16605244465
0,6224,5824.94212777588,5824.94389608785,5977.60673765788,4601.07582075945,4257.9399861257,4258.491615804,4445.85791097686,5582.81349730261,4947.31108879278,4949.36260690228,5181.26830444435,5038.24740109783,5090.45346789142,5268.29208490811,5284.84749882775,5309.95370572008,5381.02773150371,5968.99295975279,5669.54954983221,5660.42011570259,6014.46115295647,6020.45613307916,6103.74880520643,6275.96713351857,6659.15124045522,6485.16430335088,6465.16136084461,6195.69792736185,6086.40881855892,6362.33102663063,6650.29401154848,6394.7184272305,6408.44842097619,6991.19051452073,7115.18780338201,7731.9697461683,6046.95335377864,4225.87342722956,4225.87342722956
0,6224,5840.83721624587,5824.94000013326,5998.32978522456,4593.16098768434,4245.02464560549,4245.03841496229,4475.77392493026,5533.25173899931,4902.15307874189,4902.22252257541,5167.46751343332,4957.93307382711,4952.66677888118,5071.97967364968,5088.93352858291,4981.03588382807,4976.68695565372,5491.89597829779,5547.54899819169,5586.91223641298,5957.37204979145,5933.74122149787,5950.8216135204,6093.43447202508,6545.12361026931,6339.06072668395,6337.2495493002,6147.91158471669,6247.14519384265,6623.21842778635,6651.04192993427,6547.2852089202,6542.14947582068,7041.79241538452,6992.40750851351,7710.1860536475,5821.79785220065,4073.7019816489,4073.7019816489
0,6224,5867.00089716749,5879.71756488263,6081.73910872587,4693.39194637379,4328.53076082725,4328.18417070057,4647.4876471569,5661.48792753655,4982.45028830437,4981.15862488648,5338.38145194922,5155.41883985096,5100.92702488901,5160.60968384544,5139.55144631961,5066.51710831864,5024.12336508708,5540.86695976029,5445.4699216242,5382.44950636009,5657.05647912013,5717.95359415823,5682.97450630418,5890.95828061211,6202.46874046514,5954.75004137005,5991.98828234396,5702.82468906085,5743.94730197586,6029.5466298387,6283.21935761721,6039.20604382583,6071.592802066,6673.8679945725,6712.48710621384,7285.89947825428,5810.21093488305,4076.98679476424,4076.98679476424
0,6224,5851.79428004283,5835.89794801061,6039.21727198462,4709.71109894523,4369.30136563806,4369.46323729571,4621.07615381252,5823.27215138411,5148.11389065662,5148.56573459613,5516.25481795595,5443.50147927497,5455.25424279644,5554.9935546633,5553.39281563675,5532.44249968263,5521.68407470877,5855.1198013885,6034.03506545289,6015.34777463584,6223.48089337449,6295.6912739725,6190.20191862,6367.41116781893,6879.51394511518,6555.03315093026,6525.3795443509,6157.26585420338,6075.34564520251,6434.8304327309,6528.89026565041,6037.45395266979,5991.97104248841,6703.15886373887,6517.21552787373,7038.11756032176,5359.1110319859,3744.61891396073,3744.61891396073
0,6897.32836123796,5906.57188631544,5890.67356494926,6108.71930241397,4694.3330945541,4340.38177386988,4340.15582321947,4524.32308585391,5716.19363430237,5041.8995083541,5041.21560930942,5281.82209770941,5274.69004329276,5220.03572787878,5328.13102338788,5336.16138369942,5343.54752416542,5358.63595201248,5951.51709991389,5749.13023620282,5753.49774403369,6061.50695440313,6079.42860934374,6206.36482895705,6371.12536531024,6741.00971615946,6580.24547777756,6622.90175269916,6356.88101422046,6340.09155321989,6910.93297322482,7117.36612391152,6966.7485566034,6975.39432198153,7653.57486239356,7719.60722099381,8167.41597621661,6305.92049204217,4406.35398248781,4406.35398248781
0,6943,6592.34024772505,6601.85828077766,6845.8338144195,5270.70114052457,4863.39329024267,4858.62123563246,5079.43059447803,6134.79245334768,5411.97917209319,5396.07415915322,5556.95594800625,5431.85632584764,5412.17393472345,5416.88112302893,5376.40972557722,5305.47470748907,5298.79787778441,5704.80045757016,5922.68793875239,5957.3292829328,6390.49341105539,6224.05140907249,6212.30313444676,6375.84727582899,6731.90695797579,6421.25398239919,6414.5459030687,6195.40806545633,6186.09171248566,6662.09735461648,7029.65239498593,6704.21354799514,6683.19755586412,7197.81022619304,7317.70036154124,7819.7985138447,6001.55402715031,4207.51874459171,4207.51874459171
0,6943,6575.39468357034,6569.03645954091,6804.33105845191,5291.03088160716,4907.01037620618,4907.1185100864,5156.09211751888,6269.9959728772,5521.45951987215,5521.73138721884,5791.07288389431,5592.57170556566,5609.71808009992,5730.36879448032,5713.72272624419,5634.33280286073,5622.72965755671,6029.79276434306,5979.69404933591,5910.9644952405,6233.06256438873,6314.00808802923,6284.45267351589,6453.58037405063,6798.48695293228,6552.96312513692,6484.20634871632,6191.52481850483,6223.12146408428,6624.1455097642,7141.84415852487,6647.5132849444,6666.23520258235,7199.74980079831,7125.50242982036,7927.56580705612,5892.88681344882,4123.49223715952,4123.49223715952
0,6943,6590.94646806965,6590.94602600297,6839.67614897144,5251.4756886808,4842.99805525363,4842.96395521718,5075.06584005961,6252.82618444837,5538.18843343828,5538.19787935665,5810.79875004938,5679.02242367423,5704.85477280138,5832.87076963482,5879.44928455521,5856.23609052557,5813.47672776884,6260.38335673288,6309.14149830576,6309.42387717791,6658.34303292728,6479.59609803288,6537.7671819607,6622.9072286645,7183.83819664186,6824.63854838516,6820.59403135997,6447.84322545697,6423.1386831193,6817.44553605703,7002.30928135111,7104.32968420306,7075.38635337713,7480.25242936869,7580.87424884006,8547.01184671634,6500.63903558687,4546.73518858535,4546.73518858535
0,6943,6565.51145410486,6590.94699996669,6800.80183863959,5323.90852002929,4942.85399681352,4942.74682934424,5150.80157630669,6302.34307606465,5570.93964583148,5570.40030324401,5792.99317722643,5636.24898775528,5547.96983817122,5540.65063080048,5512.79778246061,5567.21919861657,5589.99445422561,6187.22227207695,6076.25020315868,6133.62410434596,6574.5558017394,6439.19980005443,6379.87637909469,6534.56192263095,6761.63721233613,6682.56410897154,6738.45393765329,6449.64037421738,6440.33549781588,6850.84760464667,7132.32005539611,6623.74402861963,6617.9402825122,7125.18539179104,6986.40131620247,7568.3046925721,6189.19781761947,4333.74005504698,4333.74005504698
0,6943,6506.48057106507,6503.30289618779,6722.11089915735,5138.9578157772,4724.457393484,4725.10295166356,5004.04220742351,6135.54333079207,5382.63557689501,5385.16027942671,5648.8220282969,5591.76755198644,5630.62248783932,5749.48660446549,5751.34475422433,5763.44984136977,5778.6840141621,6298.28798920182,6332.16677522599,6305.06290068033,6751.33102051631,6661.90313126353,6702.64119464947,6851.40841198895,7232.64154642079,6850.018844997,6815.25289068842,6519.63798567227,6478.94559486745,6952.04076584316,7015.74338223282,6939.85663914128,6933.49831046245,7423.88992725412,7500.64130496548,7909.75127523796,6048.95628232795,4231.0997126095,4231.0997126095
0,6943,6520.61362056321,6514.25451310979,6774.91258546326,5329.60712302085,4935.30770055769,4935.02990130033,5248.73674832375,6427.94395701808,5724.34604772664,5723.03777457674,6009.29684908857,5909.09688060999,5844.22179640653,5916.32260316747,5915.6020456704,5883.89157761388,5838.51563409359,6297.03388720225,6298.87988112245,6259.51250002906,6508.70717715041,6560.16807736093,6537.42779013985,6664.57452840075,6992.14128580803,6825.6368768873,6798.4241702561,6552.15873683649,6558.80705678149,7015.94510860783,7374.49364550309,6920.17111667328,6932.04954153815,7368.57297704366,7375.93134021871,8174.9264229974,6021.84497769086,4215.08051664517,4215.08051664517
0,6943,6545.70479773714,6536.1660259364,6777.45797678915,5304.77483273127,4921.50526467679,4921.4173429531,5214.51611472664,6376.37215070324,5625.80478155286,5625.54357963383,5977.02294011135,5899.88010959914,5947.29413815716,6015.74580292048,6003.98685865391,6068.02344631785,6060.08631906814,6645.27298966073,6566.98139024987,6567.77149681421,7007.87788313417,6614.17094840473,6646.85199755175,6751.52611890883,6941.20081850919,6836.25015810098,6791.60628580588,6549.29235193205,6499.04924994702,6894.49909370192,7218.31314638907,6918.25578661017,6903.45396628458,7430.29665598331,7336.1403387595,8183.14433672766,6381.35008195531,4472.27415620358,4472.27415620358
0,6943,6578.57253174924,6569.03353889626,6800.37334688699,5246.76816944053,4856.89264138007,4856.80782284791,5075.18243360926,6309.67000762448,5577.60545165221,5577.45042438067,5885.76874390083,5866.73226112063,5850.47445926977,5951.31304845014,5975.52702942517,6053.37861088239,6072.67219290348,6636.67608757683,6702.75262755631,6707.14610650643,7082.8955469416,7056.74970015405,7012.53650448049,7089.48500528342,7436.45945244307,7046.24122578987,7085.39690298496,6879.79528602155,6849.54357436541,7307.5003738517,7421.32526104392,7276.7502961157,7245.48835253432,7770.75750689418,7755.50594818343,8595.00999567698,6542.18284545024,4569.92163457404,4569.92163457404
0,6943,6563.74888322087,6601.9015388796,6822.5343576045,5277.61424438653,4867.14884276759,4866.98366877612,5110.64088566608,6327.83028527989,5518.39925256207,5517.83995558656,5744.84345204158,5651.0407048226,5690.83547359569,5723.84087574822,5721.8207543374,5807.98892206535,5783.28813764727,6328.01524750603,6343.21827233217,6418.58011859077,6765.56645013871,6686.13242976652,6691.53752686195,6885.26307489233,7233.51627913038,6837.83081759536,6875.41115564855,6762.23513190523,6759.81475773163,7042.39074801361,7521.40507188463,7121.2206256999,7143.76021032409,7707.70803144964,7714.91763669368,8438.17590494246,6639.56732871586,4650.81987384767,4650.81987384767
0,6943,6473.61363495301,6470.43684423171,6667.07761207102,5207.87514718441,4826.55917256382,4827.21947599555,5044.83189819246,6381.56305584308,5717.87777233044,5720.11350319094,5941.50252418146,5816.99187232973,5818.98533196695,5875.15070844468,5859.64043496221,5994.86343581973,5979.40615209419,6332.06285588277,6368.08621981366,6290.62621156415,6795.37955930963,6529.15588495117,6526.01028487689,6741.49846011669,7220.60264358725,6965.16353314118,6932.67036974101,6803.78402706124,6832.10335851791,7123.2060758279,7357.01139461329,7022.26059383978,7041.00890103927,7549.43069348181,7639.21096113072,8294.20317291785,6388.30742956907,4471.273149303,4471.273149303
0,6943,6475.02784766112,6481.38651317642,6670.7273813027,5168.46055961289,4775.34769658764,4775.35115975174,5040.02044890916,6105.78293458868,5451.14233950838,5451.25101257576,5697.96683799501,5557.75664288065,5548.19106868596,5663.23359277396,5681.97071082858,5827.45992015111,5879.93527978464,6362.26268828749,6275.12363357337,6322.11352494456,6737.82295256061,6818.92467845998,6847.96744062555,7115.5603706421,7505.70882101988,7302.38156157165,7296.98709650056,7157.26940578833,7101.75735179645,7502.12225809086,7811.47133319148,7553.00429496034,7528.49220180596,7952.03756508026,7864.67992960005,8481.47922431284,6516.12355109991,4550.51012225226,4550.51012225226
0,7827.03612379504,6481.73163459085,6459.4759740303,6691.57380808754,5187.53433400981,4789.35874496166,4789.44649113487,5100.28693292287,6170.8474555687,5380.20970576357,5380.47022216856,5691.48361918009,5555.33204983985,5591.52485112815,5701.66124143325,5649.45086349577,5741.89688305227,5695.33545939698,6313.51914630217,6119.09344496879,6151.12797527399,6615.63050178652,6387.57093482026,6388.37875640237,6624.97895059953,7074.32135783772,6896.63503479003,6859.83188601111,6699.07857036066,6832.61364075077,7287.17332647893,7548.31016406417,7341.81650412187,7374.57873695008,8174.32421670384,7930.79169767131,8889.25200325124,6623.1260363295,4646.76063263811,4646.76063263811
0,7887,7398.00681905082,7397.98007471257,7655.23316119462,5972.50417429301,5526.82503687449,5520.48270115405,5819.73549542712,6990.02649409319,6153.57145115259,6132.34064420099,6413.12545618887,6243.14839213244,6081.8721434281,6185.89848033211,6179.20655130979,6298.07691397046,6235.24512804937,6745.50957996425,6640.05036322997,6585.16638287108,7044.04135403438,6876.38632818515,6880.91428281408,7047.35686177359,7564.52279030637,7239.65364583599,7237.26942617122,6964.34894329576,6839.18720723175,7314.23974433945,7301.42992598722,7164.72733023946,7128.93580800806,7791.18012392508,8101.42819517695,9060.34082701632,7033.57010081806,4921.10902787304,4921.10902787304
0,7887,7426.65398801089,7398.0389979846,7646.69759794226,5933.80112388098,5507.03074483988,5507.05301121266,5707.67362589413,6961.20765759081,6185.92404888506,6186.03564890028,6445.29594717965,6324.94307723441,6421.20618762653,6507.36344870901,6499.51631501658,6645.05639495573,6721.98578740078,7232.07399067812,7137.74902951928,7085.01420308796,7500.90658677078,7324,7273.23133538016,7516.25574842398,7751.08456364033,7632.97284846628,7612.06217120146,7436.43556340613,7340.316755492,7910.73533466065,7995.89142196597,7437.84344505059,7406.62215126259,7806.42217070319,7770.35156424206,8813.76518305317,6704.59245637128,4687.71053319594,4687.71053319594
0,7887,7483.92283325222,7496.63861678866,7684,5908.74677976485,5447.33267928968,5447.34336756101,5726.74326721029,6780.55558392995,5961.90188972767,5961.97177393228,6207.15523725694,5956.88442368859,5928.90289199874,6060.87125425379,6079.60982071492,6104.56325676788,6111.04636012186,6677.40579905912,6920.29074037297,6959.11139622842,7360.37184056707,7324,7324,7547.86646433988,8061.5745526838,7670.85882352905,7710.19999889093,7481.82348094622,7612.20511779259,8083.72812841718,8350.41408484169,8173.26530643683,8170.06868991558,8701.85877817559,8505.37820347301,9302.42379709356,7343.29623648079,5134.67366976997,5134.67366976997
0,7887,7452.82006383335,7452.82094794398,7684,5967.11379929453,5530.52160395554,5530.44819125433,5785.67560340459,6981.96226611245,6203.97366189341,6203.5996333032,6498.85871695326,6372.31552458921,6308.74652071561,6369.89818642169,6347.11002265265,6339.27142830926,6321.40346316972,6917.69895205627,6788.77513783655,6782.97381933392,7143.74382459262,7046.03697225597,6958.72110905977,7124.71163886486,7608.06589599461,7430.09891833111,7443.15180844468,7282.66434845878,7254.34020960793,7664.02463889803,7932.11181748259,7407.34443105566,7409.34886573889,8160.86856961496,8169.42457935144,8678.08413818289,6861.65760458713,4808.35508099604,4808.35508099604
0,7887,7452.81900003639,7452.81900006662,7684,5932.92132887705,5480.65700864376,5480.70101637015,5756.54634107154,6870.0802967358,6041.14037488924,6041.36459285077,6328.46846973749,6184.01145376618,6246.00092849034,6399.05497181964,6390.18513312105,6480.44150260613,6426.7043146805,6994.48564817476,6960.42357684158,6976.88765696774,7396.38425666808,7258.30102799548,7305.35007615778,7516.39019881692,7790.96411173532,7690.19391979489,7709.12490223062,7449.85903751478,7469.72353384323,7875.24723283174,8222.92653254563,7907.27141822634,7884.94125188124,8400.39969273418,8551.01078804931,9108.78354991964,6869.20224679179,4802.86115932915,4802.86115932915
0,7887,7427.38345412306,7452.819,7684,5957.03516426016,5513.90365877227,5513.87431735352,5835.61336842441,6938.86248380498,6176.72660399768,6176.57705140118,6529.22406938725,6343.45267916285,6276.26016241031,6457.46465302572,6454.36047360217,6609.62652047455,6646.91029063374,7134.9151207557,7100.273514968,7054.78351824639,7589.07535892081,7282.12354044028,7315.96403026031,7488.79854991448,8043.11182374298,7621.51722965419,7648.84045595197,7400.01740974616,7340.46899176241,7714.99819509856,8172.65808830788,7777.39789531629,7771.78243231331,8553.22646460118,8189.18631646567,9193.85905750341,6822.40601734363,4779.45890473406,4779.45890473406
0,7887,7377.89090076893,7365.17489618779,7684,5943.00833762525,5497.28566744346,5497.30033378885,5747.79486950936,6917.86806841272,6094.00925612541,6094.08393783666,6429.47578080205,6351.47214014573,6435.70131337999,6571.44592873235,6619.61790088317,6666.39522466643,6686.0658632005,7222.58098953447,7167.81019980751,7169.06217005426,7558.38882303509,7324,7324,7459.98786039445,7815.24453280289,7720.03529411655,7710.19999852248,7450.29250262542,7512.88066565328,7798.12217808866,8314.62494663075,8009.98430078848,8008.90329692473,8610.12392124151,9039.0704928199,9923.12967210196,7787.78412931546,5449.25353282124,5449.25353282124
0,7887,7418.5322658614,7408.99305203936,7684,5948.92223825309,5497.27500633702,5497.2750150598,5751.1536658278,6868.22939915147,6071.51486757713,6071.51511340257,6304.81551717285,6076.6397893111,6082.70697876636,6087.64603681075,6075.7788669474,6129.35585957862,6119.32603405939,6749.56991354762,6693.80097316442,6766.20723625183,7363.52021428922,7324,7324,7472.02427921092,7825.59045725646,7521.09411764706,7550.6000000632,7264.89770921949,7233.61523490774,7406.37824823756,7802.55990156991,7624.73517770242,7626.60080898335,7970.59744476772,7953.77893230368,8901.28074273598,6809.11136564633,4771.04780021769,4771.04780021769
0,7887,7451.40053173105,7441.86153886295,7684,5973.93563423509,5522.23397982186,5522.21195413284,5810.01623023142,6912.20325877966,6110.31909951558,6110.20697331871,6371.14838082875,6135.53437473693,6116.52150364152,6166.56356966723,6157.11336399126,6246.46818748013,6225.74039422534,6788.2005861324,6726.41692186277,6672.32506155004,7111.11472346211,7146.64959054014,7302.47517370489,7504.03641881639,7907.98409542743,7563.56470588235,7573.39999995992,7299.93753007906,7320.80010960564,7609.73459059157,7927.90594351175,7437.68933548868,7437.14510945753,7952.12107965818,7814.10328909132,8337.06267951952,6766.77087768757,4735.7548099527,4735.7548099527
0,7887,7462.01242909781,7474.7295388796,7684,5976.14717842733,5538.8893103619,5538.87461346605,5803.04750935793,6971.74477094416,6152.26070453632,6152.18581874046,6440.01655274165,6257.57173281282,6232.93650219687,6307.36649009677,6303.28511730718,6394.42028585442,6420.28739731551,6959.69750380842,6954.93591762963,6951.2670669466,7463.37512458615,7097.9420028125,7044.98447409368,7204.99565923574,7677.38265378924,7417.4307087797,7356.75120246161,7085.26166459322,7043.60467697163,7409.24826324142,7854.70808389325,7648.80488428128,7648.4170399284,8546.96131756558,8279.21171669261,9082.8931689084,6648.59916063781,4666.70330192791,4666.70330192791
0,7887,7424.5491774187,7430.90894804392,7684,5943.8954264727,5488.98203401361,5489.02607666107,5732.14447105703,6876.71497868538,6111.30083231608,6111.52494062959,6357.6411275283,6247.8734710894,6244.11498797017,6333.06995162287,6338.32539762752,6382.57982613312,6378.56793456345,6838.14468704765,6883.01907239898,6903.81173882449,7299.96480631656,7288.86970168891,7271.86924464977,7497.65529481958,7801.28918923261,7653.05067313203,7640.15468799044,7432.56503861644,7382.6646884563,7816.98474106248,8075.67414896972,7843.58477093063,7839.43225480793,8754.7671487502,8902.36744967845,9980.28392973778,7547.42887493901,5272.53703917112,5272.53703917112
0,7854.22323693557,7421.71330493247,7408.99597411358,7684,5967.13467943806,5530.54831872671,5530.51163543063,5775.4584931903,6842.3525054741,6048.52548928387,6048.33911712771,6277.01128580349,6122.43010968978,6102.89017062115,6212.58935738782,6180.55426892347,6262.42541522598,6246.30464509452,6879.19689552947,6607.49900898156,6645.43813763454,7049.47196453429,6887.04416385351,6897.72897356485,7084.19927528712,7563.05821115187,7352.76716471247,7363.72338966561,7185.603482034,7262.20039349205,7640.54732821803,8140.89303340993,7749.52373508218,7776.69431397334,8421.17836388619,8626.38030080696,9378.11490089267,7566.78314567197,5302.7923750173,5302.7923750173
0,7852,7404.96684404963,7420.86411027149,7684,5930.94726351425,5480.65702451374,5480.70105408482,5766.48571504294,6815.29909030431,6014.14554994909,6014.36950928526,6317.36591856025,6155.84629773231,6187.8077558269,6386.39380365963,6409.52396939879,6491.73980234089,6522.52630091287,7154.91235841401,6980.96069038147,6974.87412206389,7424.68287963753,7187.17529826779,7215.15898695308,7383.41896824161,7676.2277746697,7445.02588060058,7463.97185574301,7236.88365241382,7136.19416193146,7480.75723624643,7864.90111839583,7533.14472281456,7510.70365462114,7899.7938914437,8016.70428935451,8652.49121344308,6639.36347859932,4650.59611772304,4650.59611772304
0,7852,7366.0853298961,7366.08643512114,7684,5953.96157133471,5505.58399884233,5505.56199933462,5754.82137167751,6935.44735088809,6098.71924345111,6098.60711732225,6381.36797956193,6225.77677878814,6260.32478857456,6382.97861807306,6372.87742870912,6374.06365023742,6380.41856283979,7172.06028578399,6867.08330447823,6809.74516264218,7260.41213924174,7037.02763569461,7042.99749229147,7263.08661810621,7674.47855838573,7363.70012846166,7351.53643955404,7213.31143502462,7264.7361970951,7615.13490544296,8057.88464100671,7845.9574685309,7860.14704704514,8595.85662812318,8139.61718746104,8892.66503592836,6758.03316013795,4727.98765300591,4727.98765300591
0,7852,7350.1867838724,7366.08400008329,7569.32862385148,5890.83347626708,5460.01783675099,5460.21912300574,5735.13167919919,6950.46228259875,6101.94049491499,6102.87453680933,6389.66280460852,6146.83967833494,6098.62520555632,6281.15228391492,6271.28992868549,6323.53885713315,6267.92535896171,6815.75327374726,7062.15322362159,7077.29957951724,7422.93317137011,7324,7288.77371684469,7494.70104963613,7911.00869753306,7725.34730518549,7731.90023544942,7512.0212178546,7515.92656891422,7974.39769240849,8112.65354332932,7792.141984608,7751.80566766549,8474.06806133253,8767.2726997174,9622.82540167369,7311.42899468637,5111.35362499241,5111.35362499241
0,7852,7336.74087577098,7311.30643511737,7485.3090848228,5742.43251555084,5326.44371270016,5326.84399870541,5509.69525052567,6881.80355520539,6138.13312960631,6139.69463541327,6451.17297192914,6342.41838104199,6381.19977464895,6577.48393697308,6606.26122001974,6732.13614161007,6764.72107713624,7238.38755828068,7117.75606544452,7160.99488260061,7548.06837602872,7324,7324,7600.14567526553,7764.03180914506,7630.39999999975,7630.39999952056,7359.40942223498,7406.36985365934,7910.58425765346,8203.51765029362,7950.94855734324,7951.53647635923,8443.7964880366,8434.24516217868,9180.1233675052,7219.7231488735,5055.42930187934,5055.42930187934
0,7852,7389.41154251117,7398.94810389549,7586.30945585646,5765.27144047137,5320.00479861022,5319.6004990766,5560.87069401408,6660.8402039399,5897.96665328602,5896.65724112095,6170.0915858387,6010.25881679615,5947.18883018812,6091.60686219595,6076.77191991546,6215.78329163671,6185.81490459928,6733.98218318017,6593.27869674407,6603.50225874416,7167.11279158419,6975.28163606836,6940.23933428809,7311.93542788268,7735.74859914049,7463.44971145313,7502.63113328045,7301.67266920968,7320.20183009661,7795.07003094151,7973.37923869035,7705.46490264515,7704.82784574421,8279.24239779383,8228.57291441121,9054.1286783248,6859.4126143262,4801.55381413748,4801.55381413748
0,7852,7375.6231275675,7366.08546093716,7607.52522265773,5827.87111672147,5372.54315077784,5372.64100670228,5685.36551524547,6790.02342505741,5991.84793454801,5992.06833813701,6333.60975908421,6240.76525668728,6251.52740789558,6419.49115823893,6428.60592465217,6585.52763499751,6606.17337619709,7107.6223118216,7034.09404239057,6978.18055311701,7465.12246291214,7310.05000001575,7292.2876148041,7529.18111771533,8025.29959707254,7734.89548450915,7777.00448981844,7421.44329587683,7427.15743470112,7889.79694144265,8066.77623896229,7682.98897632329,7662.58693566814,8144.88767370026,8256.28893574729,9262.31860223776,7029.55301880594,4918.95575441685,4918.95575441685
0,7852,7383.05398591778,7398.95053897955,7624.82798146831,5961.27627785023,5532.37225266973,5532.0465220273,5830.99835071627,6973.73639275409,6196.04214542699,6194.67405757328,6566.36813475099,6386.28596397745,6412.43059081708,6503.41440957502,6503.8493673734,6592.44104304991,6572.14535935365,7018.74807564381,7021.63389485821,7037.40187513142,7610.96487847134,7324,7323.99999999996,7523.97572078778,8106.36182902167,7720.03529410205,7710.19998897231,7398.87477065273,7336.20831820344,7835.62614997217,8021.66267505198,7751.66595707265,7751.03024491618,8339.86137122777,8142.76907515285,9147.60136204157,7094.47269941609,4967.33277169866,4967.33277169866
0,7852,7337.81444339751,7344.1744350674,7540.2012782671,5792.7768040309,5349.28462583137,5349.73814672314,5663.89435763159,6802.42068836489,5950.24874485325,5952.07882011566,6358.4425739011,6200.88728871286,6212.71073834179,6328.8222327173,6337.73711730016,6509.99018959475,6510.11837740471,7067.84550114275,6942.31191405702,6919.19506754593,7391.27417863926,7324,7324,7556.06069802731,7812.07952286282,7865.10588235294,7835.59999999205,7531.93583954501,7584.09731940408,8035.76781019378,8207.76952729753,7942.57418342737,7941.26557002399,8707.24004039271,8651.96172591315,9239.694524807,7384.61211812961,5165.7148680502,5165.7148680502
0,7852,7319.08108876848,7322.26097413023,7522.92063625308,5824.73763567044,5387.89657097632,5387.95783817674,5715.93351574292,6931.3757095475,6159.59355412885,6159.72031304256,6566.4329119433,6415.32574910211,6372.4815593308,6448.28336402895,6451.96415075295,6590.8561797034,6603.10471926485,7138.18328433465,7160.55929638697,7146.51693486807,7540.87739373749,7324,7324,7519.91502276176,7963.96819085487,7602.45882352941,7641.79999999493,7378.8978540349,7295.43640697409,7805.13918765419,7877.74838197272,7531.88275933224,7533.69791906755,8281.68639411621,8388.65023301862,9298.20021729121,6828.74893913194,4784.97042288913,4784.97042288913
0,7852,7327.20148217009,7311.30448705679,7509.30501703405,5802.14791299179,5376.13078676277,5376.19479845651,5641.62812398726,6876.37382291242,6078.87271598622,6079.10445103631,6457.15058187296,6304.18056326293,6400.74366727629,6454.35533716123,6461.00348066646,6562.17254309478,6572.01570007266,7130.20325304841,7149.85006283189,6879.57257942924,7545.39371045053,7324,7324,7564.10925644916,7876.80318091451,7709.08235294118,7630.40000009167,7419.82709075612,7461.57218953038,7935.89496900323,8159.86873223456,7885.20633258753,7885.13498691224,8311.84609339659,8520.6178577771,9280.14525946374,7380.82454810925,5165.16376225988,5165.16376225988
0,7852,7340.64712423812,7366.08156489929,7540.68913026648,5809.87381720668,5372.25152755196,5371.9987164833,5648.69420467963,6765.16554545684,6011.97110290584,6011.1519050334,6354.93514317866,6080.513836071,6066.30341190997,6130.89357937067,6116.49858253978,6216.27147274452,6229.53132643146,6808.3734505701,6846.93749117907,6799.84011322925,7510.52145692781,7324,7324,7551.92716236722,8107.16500994036,7714.44705882353,7812.79999983774,7520.18550651024,7541.02925497457,7968.47495914588,8094.67989033359,7774.58290187412,7772.89513405362,8114.17370519771,8046.5475765444,9116.50543134025,6705.54294145045,4691.12937098399,4691.12937098399
0,6868.69710806696,7278.43812778497,7278.43989610451,7444.46832909024,5726.06370384597,5291.23890551063,5291.7370358014,5539.25211150363,6666.76278488168,5894.64087837969,5896.42342066034,6218.74792116693,6062.17529924384,6046.59371523712,6190.8148732821,6183.15065965607,6251.55149884944,6270.99205083011,6833.33557150325,6678.774853463,6745.75860382948,7484.68072428747,7324,7324,7584.08497723824,7820.06361829026,7804.97647058824,7755.80000007984,7449.67362915292,7444.46635544892,7876.47709667528,8030.67589394492,7713.99511705135,7714.69073742862,8184.52239047658,8112.9932800835,9019.54640577218,7195.44206754701,5038.27530957154,5038.27530957154
0,6802,6348.43471277704,6319.84775009538,6530.67031798396,5049.4438211834,4668.50247108252,4674.94472331012,4943.68841848689,6186.97622832386,5398.54416602245,5419.78214695831,5725.20056357521,5651.89286865726,5677.31700340561,5957.41882287581,6010.45188927095,6137.96075152291,6121.34980103777,6575.87111001464,6749.04964427894,7011.79136938958,7544.56070894029,7324,7324,7571.93930197268,8033.55864811133,7595.75294117647,7664.59999994083,7387.24484050917,7371.59624583933,7811.07415836628,8124.96427775075,7663.04386019997,7663.55372381496,8144.2759662386,8196.13803350662,9115.82432841966,6908.73534372249,4837.57376012254,4837.57376012254
0,6802,6408.84927764032,6418.38561890075,6611.60128183723,5160.70258307813,4793.60703482836,4793.00919715713,5047.73639698436,6424.08550225264,5698.83208019012,5696.63822454744,6022.88277513474,5864.51025468914,5895.03171444537,5982.64679665673,5975.50937833214,6107.98035688876,6105.42181542854,6479.52860334031,6484.94650247956,6480.89304231959,6975.43384939418,6860.80632748087,6809.32924363172,7144.0866284684,7563.6862791924,7624.04361710994,7671.8450899632,7498.68185442816,7415.20082325198,7776.9935848349,8219.91444004852,7931.13092839554,7931.02804856555,8273.19289786438,8346.52055006378,9311.82224642358,7169.43132874634,5017.88287938267,5017.88287938267
0,6802,6360.08725197764,6385.52346092058,6511.45246993611,4994.37179267634,4621.69108594577,4622.02987401578,4824.54124093439,6183.49061114606,5499.28226044848,5500.71592989772,5839.9726516202,5739.21486461722,5761.29142778832,5925.9130893861,5902.16469796366,6071.30369438692,6069.17080393612,6619.236139055,6404.16888578094,6434.62587424978,6898.39555776085,6863.63435075833,6880.80163141091,7021.55631478439,7450.53462303295,7090.78708302413,7128.87837017205,7034.87973809641,7086.40736465476,7458.44469019202,7816.06233419377,7477.09505173719,7484.93975899938,7810.4696494828,7841.91063947708,8850.4518881002,6825.09975678183,4786.87006078527,4786.87006078527
0,6802,6323.31167373469,6297.87789623776,6436.63751216433,4887.15766619,4515.25630094658,4515.78161623435,4777.67647615967,5979.09984080278,5286.83106083767,5288.75080565554,5626.65206401695,5495.36902726843,5445.45623169529,5706.89263829358,5743.98181251285,5946.40938263641,5961.93463233879,6544.02864172779,6474.10031054356,6456.66044205119,7134.90543720539,6831.53432220162,6867.38806138303,7123.31394108948,7501.07961782701,7097.81580214881,7114.38510230802,6888.01252977332,6957.76155732494,7388.93276633617,7655.50273335178,7478.46584755528,7468.74692225916,7665.53335889551,7779.70672132956,8655.00154388588,6767.69613143294,4741.09143925738,4741.09143925738
0,6802,6398.23764518079,6385.51810394547,6590.26924090632,5036.6152100428,4645.96810848742,4645.41659138763,4975.74697952157,6216.82251267805,5451.4196806546,5449.36821581645,5874.65326304853,5717.16639662172,5789.80363686502,5868.93426711881,5888.65344026024,6013.75761632023,6027.67523672409,6530.68578445118,6554.41618331326,6564.88817865417,7264.99828293613,7039.54538074994,7103.15631700952,7419.6338344499,7743.82607184634,7629.62361794476,7591.72797270984,7203.40060473892,7238.16617800671,7652.54500125526,7947.8445406229,7630.41166157933,7615.11904791873,7950.32535534115,7664.69638857467,8407.92931019978,6507.35754397261,4542.37842234732,4542.37842234732
0,6802,6426.16549277738,6429.34405177285,6643.29354476659,5158.42448350533,4780.59839261009,4780.24842048887,5067.36807676649,6423.29016216213,5720.12837493944,5718.72866365891,6140.14874522816,5934.14453856569,5931.08164016003,5911.33280827599,5896.38500486946,5945.17110008546,5949.08082259812,6378.22992766403,6328.62201430037,6315.35702728426,6765.78164555737,6727.45361550985,6685.67133025362,6973.00414514036,7414.41004345633,7089.87575593548,7130.27418278207,6842.3156862959,6795.42300641005,7331.17542495185,7470.70392537567,7234.49605600098,7266.80152712573,7918.094641464,7892.56710990285,8779.49136993642,6661.41387449779,4672.85924265085,4672.85924265085
0,6802,6399.31360653471,6418.39048695684,6579.63564048158,5078.50033567739,4706.77021893357,4706.90090826713,4933.28466001459,6274.10696115175,5503.81166465467,5504.37933398045,5863.07007436148,5673.65846743994,5678.09856261382,5743.27538838619,5728.72739103877,5815.00561097601,5797.6042282536,6385.47301983689,6221.35861715222,6199.36964423351,6738.26144868364,6440.82437607998,6422.84897446937,6593.55166394685,7134.2835100051,6833.16440025794,6849.93837847788,6601.9135440598,6662.34614381313,7121.77506949789,7516.63356238999,7241.79329922029,7258.18797715642,7850.29088675374,7977.05505207289,8669.98223920569,6872.9649476337,4818.50356714248,4818.50356714248
0,6802,6355.83503911656,6352.6569221575,6484.66010182198,4942.79619659116,4574.0091049196,4574.4599256569,4755.94732141122,6175.46814827461,5460.2697549568,5461.99533861433,5757.55022905949,5625.39417857159,5593.33231758783,5700.89429585119,5744.60644755712,5861.95334565574,5893.37601277268,6227.164257863,6517.20808336668,6548.09972943929,7164.48241375944,6881.88848717472,6956.4490416572,7150.89223197678,7414.9494702902,7167.16291373133,7192.26476150776,6888.00560151116,6818.45286665162,7153.05639824852,7353.1354320895,7084.62398908378,7037.24446694407,7498.04468084361,7490.59869353656,8215.40814062292,6214.87763083503,4344.19470666093,4344.19470666093
0,6802,6347.71251790269,6363.60951307647,6492.26758539482,4951.57132803364,4572.88830425101,4572.83803838757,4766.6863041487,6098.41950841909,5423.03489339403,5422.87267459368,5674.5948471467,5474.08481497356,5551.1803071971,5574.93364747158,5520.81003348207,5612.25243002822,5589.41896870722,6127.75521333528,5899.89646380087,5893.57694907518,6542.35071534525,6281.22287660028,6251.47510429788,6516.7603001464,7080.0379656254,6596.93296600043,6584.4676929326,6390.93804151675,6460.97921829365,6878.75371835637,6986.58058235641,6843.96101182507,6911.43049285376,7463.41470476619,7482.33994738687,8041.34687550102,6405.1412520829,4491.89336781868,4491.89336781868
0,6802,6340.62576223112,6308.83243510072,6474.93185898091,4938.24153742754,4564.27981094402,4564.54602205113,4787.55547573562,6082.4199914339,5356.05196768651,5356.93897713646,5626.39876128584,5410.45961603001,5353.98577424481,5573.14293717156,5577.37289095679,5727.67358771254,5722.7894684429,6414.13175801998,6271.46747549526,6308.85382889092,7001.77029090181,6752.15384476995,6733.76585128388,7065.05873970576,7400.08442484614,7389.30310643627,7286.47056101568,6967.9768396505,6941.81482927911,7286.05596349374,7554.7895804664,7064.54582862755,7009.56852427414,7445.24271601652,7455.92402922535,8144.12205238744,6043.62581120071,4219.55601900878,4219.55601900878
0,6802,6386.59290791123,6418.38512984855,6569.60026063652,5079.97832514057,4706.14020061531,4705.47397688207,4888.34156920267,6246.23624919292,5541.44156450128,5538.99397752113,5795.87512496493,5626.01179104783,5637.46596710268,5765.86759145909,5798.05295956853,5937.50793264999,5918.99647912183,6515.31189036786,6493.07259946621,6465.50171301689,7305.86771071259,6925.03835829257,6928.38141767717,7284.59192738597,7573.70574279768,7425.10063854604,7441.33201347657,7062.1054252902,7083.86575215203,7487.9077917496,7730.24717603489,7401.97328836025,7392.1487831962,7967.75684313133,7758.05117537918,8584.55353553924,6580.74154156802,4603.09681716877,4603.09681716877
0,6313.15799086758,6321.55043263558,6308.83487006817,6466.27834134024,4925.32214374185,4539.63796838893,4540.33070702942,4779.35823991053,6028.13592889228,5319.90140445254,5322.48250783271,5576.60008229027,5441.57539131887,5383.69317711134,5439.36654614358,5442.70629687297,5642.6477791281,5670.69586558382,6157.75701378436,6267.6664039226,6263.52126598805,6905.49586523138,6966.35056904444,6972.7207537358,7286.82961354613,7770.17562888273,7466.41602241907,7474.84143517207,7224.17320789063,7106.72265058181,7490.75737492572,7771.62868835704,7610.41320576188,7605.2217370995,8232.70199532469,8288.57312480928,8961.59549531819,6992.35773006329,4889.12883913229,4889.12883913229
0,6280,5898.3398042613,5876.09675062527,6091.51781971256,4723.89909447795,4370.23649830074,4373.08311450682,4611.89281502507,6032.56717363897,5285.7166277946,5294.84452125601,5570.74702812822,5547.1335241814,5571.24522603532,5672.06061297551,5657.40831549278,5806.8144747687,5793.1940097894,6373.19174762891,6266.11510315017,6246.97887662497,6856.64656765253,6578.6305398182,6550.13692910714,6769.09264990907,7188.77379004826,6982.20190706799,6989.05428478531,6853.98692432481,6905.2809203887,7270.18569700275,7485.54754970191,7137.87033469683,7176.49496551935,7714.34191563612,7880.05353869944,8434.52321363243,6613.64937031384,4643.33306089585,4643.33306089585
0,6280,5917.78426310459,5952.75659181903,6126.60772201167,4796.97071455297,4449.88354659069,4449.43786260918,4673.2275685692,6180.34655950481,5451.61031724231,5450.001181318,5713.48765918898,5560.82432287203,5618.64839983064,5755.42965510686,5746.99620545102,5889.68678799312,5893.69673533488,6417.63947902084,6498.77876390622,6480.40806356625,7070.23041371111,6883.75940899857,6933.8287883934,7147.51541162944,7631.74389671145,7312.12653734337,7310.15370232551,7060.54732041785,7084.04268592684,7518.72821765418,7617.50473173969,7401.95979755228,7368.40463591196,7729.79371506037,7717.61549623172,8414.62206179407,6293.63738370636,4398.08610746373,4398.08610746373
0,6280,5841.78525540707,5832.24935714165,5974.96217561364,4581.12730872147,4234.06187630457,4234.85890315137,4482.19310128879,5986.23337779564,5304.57413506773,5307.58929432559,5629.28967608344,5446.45506910111,5462.86031360454,5667.34987006096,5671.71430978579,5805.47278746244,5838.28532608044,6481.67167969863,6436.09132207353,6441.46418567333,6898.23455783921,6819.43787956876,6729.52352323984,6970.70813248118,7350.02098218575,7197.28632225588,7219.36863447735,6948.10274733544,6947.82468298508,7348.26015882505,7556.6081495223,7277.32779448994,7287.08220878426,7753.80961204956,7682.91879174168,8511.64146523715,6547.58184290379,4587.72661264317,4587.72661264317
0,6280,5874.6495318675,5865.11053911281,6011.08475594065,4629.85378774144,4293.52405242566,4293.30592193787,4500.44598187129,5996.04598792774,5342.81281011517,5341.98668877817,5660.49945359249,5431.0380796775,5492.08293229845,5652.18979336472,5680.08777022235,5732.93782368868,5736.94799997803,6300.80546364791,6391.81665281777,6435.03318071996,6902.41964923112,6775.91941112362,6768.64184539468,7077.40473005636,7373.22750137343,7242.34454685613,7176.01521361951,6946.3673973377,6923.24742239346,7470.03867921421,7617.39870051045,7131.69829861045,7131.6414831543,7669.87857748859,7665.77524818416,8491.99712397314,6537.46403815941,4575.46186216334,4575.46186216334
0,6280,5901.15864527091,5897.97853887961,6066.04952964778,4614.70241610161,4253.96618410213,4253.85449822008,4466.69665284101,5790.12533543387,5161.10847583897,5160.81855521723,5433.9292377346,5285.17244199672,5178.51455592735,5270.27942804262,5266.60336799795,5374.07651812837,5355.34987811681,5936.89090068352,5862.32023087626,5903.97116887778,6661.80883756847,6375.12001337557,6417.98588649519,6766.55511414295,7160.11050302168,7011.81920195969,7028.35545355258,6796.19303891794,6910.62474154099,7352.63123242738,7899.65845403566,7756.59376303769,7786.61758638526,8288.72730721936,8290.43230691751,8824.55288534324,6993.80052565163,4893.47067941042,4893.47067941042
0,6280,5902.57684752467,5908.93551292655,6097.59358508118,4721.57482175934,4365.59522638293,4365.42404366764,4616.10614018689,5869.21359070008,5155.74727370316,5154.97634562666,5425.13629854057,5372.89507950677,5307.38284711627,5410.59554125846,5395.04612037815,5532.29853964212,5531.80966395489,6023.39716380453,6018.91937926055,5968.57333133368,6944.57192373573,6668.56817352271,6680.98566732547,6992.4958489217,7379.44023767698,7161.59004259718,7198.5332113854,6911.77647752058,6806.03234499408,7056.50317678858,7186.93862088625,7030.67501961601,7021.03111273032,7414.27747865724,7576.89056609978,8078.08999654401,6192.14168213166,4333.00849694709,4333.00849694709
0,6280,5902.92174812161,5887.02497403029,6076.36743174357,4699.94455847818,4354.77777831883,4354.89220428586,4607.99193762893,5965.73462507337,5263.26779025574,5263.66220026052,5592.26907967837,5493.32236113626,5596.03280740887,5717.04089883362,5731.57205351839,5866.98082834216,5839.42113470471,6288.17043848706,6274.4392387111,6302.24313678926,7153.0774761721,7075.33697581572,7094.91074825607,7331.81850421973,7701.90779206775,7495.26575188277,7491.53762264686,7219.8293609831,7238.10724907103,7559.09360541531,7690.95753883685,7210.36006782739,7187.14727147366,7362.75006255013,7392.85290648429,7858.85543330354,6076.68361975588,4244.83445402243,4244.83445402243
0,6280,5935.44378365492,5941.80156491594,6137.1403130969,4723.1043767197,4363.33505892864,4363.06889215758,4570.18082067031,6033.552624167,5290.1726151273,5289.28589211215,5572.1402813624,5447.43227083223,5456.27585162156,5544.19019699153,5527.61586856998,5693.91579613413,5726.92176598094,6210.29438275355,6088.60724000681,6049.34778149851,6863.17019614882,6684.92382079024,6647.26179090789,6916.7300849932,7205.12963990709,6971.61710831542,7017.05938993938,6791.62890837753,6793.09746107067,7150.1934387735,7587.79979041415,7239.87954387595,7267.18417207659,7610.12095557358,7467.88403926496,8093.05262066801,6136.50916470021,4308.03175866781,4308.03175866781
0,6280,5926.25141838136,5919.89297396366,6111.21123805592,4724.58027846686,4377.56040360721,4377.64796470885,4610.48829152891,6036.32813092732,5368.45294844836,5368.71237839476,5631.40914831382,5375.58662093221,5381.84308435099,5504.1810649748,5526.68436830717,5634.99426343921,5618.39147842472,6020.70124680028,6129.89524848904,6119.55232950012,6673.84472406246,6759.03263911837,6800.0276227313,7112.05140165159,7563.25331998412,7230.26297091745,7138.25598318354,6863.17520210814,6920.0325365031,7230.08809862835,7657.6564377701,7368.46172318452,7353.09250192038,7880.73221015385,7771.61694014789,8628.77404308337,6462.38783899356,4518.56934806666,4518.56934806666
0,6280,5935.44458159134,5941.80302598636,6137.82615968925,4713.67334473672,4351.00085032704,4350.92655633307,4556.09447546178,6030.77757063321,5298.90954321002,5298.71686603169,5570.86977709604,5503.88310169392,5426.69386308516,5479.70476359732,5473.39426533783,5622.42443826009,5624.98404849338,6039.04788149785,6069.19440551663,6085.3992123333,6634.51161041095,6379.19256173975,6355.23790183708,6637.66846597255,7078.98871909558,6986.24621666222,7024.56368376652,6736.74683034051,6699.85784989359,7167.78704720654,7436.3127950717,7158.33536244604,7181.10823472662,7696.1800407028,7857.86387220628,9054.24438554655,6811.65193743389,4777.89365205279,4777.89365205279
0,6280,5907.17475900095,5919.89297401363,6117.21123816014,4749.90958742345,4390.02851035487,4390.08942038471,4637.82216673761,6059.56379448976,5378.19490868823,5378.32021269729,5612.82331177309,5457.55643648538,5510.28854113433,5568.19619472972,5576.33803799869,5724.71715310228,5706.327012993,6101.37286497016,6121.8562198963,6106.315631259,6706.30720336697,6483.13367394522,6517.82695323112,7002.81924662956,7216.73475870033,6961.86844940496,6976.33943045121,6789.80593131755,6724.44493312511,7142.94461471616,7681.86364204027,7410.49206383031,7407.74680113989,7664.31511009407,7782.22513032155,8840.23150611195,6966.29392724201,4874.68207857715,4874.68207857715
0,7239.89091831558,5891.96628010651,5876.06994812721,6068.07206792735,4712.32650105339,4368.08212451402,4368.31124104151,4586.69290413453,6021.25217811197,5355.48412824174,5356.27487016408,5629.80994409286,5548.07431927575,5485.66468055103,5541.19200067998,5518.98654349502,5650.39543389394,5708.60055050498,6318.63906306013,6165.46100719564,6140.12812618451,7008.12812977747,6540.2515019984,6510.6606589484,6823.48201862693,7467.53122514025,7279.82136159299,7332.16839564079,7096.71964849658,7192.93211302702,7528.95966282377,7638.26637729374,7599.24883464744,7587.82549150511,8036.71699513147,7705.36190877322,8385.53497643632,6670.06464031517,4659.76110699095,4659.76110699095
0,7305,6841.20320361539,6866.61028522433,7038.4936568909,5419.71038900742,5008.13132518108,5001.55088398174,5217.51065333542,6571.13328754428,5707.82429019444,5686.07790217428,5899.60595277141,5715.13709927755,5717.47128887092,5700.92744931165,5698.64819048363,5681.5220722069,5635.800587587,6061.22099392992,6357.44713073094,6377.19548816301,7159.34330020716,7172.28740471368,7128.29307969486,7343.9987960534,7530.60830678979,7417.85588441364,7342.09950759981,6988.86708821053,6974.87466728709,7280.93135641235,7475.03432795963,6997.22176338026,6961.60109743261,7304.20343899918,7648.37072110778,8149.84930405662,6316.85393429738,4419.35893133228,4419.35893133228
0,7305,6804.46267253594,6779.02889404278,6965.10571188181,5347.54709473017,4944.75947125425,4945.23968410601,5137.7132872021,6637.23185651885,5922.05929651861,5923.75057875102,6141.76131740921,6036.94763475212,5948.51521901443,5912.01119134649,5915.09467161721,5969.32731153587,5975.58591116404,6613.6788607932,6367.5169354124,6378.34962238617,7027.73769467149,6968.14408166709,6943.22634243702,7199.86630428556,7531.35468714995,7158.83823540912,7167.3365836372,6833.38009942573,6820.50883677158,7230.22720283452,7312.96117253406,7107.37170554628,7130.32607742212,7583.72128562336,7246.67590871368,7892.19544759207,6000.69526551596,4207.288657042,4207.288657042
0,7305,6844.41476959995,6866.66910394539,7083.34766026113,5477.9418337013,5050.54858532812,5050.0238250832,5300.31016605437,6616.37283464257,5836.85282927892,5834.93674122252,6020.52748301337,5916.42362103916,5937.06582815132,5901.69211957652,5871.48507580383,5909.94231032658,5903.92014346733,6225.87437984111,6481.63174178081,6509.72043892941,7138.35237057881,7070.25671552757,7099.52714380554,7432.29912315386,7745.00808463383,7519.37437814683,7537.83733461634,7226.42079932276,7174.31912638034,7580.68009463602,7767.45174842842,7475.49917856042,7453.88701476514,7909.55285912383,8093.03664615932,8297.73268901237,6690.28276918329,4675.45967836702,4675.45967836702
0,7305,6818.59785089044,6789.98440903106,6978.57413997788,5455.69143282401,5081.28155636577,5081.60840858175,5301.07856947738,6723.64315645254,5955.1487148931,5956.15926005132,6226.81698115132,6003.14316719717,6058.76433272223,6109.56149440433,6112.14420802425,6167.29362327239,6137.84478557765,6782.78749728537,6326.72849199555,6250.62986836177,6624.3147825195,6679.36989247415,6714.95129251787,6981.24624112356,7349.77983964432,7202.37057971732,7132.64196097116,6930.91924007329,6890.83257540767,7317.67924587504,7426.23941318137,7161.83696891042,7212.43387777023,7657.95360755431,7639.41836676986,8348.55061984679,5983.93711231049,4198.50539819116,4198.50539819116
0,7305,6872.68539008132,6888.58061690533,7043.89305186549,5356.64337158865,4949.34376446555,4949.02278106745,5133.9827335302,6547.73342548277,5776.84609143116,5776.0462635615,6068.61716261699,5921.3509975888,5899.41952898883,5952.41825263237,5965.05433986951,6074.46894863423,6116.10087547221,6775.17977522511,6844.13382032588,6898.28097072626,7800,6966.13458132218,6985.60038341641,7492.97358200761,7574.88273401886,7240.10592096195,7347.7073430375,7039.16524332548,7149.22382150026,7488.60745886618,7814.33947308032,7350.89958577849,7286.12866787264,7573.81878198967,7674.80868941155,8486.05584025521,6606.86562581469,4626.779317607,4626.779317607
0,7305,6817.90911363907,6833.80743496746,6983.81008450916,5337.90251686612,4928.49080812719,4928.77020074326,5138.75750863736,6510.38287050019,5766.55961414641,5767.51291155832,6014.52248115558,5766.89019254602,5854.00716307817,5918.34617970248,5883.45979023958,5961.86227824632,5919.52146542106,6617.55117014601,6484.22797634826,6502.39903635546,7625.7138665522,7324,7323.99999999997,7980,8319.19681908247,8010.17647057687,7960.99998144295,7524.42736085429,7456.17201825817,7785.62626755075,7942.02889420201,7726.25697801133,7709.01587562489,8033.47568288864,7826.94921637932,8138.26183005923,6580.62664281277,4588.83779190543,4588.83779190543
0,7305,6782.20577317414,6779.02743520065,6925.68868714651,5327.98399286442,4932.09301746488,4932.34606981599,5118.68107014561,6672.96791716307,5770.89663796423,5771.71727586489,6003.93870513816,5775.62131352367,5712.48909559184,5882.94781327154,5904.01950699607,6060.36502478834,6070.51418002308,6837.90534707874,6673.86211529563,6211.13922049501,7602.2644972884,7320.1184344449,7267.9014456803,7980,8351.19681908549,8048.4,8048.39999997719,7717.05130160755,7680.5158919065,8013.55637241509,8127.99333386732,7854.12399985958,7853.06278922236,8285.48178777956,8293.11700455235,8749.72757050742,6485.49010204555,4536.95949695634,4536.95949695634
0,7305,6815.41627994363,6789.98051305982,6977.41815525258,5327.33120203427,4918.64284042583,4918.60584258516,5193.0072748385,6848.40158094183,6053.9122359084,6053.81606261831,6331.85963450734,6008.24422579233,6043.74572695074,6111.73129437329,6119.30008992469,6287.94887814987,6219.96524569981,6541.50303627514,6218.3123769782,6034.32088388539,7381.00430900554,7109.34443412156,7116.70242139744,7980,8452.77137176938,8099.14117647059,8059.79999999661,7731.77269058833,7768.29299647055,8054.92256562882,8260.05229074419,7863.49332240411,7863.20210720875,8298.54074335434,8284.80885171443,9113.43385521672,6829.85453489225,4780.04158363294,4780.04158363294
0,7305,6874.44742892583,6877.62510379555,7062.86548790497,5466.62068192361,5074.7600648237,5074.18137399361,5228.6780808976,7028.85898502229,6265.6188292555,6263.43042378888,6535.84209081249,6382.62503718403,6304.94391459738,6303.04136591977,6224.21814750096,5294.41138103929,5095.96152627781,5740.91255305514,5661.47108868921,5775.32667262628,7380.12114959909,7174.1219488307,7145.70693678244,7980,8448.80318091451,8188.3294117647,8207.99999996366,7900.40660626492,7827.34611291632,8076.38475362156,8221.0442738892,7979.01851021255,7978.00271918926,8546.41105823599,8406.4787986116,9014.26966532495,7175.09832807482,5020.49503103029,5020.49503103029
0,7305,6844.4171632637,6866.67348689021,7029.3568123858,5356.88766603789,4938.72765803079,4938.9251459286,5149.53127109159,6690.34060057295,5893.40081879259,5894.30512906869,6094.62810301785,5924.45736545955,5920.26911925696,5229.36749207878,5184.07692923083,5308.86746541511,5442.59974874715,6078.94118696361,6168.44180781103,6047.5774889686,7350.67390645507,7000.78880770816,6998.62799144519,7980,8481.59045725646,8203.30588235294,8173.80000000629,7872.19176951215,7950.45576532857,8272.66358211108,8286.0902638863,7971.18358640408,7971.05122970128,8185.01331333488,8641.67556625978,9019.02098490343,7018.61843660052,4912.32958062179,4912.32958062179
0,7305,6796.34174832998,6789.98440918097,6968.01231233392,5373.6732649013,4968.89441030927,4969.22174770337,5192.44950072932,6810.14998250466,6053.05402258409,6054.06694305118,6297.1467600585,6119.06616848028,5415.80657225135,5374.49741230201,5365.90382124761,5396.39319997033,5336.95455200027,5750.61690611146,5683.74310288336,5848.12491131137,7319.75651497254,7007.71916760209,7062.04281857814,7980,8394.42544731611,8242.2,8242.19999998547,7873.87207346445,7847.78091828072,8189.88387819469,8253.01307858617,7998.31457554394,7998.18991732593,8214.13801239881,7867.72500007918,8255.75360535444,6356.96490178411,4449.97767660002,4449.97767660002
0,7074.62617960426,6834.14857074839,6811.89202606966,6997.89096631446,5396.51317728234,5004.52649564812,5004.38541582973,5201.45114817347,6719.26462436347,5993.05259941735,5992.52389753207,6230.11037629599,5376.95847019981,5219.20616607941,5395.5081191828,5476.18390010458,5748.12443416644,5886.23973264307,6370.83952900175,6554.250546989,6742.45400174009,7594.25474291228,7318.9526180796,7324,7980,8522.36182902585,8082.15294117647,8151.00000002716,7866.03854669481,7819.08950109481,8225.30744501223,8350.02375788972,7844.25884473298,7844.9451598108,8372.64528523042,8338.19427070228,9151.00459437974,6699.48543842869,4691.07480179901,4691.07480179901
0,7059,6648.09582291307,6663.99805793635,6850.0100902986,5247.11102118161,4844.70385686929,4845.86842240894,5073.36044136143,6461.10169088728,5714.33680225246,5718.21182713354,5821.23163670596,5422.85730424822,5592.65195963505,5942.92585760686,6054.74582544405,6247.9399033758,6291.33142144445,6825.86439129907,6934.18529346423,6971.81510654356,7529.10361198864,7323.97571117994,7324,7568.06069803649,7945.63817100641,7808.10588248847,7778.60047416274,7492.37773275179,7578.31569287583,7947.11468884233,8406.03495077915,8045.22356495658,8090.35951976112,8531.57722617477,8720.33970005617,9521.13277021697,7500.09334173864,5261.41517935878,5261.41517935878
0,7059,6590.13167069288,6609.20943549558,6758.45670926773,5230.69862276796,4847.58224440163,4847.83593207111,5047.2016656042,6534.54949409866,5744.97975700532,5745.80358062732,5956.97637114202,5883.4966293942,6152.64424712719,6446.7777309512,6503.98197464228,6519.6229504161,6604.80020348765,7146.38246645799,7029.51321293904,7020.37299209154,7492.56771876228,7323.99988311826,7324,7539.92716236722,8018.39363817097,7713.3294117647,7732.9999999508,7352.0223788642,7357.2444880839,7631.88188813538,7931.71032542777,7772.07309223107,7772.736967734,8094.66029118139,8123.0367082346,8857.74467938078,6822.95895897125,4778.5956025462,4778.5956025462
0,7059,6543.47259591834,6543.47392222415,6660.13570411168,5094.90900269308,4714.71347038993,4715.16438895177,4902.46981343087,6372.57809135901,5688.09471597005,5689.82079551819,6271.02206267166,6348.28808094372,6543.65098723127,6657.86989001033,6679.24726604986,6685.2028929072,6697.63744196286,7073.27362675331,6963.27183346238,6948.36997885391,7472.75873188876,7323.99999943755,7324,7491.96358118361,7936.80318091451,7674.43529411765,7664.60000009882,7319.79532667774,7283.28661820405,7453.09371669878,7631.51291747361,7448.07131585096,7449.0317575474,7525.38323406357,7788.73780339009,8285.56720850847,6581.08892090274,4608.76824193456,4608.76824193456
0,7059,6562.54765946229,6543.47100009995,6667.49519375716,5077.18880755389,4701.88047404795,4701.89417116457,4863.05437756845,6237.67141703926,5535.57580221394,5535.64510889019,5777.20528245667,6267.82096800123,6678.58736753309,6666.52125602359,6720.64579083464,6688.58345562039,6646.81171908446,7023.34690424814,7010.98881898491,7063.33865514945,7563.02222647473,7323.99999999729,7324,7504.03641881639,7944.78727634195,7659.90588235294,7630.4000000533,7271.69423982471,7329.09443332308,7561.20301089589,7539.62654461183,7217.8844169837,7218.22726713545,7296.27021923727,7124.22263188418,7882.33737184292,5821.16918683754,4075.33736809026,4075.33736809026
0,7059,6621.92317706563,6609.20407785916,6774.61487670795,5130.53092817373,4734.70999130587,4734.36639750427,4934.8849691291,6189.95135588059,5481.80888529714,5480.62327960025,5722.37472380774,5564.67181390879,5530.26087029957,5694.81142837272,5716.51730800365,5915.17714949227,6723.83208617355,7210.86860152015,7168.17329242487,7158.86093660516,7552.08682443973,7323.99999999999,7324,7467.92716236722,7804.85089463221,7724.72941176471,7744.39999993072,7401.22744833969,7312.51498428767,7582.60763022982,7773.47617159877,7418.75952721967,7417.92840000844,7690.68083149869,7601.14818007884,8163.29364903089,6507.99940177838,4554.09028254997,4554.09028254997
0,7059,6656.20937926481,6653.02905180616,6848.36832978245,5250.56631654893,4856.70220556692,4856.36576133865,5011.49382558708,6354.15906744601,5594.76308264309,5593.43182522576,5796.51378338602,5725.8014654258,5717.61698937741,5763.39881102376,5779.49770066631,5737.85814863176,5714.6185592868,6090.42438586309,6055.32700685267,6018.30177291199,6339.99076462543,6375.02377489491,6415.77882526423,6844.70902602314,7291.78367250893,7228.43132778427,7440.99142958657,7196.31988040511,7248.53038816108,7537.93340362293,7629.80796002918,7399.78467144736,7402.0462747533,7818.29161238502,7752.10159986849,8326.4687383285,6316.30031960516,4425.3574459712,4425.3574459712
0,7059,6638.55118810786,6663.98651290989,6841.93759579961,5267.39800346295,4868.67721625934,4868.613028511,5077.17959355663,6343.40224645572,5607.4088354976,5607.17641960427,5797.02589305211,5663.15815513089,5620.36327006901,5640.93566454801,5606.69879002981,5660.2433696557,5621.34132170449,6033.09203165186,5991.62439584897,6038.63299463053,6358.32584959175,6202.7471926733,6301.67617852398,6574.29701016403,6987.35806019539,6739.45428900865,6760.93135886062,6485.2661535713,6503.89687902389,6854.99687574921,6860.38847021003,6676.9038844016,6676.4897243392,6987.13160803714,7249.55356564842,7968.13461390669,6116.30950650819,4298.39555261608,4298.39555261608
0,7059,6592.23834399445,6576.34289617113,6751.71272707876,5187.08710436155,4799.98696679247,4800.47184209306,5002.8876633582,6329.56140575237,5617.94554198057,5619.66103786596,5870.92405500458,5784.94817983812,5846.03672334439,5978.91999670408,5984.40450848325,6103.2208560582,6101.37455911203,6562.78158834916,6383.77431705597,6340.3021975381,6625.37752144662,6388.90682172261,6339.63625683021,6466.73621382102,6938.93322106951,6717.938169206,6657.76056792136,6303.22378036841,6287.74915111958,6510.59652546176,6708.94826744215,6364.85822918021,6365.13438068006,6596.20348328104,6560.13431169883,7256.14037389712,5661.83733103542,3973.15113200038,3973.15113200038
0,7059,6624.75878370951,6631.11656501589,6800.40692620862,5232.72345702882,4845.68079297901,4845.37470801052,5023.31013276785,6309.33995283535,5576.70871495574,5575.62131030726,5796.31520304428,5643.68758041204,5650.85448161336,5730.29059851477,5767.86211810937,5916.43952924078,5900.43277903765,6205.72412091109,6324.40158593271,6353.65215891289,6744.97468745929,6464.93994903822,6477.61555169771,6602.79626452605,6902.08663302943,6819.24036993634,6805.43727986056,6472.74037131644,6463.33210455159,6746.13730837769,6825.74615506709,6480.60349002842,6460.0876987755,6706.92383968478,6682.39499729206,7248.73947572827,5623.93492885935,3932.08843892798,3932.08843892798
0,7059,6596.48975897366,6609.20797396366,6765.20903375525,5180.90483724779,4785.06863791908,4785.23652641671,5004.06610174764,6234.95322561971,5512.1384864938,5512.80241473302,5756.60833417875,5535.44657148551,5575.28967859092,5555.0609647499,5543.16097773762,5723.78102664198,5753.82762027056,6159.95688033359,6048.69700170126,5981.55637932248,6345.96980486565,6229.08550405448,6227.97943123838,6395.41384427157,6717.22514454872,6468.21209422051,6530.49309018633,6260.52274426882,6272.95773936965,6673.69118374647,6921.63744859342,6644.69089005813,6672.78341357447,7027.54354020825,6949.0562852315,7685.96739002262,5773.30752943251,4043.54386093366,4043.54386093366
0,7059,6571.74295040266,6565.38494812721,6728.06986362614,5176.1679426535,4787.99996190295,4788.20235836937,5006.3853821938,6237.79950529555,5557.54514400764,5558.20129433231,5824.73499172678,5619.2917766249,5603.27298201436,5641.6993666124,5625.43198300597,5703.58670867546,5733.12441539552,6227.27059650754,6213.23429659102,6300.90725910278,6652.65607747081,6418.5394272525,6445.44781495059,6566.3993379671,6846.23210589611,6755.28849247698,6753.15645607405,6459.5259027578,6457.56830567212,6777.8553176476,7038.84796659674,6837.6608042956,6806.4232571195,7148.41792023602,7154.77147749985,7821.43687708091,6101.63512263526,4266.56753953306,4266.56753953306
0,7329.64241501776,6571.39725190568,6587.29402601968,6725.22038556502,5193.4944741515,4811.25881028131,4811.13102950342,4967.41739830377,6148.82314526735,5456.67582795839,5456.21414413118,5664.9646936306,5538.68463116936,5512.82431219645,5607.6067600824,5607.72324998075,5635.09947023736,5627.72136292414,6035.60501594021,5994.7334643475,6005.92648945694,6345.26609417311,6191.63155383565,6151.72735436199,6372.3355879592,6616.22711934937,6244.82222701795,6275.48658083745,6016.92646691188,6023.79740787229,6261.04771181763,6466.70605189925,6264.36101540781,6299.62080874652,6634.17361075651,6750.85364139173,7334.1007087109,5736.76702816498,4026.65590280781,4026.65590280781
0,7348,6824.97903696999,6796.3574391421,6957.12116507075,5290.73100441622,4884.4833211357,4883.07249888382,5061.00885724576,6096.37826454954,5396.71205943456,5392.23773665595,5551.14990171503,5417.04120633066,5385.10259672676,5464.60962225116,5472.36991214708,5508.29824410567,5535.06418886078,6017.5027990266,5862.10978911777,5829.32399970655,6055.06358219525,6041.60214526643,6066.4936535747,6311.06947718859,6683.96763150208,6468.89068090925,6494.57863626646,6253.26167643562,6226.43327364671,6417.92498852926,6591.04763403909,6338.23993649257,6346.57039243104,6527.28625455006,6598.87287005602,7080.98849102062,5484.5010318885,3833.49068531716,3833.49068531716
0,7348,6885.4352762149,6894.97161629071,7082.94265273104,5463.33086678506,5053.44271755485,5052.79906887316,5283.13373474951,6294.73180451965,5541.47804961263,5539.05348262052,5762.08398672594,5517.0928125492,5581.4571079899,5616.59863119941,5593.31732337852,5590.4451855889,5543.52281661299,5924.47810233199,6030.62225897863,6019.89343003384,6275.2697420554,6060.0203221793,6024.28967490563,6235.26545452506,6589.40612460939,6322.6144152506,6288.77337667037,6055.37384106092,6089.60014309643,6403.01735271273,6482.98037159261,6182.95183325743,6177.54428116655,6363.36316574148,6320.6596123087,7004.78858485496,5250.84265178678,3681.84425510435,3681.84425510435
0,7348,6865.28824108916,6862.10946092049,7022.06266348358,5411.88302700229,5018.81540803971,5019.00685838553,5229.30529589297,6364.23510275648,5615.74070207363,5616.43219427409,5911.02076902573,5675.02728025856,5636.40604152642,5719.79053104006,5741.21684073136,5838.74647818353,5821.19273123048,6311.97551413285,6208.02667533076,6185.51012024199,6452.62761080967,6324.59765149429,6338.75562608108,6498.37026944532,6945.36804809557,6671.88679409784,6642.4181166714,6315.74388224655,6310.26351207908,6642.17094854545,6867.51759900375,6619.29668534831,6600.46129457564,6746.56515336883,6748.56730538799,7141.66135887595,5738.61530271254,4009.69647566962,4009.69647566962
0,7348,6863.52540434463,6873.06351302649,7003.69739174247,5341.83704079324,4943.03036103537,4943.06027351071,5067.56514579163,6269.35519468238,5552.95836705191,5553.19966223324,5774.34030197733,5674.23694832119,5665.55459966053,5688.35871556102,5687.22209803206,5786.08660274214,5834.54063574044,6390.86640694221,6349.50672535915,6391.3426349454,6648.27798853979,6536.86751122684,6489.95485701055,6648.16581594761,6971.50489926481,6761.41042439831,6808.2340440593,6491.27946190105,6453.18210738322,6745.22394969539,6846.59437223946,6634.94567769764,6612.31272412451,6748.85370348572,6717.93939987572,7216.59157955079,5378.59956139366,3763.04683067913,3763.04683067913
0,7348,6846.55568439656,6840.19746105377,7003.63722290174,5313.99030015506,4895.39903135945,4895.60432362182,5088.21357492327,6122.2943021159,5412.62395679314,5413.38586715725,5566.62855386769,5355.88958789854,5395.79761430928,5441.90771364911,5454.4510258687,5494.45004382624,5485.03966956671,5900.70481375472,5978.63044152466,6015.20326334441,6293.38036880654,6212.09422405595,6273.2935283982,6416.79272882844,6859.97836999195,6592.68017729598,6561.03763448557,6287.47701489321,6346.47467619259,6619.4895309131,6802.36202169847,6504.13305409189,6528.17282297521,6745.77736458688,6722.08617560422,7304.73854475734,5639.11601176952,3948.06826526307,3948.06826526307
0,7348,6881.18412747739,6862.10702600302,7070.13015972305,5459.99451568208,5055.9156300648,5055.64053441445,5245.59263338975,6235.50540048431,5618.57401678807,5617.3701418377,5801.55597644209,5595.1358735507,5562.14334627564,5588.35532363746,5531.20874210784,5571.68462019442,5557.87810215957,5945.33942964645,5834.30424612055,5778.64680283091,6027.36951528222,5969.7245931315,5896.50968403494,5993.3592237213,6284.05636387091,6220.94063214603,6203.313390408,5874.20677343161,5924.88338601514,6159.16110533933,6469.36292531622,6162.01918871666,6197.99268650978,6599.24474548949,6531.42439102448,7200.13008290243,5509.04866180589,3866.68769666042,3866.68769666042
0,7348,6924.66296087434,6927.84107782584,7113.7653174986,5485.87148459429,5088.96427594195,5088.6204979838,5214.77606709379,6107.79494773285,5355.60268580588,5354.4165681041,5511.08005776085,5381.45034760243,5359.21200114737,5513.66781238241,5577.63751414147,5608.39330639854,5657.80742297234,6093.81684654607,6077.07071108614,6121.83583863519,6414.20434173815,6343.47354236629,6413.00832435938,6537.59509199886,6745.5727507863,6567.28939067122,6584.80643173974,6179.06392788708,6114.54328709235,6306.16437147393,6385.1877848756,6306.12368848734,6265.19929585778,6472.0985900096,6658.71897731085,7341.55051013413,5618.09239421498,3926.5822700187,3926.5822700187
0,7348,6910.52937945499,6916.88848692353,7105.62019955201,5401.00784706751,4977.70743499724,4977.87829127516,5241.07346145803,6018.4527557796,5320.80112272353,5321.57055156677,5561.17045242899,5323.80719557067,5335.75260934801,5315.80358983041,5298.04839988087,5290.92740533385,5264.22490713049,5880.68460747505,5661.25829785332,5665.82082734873,5942.81492756223,5899.56272891612,5859.36938173084,5958.66884970737,6311.74661547416,6024.69610335548,6064.14799434594,5772.53654525754,5826.28125273238,6146.78413784047,6373.83228859753,5939.46124658419,5982.42143393148,6358.89552464899,6134.26304254769,6796.0712088357,5318.10760288602,3729.76406779095,3729.76406779095
0,7348,6923.59152107827,6894.9769740636,7125.02642105985,5484.81420887944,5078.93192997388,5078.92604505839,5313.28472695717,6258.69699982269,5543.30591085848,5543.09443536394,5866.76980091809,5732.51954688779,5734.20683087618,5767.16777033833,5738.17186278518,5748.60014962169,5729.2865724121,6266.49847997286,6224.70556485197,6195.37966624919,6445.65741316134,6344.40358096412,6350.95256428019,6511.36534110994,6738.84114507998,6472.26995004081,6404.97967021453,6081.96581704937,5987.4918814817,6234.26937926184,6533.29975861956,6358.6971258899,6321.95188213997,6492.21772457417,6785.55953575134,7584.56497641392,5646.57480582672,3948.60651862565,3948.60651862565
0,7348,6961.78317386275,6993.57561682205,7206.15686889483,5564.34539066668,5146.90295785132,5146.36747594986,5358.1030953438,6246.87518283359,5510.22356658074,5508.34398106797,5758.30538584971,5602.88787881859,5583.05551601991,5703.51683106873,5698.06025342054,5703.88593248582,5741.99352431589,6135.75637864791,6230.49824724375,6218.56333017713,6658.00674776573,6438.23038036645,6408.49270643532,6575.48457073004,6919.24894858718,6799.51110323345,6811.53144578295,6508.94539798722,6529.02732455438,6757.35420174323,6791.98085039568,6649.71197374138,6637.74649430339,6747.16974224775,6528.8481199266,7115.49985188852,5717.18244884289,3992.57341498535,3992.57341498535
0,7348,6871.30488676773,6884.02487008482,7100.10274997691,5463.58053586165,5030.21211183135,5030.85136699295,5330.69396499114,6117.43938714899,5441.54363638067,5443.85520406669,5714.66987168424,5481.12207700311,5557.67599258963,5680.80941047192,5721.52591887376,5698.96518939108,5663.99550228032,6093.8781968053,6057.85546077051,6052.77155644957,6416.83243049377,6479.18015180723,6507.91667770475,6642.2766267699,7033.85032632362,6657.59359486601,6656.87807285789,6335.59527845979,6346.02269790996,6661.01973440119,6772.51028181006,6370.84885225498,6384.4425660312,6692.35555909897,6680.25476759041,7302.38166550066,5496.82357697932,3846.74448412549,3846.74448412549
0,7533.42283105023,6859.27372341391,6840.19794826047,7076.85867035541,5548.39078642943,5145.06401603396,5145.14621551973,5393.61859720889,6212.15102493659,5534.49990191952,5534.55101644497,5797.24679546201,5608.38179124091,5551.10704745581,5557.7759712515,5522.89445706491,5586.70915510689,5563.92164055975,5908.62753170837,5952.09806357291,6004.64925278253,6423.47410553104,6216.02854110232,6260.4986377447,6381.28875839219,6706.53570350725,6613.63003216024,6650.28037651382,6393.31999405448,6366.64097672196,6811.84213516456,6938.05854022764,6697.07695285005,6695.06680544873,7049.95582366538,6980.40035849726,7716.55037434285,5894.7290465499,4128.21904184825,4128.21904184825
0,7546,7093.05693132673,7086.69143364722,7324.01698154539,5676.57913250735,5252.3284524217,5250.81615595709,5478.9322213338,6153.70879416336,5436.37177383309,5431.41379695256,5638.71313132415,5436.44848390308,5449.01162562064,5551.76703132966,5550.05547669096,5648.44121725218,5664.44087817914,6126.19264442734,5904.6918277379,5888.15452377663,6280.60873722238,6239.80579800045,6200.78831187536,6356.36166257158,6610.65212266631,6349.5029396532,6341.82091951954,6088.6074440613,6109.22745894612,6464.65019670703,6902.83902614279,6538.86046382368,6554.92635232133,6819.84214917438,7021.39898411752,7597.27591488827,6009.71224482892,4214.58370126176,4214.58370126176
0,7546,7083.18192189335,7108.61702545484,7311.8605886867,5685.46771618063,5264.51048837048,5264.39487068021,5442.62812249763,6188.56652344881,5448.98294865095,5448.58211131283,5626.76410392086,5412.05691002597,5440.20091799757,5540.48382559833,5547.45522623839,5626.49646469404,5618.66800267537,6036.96866941868,6043.02433414116,6037.91986520525,6357.48162502075,6276.69071514965,6330.15512955882,6526.68660388255,6789.52840874993,6634.31157949221,6586.21838188289,6244.51313385733,6279.01816902616,6594.51498347235,6679.77048202607,6645.73551913989,6627.12135683992,6754.34011081578,6708.55204760201,7107.31035932961,5540.59299005021,3873.82697469003,3873.82697469003
0,7546,7017.79268457763,7020.97389615446,7238.41630768944,5577.20958329207,5133.47342143411,5134.02521925909,5471.32976562895,6031.70048758061,5354.84369263404,5356.89641169543,5598.77804982123,5257.95589413811,5244.81806171572,5338.72501193857,5357.14252911021,5459.15406237977,5485.45256738814,5937.17345873884,5856.64494604218,5906.83786016127,6205.22650680766,6038.94002574519,6062.10221515069,6242.63476358496,6534.81970704996,6396.03007406094,6407.78866423337,6118.10391119687,6063.8999611771,6308.66156072363,6604.79523431701,6198.44639552488,6209.5680035147,6294.06488433685,6436.96314846996,7318.79274145711,5270.29628156996,3695.44821012095,3695.44821012095
0,7546,7019.55259575544,7010.01448715673,7215.23544734934,5691.8850336932,5296.01215839019,5295.88901290029,5558.47906262348,6297.93468242598,5588.38491227999,5587.67385255186,5931.51470149236,5682.23449874242,5692.33022390319,5705.94154331512,5676.55517680723,5677.96968420961,5663.39823564581,6085.18511069499,5946.57388611312,5859.3841565146,6034.93736765778,5950.61423062099,5877.83158774258,6031.35355661879,6254.67564822952,6010.83663144668,6074.24855531968,5866.19327003162,5869.81585891938,6100.97242758556,6367.7473608941,6131.60098037122,6160.95439117958,6427.8549668862,6198.91641687106,6966.80116729258,5623.08814419357,3942.8966616814,3942.8966616814
0,7546,7074.67563441886,7042.88053894624,7244.2929276371,5534.17012418074,5119.11170179004,5119.14740749548,5334.32387955503,5983.82220606374,5289.92912731007,5290.38131813084,5577.14315327752,5320.88438218144,5352.18866536357,5509.54519004412,5503.08292284324,5550.98947894441,5581.14749252165,5910.25401788125,6064.42924009289,6117.86367643178,6348.7083076887,6181.71584941299,6231.90296477938,6397.56586725889,6802.3909380773,6506.3211238443,6419.6819683804,6121.26258653669,6169.80020750274,6393.60336101792,6523.39487969727,6399.97980468894,6360.68232112236,6684.35792308804,6719.45960938204,7135.21802243027,5606.75496947947,3916.97436718029,3916.97436718029
0,7546,7120.64490783845,7152.43712971529,7380.43183025086,5680.66954028843,5236.22062898447,5235.58100254564,5484.94936876466,6059.64236901446,5355.14318324155,5352.82979574978,5589.90705494625,5327.29970084587,5280.56224072321,5440.53385012078,5454.95368943738,5444.41658469504,5440.68935671577,5909.71132276325,5669.38115338964,5704.28787737427,6009.42331089897,5777.35899616874,5798.94357034126,5965.86498314693,6383.81953638841,6149.43911043687,6207.87642574086,5880.82698647981,5887.00102488806,6195.87391757988,6345.37819412222,6018.52651644695,6061.77844102236,6509.97560341001,6450.28509923527,7078.97764078513,5286.83770230413,3706.73436229523,3706.73436229523
0,7546,7042.8846596971,7042.88687006817,7247.50238435006,5655.66927481444,5244.38762414556,5244.89289260003,5493.25898719472,6114.38751973468,5406.28339349024,5407.9203203421,5665.23384539705,5400.06102653523,5404.82343514767,5527.80512244525,5506.47232258282,5529.49370937514,5492.40257259032,5892.87350787046,5845.74697428734,5791.65846288152,6070.20302325116,5916.64415842819,5896.84246782719,6052.80231349379,6355.85282904601,6247.87442640725,6274.6086103526,5968.25802166484,5944.51789344876,6278.62901360114,6431.35180737157,6271.77947515931,6261.09218857154,6531.73898089684,6718.50079504077,7398.33464414619,5693.51689001839,3983.41536038867,3983.41536038867
0,7546,7042.88200009097,7042.88200016657,7212.17501110097,5564.84463505764,5156.63036765416,5156.72447288758,5363.02567119622,6035.28230930881,5324.76493010611,5325.23873412726,5598.39714104221,5382.12086227373,5380.51289616518,5537.67800571174,5589.48236451637,5652.79079205442,5698.23265523848,6196.28651454287,6089.29094697641,6090.65813374754,6346.92351060169,6165.38712085886,6169.06926380185,6335.7163201749,6659.00213379643,6386.26152455687,6335.11178255159,6038.94407733977,6004.84039001201,6317.24725299675,6435.15383726118,6146.99862854405,6123.10903479089,6291.60019532227,6242.13808130792,6807.3821577471,5352.55278019398,3747.23470070886,3747.23470070886
0,7546,7046.06144323462,7042.88200000001,7252.34436559174,5536.81078174186,5094.17315344567,5094.24016873228,5401.61437011992,5905.68827824083,5263.69944658308,5264.03691487655,5553.87784341428,5273.296303708,5300.26784240517,5359.29576732213,5303.03385949502,5338.41085261246,5300.29424391002,5708.8502426291,5834.27240770809,5828.74972676788,6126.7242196528,5943.86332569314,5922.29537475383,6176.68446066573,6547.36154388552,6271.05723454138,6300.96578445995,6064.82220347821,6097.57583253192,6391.5338765182,6636.65094848657,6364.9501159879,6377.55142661821,6601.06024119588,6560.42381145189,7339.75838099847,5424.07254404532,3793.43212805285,3793.43212805285
0,7546,7063.37606372505,7053.83751297653,7279.10580023883,5700.50914302039,5293.00286467287,5292.73806375922,5543.05976303063,6092.08915830894,5416.77480938626,5415.53224527857,5722.35699196159,5486.30652992156,5452.04914116164,5611.3878948868,5662.71188099352,5722.33535812664,5726.37037557914,5998.63945479209,6087.37194336674,6111.73498192515,6450.10121174149,6229.58398391342,6250.04936220018,6426.9145702142,6960.65843672649,6695.05632116417,6674.40063238225,6357.56143321413,6323.62938231067,6622.9357317926,6627.49234915115,6426.99193958821,6407.67669695545,6593.58807177094,6627.90374426755,7028.64101224271,5779.32080729306,4040.70093988307,4040.70093988307
0,7546,7054.9107697083,7086.70453891292,7263.97176627681,5615.94052444743,5191.08106096337,5191.03631891485,5400.16279034885,5883.89061350514,5179.90881738781,5179.95596010955,5419.21956594671,5217.39414328552,5244.97187571568,5262.84776477734,5249.56252501391,5324.8420350687,5349.82608645178,5711.43891609675,5591.41727771255,5612.71372842743,5892.93384862525,5856.16381187602,5849.6987942018,6041.87625670623,6242.3908332775,6279.93894968407,6301.09431278808,6053.24101149755,6095.05067813536,6512.14501876951,6728.82555444733,6376.67836279041,6413.05840584109,6628.38627511417,6619.09733430733,7333.30810044728,5280.5500330124,3700.67916361886,3700.67916361886
0,6771.53191273464,7015.3019785762,6977.15087018477,7163.22875018547,5506.32474583512,5098.9615241838,5099.57432458174,5298.97691471175,5825.31189117374,5140.35749432353,5142.53593780242,5349.15913318523,5110.0888732126,5101.99059657011,5191.4132748664,5202.25043186163,5241.2341907634,5248.97559819242,5528.82861147159,5568.1027525569,5562.17549788567,5865.96801655155,5635.55706457207,5692.59357853747,5840.89231473033,6219.49913991597,5879.65026216823,5914.92539096811,5710.10481181281,5684.53312711987,5990.40611941501,6281.12772533475,6155.13866096827,6164.77808140502,6395.6425825081,6443.15145885898,6891.81486808643,5678.64330470366,3984.50139444322,3984.50139444322
0,6719,6318.61649410845,6353.60979133125,6543.60796635009,5070.37676297138,4681.93434852677,4686.31280661979,4896.89823294928,5488.695349979,4851.41860004268,4865.73200197484,5091.00253440543,4920.60448562401,4984.77585923728,5111.55045713233,5137.8923464702,5197.76778928526,5206.95808691957,5581.74016110381,5491.32721502278,5471.73940790835,5754.58734190392,5590.70464606758,5558.64020347712,5709.1209648467,5956.1150411434,5780.73701566387,5790.58889358642,5575.17937584235,5635.16627515964,5902.86754761309,6069.06346020191,5817.63272090372,5830.52310939455,6211.88216632668,6087.40235112252,6657.08994431464,4905.54007400204,3436.30299429838,3436.30299429838
0,6719,6255.31002920851,6233.05635872179,6437.13477031023,4989.64313245215,4611.90731613719,4612.54709395433,4832.87457142114,5405.03669669066,4811.74145304244,4813.96530410062,4998.01172986065,4789.89890941808,4799.12580885526,4860.72946008567,4875.94014055955,4948.8258051381,4937.94616854346,5301.50411907705,5345.34409038998,5393.82127293186,5723.5093646678,5502.52517988683,5536.16602993914,5644.69116298084,5958.06962352868,5841.50014865318,5802.68331174613,5584.12231324085,5573.05733701606,5866.86198633846,5905.36626024805,5832.75235613054,5822.73034094617,6043.1655789559,6275.86896360518,6629.77177552767,5337.37628497964,3734.06892286812,3734.06892286812
0,6719,6284.3055923715,6309.73959101896,6517.68749453446,5104.95851134085,4718.33233669626,4717.85826097365,4974.35727358759,5440.13922566069,4818.61101526198,4816.85917206791,5020.03008604777,4766.35454440466,4769.44714207902,4809.26881163859,4764.81390552867,4835.38686541233,4858.24577796687,5200.89952632133,5158.9200172069,5155.54636057089,5353.70192023649,5321.14300364037,5320.04737366893,5418.73859541641,5731.4935820975,5450.83218068367,5488.28492276225,5311.91474640008,5335.36693058454,5645.42736283024,5791.09336274427,5425.62709272692,5446.43896357736,5665.75077755439,5567.88048744645,6154.69084902228,4524.43695545929,3173.95109869339,3173.95109869339
0,6719,6247.53267364373,6222.0988960712,6430.81012471954,5020.95578852825,4649.96748678685,4650.45208124657,4860.08009869798,5377.30182984815,4776.14724311348,4777.86146527575,4978.62996526081,4806.0135843316,4795.66678900779,4955.00589301743,4995.40014063853,5018.08541570269,5012.32058430378,5387.6848284179,5335.11867249127,5299.23413427989,5533.38553498016,5268.66077541663,5245.6072997649,5304.42784094726,5618.03334869559,5446.07409452927,5480.04309230027,5257.19226173083,5245.99008037212,5481.41659670192,5672.5455033306,5550.02639715864,5557.43586883639,5777.34274842928,5868.99115577789,6547.71584535253,5048.21417394171,3538.18036106064,3538.18036106064
0,6719,6274.76699666152,6309.73910394547,6498.320886068,5089.48217981715,4705.84237995029,4705.37118976623,4888.17624473891,5376.33023165184,4708.67326023351,4707.0267683877,4826.82809012314,4638.00756376581,4649.13133932596,4686.935910784,4672.0795808249,4739.37546421121,4728.4356802761,5076.56574275085,5167.91945648604,5216.12732391623,5524.27544030902,5386.49605842077,5386.32506246715,5545.93177843612,5725.99059056179,5517.76341268455,5527.57526396213,5336.47859332552,5348.51348614402,5561.22019236579,5605.74913253858,5432.24044835719,5413.73913439001,5594.98708010595,5541.61542981026,6024.89397288284,4779.4048400416,3339.95410657607,3339.95410657607
0,6719,6233.74213097876,6189.23235712496,6361.26237987934,4940.14060198377,4589.8658564622,4590.55572710144,4746.12671115825,5285.20536638554,4716.68138003558,4719.15695800576,4851.55202595759,4634.28692729009,4615.86465723026,4714.67531937885,4728.50604979747,4825.04263097527,4830.97091229564,5107.7788156523,5152.90866431778,5127.63876806986,5376.35447420285,5263.48483235476,5312.99780823543,5437.71493328774,5730.14500543848,5530.62635995279,5527.73194263259,5288.63063488084,5321.30232459758,5546.46214520576,5667.51259557469,5342.24835572679,5354.0553042908,5669.40084333078,5594.19957324842,6144.64509109703,4633.82127815593,3244.14649793325,3244.14649793325
0,6719,6307.63340081596,6342.60418185459,6502.54837578385,5000.34886153678,4616.02851199581,4615.28081976765,4784.70682315435,5227.06576938864,4597.53884528894,4595.04428713442,4753.346249283,4582.57683347733,4586.05765804905,4650.71112666674,4636.86801697476,4714.27044971957,4734.26120963168,5074.30075674706,5021.11751001289,5078.67027545108,5319.31913174448,5123.71457502784,5113.06963612936,5252.21077271783,5497.65371943502,5315.98821843495,5227.95586517753,4986.5036973081,4980.31457989946,5208.50502936804,5407.71483831983,5236.77114969788,5249.64548717633,5579.61984390631,5664.91799598883,6205.684977214,4838.8005930336,3395.87516905546,3395.87516905546
0,6719,6250.71291475109,6222.10035702502,6402.86156246608,4922.92403096097,4550.19140390412,4550.82750563724,4700.3650708485,5231.29495271598,4625.99458171935,4628.19944584478,4751.11123366041,4589.97525888838,4616.75945903322,4706.26755352607,4743.50497142553,4784.21717288568,4779.69194761592,5071.06509452608,5007.04423275034,4983.63993490784,5320.54313247237,5033.72016108421,5020.86946676684,5180.08342783576,5490.45195440378,5281.59588398233,5336.59034754744,5094.39808817599,5094.93930310558,5275.49346416698,5446.61921124731,5288.99437642418,5303.25958703711,5630.01224931747,5588.49002177928,6210.68770907492,4694.64208352524,3284.35422213152,3284.35422213152
0,6719,6301.61994688309,6320.69461697196,6497.27586920753,5051.75049578036,4680.04335808503,4679.44135431443,4823.0749509485,5304.46817775616,4698.36165053558,4696.14705593634,4785.15369906153,4567.93380139439,4533.02134437568,4501.29004627278,4476.08259793775,4512.92071015296,4523.33750418269,4908.37220728041,4776.25658263492,4769.9711537624,5113.91553765637,5003.2317114122,5023.12021653586,5149.08068328468,5529.01527183395,5376.60248316208,5388.65503651502,5231.54898543689,5200.11919466934,5429.94504268347,5481.18985499055,5292.85516106777,5288.9420198509,5515.45847273975,5619.33855845399,6045.45035910357,4820.58181653005,3367.96398613714,3367.96398613714
0,6719,6267.68236872945,6254.96592199093,6431.70028426981,4937.89043482783,4560.33836552129,4560.77529684929,4719.95067342023,5170.07103912079,4582.17162365612,4583.82731340531,4701.71992458606,4531.6717579265,4552.68014143253,4598.59440486063,4623.83385190706,4636.36551415268,4650.06023853702,5066.08721138455,5021.45707443136,5040.76747548814,5403.56482871056,5213.92110589152,5161.92465133945,5269.75558545287,5531.6711948075,5311.11733008914,5345.30106053427,5184.3451807598,5195.58346667441,5367.67175104353,5419.97854514171,5288.11733890006,5274.88440199558,5732.9157545789,5411.34739691588,5887.6598692629,4449.7888222675,3118.49046789707,3118.49046789707
0,6719,6282.88871996626,6298.78505200604,6446.66196460857,5014.65807960019,4656.75281371916,4656.4436915367,4788.43704373776,5215.46384741722,4641.82058355532,4640.62705367091,4767.49454633275,4539.86980481141,4544.94416296137,4504.73508645195,4494.26296527982,4491.80483018731,4472.84451782719,4670.42499532927,4814.37282075805,4811.39603401102,5110.63266562321,5083.58718883278,5127.2558294528,5250.20704383335,5482.36174994754,5355.42716484749,5358.278233271,5156.39670561118,5212.38128544734,5399.02423302762,5410.67423671271,5152.15405444808,5160.4997062896,5531.06267890371,5870.38084492657,6274.14444314782,4888.12816781914,3417.23465729617,3417.23465729617
0,6527.02181633688,6256.72610279612,6244.00943505074,6382.08466532909,4846.15305600727,4473.6576596246,4474.11118424124,4610.32807482609,4965.92038064945,4391.07785417852,4392.90797337856,4536.67487791894,4340.09011981381,4369.8057032071,4399.64952629428,4406.00295315278,4457.35511623434,4486.5157553721,4675.46816132293,4654.5653430353,4670.04492897614,4920.52281537244,4826.11096065549,4815.09923385772,4949.47230679942,5141.39938803076,4979.66607206977,4927.96467558482,4706.1520562053,4702.19161381571,4946.01729936034,5059.89951504342,4803.74168458422,4831.98597303357,5033.83167487534,5042.45985118892,5510.39509102455,4248.27782642562,2987.14527508935,2987.14527508935
0,6514,6091.13319055641,6100.67610793438,6276.05269797939,4828.43490144785,4453.7299087339,4454.67294777923,4623.05927638316,4972.55410937045,4387.13292744518,4390.05754170586,4509.69473215398,4284.8912933704,4299.14059684738,4345.37253006597,4331.10859824762,4334.21157141227,4329.20827349496,4590.47915811018,4454.35421763996,4470.28605235495,4624.7419094004,4538.36106503115,4618.68984231908,4760.20678526503,5089.5358855866,4829.10086216703,4868.46082398527,4635.90674077156,4686.98071443325,4921.38733801346,5143.76560036735,5005.03977775871,5021.60535850141,5108.11637340326,5228.68184143624,5703.61619175045,4367.83941978543,3057.20196916439,3057.20196916439
0,6514,6058.26046842138,6067.79946141614,6223.72847096972,4858.57193201665,4505.15795378143,4505.25678813525,4674.34596821607,5042.37363378776,4479.07626925687,4479.30177393166,4614.04973039422,4318.24711566803,4341.03648711058,4405.03858273122,4422.70552292835,4417.57788856337,4415.51788184551,4681.870575267,4568.46867896531,4566.06674872181,4782.75771191903,4480.91614477897,4417.45056021974,4507.09426268491,4679.31796291382,4694.69125567715,4701.87396956782,4458.42639817578,4424.08713762551,4566.47361350306,4704.46756243453,4580.02195129216,4583.75131883115,4764.46487162777,4651.53900147242,4894.90243454065,4004.61777429136,2812.70884603354,2812.70884603354
0,6514,6057.18690060605,6034.93146112041,6183.64004024552,4747.4159104631,4395.06951746654,4395.34183466449,4523.75121044311,4913.88684763661,4333.88324359383,4334.98231637447,4473.39064185463,4230.41335772643,4231.54723295702,4249.04319366467,4258.50591713071,4298.45564421817,4285.30293838313,4576.99786053018,4482.09553531995,4477.27048462602,4720.99700440456,4587.7719570122,4615.60898606692,4692.52403781491,4849.67140009785,4617.95075114755,4654.17607197444,4444.83773186616,4466.71476891777,4577.1321375757,4595.11608210421,4491.76568382881,4484.79201169282,4578.01965821288,4746.061081923,4879.31450789552,3725.75023468473,2603.80118226232,2603.80118226232
0,6514,6089.36403553332,6111.61859088566,6233.51810715958,4803.07953048344,4451.8871772057,4451.46640098521,4596.05921829747,4889.16473214738,4363.86218528232,4362.37859094976,4508.63829013091,4208.60867199461,4178.33844016888,4167.57007858116,4161.86505991162,4214.38168345604,4235.314563448,4506.79137751408,4457.47686054355,4477.78442054568,4809.68716400784,4533.76738119721,4546.70285648947,4632.33117336174,4851.65767003315,4642.7954281578,4590.38190591046,4367.02683465582,4375.52055019129,4501.59987477345,4591.08635475642,4269.98408663751,4266.35882313593,4273.71963053875,4252.19360891211,4682.793429419,3422.10481202121,2398.30067143293,2398.30067143293
0,6514,6028.57297531874,6034.93340904772,6131.61991420713,4664.91364387183,4307.85140544201,4308.36581169922,4433.83118830424,4740.59301895345,4170.5652861378,4172.52044193356,4344.60945117355,4159.51350382535,4188.2691454191,4207.94611629115,4224.63977731464,4210.74967236562,4256.30936846432,4548.18167222353,4455.62059343176,4439.5082449183,4894.53242313809,4593.89752667635,4589.6653236092,4715.72610163125,4924.06271325769,4693.25277857468,4731.79196042529,4486.36993383549,4469.74341317862,4613.24257057093,4705.06912812506,4618.52705540079,4626.47339090742,4633.20013093725,4618.92621455318,5116.29254850407,3935.97223677729,2751.47893790653,2751.47893790653
0,6514,6000.30075908282,6013.01897416355,6101.65444277432,4685.31378020112,4333.93221412159,4334.0069217238,4478.89993685829,4772.2271332871,4218.80023274071,4218.99506514994,4353.75750995484,4056.78556182447,4080.37976498958,4073.16668587926,4053.6975150332,3963.18572158507,3950.91628235117,4304.03535326693,4226.12694461912,4220.92019533247,4494.99022605199,4538.15888798203,4531.7518319775,4610.19875939172,5004.52798984156,4827.11818903624,4796.44780752938,4593.89152589757,4621.21260397284,4758.97572905757,4916.30815840404,4675.86142175877,4678.99036691712,4905.82520449145,4665.85991971587,4975.01836458186,3958.62538806502,2763.79940966193,2763.79940966193
0,6514,5985.09228010652,5969.19594812721,6047.19806792749,4624.68623909407,4287.02028308533,4287.27619154013,4427.49247462485,4781.93953209199,4206.43519398116,4207.36079058418,4392.98686229157,4131.58370697064,4088.26347749526,4151.33357083523,4153.68031147398,4104.46532696406,4087.12153961923,4414.33237290547,4468.87996112028,4439.80705193848,4688.92974430358,4462.80933451107,4465.88693481432,4500.93866565836,4769.8610368752,4610.78384036216,4632.24311635225,4391.21099959918,4399.01154103106,4526.79094694486,4614.10652852822,4459.28777640177,4455.69115479595,4765.58873044082,4897.6914904544,5097.77937680784,3974.61080030965,2792.34000149618,2792.34000149618
0,6514,6020.79322690774,6023.97156494926,6125.35870026331,4646.10993731603,4282.98781191565,4282.73513350524,4435.49138143406,4766.11343901595,4244.80937031976,4243.99052222222,4420.08543946068,4197.27661113833,4230.55160057258,4270.50409974178,4277.54871805791,4216.59916819997,4255.28306403328,4496.07669882556,4605.69000847946,4642.63557024378,4867.0551007404,4719.22383768383,4695.84544747625,4775.07982842571,4904.39445591636,4856.34620673168,4815.20882482796,4523.36919602674,4511.86592650838,4644.49861616424,4720.42391519976,4558.94181640004,4542.60213902137,4525.04634622398,4730.28109737186,5239.9060094224,3767.9465530811,2633.86829990194,2633.86829990194
0,6514,6022.55659563718,6013.01848694019,6122.99482324165,4713.89827019243,4371.30424566998,4371.26089258733,4492.44545589345,4819.39136570169,4249.45204033962,4249.14325933496,4387.07702398812,4117.28750000642,4113.54273276484,4123.37384617701,4122.23104564951,3987.11105220957,3977.34899575402,4358.4923974481,4163.54887412015,4167.0851031839,4362.22078486331,4298.67688092802,4286.66522326596,4366.44915389207,4661.97251754822,4476.76991236909,4484.23193073259,4275.91008634722,4280.25406219505,4477.32790099255,4488.22060417629,4389.70817113327,4431.52937226402,4429.10856503218,4324.50863836752,4835.06051772731,3866.92462328671,2710.57153395416,2710.57153395416
0,6514,6064.96186148038,6045.88453894623,6164.58993838905,4680.86528979339,4331.60106569999,4331.489508445,4455.3620815957,4727.71812251447,4211.22492156712,4210.93532772603,4358.43286342428,4072.14837547954,4072.56551209345,4101.25303100814,4090.34826009543,4019.99128181207,3987.42055404254,4319.86411846429,4314.00763948959,4347.75013315826,4502.61550904053,4431.59412579869,4447.7492765956,4488.28678775291,4714.88938563722,4624.99172630705,4624.05753164491,4370.29655075717,4407.5715869607,4544.90016479477,4592.95889059041,4418.56000905286,4396.91822627088,4450.72140496346,4447.2023790224,4942.98280636757,3740.6706695448,2616.93780933356,2616.93780933356
0,6514,6095.72318792677,6111.61907780918,6243.61589810884,4755.35281380266,4389.49083939429,4389.12036887198,4509.92562252431,4710.14795966056,4184.29537486799,4182.97438362082,4316.73730409707,4057.55658594314,4069.51913995476,4101.81795542755,4127.73277179288,4095.81525257791,4124.38712004093,4300.38265688412,4323.22477629956,4301.83983857804,4474.69740541176,4305.95744799966,4336.79061244401,4420.20511492943,4586.98529241626,4440.10982513501,4464.06441018438,4196.3598460715,4152.11253923711,4261.54983317258,4248.63361211115,4090.2882030103,4102.8934408562,4311.92304382821,4225.93610296058,4608.1387682381,3694.84829377013,2593.59634999708,2593.59634999708
0,4977.23805175037,6053.66388660483,6056.84443501742,6155.43310611874,4732.02793893922,4393.61572928764,4393.86832721403,4459.35473860939,4649.66642823405,4132.31926499292,4133.13775793037,4219.95258979512,3925.67914130651,3940.11350032006,3902.24441667847,3892.83856258979,3834.39181915305,3818.22999143764,3981.67079396869,3956.12592047974,3956.82604078372,4184.17504451269,4003.79421219313,4007.41418009422,4111.7780747059,4252.61773940556,4245.81680862649,4245.18862180012,4054.79716747205,4096.27863424463,4235.52341306522,4251.48640565621,4124.37016903958,4149.25445777184,4252.58916646723,4451.27311299791,4660.3642604419,3652.52892894924,2557.16097680101,2557.16097680101
0,4873,4541.34708471279,4547.74999347614,4623.19693191676,3504.30180695326,3238.26949824705,3248.58473734823,3353.55223056686,3538.04305483937,3162.48863683736,3196.83299153879,3361.74845162115,3181.43261463586,3278.8132079867,3476.25479410927,3557.97255681271,3627.29196691383,3701.20092915304,3971.17373300367,3914.2535328722,3962.07357478719,4047.189926869,4076.15433299838,4085.50091270915,4209.11468217426,4323.25254652311,4161.86828462142,4184.84769519119,3966.31516673865,3964.99572037937,4110.07789972109,4092.52855731856,3913.36507311695,3904.76043015595,3951.61865574009,3875.90180965065,4198.63027303252,3147.58683560814,2205.6099080856,2205.6099080856
0,4873,4513.0237608309,4525.74197736438,4597.06024515705,3510.81581082138,3243.87366610137,3243.96877787018,3342.08684190832,3536.15949948747,3126.1797352216,3126.47792164181,3249.78635480021,3080.20481795543,3098.91030328971,3075.57324503431,3076.26279203628,3049.03388983062,3022.49560218618,3226.95730998881,3245.34690999172,3260.40774177975,3355.83146119975,3204.61532622417,3238.2186611808,3327.69989991339,3564.40652932904,3455.90848273111,3514.65588071788,3402.47795880723,3474.60965738957,3634.26287946155,3736.80627798903,3696.61574659501,3757.27553763192,3751.54019848096,3963.12673261345,4281.66414483043,3361.84778874109,2363.40418684852,2363.40418684852
0,4873,4497.81528010658,4481.91894812733,4567.96945502436,3485.0577292309,3221.90238307634,3222.13151999113,3323.2401477852,3493.96169868735,3099.92765233018,3100.7186222117,3198.15062890631,3016.8046625009,3002.13623403837,2991.55148730567,2988.10487507408,3020.56025732434,3029.62244673762,3212.28191822811,3216.90787358682,3196.99205010093,3321.59137029355,3226.69910771718,3193.4382056578,3234.34720147893,3360.36595573464,3275.1147135431,3290.16503560878,3121.31586377187,3163.65478052737,3254.30936372319,3300.86384562731,3138.93638295332,3141.85071807328,3121.6297158115,3061.11328365478,3364.10510978292,2622.67732565696,1842.51169100061,1842.51169100061
0,4873,4523.97789720388,4536.69456494926,4615.30213037044,3553.89162270312,3292.75591127572,3292.42286578806,3364.40221117768,3530.51517470453,3130.86001952473,3129.63671536862,3207.4301536693,3033.50051114671,3045.28759811724,3027.88723198527,3031.78539294888,2997.5423695743,3034.47808804097,3212.98227382572,3230.56467124759,3254.77791999689,3340.13734860001,3281.36018082372,3334.00749480379,3369.23009675351,3477.28283128157,3378.32228329457,3356.53799463125,3150.6082574684,3126.29117533713,3205.636023158,3302.87518959302,3159.98552833608,3152.63920926619,3239.33815113657,3167.07662509837,3356.98510395674,2643.80594594492,1848.70682592606,1848.70682592606
0,4873,4486.51517740051,4492.87494801061,4532.82868058743,3460.9422537119,3208.73911577212,3209.03491406895,3250.36700597839,3394.30976904492,3012.04168092476,3013.16832578575,3070.04898982463,2904.71369564777,2893.18185634108,2892.38833948561,2885.02055429708,2820.05709534771,2798.46811600268,3015.99850053739,2953.85338621363,2980.42218159684,3072.38020611888,2933.7727600112,2933.76084212489,2969.39993798988,3035.04528935586,2991.16366829843,3021.15060256253,2911.193206154,2902.68932669939,2972.83540848127,3085.25232424256,3011.98331996254,3041.92885138871,3123.39767217958,3241.36444972845,3446.39107729792,2639.04970783344,1854.33809172717,1854.33809172717
0,4873,4486.85874816709,4470.96197411358,4518.35281901459,3393.28003447922,3135.17052238409,3135.3522162977,3181.40274261641,3282.26498149985,2902.00483882288,2902.73839617244,2952.20719851183,2782.11720745829,2810.73436871531,2850.45632409499,2860.53635222998,2828.42944545361,2863.93476368225,3067.51224695345,3010.00144698802,3017.65660020735,3084.43803320956,2985.82304539719,2987.75462254427,3012.51577267613,3105.20812945855,2952.12722500673,2948.57081656636,2819.35060933242,2848.51826808487,2882.12017852143,3004.21360590828,2845.43558495579,2841.9714378534,2822.9068415027,2864.6540007602,3223.90115653041,2385.86101891585,1672.73264200039,1672.73264200039
0,4873,4506.66301071645,4525.73856491595,4575.02892599973,3481.56329378073,3218.54541144099,3218.19893354965,3270.95755970333,3366.11914417832,2974.77644386466,2973.4854423045,3019.02342490917,2819.08285781396,2812.32288182371,2816.37876829598,2806.23242657463,2721.56794893482,2691.7429273762,2837.87827432035,2807.40024762479,2806.86802257361,2847.83578077246,2735.09338563394,2753.41340250217,2789.66712718259,2881.32095795741,2757.84999789819,2796.63226281012,2661.72332446693,2674.36117579681,2730.78143198681,2852.3969504504,2793.79570030113,2814.33634932695,2818.80214115783,2796.60678749223,3068.30207265767,2478.34259982947,1737.14087930839,1737.14087930839
0,4873,4466.36548229659,4460.00792205756,4499.35249946236,3415.26356342471,3161.02515676201,3161.39530547634,3205.68086793979,3310.28731536474,2937.91611394181,2939.23556362773,2984.38004686708,2809.07165987988,2803.12838463465,2843.82116334815,2849.82791702804,2815.74804645898,2832.37998995705,3043.26879920231,2897.35549776847,2896.30667418799,3025.72237379689,2791.92319075587,2774.48635126916,2807.71549402099,2923.80530046196,2774.80357381342,2759.20291141654,2629.44665879488,2604.55776900742,2659.67106497503,2699.15249648145,2633.60325409788,2630.29842118706,2657.67661111054,2676.51568989317,2945.16002035898,2234.17053898141,1567.02626729148,1567.02626729148
0,4873,4478.73702486235,4481.91602605299,4513.89077273141,3424.91681032251,3171.67514962303,3171.56087283538,3198.58258676422,3276.75024868999,2907.08924670369,2906.69538323617,2936.68540570305,2754.27886380919,2770.64735617697,2778.18876284333,2793.68072308314,2746.14944861627,2729.39425413154,2798.27047033971,2877.97496290821,2877.85955732172,3029.20647892805,2921.9064367519,2925.15527169971,2956.2866966181,3052.93169493425,2967.0890128107,2960.94173207756,2807.25347214929,2844.39423825928,2933.99752373942,2939.19148259033,2835.84631798124,2825.53070428401,2938.09037779929,2790.99348690526,3152.00165189622,2342.5292538468,1632.19208033811,1632.19208033811
0,4873,4490.03792536832,4470.96148699016,4515.01040399183,3389.27621135068,3135.09972618731,3135.19039251115,3184.09418880624,3209.98065967903,2837.86364562068,2838.22953077631,2889.45483642529,2685.7278268336,2670.24772061321,2641.42875489255,2638.87901446119,2635.99163190365,2647.42052484797,2704.12576717438,2664.55320415245,2672.98126596053,2794.89230440018,2718.86841783652,2725.11022743665,2771.59294008858,2855.5626450295,2741.45138926179,2749.98220981892,2588.35063743404,2596.82749584575,2670.14003173683,2703.38726248542,2642.20982540252,2660.28261460094,2779.07626172166,2922.95757757322,3157.77985370495,2575.03598597383,1807.27094941954,1807.27094941954
0,4873,4527.1570744324,4536.69407787581,4590.00810254898,3467.2552189135,3205.30198155547,3204.91826413575,3253.71528437629,3298.39678953439,2914.83449903067,2913.44660302541,2984.2533884096,2806.91194757028,2812.15890093293,2777.04685977204,2772.29331751972,2720.93141202226,2726.56051226813,2925.57995641825,2728.30817075348,2704.71807731705,2794.21945877723,2673.16379412401,2681.80805256709,2715.08810730834,2814.18703531449,2673.09266080978,2694.89285518997,2517.46336154578,2523.22340625724,2577.81520540218,2611.37001637292,2470.6857591263,2478.0257131493,2627.4218088195,2525.54365053,2791.18737985291,2090.27369926705,1465.51479874321,1465.51479874321
0,3294.09649923895,4491.11202494337,4503.83046097048,4548.49065283521,3446.90703671295,3182.94973301499,3183.12796464927,3231.23615432011,3262.8343021677,2895.49335933287,2896.11864970358,2941.36807514874,2748.11482755872,2768.68342400332,2748.62341961397,2752.74788523831,2690.38148379536,2691.62967989702,2858.93696438939,2891.95326535009,2903.7292297898,3008.29704437576,2848.2782264333,2842.19341893713,2903.76269781812,2965.62859174662,2888.07519762975,2830.33612392466,2631.91497122858,2631.21211700427,2693.56625186217,2687.40628340368,2608.61969272223,2583.99859725617,2575.31117258751,2764.36793224702,2921.05950978019,2331.55606036723,1629.7352123413,1629.7352123413
0,3187,2933.45998733556,2920.78810094019,2972.92230449713,2280.88947699681,2113.98747454666,2124.61164707018,2188.97627866433,2320.21932287079,2075.84064431898,2110.98829613235,2213.13122245105,2105.23070971569,2225.68069385922,2382.7126511309,2456.35520497907,2495.24212984408,2530.04232505586,2645.30135527919,2695.26235700101,2725.53439097625,2907.78366788234,2705.19305681717,2726.86674674427,2773.36826312075,2961.42437050198,2813.19344442773,2831.35039981703,2656.26151299208,2647.63272530275,2696.00465084989,2778.46189730341,2626.77718974503,2637.21938306011,2536.5211870984,2491.87414937095,2565.71116744191,2025.08189986221,1416.5565693438,1416.5565693438
0,3187,2961.33049473863,2964.50905536402,3024.50693936271,2315.20819168527,2139.69040038438,2139.45553774245,2189.37368605198,2302.64551939271,2045.68738070541,2044.8683997352,2087.48252059101,1972.69945636463,1963.45969624144,1918.3796827947,1917.91354885771,1904.00048817477,1914.66667980931,2040.36816184596,1967.06937385741,1997.33268810849,2114.14062997967,2135.42360367748,2135.01261948782,2184.39107204588,2282.04604246248,2282.74827743654,2363.83377311082,2263.4004913087,2366.71371964064,2512.77139685243,2449.3737262826,2516.31283358047,2562.97267211884,2524.82121699465,2552.45789758257,2590.13395234685,2012.54846973191,1411.7704023814,1411.7704023814
0,3187,2956.7347091771,2953.55548695696,3013.55601682553,2312.22473552549,2140.64501715585,2140.69542387429,2198.66521366128,2263.21234217004,2011.51174070493,2011.67492860762,2051.85223243847,1899.62601657614,1918.04478210576,1878.73178772124,1879.26928531102,1836.21241770317,1852.10060131613,2012.03511769815,1907.18879646775,1906.73570564882,2035.3316963919,1912.53596351214,1930.82225195679,1957.7594458975,2020.57382489256,1933.67429509952,1946.22270491001,1819.77067895926,1808.85361807467,1930.4055680139,1969.46266473789,1871.79482499982,1888.66498685507,1944.33058035668,1939.11470307639,2031.82185000798,1566.43843034478,1108.3524187751,1108.3524187751
0,3187,2961.33129079567,2964.51051299318,3024.50998307036,2315.32469126796,2139.83817672486,2139.78764181249,2199.7570950691,2242.38425839732,1992.86707077723,1992.70333867843,2047.12265577931,1916.88231943879,1898.53209117737,1853.69598964382,1859.03804505882,1803.23514703953,1785.81008853131,1882.43923326395,1887.09482434707,1888.71937961272,2047.11093105107,1947.51229476696,1940.99280423706,1966.10730431427,2105.33630228962,1975.75119096028,1928.52068670317,1826.27778634308,1825.9374652848,1909.56230364392,1929.78746076949,1870.01234698233,1868.81055915214,1877.54509423643,1935.04351800039,2047.3622450304,1550.1175195082,1084.19059347494,1084.19059347494
0,3187,2950.37582273509,2953.55548700682,3006.87322123071,2312.22480868841,2140.64511071932,2140.6956455549,2185.817208243,2225.0606421158,1967.0701344912,1967.23394358841,2004.9197109346,1898.70319673557,1899.22755070129,1845.34998540469,1837.86589580872,1832.92396114092,1822.78723722694,1896.83890779372,1844.23924279706,1856.1378527161,2005.7386484288,1950.87355839155,1944.11436171562,1976.65834610668,2034.47799560221,2024.87190313955,2063.63293163041,1942.11531280023,1950.47541752707,2014.04472991479,2003.20729947846,1939.59661967121,1940.96467559034,1960.60203931121,1896.77239102516,2088.96423882641,1556.41081895051,1087.00676127773,1087.00676127773
0,3187,2948.95815245714,2942.59948704013,2990.60001699933,2284.04900571875,2116.41392878879,2116.49131979533,2168.47788102865,2187.1610943998,1933.65005274245,1933.94906451745,1979.72677710028,1894.31644612771,1848.38939869334,1849.81473585998,1827.97975785836,1856.63900875104,1851.63736511323,2023.83655426791,1848.25722008213,1836.63701928434,1982.3926890135,1934.20059148003,1928.06666776675,1965.15224278227,2126.48395159472,1955.7748356312,1935.56081244402,1838.08268574793,1807.71902114416,1872.90017954944,1907.94757298609,1776.2253178395,1779.44537133874,1814.5225214165,1872.8252999533,2276.36635743512,1619.93135992157,1137.21233617649,1137.21233617649
0,3187,2954.97213834763,2964.51002596971,3025.87455750381,2300.13650982122,2114.82183243915,2114.7207425209,2203.44726592066,2195.87170689541,1940.91749251388,1940.58984967328,2012.02462130314,1947.24723011607,1982.01129824205,2052.09174236445,2051.67410705119,2075.75664448772,2078.36186139637,2241.11446707417,2204.51382010011,2181.80554028946,2401.41327169175,2253.68577856077,2236.30195322176,2301.05701994718,2431.21292138452,2382.05103168976,2304.60768601454,2177.37804303431,2155.76348061951,2218.74575985855,2168.25267518976,2137.21024925452,2110.95574011065,2230.39334943718,2032.6829519416,2383.26367791874,1901.70423116658,1325.30034457078,1325.30034457078
0,3187,2928.46435468361,2931.64446103711,2976.91486802771,2328.98116894516,2167.11236591969,2167.21043921026,2233.45084003256,2281.43012003674,2016.96805514627,2017.1896954757,2094.73476612723,2012.44755758366,1987.52963983754,2036.79723024039,2049.37228833329,2059.24321808768,2054.14123350356,2262.32641593753,2196.43836853534,2191.97678225123,2374.79498069633,2365.10107522793,2388.4896994062,2438.06821543946,2690.22977823387,2599.95734117908,2643.81285732596,2529.57949971585,2508.63027533237,2601.7962619988,2565.22604986392,2413.94679480395,2400.97312619599,2662.14688713407,2597.02446513293,2951.21449737283,2197.79940183864,1528.49812535115,1528.49812535115
0,3187,2933.40503894457,2920.68748707345,2961.3950063166,2237.58296248527,2067.97097892908,2068.12876168572,2143.13495005211,2160.08727643933,1909.96561448169,1910.66937866247,2006.75045122442,1948.55460215479,1954.03439901808,1994.41643895247,1976.75387484974,2006.56039455578,2017.40037390885,2287.13028284325,2249.09833637128,2245.03592155415,2423.08003866443,2324.97122851346,2310.69976590225,2367.05720620052,2449.41937871845,2468.85615031327,2468.50191239937,2366.25758238183,2391.93946218336,2502.40557414546,2493.57642983617,2384.41656818235,2384.08518068691,2551.04554247434,2696.78024227989,2904.02504570249,2391.29140646566,1679.04135244543,1679.04135244543
0,3187,2951.7921631554,2964.50905192276,3011.82413647788,2303.66275037572,2127.17793002478,2126.90878652643,2184.8663094183,2215.83422218158,1968.83991591645,1967.84755795773,2042.17642932202,1968.81154440801,2011.43856673278,2098.74985510376,2102.82982190123,2081.30816385093,2095.46833915564,2280.80331419424,2364.98272622202,2369.81901530573,2641.32540969386,2449.60899801923,2460.95658630573,2504.7465471283,2622.34952700496,2535.57088815819,2548.6185114574,2392.94763878208,2391.73164551048,2490.87337116796,2634.79388089056,2405.68821629528,2395.9157835455,2539.29567145729,2443.42404688362,2660.75301571909,1984.07099524993,1387.46398803247,1387.46398803247
0,3187,2933.40583681731,2920.68894802727,2979.39805696597,2278.13508432614,2105.49888526789,2105.72776845619,2154.89691597817,2146.02577407732,1908.3515269174,1909.14128659264,1935.97404251205,1826.26968002616,1817.60530869667,1904.4721557104,1904.17312601189,1873.69384601301,1870.1062696226,1986.70918807402,2044.807353824,2076.68458919273,2322.75557065508,2303.61641880364,2314.81067360138,2370.81866298068,2467.86730717331,2408.07426711063,2404.62216488146,2273.29656598067,2297.75976094533,2413.58146812178,2469.96487005781,2527.20164617575,2542.13329368938,2699.13416047675,2754.1831654365,3005.22086545827,2301.58913237787,1610.63180259576,1610.63180259576
0,1986.433992897,2958.15104965192,2964.50905197273,3013.11714733491,2330.34424093701,2164.64047466932,2164.37139195071,2192.32895254612,2173.5984684424,1920.78783808626,1919.79592421651,1935.21655528472,1811.77150547127,1812.76441844427,1884.77316112049,1892.20468355654,1879.46803889099,1867.00237792527,1990.82567243616,1906.30898081202,1913.8215180346,2023.70399671029,2034.97670978184,2052.36030712639,2102.38340725743,2222.10388061699,2128.23329947314,2149.29120167679,2059.19459773438,2026.90088247428,2123.31346666747,2199.03079880817,2087.72339005436,2111.72075855151,2371.23524429034,2316.51328311059,2647.35771930685,2024.59408202384,1424.97983070899,1424.97983070899
