0,89.8321019872435,0,0,215.825436361792,51.683076814202,0,0,70.3331912624213,67.5979866815645,0,0,45.7799966246225,0,28.1057396666638,0,35.5456965719887,0,0,35.4683919909931,0,0,48.3439492045574,0,0,0,41.4985040327408,0,66.4864324077685,0,0,32.3452711368513,28.3016684688989,0,105.036273425768,0,63.0679828340806,159.027581451588,171.86608459737,0,0
0,169.471429544866,0,0,456.975628335565,102.450143966402,0,0,147.376179965735,152.48076926862,0,0,93.7044361558804,0,44.2863514731173,0,50.3338872736874,0,0,48.5443537724486,0,0,62.1466596535127,0,0,0,52.0067045357234,0,84.8660056564416,0,0,44.9249868569051,44.6732657200744,0,154.443040788416,0,114.51121662061,428.620460827192,428.604694652945,0,0
0,170.954949257967,0,0,474.63680363001,106.642494698786,0,0,158.417902418423,165.334745954156,0,0,112.943218382238,0,61.7398952471186,0,73.4275485740045,0,0,73.8006378844016,0,0,98.1162865612856,0,0,0,81.5862996589412,0,120.81659264074,0,0,56.2169851723616,52.8573845690868,0,160.837822325355,0,103.279795632279,357.746290706139,355.446833438091,0,0
0,170.652030051483,0,0,477.192639086862,107.664234835039,0,0,158.537946999035,165.508135730393,0,0,109.509859877865,0,60.3704476587579,0,70.9279170401343,0,0,73.8672638874757,0,0,100.569697022756,0,0,0,83.1697223066943,0,133.128342109831,0,0,63.3715848771637,64.7670497826601,0,181.270106263585,0,123.504564276133,434.470242630598,435.253300883731,0,0
0,169.305085451624,0,0,467.264828656984,104.69197938037,0,0,152.369672996324,160.511714215178,0,0,105.617818669566,0,59.319586244557,0,69.8796740951432,0,0,67.568691968977,0,0,100.782531238696,0,0,0,84.2681107430282,0,132.443130033926,0,0,64.5388912837883,63.9199772431408,0,181.378052314448,0,118.187396661114,375.061119152663,375.269133651235,0,0
0,167.823050691242,0,0,468.339416211182,105.822126037383,0,0,152.166790543004,160.293480892395,0,0,104.010677028312,0,58.2266081850191,0,69.1472555188275,0,0,76.029982804638,0,0,104.205021081605,0,0,0,85.9528482006535,0,135.847300635709,0,0,64.6668224920818,62.65134375178,0,179.39738124016,0,129.444585044266,445.061726082739,447.691594243053,0,0
0,167.520030054952,0,0,460.092008613295,102.781080497912,0,0,143.353478284189,149.677378856671,0,0,96.2273109047601,0,54.6586346761211,0,65.1121296131692,0,0,71.2305840197973,0,0,95.1784979696317,0,0,0,77.2860075163461,0,119.814074348202,0,0,57.3181100571761,56.6631036489507,0,182.349448607629,0,119.329032038653,430.213084833636,434.040038976109,0,0
0,169.202784919442,0,0,469.791777290438,106.887625287996,0,0,150.796418577552,157.425017506717,0,0,100.184087292956,0,55.6296596692109,0,64.4096754290328,0,0,68.3088203850252,0,0,98.8665820166987,0,0,0,79.4104423350962,0,125.939488727615,0,0,62.1196513511233,61.1178536789604,0,191.531240729021,0,139.362716305437,466.90472439572,467.575327814878,0,0
0,173.615947505458,0,0,473.538191026832,106.39080603988,0,0,147.77183355941,152.745211991241,0,0,97.3740977983953,0,55.125627824617,0,63.684782730865,0,0,71.5353755765828,0,0,98.2543413027965,0,0,0,79.3363973296446,0,123.384842904565,0,0,59.0856547171379,59.0545363114768,0,171.96524339248,0,122.598876990232,444.048074661291,446.851832518241,0,0
0,170.214096665785,0,0,457.652830779762,102.681165546339,0,0,145.383768994857,153.284964030306,0,0,99.1943494337049,0,56.0785814454565,0,65.3894547750282,0,0,64.9233475067032,0,0,87.4951664452988,0,0,0,72.5054971196098,0,113.709172620644,0,0,53.2459770647259,54.8928217126567,0,171.637052629803,0,112.402927541865,394.641370084904,397.381460149091,0,0
0,169.743094872019,0,0,469.492788125919,105.634320256091,0,0,147.416156707534,153.870936631644,0,0,97.4148290141237,0,53.7625320039428,0,61.9613739978367,0,0,68.0294166447891,0,0,100.1861295506,0,0,0,78.6647525526162,0,123.183823377049,0,0,57.6947508720829,56.0606917110514,0,170.1226563613,0,117.744230955791,394.388094314895,393.868216125801,0,0
0,168.596921060574,0,0,451.29288521921,101.841500999523,0,0,142.881853296029,149.251599538824,0,0,95.2756050404909,0,52.1294818119369,0,63.3258313203924,0,0,70.5821318049659,0,0,98.5043434804649,0,0,0,79.4591739268572,0,121.513920594977,0,0,56.5851009899027,53.3861918422313,0,163.96119432638,0,120.776050767103,404.780692206404,407.799569418472,0,0
0,170.92205830487,0,0,469.57183966292,105.499312050176,0,0,144.142075024625,150.370825346695,0,0,93.6282890972915,0,50.7362981498114,0,59.3187252446169,0,0,65.7996966950175,0,0,96.967277755345,0,0,0,78.5862470349866,0,126.047368020824,0,0,59.1902974364389,61.0483136966374,0,176.654167407803,0,122.658752876829,457.832730636981,458.959378616161,0,0
0,122.407662859409,0,0,329.311323514117,74.1583321733562,0,0,110.668017941626,116.630521161565,0,0,82.7119634318461,0,51.229968984834,0,60.4462576217039,0,0,66.3355041140748,0,0,87.2739737589649,0,0,0,68.5077675385148,0,108.902879048125,0,0,49.5950325407448,50.5157178884098,0,148.832519596672,0,99.9458411015256,352.37233121034,356.345173504762,0,0
0,123.887949368555,0,0,338.317684826814,75.8231633431423,0,0,110.635808546525,115.463336310467,0,0,77.0125964243628,0,43.7360520259775,0,51.3958978623346,0,0,61.1832831415375,0,0,87.156239931672,0,0,0,73.6292698407071,0,117.65707483741,0,0,56.22208086201,53.2725532039728,0,151.385901265683,0,101.42078336866,342.609324531118,342.642421223923,0,0
0,126.311759572523,0,0,344.706853819311,77.8547145749395,0,0,111.980829242847,116.897074134065,0,0,74.5227944560431,0,42.4333491794733,0,50.8837849542213,0,0,56.6752223223794,0,0,80.3210714214904,0,0,0,64.1243010543415,0,105.990444804472,0,0,50.9353024269809,52.0508063589263,0,150.373694155716,0,110.925024923863,359.710730928155,362.559328262122,0,0
0,129.816037664245,0,0,372.811755589972,83.4299327397658,0,0,118.67044402999,123.73687534008,0,0,80.0863789535014,0,44.0759122984256,0,50.3205824018589,0,0,51.8309027494759,0,0,70.0782648136279,0,0,0,56.3799269415033,0,88.6634481776397,0,0,40.4558782956729,41.5464743051751,0,127.277151901114,0,96.5825574984976,347.809822386602,351.495485208015,0,0
0,123.888202754565,0,0,348.653638177823,78.8995561744319,0,0,115.873909577311,121.121843339867,0,0,80.6789886557684,0,46.1689293469717,0,55.0697326993063,0,0,56.6277815615504,0,0,77.5744128769194,0,0,0,59.539673731256,0,99.4337607215274,0,0,44.1748087589779,44.3239656272356,0,132.886703021593,0,98.7859515410803,337.767975391255,338.211350394931,0,0
0,123.888000006935,0,0,338.351731294633,75.8336899409342,0,0,111.318481273538,116.232946154464,0,0,77.6049439605591,0,44.3974410918303,0,52.3148737233045,0,0,54.1929698853101,0,0,74.7493982284141,0,0,0,61.8296890797871,0,98.6848407499309,0,0,47.9799284537449,44.3617399744632,0,131.250464542373,0,101.272173855433,346.820355234416,347.832931606275,0,0
0,123.888,0,0,347.33897861393,77.8547211409545,0,0,111.23399269711,117.523580473206,0,0,76.0947411635208,0,44.1924806012638,0,55.9127770133641,0,0,64.528332822232,0,0,101.614723754399,0,0,0,79.5597014359661,0,123.406508912163,0,0,56.1883926964554,54.1595918767778,0,149.677457628308,0,101.540890837698,367.405177125574,366.129030980631,0,0
0,124.190969946782,0,0,353.706867349114,79.8797187832359,0,0,114.232241260015,117.841418617249,0,0,77.4603760123861,0,42.472690235139,0,49.9262417725152,0,0,50.7114331806379,0,0,73.8007362938477,0,0,0,64.1263137914473,0,102.629286762134,0,0,53.286657003738,52.8941760721962,0,155.065271842864,0,108.258857437221,388.83559353327,392.637397632674,0,0
0,124.629004708031,0,0,352.89075384544,78.8075110148584,0,0,111.659915199372,119.375394464324,0,0,77.4750113245662,0,42.7827963101752,0,50.6557188016552,0,0,52.0550834596199,0,0,71.7440296347593,0,0,0,60.1476978248514,0,97.76525272727,0,0,45.1185853413248,49.1677944828614,0,147.334703954418,0,88.5201711898505,318.690371401824,321.072478000211,0,0
0,124.190995291102,0,0,360.083108098328,81.9072810873431,0,0,115.007277902386,120.066574372743,0,0,79.43781598891,0,44.4956103661797,0,52.4778869496877,0,0,54.8823122192361,0,0,74.0151096405631,0,0,0,60.2664267604556,0,92.6825135307652,0,0,43.3195215181653,39.8462190528155,0,127.69672456401,0,81.3551531252444,293.64503494652,295.718241129611,0,0
0,124.023064815334,0,0,343.900914828368,76.785673251166,0,0,105.245024157422,108.481546826802,0,0,70.523823212984,0,40.9869358102596,0,48.6783642845878,0,0,52.8468563806977,0,0,68.2067276607489,0,0,0,53.9159916967729,0,87.6856726790996,0,0,41.1378743844283,41.7892402958324,0,130.620170909755,0,87.3892239373787,277.79979249375,280.100372744936,0,0
0,122.708985875041,0,0,343.289989292496,77.9830196151921,0,0,109.866135668477,116.146873320433,0,0,74.2748847001194,0,40.647468174018,0,47.0343795288834,0,0,47.0982040196378,0,0,65.4841466754268,0,0,0,55.1848084154283,0,88.4683177197694,0,0,42.964853808596,43.7984911118579,0,131.435290960556,0,87.7465473692399,318.152011605802,318.469502311349,0,0
0,86.3052828310018,0,0,235.985454235273,53.1433809729045,0,0,77.2786521458616,78.6698985339915,0,0,54.6995794893761,0,34.5874320205633,0,42.926976892794,0,0,46.2079198702647,0,0,63.1160568710179,0,0,0,49.4634863361986,0,78.5988923099168,0,0,34.9055652924457,34.9560759680245,0,98.9400517529522,0,82.356975151498,245.734999574536,248.257476985844,0,0
0,86.0010300970944,0,0,235.424355833977,52.9705106805238,0,0,79.3563181176283,84.2549140457021,0,0,56.6127615188152,0,32.167678660716,0,37.813337613793,0,0,36.1468643467726,0,0,51.0271984514589,0,0,0,41.6838410074682,0,66.1821911622679,0,0,30.8845290512286,30.6289534985279,0,90.9435079984988,0,68.3137289015845,263.533852134117,265.313138528869,0,0
0,84.9570553984072,0,0,231.856450752261,52.0207683906755,0,0,74.217433914544,78.9099044518323,0,0,51.5215690163087,0,28.1368719566063,0,34.1286665309052,0,0,35.3069519321204,0,0,48.1431999276049,0,0,0,37.9272128915577,0,60.9430198249575,0,0,31.9455103154885,29.0789134835621,0,83.290750423837,0,59.1526892217162,227.88769238194,229.753019012183,0,0
0,84.821965239618,0,0,230.140842292741,52.0787058031188,0,0,72.2367719975833,75.4305137930175,0,0,47.4475511208435,0,27.5901694980935,0,33.3318910117685,0,0,33.2530058868284,0,0,47.8054970142488,0,0,0,36.0203506969664,0,57.1082142800055,0,0,27.0031585348168,30.1310399441752,0,81.6368334931198,0,57.3504225313112,191.716700331322,192.908884874567,0,0
0,86.3039493104918,0,0,232.218287313663,51.9511957795503,0,0,72.0185794183403,75.1568043066976,0,0,49.1002194447443,0,27.2763861104022,0,32.1694083445779,0,0,35.1543069842031,0,0,51.8513699160064,0,0,0,41.2298319409924,0,63.5473355128906,0,0,31.9643280960747,30.490876442884,0,82.331305903062,0,55.3641527465173,183.276353135272,182.934730725013,0,0
0,86.0010300514845,0,0,241.234960241354,53.9813154255235,0,0,75.7509370526319,79.0730700391686,0,0,50.9447383485754,0,27.4724580192081,0,30.8871332434282,0,0,30.5001517705146,0,0,37.6843365733943,0,0,0,29.5988920656886,0,47.2337869450003,0,0,25.4201465060115,25.8273404278729,0,81.0325859473165,0,59.4880300541109,208.532136456152,211.80091561176,0,0
0,85.5629952919693,0,0,242.061240111584,55.0566871044844,0,0,80.7035745011956,84.2643862511505,0,0,58.1945126452579,0,31.3332632114285,0,34.7237344934102,0,0,35.0052677026519,0,0,46.7684545889628,0,0,0,38.1335785928752,0,57.3898484214499,0,0,26.4398899083416,26.2240779932801,0,74.6593292259746,0,49.7835807467504,193.36730187372,192.811610920764,0,0
0,86.3039746556793,0,0,234.210865975849,51.9569189115397,0,0,70.8639819640422,73.9830274820719,0,0,47.0643533261874,0,26.7814421849304,0,32.1190295931447,0,0,33.9293669671968,0,0,50.3825953124045,0,0,0,43.4732756230206,0,68.9993042482033,0,0,31.701318677023,31.1022275662686,0,93.1617272139692,0,51.1979446425147,176.253053133133,175.630107927267,0,0
0,85.6980601055696,0,0,252.095251294543,57.0164485635983,0,0,82.0231517996364,84.1988104591744,0,0,54.0476312586875,0,27.6781700829856,0,30.682060537346,0,0,31.3879662427815,0,0,40.1982827476278,0,0,0,32.8003344703493,0,52.8619563334329,0,0,25.7462496578196,25.9491358149434,0,78.2500097342698,0,56.9659409334672,195.451512107726,198.241360678143,0,0
0,85.1249605307204,0,0,235.319893563565,53.0977145807817,0,0,78.1308886398824,81.6209925101087,0,0,51.8532272726899,0,29.1460089031533,0,33.9766022850755,0,0,34.9530283301003,0,0,44.4318688604774,0,0,0,34.6416343710619,0,51.7575615895291,0,0,24.3519106590303,22.8418875182516,0,67.7272172291752,0,40.3782699310702,136.508943219301,137.611344520422,0,0
0,86.4390141258257,0,0,243.467258963501,54.9250413385189,0,0,80.8470388376736,84.3475623597145,0,0,55.097176596578,0,29.4570803838885,0,34.4677935044633,0,0,34.3051349073638,0,0,44.174213406286,0,0,0,36.1629739337113,0,58.8429962531793,0,0,28.8854364693359,28.1900659849408,0,81.6445321533929,0,56.9529741603399,196.941588576299,197.097862106689,0,0
0,84.2160760329621,0,0,227.646814945676,51.076062732912,0,0,76.4046838682218,78.4279478684505,0,0,52.9985884985008,0,28.066607468909,0,32.1597353375121,0,0,33.9906222241501,0,0,43.6203934974745,0,0,0,36.7016475707832,0,58.4342708992734,0,0,29.007070300473,29.1619106164537,0,79.6502099564567,0,46.7119439595629,176.419653754392,176.907460329675,0,0
0,63.9006952889306,0,0,177.004618253673,39.999994277877,0,0,65.8888452939252,69.2300357728119,0,0,49.2162522996382,0,29.0166871593734,0,33.7842329088021,0,0,33.8951219217658,0,0,42.5453732547245,0,0,0,32.2192023763182,0,50.1405288117973,0,0,23.7331554873248,24.5636261053596,0,68.8453351197961,0,46.8348095076214,144.539726333751,146.114277867028,0,0
0,64.6409746796211,0,0,177.737088091514,39.8419021172434,0,0,63.8905824163647,66.6868906447919,0,0,43.403372126382,0,25.4584102923807,0,30.2143418314198,0,0,31.9556571792359,0,0,41.8755155388534,0,0,0,31.9048400861357,0,49.7416198167521,0,0,24.22244070795,23.4492904669021,0,63.8981696684814,0,43.537398475384,154.45853474919,155.023437098311,0,0
0,64.0350601055704,0,0,181.587204314372,40.8569014988391,0,0,66.9562276965177,69.8968465210374,0,0,45.9015846092542,0,25.3970718012224,0,29.0485331321226,0,0,30.3801160781949,0,0,39.512412663269,0,0,0,32.1905646977724,0,52.0388122971897,0,0,23.833482033905,23.7149606104086,0,71.8978142597227,0,49.1869034326184,151.727779043505,152.205315596131,0,0
0,62.8560206371568,0,0,171.822545879009,38.9584299286649,0,0,63.4734472635283,66.3077616568475,0,0,42.0868339504919,0,23.0019853186639,0,27.3728105407476,0,0,30.1359886618406,0,0,42.060070185243,0,0,0,34.8354654729559,0,56.1188402137325,0,0,29.0887679826715,28.6121832791731,0,84.2359351385493,0,55.2076860551701,220.27394380681,220.391970178918,0,0
0,64.5058844968916,0,0,169.658471849397,37.8763609395936,0,0,60.272000604396,62.9141418170861,0,0,39.2902349668129,0,22.1633607290948,0,27.0301647863589,0,0,27.0292761068991,0,0,37.2164022718583,0,0,0,30.6446844868659,0,47.9939626009316,0,0,23.2356770247229,22.78292243517,0,74.2806518471805,0,42.5147851602862,148.406479633277,150.149750505302,0,0
0,66.4259540167888,0,0,190.022392964679,42.7512318212425,0,0,67.4075963213807,70.3004134119947,0,0,42.9594485821421,0,24.0439760873443,0,28.0838535832664,0,0,25.4383511002269,0,0,31.5694632451548,0,0,0,24.9072650016041,0,40.0731241523449,0,0,20.0566381951392,20.5793620998169,0,68.6723003237231,0,45.9218062756347,156.649716461615,158.581876746706,0,0
0,64.7761155022415,0,0,185.842146351606,41.8156032813516,0,0,67.7178043206878,69.311910982845,0,0,43.3843269596358,0,24.0829720764787,0,28.5109705492126,0,0,28.2401599540319,0,0,39.3784349445794,0,0,0,30.5760695745803,0,44.8740561194068,0,0,23.5371676213695,21.0928276696416,0,72.0872979651429,0,44.5939506232946,134.896320014962,134.49083473815,0,0
0,63.7649558235566,0,0,174.468084096801,38.9625763365684,0,0,67.6448190010801,69.2772762498065,0,0,44.9488813637445,0,24.6173330434159,0,29.0350032866924,0,0,27.6038310156647,0,0,35.0653255581601,0,0,0,27.0365272168582,0,44.3252361937212,0,0,24.1500492650187,25.0446076794277,0,81.0834490437674,0,55.6931985531569,219.3788205753,220.589686513161,0,0
0,65.8199887815051,0,0,198.350973065176,44.7720980276336,0,0,78.4597875965692,81.8182220822904,0,0,52.2514721296975,0,26.9154280788334,0,30.5370562129874,0,0,28.1515710420904,0,0,35.0415978333854,0,0,0,28.6333828673717,0,43.2998129480321,0,0,22.9776922755284,23.2347933351282,0,65.6197099171819,0,41.7803119895455,137.146225626358,137.533183950234,0,0
0,64.2030159256588,0,0,180.577474241963,40.9296274579191,0,0,75.2697745577812,77.2430731416479,0,0,49.7610842361529,0,27.671073901697,0,30.9233199242743,0,0,32.0100448874683,0,0,41.9737303797492,0,0,0,33.1670277568635,0,49.2878668809347,0,0,23.1614671106832,23.4571244442066,0,70.7740532425622,0,41.8785511558131,133.229346119597,133.187855848837,0,0
0,65.0790094186618,0,0,180.64897936764,40.7922706956506,0,0,77.1679441865882,79.1266253519338,0,0,51.5972300682632,0,29.3010316451492,0,32.7151918784606,0,0,33.1467259017897,0,0,41.4094319955118,0,0,0,30.9113509863114,0,47.4141630881137,0,0,21.7045334071133,21.43045593727,0,69.5945789077258,0,48.5387040150519,176.217221988245,177.621996843105,0,0
0,63.5970506886414,0,0,169.696176177902,37.8879912467646,0,0,77.6781946987864,79.7367683461177,0,0,55.5479704434123,0,33.3890142073166,0,38.5737404891095,0,0,34.8842650504116,0,0,47.3869756035071,0,0,0,34.4987025225166,0,51.9632297595661,0,0,24.8269586139943,23.1929346581803,0,69.6647340010541,0,47.7192789631996,157.376731546311,157.266660965435,0,0
0,77.4264746986249,0,0,212.496071893574,47.6463746926004,0,0,90.7110502408785,94.4045158422545,0,0,58.6188722055282,0,33.6200836732325,0,38.1186213694568,0,0,36.7368480983815,0,0,51.906992067605,0,0,0,40.552133024082,0,62.5092806629779,0,0,27.3751636772387,29.1127140941491,0,80.1345853001977,0,50.0437509408668,182.995931692095,182.14936720576,0,0
0,79.5148891872776,0,0,223.677179143468,50.6210012513458,0,0,97.2576749032531,100.083648647083,0,0,63.7546889144536,0,34.5129211023078,0,39.148891505821,0,0,39.4974469215775,0,0,54.2675814944467,0,0,0,42.9087254664556,0,67.4513261440037,0,0,28.8084855655224,28.256632049464,0,77.8516379482567,0,49.9472150381236,165.497600868669,166.139105474757,0,0
0,80.0880394675452,0,0,225.136986061806,50.5059566501744,0,0,100.674003281828,102.260695553999,0,0,66.0655495915873,0,36.2106521074454,0,40.5053845486095,0,0,38.4512041354143,0,0,51.7356819221128,0,0,0,42.008806892393,0,63.3412604874902,0,0,29.3259375054529,27.819121018273,0,85.2546514254476,0,49.5118156649237,179.206075282149,180.123278111225,0,0
0,77.562106087047,0,0,216.321471131765,48.6754792842098,0,0,103.222242470179,107.820775309429,0,0,70.8520254186832,0,40.146047814795,0,47.5691735077629,0,0,44.1633899333112,0,0,57.9377764105424,0,0,0,45.3211673372225,0,70.2535863426467,0,0,32.4816716050315,30.833262483918,0,89.5636554587532,0,57.2005893073846,201.732746523532,202.380232694878,0,0
0,77.1239952945699,0,0,212.058198347983,47.7142194562382,0,0,100.790149151607,105.245710505945,0,0,67.5775494179711,0,39.0500125230774,0,47.3154469088185,0,0,45.6173305041126,0,0,59.4065528700314,0,0,0,45.9073427068777,0,71.2085321942186,0,0,33.9332355930957,34.2684655129811,0,100.192326823808,0,59.4756481766319,191.306311112962,192.261097861226,0,0
0,78.1679446024612,0,0,216.270333811789,48.659703047591,0,0,134.46650704031,106.992998847495,0,0,69.495384333938,0,38.4257469883746,0,46.3948148088779,0,0,45.7447658616997,0,0,60.3344931171861,0,0,0,49.8423269681789,0,77.7788312332686,0,0,35.2808097400126,35.3496601621683,0,108.0473078931,0,70.8032558779694,236.812665248714,236.594850646149,0,0
0,79.5149145475092,0,0,221.82536881608,49.6134728090641,0,0,185.999031188708,194.162179698665,0,0,124.919427848208,0,65.8263990401989,0,74.0823399370158,0,0,65.9547942503466,0,0,71.6679845150327,0,0,0,48.1367204617954,0,69.3843815306411,0,0,33.0070006284941,32.079867980745,0,99.0464327769094,0,65.6002228893514,239.5953425426,242.088616153292,0,0
0,80.0880394684126,0,0,237.968814551044,53.540299202448,0,0,190.203784408275,198.520371459628,0,0,124.177888268685,0,65.7273630839948,0,72.7913753859276,0,0,69.9823955247381,0,0,86.5124876102518,0,0,0,68.1467923790618,0,105.077263667572,0,0,48.231944643484,45.5056857786199,0,126.07244852555,0,72.0480563178639,256.465816304444,252.848643197403,0,0
0,78.4710159273924,0,0,224.007952156628,50.7012675479447,0,0,194.620355194334,197.634915923508,0,0,127.407483147439,0,72.5258806111709,0,82.5939868104057,0,0,80.5888965437405,0,0,101.92256255234,0,0,0,77.3448944293181,0,118.72348134173,0,0,51.7858360010669,52.2884872500567,0,148.253704518426,0,82.402782418744,284.228873986716,284.167203082775,0,0
0,79.6499793654437,0,0,225.398029713885,50.5646952293835,0,0,200.696982817896,209.497091217737,0,0,132.921233749858,0,72.8512857739511,0,83.7196318410265,0,0,79.7455139185495,0,0,96.9308450845596,0,0,0,74.0886037718066,0,115.284505761122,0,0,52.5340147289224,50.8301269114409,0,149.963406681527,0,92.5990667731968,306.516871987765,308.248594929098,0,0
0,78.9090253434539,0,0,224.375595999777,50.6334676429942,0,0,200.842637596064,209.694987740869,0,0,134.255234484332,0,72.3165504491053,0,83.6193836876142,0,0,79.1698092113315,0,0,100.712063517645,0,0,0,76.6919012552276,0,119.541589654695,0,0,56.8465494629753,55.542759859037,0,155.971883900936,0,101.464564647673,336.021168553263,336.785046055527,0,0
0,79.8179098412122,0,0,220.525295795389,49.618411035319,0,0,203.140196347517,207.110507514315,0,0,133.537329581841,0,73.56358700369,0,85.4163428233029,0,0,79.9504603955751,0,0,98.7585353710627,0,0,0,76.7054058390818,0,119.141335777402,0,0,54.9318951406645,54.9330867833377,0,158.597250809199,0,97.7904172610975,354.294763861845,356.281189784923,0,0
0,119.365649690945,0,0,332.796102059605,74.6796544194108,0,0,240.11654548638,249.796258628278,0,0,156.89908731096,0,80.3431898156639,0,89.5929427595397,0,0,86.483326413373,0,0,104.039605893462,0,0,0,80.0210060516047,0,125.715875385708,0,0,58.0672326479142,57.5474001466295,0,161.455861434474,0,105.121708912528,348.635330169978,349.453809452071,0,0
0,118.793960482481,0,0,327.486616451605,73.9825933164644,0,0,241.665782923874,252.334279796792,0,0,160.990636038453,0,87.208996010632,0,99.2725280616984,0,0,98.5404360627281,0,0,120.717992339015,0,0,0,92.7948990552207,0,142.88283610363,0,0,65.7680731186207,64.249146582532,0,179.48314369165,0,109.577675921482,381.588666660314,381.373863755568,0,0
0,119.805044179042,0,0,334.434646794796,74.8006987484411,0,0,258.074763154507,253.18359039585,0,0,162.938333894382,0,85.4040353494669,0,97.3169957315973,0,0,95.7798525080099,0,0,118.520077699135,0,0,0,92.2598304057767,0,140.317142241824,0,0,64.2890906321808,64.0854014555607,0,185.006235811254,0,121.135376205277,408.671558790796,410.457498087077,0,0
0,116.235161484586,0,0,331.717913250363,74.0481397183943,0,0,283.266533971306,295.796842038204,0,0,193.156856069005,0,103.781190619952,0,117.109034071066,0,0,110.953868453333,0,0,130.239991007485,0,0,0,96.9003478822468,0,146.066445952191,0,0,64.0301236451212,63.9967623705952,0,184.351155592125,0,112.688164816621,416.348277868683,418.041648702952,0,0
0,115.358990587406,0,0,335.946369085673,76.181528900734,0,0,286.439187196243,299.062303582384,0,0,190.346015055879,0,102.343867473797,0,116.869059404206,0,0,111.921322896015,0,0,148.50472770188,0,0,0,114.279522898522,0,176.873003130522,0,0,76.4744951912521,75.0565633354475,0,202.168293600219,0,125.328367132336,419.043036762749,416.278293040934,0,0
0,117.143919258141,0,0,330.339119009478,74.0288210219231,0,0,287.423540304893,294.312033750103,0,0,186.096972613827,0,97.7362048348158,0,109.910021803091,0,0,106.257306496462,0,0,139.985443401679,0,0,0,110.512208968719,0,170.95589521972,0,0,76.8551406414392,75.3859183905237,0,205.13226179799,0,122.504252501693,432.017052344617,433.954501726435,0,0
0,116.976064812733,0,0,340.286159031116,77.0069917903639,0,0,300.03691015696,313.206882924331,0,0,197.586384991965,0,104.913240866689,0,118.29118033782,0,0,110.835191886681,0,0,134.352122072665,0,0,0,106.000161061211,0,163.250230794086,0,0,70.8986342058837,70.2210843563902,0,197.586611464504,0,122.64356825769,419.566207113367,423.512551857534,0,0
0,115.661985875041,0,0,314.793577259714,71.1286905836044,0,0,291.122352685601,304.010256357081,0,0,193.395372613494,0,104.162414064487,0,117.892674960201,0,0,111.528560710998,0,0,139.082033504002,0,0,0,105.650881707517,0,166.83917467219,0,0,77.6466651483229,74.8076397861716,0,213.414211930596,0,126.878863717091,442.87361096767,444.239868133853,0,0
0,118.18789391382,0,0,324.349765159131,71.9393783144422,0,0,298.256310583575,307.885237171005,0,0,200.339443315039,0,107.888585141703,0,121.851831648117,0,0,117.460926080424,0,0,150.08944217708,0,0,0,111.636159855748,0,171.112225122838,0,0,78.5753698042002,77.3743540040077,0,234.109962536489,0,131.320010111419,465.360822396702,466.632965574237,0,0
0,118.323034758648,0,0,353.512453128749,79.9818125401615,0,0,314.383779511078,328.157799162288,0,0,208.533647391657,0,109.303402316545,0,122.69442863829,0,0,115.404341335246,0,0,147.062348559165,0,0,0,118.04474454419,0,182.841333189729,0,0,86.8232887048617,84.0703692027744,0,257.623902440147,0,162.613341062114,521.055414877857,521.369113467434,0,0
0,117.14402063629,0,0,332.916171016077,75.057094909912,0,0,306.049057821064,319.57297824568,0,0,205.229692696636,0,109.936947087742,0,126.465996117405,0,0,124.296444395496,0,0,152.700946478183,0,0,0,122.811151380166,0,187.253353436522,0,0,86.8139209185921,87.1242642904827,0,260.978182840734,0,167.238391982677,587.408352409308,590.5810077771,0,0
0,119.702794337237,0,0,331.293807856221,74.984372205092,0,0,294.18534886792,316.805832190192,0,0,198.690756993385,0,106.671492523756,0,121.275476981255,0,0,121.562973550943,0,0,156.94459236381,0,0,0,126.036136421578,0,197.837079800045,0,0,92.2942723560854,92.5365680927463,0,259.750850555216,0,166.90729613857,591.540178723446,592.268165608255,0,0
0,151.204896111132,0,0,416.371012612248,93.4950710981034,0,0,303.819755676299,316.492503801152,0,0,202.846582262915,0,105.308714200504,0,119.934107482446,0,0,117.794935677393,0,0,155.26769478523,0,0,0,122.320155284805,0,188.823757281276,0,0,89.9609793230846,89.6010911279582,0,248.908038790442,0,152.435830639814,525.431392347697,528.689701241661,0,0
0,149.994120175117,0,0,420.695653493315,94.6562766795543,0,0,304.35849415669,317.744170303874,0,0,202.605967036178,0,111.424675712809,0,127.943590881838,0,0,130.230741172555,0,0,166.368345415266,0,0,0,133.765903424881,0,209.937589066612,0,0,94.5904365948435,90.3418993262687,0,258.260230232448,0,157.063971678621,532.031899150723,533.22165305041,0,0
0,147.636041274312,0,0,403.796196779894,90.8586352721613,0,0,299.043143798719,313.686736260022,0,0,200.324421058519,0,110.191802592864,0,126.857307272442,0,0,129.095238293839,0,0,165.890299861012,0,0,0,134.947158380156,0,212.571429033755,0,0,100.887906089258,102.077242274276,0,292.330593994681,0,183.021034745648,641.263656233021,643.54849548785,0,0
0,148.512009419529,0,0,413.509736269811,92.7413363217559,0,0,300.966163629577,314.167262666659,0,0,203.830578476971,0,110.694761800132,0,127.332271659388,0,0,125.606633891923,0,0,159.838842197211,0,0,0,132.52258409898,0,206.474626912058,0,0,97.5416489985196,93.6671307072487,0,266.245207930621,0,165.662940786859,586.066862723329,589.286003096163,0,0
0,146.424110795078,0,0,412.106228709876,92.8737636410231,0,0,303.622630208579,317.012594485068,0,0,207.78581010259,0,114.7559914286,0,133.001630171929,0,0,127.575769251242,0,0,161.045761712887,0,0,0,126.197489103099,0,197.417666400437,0,0,94.9467997873773,96.6940801260844,0,272.229331228346,0,165.809083649119,568.15015521091,571.74449082796,0,0
0,145.547990585672,0,0,401.109953781119,89.9560935825315,0,0,297.642281342603,310.785497359278,0,0,200.172277506739,0,110.346085684918,0,128.567614566948,0,0,130.66261857038,0,0,163.008885605787,0,0,0,125.916724255949,0,197.352005665653,0,0,94.2750665357317,90.0172224467369,0,250.579903239865,0,158.028156311971,543.740453834024,546.358479630624,0,0
0,146.121039471013,0,0,415.236513552408,93.8697012794867,0,0,303.545752471057,316.849441911472,0,0,203.038036203808,0,109.605184744108,0,127.115273663548,0,0,129.041389931542,0,0,163.248876788693,0,0,0,125.020304576575,0,199.086835292658,0,0,91.5892143934717,92.513796460672,0,262.671263050834,0,160.66499291864,552.851441102334,555.011216644114,0,0
0,145.109955820956,0,0,394.363500317189,87.9955317211658,0,0,292.86252173019,305.826976720366,0,0,193.984705611128,0,106.627969322425,0,125.2241854165,0,0,125.384429344873,0,0,160.709209524076,0,0,0,124.424254635836,0,194.792077433869,0,0,92.0548997540068,89.8253810260966,0,261.791884268108,0,160.726382386096,572.287817323413,575.209389623032,0,0
0,148.07389862185,0,0,427.78303311739,96.8378227622943,0,0,308.447196576888,322.418852355098,0,0,207.629374595191,0,112.663279588271,0,132.015526096225,0,0,132.751330623103,0,0,167.451796224841,0,0,0,130.88314293795,0,208.007899151781,0,0,94.9303060020614,94.8043382463722,0,269.270657115575,0,169.921792598502,565.571354735039,566.91836921605,0,0
0,147.165090156187,0,0,413.807666244198,92.8114852448941,0,0,301.098379350153,314.368376140331,0,0,204.709064741516,0,114.229562764867,0,134.862104856425,0,0,133.923802752129,0,0,171.594805845569,0,0,0,133.528862756027,0,207.57740615209,0,0,97.0290066282161,94.0858871938437,0,269.926745246671,0,171.645302329828,591.008457590288,593.467416596131,0,0
0,145.548015929126,0,0,411.431805758347,91.9828640650294,0,0,301.919412816117,315.25522799521,0,0,205.328318253179,0,112.282014005539,0,131.055356758015,0,0,134.272737863076,0,0,173.535154532303,0,0,0,135.585603462726,0,216.630976463469,0,0,105.726092000214,105.480656683042,0,313.306717661426,0,184.766724546282,653.674701359149,654.870282929886,0,0
0,149.756678833262,0,0,433.231439645906,97.9181222088886,0,0,308.495973190474,322.006605271257,0,0,203.678355265788,0,109.079690997957,0,125.613445090765,0,0,125.941846711971,0,0,164.709655105064,0,0,0,131.186879468927,0,204.840407538554,0,0,97.0960482144863,97.4038964125284,0,293.135934367547,0,182.87160206088,653.065303884863,656.75841926846,0,0
0,207.157142349122,0,0,599.088490104264,134.570075670582,0,0,358.63829526943,373.094367432253,0,0,249.94552411663,0,124.837777112121,0,139.425724762162,0,0,141.042866258438,0,0,174.994672852981,0,0,0,139.752433420023,0,213.9250282057,0,0,100.238418130762,96.7177671910448,0,283.393159284735,0,172.449663717343,571.348094799622,573.73224530131,0,0
0,202.140112530086,0,0,568.072445029863,128.269180667891,0,0,354.008759599958,369.744386359011,0,0,256.523551939414,0,143.325608064278,0,165.022071741451,0,0,168.173770128142,0,0,211.197218981275,0,0,0,158.580607409481,0,247.303119605305,0,0,109.44577478652,107.960302068029,0,316.852941569845,0,201.131310083195,661.210068297107,661.708538547156,0,0
0,206.180743652061,0,0,571.758761991339,128.050792059081,0,0,350.741224866198,364.597823404864,0,0,243.588559902545,0,134.265693297625,0,158.776754612267,0,0,167.417154400701,0,0,214.667221882791,0,0,0,168.193405437681,0,262.145221223698,0,0,124.849503984272,119.676634301414,0,344.525638749592,0,225.051808185636,788.457593772767,789.158518149334,0,0
0,207.294178511675,0,0,611.18647418008,137.805454311155,0,0,363.677413276633,379.532965599579,0,0,245.1016775502,0,132.282868804409,0,155.860365229388,0,0,161.050098551882,0,0,212.607975177751,0,0,0,170.247474469269,0,266.930060358057,0,0,125.403663224045,125.40665650402,0,358.604043268328,0,224.574919384426,789.429764402774,792.80389748234,0,0
0,200.961098472552,0,0,562.381149428763,125.364095511597,0,0,350.616518111235,366.282563913913,0,0,242.025736337347,0,133.21375075089,0,155.762472592687,0,0,161.253936643707,0,0,217.009624077622,0,0,0,172.184475652401,0,267.737225079648,0,0,131.981238511879,127.99361423637,0,371.499836608494,0,236.386383381602,791.817910675936,793.694994712807,0,0
0,204.194968151283,0,0,616.323408909001,139.108454911294,0,0,361.233935766481,388.054778574577,0,0,254.678333440769,0,134.142774437182,0,155.484829699627,0,0,154.671471198565,0,0,197.785411451548,0,0,0,156.561162487128,0,248.258067527586,0,0,118.31701919102,124.902157252974,0,366.6954517746,0,235.166627548226,851.329288439896,857.918172622342,0,0
0,200.625161481986,0,0,584.713373047199,132.305930522452,0,0,332.229610189297,346.946883805455,0,0,229.341112943911,0,123.855949727642,0,145.025363104066,0,0,153.727872519759,0,0,205.77531472175,0,0,0,166.278052280317,0,258.879418467073,0,0,118.973237842903,112.754248195584,0,324.105228740669,0,200.53486270502,697.215145866986,699.090264452576,0,0
0,199.446020640624,0,0,558.319883711469,125.329205464354,0,0,322.384598335237,336.638282290968,0,0,225.146926448071,0,127.026211840444,0,149.267112515077,0,0,152.084334865514,0,0,207.510570137983,0,0,0,163.032264183656,0,256.683637956328,0,0,120.821320033389,118.820327858686,0,345.833911868457,0,216.5938814118,736.292163971121,739.980361092851,0,0
0,201.701824390455,0,0,570.184771984433,128.290015236189,0,0,328.394398238556,345.235075461357,0,0,236.908179249784,0,129.212962427197,0,151.380777176591,0,0,154.207693885518,0,0,194.689991247506,0,0,0,154.268546222021,0,247.258951759851,0,0,124.945127168002,122.620223659366,0,359.842649762844,0,224.717003149453,791.719644438161,796.870677386369,0,0
0,204.800933379632,0,0,590.67308957088,133.043886074633,0,0,328.838566459692,343.20373222619,0,0,238.843477313362,0,129.787456185236,0,152.40545538343,0,0,160.656178993891,0,0,211.997158176412,0,0,0,168.695541211948,0,263.40426993726,0,0,124.721753809114,125.385154001932,0,373.093289177829,0,227.094009658281,766.252546952265,767.468170037406,0,0
0,203.622020632822,0,0,578.449596047653,130.153619947391,0,0,320.064092611779,334.193751243563,0,0,229.879285656033,0,126.756566372976,0,150.055450850845,0,0,161.897604960607,0,0,220.018875620631,0,0,0,179.975532315597,0,283.434383510848,0,0,137.464603050365,133.222352512958,0,396.128569955856,0,254.146676798626,866.663125339958,867.380547588987,0,0
0,204.665944603328,0,0,583.961895540803,131.094193622615,0,0,317.830614525979,335.875124556721,0,0,225.855310110035,0,125.166147390505,0,149.569186530146,0,0,164.629129872683,0,0,217.343984608418,0,0,0,179.601794410964,0,281.549458722159,0,0,139.14353717011,137.717946325451,0,398.398776024626,0,260.15915523545,902.337879075168,907.280836525653,0,0
0,313.679223880549,0,0,880.010568975282,198.010579382404,0,0,393.689852783478,408.611084942638,0,0,262.841570136041,0,129.616542283896,0,151.746206635166,0,0,161.23166678068,0,0,223.135936090603,0,0,0,180.619165241675,0,287.005120708494,0,0,148.019256608903,138.893731642415,0,415.99343328487,0,254.310104023099,880.053151643351,882.4270867373,0,0
0,314.186805424362,0,0,865.834771429947,194.668263153456,0,0,391.609521693471,408.905714989973,0,0,275.428334003495,0,149.774913967467,0,178.729845165761,0,0,196.594385799502,0,0,255.447793081771,0,0,0,205.871947037656,0,315.482383648068,0,0,157.422274850677,155.796749829371,0,471.55226385474,0,300.411987730265,1013.91032630752,1017.52668645901,0,0
0,318.129042374872,0,0,908.320691583501,204.213778063589,0,0,415.685123797702,424.984264092315,0,0,285.845117957719,0,160.124281014594,0,190.667800330644,0,0,202.399274327927,0,0,278.904441573982,0,0,0,231.617897970393,0,359.175983295236,0,0,173.64928997804,173.559766838788,0,515.812057493955,0,331.573910601102,1147.87557422006,1147.14098100943,0,0
0,312.06616799245,0,0,874.253205432176,196.71685075733,0,0,418.515932664811,437.111698756814,0,0,287.285599528834,0,164.232682454083,0,201.868257065597,0,0,215.933877248972,0,0,289.31154251336,0,0,0,243.995159646353,0,384.861148708873,0,0,187.710172083624,181.240170402362,0,546.512722880751,0,331.084148778809,1168.36272475628,1171.97268283908,0,0
0,314.15388921099,0,0,883.244250871968,198.579661427586,0,0,421.130240320351,439.618645432962,0,0,295.843974680769,0,160.526155203426,0,194.558748932497,0,0,211.195128483576,0,0,286.505202002797,0,0,0,238.885613204566,0,381.799694625254,0,0,190.763668591538,188.344682144366,0,559.813374909569,0,359.361222252182,1233.00114203246,1237.27896196047,0,0
0,317.453768988582,0,0,897.535672847761,201.49889298934,0,0,425.324398524574,443.991711860356,0,0,303.393693548633,0,172.191412925626,0,208.408452579133,0,0,214.59680117797,0,0,292.463300499326,0,0,0,239.401406351593,0,370.670589215757,0,0,175.304291286139,179.747433032412,0,545.236084471642,0,345.267661696821,1161.14731986074,1168.00333778655,0,0
0,319.476088352887,0,0,933.12076540997,210.240888925628,0,0,440.788879432933,460.042775176397,0,0,315.337423253793,0,177.652580223274,0,214.606882620047,0,0,226.83362946337,0,0,303.731607755159,0,0,0,246.905737666067,0,385.696073989664,0,0,189.05326461988,181.458260927446,0,532.300620628173,0,368.312941809833,1256.5798474008,1260.96042162634,0,0
0,315.36602243699,0,0,891.067393784659,200.647634757454,0,0,430.555670652863,449.676816083058,0,0,313.788718371232,0,176.024755754633,0,211.2061416271,0,0,224.942193729344,0,0,296.568777433214,0,0,0,250.451784240336,0,385.336382770944,0,0,181.975536521355,186.33547617638,0,537.913536173707,0,366.811081608576,1233.32518386707,1237.88926175925,0,0
0,317.691058308337,0,0,912.469061496958,205.299027062815,0,0,426.630958595753,448.089322493238,0,0,301.463618103932,0,169.350587769642,0,203.432318339757,0,0,218.598926618606,0,0,286.481208229352,0,0,0,235.687614875084,0,375.72352201646,0,0,178.393699800712,177.166791318178,0,532.660995172168,0,351.046058749994,1277.86031928543,1285.68281797861,0,0
0,315.230906932148,0,0,884.942001148826,198.675638047935,0,0,417.715719266899,436.240302501845,0,0,297.606705339397,0,172.471576774674,0,214.828564924735,0,0,239.408089894759,0,0,314.847661596877,0,0,0,258.346843044947,0,405.114215937702,0,0,188.089082209515,180.316453261503,0,554.586301971336,0,350.746618405646,1212.80126219084,1215.68763462021,0,0
0,319.173042378344,0,0,931.764516940685,210.228482975685,0,0,432.725307866244,451.562349973249,0,0,302.731588018334,0,168.049928204494,0,201.294074809732,0,0,225.781156683571,0,0,305.878961603134,0,0,0,254.961588322656,0,405.073868365491,0,0,197.85380703176,196.534227710905,0,599.442924689151,0,393.787822613809,1367.37858040505,1371.80665220993,0,0
0,313.11016799245,0,0,879.820948761324,197.674575521734,0,0,414.412718867806,431.962499873847,0,0,294.889544044016,0,166.513131263539,0,198.201457002113,0,0,221.244138699683,0,0,304.24067196293,0,0,0,242.184759676177,0,381.179829562882,0,0,187.751828658583,183.518212321981,0,552.772458945393,0,357.351805225488,1254.732329947,1262.10182044138,0,0
0,453.958007706435,0,0,1259.0790151957,282.818231374639,0,0,518.230332014356,537.968858615663,0,0,348.53652976529,0,180.563937914353,0,206.334366457097,0,0,226.245887869228,0,0,311.469984257415,0,0,0,255.830588664876,0,398.441470752439,0,0,189.492258738871,191.337367005914,0,573.382029996711,0,359.836307657834,1240.71413475508,1243.22750678521,0,0
0,454.536039300586,0,0,1281.303616866,287.40217829139,0,0,533.847035381512,557.281011221326,0,0,379.95348271867,0,211.195586225317,0,248.918852824203,0,0,261.219373387929,0,0,346.865506919742,0,0,0,277.071074506329,0,422.801392234179,0,0,198.203673769302,190.293391913342,0,573.593071174355,0,356.949634591094,1266.70080158468,1272.45395445082,0,0
0,452.313076033823,0,0,1290.38071797186,290.633826460348,0,0,534.634770780456,562.268917074948,0,0,378.753245769446,0,210.135295675562,0,251.381954499977,0,0,267.140023491825,0,0,349.552840700742,0,0,0,287.055606303264,0,446.195764966338,0,0,215.780573214909,210.547730502389,0,616.005216783495,0,402.10273780797,1324.90656511729,1328.68054333369,0,0
0,455.948639363982,0,0,1278.07066252187,288.602729062237,0,0,531.561125053113,554.960726050965,0,0,382.484034051703,0,209.114998249714,0,246.044023414781,0,0,255.444953037776,0,0,351.755402940155,0,0,0,289.832066192704,0,465.435356812675,0,0,231.085089135081,232.378535164664,0,688.82945998922,0,424.62363262343,1491.15971852298,1494.27143904679,0,0
0,463.022876177059,0,0,1309.79274095265,292.914755771856,0,0,529.993471499363,553.10236033752,0,0,379.836985596789,0,211.328459638466,0,250.182977303811,0,0,265.517343221585,0,0,350.992241550285,0,0,0,286.151915374037,0,455.524753266763,0,0,217.033125650308,215.969818872667,0,657.384142301269,0,431.623494765843,1471.67443072667,1480.42540932797,0,0
0,457.971212167159,0,0,1322.75942945769,299.401643897011,0,0,548.145608593986,563.352627374554,0,0,376.899780679667,0,213.19385632548,0,249.804379265398,0,0,255.28092190196,0,0,337.592080672364,0,0,0,271.86234478584,0,428.193688349236,0,0,213.516726920899,208.416646460411,0,630.231425064478,0,420.501432119572,1459.92703715389,1469.22188164382,0,0
0,457.397960535921,0,0,1266.86904648763,285.346522130023,0,0,537.609428830468,564.183368489518,0,0,386.792509438529,0,216.028608902681,0,259.663155089765,0,0,284.632172384087,0,0,378.233406216915,0,0,0,306.555005026359,0,484.006795706037,0,0,226.377854447945,221.825728861119,0,653.334443821499,0,423.683318818564,1440.51442471008,1441.43992274087,0,0
0,460.529833806517,0,0,1275.09971849939,286.154229929183,0,0,536.868527477153,559.033313552264,0,0,388.820609823152,0,217.669806625263,0,256.446940402477,0,0,280.385147561232,0,0,377.426244664019,0,0,0,300.186033379583,0,477.056537800157,0,0,240.283032575384,231.601863575044,0,708.57446589175,0,452.57738860938,1590.06042084011,1596.40764767203,0,0
0,460.026194440801,0,0,1307.66678537764,294.072506170645,0,0,552.078987103311,572.062519243976,0,0,389.753926960056,0,213.958290335023,0,252.252181278331,0,0,263.993476417405,0,0,356.776839747176,0,0,0,296.059286909908,0,466.612008782172,0,0,234.122160078131,237.060271698247,0,728.674961856329,0,468.12363170732,1648.95855106368,1656.15776370921,0,0
0,456.689897518687,0,0,1280.10925908592,286.553908327897,0,0,547.484300938952,571.754777832104,0,0,386.134380509201,0,218.454941869903,0,262.312786614177,0,0,275.065636384386,0,0,371.061696078331,0,0,0,298.050247167285,0,468.234635474034,0,0,228.883188367205,223.857417259929,0,670.686440100562,0,450.784466551064,1499.68134377313,1507.43149176237,0,0
0,461.811021742921,0,0,1360.91860891862,307.080488869743,0,0,580.032555499135,610.896213153594,0,0,419.769016758404,0,228.825795006008,0,266.700853747824,0,0,272.934637306721,0,0,361.881142912091,0,0,0,291.856357165983,0,459.613344788375,0,0,220.163195767003,224.318018855712,0,666.578075992976,0,459.797758264257,1568.32792241772,1575.95359564813,0,0
0,455.310163282685,0,0,1296.45714787004,291.567334356692,0,0,545.110579655697,567.929128249605,0,0,389.154294061041,0,221.565353551288,0,268.663175869438,0,0,273.476101066461,0,0,366.08075444315,0,0,0,303.270504726783,0,475.837552939397,0,0,227.304717403368,224.148427409868,0,684.973317904908,0,448.618387095486,1579.83779070008,1585.46380427118,0,0
0,558.65926942945,0,0,1568.70315755924,353.716794349387,0,0,629.723327911229,653.795718716321,0,0,444.897047258768,0,234.038811461158,0,273.145367476674,0,0,294.161957136949,0,0,390.847163779752,0,0,0,325.310606312668,0,511.074683177328,0,0,239.442458145779,235.469543114907,0,715.67534379728,0,480.114865370206,1652.04286413521,1655.29226180933,0,0
0,561.761933258043,0,0,1570.32919809137,352.875516290054,0,0,627.860038129704,652.600364379642,0,0,442.399773198843,0,243.264473196947,0,284.697338466674,0,0,307.517126193331,0,0,411.667959890732,0,0,0,331.655933187758,0,526.90530888485,0,0,247.666484399785,241.718598901435,0,752.853037375193,0,498.650279896201,1686.23149984,1692.66925351564,0,0
0,559.371140845691,0,0,1573.44919892835,354.027655774456,0,0,629.011860159368,659.525792771931,0,0,436.651150931999,0,247.877972363227,0,288.698495038023,0,0,308.784749381234,0,0,425.188934432781,0,0,0,357.383827346228,0,564.432830952146,0,0,264.643939626677,265.351339150497,0,810.564551052047,0,546.706577666114,1927.34381433937,1930.4483427199,0,0
0,558.359955824423,0,0,1561.41131206217,351.172858795261,0,0,629.230739956946,651.354515116914,0,0,439.481870073118,0,247.265613263902,0,287.323631902963,0,0,297.615732574613,0,0,398.293744367325,0,0,0,326.480815198814,0,523.968028534853,0,0,256.690940150756,244.476297093569,0,769.091319549715,0,505.586666969125,1760.80064657331,1773.76043287115,0,0
0,560.112018834723,0,0,1582.11278788606,355.970669417777,0,0,638.354728876336,671.978606904297,0,0,454.318268137665,0,252.921493197304,0,292.661201910243,0,0,296.065012916383,0,0,409.50891416879,0,0,0,327.541209125462,0,517.203442137696,0,0,254.805020165657,259.711312610466,0,815.062476410718,0,534.38005845117,1850.95573446463,1858.13716420362,0,0
0,558.965921057973,0,0,1563.95061147176,352.189487362539,0,0,621.082530317223,652.711537703099,0,0,445.642631408256,0,243.639945235403,0,281.933457994352,0,0,295.58526476367,0,0,407.215910317595,0,0,0,343.242255978481,0,552.287941560292,0,0,266.038613942797,262.076423840514,0,817.139125527723,0,540.548184182836,1855.3363266497,1859.81631194574,0,0
0,560.988088358088,0,0,1579.59748595983,355.847305795771,0,0,625.338914356282,645.709538752482,0,0,440.86983720782,0,243.674133550723,0,283.936715534731,0,0,303.534873708726,0,0,409.496707750539,0,0,0,324.905886798401,0,513.27296338092,0,0,255.084636906584,250.717631913814,0,784.825209963355,0,524.31556196528,1836.16414302198,1849.78545104771,0,0
0,555.060202756299,0,0,1533.69194025315,345.238377253435,0,0,620.312610811401,649.194667760139,0,0,438.108469660681,0,248.244129655356,0,293.805072755474,0,0,298.397344728011,0,0,407.465982934079,0,0,0,341.324437018468,0,538.756341509726,0,0,255.514930869464,252.598025192057,0,776.798946057859,0,513.177995437548,1806.23281995985,1811.08861166981,0,0
0,556.574849740844,0,0,1531.05366256145,344.191187481526,0,0,614.805748777702,643.268956034003,0,0,431.124615115401,0,238.993806611765,0,275.605719249349,0,0,291.97626306272,0,0,401.597095942548,0,0,0,333.634775088629,0,534.601007366669,0,0,255.543667089894,258.624571662129,0,782.421379487169,0,511.732191583156,1738.97857922877,1745.87227784953,0,0
0,559.067993486935,0,0,1564.4639821246,350.961953580588,0,0,629.054214170728,653.805693940392,0,0,448.297290421822,0,243.170089814707,0,280.33548127225,0,0,286.603680085484,0,0,386.992535135958,0,0,0,313.407896914213,0,495.897799048769,0,0,241.411335650921,238.554916492081,0,741.540888285833,0,483.571898488469,1735.51755197805,1747.28005489896,0,0
0,557.618951110325,0,0,1569.90369964841,354.267678294978,0,0,647.030239042679,675.544356692498,0,0,473.347954719563,0,261.753622994606,0,306.115601230896,0,0,317.580792918573,0,0,426.093966386347,0,0,0,345.001744785803,0,535.414422104642,0,0,250.850404806921,238.485707070116,0,744.795429304319,0,467.126383034493,1600.77342513864,1604.83667741174,0,0
0,562.838723011438,0,0,1564.7776981847,351.922846529991,0,0,635.132626033597,661.606722815697,0,0,458.668699416762,0,251.063765499952,0,295.663852477382,0,0,302.585801905412,0,0,411.45725493674,0,0,0,346.328709356714,0,552.772262106127,0,0,273.460588353817,275.193809928201,0,850.397206932618,0,542.078965150701,1883.58664048013,1888.4374210662,0,0
0,628.185762926703,0,0,1756.90038017486,394.329185695351,0,0,681.64360592752,710.169212627613,0,0,472.335332682403,0,255.245707367855,0,293.557245283886,0,0,311.720417829073,0,0,421.245362339827,0,0,0,337.960735915747,0,538.731136126637,0,0,270.090486619397,264.82340418276,0,799.756691799226,0,519.00727211834,1792.67198213581,1803.22231911073,0,0
0,626.571015849529,0,0,1763.67696053572,397.865706178879,0,0,696.666219208577,724.535412109921,0,0,486.310583092666,0,270.017377750382,0,311.75329406164,0,0,314.720739438732,0,0,427.333652961395,0,0,0,344.892796059838,0,538.393462478681,0,0,274.401073588183,262.583684852274,0,799.972200088701,0,526.159887211198,1760.21294427692,1767.21095878265,0,0
0,628.052949312223,0,0,1750.49189622693,392.675517993537,0,0,694.758464938708,726.730608912716,0,0,493.828036841237,0,274.847313752426,0,324.031425885429,0,0,332.060078858198,0,0,438.540691060638,0,0,0,359.191502546587,0,560.682019604954,0,0,269.039920467281,280.628407484113,0,831.139158818743,0,567.273094757321,1941.74932231816,1948.60079510801,0,0
0,625.629240424012,0,0,1774.6361733431,400.771945687583,0,0,700.260341784961,731.028279317254,0,0,490.108607630894,0,261.077778414682,0,308.039830918525,0,0,319.80264227151,0,0,435.806659469203,0,0,0,351.713900472187,0,560.838293410207,0,0,274.035142315323,261.644774519278,0,791.68726575456,0,502.315394200742,1848.72142604218,1857.3171664487,0,0
0,620.004172708282,0,0,1712.9859385924,383.064112985189,0,0,681.727036754674,706.318695610657,0,0,486.240656694473,0,270.918216964343,0,318.897469509395,0,0,333.27193553821,0,0,450.879276850338,0,0,0,360.527307631421,0,566.925042232371,0,0,269.556080106557,274.131551234271,0,824.876658583791,0,524.977520229921,1806.83109731874,1813.32844826122,0,0
0,621.350914555311,0,0,1776.53570767362,400.160083829002,0,0,714.215995224231,751.15853114965,0,0,513.834511357391,0,278.779599102132,0,325.561631767886,0,0,331.519993743287,0,0,443.993822854666,0,0,0,359.244046151963,0,569.752933637956,0,0,283.339838923795,273.353952633664,0,818.730330782629,0,542.577440461694,1798.73291541415,1806.46307856222,0,0
0,623.741859149104,0,0,1768.25827757709,399.040967406226,0,0,708.485794522583,738.227776764854,0,0,513.033053008621,0,283.464461917719,0,335.749833036551,0,0,345.630599486836,0,0,447.648750728026,0,0,0,359.802639900051,0,569.5036827767,0,0,277.339134388781,273.278295105184,0,825.588517331479,0,543.122871009565,1906.11755694769,1916.68892408725,0,0
0,626.873833803049,0,0,1748.92272314684,393.802106057843,0,0,701.074445291609,731.902977818616,0,0,510.150631401794,0,280.428363539535,0,334.939519580151,0,0,352.776454081911,0,0,477.602591786085,0,0,0,370.854801357361,0,598.2430683497,0,0,285.139184484553,287.439200886067,0,863.417500766021,0,570.45877637235,1954.15851227734,1958.53784338887,0,0
0,625.461284600455,0,0,1759.20474812884,394.633689954129,0,0,703.092253919987,724.133838571493,0,0,491.394843897618,0,269.709779485518,0,321.361861586887,0,0,333.853593280641,0,0,452.519121857443,0,0,0,359.885832505019,0,588.020446252629,0,0,288.984410861611,281.295617231389,0,856.412003494405,0,560.049552469309,1983.24738390214,1993.20851736329,0,0
0,616.872274086432,0,0,1735.9583823948,391.342635613283,0,0,709.062561760342,750.309752930239,0,0,505.825380202585,0,276.839562178021,0,331.701816161369,0,0,335.162432621772,0,0,441.894909884642,0,0,0,366.587554375852,0,591.633393657499,0,0,282.668142887531,277.386593103858,0,838.82563260909,0,550.493948859417,1908.19572571544,1916.25992112986,0,0
0,617.007034771651,0,0,1722.82018653763,387.190353777376,0,0,678.420326065409,715.308270795217,0,0,483.283186337448,0,266.853938926522,0,322.439211470944,0,0,330.269664924914,0,0,461.506534595592,0,0,0,384.335871661666,0,622.371252677246,0,0,300.129220486069,298.351521006749,0,883.559729453362,0,562.923633894846,1946.37456721166,1950.2186238224,0,0
0,617.645840316981,0,0,1729.1781113366,388.326384726621,0,0,685.649717285411,706.000368629608,0,0,483.072352159987,0,268.664665826698,0,317.704922674241,0,0,322.0575497352,0,0,432.312404905197,0,0,0,362.980791304738,0,582.52857133571,0,0,290.018147528945,290.009383738702,0,908.258246300426,0,589.987891019405,1978.33634851401,1991.46884255919,0,0
0,704.957933469246,0,0,1990.83472476434,448.12094893577,0,0,776.669610454799,807.482226621833,0,0,542.882468881082,0,291.482127345492,0,348.478922506486,0,0,349.47633490684,0,0,465.395553478669,0,0,0,381.034402412421,0,605.595560286587,0,0,280.532613978741,283.014177285966,0,865.68668043612,0,601.343214760169,2100.93652362098,2109.0467262313,0,0
0,707.687729416153,0,0,1977.93370796033,446.516006338368,0,0,773.46751751009,811.727590125189,0,0,549.995050194297,0,306.629691300425,0,367.677645754434,0,0,375.671001553646,0,0,495.690159191125,0,0,0,401.735413077172,0,646.646570730968,0,0,307.214935215722,293.802547725491,0,867.380241189244,0,584.977760827109,2002.67047398103,2009.01879994112,0,0
0,713.144892106181,0,0,1969.58225992162,441.675622645109,0,0,753.395064881106,782.331017204084,0,0,517.989949885964,0,285.590792085257,0,337.771617455534,0,0,364.225828440683,0,0,495.690159191125,0,0,0,403.729411764687,0,650.593346169236,0,0,320.836262865153,322.852475722037,0,966.873197575066,0,617.410485765125,2193.45212258517,2200.57442990142,0,0
0,710.181101372948,0,0,1989.03793309818,448.420670590989,0,0,775.773585123605,814.096091379678,0,0,554.11439344254,0,300.152270564373,0,350.758256367608,0,0,357.303954622976,0,0,476.87755167178,0,0,0,391.057837806901,0,633.275160735546,0,0,304.764420817088,292.597804968935,0,906.763174401662,0,575.972484175592,2049.58603773382,2060.72360614116,0,0
0,710.181000003467,0,0,1977.64044295902,444.37759529544,0,0,763.342255192866,792.728827474154,0,0,537.74012641445,0,301.52615050459,0,358.569338393617,0,0,366.338082991662,0,0,491.243636267639,0,0,0,404.747048410257,0,647.813829349112,0,0,315.937987231764,312.345440636799,0,933.377743637131,0,604.558403159655,2051.83963215859,2058.36906828392,0,0
0,707.757240425746,0,0,1985.67838808672,447.073269630184,0,0,770.984720422775,810.520685592455,0,0,551.604580796769,0,304.278439147809,0,365.717275207616,0,0,373.698606050948,0,0,492.855949892174,0,0,0,401.132485771273,0,643.479774760536,0,0,314.006593216398,307.21530147819,0,950.358496066798,0,610.204943417305,2037.8615376481,2048.33953060031,0,0
0,703.041082548627,0,0,1981.00277920842,445.725864927848,0,0,768.652007601414,799.666372975732,0,0,552.301925230063,0,309.649284599954,0,368.858344638666,0,0,377.253168410922,0,0,495.690159191125,0,0,0,406.317647058766,0,647.851521967428,0,0,319.461186942199,316.402706268152,0,956.680435693501,0,658.607309750497,2326.22123343189,2335.3943712091,0,0
0,706.91380846653,0,0,1982.9740794177,445.725000513813,0,0,763.136599905719,796.714620632293,0,0,528.403459940096,0,286.85243105391,0,339.143417074946,0,0,352.305314377075,0,0,495.690159191125,0,0,0,395.847058823529,0,631.730235584303,0,0,299.786829032281,301.184965439389,0,885.621938307525,0,590.78624960319,2033.89040792033,2044.73477152187,0,0
0,710.045833801315,0,0,1991.31187807836,447.748701066637,0,0,768.022584308852,801.806578669465,0,0,533.524728237993,0,290.571058256571,0,345.62335982522,0,0,354.021943255936,0,0,483.687038942932,0,0,0,398.082352941176,0,634.777176528614,0,0,304.602824413224,293.796460237599,0,883.569008850909,0,553.338574020319,2021.2432491794,2029.60920426544,0,0
0,711.057044174709,0,0,1992.04905947578,449.099133272586,0,0,774.638307882684,807.310228197074,0,0,544.136672418506,0,297.205750842256,0,353.809698056447,0,0,366.049258822612,0,0,480.390497174154,0,0,0,390.391089935774,0,616.109709964628,0,0,301.790445590914,302.135743869739,0,949.662368618398,0,602.840034585458,1985.94520382688,2000.01570082625,0,0
0,707.487161484586,0,0,1981.2984754909,445.052597352455,0,0,764.079442076154,801.935403335595,0,0,543.293345312122,0,298.416908715214,0,353.154553525501,0,0,362.26416170521,0,0,493.312531779566,0,0,0,402.792140691159,0,646.310003357951,0,0,310.280315173291,309.829751866283,0,972.751905416688,0,662.400690781095,2254.42680679997,2259.65873107334,0,0
0,707.216930480969,0,0,1989.04489314602,448.422836653517,0,0,760.261389497123,793.697914883404,0,0,532.385226929546,0,292.739812651782,0,346.506289266543,0,0,347.763105735872,0,0,466.116878473082,0,0,0,386.987745511182,0,624.835085394261,0,0,312.786129009519,306.114243173724,0,935.686484876243,0,622.434174449283,2260.20795260332,2272.62530357884,0,0
0,705.621156004729,0,0,1976.98242117142,444.377596582195,0,0,757.255454478257,789.186520129066,0,0,535.290982411505,0,300.929550957784,0,359.19448466787,0,0,367.418983704288,0,0,486.42982901869,0,0,0,391.843467400031,0,629.29423064468,0,0,302.182078276891,297.567047262945,0,877.754876827077,0,574.273858049711,1983.18649360759,1993.1126218813,0,0
0,701.916126726134,0,0,1984.65385711157,446.398702608838,0,0,770.605261209788,800.284425611232,0,0,541.371893807665,0,300.7686259825,0,352.683344958101,0,0,361.425437077802,0,0,476.267797510897,0,0,0,387.563164655877,0,627.244472610837,0,0,309.596813828918,309.923475887915,0,955.095180902575,0,590.214417160234,2018.63328159965,2026.28042271682,0,0
0,700.401150270425,0,0,1963.61115875569,442.704148925756,0,0,772.273586955416,800.707123767125,0,0,534.507798116082,0,295.970526467195,0,349.887757399972,0,0,371.692274927452,0,0,495.690159191125,0,0,0,406.59722658871,0,653.219236335182,0,0,311.701122640898,307.797708331709,0,941.563117925837,0,638.675837101359,2183.93333607515,2190.58012499675,0,0
0,699.119886300192,0,0,1914.14417185028,431.873814543256,0,0,764.644839467265,805.456383523001,0,0,551.514641829738,0,309.933798077265,0,372.495855614484,0,0,374.618740286554,0,0,495.690159191125,0,0,0,401.599999999987,0,639.948645411737,0,0,315.192266937553,314.070733034348,0,938.199609781845,0,609.293292946514,2156.54068083235,2166.61255794829,0,0
0,704.138887402488,0,0,1921.75714682379,431.351740427855,0,0,740.093355993322,773.94132554432,0,0,522.631201460535,0,287.039066805045,0,343.92553371309,0,0,347.014668249688,0,0,472.088812750636,0,0,0,392.813142708059,0,634.928058192146,0,0,306.349981133482,304.373873493259,0,919.915821977092,0,600.930908696186,2048.91545622731,2057.80877748749,0,0
0,702.824985868973,0,0,1942.62370557382,435.611606819825,0,0,754.447047228601,786.260588696346,0,0,542.675239711937,0,302.489112168327,0,364.383859665164,0,0,370.215475915293,0,0,494.74601968909,0,0,0,407.099762342587,0,645.342895293638,0,0,309.938443241542,303.486051039797,0,904.987519300029,0,614.748666826563,2099.73661600697,2108.12389475008,0,0
0,703.533074233129,0,0,1987.09209261674,448.570723189437,0,0,774.859599194899,813.055304151054,0,0,555.329214258909,0,306.443610922383,0,364.766385477703,0,0,369.559678676748,0,0,495.690159191125,0,0,0,406.317647058003,0,643.380414839368,0,0,308.205107971883,306.19886316919,0,926.651263469752,0,607.134777313457,2119.12820891649,2128.85690215657,0,0
0,699.222186829774,0,0,1930.92560134363,433.725780472814,0,0,755.824520929432,780.80187149658,0,0,539.207590322858,0,298.216754421234,0,360.204296928409,0,0,365.384837581948,0,0,495.690159191125,0,0,0,413.952941176471,0,654.950942569131,0,0,315.355630851515,313.739936559501,0,967.471115599191,0,613.247085847112,2205.79323009066,2213.87780059294,0,0
0,697.437080747928,0,0,1941.57921189015,436.856478727809,0,0,770.152856616389,808.272457329126,0,0,557.8544129654,0,303.845812964715,0,364.678693396635,0,0,376.871541915104,0,0,495.690159191125,0,0,0,400.129411764706,0,641.643291655209,0,0,302.675690688464,297.517198393581,0,920.187377124023,0,617.130162860652,2039.75617662383,2050.70160980963,0,0
0,698.21087508083,0,0,1934.0493043306,435.902496224008,0,0,764.041535879157,797.680130152038,0,0,548.189614196776,0,304.131926881943,0,363.091598968371,0,0,376.307898043784,0,0,495.690159191125,0,0,0,405.741176470588,0,645.202355717923,0,0,313.515205703716,311.473846817387,0,923.538454821844,0,615.931838582391,2204.66187800666,2213.64161239709,0,0
0,699.492113700675,0,0,1936.62460573556,435.587961693402,0,0,751.685060606316,788.901185449183,0,0,528.740333571392,0,288.890273373487,0,343.952545264197,0,0,360.365131114688,0,0,495.690159191125,0,0,0,406.023529411765,0,653.929174479151,0,0,311.010546149889,307.104106311036,0,901.574856133079,0,605.070911583579,2002.95438510857,2010.484016136,0,0
0,693.564202757166,0,0,1908.68790128199,429.019370717078,0,0,740.751420542409,773.504911642583,0,0,527.145678195116,0,291.713789840518,0,345.904624549823,0,0,351.514465971737,0,0,495.690159191125,0,0,0,410.788235294118,0,647.797706882862,0,0,308.551410255412,304.710825829471,0,909.39137671962,0,598.635651227671,2149.28789030625,2159.26084695923,0,0
0,604.943943057615,0,0,1683.14794039447,378.527227385069,0,0,687.441803147095,708.406248030095,0,0,491.468945100631,0,280.716070187865,0,339.619534390437,0,0,355.213139172576,0,0,495.690159191125,0,0,0,399.776470588235,0,642.369116566015,0,0,312.174120744318,302.698198219957,0,904.919551804289,0,605.025706151723,2063.64821955347,2073.24589719538,0,0
0,610.700862162878,0,0,1720.23419435938,388.670840661759,0,0,713.787278028071,747.810544459337,0,0,509.95741345123,0,281.904822879113,0,337.960689037937,0,0,341.312973814714,0,0,464.341095118579,0,0,0,401.265453532102,0,652.059291689406,0,0,315.822257821179,313.287916090468,0,919.243655318265,0,618.034269554474,2141.51844884631,2150.52123402115,0,0
0,606.05431645351,0,0,1664.79059755878,374.731709671279,0,0,687.054512349563,721.625273995502,0,0,499.062162140628,0,279.231506829712,0,335.93133245745,0,0,337.06152030426,0,0,464.532496444166,0,0,0,373.199320159165,0,611.728672877949,0,0,300.305614086365,295.353026991698,0,867.829961053645,0,587.412691429957,2038.66616111665,2051.51574033655,0,0
0,602.549962338355,0,0,1629.05255539667,366.101862238912,0,0,664.344426755865,693.747062281867,0,0,477.858176284211,0,268.911171437917,0,329.020804723268,0,0,340.742121607556,0,0,462.35995845054,0,0,0,373.569252744674,0,598.957611284636,0,0,294.136657460037,295.407174851456,0,851.725928766168,0,574.440471006929,2021.51962367477,2031.89633111031,0,0
0,609.689677032562,0,0,1678.87173668093,376.700116904385,0,0,690.758056964228,715.344663977301,0,0,497.144904054062,0,276.546640859002,0,332.747250148981,0,0,344.969272805961,0,0,476.438199128493,0,0,0,401.559137786566,0,626.382661281645,0,0,305.368897199426,301.409192453238,0,883.369483926794,0,558.042057953884,1943.75614949831,1946.73360957742,0,0
0,612.350928665533,0,0,1719.47482783511,387.616085887304,0,0,713.698906906903,750.605080874406,0,0,516.012568570929,0,278.544477876879,0,328.952289305783,0,0,333.085369173703,0,0,455.315750085061,0,0,0,373.151355575551,0,594.983972721383,0,0,287.036391733022,285.770114478209,0,879.788293496,0,582.702976097128,1989.77297549934,2002.65396113608,0,0
0,609.792205661029,0,0,1692.8334452258,381.630017751371,0,0,697.122995683528,722.219630203554,0,0,493.361605864342,0,270.625541861129,0,321.750102033066,0,0,327.439927218538,0,0,435.916611182573,0,0,0,359.640231592523,0,574.079438613895,0,0,288.801081836376,286.058363170864,0,872.254542972638,0,575.434753634365,2052.96355578669,2065.07295734678,0,0
0,605.649122018774,0,0,1647.59873219705,370.865603101589,0,0,686.163127586068,716.505985944558,0,0,489.164711180138,0,268.628527029637,0,324.347767355162,0,0,343.010951756141,0,0,465.767940980777,0,0,0,377.219100722702,0,598.957008827057,0,0,282.519222209046,279.85001204281,0,833.11607564929,0,545.264249565316,1856.39201960007,1861.79773142611,0,0
0,604.875124926105,0,0,1650.52377601121,370.774727371703,0,0,677.602167602121,711.619963386548,0,0,476.007375215092,0,262.693208519603,0,310.531564851546,0,0,310.520866515835,0,0,425.114741618915,0,0,0,347.206998210549,0,555.733742740587,0,0,268.435598699052,270.343574271676,0,829.268300529577,0,533.711642137843,1913.22401036243,1925.09715763658,0,0
0,604.199826192889,0,0,1646.08051247585,370.076741427894,0,0,675.824443492655,702.830348700944,0,0,470.47474922,0,262.60882950023,0,316.917933454804,0,0,330.077235552382,0,0,456.987467804067,0,0,0,388.910689812435,0,605.911029534826,0,0,290.267097068803,279.05690383352,0,827.249190668502,0,540.5329258452,1805.23887867034,1808.38115100376,0,0
0,608.580047084641,0,0,1693.32610838019,381.578935185025,0,0,694.026249910324,727.157490364422,0,0,489.218416612855,0,271.690095932627,0,328.528278553394,0,0,341.740663129801,0,0,468.688335093759,0,0,0,390.794770449792,0,614.096123938278,0,0,297.008458476938,292.385639249157,0,885.306315903482,0,569.764771425485,1965.67604488396,1972.75577878662,0,0
0,602.382133230334,0,0,1641.77404791395,368.078754193697,0,0,669.792880988031,698.086609634044,0,0,473.180468810337,0,256.305229922996,0,312.213370051486,0,0,329.877179153821,0,0,471.484355891702,0,0,0,392.969264337846,0,628.188974599185,0,0,298.598402356397,300.619232660033,0,914.744666147188,0,594.789395611461,2088.62633495397,2095.3409310567,0,0
0,562.0542858387,0,0,1574.63303149265,354.343499862222,0,0,670.285241515442,693.600824461735,0,0,482.359436885339,0,267.2698718156,0,321.296878238149,0,0,329.795531744746,0,0,445.243366950039,0,0,0,367.484310898315,0,595.998862984766,0,0,287.606707517103,281.953298044158,0,857.149101737346,0,559.807119962978,1975.50565606777,1989.99988324108,0,0
0,563.907153220262,0,0,1598.99023818432,360.801368642488,0,0,686.705173278312,715.369679638131,0,0,483.549941119307,0,271.1982559998,0,325.882286579862,0,0,342.040987574012,0,0,465.894565439638,0,0,0,384.848765123335,0,613.960636558074,0,0,292.676713472865,292.385106348219,0,858.865968340041,0,558.486262077784,1879.91766006813,1884.89404605589,0,0
0,556.665188631342,0,0,1527.04243624049,343.302314294965,0,0,665.137041977294,696.075338990788,0,0,473.604788617488,0,267.04789963638,0,321.222641331676,0,0,338.741648530186,0,0,461.541268175509,0,0,0,378.804543276625,0,604.182847594386,0,0,290.33696940013,287.46201267216,0,861.53440133884,0,564.925529769195,1955.77119982841,1966.16854827564,0,0
0,559.796833814318,0,0,1543.28459591381,348.123571818297,0,0,666.227331991971,701.093083680271,0,0,472.264180841522,0,266.333550472683,0,317.209208919655,0,0,336.411402779883,0,0,458.595927302854,0,0,0,381.176028781902,0,604.031947594583,0,0,292.672639583475,281.709496202907,0,852.208730832066,0,563.621716639746,1952.74899841125,1960.91222664143,0,0
0,562.322893908619,0,0,1538.23413870054,344.916177089362,0,0,643.347259492652,677.249528503756,0,0,459.580212347541,0,248.337774096249,0,297.353052381851,0,0,308.543170046119,0,0,431.469723415165,0,0,0,369.043115892615,0,590.973307731995,0,0,303.517510695036,306.393516627269,0,920.969700802151,0,585.693750622508,2089.05729986997,2097.20171974732,0,0
0,562.458034758648,0,0,1573.85827391978,353.967180517535,0,0,652.134843411121,676.546022341139,0,0,467.208267783197,0,254.949528122127,0,306.107635777237,0,0,316.785230487397,0,0,451.330368584154,0,0,0,376.925791715641,0,601.024041523529,0,0,276.133674945785,277.718971668824,0,823.808608739694,0,536.150317122611,1849.60076219517,1857.00364154875,0,0
0,562.490900423417,0,0,1566.64818615939,353.090090133959,0,0,662.85940278593,690.655049400075,0,0,477.680205316196,0,269.389361725145,0,324.625943022657,0,0,330.23364414269,0,0,478.860583270473,0,0,0,394.487671151725,0,627.811248781139,0,0,295.498887785009,284.816717855967,0,818.083340283348,0,521.599516047616,1815.11328901799,1819.21476600961,0,0
0,565.589933382232,0,0,1574.36812557323,353.783923696917,0,0,670.394736018556,694.18554678141,0,0,473.689762681064,0,261.244564256145,0,315.05008093472,0,0,320.453012631938,0,0,452.437322898425,0,0,0,366.927216227128,0,590.576426815438,0,0,291.535402123908,285.982767845412,0,845.568995063731,0,537.143400348039,1832.98325698838,1846.29932514335,0,0
0,564.713990579604,0,0,1574.86009282229,354.937330022206,0,0,670.703125658591,704.457626719468,0,0,467.44231486367,0,259.359317197765,0,311.78989333993,0,0,322.626065709949,0,0,457.45302633296,0,0,0,380.540156364076,0,596.797843661577,0,0,294.219406227927,291.061897589409,0,875.636912239316,0,572.699727479855,1930.32364021885,1936.5297206,0,0
0,565.590009417795,0,0,1571.22444824557,352.783852729219,0,0,670.086396737024,695.332021507197,0,0,478.59853058208,0,258.205983625005,0,311.094392285505,0,0,319.431284500875,0,0,431.745354511144,0,0,0,367.697169298012,0,585.804072203523,0,0,285.715029509504,282.761687913669,0,855.131115633645,0,600.938588291692,2034.64928001272,2047.66870802263,0,0
0,562.896170901514,0,0,1583.30319580782,355.948257596341,0,0,673.284866054417,705.735983493025,0,0,474.570124911772,0,262.375736924437,0,316.754350957874,0,0,322.20295894191,0,0,438.780115086736,0,0,0,366.414128916051,0,590.417907071092,0,0,295.149485727404,292.722139735501,0,851.59056778823,0,586.73435520859,2080.84104320216,2089.14946224735,0,0
0,561.446951116393,0,0,1570.77550035113,354.168820906542,0,0,669.028019790219,702.755835832627,0,0,482.441245154413,0,261.103287990156,0,312.642055572738,0,0,324.497947747139,0,0,442.645864032712,0,0,0,383.148492715421,0,617.106056391007,0,0,293.474409096437,300.178228395637,0,892.968555014608,0,556.55572527448,1992.35697048375,1997.04047442469,0,0
0,651.899976686242,0,0,1806.57012966914,406.064702041709,0,0,730.125920838253,748.990517717823,0,0,496.968443415439,0,268.63008923458,0,314.364323739468,0,0,334.602480564786,0,0,485.422212644324,0,0,0,390.413467600718,0,607.727572887872,0,0,287.202772725344,276.397533272817,0,811.578159888798,0,540.91304884457,1886.85247388104,1894.01097057098,0,0
0,648.398962224126,0,0,1782.51569824339,400.926443615209,0,0,737.470206279873,777.102803615564,0,0,524.951968239315,0,278.576443571301,0,330.288876751929,0,0,335.132470284863,0,0,471.605741276387,0,0,0,376.780959758375,0,594.206965167455,0,0,280.975662911485,280.748570489354,0,842.635698402596,0,523.812323684238,1792.41546892035,1803.12371016086,0,0
0,652.206007617958,0,0,1825.98061123377,409.503939350929,0,0,735.152537182508,765.921864475515,0,0,514.471619220797,0,278.090204587375,0,327.003044978653,0,0,341.138512725306,0,0,478.516749978425,0,0,0,395.756546218254,0,628.384417332414,0,0,298.437917644705,295.289988342304,0,878.839206569314,0,550.728206112577,1998.39615183397,2003.76843358586,0,0
0,649.745906930414,0,0,1818.56381094134,411.995801867494,0,0,747.07146182806,781.444853990497,0,0,522.012449321493,0,287.885096594968,0,341.242551651246,0,0,332.985710105029,0,0,452.061431635298,0,0,0,379.072135774596,0,602.688629571591,0,0,285.327994068235,282.900005008936,0,850.883734172702,0,554.101039262993,1787.40978679404,1799.35945636764,0,0
0,654.899922165471,0,0,1785.54779052955,401.298143064774,0,0,727.525936164752,758.047677156124,0,0,514.900086746852,0,280.480441223515,0,336.106469154672,0,0,360.217569490836,0,0,471.469737788421,0,0,0,381.058206366418,0,612.101325506564,0,0,300.23941900724,290.368174906011,0,841.535420221074,0,563.227388135007,1973.47934277582,1982.90542183157,0,0
0,649.680276984227,0,0,1779.30083895537,399.607362821123,0,0,723.375874500021,756.697867919665,0,0,501.468712395306,0,278.874950876033,0,329.875828960873,0,0,341.275156649909,0,0,495.690159191125,0,0,0,421.58823529352,0,654.298031378634,0,0,305.145450763732,305.195182083608,0,892.608409209849,0,540.143977459997,1965.64172447654,1966.64476795947,0,0
0,646.278096677054,0,0,1775.99466428814,399.899433848503,0,0,741.440879684785,757.266979642365,0,0,502.227940306406,0,277.206965023266,0,335.326084879906,0,0,351.255900805033,0,0,495.427453859623,0,0,0,423.6,0,671.047939270221,0,0,312.290501924289,310.246062364515,0,920.609087531062,0,580.727525153964,1937.22431619542,1944.41121298129,0,0
0,649.442734233401,0,0,1775.77706734476,398.808878953445,0,0,760.933508993537,794.404773037754,0,0,522.456019634115,0,287.987338478323,0,347.918528110216,0,0,327.279598788326,0,0,481.162216588511,0,0,0,426.270588235294,0,672.328060051159,0,0,317.364418232124,310.616160344445,0,922.060082594927,0,604.867048230558,2040.08641951327,2048.58925012841,0,0
0,655.067827290851,0,0,1822.20689397454,411.467032283003,0,0,780.984331669143,822.185276237147,0,0,555.010872798611,0,297.001949179466,0,292.945100317538,0,0,297.97216256259,0,0,485.546375050852,0,0,0,430.964705882353,0,686.991878805646,0,0,315.865667844133,315.179525351431,0,949.601228692887,0,598.285429075483,2143.21118890547,2151.64072758441,0,0
0,652.20623571078,0,0,1785.62922201263,400.437377678172,0,0,743.371177841439,773.342188891335,0,0,515.170205692134,0,246.409986537744,0,293.744969988195,0,0,324.654831990054,0,0,473.815144532538,0,0,0,431.752941176471,0,684.538414740187,0,0,318.36483879937,314.870037716585,0,909.445923703876,0,598.600778557829,2096.47044210145,2105.28410598077,0,0
0,647.625117310743,0,0,1791.22442163377,402.883330565616,0,0,756.683331389407,794.292156809677,0,0,532.092710302633,0,253.248569166064,0,298.587856806826,0,0,299.144373835966,0,0,474.2841930305,0,0,0,433.8,0,684.684528127344,0,0,317.093960444121,315.941739990301,0,912.682001377646,0,547.942015438129,1898.83367196149,1907.13328997144,0,0
0,651.227738943165,0,0,1798.83772576078,405.772418566064,0,0,746.584958262608,786.41866689187,0,0,467.561606104331,0,254.238602474582,0,318.049499333396,0,0,344.960555104684,0,0,495.348551115262,0,0,0,425.376470588235,0,684.003351886505,0,0,320.82126587946,309.856378482176,0,930.293920581158,0,607.36065299671,2001.14500108909,2010.46062934243,0,0
0,633.498725732133,0,0,1749.03700706054,392.813826232645,0,0,717.900187876365,749.84510074806,0,0,471.552809065063,0,280.033155594041,0,345.704791344168,0,0,364.957120708644,0,0,495.688515317685,0,0,0,410.952941183604,0,651.511107195808,0,0,322.97330548165,317.794693834044,0,947.95302513053,0,631.92640293711,2240.2876215583,2254.89221972519,0,0
0,627.975307064929,0,0,1743.56620758932,393.047209005538,0,0,726.061054899851,753.866121959975,0,0,511.608402556018,0,303.774866903459,0,360.737287261433,0,0,369.97437962837,0,0,495.69015128054,0,0,0,405.964705882353,0,639.306293814279,0,0,304.748994850288,307.004966221186,0,899.406699020155,0,587.896720743751,2038.02670203037,2047.96954394837,0,0
0,623.52915207546,0,0,1698.30300089769,382.274065166751,0,0,708.064232373223,746.401569063943,0,0,552.025050516845,0,313.72161785389,0,369.898991816039,0,0,366.487991234862,0,0,495.690159153058,0,0,0,403.917647058824,0,636.503941450238,0,0,293.214930370222,294.206559253988,0,836.15369267373,0,549.920771900665,1965.77980754238,1975.18638940052,0,0
0,625.346819685892,0,0,1692.39626918463,381.233551949833,0,0,693.074601893251,726.387774951151,0,0,545.027910260976,0,314.129273844044,0,370.086041746971,0,0,368.999411525522,0,0,495.690159190942,0,0,0,403.152941176471,0,632.321238245627,0,0,289.684508983009,285.11393746921,0,810.696691026363,0,523.158034063623,1738.79079606836,1746.57315775297,0,0
0,631.004727716002,0,0,1710.17697605791,383.895404700476,0,0,687.772372875621,719.332387663426,0,0,483.884505557286,0,268.341899766254,0,327.292693888451,0,0,377.272278548677,0,0,495.690159191124,0,0,0,406.564705882353,0,643.584995507799,0,0,298.669385616983,293.048713133417,0,854.520092388744,0,541.805362476201,1943.94787325848,1951.7529782357,0,0
0,634.27186856083,0,0,1750.18877218298,393.786665316237,0,0,706.017674160667,734.154431659048,0,0,497.895779602243,0,271.57376596447,0,317.481455441564,0,0,318.701421413299,0,0,431.463209970626,0,0,0,380.443754093909,0,625.766946122184,0,0,293.149423178691,292.299186606029,0,868.69906804278,0,552.635444328576,1886.68710845349,1896.58176255909,0,0
0,632.58921507709,0,0,1755.79933448765,394.757612129135,0,0,704.822471828413,735.813829092445,0,0,492.448535228773,0,265.803251209068,0,313.186951751373,0,0,315.348652413104,0,0,419.803487624049,0,0,0,354.70812047414,0,563.936187267069,0,0,263.587095947841,263.744644082392,0,776.347956448571,0,528.852476507371,1826.9495928531,1842.16952254975,0,0
0,628.176052494542,0,0,1729.02903478718,389.188132442633,0,0,703.284600639152,737.196473834554,0,0,503.038972159836,0,281.729214504381,0,337.697341075732,0,0,335.988121950314,0,0,432.402818066214,0,0,0,353.575693116105,0,548.10641568421,0,0,257.768521178982,251.418516329364,0,732.911498142338,0,481.596759161573,1691.19816381577,1702.77905657159,0,0
0,631.274933387434,0,0,1744.24115234294,392.893037268568,0,0,701.037772537261,731.785306487404,0,0,490.75544177496,0,270.013693123733,0,327.362542628085,0,0,332.863241364879,0,0,437.548759216251,0,0,0,358.907387891386,0,562.846988810126,0,0,262.256082801124,255.990574450187,0,745.213759964976,0,481.105554693448,1679.87666706188,1685.18075954056,0,0
0,628.581170898914,0,0,1726.9682790826,387.978538209655,0,0,692.772580624412,723.312290082897,0,0,481.343180129174,0,261.756799386121,0,316.702554140421,0,0,318.35247377375,0,0,421.586071152361,0,0,0,340.43221548529,0,544.393282110333,0,0,265.940379644815,262.472197320384,0,780.83817113425,0,510.124776440676,1724.49445684348,1732.94736897157,0,0
0,626.223041276047,0,0,1725.38931421783,388.216213127266,0,0,693.088833921728,729.270629756659,0,0,488.6340675326,0,265.839237170218,0,315.585182240736,0,0,327.012331399527,0,0,434.408360249769,0,0,0,355.541499604051,0,561.697904587635,0,0,270.44379518596,270.09470952519,0,794.268657804002,0,519.11601180421,1822.56633533261,1828.52894551417,0,0
0,626.190099579183,0,0,1731.16482471717,390.102065698484,0,0,683.202571696372,716.034384664224,0,0,481.624750536466,0,264.232779270898,0,311.79571453776,0,0,315.512287597237,0,0,419.051178396176,0,0,0,328.674854053576,0,523.210997122772,0,0,248.461187871518,247.448771918396,0,737.130401195167,0,486.771058810534,1713.57976165967,1725.70967263192,0,0
0,650.353971759462,0,0,1763.57700147207,396.039188200192,0,0,677.375362727726,708.165835853404,0,0,471.047061420058,0,257.494694242201,0,304.779675315238,0,0,308.532094164093,0,0,408.897150349066,0,0,0,340.467930574171,0,543.761884907445,0,0,253.238590300567,250.367066098459,0,725.25402828334,0,469.97176642331,1638.22758095371,1642.92457942164,0,0
0,656.114862027049,0,0,1821.11028892835,409.738598720664,0,0,699.414644946628,727.162278003467,0,0,479.747201091234,0,264.656480004161,0,309.324948109824,0,0,317.401171525191,0,0,410.143697187672,0,0,0,332.769179750032,0,526.554247048775,0,0,249.086473259529,244.233024598526,0,707.040351749053,0,464.914308054697,1568.43351936488,1577.93325218758,0,0
0,654.195045974541,0,0,1803.96100900076,406.930979030246,0,0,707.137233639609,736.907150950839,0,0,493.480633065961,0,269.51892554639,0,323.063708065011,0,0,326.73824607004,0,0,428.050357275945,0,0,0,351.151936531466,0,549.195120195352,0,0,263.86100847678,261.469099837043,0,749.618350374315,0,473.998680874039,1714.13184366738,1718.44134671555,0,0
0,654.027064817067,0,0,1780.61234693108,400.786245489355,0,0,696.595021631376,728.668744997761,0,0,493.411908549669,0,268.03784523586,0,320.14998425633,0,0,334.184564492587,0,0,442.416834687511,0,0,0,355.863706547279,0,564.459083643569,0,0,263.057104644715,262.087251301986,0,749.872633720635,0,478.97186904031,1606.59467418252,1612.73435600534,0,0
0,652.410015928259,0,0,1771.33010005169,396.924245785901,0,0,680.254922457322,710.25382238462,0,0,465.729529382482,0,256.42497080022,0,304.013440482296,0,0,314.664760080245,0,0,420.436097055238,0,0,0,346.983167226104,0,546.737131729844,0,0,261.357627001914,256.9200166897,0,749.530818287432,0,484.822264785976,1684.41127624284,1692.02925654132,0,0
0,655.709768992916,0,0,1819.99817189403,409.939105140389,0,0,692.833933387145,737.278943379431,0,0,486.5335542218,0,263.325643522184,0,308.286907180254,0,0,307.06864453266,0,0,404.032459570799,0,0,0,327.417928007686,0,510.800588994053,0,0,248.563269196989,243.40616337966,0,733.249416165499,0,477.87930425679,1645.55998989007,1657.15186999732,0,0
0,659.852877980359,0,0,1828.6238281981,412.618725076375,0,0,678.643883081428,702.771393160048,0,0,467.952204139342,0,259.806336709119,0,310.318035664358,0,0,319.845826899271,0,0,429.327882310245,0,0,0,345.646810035327,0,537.30990677279,0,0,245.329125690963,249.098440917379,0,719.122065556622,0,487.265509032959,1678.1314943759,1682.82097286516,0,0
0,658.506085446423,0,0,1800.3359490225,403.597900134911,0,0,668.7169728644,698.20467221259,0,0,462.93975613658,0,250.482891667401,0,292.752328441861,0,0,297.960963044911,0,0,399.283886981767,0,0,0,317.089268597657,0,501.959699587612,0,0,244.892829364599,234.614893316215,0,706.543947183221,0,451.06154243936,1588.52564761531,1598.47031476755,0,0
0,659.750780212278,0,0,1828.27140295981,411.805291619504,0,0,695.410777758077,727.402133099077,0,0,498.479960598938,0,271.751360905995,0,318.075821147425,0,0,327.61608236063,0,0,429.390827556096,0,0,0,340.645786844253,0,528.866592786901,0,0,251.019824578322,251.175146344923,0,721.357524952685,0,503.394604303875,1686.63922771447,1692.25993655385,0,0
0,663.390072427228,0,0,1854.78179688889,417.316456041999,0,0,694.097242537065,723.061010999282,0,0,487.207641636399,0,268.752101987532,0,315.601738594754,0,0,327.92096038125,0,0,435.741048901281,0,0,0,357.86900543334,0,565.995251998888,0,0,260.958765799211,262.670535345294,0,749.685526916417,0,472.262317417614,1707.72982238164,1711.10289213658,0,0
0,654.768373656946,0,0,1821.19351195388,407.855036094434,0,0,679.715487460999,714.048712466242,0,0,476.619311043749,0,267.682118818049,0,315.329468936094,0,0,318.83449793529,0,0,438.512539715634,0,0,0,350.399662887685,0,550.921328561721,0,0,260.210675417417,251.655152168076,0,743.595062122108,0,484.665836526148,1641.90834117564,1648.60477891093,0,0
0,653.621921070109,0,0,1849.46359547648,417.167352651402,0,0,690.239002770732,726.246593464552,0,0,487.685373151384,0,261.884731629652,0,309.118229790152,0,0,313.268319135416,0,0,420.702372620916,0,0,0,348.085791166329,0,555.940869048215,0,0,266.571304245506,264.541501256031,0,783.328424851709,0,512.154597444014,1760.76322169672,1769.23673222068,0,0
0,675.89918184603,0,0,1892.19304416912,425.864469115273,0,0,683.745421573707,713.370051769953,0,0,472.73465077418,0,261.601587863701,0,312.533926802803,0,0,310.773254091468,0,0,422.311623338688,0,0,0,334.184365244905,0,529.444125570548,0,0,265.218114192402,258.291785473285,0,757.760238797153,0,504.238241066633,1795.1088523515,1806.25015768361,0,0
0,674.958189709443,0,0,1895.15590539354,426.852201759769,0,0,687.618502605424,715.024911813926,0,0,470.613644350084,0,261.069918483691,0,311.31970159873,0,0,318.053912323219,0,0,424.808003793827,0,0,0,349.174293657485,0,543.00114207455,0,0,256.647464003079,262.513461255006,0,750.482234535086,0,471.718773209216,1654.98232170331,1660.21156058144,0,0
0,668.727232812984,0,0,1859.06986109736,416.227574710874,0,0,670.188943064512,702.671796770983,0,0,457.21355601201,0,251.562958677734,0,302.060478371594,0,0,308.244470844325,0,0,408.716977431361,0,0,0,336.633161792681,0,532.009035756249,0,0,253.766795087985,244.845075914704,0,699.340542704095,0,485.755054841634,1574.24434384557,1583.76351862326,0,0
0,668.894935192468,0,0,1897.29501123107,429.406391220826,0,0,699.770520269554,733.317477177012,0,0,494.107347716732,0,268.866355444168,0,314.167766542957,0,0,312.977572953322,0,0,402.739065437124,0,0,0,316.35982270772,0,510.103762611445,0,0,244.659036711403,242.204612530256,0,714.2061074318,0,462.393047957143,1679.62373138249,1689.81285500632,0,0
0,674.147623433122,0,0,1844.72337472691,415.063110955949,0,0,664.869134007082,694.153595891366,0,0,462.68559845056,0,259.612077017786,0,307.141824225181,0,0,319.180486320679,0,0,418.380081030834,0,0,0,342.437953886542,0,532.283703177103,0,0,250.639263290549,252.805855070873,0,742.706435898671,0,473.571030664626,1674.74499088348,1678.70330022012,0,0
0,678.528047077706,0,0,1893.55651342948,424.55842937712,0,0,673.293596557163,702.711096443461,0,0,463.243452247467,0,256.360233775325,0,301.245038926476,0,0,298.388481757349,0,0,391.013107661819,0,0,0,323.654690022993,0,511.376259693896,0,0,243.799577551944,237.738053664225,0,723.330622601112,0,469.838304430202,1579.18528770123,1588.60044098367,0,0
0,671.118253443207,0,0,1885.22309160481,425.220618173964,0,0,679.376391081631,709.421802765687,0,0,469.570524046542,0,260.472492680666,0,305.952441700918,0,0,307.670893383544,0,0,400.439962420605,0,0,0,328.835496126697,0,518.978958405638,0,0,247.102821259344,247.741808790077,0,725.748775655205,0,491.034324615743,1700.66088922627,1707.17801159514,0,0
0,671.118000008668,0,0,1854.94821168588,418.105164944932,0,0,670.586923256534,698.724809832929,0,0,468.010509762933,0,260.937707075422,0,312.774593146061,0,0,320.488997209285,0,0,417.274948581846,0,0,0,336.119027608256,0,525.125571942589,0,0,247.248901327792,242.812835638954,0,699.066688369141,0,451.812260597786,1598.81446681119,1605.95772887523,0,0
0,671.420969946782,0,0,1845.60359391395,413.041066495595,0,0,656.187586471203,690.711692085563,0,0,458.547504670261,0,252.53226128743,0,295.379635280213,0,0,307.066968826742,0,0,402.28216249633,0,0,0,330.05564392323,0,527.375843780714,0,0,254.990742569058,251.422145953784,0,733.451137910653,0,487.146563761884,1620.1775131564,1625.75662630837,0,0
0,673.070884495158,0,0,1900.16971434013,429.162394432935,0,0,676.898795367661,710.798504399102,0,0,477.070133036657,0,264.410947926603,0,316.622563849193,0,0,320.387997019302,0,0,421.619808394392,0,0,0,352.37138532443,0,552.831428975142,0,0,254.638854536441,253.872862478536,0,732.620896863437,0,466.497415758815,1726.29063074987,1731.7289742356,0,0
0,672.264224495753,0,0,1871.98017481581,420.898464402436,0,0,653.765623722793,679.716541648174,0,0,453.686447242219,0,247.987591010451,0,294.628858974695,0,0,294.285119879608,0,0,396.346637378226,0,0,0,330.523102614951,0,526.368783608483,0,0,258.532238332867,251.885423894008,0,736.487363901574,0,486.718452665755,1577.30715271799,1586.00535583665,0,0
0,668.489892810656,0,0,1835.44158194504,413.429312771659,0,0,647.256876797082,674.526549028879,0,0,444.3555541924,0,244.621567925642,0,290.002752959386,0,0,293.058039608258,0,0,381.415917322283,0,0,0,309.455276956223,0,496.530853201114,0,0,241.330971793755,243.134375381283,0,710.626953612011,0,457.416137806794,1696.21812997642,1707.64345476138,0,0
0,602.102557488976,0,0,1690.12558765713,379.616298529197,0,0,609.855038886555,636.611490503338,0,0,427.878650923827,0,240.858398503618,0,287.597713300575,0,0,289.017221843304,0,0,378.380294374631,0,0,0,304.249316613888,0,484.798206594987,0,0,233.183123600696,229.802539910958,0,690.209129591853,0,441.837227152089,1465.29119093567,1472.70128327073,0,0
0,596.070068500701,0,0,1663.21437748405,373.93843103815,0,0,600.559632965629,631.404987050818,0,0,416.51294864505,0,229.039608066864,0,273.823503238168,0,0,281.333899494209,0,0,372.412285960032,0,0,0,307.447376244904,0,485.575853325292,0,0,226.893615398939,230.399781219294,0,671.462842106211,0,440.024094980424,1594.28122798093,1600.31525265777,0,0
0,598.833063018971,0,0,1701.65283711362,382.567486759156,0,0,604.459913962299,632.306422817183,0,0,414.465612556927,0,226.614760757839,0,267.546812745833,0,0,271.522106168784,0,0,360.136294723271,0,0,0,286.885904246509,0,461.905630121746,0,0,222.503067935138,214.317910107716,0,629.52786417271,0,408.492533743332,1351.45519448784,1360.26475658288,0,0
0,595.328962329687,0,0,1673.65192950942,377.024390820555,0,0,597.477981094239,626.734253621225,0,0,417.914224724487,0,233.48195307412,0,277.655707066805,0,0,280.795719604804,0,0,356.584284337835,0,0,0,286.635478659435,0,457.147153193986,0,0,217.948269598372,219.231811945975,0,641.926972047698,0,434.577966872912,1507.90812987869,1516.36301188313,0,0
0,597.924127830835,0,0,1696.49405993905,381.554787563537,0,0,597.370025739093,617.880201569103,0,0,403.305005544853,0,220.85038323066,0,262.234405467241,0,0,271.995760867686,0,0,364.559405882163,0,0,0,290.408600667608,0,464.041616810915,0,0,215.38184621384,214.579144529702,0,621.665231122883,0,399.877794821946,1427.6144327397,1431.40890281832,0,0
0,594.014858045073,0,0,1646.71353399459,372.151285659098,0,0,587.245040709504,618.931040819148,0,0,402.981471938268,0,222.15747578225,0,266.974455862927,0,0,271.20571917462,0,0,356.233975211634,0,0,0,291.085597892252,0,459.880924772247,0,0,217.754897233918,211.024363323927,0,629.933427036754,0,407.825787482809,1384.12843373489,1390.34849911425,0,0
0,601.05597576231,0,0,1666.78295384559,374.272582053714,0,0,580.785085487627,603.296952549227,0,0,398.484942041507,0,219.14345623037,0,260.845319795685,0,0,264.269342632257,0,0,346.774289096865,0,0,0,279.788853601839,0,433.609017157226,0,0,207.773051939599,206.85790404212,0,619.957760434034,0,411.877061275592,1445.35602129575,1455.37507245234,0,0
0,595.632008305963,0,0,1640.97467698699,368.934438154388,0,0,581.25499474622,607.030963212042,0,0,399.128283381598,0,221.761298333689,0,264.715542254816,0,0,263.528643828965,0,0,340.683444561907,0,0,0,277.978730735912,0,442.99113810226,0,0,209.26782016215,208.920775783907,0,625.55691659083,0,412.209097224048,1402.29568728676,1407.58038091351,0,0
0,600.482952222156,0,0,1683.91683192679,379.462974979868,0,0,589.385353084018,616.527094414172,0,0,397.21163490386,0,212.102672337461,0,249.70443643564,0,0,251.381925401838,0,0,338.619978631895,0,0,0,282.979078061162,0,454.917303081469,0,0,210.596079579076,209.073280790619,0,612.828719193306,0,401.242141220148,1439.91404909339,1443.41313691592,0,0
0,597.249031850451,0,0,1645.96347827594,369.757164771996,0,0,574.452337680088,601.280439303292,0,0,394.058413732739,0,216.687694469873,0,256.53476144984,0,0,264.287214443756,0,0,352.879489758238,0,0,0,279.532491057323,0,450.812624413895,0,0,208.244243167439,208.886131890023,0,636.990639397655,0,390.769440222363,1329.15770015783,1336.49591481303,0,0
0,598.698048890542,0,0,1671.55269320006,377.574552463715,0,0,579.495983046357,609.107678385088,0,0,394.771287374905,0,212.265004073652,0,248.53607358477,0,0,253.388043197792,0,0,344.058457522458,0,0,0,281.864587623552,0,448.382322227059,0,0,207.886756758432,203.515440820194,0,614.56251987819,0,416.420779454786,1460.09023194598,1464.52913884122,0,0
0,596.205006509598,0,0,1615.38435200242,362.728999429022,0,0,551.768931183272,576.20478629492,0,0,377.399140853375,0,207.313328464129,0,246.629936304618,0,0,244.977123317648,0,0,326.632401742403,0,0,0,262.087688003672,0,409.230613583069,0,0,194.409431003745,189.752790035551,0,559.314630541705,0,365.730027368802,1268.96610399726,1280.20511789544,0,0
0,580.425616186645,0,0,1609.47830048262,361.113235843289,0,0,552.506012152272,575.687126225838,0,0,372.599242901774,0,204.75577366803,0,239.816280263353,0,0,234.439695665261,0,0,307.157416547255,0,0,0,254.163203271949,0,403.122325284483,0,0,197.631700117956,197.704273965521,0,567.568485933695,0,378.554290836193,1304.67930720864,1310.22941535617,0,0
0,577.293166213209,0,0,1619.52397733888,365.283077333629,0,0,560.263737087529,587.752089630991,0,0,375.499749188525,0,207.567263060633,0,244.42902233859,0,0,240.445719945542,0,0,303.269529919111,0,0,0,247.089013456692,0,387.689252015286,0,0,180.753166988658,180.915628013619,0,529.384985736419,0,324.879209526755,1196.18452998313,1205.44664830009,0,0
0,577.190865665636,0,0,1582.47197015437,356.356987902693,0,0,545.987427515179,568.699611150322,0,0,367.862031106646,0,200.216694989435,0,237.837868892386,0,0,235.899765016839,0,0,310.501558124516,0,0,0,243.050039534082,0,386.507628857927,0,0,176.551708242841,177.429413706336,0,508.668850912542,0,323.84462439368,1112.886433737,1115.91479239814,0,0
0,580.257032958815,0,0,1601.02651016115,360.96382517884,0,0,543.240525794153,572.633499426186,0,0,365.965971477793,0,196.377647681835,0,233.185972185274,0,0,234.604045291766,0,0,306.846514871815,0,0,0,244.357654113569,0,379.741463883115,0,0,176.396879673923,168.668810075078,0,474.857736726527,0,310.801338345673,1022.1871516427,1027.84314489983,0,0
0,574.464237516681,0,0,1554.97121462394,349.285249089893,0,0,526.732557661495,547.268747954735,0,0,361.696826419596,0,198.280183490159,0,232.985009363033,0,0,234.506347022724,0,0,310.916138217629,0,0,0,247.013304135509,0,390.119124681347,0,0,180.776280104493,182.436619652006,0,514.800014548583,0,339.57307650027,1175.68001877763,1179.2052591028,0,0
0,571.770170909316,0,0,1561.77126006704,351.399909253102,0,0,530.247459254123,553.598220585885,0,0,352.76396189778,0,191.929320277033,0,219.287047271131,0,0,222.427733927322,0,0,307.1437331538,0,0,0,254.058852054539,0,399.468828338919,0,0,188.892421454776,184.70138672228,0,545.091689387939,0,330.19657802804,1182.44654448695,1184.48546128368,0,0
0,570.320951116393,0,0,1541.56207969802,347.596239169081,0,0,531.326614676887,551.975658938705,0,0,359.26814843223,0,195.612576636215,0,227.104189761945,0,0,235.204208480015,0,0,302.044056453227,0,0,0,242.672833703272,0,381.844434747755,0,0,177.28135156339,176.146502602149,0,529.509858937869,0,338.344340143021,1187.2214078847,1196.71714349836,0,0
0,573.722903330748,0,0,1548.70331243868,347.269282047215,0,0,529.568159890661,557.011184340602,0,0,364.980574881594,0,201.227941872649,0,233.308667843773,0,0,242.404737288393,0,0,319.398254418358,0,0,0,255.597168775352,0,393.336451828412,0,0,181.366235578807,180.082940772559,0,502.78292735822,0,347.777416424725,1125.49052884241,1128.80069995798,0,0
0,573.890935181199,0,0,1571.29942339748,354.430073973242,0,0,535.48792952241,557.620403483479,0,0,358.025000000558,0,194.29510269944,0,220.610859849243,0,0,219.134151269482,0,0,290.935530778048,0,0,0,235.619469072058,0,371.818268378019,0,0,172.444613036887,173.398035865971,0,492.123173892464,0,320.907446066528,1155.05540695577,1161.67351455178,0,0
0,577.931743645995,0,0,1560.28842993113,351.210897218918,0,0,525.302013612719,552.604175228265,0,0,354.099858737351,0,193.25276062342,0,222.430155983629,0,0,227.053033657347,0,0,299.93140328886,0,0,0,243.420617174055,0,380.025787022363,0,0,176.468825495166,174.537713455311,0,494.524600551495,0,328.070348349596,1117.34318700689,1121.54477542867,0,0
0,580.862998192365,0,0,1585.11760460089,355.904662653591,0,0,523.349773295618,549.070433806207,0,0,352.831007473317,0,193.27938009868,0,226.625572456557,0,0,227.538146121029,0,0,291.42828138574,0,0,0,233.689990796579,0,364.90085618013,0,0,163.239297661591,161.570635877746,0,479.102560425356,0,305.846439318311,1103.65598385342,1111.54129285589,0,0
0,576.855156773954,0,0,1577.34264631307,356.239113185484,0,0,516.629603137117,542.250039297713,0,0,341.363403591871,0,183.875391361813,0,212.16075126713,0,0,208.21715370946,0,0,270.977797707608,0,0,0,223.464042559289,0,352.591058041047,0,0,163.348906551692,162.916908964141,0,472.509907385248,0,309.312693620867,1091.0151346212,1095.92613291472,0,0
0,432.746107743716,0,0,1168.10060231775,262.562391749761,0,0,393.115894982152,414.987196689066,0,0,276.646314316162,0,163.802581921379,0,200.701708396522,0,0,206.013343835379,0,0,275.875148854664,0,0,0,219.045699190601,0,344.896971020752,0,0,157.241491818055,154.581988335181,0,439.068739526677,0,278.666981097023,940.188275571263,945.261389179542,0,0
0,430.04717107589,0,0,1170.27193694046,263.016783737949,0,0,392.906611054163,410.22268018745,0,0,267.843897213516,0,144.922299504235,0,168.706108091032,0,0,170.807732104827,0,0,216.889170016709,0,0,0,181.889920143743,0,295.867648591933,0,0,143.574072986079,146.020164626414,0,416.837799831217,0,284.178016096065,1004.18830053305,1012.88750864937,0,0
0,428.597951116399,0,0,1161.68590974363,261.235328357541,0,0,388.217966520816,406.77783673111,0,0,262.33084021747,0,140.963159087702,0,167.130633400715,0,0,169.310940715096,0,0,218.3838058938,0,0,0,172.374458607532,0,271.418770762771,0,0,126.824467589003,123.991250054289,0,346.847746201278,0,223.278772855409,783.397123248184,789.647867571691,0,0
0,431.090993490403,0,0,1184.63054090104,266.980209022356,0,0,392.279463856058,410.836835141254,0,0,263.782653143192,0,142.675314596164,0,165.857030548435,0,0,170.029719539347,0,0,222.083281048051,0,0,0,177.806435962872,0,273.965935432035,0,0,126.901746640646,124.822713177517,0,359.926461237397,0,222.806211472304,789.708269567963,792.302925396885,0,0
0,427.521161482852,0,0,1153.64741790397,260.168036413956,0,0,377.145529893881,395.24528844714,0,0,252.583799621545,0,136.290550028118,0,156.03659202917,0,0,155.465967695454,0,0,198.558477121865,0,0,0,157.429666752549,0,253.147235317739,0,0,118.540328138084,118.976472098312,0,347.044185797731,0,228.740168754289,788.287575067132,794.716325025929,0,0
0,427.553900427751,0,0,1131.09334482641,254.20301532844,0,0,364.696109055539,380.806064822911,0,0,241.923235431156,0,134.314695899764,0,156.499842571138,0,0,158.421128788843,0,0,202.081253507573,0,0,0,155.375117105618,0,245.160922550646,0,0,115.426690985053,112.397663439002,0,313.656315722522,0,213.973306584257,712.659784870969,716.885418000168,0,0
0,429.441053595105,0,0,1160.52109792691,260.963141468188,0,0,374.013238242036,390.355279964141,0,0,245.13763980991,0,132.708947197193,0,150.587088618944,0,0,147.757907769726,0,0,185.111807171966,0,0,0,145.149999889379,0,231.454202127559,0,0,109.593652301833,110.357834315429,0,313.200237906426,0,203.64605123082,740.284153195817,744.488948275025,0,0
0,425.601091960354,0,0,1138.42118780824,256.299337034758,0,0,367.809701707193,385.518404091912,0,0,244.26710085912,0,134.002044346248,0,155.798168025417,0,0,152.492394619393,0,0,188.958062653628,0,0,0,146.042293358601,0,228.647535547381,0,0,103.705755316525,104.030066170186,0,295.297401234504,0,195.472999133193,667.349641513929,671.582685982064,0,0
0,426.779979368044,0,0,1141.63893677417,257.162849969435,0,0,364.083360965555,381.473249567453,0,0,239.502509896452,0,130.90941814445,0,151.947207690145,0,0,151.472366468853,0,0,197.755361383823,0,0,0,156.162579621616,0,244.108997578199,0,0,112.928437025797,112.018877425454,0,326.454486422144,0,209.201269849451,699.716530369823,699.510891573478,0,0
0,427.856845024145,0,0,1129.75873711689,254.197275096268,0,0,356.664517742114,372.389347162894,0,0,233.541550159444,0,124.465229288131,0,145.852065030244,0,0,140.239642323813,0,0,184.013697277049,0,0,0,144.286915224305,0,225.073968472526,0,0,103.868461798505,104.37003468326,0,308.786251302406,0,209.584774456786,769.166593212962,774.544692608373,0,0
0,431.393938089396,0,0,1155.75173963783,259.889349855849,0,0,366.488532170488,382.489594895428,0,0,244.07929978872,0,130.855611193447,0,150.551868392126,0,0,143.595166881762,0,0,180.920396866914,0,0,0,140.689087411041,0,218.90985752572,0,0,100.333012051712,97.5946557659038,0,291.9357565355,0,185.253692332841,624.367468612237,628.077770889948,0,0
0,427.959196243234,0,0,1148.96901223765,258.077005379594,0,0,362.5371446853,379.951617288024,0,0,238.966506744237,0,129.516286788093,0,148.861510173803,0,0,152.208066597373,0,0,192.772185620063,0,0,0,152.003957769987,0,228.862171411181,0,0,103.254447025894,103.043189525411,0,286.145685843056,0,193.873425917846,696.438823226574,698.457948146272,0,0
0,279.530141180935,0,0,760.296492332271,171.404389828108,0,0,257.802146985643,272.395378666292,0,0,183.063539975277,0,112.274418116116,0,138.064253688619,0,0,141.855913526369,0,0,183.088145409125,0,0,0,148.062812864618,0,230.979261999311,0,0,106.752949325261,103.760429532548,0,281.835687455378,0,170.288627219741,604.894593465335,607.095672575916,0,0
0,282.185928852422,0,0,771.736063895092,173.488410841976,0,0,255.849502154745,268.438615567679,0,0,171.539083162142,0,90.3948541631012,0,105.350259711687,0,0,103.529967045127,0,0,144.52600574104,0,0,0,120.144646180871,0,196.817434026843,0,0,94.1088555269535,99.3969726362347,0,280.535690777183,0,171.90959008069,601.150841608233,605.044458163458,0,0
0,281.747995288508,0,0,770.741578508495,173.565812201826,0,0,251.468038018894,263.954029323272,0,0,165.184871006621,0,88.5266287407915,0,101.59947767466,0,0,100.378357708829,0,0,129.440914283463,0,0,0,101.772331321027,0,158.240928605153,0,0,75.6699050833872,73.9378413201593,0,216.036731150742,0,134.85389859292,467.89719347961,475.008179475041,0,0
0,282.186004708897,0,0,771.774897089321,173.500392707421,0,0,249.153806488591,261.50744367665,0,0,166.685419081634,0,87.3469314491851,0,99.7748121608776,0,0,99.3207802287934,0,0,131.80812116599,0,0,0,103.986904787383,0,158.806764029833,0,0,74.1455202995548,73.8674315855807,0,208.616121581825,0,135.88532900816,463.022116216735,464.653111489261,0,0
0,281.142055397539,0,0,770.741602896138,173.565819788053,0,0,247.228960235089,258.122325340474,0,0,165.104625803093,0,86.9536642337287,0,101.417524069587,0,0,97.0652233051085,0,0,132.035612332177,0,0,0,106.572205428397,0,168.879592417411,0,0,76.9664279135028,76.6160826897152,0,217.844671034579,0,138.646491879112,464.901932933268,465.8600405476,0,0
0,281.006965239618,0,0,761.349668572916,171.601129361253,0,0,243.017899377755,253.736884749009,0,0,164.723169228496,0,87.1640451452346,0,102.72970147727,0,0,97.2766957937965,0,0,130.907181744716,0,0,0,102.9355176648,0,159.833277021559,0,0,73.3063968852393,70.1627464427244,0,201.613613490722,0,151.084544112312,483.875601015534,487.37671550421,0,0
0,281.580039470146,0,0,766.712169940407,171.472040468039,0,0,243.985745210601,254.690530691867,0,0,169.32584609705,0,96.6954224150788,0,114.853700381493,0,0,116.027043163164,0,0,152.530019434949,0,0,0,125.37110693104,0,189.337221133418,0,0,83.3077351838224,84.4220264778291,0,247.821483270798,0,158.179418309229,568.041523595212,567.985861958904,0,0
0,279.054106087047,0,0,776.327056315053,175.711813452948,0,0,253.492235559637,264.670016286162,0,0,174.995439789883,0,95.9747385977146,0,113.939995909893,0,0,115.602019396597,0,0,160.070634691812,0,0,0,136.839860062057,0,219.9634347579,0,0,98.5600870664227,95.3534076949587,0,295.794098570452,0,195.874840381851,656.485535614139,655.070625150493,0,0
0,279.524905134915,0,0,745.860987495089,167.673322615871,0,0,240.009697382148,250.628972036059,0,0,169.439530622156,0,93.9777379611113,0,111.025002360311,0,0,118.37359665112,0,0,157.354636588835,0,0,0,129.939797384909,0,205.761528902768,0,0,95.8071940850866,94.186933046704,0,283.449504719371,0,192.742832755207,714.281848684548,719.58915104804,0,0
0,281.27701883299,0,0,767.887583458574,172.473886218225,0,0,246.20380246462,258.354559102159,0,0,171.201003861566,0,98.8939722300201,0,115.160871524747,0,0,124.472775064317,0,0,165.790152127822,0,0,0,133.451099376747,0,208.082403372354,0,0,101.232994385203,95.0271852590651,0,282.143963495255,0,176.596642742659,592.644582996731,594.627423442485,0,0
0,279.52498116441,0,0,759.378361442046,170.716125832531,0,0,238.447308230813,250.417168690519,0,0,158.80605913271,0,89.7395256617468,0,103.673362755746,0,0,107.621439674948,0,0,155.909337705088,0,0,0,126.740750900559,0,197.677962259188,0,0,94.9000001995213,99.8270920526804,0,299.903795608528,0,199.459293066587,687.487662918064,690.270772541038,0,0
0,281.882958729154,0,0,776.781413645671,175.511389838053,0,0,241.510940938044,252.049082825799,0,0,157.545348301849,0,88.8113007857821,0,103.992854648263,0,0,100.332051621685,0,0,137.727734738121,0,0,0,112.012278919639,0,179.060399802989,0,0,84.490279912671,82.4672440977816,0,263.470582698926,0,175.707584509532,604.748881643484,610.705641732426,0,0
