0,1107.40272411505,942.720794417855,886.172881152958,909.029207657788,617.616223315347,620.196921770424,611.890394740031,650.786893093503,631.894729740535,515.143277814681,509.226424698711,540.830669464767,532.430206581932,527.699398400039,570.360117797725,588.865799405315,617.059123937912,632.32162194322,670.287490925066,675.55762964705,672.16169576754,722.674356948877,706.710502749176,711.545543944002,717.981396813195,828.891783078123,778.636282504428,741.877786363887,707.200202549702,747.970336380556,782.381753865455,780.541278229687,716.479080712651,708.455978494089,747.455283213177,599.296713567186,815.32546802985,532.396685729231,401.02086406053,401.02086406053
0,100,121.030679245968,124.245128839788,174.987656271062,169.13559514618,153.641392463166,159.999800907176,217.827631008589,389.972805761223,358.851737110433,378.373396073666,447.437271447666,474.846520225074,547.450805117535,607.732849006647,620.862074470767,651.570018855927,644.672221097157,702.661468765415,654.320136900784,638.712739623938,695.460923878437,636.602095194644,611.532936195709,628.377956046859,659.359925591404,625.707633663824,634.435174271349,623.327416408199,598.140084735114,642.781563744948,716.527840510806,703.861190022019,715.297710913488,773.517135500845,833.059330181712,1070.50070165782,827.636927362136,581.791841400021,581.791841400021
0,100,113.212267419507,113.212489661484,154.530226774047,150.038205888895,137.570957891603,137.634550159914,176.764293535862,353.092900608217,312.294276260559,312.531329785633,343.686916698646,331.705151124543,344.969867773806,368.551035600046,380.74972312827,419.533081809191,437.78337388699,478.434825129472,514.525023227009,524.023403692523,595.024502496632,600.915721591516,629.132251292091,670.05004165711,714.254625151169,742.192620360729,749.606987480323,757.732494608288,802.086476785201,877.947234359345,863.32216535178,840.271015529502,831.396777083819,839.192643723229,808.313336270398,1033.11030181776,787.874496815503,545.636540564929,545.636540564929
0,100,116.391443243765,113.212000016748,139.187806486716,125.906610031385,118.365992434223,118.387324704721,129.552276294641,319.457511669357,282.466417155771,282.573689675251,301.513659432734,282.550395852729,283.553349973889,289.338731194085,275.022497488704,290.257261096282,288.860975642106,337.286263489418,343.196961826238,354.746115702411,417.677531846443,420.997169187643,401.051033122327,437.886162132318,480.050639483256,442.194755659516,469.948204056979,479.940822477435,481.686813557232,549.821972595375,589.118391961732,621.89586133144,639.562529559774,744.100100759438,715.425137265791,910.134351169536,751.779722074749,532.540615803081,532.540615803081
0,100,120.988290786575,124.167512976526,148.849778734711,105.130837832799,90.8292783607102,90.8129534830366,106.742923229463,255.604094750113,236.493378818163,236.494427449115,243.273325884407,234.801462292094,229.813349598559,289.379981958611,293.832609177322,320.767609510122,320.225668063611,337.267553327127,369.153316190558,373.10606202894,417.050880649665,447.22989902354,464.208308584227,484.245761168542,536.70954646866,539.308327073525,516.848004093549,531.545805553856,518.519155387496,550.520600545778,588.297702502634,502.51673246975,500.274921697288,631.300848845743,641.782989364717,770.698638691407,621.142035682024,434.038793230876,434.038793230876
0,100,116.391709204328,113.212487006817,139.871619080036,118.066778354674,108.789285861946,108.816252416178,126.832219309117,252.629731079939,233.92473692532,233.977289407887,244.616706519412,226.326171163858,225.908931329511,263.661513689282,270.765798475443,289.857947725862,300.065075873843,322.715966965556,307.947040178497,309.050659767747,363.856810299012,343.731485993185,345.146506840065,358.636322687059,406.933037503027,390.060355197659,401.75480983282,427.435597792945,441.732024220499,480.049503230886,502.228589556041,538.245007853581,547.229204254696,622.072523986293,683.465167897908,783.353932976065,621.693990159342,438.139230487252,438.139230487252
0,100,120.988290795672,124.167512993183,141.48418737151,110.162017023771,100.39879241187,100.361187823916,108.399286586189,226.721433937102,200.342058555505,200.236120971199,218.777301401987,211.10268732364,217.05152775337,234.018594696113,232.09237592377,237.026586727682,234.934957934784,336.79778589738,268.542640553136,264.486118391004,298.879055760983,333.195988239699,326.351260225067,339.530440546088,377.183035476078,371.453320956178,383.209190364475,394.341757321917,405.574061550753,459.93820347354,461.138144446922,436.934435149535,439.355146655561,482.440329820812,481.8917794044,617.984644810656,446.821697718473,312.526966999898,312.526966999898
0,100,119.571152438947,113.212487006817,131.895812628688,88.9448520895499,80.0652619689342,80.134793324779,86.1772147874637,198.014446050132,175.223202171688,175.489685848854,188.006953018859,179.477388236426,175.037141527202,199.470912698358,206.045812158515,220.770667255356,222.498200126929,254.727351082943,342.702791651629,355.267617736566,389.693508236782,386.698200151711,396.318392725075,401.714370591413,446.667772484179,425.189691155231,426.055119551406,419.771370910693,421.106590586233,463.009510538311,540.336024270871,460.5573038281,449.328284569196,484.333779313318,476.813574688332,700.112527806907,480.770538987516,336.339938177306,336.339938177306
0,100,128.764581582246,135.123025969709,155.780568256361,114.303410971642,101.586133992032,101.46835096456,122.305717671294,228.624003247571,191.259334753236,190.833391290131,212.634016362872,202.055556445348,194.065859574745,196.104709887711,192.20486824091,195.591166693866,201.802136038624,236.223174235807,216.323878470113,212.658337310195,221.610717156738,242.865440458987,251.236548401176,251.703035499682,288.157176652215,294.05138676611,276.010269238467,273.543095906243,286.641374912448,320.390879398776,388.415079127502,426.190236299057,443.034827671257,507.932299230696,511.545592445906,659.761677189771,598.360918955989,421.699792799975,421.699792799975
0,100,113.21253193942,113.212974013634,144.579625257177,105.226882229199,89.6817985525808,89.7889028312058,118.82354450347,241.136903334362,223.976256858641,224.348412408795,245.129043218351,250.977126159409,264.369374200179,276.401599214221,276.527896669316,271.398215018192,258.907758532546,282.656354435868,286.720175286997,276.899167907263,308.953634813486,265.135353651476,244.089338339562,255.324139758021,249.50654420463,267.870193121509,272.713008047898,262.79428420242,253.263108121802,268.145331910832,304.150070241232,303.722808478378,304.342950709081,358.082258399395,386.105555160597,530.576858240925,381.615644132729,268.528826221767,268.528826221767
0,100,113.212000018194,113.212000033314,138.505010821987,135.117697307242,127.904537533863,127.862035142925,147.896296655912,262.237028753275,231.686126768216,231.472575166976,246.894543245441,229.839345493701,210.06044910535,222.066452011127,217.739517604989,237.822834081981,236.701947289981,271.211553537137,268.730110580259,275.579446420228,308.12604145495,346.71901732118,350.927350032842,371.348251225073,405.814402638566,389.613967816939,394.383958915271,393.695423965439,389.303178125466,415.410097727777,406.388613375944,394.686230202946,384.87821987543,478.383301585042,389.669822667106,557.908892846963,409.666179476458,282.562806492214,282.562806492214
0,100,110.032556765383,113.212000000001,121.87060215087,88.9316186100167,80.0491812587925,80.1023777975916,88.1961174529934,208.753779220396,184.702834298378,184.970211083585,210.966809453604,225.741774230583,240.095838355018,269.619413599967,272.257109169272,293.601461575508,300.133664956542,304.861432630642,331.203220160125,334.038103076994,339.112042175765,358.8505332075,363.592437018086,371.463548733473,380.91208815574,380.082190264843,373.384865695989,359.263367977587,361.259455432943,378.673636728741,406.149707132054,376.785139833511,377.479884680437,498.418343484865,540.088366947689,641.753137320337,553.471410866669,389.055982850052,389.055982850052
0,1332.40629122274,102.256265978807,102.256487023474,111.598414813942,78.3014996033482,69.2226751657866,69.281621858143,80.2871261449372,188.213362530872,166.526319145103,166.73961884471,179.138882530995,176.258830343212,177.300844222067,213.610108019677,206.669819097038,220.606359875608,221.982268505274,288.75165139568,222.424348925751,219.621973158258,257.930531783155,230.41150350808,233.936680404438,249.745115025824,309.431880734723,285.631030719216,271.338078802953,271.706167224681,275.76690074224,300.209707844066,308.76579033883,320.160170000409,330.521372790469,359.182512972046,443.3056816672,523.587415485809,406.112897554303,286.210482507834,286.210482507834
0,1416,1306.90117634086,1303.68660673079,1332.30938277522,941.224500576352,840.406799600945,832.913140211022,855.290034822084,860.287823994325,743.021160748602,718.219016448362,680.971999507296,599.444709596693,505.668469692118,413.319501521621,381.257442470935,316.435333216362,296.343855647932,299.939601230624,339.361447614979,331.371665895956,358.516078735581,359.845869555095,366.503562877642,377.184344685815,402.610897444603,417.961822921781,445.169827445353,423.258288333098,421.367228324901,455.944627006935,449.932869980726,407.811749324076,394.383833985636,383.383123381572,331.367944617628,351.67493826003,308.798233050282,212.716992592794,212.716992592794
0,1416,1314.71973257555,1314.71951032947,1346.69478395949,990.95024983361,895.617109967495,895.510259220274,915.505323219654,952.938164983239,842.103362927048,841.648692027149,846.009195039609,783.440357777562,780.07645307779,747.228344427789,742.943747622986,707.682875858099,685.680513901998,703.679900530522,659.84857457389,640.795270463097,635.313670035082,590.366963218788,573.743422822324,567.836675319596,578.190992153512,554.074700527259,508.751367922913,472.387531267606,413.361824404266,420.850871549584,447.647730966671,410.364933408325,400.952584863191,435.305878289306,424.820734179858,407.790103393848,330.572823839288,233.49169342331,233.49169342331
0,1416,1308.36111352162,1314.71999998325,1325.35440856738,960.486637030057,866.967268497879,866.999132316515,870.109952087305,916.893884515491,810.632724278738,810.792885602153,817.850037999612,774.718552114301,770.223736004876,750.739337755277,752.408835917871,754.652237292738,763.969162148813,767.251217755479,771.950874861205,776.392155798015,794.680941553988,727.028845232648,726.228233319003,728.918561800333,748.525200015503,742.961686288746,739.435561472452,725.172999799728,718.926454811675,731.460669742712,725.161494454487,679.896889312606,663.739883231402,636.763263633091,656.373179394741,737.181864447312,461.005625840827,317.640683756228,317.640683756228
0,1416,1299.16741842685,1292.80897404695,1299.49282962801,917.982388243263,826.213954764474,826.353092530848,836.377304745523,864.409653825079,764.495227129828,765.028561397536,776.660910268444,716.040407611897,730.994496385738,720.890694512368,718.262015638956,704.791293078214,711.432857788776,724.224731646389,694.042756868719,697.390479130833,714.107301529214,687.732410003141,681.155623440422,682.536786708527,706.682124451877,674.627941740255,686.098861206979,672.288628566052,682.632517655512,702.389269198114,721.497955075244,702.552545581308,709.466576962125,676.172511952761,667.85632739195,790.242012719477,623.437480680836,436.642487005417,436.642487005417
0,1416,1314.71946806058,1314.71902598637,1326.71796614061,941.895003370398,847.680012352908,847.562276415944,864.460349707057,893.570628173885,789.625527632146,789.199788249313,817.702085073767,746.592438232233,744.54430131395,741.838773484579,740.387364658784,710.29707722466,708.769744413839,708.886133890102,689.380011893642,690.940249529714,693.042934704618,674.244570758717,673.466784839011,680.838085920501,674.044155465372,702.212214985932,672.474775030092,657.123821498916,652.880206577092,688.005503877751,700.892746100561,652.645372456629,654.303576346195,657.734303130264,634.348409915805,750.749178231886,578.501333866279,405.27413721405,405.27413721405
0,1416,1317.89944321642,1314.71999996669,1340.08559132829,946.17593787575,847.774020563501,847.773939163405,865.773888599625,899.490915484973,795.149709651011,795.149269722181,815.252478409902,770.614846178022,764.637299570756,764.38982273878,764.264690233378,738.695824648652,734.66421186558,778.27660650029,699.411430796395,694.583323097485,729.601036357699,657.83536380195,664.612556223457,675.235199088128,685.410457363431,665.358620438055,683.318355249557,660.746559856165,669.565159579451,709.542097050741,771.866479417244,731.6871909887,733.294826371751,722.790614069955,749.155533416169,802.661538984638,661.203027611707,462.807995563409,462.807995563409
0,1416,1322.49629078657,1325.67551297652,1354.9921873364,984.501570820321,887.293656816698,887.20280863314,905.147138504908,922.773678694498,826.040836473671,825.667260579905,830.211098022717,775.088303153394,766.663416207724,756.238633382074,759.308884996517,738.398363282582,736.322538829014,772.19764859779,750.476066852579,753.734005475577,766.085720467459,752.410068277166,753.53307513585,758.78683240174,802.140694641178,764.518290276936,765.72275273962,721.759705218165,724.534924845804,773.277043398352,752.95908445514,773.427459229226,762.944910187055,735.456679479642,712.24392445771,722.265820022571,567.335770485795,395.213199311165,395.213199311165
0,1416,1311.54082273509,1314.72048700682,1335.3796190803,963.315513598906,866.998850950765,867.068350622598,890.080413717105,898.918944776451,784.269444195636,784.535779107813,802.351372407306,743.998810664672,757.451865586298,740.751681977545,739.586962249765,730.249880299215,728.559849354121,754.785169592316,731.01640958388,733.297747311717,752.378652334867,689.082266192441,689.655454230279,689.936011082502,714.800596236016,702.588584644091,712.112481019948,676.340713544707,666.326835172715,696.945807586903,737.435774225642,677.562737481758,682.291017844628,707.131779876503,689.81623805895,702.330252440126,543.588501263669,382.538882939894,382.538882939894
0,1416,1310.12315245714,1303.76448704013,1331.78921054765,952.672188705005,856.156298482586,856.215260545787,875.281451690767,888.777569372193,806.931573217715,807.14483261097,820.946123626258,771.388641471673,766.399090740941,755.801850389276,756.055735557688,750.072392973038,749.403102443584,750.883948782951,737.713149636006,728.357305931298,750.812216991551,700.943007340128,699.546830767266,698.438417469234,721.800229578948,686.806602314814,696.32409432522,668.523000048802,674.02489825066,693.686231402077,713.018522343394,686.587737378491,687.16168352724,689.616013186776,726.705152665213,751.696225801218,564.332508058352,394.872778481521,394.872778481521
0,1416,1316.13713834763,1325.67502596971,1348.30837470791,984.475914198575,887.262111096408,887.133677413653,905.055440590513,874.404003192032,772.649195480511,772.169859905519,776.554365037731,713.678834359152,717.214133492027,699.51030407525,703.697414330031,693.586886353254,701.629263553811,702.462351022595,689.727455262109,702.484984293661,712.198884230036,690.045992467949,694.268933828262,698.154078736083,724.741287146269,690.87737358592,693.817609436667,657.22864381803,663.89027566243,680.826722517822,690.468382423095,687.45795359418,686.705285201459,660.633187647724,659.497922757486,695.586219161128,535.272176022133,374.516835384061,374.516835384061
0,1416,1302.34712762208,1292.80946103711,1324.85943792071,943.519014578901,845.423198769415,845.610500478829,878.633515368039,849.863472171178,741.195497085483,741.887817900114,755.201039194591,696.153291899443,699.678850914603,684.721627409527,676.711712049007,663.839042735282,658.671266270067,681.756793168572,628.896483982278,629.817146809103,630.173713134655,598.73760123046,590.954681125175,599.391447702241,626.979518495873,595.401191039613,587.088071503064,558.875343517499,559.670116351447,567.877789207015,599.494091290763,562.943776520928,572.360150276835,589.013271769902,574.620837129856,639.894717231843,481.914416410681,339.837992170362,339.837992170362
0,1004.88574327752,1316.13687238701,1325.67453897955,1353.62456211394,1002.92220395673,906.369614295663,906.161064554127,922.155182388672,925.6325050584,828.277218844653,827.478002927862,832.628209049439,775.201301957409,764.681043136223,771.906425738305,762.643234900482,744.941617542566,743.542902502539,775.444429990098,717.036454097568,710.598487750409,725.193320760626,667.321538122395,672.150184438421,673.07760021232,692.555690307115,698.261214066948,684.779042032541,653.060555143306,640.342570325872,643.695479053933,624.23312531979,627.785965911482,621.201073707882,629.326092030141,635.528351510685,678.065847619859,534.292233011618,372.411560573471,372.411560573471
0,977,892.015897582652,892.028278385569,907.39935840812,657.809231264821,591.361086998162,594.06587142353,612.672407693444,636.881649739196,548.249932639083,557.304984095438,573.477372781973,560.536658578691,590.265253935429,667.712089435707,702.338868782277,709.128102035653,730.40141042904,762.946008487953,750.772661649098,759.04873099149,777.760434937818,757.006461896174,742.661507768581,751.59668792178,755.777246047418,720.778226953828,738.538355882008,704.004356866376,702.447009901848,718.156597465946,693.31977602279,647.607965128817,641.20478080471,601.023433303789,632.478654147346,649.767251172521,513.037371411549,358.128148971754,358.128148971754
0,977,892.001000509537,892.001000932993,899.976808399752,661.060833296809,598.737300615589,598.728582686672,611.753502143382,663.384929914065,596.95858051747,596.914858100661,607.415039941489,571.03763473132,570.605059009444,545.994347467937,542.623013930888,515.811123745163,510.839526031278,522.995275590023,505.721852789359,506.16327797339,519.049784607461,526.191385698428,530.64038401437,540.829597781251,599.918820424009,544.905169553179,559.369610418743,555.31807545368,587.301015485491,628.168117404792,636.543662678838,639.391829792433,657.488428768418,637.536562670178,609.389311623984,644.785223309008,483.638472252584,339.147246530301,339.147246530301
0,977,895.180443234636,892.001000000032,902.025193548652,636.142565428832,570.011874217868,570.043802137567,587.033307086294,602.222582517197,543.016743368496,543.177275708205,562.235561151747,538.674614567925,546.132040691126,534.552694664511,539.079925579463,522.944465812258,529.3843014313,565.104546555782,521.019830252232,524.057958400666,537.448250421448,532.472815156581,540.878012256895,548.635459275916,543.359433816885,557.926926618156,555.898127033706,536.026878043198,526.530603093595,555.885705834894,531.533224496608,520.992128806857,520.568496033881,546.008978377415,535.863089970413,525.823366265972,449.106660715036,315.539569659191,315.539569659191
0,977,899.777290786575,902.956512976526,917.614585185926,666.608909825157,599.930975981668,599.850791212419,622.771409877106,615.981083139494,544.315925660875,543.995981899432,560.659138262992,515.321800108821,519.328839480979,502.908107212185,491.074282390603,463.435816019345,462.710037082127,487.472968300683,475.209539961003,477.815687400393,500.610879147701,474.08745262914,485.140931092321,500.318083623223,558.696106155535,499.808145952119,484.409380744658,478.031731772761,489.361993325534,520.78215781852,535.45736069918,495.007964652034,497.263501892935,510.428012163583,537.69219681604,617.067935449122,390.466419120535,274.312969092954,274.312969092954
0,977,892.00126596971,892.001487006817,900.660619080234,653.257209413723,589.205668234112,589.264529885336,608.330658643209,612.250392130564,541.374770353382,541.587567177451,565.985259694987,521.114876895897,522.116070323844,540.693077607329,546.446055810844,518.358976470602,518.496714938698,553.475487119757,517.634507671311,512.903467828133,526.948095003886,499.834233066798,498.036299458735,499.921497955951,543.844537550367,548.922433778322,554.980326419603,517.706621108639,521.420856080544,534.735704687027,542.152716343623,530.687024517948,530.148578085354,520.513718043343,520.920663395122,588.111910020513,495.625518248589,346.624726249724,346.624726249724
0,977,895.180443243715,892.001000016657,898.001000034848,642.575361341139,579.581415042122,579.592100104519,587.659418323549,598.013751537748,528.677201393537,528.730925300864,547.551776864837,520.684437295479,509.26096039265,510.605175368403,511.220225345487,493.05524115878,486.705470176152,501.314662319434,510.362370524141,511.799295246584,533.594518702511,492.757314567247,493.82337235512,502.996767509902,543.085170953362,507.880301305159,519.620197460136,495.90159033874,483.094712296011,518.70818103425,508.233626375629,476.833922293947,475.734583204558,458.231933396279,470.31654010934,537.497314293983,400.056990790573,280.687611337367,280.687611337367
0,977,902.956734021193,902.956512976526,918.980176583975,649.532356113139,580.784205777961,580.735941466117,596.646060438847,588.077931247078,519.74823792846,519.588711610113,526.01081185193,510.616493622452,510.105670931816,512.479665421093,509.900435965792,502.865341634708,507.01854048583,541.360292223181,506.329140744248,507.379503416044,522.913376486575,498.706090393311,498.874571555914,526.837379978558,513.853778185341,530.380725714665,529.46749731777,508.48133208745,516.817662513026,548.86929182897,564.644332242476,554.600209781834,554.966996600143,509.062044155917,521.482029261275,573.769788013342,455.737446895852,318.535398403363,318.535398403363
0,977,899.777556756285,902.956999983342,920.274204266094,675.889186562266,609.55525888596,609.5232913974,642.412407213571,624.817912177333,552.240178857975,552.07948021751,572.916705394712,535.201780300196,527.768312535527,534.618402864781,532.912790285773,512.739621776747,510.540036584428,534.231225095526,522.634484750473,524.007738059545,526.144177923244,500.304941978122,499.885984161841,511.605213039614,569.12580148178,508.702294014723,508.645963783053,478.871161612606,478.386138212572,502.046684469932,488.179034777975,480.338223522196,479.4944438311,431.185158868292,431.654939941772,501.546941725674,372.537010310944,261.480229332357,261.480229332357
0,977,892.001265978807,892.001487023474,907.343414814007,656.066642701335,589.213439674507,589.282980053949,620.355745763363,635.038572917109,550.999292954651,551.265720921467,589.185111900897,567.58757027615,586.931636788736,594.514706235807,597.942579764913,582.208821477773,578.501750755929,580.298809297342,571.946923372034,564.472736986943,588.709250953892,528.829871368241,516.52639608963,536.104723393935,511.157932908429,523.86162078265,508.563028369968,484.287407718347,468.626140798033,490.635436685157,471.323613366313,453.346232996643,454.754760706019,460.055006415309,413.464050711305,436.93510814868,380.413312012759,267.029643779068,267.029643779068
0,977,892.001000009097,892.001000016657,916.683795733642,668.067705344787,598.735927005629,598.725329690612,638.658065982683,656.040495495168,579.907023119963,579.853734737465,603.735221916293,561.255872957211,554.790084633059,551.30426915695,550.634280056271,546.634140747569,542.082848359881,563.473409487889,521.716038938023,525.379703910954,543.945050585603,538.262120577892,548.453940204171,563.123674646072,600.623642691863,564.181887985166,578.844749462131,555.054878220336,576.515489354533,587.910195827983,606.516085980949,559.709873871838,556.753111874419,572.119801492533,575.869889177188,598.281457336595,428.031768559087,296.352632060451,296.352632060451
0,977,895.180443234618,892.001000000001,918.659602150407,683.755070543071,617.898141765533,617.876846727303,639.984966239954,684.043274789185,604.628399422697,604.521338497069,617.686357312708,600.699089088019,587.789844638965,584.219294148913,580.395374519631,574.109951015138,579.616701246548,580.574431923415,578.951665950788,566.549577490326,586.222813804296,546.713675155695,537.224551757983,535.855409283701,546.866151675045,518.487714813075,516.729172238333,473.38561727568,469.905929746256,497.895322928617,483.66294295345,462.454377342468,461.893644433358,518.324412688084,486.425251706012,500.016057751979,416.797522780743,294.574791970952,294.574791970952
0,871.177879249111,906.136177255811,902.956512976526,940.321574433503,681.488567680963,609.54693827895,609.509299302556,652.335006058969,669.627977707439,578.834987432174,578.728894620266,589.165475703587,547.395236924189,565.268960372062,580.701249500284,576.20131579883,566.86179847388,561.267977840758,595.309857388744,565.77268703127,575.269359713481,591.773799667512,590.678823089605,583.634741811418,592.342292917387,596.640112437096,576.741717834041,566.546017627761,530.897066533193,519.308558041338,551.848467734585,616.916672302652,556.695185356832,554.312789027241,576.954710226154,621.175876668099,587.019916170612,464.055171699513,323.089603176183,323.089603176183
0,864,807.567920078407,810.750158431983,848.73266599871,645.613974481443,583.697703676295,584.249369496983,612.70362431833,697.880961028409,618.179853815661,619.93105481927,636.340913329714,621.865339792892,603.464606720427,632.423689516095,638.439165171718,629.70812579826,634.427705752334,657.470291459485,634.124088926846,630.134305308075,629.106246404863,611.430770312637,623.795485723895,640.482188182894,653.521510452494,609.834326645735,617.073364430939,582.087367337808,583.056619706315,597.187358027948,629.966660759447,636.597632048477,633.087167677149,611.183659651967,608.632518808276,625.332614791092,437.678898118015,305.608925945122,305.608925945122
0,864,818.86492550155,799.788487234109,863.202995899067,620.366667103808,553.301385171708,553.381988743581,607.24925951132,647.247841999394,572.379779891402,572.701992442871,583.940533091627,554.453814938993,574.389311081457,595.492253924545,589.761361187148,582.037844676752,577.706708693742,625.486953613776,582.432356872956,583.226327683032,594.382240626423,559.517524283617,553.443746295615,571.260422146263,593.315586733146,575.501953085144,577.465693849045,544.635746272856,549.202321521707,571.309150683899,592.335399702963,563.621386175824,568.161867579793,569.493290997684,561.022363927204,661.198668040625,467.381770163874,327.963067712385,327.963067712385
0,864,849.625187963167,865.52107787582,925.445317602497,723.682044391198,656.274480801753,655.878466754942,685.81913003562,770.536865223176,680.149498503266,678.65712080117,689.193601994297,663.745600456056,643.732456309143,655.011023203375,661.623433416619,645.405306330837,642.089606656968,675.027020179234,659.244162711799,646.169093642119,664.034657760874,619.459133436296,625.237163944,643.335694100686,657.304634940078,622.517971915031,610.964033309357,576.268194609475,566.485446039906,587.70694649435,615.268030903609,584.979830410927,579.082797207171,545.511485675001,578.158474961647,658.578338230056,534.727341473571,373.824823046848,373.824823046848
0,864,817.10421630869,810.746435017426,853.431880312888,626.963602101756,564.339545330894,564.676428303899,588.881839537576,658.138254190086,582.653034623051,583.931202571331,586.396508356672,557.333424568037,582.274654451832,591.692054268941,586.996247492253,582.562756755143,596.111957404902,613.884208169944,637.974676255976,653.91937537897,680.841958022809,649.526821999528,643.654715104579,661.499532152779,705.895501381905,662.618906784759,674.009306168403,638.434658032105,645.066859504616,691.87938919785,696.669105923987,667.530113044089,663.441012605655,618.773835183115,587.852838845691,596.008343210122,499.517487337309,347.899513379304,347.899513379304
0,864,826.296581618633,832.655026036336,863.946976997637,646.544856720024,585.64921464703,585.531613390384,609.460109014831,675.61961363426,596.957262625602,596.532259256681,611.633625544669,559.183534866416,545.247730016041,572.259288813221,573.670668104517,545.576852784994,541.264117856105,552.965931601175,525.962766294893,527.34005405058,561.346285902226,537.63269688231,539.550739354358,545.693521842978,580.181130379515,563.651183980492,566.874215366763,531.065781466793,543.809602598486,578.491190665631,630.190556132227,631.526081288627,644.154268117616,679.954497019417,641.235421217934,650.185122379747,489.097001458054,344.020079309774,344.020079309774
0,864,810.744531939422,810.744974013636,848.794420956371,603.302683417518,535.435731938023,535.585413789834,574.585840646059,631.427994152219,558.57202310515,559.158272507292,580.414882396391,571.925627514396,575.400214203021,601.988565725101,604.729936454475,592.611825154986,591.341918334108,593.607431739415,575.168277003066,573.914932200657,599.685243486814,584.699480288123,581.743683059904,602.394603649173,577.33371075156,576.713286930825,562.201618220313,517.931089130544,507.442100995232,517.149519788022,518.759397386338,508.321884569639,506.965092885563,548.286935317578,585.881612076476,601.755910784828,464.060431816853,325.618002720628,325.618002720628
0,864,817.10288648743,810.744000033314,861.402602219705,654.456177174323,592.782011287614,592.718245501242,624.739291548639,711.057301514449,617.203460216808,616.88295662204,621.469808862099,588.114176684773,585.191517326299,594.799398596328,594.15409239635,582.777905489615,575.273215887709,583.963956439112,546.291023956946,537.942121976024,552.577763268304,544.874582118666,546.212947702174,560.081441578656,596.94580648032,559.938080811924,573.140458165782,541.743943722502,545.879867391612,582.128662171164,631.254181354098,538.781949200808,540.235189450229,551.629852074829,551.361195199712,605.476440970265,436.933773422069,305.098667252554,305.098667252554
0,864,829.476024807768,832.655025953053,880.653966071242,652.16974926235,585.672259076928,585.586324157225,615.534500864132,725.651250348158,630.109107469027,629.843181602143,636.103114231989,605.810578888828,611.165240055592,628.301661023996,617.894651020063,612.487034407528,619.71893338421,653.606275661802,624.657330926141,619.400962154338,621.119461166514,605.592585415989,603.632884786523,617.625846600088,645.703513975521,599.636463278886,577.486832905544,539.640591299055,534.566184257183,572.097928354406,627.506680984312,643.161999091183,636.863677109257,622.307761506408,631.898160953791,676.969132819205,535.727636633038,375.538452163838,375.538452163838
0,864,837.597482133704,821.700486990159,879.725210443234,646.665676088476,584.532576152851,584.580784346819,614.609953204794,744.31043231787,658.082895569259,658.242113446594,669.117686023106,623.105948109134,617.634734140357,662.123081861487,669.7465352795,644.745391963464,643.663694110308,700.836168120016,672.451313216112,672.995063719812,689.413989750245,660.616756313905,642.779340339727,673.221321317023,712.101043751864,688.322861131316,696.213646439653,644.06902431087,645.41757662257,686.812841713043,704.383604395619,673.102145367273,668.663131426035,703.868971974678,635.809233189882,726.406491749508,513.780272563758,357.489504994569,357.489504994569
0,864,876.47867011506,876.477564899286,969.206098008216,699.365397670598,619.277896922543,619.004644828774,688.596071752528,787.041733721856,683.908826165297,682.950523645798,705.195810360698,686.974159483636,664.979128317162,682.724006793346,672.648810614725,659.956228488993,643.841876857692,713.95399038873,688.534548541211,687.041232712142,719.194614835175,701.53500700271,716.719303784154,735.743592995693,821.526525734475,760.18621508464,769.5835307774,708.23245543077,709.255183486566,735.351199951806,769.743731024631,750.202486537202,745.863789438379,818.815440126938,810.208826762482,929.206595771858,697.68344313347,485.738243287716,485.738243287716
0,864,863.762227016042,876.479999916713,963.74881702986,767.874525655092,696.115609912074,696.030264031179,754.098575192699,931.898439466119,812.360248445379,811.93109224736,834.976986976491,816.286013972222,818.239189191867,860.808820291987,845.130702447866,834.475371846587,837.219604989124,882.079974510419,864.208962935994,851.049593225867,852.885385361216,846.907960944238,822.867141622519,819.166262886854,860.064445053364,843.249503531332,833.753900094923,761.884816192335,740.38030325242,743.94824006178,743.96509357188,702.216054519672,693.544157488078,771.515587502552,768.875564909773,938.973558885299,694.658104998399,486.813470786249,486.813470786249
0,1248.89284627093,851.733723322936,832.657948093894,925.391250653874,685.756315144379,614.717405081737,614.995591904293,684.074299829681,870.272085269609,758.860385163067,759.926486142562,791.293532988722,757.55559172773,775.473348767669,872.648863034762,882.488964807542,874.174688205863,871.194342448437,921.554297922066,908.937474025409,903.43952526655,912.514373016087,890.941780412699,897.641650811978,903.758557883121,986.110705661183,891.507924514853,877.853996174264,814.079653286876,807.177065904074,860.661996624486,891.273984957273,782.277436907217,779.064034819128,850.439978257227,846.630910597424,1099.25845868085,787.648903321762,550.131630946857,550.131630946857
0,1275,1270.44076055121,1273.60790722632,1404.28541626638,1049.35085973654,936.251886386383,933.540262279321,1038.68647899644,1184.14354970451,1040.39721553654,1031.28320904658,1056.26581419302,978.816657861359,936.598638474325,956.116050683628,926.319755499278,901.91275945376,880.512367250383,931.951681977654,902.340974526846,898.254712105248,907.135226326623,898.990432653597,881.8427104258,909.872008706418,934.354516214538,963.099936571982,956.17559241459,889.472965647056,900.323136059543,949.44881860268,1115.14616095684,1049.66916955251,1047.9308500083,1203.82531924803,1087.25562191217,1241.58929123557,1039.24609760752,725.17271111128,725.17271111128
0,1275,1262.67926547274,1262.67948609683,1386.63162793236,1086.18217588184,985.132061905853,985.125182357283,1064.3324849756,1288.395805716,1127.70994177389,1127.59201368647,1169.9552848109,1125.80819537166,1111.79009550315,1195.56273216757,1199.82787739614,1195.88157361195,1189.45053474533,1278.14705509968,1197.24529127425,1186.32117365921,1216.90420548666,1163.1989747496,1159.7400968102,1175.32390001315,1277.03800752622,1151.89662938925,1143.14686338844,1041.01235624187,997.831518190934,1027.59522434684,1078.4932895803,1058.81147413299,1040.82657314748,1198.97746030226,1261.80733039999,1527.24262620056,1044.52866756553,729.643980351387,729.643980351387
0,1275,1259.49955677446,1262.67900001663,1367.33760218565,1030.72942708942,927.669360247372,927.733228010479,989.83359995086,1243.66796137017,1077.25194163864,1077.57298772338,1103.68895679095,1081.18841315066,1084.12295908166,1159.95471487212,1160.66720562435,1164.04886305676,1179.05419156284,1255.57774667302,1249.12897130668,1245.80444024118,1295.24945507279,1252.29946075763,1269.08562346736,1325.42855395025,1390.27292510868,1362.45853964576,1342.61125085683,1256.86903895048,1254.58981868495,1297.82784370404,1378.27457788376,1304.60672801411,1293.0033339035,1346.68849962434,1354.1316361882,1600.88991062314,1282.97410051352,892.624157863575,892.624157863575
0,1275,1251.72326597881,1251.72348702347,1370.43100621179,1025.6994541668,916.835092779253,916.89404582194,1016.68718340884,1261.48227449178,1115.29602637801,1115.5092374815,1143.8030959873,1111.16395235828,1094.2445572026,1169.27990351893,1172.06162921846,1169.32781707212,1143.06420752534,1269.2219142704,1222.1257731049,1192.64085894903,1230.0529465806,1200.73693787622,1175.4421441615,1198.89107069044,1298.13735721421,1290.64018153461,1311.86392135055,1231.79943932738,1238.42427276747,1263.46494397427,1368.50507705102,1313.88646273833,1321.29424997836,1415.47197851257,1370.87662841477,1597.89979472664,1231.2874869105,862.237102001741,862.237102001741
0,1275,1254.90244324372,1251.72300001666,1360.33321508822,1060.65947882829,964.674295122122,964.621114042399,1032.83077061332,1347.30437843567,1190.85259405203,1190.58517562122,1237.9906046736,1250.40646058369,1224.06376785014,1281.67228700414,1273.12618811148,1297.62800796208,1306.80855092806,1391.48276560121,1468.48902502345,1478.92586568421,1509.62754970848,1493.3896206612,1471.0592801165,1529.0354415493,1508.50021131678,1439.85028022609,1432.10791351315,1346.39434650793,1312.90867753483,1373.96109075594,1369.11317596148,1310.72772784281,1283.50260968242,1435.54035745756,1377.95029250813,1483.69071752626,1224.30277601812,855.475894436095,855.475894436095
0,1275,1272.21706372505,1262.67851297653,1396.11615507906,1012.76967915227,898.882760453825,898.908968699666,1003.65300266639,1545.19723080693,1100.90317758223,1101.11802848202,1144.3718245458,1178.97435721809,1193.82746898422,1288.9658258941,1290.43006802225,1300.18332063877,1305.98382028742,1360.63519963826,1401.58979210039,1406.6138498497,1453.67453071548,1454.0293758739,1461.79054128115,1516.33386398023,1625.25871514366,1522.18317022098,1527.77008447938,1456.39688751395,1454.01866781485,1517.5012330371,1634.71980297655,1557.98120246076,1566.15678805444,1638.62069236543,1737.13955775705,1874.98634834951,1368.94364121417,954.567320419366,954.567320419366
0,1275,1295.54620205448,1295.54553891292,1450.17835767327,1135.57539031966,1027.00387229122,1026.72069344711,1120.66842840112,2163.58507727079,1911.84291161852,1910.66712095596,1944.26954569325,1878.57513221934,1887.51967387066,1916.73151028578,1903.28180776785,1820.92848921532,1789.62551174133,1901.59667878281,1695.68827078245,1618.56627850937,1641.71493317996,1522.47221827323,1506.00952660026,1515.28349334132,1624.72147852635,1490.75957632956,1441.831194263,1361.07861974442,1369.8543582488,1474.72252133236,1459.92593006335,1449.1120396352,1458.25394289971,1481.70750880362,1478.85013633627,1675.85000786797,1293.52718624859,907.70021789974,907.70021789974
0,1275,1311.4442161458,1295.54699995003,1469.61958054108,1104.3895328906,988.913383077138,988.955775020853,1118.73941286585,2108.95953072877,1864.45131334973,1864.66440481934,1922.33195093582,1820.92781054518,1828.85051736109,1873.60103990417,1891.63154332268,1865.39005143392,1857.80657182805,1970.91018494851,1971.27888236393,1981.69644582678,2064.54240656006,1955.29146125953,1964.43000954449,2052.95356586962,2123.29272511682,2063.09477566033,2080.27194747912,1951.73985603775,1921.58283759271,2051.92932638745,2097.06139313188,1921.43530336455,1870.56737967747,1971.57464487854,1765.2118074495,2136.12875227238,1453.67184730658,1003.75082731883,1003.75082731883
0,1275,1337.60789716749,1350.32456488263,1538.29772162895,1202.73825966604,1081.13064517961,1080.79351775861,1228.52727735124,2284.15882210698,1973.74972631975,1972.47025709036,2059.30019982187,1989.06906393021,1946.20635197365,1939.31796575365,1907.20539222544,1900.84005473736,1879.24612715409,2015.87927002018,1937.07092568556,1909.10843502323,1953.10945303577,1908.21258261272,1873.02862188618,1971.13749383502,2187.07724650617,2002.98263576749,1994.5311771843,1872.73308951431,1901.72311806607,2028.01836584905,2110.34997929262,2063.905575246,2072.5169571941,2252.76128691176,2308.76051570906,2762.82808224868,2128.70971657808,1490.62920584135,1490.62920584135
0,1275,1322.40128004283,1306.50494801061,1536.62803542587,1178.20922885054,1047.82277625613,1048.04756307326,1247.8807116339,2343.69576058209,2072.37573543784,2073.17314783787,2170.6431329247,2124.99964470092,2134.34077101258,2234.53418286166,2224.42641279332,2251.39237261977,2236.41482552403,2344.22309484566,2343.56355328646,2335.2281304,2369.02888735727,2255.57178484328,2264.39331876111,2328.16015771344,2492.07303849291,2450.11197675862,2408.0939600763,2222.54911563431,2162.41223675797,2234.97350313692,2294.96132774718,2146.40954547635,2116.22574693884,2282.6014921227,2207.70556493685,2654.52433908202,2036.34756156781,1420.22290000238,1420.22290000238
0,1275,1389.89665925391,1361.28056494926,1654.66770026231,1327.68497508093,1197.3541471472,1196.95328474533,1396.7687868131,2529.92483245432,2235.39688210445,2233.79708290224,2326.61731511378,2246.55098763087,2248.46071268866,2344.71245350939,2345.96989084565,2382.60527208141,2364.55104907291,2509.9903838874,2425.47997831814,2395.10962715959,2456.01871318806,2402.09856676418,2309.27931895071,2458.20428611581,2476.00375920762,2429.28842859706,2445.56515333952,2290.50983784786,2293.34967830472,2380.71935935643,2425.69323460407,2339.50783330276,2336.26890591125,2520.90799733209,2531.1988204861,2986.43300765866,2284.22135445929,1597.93248972262,1597.93248972262
0,3349.30086250636,1456.70516291063,1459.88261670545,1721.75687940397,1397.83659270228,1275.60247749781,1275.09326401246,1418.11764533012,2573.14141130861,2287.59843766558,2285.78624029386,2394.32979693552,2313.91147399343,2275.93097742764,2378.4305475778,2339.80576387717,2378.33509604536,2400.53627509319,2554.95411601327,2570.15920919602,2573.2533248306,2618.45336937385,2728.39246258554,2712.81188076363,2905.4356559506,3069.04383643026,2904.44551988426,2875.04202249758,2718.72502799208,2668.91691449606,2788.52691755235,2849.25210246535,2653.57019977305,2620.46601683813,2819.91599071988,2700.37894943068,3131.35578279982,2394.43439128685,1663.86686216922,1663.86686216922
0,3490,3436.18124959438,3471.09622385821,3719.68619457527,2710.89063808614,2413.10428250479,2400.71690373077,2629.59100723076,3470.14730742481,3038.86094604832,2998.16589202776,3069.05039870666,2910.55888197494,2749.55079147449,2790.28301805622,2703.44382338871,2609.68992143986,2562.33336887096,2714.57192965751,2690.74641687117,2687.69046354478,2749.89690649868,2784.57615218193,2812.84221281784,2942.28275449044,3171.55445624797,3041.78471583239,3035.91072033748,2891.04112411129,2872.86047739467,3014.30168276179,3187.89894144909,2990.84392573503,2990.53093083578,3256.68074029185,3230.24150498998,3760.05970013767,2807.13787797031,1962.43288941608,1962.43288941608
0,3490,3404.76345833128,3350.71535281953,3680.86633862981,2764.10163284889,2486.52776928857,2486.96471291999,2745.22755831816,3696.02042650702,3268.23048004052,3269.51208037435,3422.23152124933,3272.05865473958,3332.79875858371,3577.32761892077,3588.8794084851,3540.53131548158,3519.3140156307,3784.94448389155,3618.29276571578,3527.63358800743,3580.20854473636,3490.72415798186,3451.10526220589,3548.83986078979,3653.45820755885,3511.65763966426,3430.9428748815,3199.68304001467,3101.48641437463,3224.17484414159,3307.70544360173,3187.95011870939,3149.27400988564,3487.34846462265,3387.35885537473,4098.27762522844,3040.41567524272,2128.68559574104,2128.68559574104
0,3490,3501.98360287946,3536.95372078402,3901.57912058823,2986.8700128306,2679.13404863736,2678.12217098413,2980.23371203631,3993.47408922032,3413.32891468164,3409.65448259991,3557.36188638145,3340.04383409897,3304.42578981306,3447.09338369533,3459.28216090858,3441.98188041809,3422.60835987577,3585.47143999814,3758.65581504194,3803.89988253194,3890.57250242181,3809.34613842119,3857.15528438197,4029.85366307737,4308.71574946757,4053.1782208326,4075.85620285826,3856.02834810748,3874.26939602842,4027.96127353095,4093.25681140229,3916.32440648921,3861.71869090275,4098.11684792148,4102.71080725298,4649.209728557,3669.91396638673,2551.13996014332,2551.13996014332
0,3490,3432.34614178532,3416.45135697504,3763.77439031859,2910.40090995872,2628.31600954356,2628.88886586228,2891.53956522604,4198.77167224823,3713.0829387093,3715.04809963517,3870.68931153496,3702.35266135205,3685.74546079969,3793.96942640611,3761.59476965595,3752.25183436731,3743.43622045325,4032.79115506258,3797.26166042117,3748.21125158203,3863.68978826019,3746.03989010025,3617.36410343526,3788.4557051217,3971.58560530941,3832.43340347626,3867.24828116243,3636.83598439057,3626.35513416081,3848.44119008434,3928.31659259817,3711.00227338275,3741.99236892191,3968.87269832304,4029.412289771,4496.76760748357,3530.61968542414,2478.4129985038,2478.4129985038
0,3490,3458.50689726756,3471.22356506585,3796.51392631335,2903.93203071061,2614.75159205557,2614.5319306885,2871.36903543931,4129.67908871982,3650.14003198386,3649.45129787929,3790.89351550422,3638.21962548929,3618.77763817028,3796.45466602554,3836.89861125789,3845.17769046556,3838.41259761928,4054.4376216888,4139.59135405658,4132.83592939603,4220.06852997727,4340.05634148114,4364.8500389298,4519.57885803483,4826.58656299277,4598.57608607872,4530.88649667637,4259.50130178634,4223.85591183669,4439.58412174962,4554.26030582517,4386.02888053393,4328.70019395545,4579.6277455168,4346.57319580708,4714.41845843317,3604.53220280223,2504.87504731116,2504.87504731116
0,3490,3446.47972327746,3427.40394801062,3742.74746553354,2839.82607677818,2562.2037806931,2562.44992614513,2795.75142936236,4135.3421445801,3615.7235438534,3616.62857556018,3774.33929924459,3603.12673947641,3655.33390134922,3712.46802265418,3707.58464316391,3741.48831404888,3747.2858258125,3941.41450679314,3952.78351307098,3972.92457455844,4041.92907658392,4049.24947383121,4066.20672636856,4175.69968243879,4610.91653811858,4332.57185276506,4319.26412391344,4109.55072054886,4113.55567342354,4348.03780393758,4469.232895007,4287.16416235137,4308.29799328392,4609.54498727075,4756.59190307113,5218.63879166392,3968.85227318535,2783.40477700007,2783.40477700007
0,3490,3502.6747338674,3493.13507792578,3864.59426394398,2883.68117490932,2578.84862811172,2578.54852887476,2870.97236978726,4190.97052181228,3704.10942549811,3703.09908641875,3857.30252725171,3694.88530206847,3631.52173810183,3724.31769937574,3701.41695883218,3737.83355227836,3717.45081324421,3962.90399501982,3869.1879504074,3852.58360616436,4012.83902713917,3957.1448265067,3924.72789623303,4021.69466371853,4386.96566292849,4264.75667712468,4318.43985587969,4111.74306471581,4131.73578879405,4290.1504210325,4478.18369225914,4344.04486324363,4355.57205453805,4491.46523710198,4561.97803422134,4890.33019472657,3895.65878218969,2727.1099929631,2727.1099929631
0,3490,3510.10798583591,3526.00453882964,3929.97875534862,3042.83205306354,2735.95977189994,2735.64443743403,3081.20812334483,4402.44962354247,3890.90008403894,3889.56402936943,4074.61141712382,3903.1283196856,3905.56025313218,4050.22759505772,4029.85743533395,4062.99357494891,4056.94286244013,4509.2675483836,4273.20465821533,4233.61054828234,4423.69855538606,4505.13251877959,4427.06723472944,4541.22299341366,4925.890969066,4658.25203354346,4618.48962883345,4368.60040049843,4311.39525800827,4549.81377306752,4677.27154269386,4272.77481599461,4239.31026606488,4597.88909728594,4281.18487285104,5045.78585647487,3489.5188762445,2436.81468042882,2436.81468042882
0,3490,3528.45730808987,3471.22843506739,3917.35205245984,2997.30373875232,2701.41711305596,2701.69019484984,3021.06832341212,4444.29136564187,3905.09481380065,3906.05206980832,4114.60910550206,4013.14085546362,3987.3500711375,4227.13711901492,4191.96020401285,4265.64394111464,4220.9230576388,4491.14404085324,4734.78739963997,4709.25705812478,4898.6933406526,4988.89552815803,5045.61783726359,5237.1570787453,5573.02399742137,5395.95074086772,5363.97019373843,5070.35145063846,5057.12900894976,5305.57380100981,5647.29627981792,5437.81975616404,5381.39251781029,5660.41808064134,5752.90241727783,6418.81893083277,5061.20737524424,3524.8217727795,3524.8217727795
0,3490,3642.99366655001,3668.42523366075,4131.02590986725,3186.81224880634,2866.64647735577,2865.61813064762,3196.87192260723,4592.18991089451,4056.97448475903,4053.30027421336,4242.38110554261,4089.41594421216,4096.41432569592,4382.38212028213,4413.89184033783,4538.48816439751,4544.69827501661,4858.04349266817,4851.39602345512,4854.39701841607,5015.65409810151,5136.72724310698,5033.77034256263,5310.89995085355,5622.65495782571,5445.46778893714,5421.20406818025,5101.17990515082,5070.1964584821,5263.19542523605,5587.84775743566,5292.15933600727,5292.88685067051,5638.53344015686,5516.00032580574,6218.86872168006,4750.69845734986,3328.88811444016,3328.88811444016
0,3490,3580.78812766671,3580.78989588796,4058.20811358431,3114.73237774258,2790.74453160947,2791.2044935445,3192.08961791422,4550.97556079603,4024.19200055925,4025.83949183058,4260.79523615782,4090.15179064027,4103.66369130206,4321.9940881647,4289.6134368022,4443.85513502305,4413.45568370222,4716.43723612313,4792.82158330921,4785.18445074277,4922.61190118494,5110.19468717502,5167.65361020813,5393.45710700922,5922.88700101035,5637.58154537511,5665.12011735883,5366.05096672885,5374.07906955968,5646.87747732325,5819.1066130864,5719.28619855331,5711.68228212188,6004.6439254071,6076.78740452778,6614.73535807272,5180.910656961,3616.40130357395,3616.40130357395
0,7413.84677828517,3618.93931888819,3580.78600013325,4091.46879597651,3192.84006837066,2886.14902373115,2886.04289913389,3250.28032785394,4627.47126967845,4158.81333800103,4158.27978598756,4409.09403127422,4225.63939401682,4226.64872479739,4525.5684044478,4532.39306871448,4720.37279311901,4714.80513163671,5030.9682702739,5041.11038783489,5033.95919570978,5167.44219095253,5281.56565004467,5224.35105408346,5499.5706996972,5832.6713919434,5582.32611032447,5588.09652729963,5294.06319030333,5248.71542374488,5562.89290637098,5806.73863321059,5458.77255164327,5450.51614387489,5939.22142722925,5716.58423843687,6546.59009822448,4820.00421387374,3380.99418587486,3380.99418587486
0,7680,7518.51357565287,7505.53379845642,7684,5693.34155295792,5118.75271026816,5105.30101572704,5485.75007601541,6412.59536555867,5630.27906910686,5571.4817943042,5736.02709799103,5306.05884540935,5022.54773113896,4902.05308219958,4735.69755696867,4757.50523458423,4667.84917618871,5132.74941898042,4984.10604236396,4967.98349304726,5173.21404469168,5374.16634266188,5346.59698934653,5686.70702502785,6169.19986023479,6010.49618737112,5901.82802457137,5645.23691142816,5629.53732070293,5971.36001127939,6319.53809483791,6048.56990565561,6035.63085924749,6779.25700900579,6602.71051669085,7433.30466782188,5739.28220349979,4006.80185830885,4006.80185830885
0,7680,7510.14690997633,7325.60997255291,7684,5701.41820088123,5140.10276393236,5140.0845566863,5496.3159456932,6522.54210931663,5765.87006761139,5765.7758980006,6072.25979795384,5863.08835158972,5766.49527826704,6075.98951856069,6079.68965932634,6219.76846750029,6211.00881947307,6827.8353441767,6654.86552715805,6631.38337567459,6885.04822079037,6954.85502419878,6865.24731238275,7172.66821211446,7608.93190025587,7240.57819165918,7185.37761992672,6717.51602902469,6536.63164944245,6725.44494113147,7118.24077202028,6601.19136209371,6492.1620469371,7069.44580375394,7181.07288817332,7835.10823148464,6099.61567752601,4257.38707514843,4257.38707514843
0,7680,7593.92247860488,7231.48885653327,7684,5676.34190380657,5099.88481493841,5099.92030715314,5497.63898367507,6432.15510810725,5696.04387466755,5696.22458379894,6012.52779883216,5781.26879494189,5872.51040171295,6161.10612428039,6166.23483209584,6332.87867114789,6318.25292810536,6879.53088237979,6876.28613534249,6862.94184203665,7128.95323678465,7324,7323.99996917365,7711.98727258589,8304.78546702404,7942.88787600076,7972.24056151096,7548.93362448237,7546.21680627472,7941.47275450209,7998.80645564547,7866.71434615925,7829.7817201944,8200.72724680496,8097.13445284421,8737.6751755469,6627.1632111763,4615.17930258679,4615.17930258679
0,7680,7192.88986505594,7175.08280449249,7684,5732.243196912,5140.0901925341,5140.05471060512,5612.63825120418,6505.02544474068,5750.33201027361,5750.15136976472,6075.14697078409,5815.87541255842,5784.25010915709,6039.09928769185,6054.96041586267,6255.30472622566,6252.1004948117,6747.29339564976,6752.12914191584,6755.89388672107,7072.00582252637,7177.0115002424,7223.21084709923,7631.47104042321,8244.66720688513,7971.02852371165,7926.19168353007,7541.50298146157,7540.99782129898,8088.18499762621,8179.56219940217,7845.13916969978,7845.11081048091,8257.79947377713,8269.95845908108,8971.55136013441,6907.93583100157,4835.38404674254,4835.38404674254
0,7252.57628308659,7106.20002533163,7095.21793694281,7684,5795.83277535023,5226.32565009474,5226.24955105362,5682.38427728418,6652.67293144802,5880.72592527095,5880.33854032116,6202.06242357989,5961.81829970756,5934.07576982607,6119.06239921349,6108.38957760411,6287.40699767992,6289.81246440769,6666.67274998645,6702.7572668225,6694.86532428346,6926.33501672197,7324,7125.97352742957,7603.09472281955,8186.99351273823,7866.58113857137,7915.92755107243,7527.70581808554,7534.60486872273,8032.74655547262,8318.64313129287,7965.79586886812,7974.41358628523,8716.00010157049,8375.20251108814,8923.58738974418,6986.3917404861,4890.53889858694,4890.53889858694
0,7255.43670462521,7115.65129317935,7119.98879964962,7684,5748.98570451193,5180.40247889219,5180.44300853295,5595.68057377183,6579.41421141352,5816.32835036271,5816.53463970774,6142.40239210931,5900.67668301644,5950.42312438652,6164.5985898108,6172.52607769902,6354.68236777783,6347.51364821268,6875.44539979464,6657.45267448754,6665.6097827103,6797.82190538413,7324,7324,7783.91502276165,8444.0159045722,8218.50588235154,8188.99999643983,7761.10676548263,7776.61639485837,8287.72939307143,8399.31909986264,8112.42191645271,8105.62691138843,8970.15088746481,9061.44385134219,9625.37045373435,7301.27701937813,5102.38173728767,5102.38173728767
0,7250.34249531212,7134.23271064229,7140.30372019827,7684,5705.81409315402,5151.6364623701,5151.6618457878,5465.2540596077,6515.66348890711,5759.92557380823,5760.05484480086,6040.55532719241,5863.11375362804,5786.96377537243,6007.7221815442,5991.6341134842,6224.56778793695,6210.65999144681,6676.63726109269,6704.97816636027,6689.00005408936,6947.09868767342,7065.06736412679,7057.55718368326,7498.6724003373,8239.83604035292,7835.93827470017,7867.24706835736,7443.70230677194,7480.8502248481,8053.49211031211,8438.51140459217,7959.11443105946,7995.39382776374,8974.73168616763,8837.72280495273,9580.17196369394,7310.78942397305,5121.24313153736,5121.24313153736
0,7353.16726430918,7199.10056645572,7209.78952574381,7684,5645.19331832361,5076.90296759865,5076.96891690857,5430.64584927382,6345.96757035898,5610.04071448372,5610.37658448603,5898.82159256524,5720.23767227624,5729.66385946641,6011.07300535751,6026.81249267373,6307.50767734001,6312.71357387208,6895.13979134636,6771.74447822255,6805.77353580559,7128.77002568708,7324,7323.99968366113,7916.23740014091,8499.98368334276,8239.68657858509,8199.5379450828,7851.97611214877,7701.68984669314,8166.69526847946,8594.65776487315,8355.5086332164,8338.19093509678,9334.81299932211,9346.76857450499,10220.6892612048,7745.12477966592,5413.59105567187,5413.59105567187
0,7354.6388775716,7215.51823945255,7215.26124024629,7684,5665.71751362398,5094.09696158042,5094.08178521592,5484.92065776154,6421.83793732582,5680.4604338682,5680.38299935549,6033.50578482874,5900.77807211348,5876.05408132218,6103.12755590247,6098.51886325186,6349.4433001498,6359.32793399182,6735.59092819458,6921.94786975054,6834.23986883278,6873.97076586001,7324,7324,7980,8659.99143508675,8360.4775016045,8364.0741138637,8108.53907622697,8150.2622049268,8637.5047950425,8798.49609238117,8522.48254074401,8520.65260307698,9678.91607842544,9472.4645899299,10348.640618543,7867.39130434783,5507.17391304348,5507.17391304348
0,7295.94047361742,7192.78104545769,7189.10077476204,7684,5681.46335559081,5117.09723755613,5117.07694107978,5518.03398543415,6463.32576935779,5713.51678096563,5713.41344972263,6094.37464179859,5968.36579074851,5961.36005865189,6204.54309653676,6192.56069262911,6413.44349883566,6407.17889715047,6941.08775438874,6898.5796731016,6939.47493688202,7020.8160846784,7324,7324,7979.84087092727,8574.91582163206,8370.59380490036,8375.53705692795,8055.80953813144,8076.68118259621,8634.57625869572,8892.16502038665,8471.73952983916,8471.88586408964,9753,9752.99924356983,10521.0522843684,7867.39130434783,5507.17391304348,5507.17391304348
0,7305.28764830167,7193.36159860352,7192.0131889749,7684,5691.74759693758,5099.87005814519,5099.88526166159,5526.74301935992,6453.36501392634,5704.82199171551,5704.89931164134,6044.19203117177,5986.79461585274,6011.37340163051,6303.00328852726,6293.24463463762,6485.15159894191,6521.66996313811,6799.290399555,6759.62582460692,6524.85525829121,6786.71910068954,7228.61313315446,7212.45987631493,7889.69852152549,8597.0748942244,8378.69162376542,8373.32867883991,8065.96807733639,8039.88059140247,8593.46082595171,9146.9064437495,8598.81346287849,8598.87528283042,9553.6216918779,9467.31564215605,10409.9110569273,7867.39130434783,5507.17391304348,5507.17391304348
0,7345.64058768904,7157.76667035475,7153.55134838998,7684,5777.27187889062,5203.31060507999,5203.21932059626,5694.79851109279,6573.03044489122,5810.27474040402,5809.81026931976,6140.24289317377,5928.80824842289,5912.33060665999,6222.50114246852,6224.9848147737,6389.4001953281,6325.36021413762,6792.05883813454,6431.87462700526,6451.82420194375,6785.49521837736,7323.22524083738,7324,7905.55835037084,8570.58403401812,8369.358150252,8378.07411385612,8044.13907626184,8085.87926076834,8693.13963639394,9107.87386947328,8891.49563881303,8891.38181986003,9753,9752.99526856592,10458.6195349086,7867.39130434783,5507.17391304348,5507.17391304348
0,7466.73616457116,7183.28956205755,7187.88583724739,7684,5751.15609672496,5186.13502747278,5186.15018876925,5665.31130685293,6622.80329680247,5854.60524439294,5854.68212419749,6302.74909580901,6178.22928231026,6149.03744772446,6446.56871698668,6433.05993858655,6317.38886778262,6040.13723639712,6549.93957136968,6583.36726607639,6569.01153564201,6820.06973831129,7192.43072424333,7149.01388009634,7828.39791763491,8626.47906055928,8384.42243197566,8382.7314715359,8022.71523093487,8012.2811827728,8675.22933761271,9097.4778596028,8740.02837426739,8740.18250963721,9753,9752.99999998884,10218.8203538734,7867.39130434783,5507.17391304348,5507.17391304348
0,7339.2198125471,7178.39185768503,7179.1988748906,7684,5704.25573618763,5140.14551832384,5140.18610224146,5534.69674921209,6554.51567612684,5794.31821210196,5794.52476733448,6204.70611451673,6182.03044256962,6184.08789326131,5854.92629001406,5646.79569324102,5800.89002386126,5779.78647198352,6315.82078373839,6441.69596408274,6341.63676966581,6611.40511231885,6925.05829830657,6884.46618438599,7638.22928267558,8562.882990013,8381.1280549349,8384.40279269605,8015.02715359818,8030.67970431713,8717.6263174226,9155.6377770976,8795.91374776735,8492.71109448732,9753,9753,10217.3997701171,7867.39130434783,5507.17391304348,5507.17391304348
0,7458.44371906821,7219.53264037932,7227.8038292436,7684,5679.30483095947,5111.37946239353,5111.40484584347,5524.20825441531,6454.39207666848,5694.95270192717,5695.08215136265,6068.46530608965,5974.70131590972,5465.98971978646,5431.42545841456,5384.84335313091,5618.66297238135,5607.5894414086,6040.57182721285,6140.27509523461,6150.37653996933,6524.33543655213,6988.03747789545,7013.78541230745,7863.68109435768,8689.21866424078,8386.78320272171,8373.38882921587,8065.69138560702,8003.08044353961,8691.60744534111,9279.86556045327,8809.28840445403,8188.27204009705,9215.32865808129,9105.90609519867,10217.3913544995,7867.39130434783,5507.17391304348,5507.17391304348
0,7518.53196518317,7247.81475034968,7252.40701616979,7684,5680.69160402473,5111.36101096763,5111.36102606435,5511.48239010951,6510.64784623273,5755.41269349953,5755.41257528941,6148.91826221065,5398.97221279664,5077.94905380593,5385.62165261843,5399.50533510679,5689.79411569185,5597.99331555841,5974.78046549528,6008.97984023115,5982.13435055368,6343.65682621803,6941.46021174411,6950.3123687634,7750.76666719228,8585.89761771692,8363.87707853228,8370.93984962419,8076.95669172873,8113.47822583392,8804.94983645433,9437.59889449394,8492.71643137642,8393.38564214081,9225.41383494493,9205.6609577806,10217.3913046449,7867.39130434783,5507.17391304348,5507.17391304348
0,7583.35961590372,7269.3042728391,7271.90263292473,7684,5687.07863184496,5117.1083110349,5117.10323918131,5463.40347298642,6494.19984685303,5740.85689729566,5740.83117548426,5701.61404081551,5181.34531706008,5128.3584154821,5250.4061363038,5227.57467969741,5445.36019757085,5553.89015268924,6101.35142134263,6292.24242290476,6340.86558982257,6722.73797393868,7149.62283614399,7162.00396212944,7857.40672185503,8646.45605803893,8376.51349802833,8379.26852846394,8038.64476906586,8049.08103491452,8730.13519268028,9026.82124065156,8108.86001662615,7943.72472064258,9054.3397227287,9016.13247578359,10217.3913043496,7867.39130434783,5507.17391304348,5507.17391304348
0,7564.816845679,7265.26977078789,7264.46246846256,7684,5703.27979657983,5122.85930883694,5122.85423395792,5588.06227397184,6356.72735910989,5697.69640953742,5697.67079064991,5155.94809600348,5075.49726509701,5088.67420825888,5503.2724118588,5564.38406187302,5847.26229868424,5854.75723844205,6249.51871653994,6391.18344840419,6464.45887457492,6896.66921888368,7283.43713513458,7295.56384572535,7980,8679.40278884437,8380.83632477364,8378.73147153596,8041.11523093458,8030.68029570583,7946.86369534865,8269.93855353396,7711.99238095917,7620.08236681816,8999.15677200835,8999.52850683299,10217.3913043478,7867.39130434783,5507.17391304348,5507.17391304348
0,7673.0374962874,7269.95688445053,7273.39040871677,7684,5724.94555345488,5168.84148603431,5168.8009081156,5511.68584342692,6403.69805609254,5660.74274896195,4910.23850647355,5200.44712534835,5181.5254596368,5277.32263864374,5760.00219693211,5807.68055276338,6025.59687345496,6045.05141559783,6476.6925673818,6430.31481822723,6387.56078543765,6728.22724768222,7149.44867679022,7129.61495651368,7832.9096781601,8592.79109295777,8377.1419102096,8388.34264232011,7996.90384532751,7515.70432182454,7634.69877838419,8002.44537962022,7648.72658394545,7705.50601235868,9037.83330892314,9017.25813349784,10217.3913043478,7867.39130434783,5507.17391304348,5507.17391304348
0,7720.40343786169,7314.56485228331,7322.69438390742,7684,5654.5521289285,5094.15593909819,5094.2218491778,5366.50553042921,6174.91217412968,5458.82767551015,5075.69142972167,5388.74591854474,5423.03861194043,5548.94611268647,5940.24291038871,5940.07869397245,6103.74888345969,6149.21182837598,6584.3714429861,6561.32147880033,6641.51461217422,6975.955354524,7311.95751197612,7302.7964847456,7980,8708.3722823122,8396.26780390665,8381.12030075177,7923.93978079522,7034.20943914475,7713.59175946265,8142.77273163839,7930.52316105464,7930.55770031029,8884.69241971321,8932.33398140259,10217.3913043478,7867.39130434783,5507.17391304348,5507.17391304348
0,7703.95359262652,7337.52573916211,7339.90806093501,7684,5634.57187637535,5071.11878436482,5071.13911101489,5389.81802145541,6091.43419089775,5251.20162987159,5286.09745188341,5562.41543604827,5597.96440110248,5642.08046934711,5941.58294842035,5983.63738180848,6324.55027556466,6285.76072336678,6714.19688535861,6648.83723517708,6616.89950183776,6903.10518198395,7214.16289784846,7147.71747088172,7645.70476655207,8109.60995104859,7832.07427615722,7650.34618335792,7309.95988274435,7218.1933089449,7772.91394638706,8205.25248238208,7951.95544187173,8070.00722580993,9292.66407381505,9304.26316427832,10217.3913043478,7867.39130434783,5507.17391304348,5507.17391304348
0,7679.30339971957,7335.17702447302,7335.25052444673,7684,5644.37117355569,5071.10400878269,5071.10402087188,5416.01301239758,6121.32805143372,5314.65322382176,5344.13854708945,5696.3107904822,5613.85872271196,5615.50792831242,5947.59316462645,5906.74638644186,6023.80113374019,5985.92626403345,6522.71679592015,6375.53991696894,6199.03149713283,6357.60855284367,6399.94553289201,6275.10833239925,6937.87056933851,7683.60113454973,7416.44530719491,7344.86860139883,7143.32592177744,7170.72880367666,7939.57593491192,8322.6589176617,7992.0343144535,7937.00882801062,8978.84978480505,8964.80194369633,10217.3913043478,7867.39130434783,5507.17391304348,5507.17391304348
0,7812.91669027645,7349.87746310562,7354.65128065937,7684,5663.85170902386,5111.33517720389,5111.29967417319,5429.45963626826,6173.59234555761,5459.85925762032,5495.4751793693,5813.01678526584,5646.90742271449,5601.67483404112,5607.88800923658,5515.96977979631,5534.74807300844,5407.00321414455,5860.16223603503,5648.4277887772,5519.81782080253,5765.20386361907,6220.47014193609,6215.65873908781,6935.16427935525,7643.33109440731,7448.12344060624,7522.47036619688,7400.24887752555,7507.37443319394,8074.51966885859,8421.29685314965,8230.57815177986,8306.3956064288,9213.75733607617,9264.69872201867,10217.3913043478,7867.39130434783,5507.17391304348,5507.17391304348
0,7251.5426693453,7391.41033357031,7393.48902230167,7684,5627.25332258476,5048.1405633477,5048.19633272048,5385.07930753077,6052.08036900089,5459.36623928163,5435.36648220636,5684.5902144959,5395.30361749409,5212.28018780499,5194.26954126716,5124.20294346686,5164.42084961715,5085.94309951542,5543.4769440782,5416.74493393893,5392.71362342742,5723.70395585395,6165.42390538011,6220.81597078232,6990.08051918051,7916.85755393876,7679.42118040327,7736.10047120166,7503.575642153,7522.28023332125,8080.53666503329,8408.5723331557,8003.36236380534,7986.04471358479,9262.01366512903,9304.00265934362,10217.3913043478,7867.39130434783,5507.17391304348,5507.17391304348
0,7245,6998.93417268789,7308.15463419798,7684,5682.22032898641,5122.81506746572,5122.7491664212,5410.04192540765,6096.26128774616,5250.61949327494,5139.58918749014,5234.86876097563,5031.76275332351,4821.50604375048,4784.89587840912,4733.91557163903,4853.00416868328,4874.17944478519,5449.07495617681,5545.80638053282,5626.49786848604,5942.19942828149,6346.93746870611,6418.26131089407,7159.6921808987,8075.8689585891,7835.88873966312,7848.70676752852,7480.07751098387,7484.09643718588,8070.61727350222,8512.56206083652,8347.58502600366,8473.75074858139,9473.43055330986,9509.72939896534,10217.3913043478,7867.39130434783,5507.17391304348,5507.17391304348
0,7245,6892.49580885877,7318.87525578906,7684,5655.77029203484,5082.63179432688,5082.66725817028,5393.47693304079,6001.10667067653,4980.26894359641,4887.82200817814,4963.4138286618,4654.98018240327,4556.16047972456,4905.46668876071,4981.90266143631,5283.94143830523,5408.83815063155,5990.21362834862,6159.379539707,6388.47633498103,6709.54296437396,7205.08916489935,7225.89003835261,7638.52568254021,8174.696533999,7865.50139944168,7849.23808443478,7499.52431736839,7543.17293694048,8153.86434567483,8680.87493105638,8371.58469840595,8345.01389879404,9488.53865948415,9488.10427732637,10217.3913043478,7867.39130434783,5507.17391304348,5507.17391304348
0,7245,6780.79102866439,6768.07679249468,7029.89405565844,5390.00770907869,4925.21626334146,5037.69376984243,5359.43883569722,5469.57080957646,4729.31789634105,4676.76753351958,4862.42254109425,4718.28258814806,4892.40302936667,5460.34031143958,5581.42282421056,5885.74894853805,5933.7823264324,6448.94062665372,6355.6164816886,6221.5273265401,6430.93946032335,6680.34111906954,6630.61506585072,7259.22412920802,8040.70459464896,7759.84447818721,7800.36755255134,7695.03817343661,7778.99053161543,8237.93817593769,8623.59678121232,8247.1051451888,8256.18805181958,9488.00058837881,9459.23575645496,10217.3913043478,7867.39130434783,5507.17391304348,5507.17391304348
0,7245,6815.07137946495,6811.89105217263,7067.3029111945,5128.14142217225,4603.9942202343,4604.11031548921,4904.00364777387,5215.66010608438,4590.00156083731,4629.46379234778,5065.14005896058,5256.10981365883,5507.1661877036,5728.40963884677,5691.11840279257,5624.09739046179,5573.64693701826,6058.61000135673,5953.84059990321,5985.40022914003,6338.30046298459,6824.15196227672,6905.61021572616,7507.31745657732,8206.02191525418,7952.88342554639,7966.88581833395,7676.16759673193,7637.08936267123,8091.91470675309,8687.87680915516,8405.50407392119,8397.22211779931,9327.11243156253,9283.75372585162,10217.3913043478,7867.39130434783,5507.17391304348,5507.17391304348
0,7245,6838.7459501579,6822.84851290991,7104.84798289581,5216.2607104484,4700.90975893646,4700.75509091526,4639.06066817728,5468.97415363786,4970.55514192724,5106.09727823018,5516.27932973544,5439.41265928352,5451.01295742166,5667.06391103265,5690.08625446556,5764.37085757411,5823.35654120439,6328.84872156982,6418.26365288617,6517.1536563824,6814.82910030528,7162.5989195808,7146.3194855376,7578.60027788043,8278.82666021597,8020.12720126554,8079.36961673392,7869.90770557026,7976.18065619701,8375.97111076547,8671.30600181056,8291.56055896307,8199.29680140628,9228.89497739695,9228.90336866321,10217.3913043478,7867.39130434783,5507.17391304348,5507.17391304348
0,7245,6842.65379451607,6877.62656486597,7119.5271409496,5228.74542142798,4707.07925065776,4706.83779959669,4893.03156452212,5920.03236659398,5341.54909902187,5423.05452862659,5744.55654979861,5512.11258884137,5570.84315714819,5845.31926812454,5876.86042575713,6015.94491659549,6085.86469779954,6602.22301725644,6610.5973466885,6647.82632841357,6927.76796900371,7078.90946999544,7125.54363286408,7727.46128181673,8412.16988451551,8124.68773790664,8109.83215957376,7744.54698529049,7582.47048295558,8019.14129683707,8436.65379318889,7995.6958497722,7987.75956070039,9305.43677028256,9321.57801270436,10217.3913043478,7867.39130434783,5507.17391304348,5507.17391304348
0,7245,6757.11592572139,6757.11835717493,6977.14837998381,5091.86052232819,4579.03257744818,4579.69111518736,5243.90853750134,6165.35241709894,5490.10266330747,5521.76529412123,5795.96449262847,5585.82149732806,5651.75313018066,6014.13223303159,6095.51102593933,6398.60361419604,6465.58384274137,6981.90683017396,7053.16167553723,7131.02411862294,7304.6178834665,7319.91172437632,7324,7812.21923878849,8351.55793493442,8015.84803830326,7925.95910174054,7480.24379671614,7451.57947741922,8069.01892636801,8457.67572117328,8218.76546530872,8340.03711643097,9320.71162461376,9289.52907000826,10217.3913043478,7867.39130434783,5507.17391304348,5507.17391304348
0,7245,6779.36910274239,6757.11300018323,7011.84418317811,5120.56342372972,4607.23929967278,4607.20782081575,4909.91520817327,6257.01705570817,5553.50961010445,5584.02313858145,5904.84606085209,5977.09979565066,6237.11606473559,6523.57695613989,6566.51018233008,6620.22183121948,6612.61662932459,7113.50902149197,6933.12461790614,6918.02648894407,7139.65016948524,7323.98032655493,7324,7728.01416384305,8074.38053300739,7757.80491360566,7802.31650326105,7697.66542602533,7859.01528704788,8372.26344081811,8779.44329097239,8593.40793901257,8590.37547985912,9138.38198085765,9139.93346704252,10217.3913043478,7867.39130434783,5507.17391304348,5507.17391304348
0,7245,6833.80313814835,6833.80159083569,7126.5048704959,5220.8364110633,4692.35415788938,4691.9310895373,5063.30963545682,6440.31889713531,5795.02299817738,5907.61774113939,6368.59214623799,6285.06761990209,6351.01592405966,6462.71195559434,6438.82292151262,6511.10051585262,6605.79441964336,7045.43964297592,6984.57812081081,6985.74495665025,7195.59952095008,7323.99990532819,7324,7762.93659660434,8376.8488444967,8186.95195105227,8308.15955177648,7990.85850945296,8087.09469595252,8528.38990988467,8800.12368467656,8431.45389050699,8473.7271524617,9311.81912641514,9286.75233754248,10217.3913043478,7867.39130434783,5507.17391304348,5507.17391304348
0,7245,6836.98444317094,6833.8049998834,7136.46360190673,5264.51707519737,4740.57745058621,4740.52393731294,5074.79406485683,5910.74465062624,5241.53521938432,6094.25650574347,6548.52327016416,6395.93843409468,6478.12681878932,6686.29817581044,6745.8318862048,6928.53065112855,6884.20706558938,7139.25761528233,7050.24098409175,7058.72514747121,7277.52212706369,7323.99999954442,7324,7687.9150381387,8287.58419185741,8381.14509152246,8386.46294265241,8005.55046379891,8146.24380964859,8590.05233788046,8881.64312027963,8567.50164185185,8508.60375940684,9001.65928331742,9012.53551494782,10217.3913043478,7867.39130434783,5507.17391304348,5507.17391304348
0,7245,6841.58129078657,6844.76051297652,7131.39439163779,5253.85982520534,4732.24968034967,4732.21202219996,5041.28042634593,5849.32989136526,5170.72780276797,5170.64693360913,6809.93065583407,6530.90904631368,6566.28713697038,6724.50618100423,6686.50312973569,6732.45045565509,6726.13343451732,7155.53090153283,7037.80318126838,7038.62692411518,7243.85190659509,7323.99999999781,7324,7700.06069802731,8156.01590457256,7966.14117647059,7926.80000435931,7606.99430265033,8163.72425953698,8553.31101886814,8885.74210287724,8605.22992009297,8676.74515950922,9355.75911401035,9453.94667512936,10217.3913043478,7867.39130434783,5507.17391304348,5507.17391304348
0,6867.59898528665,6811.54916332738,6833.80548700682,7086.41623198366,5214.15832741891,4692.76168159887,4692.8525016549,4993.93849298415,5805.2027127691,5125.73821668757,5126.11170812174,5421.56823240205,5303.61949329375,5386.48132618199,6697.70110858624,6707.92297367903,6733.89592583939,6697.62821227963,7123.99128301696,6903.08054011435,6863.88722369531,7126.77922896162,7323.99999999999,7324,7655.9028831563,8346.36182902584,7923.22352941176,7972.39999992559,7665.2032176664,7657.38553263515,8773.84429386253,8903.7354794439,8565.21743246035,8609.76076768824,9563.21176054488,9556.17598333698,10217.3913043478,7867.39130434783,5507.17391304348,5507.17391304348
0,6842,6405.08602146989,6389.20110940454,6649.96179050451,4874.58357255226,4383.93468008916,4386.63868873301,4703.18432082558,5542.18249004173,4905.64949610903,4914.72030818562,5218.9326358549,5167.361588063,5173.23550375804,5384.80598245761,5421.57278278853,5490.35932697616,5479.13617300811,5929.36517564439,6964.7135755095,7107.35341292144,7377.57691717896,7324,7324,7599.96358118361,8181.62226640159,8010.17647058823,7961.00000010345,7661.14240119242,7666.36830711272,8592.44206515299,8962.12806940281,8626.28441778373,8539.20096793198,9365.25470922302,9303.71264839504,10217.3913043478,7867.39130434783,5507.17391304348,5507.17391304348
0,6842,6428.05545443925,6443.95156580984,6712.58332571569,4961.93076780062,4464.40643234447,4464.0818481257,4786.85374124258,5619.7592016373,4967.04640332924,4965.83029004419,5251.50401754284,5168.5394557472,5197.87394292592,5284.92523278428,5280.33711389254,5389.84038236979,5378.75652040925,5830.66710911974,5776.97652810085,5768.20968295898,6009.6009634998,6031.47917375311,5931.78479319598,6171.98301922532,6842.42795140506,6579.42901756662,6656.86904416499,6576.0429318111,6929.23926284154,7631.43325470596,8714.84126158722,8189.50828970008,8063.29687861674,9211.56276632592,9189.38795787121,10217.3913043478,7867.39130434783,5507.17391304348,5507.17391304348
0,6842,6398.71365955242,6389.17643503412,6647.17908464848,4907.1730313403,4420.30161885376,4420.58532818067,4714.9397232798,5555.11783189343,4940.24250425339,4941.2533126988,5215.22868174252,5087.89694756892,5128.23096603004,5330.75325507915,5239.42093661236,5359.90709334839,5379.97325237024,5968.73207844261,5819.34276291155,5834.47059447563,6036.66580010968,6268.13329592767,6310.45194474115,6592.61665323109,6986.96152137162,6946.30527664719,6948.76579391733,6709.22569673283,6711.37467684403,7207.61262926816,7545.55738066877,8136.41100846247,8171.77108985151,9209.8890223313,9260.93871696338,10217.3913043478,7867.39130434783,5507.17391304348,5507.17391304348
0,6842,6393.4262129975,6422.04053901286,6633.2593793882,4908.25624993245,4423.70601647107,4423.56140163417,4681.65593313467,5474.67632335811,4839.27650599874,4838.7990010236,5084.66596897877,4954.65052409304,4923.4359073566,5413.9877622844,5449.02738848026,5528.69284296326,5526.20049052272,5997.90069201875,6123.32579297928,6087.86449113876,6291.59215766399,6337.31657720297,6388.28497661661,6587.67969073966,7141.80662970446,6877.80565973142,6903.32327014164,6638.11401994886,6596.72490024673,7131.14484988754,7452.46303167623,7135.85168038931,8641.64637158406,9487.42272237881,9491.66970892081,10217.3913043478,7867.39130434783,5507.17391304348,5507.17391304348
0,6842,6339.33760995507,6323.4423831613,6520.83693752254,4756.93835649034,4278.84715182056,4279.43050591559,4521.84660667242,5314.60644826405,4699.58673880058,4701.77163911284,4924.7575868024,4906.38910075853,4864.36776921649,5221.16951183893,5271.81241604986,5386.65065116522,5395.65927221891,5801.98446635993,5929.29659361298,5983.39239086766,6146.19259865993,6280.48938745372,6203.1003784285,6382.80659547848,6685.60449474968,6571.80994745902,6558.80311876067,6326.08614979678,6368.40559098301,6830.57014416983,7226.30523207947,7108.035128269,7120.50244451658,7931.54511897979,8735.39911450986,10217.3913043478,7867.39130434783,5507.17391304348,5507.17391304348
0,6842,6397.29332959555,6378.21556503254,6584.18872194213,4822.4375816966,4351.47875911853,4351.16329336677,4595.94085451013,5437.49847378286,4742.59339986216,4741.42304230523,4984.18360694821,4884.13759983152,4925.82284799873,5093.56229840818,5102.63012308724,5200.64626084389,5201.36932025219,5486.14678218354,5555.04731070502,5557.03628581297,5729.79308056931,5881.28156438399,5926.367501754,6076.10892541642,6542.67241996641,6240.61977575516,6263.20084856067,6028.30710478827,6068.75707048032,6535.76923425158,6875.34457355536,6482.0622847115,6518.8357941839,7254.1603782638,7316.95718743263,8254.42427356173,7867.39130434783,5507.17391304348,5507.17391304348
0,6842,6450.31129055091,6443.95107777587,6672.02047868498,4821.27562832348,4330.2607562071,4330.00284921196,4645.42257460038,5510.47087578214,4890.54304206061,4889.74444557842,5237.50577294077,5038.65609588561,5090.28893347741,5223.67084640083,5211.78294784889,5315.04733879166,5292.19121377025,5641.4891315186,5500.12983537449,5489.17063687032,5676.76284761512,5728.39199555632,5757.74941752039,5972.20709758393,6270.75925541247,6075.24900959134,6061.10361411099,5850.4859280201,5827.69148476359,6251.21862682534,6735.60078069531,6570.06126994189,6589.40553250179,7343.80625180187,7303.12822337546,8404.6258625869,6364.14473505313,4459.85376953459,4459.85376953459
0,6842,6443.60936534547,6465.8650258531,6667.74299811994,4898.93217753065,4419.08987626691,4418.89734814018,4639.44672652037,5643.3002426042,4978.22274560199,4977.42096954875,5297.60948652015,5203.63821712826,5144.48573051661,5298.89522958196,5295.97877699939,5427.64127334268,5420.7081890721,5974.08737790697,5715.91184116805,5685.28705938253,5903.58854426577,5911.37195424406,5900.27838720188,6117.5219743005,6624.56454169231,6402.25793021095,6359.39718672334,6154.5861095882,6140.93768221349,6586.37459550316,6849.07967001054,6576.06715694414,6553.74815782606,7628.96881636473,7310.28195325014,8561.44270566859,6499.12043993839,4543.94788385381,4543.94788385381
0,6842,6382.81697536422,6389.177409131,6584.59509717693,4757.92927162588,4267.105542018,4267.60297629408,4585.17845785162,5441.09959650388,4781.41683971068,4783.33617356776,5078.66002145783,4926.99031750371,4938.16910436604,5155.47392465821,5139.66378922134,5305.14111269847,5325.76085714137,5745.38936287514,5936.77313752147,5955.23698045972,6157.0572564329,6276.61043301577,6236.83892002009,6524.42352458019,6840.93927682639,6627.00245596567,6718.77397130039,6541.76879415357,6476.10897474343,7014.39791238355,7129.61996840059,6970.44396115177,6928.05138231175,7803.21224166379,8133.2391704403,9276.61332841618,7203.04219899227,5034.90012656005,5034.90012656005
0,6842,6392.69807789824,6367.26297416355,6652.75059331143,4859.93534392874,4360.06584334712,4360.05627672257,4726.89705115918,5703.62114302056,5041.89821979737,5041.68357771221,5381.2629176766,5264.4119274353,5284.13839104267,5508.4622775227,5526.60329423799,5576.66386795002,5597.25382652911,6026.7181197877,5929.81585555701,5907.06450610421,6086.59735986666,6175.92079539518,6155.67139018865,6396.42313604652,6910.49455741668,6594.52067510513,6527.56098970528,6327.49162306438,6405.1300327809,6863.03212370696,7105.44257637135,6850.40862805177,6879.156084198,7860.45029756025,7549.8522371139,8254.70381322477,6718.38926576228,4704.77845271464,4704.77845271464
0,6842,6432.65176954541,6454.90610384553,6727.41530521323,5040.78350425345,4551.71673946546,4551.12833679347,4927.73864374468,5856.02344617014,5214.92774696779,5212.63448698061,5577.02056105845,5351.4630436439,5314.124949607,5458.98365153831,5426.99793491735,5410.38466923223,5395.75622940025,5833.54173476032,5816.50936768316,5790.83277237648,6013.18005773763,6117.75825832876,6148.07882233519,6344.09652282562,6769.4461161389,6618.57847786632,6653.81056306231,6392.75098289215,6407.68367512802,6743.74803384765,7015.41487734329,6685.43007608603,6682.37320586452,7810.73526852536,7894.95608245694,8286.56043151223,6446.39434843605,4508.43298552667,4508.43298552667
0,6679.98914256722,6371.86097530964,6378.22140903106,6580.17673137711,4840.63972077322,4361.73644656977,4362.27618872063,4651.15218913669,5637.66204564973,4975.17372461889,4977.30545628164,5363.33722815003,5351.95054702728,5329.19832410666,5594.95540567861,5609.0081751341,5664.79278363694,5644.52605576982,6040.78515778716,6089.73594170339,6149.19949191144,6367.66040215631,6399.84354794927,6423.30710913962,6659.26532011978,6907.10574875962,6662.46948505344,6648.37600139725,6395.83269395966,6313.53998900357,6656.19926155868,6892.8563706812,6518.42786293792,6499.02900163299,7655.02122758559,7565.14035097032,8581.43444191705,6124.38489070804,4291.06337613182,4291.06337613182
0,6669,6223.79863426161,6198.36814820493,6437.84264438847,4679.04937529316,4201.30368005817,4202.448163245,4567.56497925268,5426.51178839366,4789.82072112127,4793.71651391818,5147.04137025137,4974.63654473238,5080.46130317891,5343.37215078852,5359.30212054765,5495.94426416922,5507.57584609368,5931.56665900251,5788.52623023717,5793.66968861853,6029.06130474257,6083.7174377577,6063.58329178436,6307.53268442234,6797.74037485499,6539.80927139865,6473.80092845581,6315.41019295479,6336.28466310173,6745.08311448991,7006.84835787482,6872.98513686598,6901.08192281928,7910.45142159634,8134.41188318737,9390.95669732639,7222.17616356427,5057.51975527782,5057.51975527782
0,6669,6270.10565620469,6286.0011041935,6551.28987583253,4848.23923733931,4363.29627134779,4362.74060669593,4666.88701773697,5708.18290048369,5024.7431122111,5022.61415262402,5353.70532085216,5292.2072146521,5196.58041624016,5378.92064067081,5373.13590190775,5463.196219776,5452.93868967897,6007.12617818924,5747.47824986573,5725.69534474285,5946.47873535079,6013.48949005016,6026.84134796957,6262.64592347571,6686.21062061345,6494.65687137513,6513.01821968125,6299.50502043864,6366.0092828932,6756.55189944344,7040.12206058837,6722.229088411,6724.39389652991,7745.83656646709,7580.9606385487,8643.69195473548,6825.25740262283,4776.05376459793,4776.05376459793
0,6669,6263.02076216745,6231.22743498412,6536.69245013556,4796.99973037028,4309.79484147013,4310.08904063962,4657.90385938561,5588.4733510372,4960.80221926071,4961.86594920165,5223.64708401743,5196.51677085331,5148.035837607,5331.67071446637,5353.91643170872,5471.33279489043,5472.56360387529,5853.97759391749,5968.56488362981,5982.11686258266,6195.78423942873,6312.95479689704,6258.96940119459,6472.61224730894,6868.54658659518,6741.00665309804,6777.74599948538,6519.39109953188,6455.23529050413,6808.64907700297,7102.25286395602,6787.51079636619,6756.63599249592,7641.96091054848,7851.40180300543,8857.75293678305,6771.56827495947,4736.95639526846,4736.95639526846
0,6669,6331.24401055356,6340.78012984854,6665.38504558248,4966.66249331976,4474.90160388974,4474.24879074422,4769.24539342404,5809.14650359661,5093.90283262113,5091.4518542788,5339.06872770166,5390.7140498626,5401.44411714966,5509.03341594788,5467.6010525257,5585.74064251309,5549.76043789471,5925.47798349494,5794.86495001462,5772.89393687345,6051.34494524225,6106.95590128372,6132.29870683501,6341.54897765267,6683.17551247576,6466.68376419564,6431.59078769272,6319.78074381411,6266.35801071775,6582.37555115669,7100.98510817367,6722.85503249272,6754.69603081445,7378.587905527,7528.98880872609,8505.36808121025,6627.42167666433,4643.23710189585,4643.23710189585
0,6669,6285.66169520313,6307.91846090385,6577.16467420179,4888.50369647359,4404.74582790168,4404.96470531028,4731.82531301753,5702.40215352218,5081.22040090081,5082.07139661417,5344.61788029124,5263.06276658077,5279.93461681696,5517.44832572593,5537.02228416608,5676.82483674973,5734.92390448603,6142.99551294127,6054.24157232807,6050.07151185034,6282.2712070563,6349.10794145999,6446.35255671529,6665.68818943254,7067.10092354246,6769.9972627938,6832.61127432173,6675.86335960025,6719.04934352831,7059.08407931747,7182.18342159782,7139.57316482247,7105.39472976244,7563.09701865599,7531.76790859824,8520.72534688553,6493.38270393304,4537.7845284792,4537.7845284792
0,6669,6259.8418509905,6231.22840921429,6501.30469950112,4767.39160843072,4290.75034491235,4291.20547488713,4587.7255009853,5547.2987384055,4934.76076136331,4936.46719306703,5245.34555618446,5229.82725080331,5274.68727902217,5479.78125445979,5473.65494420301,5524.10921839023,5512.8076005116,5891.75562165164,5880.50636544912,5890.50238701329,6095.61056440835,5995.33543983369,5978.77478301431,6146.22146140698,6690.83936156985,6397.98466093428,6331.91215199531,6189.6922380154,6176.43721191174,6591.72522270127,6855.95458282357,6513.09956837878,6545.71098012489,7075.1912466408,7141.23838365118,8014.42243733855,6345.09010807202,4454.58936773649,4454.58936773649
0,6669,6336.18549272365,6329.82461690534,6657.2338260578,4886.3184006203,4387.48034412921,4386.95041932296,4754.14278422374,5592.46597996879,4892.76831287415,4890.85239816301,5181.66075831988,5061.61559382793,5046.73030890955,5314.42807872332,5273.9475300831,5381.26859621098,5360.97917911983,5712.93042212141,5683.54591490811,5711.81691564697,5909.26961844104,5950.72882442944,5892.97457527417,6059.94907787458,6488.15193541552,6426.37912231913,6411.54084238694,6307.65584034969,6317.01654653756,6671.21713589798,6957.50840069822,6743.2023005775,6745.88932973967,7328.91541973186,7217.16876326636,8484.88392195999,6145.2406067414,4299.45793896917,4299.45793896917
0,6669,6351.74046796051,6351.74002580314,6675.66638511232,4971.98550485662,4486.0971245377,4485.89377316788,4820.07236081229,5842.90985317837,5174.50898061434,5173.65236223559,5514.59722235577,5478.18364142212,5412.29869487811,5733.87733885504,5772.26864168593,5879.31956368396,5863.5654187295,6113.26805594633,6043.39383026907,6008.74108043165,6213.75371742656,6139.03658601256,6187.96417356495,6352.14371139717,6700.45044889869,6511.93367467816,6522.51983827019,6384.25573647367,6329.17183311369,6687.17475176788,6917.2868622497,6566.20129361964,6559.70947552889,7192.18329454496,7242.82046111839,8280.87212500494,6706.08937937274,4694.85096272581,4694.85096272581
0,6669,6339.02322704333,6351.74099996668,6608.30282788801,4876.31767963596,4400.0581194887,4400.15378643435,4694.39527667109,5684.33849214524,5035.1835499323,5035.66456048048,5388.62941295919,5331.26136071366,5401.30585623481,5636.34551978035,5600.24882411608,5737.09408053463,5759.82367170939,6093.81544436902,5915.03195594258,5934.77605619357,6188.60791516474,6067.41724785295,6103.44906038888,6334.60211309923,6697.45522802064,6482.64540751707,6516.32392781557,6452.42741376913,6443.12547454231,6745.25923963911,7254.41205207269,6915.23779335997,6917.47076901543,7725.6217676598,7473.87415704295,8307.20576567006,6408.12395650639,4483.21014327401,4483.21014327401
0,6669,6320.6358368537,6307.9189480939,6580.04203560044,4760.49715830652,4270.6419939698,4270.97351033928,4598.93366998759,5541.74034588448,4879.91236909286,4881.246662193,5240.01592933337,5193.38853943004,5178.06786150947,5524.09745645684,5579.1995741467,5718.85115614514,5699.97069022257,6064.07831311897,5930.48493004347,5928.91471724586,6123.92666896857,6101.01198767114,6040.82834976543,6284.33485544488,6625.49983927557,6509.52498693648,6440.71042384802,6397.82785711829,6391.69431444499,6601.40730971822,6910.0595618908,6775.20693316341,6776.87403824561,7736.87845212781,7793.71056303995,8644.01364626365,6630.72866780234,4644.29539084093,4644.29539084093
0,6669,6329.48383347883,6351.73905197273,6647.02994303318,4912.75847624479,4418.88517713006,4418.53264891118,4808.98299549613,5749.89193461636,5081.96066771567,5080.52073336978,5461.30780523025,5394.42496013679,5343.18139096702,5516.28590436703,5472.91967983208,5636.80364501678,5632.13797867593,6083.68300044495,5865.10679256062,5860.86612695855,6131.96000958972,6008.42299199405,6016.48784866576,6178.82021441253,6586.85775437319,6415.97620488539,6466.82938810156,6371.59450437415,6461.71588809584,6817.91929365585,6933.63468553449,6663.69213565519,6662.01581406403,7480.07048550589,7583.93146207968,8621.1595194132,6506.52422554328,4552.28098848533,4552.28098848533
0,6486.38660578386,6271.87141858064,6275.05240909769,6523.64214011747,4834.84473294001,4362.79812604503,4363.189010111,4690.8814772554,5772.83469190735,5094.20597027016,5095.58921161016,5510.34533230205,5553.98393682968,5559.98974537702,5898.24242865213,5869.13859329959,6027.04801256212,6014.26800924788,6535.22853607101,6329.53279767651,6305.41946714915,6498.28190361714,6475.72499381605,6506.11620803869,6622.08249838815,7015.33683697221,6718.05320603717,6658.69136548826,6440.43246076149,6378.0950560704,6831.95815190103,6958.70748326523,6716.00400291687,6687.14077866318,7480.65163803689,7386.67910059783,8535.81063867607,6540.57913802609,4577.6457368102,4577.6457368102
0,6474,6098.78230193389,6086.06995499018,6348.17973765501,4624.95290758312,4152.64235567457,4153.9061537516,4571.03514637486,5522.94922543976,4885.31410538329,4889.67748375792,5338.52565272204,5296.82246392396,5328.08024506441,5758.77086127307,5821.35721818205,5966.51610582833,6041.16595036936,6390.20998975511,6490.32486310058,6487.07682382115,6715.68920770994,6653.66257380755,6504.72739697113,6668.16863315488,7029.80439921403,6863.79950475335,6900.82801301688,6706.22405205133,6687.36543122277,7037.84249984449,7441.97398078723,7017.89598108542,7001.9615232957,7803.27459967216,7820.73493606504,8738.9840992858,6898.91249007634,4827.56635403861,4827.56635403861
0,6474,6136.23982277732,6129.880052315,6473.99890073731,4764.28519590036,4271.39000564952,4271.07008150377,4698.93509423139,5759.85422199738,5071.00320099538,5069.72704595503,5515.71194385348,5557.49482133232,5567.27490285064,5791.22752089618,5759.32794259798,5766.97704692449,5722.37779337272,6203.46444752433,5948.60919907708,5958.73113355663,6199.42973169178,6309.0614087725,6377.6996456932,6528.67785432047,6873.13113123207,6711.07412272668,6715.70681591473,6548.23114168887,6630.58237833863,6957.815422351,7222.96311900077,7099.40412579481,7141.65002652276,7884.93059852188,7934.45427072335,8828.94440751504,6732.96699332428,4705.03219781949,4705.03219781949
0,6474,6132.7168085983,6151.79302588643,6445.5742239956,4879.20296904528,4417.71937203759,4417.46295215318,4783.66923427033,5903.86940535271,5228.2332710786,5227.11048779942,5620.45364108321,5545.57432223294,5513.36078321,5811.52958923134,5811.1379207927,5888.72246343873,5879.80907985639,6301.86030771766,6271.67002004151,6219.950647691,6499.2228093453,6521.52277264281,6500.9350322474,6673.13088381613,7121.64243359093,6806.10206107015,6768.02758220716,6599.26194286186,6517.77678682244,6868.41981915871,7037.3653789776,6693.7322538629,6664.50069701468,7475.16852176176,7382.48009595672,8477.75511305656,6431.44964119322,4506.83456558552,4506.83456558552
0,6474,6105.13625526236,6086.06092210753,6354.84367161117,4624.48327742781,4152.06502447463,4152.64188245368,4586.51022936088,5586.1193895356,4939.69384293072,4942.09521635112,5445.36861455521,5417.75652943805,5434.15008118645,5751.44985771831,5780.25665923507,5920.62765263568,5924.26702374395,6354.95768864676,6379.87386539195,6414.13590450726,6724.01954076245,6823.48743413316,6764.33674941452,6907.46192162332,7381.35972575641,7250.39952242358,7210.16987533382,7089.53758936536,7047.25849472852,7447.17773324793,7697.00522828142,7373.44281027008,7352.27585247214,7996.5890204737,8125.06899902188,9393.13486485895,7076.04782221106,4942.23454334166,4942.23454334166
0,6474,6154.97184741636,6151.7910779591,6491.20187691592,4782.67978102034,4292.96526137621,4292.52699351759,4747.22902483572,5840.40974404987,5122.05659822965,5120.35172894133,5626.62420147414,5653.50742914334,5643.3948802272,5820.44536268391,5839.80700242213,5917.87216951328,5945.7495821354,6204.69175899398,6250.58374498054,6265.12610804589,6515.31129395755,6567.49063799219,6747.51138246327,6890.93157449391,7305.2567074246,7136.28126033517,7166.71559671269,7022.13066358178,7109.99674052664,7519.69129137593,7954.13007559271,7518.23202072909,7532.19922929767,8529.74654818424,8062.37314571843,9423.23706271214,7253.79890384964,5075.06706596318,5075.06706596318
0,6474,6146.85251779352,6162.74951287658,6488.65220863269,4868.32703067665,4390.29224981019,4390.13724066143,4836.10237105523,5812.41789287608,5305.96566778045,5305.2693642698,5786.28926613974,5768.72904350959,5733.39003529614,5863.30678150161,5809.78908040431,5841.57265454897,5799.66284479197,6122.69606656767,5873.67516257386,5877.45388323773,6149.21479353897,5944.96517530211,5920.82416027893,6103.33264347338,6424.77401138732,6355.99344304392,6387.07770465275,6245.25101343775,6269.88380074524,6619.44024370909,7099.35747149328,7005.37952923421,7064.94112929378,8097.61111399833,8569.29808737603,10047.9075263535,7679.09349826345,5396.21351118922,5396.21351118922
0,6474,6123.86854605803,6107.97243510071,6438.73046113215,4752.13240230584,4269.4293238442,4269.79831167727,4728.9326604235,5414.28032101101,4779.62930098082,4781.06967366617,5284.00530723962,5369.80175007162,5384.84573855549,5745.18830641467,5741.54689731002,5889.17701338088,5915.05838606885,6156.10018813053,6120.45536515067,6160.27665609861,6541.06601360663,6393.92898860408,6350.96410517283,6566.64611070142,7011.906839133,6731.48626979898,6688.05383649079,6570.05698837702,6439.8678164791,6788.90797711063,6954.49004875877,6699.15631637593,6662.78855549783,7814.31800532141,7357.62440185844,8909.30529672205,6854.79052243165,4795.58748349525,4795.58748349525
0,6474,6137.3131242745,6162.74756496592,6465.94115191026,4854.74032279532,4380.54261206326,4380.18441860607,4757.48151994252,5540.72208537041,4897.07361756385,4895.68836935792,5330.59714126104,5360.45343030083,5417.995369109,5772.92957994389,5781.9092329067,5868.43640548943,5868.60310849344,6321.99127301043,5888.03031927882,5877.06028937369,6223.47807657363,6158.71406341957,6240.13652967619,6425.37142612121,6949.12627701734,6697.2646139167,6779.73925906164,6741.37086872035,6787.06965684033,7385.53763832893,7547.42667276831,7218.99870604605,7242.78185711267,8455.28322715016,8693.60642722907,9778.13319649136,7823.77770283696,5469.43953556686,5469.43953556686
0,6474,6103.71911689654,6075.10589610451,6336.45153339198,4664.57052807612,4208.32626408783,4208.8931421769,4514.57284405875,5357.21422344881,4684.36802871793,4686.5533093726,5058.91445633387,5144.97635246328,5050.34392551254,5411.2055468322,5422.67271106358,5570.56534076802,5563.72624728495,6052.98933084256,5901.68470512715,5942.82434352678,6202.8553463254,6285.15193376448,6132.25546706076,6309.59781242376,6777.49803675961,6655.93365824662,6617.35583354782,6575.16469314323,6582.8696152342,7074.48403388163,7714.54218814358,7293.96098519129,7272.40254682359,8332.66629088201,8278.14876662292,9704.45448465191,7119.19080361739,4989.02737472222,4989.02737472222
0,6474,6167.34471979428,6173.70161692199,6437.69684759847,4701.0813229737,4228.35277032036,4227.90807260949,4581.27476190682,5343.1367822755,4775.15669040228,4773.6687119055,5172.02127383897,5132.90889849477,5264.66756520269,5571.96932825314,5579.92683745884,5737.75377095147,5734.8790643666,6180.04121249811,5991.5847560267,5960.84614570404,6205.90362650952,6243.78776793347,6330.58644862275,6555.81472720541,6889.21294748249,6718.7312607412,6715.40954206496,6635.7655812824,6630.37750927159,7021.54952516828,7256.60790667705,7221.28789433229,7226.66575171336,8231.42407921175,8341.73425152102,9701.30809255064,7653.33590580254,5354.59849587987,5354.59849587987
0,6474,6126.3589859988,6151.79497389704,6415.79603361579,4707.07012280188,4226.2927790147,4226.38900470396,4602.38654664333,5274.47481477284,4700.62417262353,4700.9417984518,5137.706851955,5154.99681034945,5066.69687288172,5346.0659833062,5357.44574128464,5523.44756530692,5536.68603480439,5916.54387166688,5831.6078547611,5852.07913980756,6203.67352573778,6172.44714094169,6118.3231712561,6325.86675033064,6812.55926102046,6662.62099485963,6679.36711181827,6641.5364179025,6645.9611819719,6979.99841405126,7467.37536783293,6951.19320446213,6950.7779471783,7970.67394866784,7895.9367852717,9116.15525691469,7077.03583984009,4954.37233433318,4954.37233433318
0,6053.52095383054,6073.6864575525,6064.1498962211,6334.83693148378,4683.53733100818,4216.52991886822,4216.91615283014,4570.30154997993,5272.45127920397,4608.878997437,4610.15631197885,4987.20278615092,5042.88108042546,5088.9888185262,5353.71803598778,5337.46708814307,5521.85929108472,5484.35879396612,6044.51185656196,5705.41004739436,5690.81251892915,6124.1403637802,6180.47921949078,6190.59088164524,6379.78464526892,6688.09783592785,6507.29402781791,6565.2060631404,6499.59824906293,6540.89664093057,6843.73612376639,7054.97932360557,7074.27397533867,7086.6760660181,7882.94791720489,8158.43893991172,9502.28729883858,7185.95947225759,5029.43809613087,5029.43809613087
0,6025,5664.83452034462,5687.10194452283,5969.81188286616,4433.29267223559,3979.13647956622,3981.52376346996,4410.48169583487,5138.44093813803,4540.37635449244,4548.23573708247,4947.20443505303,4928.26748887917,4957.41478090989,5284.59945496336,5333.89301261666,5585.39788192499,5619.48322566177,6142.45162186657,6070.78934268706,6063.63219175638,6524.7795562749,6775.31418780885,6579.51266174064,6742.57015707856,7230.24189673961,6912.36063638468,6852.09342179743,6713.36635881405,6696.42871336306,7201.77895494682,7301.35622404452,6760.05512787264,6712.75781680012,7359.16608013129,7272.39001755664,8795.61353234133,6708.55650988613,4691.98392409836,4691.98392409836
0,6025,5648.54018113301,5610.38841001749,5895.05072268282,4412.66449440871,3987.86702545116,3988.18534172903,4372.74169018974,5212.54750072046,4631.27861742413,4632.2972560634,5071.33409220338,5095.57419258447,5062.49643008383,5293.78738536318,5221.9575880905,5389.08181741001,5390.90008547513,5782.34694979799,5794.50547382986,5778.33013706235,6295.58023890207,6637.41546674186,6757.93104311014,7007.77147947363,7418.33033692314,7188.07971092111,7171.93442432966,7084.79521145994,7068.17203290574,7589.04183469071,8098.33451798954,7866.96820591309,7874.1147710841,8477.07902485001,8430.49472502304,10168.4458084519,7605.15998613689,5306.46635255949,5306.46635255949
0,6025,5722.7771489103,5741.85115583494,6023.84479667065,4444.72155970156,3992.55567473014,3991.98730016758,4423.27950225088,5135.45509381134,4515.76539449709,4513.90523392587,4986.46377899755,4983.14029063448,5013.21340522146,5437.80363383497,5485.32575521444,5647.25422151658,5642.16720204532,6096.17574144963,5949.35017095156,5967.23758192034,6362.09511443064,6780.99785724012,6740.85298940063,6881.14500080364,7474.6877920415,7259.81035845544,7325.52552175052,7188.07241127907,7197.04940793012,7562.40454004959,7933.03329719937,7582.67763959746,7583.47971599164,8258.18093145884,8244.88223611001,10222.7787721665,7800.89092145704,5462.95236963249,5462.95236963249
0,6025,5672.94315252906,5676.12392194096,5938.07871427232,4421.53911470759,3985.75595310667,3986.04517087234,4390.46287380721,5210.54977272312,4629.45916597438,4630.41431262253,5132.1892885664,5177.00022113035,5138.23461650561,5402.18471673908,5398.56678381389,5578.75479650464,5569.42210832038,6185.94876951307,5895.62977353507,5872.83601843178,6275.49988765741,6425.55085316178,6531.15055303271,6666.07924474497,7035.39988927504,6876.42870619495,6796.77437967371,6754.47192679408,6711.236793344,7133.05944393578,7354.55019977213,7234.44678399429,7250.33551108914,7995.99348221147,8012.23501438996,10197.9477423164,7867.39130434783,5507.17391304348,5507.17391304348
0,6025,5671.52415250262,5665.16548712341,5927.8730064208,4367.34129600671,3926.84638544587,3926.95872843333,4337.93674177091,5100.40918466207,4486.41416907112,4486.89607493491,4967.89325449402,4998.62193790495,5049.92007534838,5344.67005167387,5341.45505616235,5539.34227732751,5557.77845967105,5858.3856515029,6105.16240489964,6133.39918658365,6611.86187322152,6648.04324735,6652.14422631906,6814.71743303803,7423.71462458442,7116.35495482962,7084.30816081474,6954.81644700388,7058.24729207196,7427.14887125632,7642.3225647223,7318.83550459726,7288.09335604149,7911.00054541793,7984.82856583175,9768.34179468545,7850.06760034822,5491.12401584274,5491.12401584274
0,6025,5680.71758158225,5687.07602596971,5983.12335320241,4430.21255431847,3977.06788052125,3976.91818987268,4415.67504826168,5165.57199389344,4596.18712672067,4595.60065204078,5058.55101576518,5053.64670253742,5050.0567345953,5321.81768472449,5349.46461351926,5526.09093244439,5499.18296647449,5847.75913158062,5628.8859591378,5616.73538818234,6086.80341787574,6282.480584896,6197.65147779995,6387.2882377998,6790.01168120702,6792.57480831955,6858.6685828957,6739.31902116455,6657.71959840613,7061.41405201135,7405.72560804526,7019.49542524239,7076.93624532875,7538.67999079042,7744.99014763937,10148.9397921127,7247.97950977309,5078.4727567723,5078.4727567723
0,6025,5655.62720223557,5665.16597401363,5943.75305536424,4470.43239507214,4032.22752747221,4032.26010220073,4421.61248675668,5208.04297660287,4588.83196747596,4588.82974763435,5011.48217540086,5045.95812892539,5014.37323278347,5218.73012370532,5182.54014979573,5418.82964806252,5417.19442667118,5908.2192193713,5673.1366829078,5678.59581681898,6204.44783849753,6273.55553621293,6450.47558625116,6670.07979529684,7233.40753339242,6869.77359386766,6909.4373045756,6870.60811276992,6913.10534017769,7253.97334244511,7643.05257843682,7426.9492741761,7401.87462682902,7956.47142901899,7629.46928677526,9796.38511421801,7867.39130434783,5507.17391182746,5507.17391182746
0,6025,5651.37445736232,5632.29846110374,5921.05542730755,4376.71680072669,3932.79123441041,3933.04252080557,4341.01428694013,5085.97281193758,4496.66727201622,4497.68129960296,4901.00803942629,4959.7898211142,4954.36843242397,5290.17804156127,5301.38186079752,5532.25038963125,5553.52230964437,5995.6522680737,5942.96284517889,5953.27984248242,6386.49859690316,6511.51927936349,6375.26053877269,6570.7531497364,7068.97165067041,6949.96054521179,6908.18396046694,6854.97553404064,6773.35732775977,7259.2994687277,7227.05743277136,7033.80998386752,7021.37045294618,7998.40959525018,7861.0508383917,9933.36291445282,7583.11505197057,5316.16013350978,5316.16013350978
0,6025,5694.85196091983,5698.03007790913,5979.27152197306,4480.75770658496,4045.20906780033,4044.80252229334,4413.82765611233,5217.06967097782,4610.85194050544,4609.30665469871,5019.62141277413,5121.3777980016,5065.12821957858,5376.46341187931,5340.79647085199,5503.06587531831,5506.38243475609,5944.90772998911,5775.47831720456,5778.50936791356,6292.53145339577,6308.8783751335,6367.6212583056,6590.51768743107,6959.70611577914,6836.10426622894,6848.00816508407,6894.75664660742,6893.47547032325,7362.32497058282,7999.52623161021,7388.37990019998,7405.64019936937,8268.15022859453,8469.07407063055,9879.26085179014,7867.39130434783,5507.17391304326,5507.17391304326
0,6025,5687.07726592423,5687.07748692353,5945.76081245537,4379.39805125828,3938.96953306548,3939.1346158224,4309.17574643974,5083.56854696332,4486.79569162182,4487.54247651463,4909.12654613572,4951.00695176691,5076.13545613782,5496.90573889058,5521.50767013959,5633.45239115573,5684.51120612861,6253.74378503653,5966.99038414482,5962.36466172887,6385.1475971605,6644.70223444558,6553.31467649822,6824.52223572415,7273.54346041361,6972.63523823243,6934.69746962956,6924.22234112186,6936.24463805405,7379.48759389913,7702.56352492091,7571.21567588587,7561.8706091491,8273.08832444956,8242.75029753428,10448.5429522917,7244.39359972112,5070.53193866615,5070.53193866615
0,6025,5677.53867030524,5687.07700001665,5917.66302154002,4387.97111892111,3957.99978598278,3957.97860115543,4260.39017581976,5098.1108288928,4529.32287924043,4529.21635301022,4911.88962411014,4907.82065291292,4882.97574276603,5210.21480140431,5232.58114970941,5277.30225489118,5251.04971417738,5738.84145295969,5693.97282618824,5694.51739028098,6239.75961510698,6244.8858609833,6366.92493829581,6634.47251275765,7020.24511585261,7025.47346844577,7053.8741495115,6968.10131052828,7088.26234715478,7641.66843100609,7948.83430298496,7703.73541989468,7709.5657264538,8613.28795476496,8414.49781926629,10359.2876725843,7867.39130434783,5507.17391304348,5507.17391304348
0,5954.76407914764,5682.82478704798,5654.21046107042,5955.11258852831,4315.31822339262,3858.61097063196,3858.86221369774,4286.16650233291,4895.16381426524,4327.99205177859,4329.00612524871,4709.42459313703,4742.77829864408,4677.92247134268,4974.72569754517,4961.36459788782,5101.40556311403,5105.94420156612,5505.72913921565,5521.77690707464,5532.80403967548,6044.04918588111,6208.48850425099,6184.35341044102,6383.82564194209,6811.00106857578,6605.01545075152,6596.41223996058,6526.19445408991,6452.99961477974,6952.40293575024,7325.58661784595,7042.26389700691,7051.47569640056,8032.47783013235,8193.16319554779,10063.4694350686,7867.39130434783,5507.17391304348,5507.17391304348
0,5950,5646.18469623066,5684.33802755029,5988.82730483182,4545.65910643066,4103.64375941677,4103.327269227,4479.61598190071,5273.20477247007,4652.98592000522,4651.40896526751,5048.15143955482,5135.59726846574,5163.52702971016,5428.31362268269,5440.827562057,5546.31013104707,5494.1130178116,5852.55098502004,5731.21263108118,5691.9602546171,6140.19965019457,6229.1312644083,6182.63855320792,6352.78129489028,6708.23068727939,6451.38732635191,6514.97026411176,6532.32612165356,6488.30665619835,6948.14310562587,7350.15455744424,7007.32996635937,7022.44545358675,8019.91792731317,7929.66906710768,9940.63904166809,7867.39130434783,5507.17391304348,5507.17391304348
0,5950,5578.30473762315,5552.87184428263,5838.97497776993,4315.02086879281,3878.64751861914,3879.46075459183,4289.65328623932,5027.24373346699,4423.50079164222,4426.59213903979,4824.35301465449,4857.96261517228,4863.20560312029,5142.24251665201,5127.69589360439,5404.08473045564,5391.273064414,5915.68042394147,5699.45449445858,5749.61493071597,6147.69148965459,6439.19427433637,6402.82569059519,6570.79319531477,6978.71057077088,6880.48185667548,6785.23063740945,6754.23148924828,6839.59095378453,7207.30776478591,7537.68040883567,7401.14716703338,7371.45675953329,8336.52727914414,8351.20611887182,9879.64429944351,7867.39130434783,5507.17391304348,5507.17391304348
0,5950,5624.61465610562,5640.5101040121,5935.11607975506,4444.67217525885,4002.61731814962,4002.10397236175,4416.82160538079,5260.9674593942,4619.18922692199,4617.27303651272,5050.91229907913,5025.20321217494,5080.54923147929,5385.06570362846,5384.11531660092,5598.28253906806,5652.0416004784,6117.99978369412,5970.69002967661,5935.37754648995,6446.70018788125,6492.65921953963,6504.98889969989,6641.20213375147,6897.50023754905,6784.94788345183,6810.1063248464,6684.9692204218,6637.23899158229,7035.68016942769,7351.76541574145,6823.90356231116,6820.12608719446,7897.97454208188,7834.11701529479,9213.32447576878,7119.08547623484,4988.81614552384,4988.81614552384
0,5950,5601.63254599435,5585.73643498412,5855.05628884535,4356.7028426271,3929.93060341699,3930.2461164996,4314.62027808256,5202.43839597628,4637.51225504572,4638.68275203293,5090.20577070434,5083.15856637866,5017.56089538875,5317.62600147421,5331.50177700765,5485.70655151044,5432.79932709581,5780.4976201703,5778.60788305612,5773.31592819739,6402.23348461808,6502.82420737815,6540.37590914603,6731.0575060165,6966.61515362963,6774.44267653014,6813.65730493737,6756.50959382621,6772.21673972773,7104.99679654633,7520.81957221113,7500.89610817927,7504.7695325946,8639.81946155936,8546.78104046809,9974.80036647889,7577.82707333807,5296.66857940418,5296.66857940418
0,5950,5630.97434044759,5640.51156496591,5904.50891535197,4356.01278155843,3916.57848719022,3916.35863866983,4289.25630453465,5082.61595214848,4500.08847685283,4499.39890961549,4933.04881214774,5050.33117349929,5019.04548695753,5298.05539425878,5279.1216394471,5523.22427011559,5561.83833518492,5923.94492526556,5814.08080975156,5814.34293705437,6211.2407468923,6550.80136459609,6576.93503941264,6756.77126766763,7144.42777374748,6816.05624358373,6819.26871780581,6765.78426124188,6734.15451556797,6991.30586263945,7240.87452119353,6826.68705588851,6823.82432337267,7702.30476336319,8090.20688590402,9535.89108521265,7401.01693016425,5182.97223234596,5182.97223234596
0,5950,5604.46735465632,5607.64746098714,5915.08722276234,4367.50660917446,3913.12764313696,3913.27229597571,4374.81372413835,5070.98873236029,4475.53880130352,4476.01684357853,4906.04903971834,4972.03102817734,5015.38045614346,5393.35400165981,5365.31176517207,5579.24834441641,5529.15073225085,5900.51946938969,5803.07773838604,5813.82685638058,6349.30580149856,6214.67517924216,6189.57528907397,6364.0893989407,6838.57079371843,6533.35842465056,6509.53247965677,6482.30522258367,6500.81961666677,6789.35490121174,7257.31297791194,6891.77231897663,6915.7429145048,7343.99224022225,7557.85879462433,9098.33390676621,6965.63592635448,4887.28832477963,4887.28832477963
0,5950,5596.6902660061,5596.69048707344,5881.88725362704,4460.97385038907,4036.30360493721,4036.21360193483,4367.06703058907,5265.48645955836,4677.03349378598,4676.49780274456,5062.35069511845,5190.5684848122,5154.80298895119,5598.98618120077,5595.9121979111,5860.22893445738,5872.74804471795,6324.41164063016,6061.39153535325,6062.93694107603,6436.12258749384,6753.43592115087,6732.12337033145,6895.5082038477,7355.86548349135,7211.0662167067,7150.56517857835,7054.2612507889,7008.9220961053,7384.3926119333,7548.823982575,7423.29377509337,7386.18500469361,8114.72565753243,7546.63553643294,9506.04034862024,6965.62311078946,4861.1467906187,4861.1467906187
0,5950,5625.30498912066,5596.69000001666,5906.85935487462,4320.72480021459,3873.55156291168,3873.73246924698,4248.38982486375,4970.44902473784,4349.11963360692,4350.02949433402,4667.94935496987,4755.25379648946,4787.71767145859,5247.99890696587,5286.23451695389,5562.10768394596,5582.40364700555,6008.68749707535,5926.98854155738,5955.17525268842,6563.18962792421,6425.4227306461,6468.03506325211,6708.42500679537,6973.47894781415,6978.05406009564,6990.41099568729,6953.40636134974,6955.91643454754,7369.82302261643,7597.74446491659,7325.29205721105,7332.78272363319,8324.63440661439,8503.25418697614,10197.4068084131,7867.39130434783,5507.17391304348,5507.17391304348
0,5950,5701.65049265997,5695.28961678873,6054.60205161997,4533.92461664686,4085.43737477694,4084.77951470799,4514.13507562921,5291.18082081424,4698.3571541851,4695.79740640826,5090.36495713277,5089.77562911882,5056.63044053101,5370.242540245,5342.57505411925,5525.49713907272,5534.9919403393,5908.92123338028,5761.21862915598,5710.38839207507,6260.93120486315,6509.49626992212,6441.61366460714,6633.77213166568,7078.59254455332,6846.12883616409,6854.26346321568,6844.84042923275,6870.56378129516,7376.48960895031,7603.56045167855,7212.60644631081,7227.26507414389,8082.53846196409,8102.66301596524,10274.3880232512,7423.29472820506,5192.78436804653,5192.78436804653
0,5950,5688.59047884895,5717.20502580313,6044.47278296256,4522.77623465818,4069.22016014759,4069.14446503895,4442.49340866387,5283.06025232216,4670.06432533119,4669.84978827192,5075.34240984134,5121.73176619079,5222.91158844928,5596.98906293099,5607.82356669854,5742.52006037509,5745.85255160165,6096.51519107159,6030.86185344872,6034.85739091991,6429.06295557122,6668.18497113743,6728.77608259459,6882.74324749924,7189.33433251409,7057.90031528469,7076.03392927346,6955.26488069532,6989.26607495064,7490.62584345106,7721.14525679566,7561.07244674977,7544.8955003819,8249.6148007152,8321.80414350713,10410.8679754644,7867.39130434783,5507.17391304348,5507.17391304348
0,5950,5631.32216672954,5618.60638317795,5911.24556121282,4412.85153567585,3981.77050392324,3982.29003850125,4337.63613592751,5110.71060217638,4541.80394122252,4543.6682573755,4896.22761878185,4831.64065480921,4780.84940155267,5157.72751693143,5161.98776200337,5359.39631634783,5336.46947292824,5811.49694964618,5635.87177394098,5641.7638058567,6017.6458083396,6197.95957433836,6148.70844075259,6333.99961389636,6762.69344648867,6588.37284823493,6552.97064978529,6511.22767205205,6499.03532300116,7008.92701842178,7154.52468680026,6934.08009984429,6961.33011016439,7898.24762247347,7728.44664042184,9709.73238125659,7867.39130434783,5507.17391304348,5507.17391304348
0,5743.97463216641,5691.03992527821,5662.42405205602,5997.88429804705,4396.39111561808,3947.88817496254,3947.73802993117,4356.3141601913,5033.43042171891,4449.23457218889,4448.81215269333,4865.36775015825,4858.65420520391,4864.52841648357,5218.26461776469,5236.09441546308,5476.15862083904,5494.71969583161,5801.66808567103,5928.08031458635,5935.85356813535,6389.75201199172,6487.96608390308,6507.14957692795,6664.20168057808,7035.81725167562,6799.83239599621,6923.92125364697,6851.7067942437,6836.00647463974,7261.51453606218,7632.47691471282,7097.65151004955,7068.28620839083,8288.01046167529,8086.19707220379,10161.6543406272,7685.09978485265,5373.08902704977,5373.08902704977
0,5730,5563.35411528458,5560.17855480941,5961.57764841167,4435.82237873263,3984.81708526358,3985.46319411892,4445.60823899966,5197.21519647894,4535.29019080257,4537.13444456783,4994.63771602691,4967.35778493959,4988.17457320522,5236.1762747346,5272.34882588049,5409.00147608755,5455.98131067238,5925.72117587107,5640.99626603144,5653.17491433851,5917.85468420108,6255.50196188979,6300.19447677189,6449.65538018231,6960.59922385634,6694.07147889977,6588.73362297559,6544.20156476899,6576.30373240156,6953.47201774698,7385.49751079738,7201.26923144293,7232.86811173805,8402.79114831664,8622.47002648157,10317.3865757486,7867.39130434783,5507.17391304348,5507.17391304348
0,5730,5555.2285180079,5571.12551326912,5971.07659654933,4501.4326874415,4052.52532194032,4052.40302444739,4495.47950115915,5385.35554399408,4775.418224084,4774.88615098216,5220.58236995447,5239.1394020991,5181.30915716771,5373.08343077289,5272.94634872602,5345.29367670749,5275.99258774165,5727.55592385192,5613.91603541443,5574.67387073617,6005.29275856578,5940.77387576389,5837.61797700603,5954.8053310782,6493.89712215184,6267.56952937534,6375.80297529857,6283.98765692832,6379.92581878087,6800.98141653347,7069.26526418136,6863.06722002381,6884.21627573974,7751.37653008268,7963.58322149338,9461.49038387522,7369.98509226894,5260.46868874056,5260.46868874056
0,5730,5484.55289753876,5516.34843510072,5886.98549338985,4440.67203762423,3989.10212402932,3989.40726513551,4402.7446416361,5251.29209058856,4665.56132636125,4666.68006052455,5030.5080598559,5165.44133233064,5153.22906316272,5680.6091662059,5692.93373987281,5877.52994174252,5897.09397435364,6454.90752051408,6270.43896729963,6260.61026793008,6942.89177232053,7028.96313520618,7006.72218428136,7180.23771917107,7502.12928877532,7375.61769883,7259.62337000172,7059.00175361864,6869.15697967208,7241.81010953976,7569.1447383049,7131.90234613145,7056.36605544893,7758.92188085344,7633.04096903715,9195.01526850296,6961.91610032124,4856.04926751801,4856.04926751801
0,5730,5400.42977336432,5406.79087031803,5689.94401928067,4346.48860677195,3938.44461098245,3938.97010507925,4277.71351576199,5140.5532830457,4545.50830212119,4547.31957927786,4875.6867295499,4891.96817306471,4958.99205136226,5448.85262058483,5474.4839943903,5644.08439560508,5646.63136744761,6038.98859561701,6168.46653723066,6187.31658808189,6799.83984410115,7176.67185133348,7225.44860608228,7417.94596016187,8039.92335183414,7631.67651655064,7695.80025276092,7609.67679175882,7650.92016548717,8071.62193822935,8274.30846052456,8078.3653431861,8055.46420635714,8906.42039994418,8671.79329885803,10491.0570304223,7851.63882779351,5478.44302344797,5478.44302344797
0,5730,5384.87453204859,5384.87497421353,5596.85184072979,4123.85289923584,3715.32256506285,3715.66429622672,4005.08747067618,4897.73507009649,4300.37015245743,4301.9218946296,4656.0249818756,4806.46993260238,4705.58174225189,5128.07507351102,5167.58116469601,5361.47112479144,5396.79966541574,5801.23128655007,5765.67363411673,5778.50817208878,6292.55641643525,6603.51707634245,6589.18643936118,6763.09007043676,7416.75664548401,7104.77400465906,7119.15743983009,7026.58503352137,7084.29358520453,7574.45978613245,7833.73362329902,7465.35389720012,7514.06231592735,8547.61147649399,8669.37497988306,10503.2572957144,7867.39130434783,5507.17391304348,5507.17391304348
0,5730,5407.13010266052,5384.87400003332,5649.0191613601,4111.33688093798,3686.33388125437,3686.36602904824,4082.68822006518,4850.37627023869,4318.04326458596,4318.20484218894,4706.14593234707,4784.29927500045,4869.17467464948,5176.40819876614,5169.71389382241,5359.46072242653,5298.05738009726,5748.80130205113,5620.66061546768,5661.71948040808,6076.77887011018,6446.67442712158,6417.52409016219,6556.89260241419,7181.91968582125,7077.53932161896,6997.48803326649,6955.11598209461,6888.17505516455,7463.14400664923,7715.53093757982,7495.52481418525,7515.53658659419,8579.99768452939,8495.02056522401,10815.4371325214,7867.39130434783,5507.17391304348,5507.17391304348
0,5730,5490.17912725991,5461.56259083568,5783.58307479631,4288.57696906056,3867.17500112902,3866.64552697688,4286.32200430014,5117.46112657571,4492.24317553246,4490.16289671817,4985.85621013809,4982.9989017871,4982.34733711544,5284.60014793411,5270.75475703372,5581.74801657622,5550.55228812187,5954.82301118161,5817.30856911854,5768.1622464455,6211.97071791936,6488.38809253238,6484.00288303036,6636.45699194576,7086.97608718955,7083.74737550113,7060.20116908414,7044.38750854378,7080.73473994677,7626.02957767496,7956.84744158714,7613.18441272885,7604.49067003005,8486.07776493766,8722.99681409432,10228.6302723445,7867.39130434783,5507.17391304348,5507.17391304348
0,5730,5541.09094671935,5560.16561667213,5880.13665352821,4345.66948049758,3907.2162356652,3906.74951177129,4276.76996228023,5205.70891187665,4600.73263363495,4599.13375373678,5067.37258563571,5136.06035642825,5135.63360672092,5492.72420995208,5452.29274375507,5767.07661435665,5802.01912832636,6173.91550094902,6120.72945678586,6098.22587640059,6626.06690913188,6724.03125228565,6847.45188156567,7045.08055460454,7442.95033717557,7254.57075937617,7310.04241785225,7259.53310974881,7182.0563205827,7740.82483526846,8098.012115503,7651.12250179205,7621.482260572,8681.37257915747,8284.1155006219,10217.4578846226,7867.39130434783,5507.17391304348,5507.17391304348
0,5730,5462.64116344479,5494.43692199092,5769.68472512954,4300.2964392071,3871.59825583644,3871.91948419616,4242.05369542951,5096.90710673296,4529.09817057597,4530.21475430009,4932.14312144396,5010.94662800844,4938.20358673406,5391.24866317607,5449.38363762816,5679.23881256091,5698.34983705295,6270.9515290404,6021.28373455915,6055.51613842364,6673.89063607607,6654.71821202695,6649.85777340417,6900.47576357015,7355.11991560407,7129.36607150123,7132.7425547795,7096.76053076495,7167.87754409553,7744.50035639032,8065.19468324207,7916.24757387506,7923.26164172367,9104.78031699566,9265.10332091573,10217.3916987731,7867.39130434783,5507.17391304348,5507.17391304348
0,5730,5394.41498954651,5384.87887033468,5687.6879332944,4190.46048701859,3753.88407849122,3754.48409839194,4191.45468386977,4980.96094158548,4389.55345578056,4391.73912874839,4810.54796778174,4891.45769792656,4997.54174322635,5293.35630408176,5279.89926427777,5504.22376873236,5500.2629319216,6136.07268703831,6008.10104521263,5982.35354458873,6587.06267252317,6691.37794693515,6655.86723764248,6924.96393135378,7288.40221072131,7170.30785262606,7175.63348845958,7069.22740878506,7084.45460340479,7592.19411024,7880.41244382745,7613.2715604518,7611.62412086761,8456.5758444314,8536.35769346866,10217.3913066844,7867.39130434783,5507.17391304348,5507.17391304348
0,5730,5414.56175891993,5417.74053909616,5705.59378816315,4331.63844895159,3919.85078701032,3919.52543452662,4245.08406979815,5205.92121941732,4616.24361563624,4614.85721458216,4977.61301914246,4990.56247210861,4980.58646209712,5311.20261885797,5295.57971509143,5479.07815653583,5494.98310780808,5837.68105811978,6046.45418042858,6073.62203815738,6718.10078982428,6780.79666100441,6782.98313694023,6999.29303996479,7372.4274352952,7232.52986004523,7242.08085324123,7093.30885913629,7138.83706140029,7541.51752482974,7819.49790318003,7481.87938651865,7463.58479770656,8069.4313083796,8338.51583049079,10217.3913043617,7867.39130434783,5507.17391304348,5507.17391304348
0,5987.53170979199,5429.04236859385,5406.78648697351,5700.24938245266,4175.33620499445,3746.49885626003,3746.73851490494,4121.43159270418,4899.6928233984,4324.48024473474,4325.60221878821,4671.81301122333,4760.23412632341,4656.53362169227,5058.52733500449,5081.00807977204,5270.75906123188,5282.04055692428,5749.57786799075,5532.03423613063,5563.57144435524,6217.61455743818,6470.55961339179,6423.56277778283,6591.44709748992,7012.75248429048,6822.22579273432,6752.4599160746,6590.53649170308,6614.50382138414,7036.58549040397,7372.41119593196,7046.82444576369,7096.30070870815,7710.26301063024,7782.18718884059,9980.84190109997,7867.39130434783,5507.17391304348,5507.17391304348
0,6005,5763.15729489949,5734.53341824321,6187.46103565735,4556.04522514818,4067.1905619524,4065.11879722273,4642.71003881769,5316.48287360205,4657.04733418687,4649.90299115212,5084.4671292732,5072.04178077755,5160.10546094297,5429.54502753961,5406.69284655624,5523.76648290544,5510.6655069873,5856.87721916896,5803.53588896658,5753.11962553848,6273.63860081031,6553.07080851333,6596.02121368734,6762.4734560915,7195.39168872325,6919.77834297793,6970.06136869132,6818.70252656652,6748.00051147656,7354.8749696434,7664.36440589325,7274.89349820226,7270.46583477481,8309.06357031152,7805.75126792093,9439.28259944611,7867.39130434783,5507.17391304348,5507.17391304348
0,6005,5836.33404905958,5833.15261611898,6365.7822545216,4898.69771361301,4414.9642380016,4414.15578876191,4957.11554641946,5912.61546862037,5217.02836467685,5213.71119966982,5682.02600821283,5656.98550167007,5610.77716658058,5874.14923154378,5842.36413134163,5914.58297213906,5869.727158323,6361.01831861151,6037.25109938136,5999.66005496009,6478.83189549722,6670.24306289627,6551.89752406566,6810.24483743745,7107.07080145175,6999.83695331843,7008.17247852703,6982.06196662929,6914.15640715672,7554.20896542912,8139.60805837623,7822.81862980501,7819.89150409792,8632.06628925648,9179.02928763763,10671.2659549044,7867.39130434783,5507.17391304348,5507.17391304348
0,6005,5831.39496100083,5844.11251282658,6242.48026229265,4818.74026365804,4378.49148253535,4378.48525721133,4792.17997062079,5806.30782134291,5140.34628391032,5140.39815330116,5601.57453041571,5561.15468753493,5514.97146547565,5873.7869468044,5871.46059503394,6037.01477758745,6031.50205154315,6442.27447490529,6434.13065054314,6449.35542032611,6944.27866603459,7167.8656057175,7279.44508324208,7551.96826448788,8164.95460377901,7681.92106758155,7703.64643692518,7680.01106464304,7642.07851077391,8098.71996667582,8491.88088750043,8291.30293731394,8226.66572965566,9020.9177071108,8479.61038891141,10067.698579348,7867.39130434783,5507.17391304348,5507.17391304348
0,6005,5774.85451802918,5800.29094807723,6140.38984201885,4493.78494058644,4019.29956548898,4019.8864803411,4474.85368013178,5313.97713421458,4729.43562272306,4732.05375214951,5228.48043151824,5269.93087121552,5367.69498700678,5790.79511190077,5814.87816670928,6053.82775535806,6069.37982515881,6558.04920421806,6385.76518735373,6384.95262350365,6743.65369181849,6946.38073665087,6957.05314955482,7220.09879335359,7585.30583565278,7475.06505002707,7491.083279931,7422.39556608315,7472.62808427303,8041.88211944159,8032.65673895625,7816.00840954444,7842.91639390879,9013.34927557302,9127.18045472338,10765.1416004606,7867.39130434783,5507.17391304348,5507.17391304348
0,6005,5693.56646845914,5712.64489625442,6031.18677026224,4568.24992927884,4124.09848862022,4124.35729352506,4557.7241692532,5390.99836027337,4796.36144787317,4796.99816287173,5257.71111388494,5217.94132003799,5174.69005047695,5510.88450761513,5534.76771022402,5728.32124888361,5751.44474452855,6272.09975209974,6116.4920853072,6163.94604659255,6705.77353718445,6544.86465379178,6584.69928705744,6838.85248876976,7321.33651816422,7047.20173431654,7025.88221334846,6972.48070318654,7002.525752126,7570.31391157712,7942.51527410172,7550.35367092654,7563.1055078706,8361.00957460059,8719.16018005191,10293.7131431186,7867.39130434783,5507.17391304348,5507.17391304348
0,6005,5659.6243688841,5646.90792227411,5926.25249991527,4399.43886398419,3963.37731331076,3963.83744655465,4320.54340730076,5183.11625678451,4560.41974626955,4562.23456726718,4987.53407212144,5112.34799286132,5087.71282332268,5387.71539730848,5374.70594815551,5568.26362749027,5559.68170942211,6062.77505170178,5929.09996008224,5929.9362851925,6629.67683245392,6476.46335944155,6578.22431926973,6733.68893473592,7276.72798551749,7077.9491953388,7012.75311512608,6959.21477881703,6959.85970451768,7352.89260752015,7609.06558636523,7481.63559612832,7493.07271130548,7932.11609060303,8040.36696735587,9543.45902869848,7867.39130434783,5507.17391304348,5507.17391304348
0,6005,5706.62515231245,5690.72705200605,6009.48030869507,4427.83350608572,3977.43702184426,3977.23360262762,4433.41255839045,5165.16960528565,4557.97448049867,4557.28433770923,4994.12679169391,4971.55692835733,5004.79983107811,5390.81513391613,5361.72430377601,5593.2843372285,5584.1612643115,6000.7090114478,5942.37722332026,5935.58878048569,6443.66529052209,6483.29205203011,6462.93807690645,6626.34004688621,6933.93324910335,6903.47204607353,6933.31363915492,6983.77099728067,6887.27921570896,7281.44701650623,7582.21379317446,7019.05115654678,7021.4283783652,7585.57293875649,7438.26678363676,8896.55873259779,6782.62123658666,4755.05055915758,4755.05055915758
0,6005,5742.32822683496,5745.506564816,6056.748538694,4529.4073878352,4089.0043271841,4088.64574207876,4558.4875201523,5436.32813157969,4774.57680212296,4773.18913379281,5364.86636902537,5288.57312494116,5316.05890855769,5770.40641835276,5759.00170649072,5988.87855597942,5956.82296623028,6432.59558913603,6207.34652715502,6168.98456298048,6503.80177244871,6397.50912181733,6390.06162717491,6630.68718492127,6962.11002040026,6637.92801465925,6674.43675187431,6872.02794424351,6798.73594379995,7156.69888858785,7510.50858766886,7423.67293488549,7434.23386223868,8195.66615516604,8112.83422627819,9694.94954891096,7383.50759246329,5176.63397755106,5176.63397755106
0,6005,5728.19437946408,5734.55348694018,6033.26100603853,4435.02400742516,3982.72572206752,3982.89083903276,4391.35673219305,5358.16005615905,4759.74584834996,4760.49250552291,5309.40188336922,5349.35764618207,5349.13702567794,5792.51513413908,5846.99168267304,6041.3998938565,6142.57501504965,6559.24368421897,6502.74625169053,6522.94168574737,7125.45100992592,6787.52611788724,6634.35265564269,6878.43812937363,7442.28756265739,7053.65636895032,7082.87362779995,7180.12968109564,7287.40302472791,7694.70776040492,7881.32069595944,7439.0769785237,7406.21051484427,8210.5336309703,8192.23780917889,10150.6379152508,7527.04782503299,5261.59801570342,5261.59801570342
0,6005,5741.25652107827,5712.6419740636,6048.03281890951,4472.81467346431,4028.06658670085,4028.11001013651,4429.10507332432,5320.34900632017,4680.59132003434,4680.6439528103,5116.51004008666,5020.08814529999,5066.65016269609,5341.72561044727,5341.54758771609,5407.27817374033,5353.44757643266,5830.71402998621,5663.84186012902,5663.03375948428,6192.77426253324,6515.37917016548,6601.93697942944,6818.20148843268,7408.08722639221,7169.55458048323,7173.60299499857,7154.34068751898,7266.21029661659,7859.26602930024,8228.56659111764,7926.60248409504,7959.00384435935,8785.91975234031,8694.11925022893,10900.2076839695,7867.39130434783,5507.17391304348,5507.17391304348
0,6005,5773.08928739351,5811.24061682205,6125.13907319584,4562.30328407519,4105.96246145087,4105.4535520337,4487.26575159581,5415.69222330837,4801.33307908055,4799.52226988133,5230.97801729202,5121.58992903512,5107.35782157003,5404.44657085821,5362.3539827237,5530.21597564986,5531.72667511164,5810.73148812516,5899.79142199396,5920.02066370411,6312.94461837186,6342.34444384519,6388.72788342821,6539.09276534889,7115.79205188658,6920.00299674148,6839.60815348096,6783.79134940044,6746.36746486917,7248.18830469061,7628.21308212329,7432.39449492342,7424.83519939582,8447.78763103381,8382.29142096038,10342.3964531107,7867.39130434783,5507.17391304348,5507.17391304348
0,6080.85479452055,5698.85285107152,5679.77884413177,6001.88197745425,4427.03570456896,3976.91650658829,3977.62313316323,4415.68872856433,5230.85489138347,4648.48023894166,4651.0356971126,5095.60637544364,4979.58519791385,4973.97526902634,5446.41673823099,5444.48681280488,5613.95336916737,5626.09637809476,6048.74831790855,5756.405768168,5757.20595323481,6219.48776041592,6076.10148150987,6076.68638364652,6259.63340166424,6647.4411606081,6556.38788327831,6636.96299899168,6603.68341267172,6602.28026352251,7126.70706040185,7404.39262023403,7086.95097701588,7120.49880017518,7984.19159281213,8311.16969569859,10218.1318418385,7867.39130434783,5507.17391304348,5507.17391304348
0,6086,5800.38114329432,5819.45431449053,6130.00777968205,4596.42587551112,4145.4226360207,4144.54518491165,4598.98197129774,5470.87144403231,4773.68487052098,4770.56445789613,5287.15648857549,5138.53362913892,5135.69903427464,5571.73492984759,5579.97163560403,5745.79498786141,5692.90892293188,6218.34093139172,5949.8652162643,5951.1299329756,6473.0671908463,6523.62001672781,6336.45486227669,6583.37642436551,6828.32066422377,6702.45664767145,6695.80863967272,6624.12197092442,6639.63586647203,7197.76422710128,7513.01942272459,7243.66900455728,7222.65704337458,7924.64611343406,7803.7188733035,9605.35341071657,7867.39130434783,5507.17391304348,5507.17391304348
0,6086,5801.41924424856,5753.72892187798,6089.87726252877,4464.50220091276,4014.35910068205,4014.78648996954,4466.07769767498,5424.2726728159,4833.92305048221,4835.57256703489,5393.59004618264,5347.78880385908,5303.34963873643,5732.69043691628,5714.44754822208,6009.70216236354,5988.11777660244,6571.01801334115,6300.36412325398,6292.6884366641,6713.7489550607,6988.41539599138,7083.47960908784,7321.65658712966,7758.44208672657,7355.74721407002,7322.35883365926,7196.00121675947,7140.56311495313,7608.11231119102,7926.98259520822,7617.29992025153,7570.14880987005,8379.5765233736,8230.09261847072,10294.1870280134,7867.39130434783,5507.17391304348,5507.17391304348
0,6086,5889.44702126091,5918.05869474782,6241.90558445097,4659.35211538983,4204.57212287715,4203.65675257345,4583.52447721435,5528.70290700145,4877.53884077029,4874.18367537769,5369.36256451112,5413.79126981275,5349.58333027666,5821.4281698663,5806.23059061861,6074.2253367481,6119.16629335765,6715.60114935572,6488.22555440961,6465.64557704204,6783.47638062592,6833.55232161621,6920.22681399199,7208.4180444679,7557.84692229578,7413.70565142904,7327.63604304217,7226.98184214173,7214.49467380069,7731.23157985625,7861.08445218314,7546.7473439438,7543.34918109351,8393.05098000681,8471.32304578561,10640.4990734172,7867.39130434783,5507.17391304348,5507.17391304348
0,6086,5813.10550720357,5819.46638296141,6072.08136721293,4461.74881173691,4022.01508869154,4022.64049356178,4403.93103624841,5298.98600254252,4693.46110501452,4695.85737653126,5210.89545941277,5191.2120740686,5270.3504299795,5771.86199673238,5827.4574669046,6031.37003599306,6032.56279889884,6453.00435911325,6489.76654524801,6514.64964281016,6927.30947244832,6794.54764590708,6672.76654576371,6918.78184254293,7511.14660990422,7221.66649923164,7215.94743282337,7113.55259297418,7115.31902160057,7665.86928110692,7964.03533140443,7646.36254097624,7657.66536046201,8443.24545722978,8474.87045531596,10229.0868435826,7867.39130434783,5507.17391304348,5507.17391304348
0,6086,5781.65331586639,5797.55097419686,6014.84504499501,4391.13811334981,3952.06062675905,3952.23210184693,4266.76183064246,5246.09637636375,4630.45346559773,4631.1492945829,5122.36531676141,5110.02782739949,5162.18265482933,5558.24848192836,5504.82935559086,5717.57698116801,5740.28985162369,6248.80809186191,6002.77205054222,5973.86341331614,6455.46310789089,6439.58348680793,6606.11274399678,6808.75532070138,7370.53665758323,7151.54614157983,7262.12548173714,7189.25209062997,7233.5179637964,7818.03346029398,8065.54674875733,7816.07123663191,7843.06094195943,8552.5421901944,8594.62722055649,10217.4605893762,7867.39130434783,5507.17391304348,5507.17391304348
0,6086,5780.92464872765,5742.77243515069,6010.26164403176,4340.83856250538,3897.98845351042,3898.28314207339,4282.94657155701,5126.70528451507,4540.28867726788,4541.35496910001,4992.33647291405,4857.13924688067,4838.52160450572,5429.27838727272,5449.46168574399,5672.32372984909,5635.76921132378,6200.215014475,6114.76489804859,6134.52746833804,6616.7190555865,6599.92275799675,6453.54753143517,6636.28547414135,6955.55716289815,7029.5082841513,6947.44591754013,7003.19281001492,6865.57809595513,7447.15399482825,7672.51309150095,7370.34928925484,7357.7223816857,8152.68296668973,8081.25498534787,10217.3917147962,7867.39130434783,5507.17391304348,5507.17391304348
0,6086,5890.13602447289,5874.2361558016,6222.30237724487,4554.9572507019,4094.2477444397,4093.4664571478,4574.50497660902,5480.6760832605,4752.30697561283,4749.37615156294,5323.34520917857,5277.5224721675,5148.5509973353,5639.22359406501,5618.65932601428,5865.3316649246,5875.9623057272,6376.17364837728,6322.0954910158,6302.67359883945,6773.66428366401,6724.00100688504,6870.74931215526,7060.24984587421,7588.78988562126,7034.80487488354,7142.41854516043,7286.1941397914,7298.88949101148,8003.9080156806,8223.70865301894,7786.40681939748,7766.67007944057,8574.86555639707,8546.72157363439,10217.3913067793,7867.39130434783,5507.17391304348,5507.17391304348
0,6086,5948.09732940451,5929.01956468274,6324.40669970619,4653.83138233821,4187.11434286526,4186.77665726263,4674.63142473298,5808.06218473084,5133.46546371579,5132.18245313879,5773.80551768227,5829.08632226122,5857.28306949102,6364.7941277178,6341.65479972367,6543.6267550183,6472.45247758852,7094.23004362233,6786.09746394099,6738.58697375368,7246.52606598572,7103.33688513793,6856.62507752505,7056.34846185227,7512.95646414971,7360.47818280285,7217.62494092749,7305.93063021558,7254.46836112308,8086.06298113314,8437.87528568043,8066.65823001458,8073.60942724252,8886.11865192808,8158.68788324242,10217.3913043622,7867.39130434783,5507.17391304348,5507.17391304348
0,6086,5934.34698262392,5994.75507777586,6345.26533889935,4735.29306736418,4261.68503933267,4261.32067545084,4717.28100978593,5821.5684043594,5183.12331272411,5181.79011143183,5771.48659233111,5727.69086756587,5804.5598864826,6259.54223261689,6364.99804433931,6652.47242590857,6679.16146478446,7243.33757876733,7102.08100057013,6681.07279827065,7161.34484565563,7324,7323.99999999998,7543.95144157747,7968.03180914294,7909.14117646232,7869.79998492849,7999.55551900564,7957.41358292456,8583.42857626841,9139.84758804693,8902.33229830288,7524.91513508724,8439.36958872927,8423.03897583814,10217.3913043479,7867.39130434783,5507.17391304348,5507.17391304348
0,6086,5802.49626971584,5786.60325334606,6106.66170921318,4508.91758041793,4057.00667805973,4058.12581291256,4449.17036308591,5562.64646733292,4905.03948730184,4909.08729280108,5399.77795625991,5388.91517881323,5378.61403035289,5605.03990813604,5541.02302694808,5790.84584416946,5829.42518638737,6532.47871477751,6293.14778422985,6907.15538057679,7299.46587260824,7324,7324,7608.12139605463,7811.22862823062,7696.78823529412,7755.80000009663,7821.25086457603,7941.27412317074,8439.1867791611,8657.93794774915,8316.87215200526,8076.74762836282,8451.2848594222,8524.70373262212,10217.3913043478,7867.39130434783,5507.17391304348,5507.17391304348
0,6086,5809.57823793263,5841.37156519912,6167.34472229002,4587.25030826675,4119.62946375941,4119.32501789657,4512.04875056595,5549.25854292206,4927.44454234376,4926.32972936815,5299.03491258137,5291.63770772316,5262.36932687578,5708.86299005284,5713.7997311706,5895.64084378647,5876.95123077781,6277.71950330661,6422.41610644185,6414.63589943855,6823.0414265881,7324,7324,7559.86646433991,7901.60636182902,7688.96470588235,7698.79999986805,7603.59028698504,7634.89331056239,8106.04982626612,8342.68160532158,8160.90287202979,8312.69804118707,8843.53478554341,8881.63116978854,10217.3913043478,7867.39130434783,5507.17391304348,5507.17391304348
0,5991.41562658549,5763.61109208877,5731.81887015147,6056.50696516936,4520.92275578822,4079.03445043603,4079.54888072648,4480.8303352806,5450.27626483325,4857.03319411681,4858.78865266791,5257.62769563878,5197.89583578075,5222.59358368239,5653.5553940888,5664.68720891883,5834.01918918838,5898.14718576192,6414.29560755661,6140.08650431714,6160.70774326604,6594.97325478025,6657.6054519896,6672.36952309408,6922.83987652618,7277.07699449784,7013.82900843474,6927.10218449186,6860.93902788697,6877.35930289769,7275.75461676711,7611.82790234716,7348.93893636797,8588.74529240483,8705.56013439176,8662.00445042659,10217.3913043478,7867.39130434783,5507.17391304348,5507.17391304348
0,5985,5745.98214095672,5749.16206969009,6092.5288250324,4508.57154589156,4051.42333701463,4051.49401186762,4528.08117123108,5364.29481760327,4742.18365568652,4742.38214507696,5251.7021873732,5169.54370513502,5170.55268605863,5595.82723015821,5574.45637982124,5650.82305686766,5622.80201469637,6066.07565765157,5990.90048541219,6002.57212319705,6389.6136676768,6518.05038797787,6570.75279447,6826.59303827671,7318.19301969863,7086.43801001011,7181.30377393659,7097.14282224808,7124.43534015926,7649.71844454761,7848.1956246933,7498.6231903074,7505.96905397223,8185.46501282859,8605.04283588448,10217.3913043478,7867.39130434783,5507.17391304348,5507.17391304348
0,5985,5773.17914157959,5738.20548706006,6152.35117833087,4552.54376105641,4088.46137135493,4088.4671189187,4585.4395592039,5504.01846385753,4842.87502261801,4842.82062566515,5386.83221693987,5365.27430275074,5369.67105296717,5820.85229415653,5851.41387783953,5992.36753266116,5959.92202679574,6409.0779737409,6202.84546402014,6155.35926084919,6531.92543003904,6503.14378038744,6465.21344100825,6683.0504242032,7103.76297806103,7028.06200081637,6920.82614683691,6874.30123429715,6796.16237916113,7478.70210123136,7675.27372320944,7475.61836101184,7487.05717763315,8395.14055434396,8581.55737306782,10217.3913043478,7867.39130434783,5507.17391304348,5507.17391304348
0,5985,5823.74419866142,5858.71564275844,6240.51626503795,4731.0182338688,4274.15975161885,4273.43718474471,4676.57325980067,5670.06120866441,5048.2661929422,5045.54760661014,5512.54032735899,5440.84990616402,5455.99915023369,5793.53673713824,5756.0553154541,5920.03436368058,5933.86242232661,6383.22681598459,6248.21169466069,6272.09731846092,6733.65488629037,6594.18372648069,6706.37973003651,6907.18070866944,7363.69769203432,7184.64178970095,7274.12005537981,7361.6159329323,7296.73305561837,7847.21751277247,8249.24090194498,7924.26763942213,7893.86424952719,8768.00615703561,8220.12384503425,10217.3913043478,7867.39130434783,5507.17391304348,5507.17391304348
0,5985,5700.05460685139,5738.21035707498,6019.46080988343,4480.72713626532,4031.56108776077,4032.34703757765,4426.76611323909,5272.7958570985,4678.28518502959,4681.32267277158,5124.54769057843,5071.97063197902,5053.98102904723,5548.13270897602,5580.39254982641,5773.00727939196,5776.82791429803,6059.86116609593,6098.9649530261,6132.65546157502,6486.33049484713,6537.19574512782,6465.90111844858,6689.16771287279,7128.6582536583,6906.02479318341,6910.24777980518,6976.94663371308,7092.8676749067,7590.06490483577,7844.22643894181,7458.84680401561,7472.88750943082,8015.75797068137,7926.96234312733,10217.3913043478,7867.39130434783,5507.17391304348,5507.17391304348
0,5985,5628.99229448808,5606.73884446492,5855.40380610682,4334.24926737332,3911.06684542445,3911.76371155624,4248.55136840766,5140.26866050235,4553.26621857637,4555.7726330832,4983.24874491343,4965.47098786301,5007.05680460565,5478.43377531327,5439.09364734169,5619.34167466565,5662.39409565559,6093.8692381504,5735.52147326273,5751.12377794776,6055.43699931401,6116.38109917578,6070.81957958878,6261.95928186345,6694.1527024809,6588.18054293279,6614.21044288073,6585.5684557834,6604.2351841715,7129.51228019423,7355.04162202625,7310.63184558879,7355.8450969457,8133.10238235333,8166.70619048834,10217.3913043478,7867.39130434783,5507.17391304348,5507.17391304348
0,5985,5696.14091119599,5683.42159103558,5946.12487091389,4345.26652849277,3909.4064209295,3909.07965332422,4277.60906723581,5074.32378217647,4469.84231531253,4468.78138331528,4905.33827012766,4773.58313972552,4800.33069053068,5392.48197147798,5422.25304522326,5541.43713781548,5525.25240692932,5929.33658794497,5791.42534793699,5785.65036356118,6166.97970756589,6225.34020664318,6245.23651553481,6379.79976699061,6785.57293053676,6658.45756360865,6621.81538757143,6604.2156116469,6583.41261930836,7094.30644727877,7183.00164982109,6887.35922446186,6875.56173986333,7717.5657637608,8072.71118553921,10217.3913043478,7867.39130434783,5507.17391304348,5507.17391304348
0,5985,5743.14515219419,5727.24705178951,6026.63471684479,4405.53111653643,3962.40192085404,3962.15538220705,4384.73228015808,5196.84319871556,4593.39329328846,4592.48596141598,5119.85783500535,5045.72183842115,4945.63704880739,5465.24165068624,5419.02439860995,5571.82668494169,5561.43888208673,5985.99127057486,5781.31976236309,5776.06555175623,6192.620619203,6239.35316687883,6246.34846338925,6390.73638389976,6686.49599030808,6517.32327164336,6568.37447384069,6588.31615402917,6587.65941551441,7045.80351852278,7511.79962249799,6970.19667377422,6970.24176238377,7682.22851715957,7719.07397171076,10217.3913043478,7867.39130434783,5507.17391304348,5507.17391304348
0,5985,5747.05379448877,5782.026564816,6110.04810858672,4503.79974870003,4035.69157384775,4035.37554054556,4511.91003979949,5294.05516026473,4694.25599611262,4693.08248750198,5240.35608821468,5289.8445409526,5289.64025685728,5893.70931939193,5927.43082218098,6077.51664358874,6051.37905651707,6390.34606987485,6260.15537045387,6234.99718100775,6559.02506489371,6602.46036986291,6641.46631964454,6825.32868491901,7158.40183985732,6961.46218628333,6826.06507267755,6760.4750002782,6736.4501355258,7305.15271736026,7401.35292005723,7275.97030975813,7254.93825768643,8081.02830357082,8613.83888978066,10217.3913043478,7867.39130434783,5507.17391304348,5507.17391304348
0,5985,5683.77202836372,5661.51835717493,5964.1102079398,4477.55925202928,4051.35795030573,4051.85677817097,4468.5828223834,5333.77105396332,4716.19369080833,4717.78758801314,5252.401245729,5225.95654192122,5266.07743970897,5747.36804211301,5752.29673720534,5951.77596722148,5956.32964443077,6411.2841199944,6129.7662836974,6110.60936261484,6606.80706006661,6449.96019265956,6346.45223512052,6557.78279640961,6939.17103247566,6804.24743740447,6906.11250178654,6739.29637255687,6873.38392609346,7388.3102495333,7751.90383352037,7515.1911862984,7523.84200281258,8188.33216394035,7627.50169367101,10217.3913043478,7867.39130434783,5507.17391304348,5507.17391304348
0,5985,5735.0236950138,5738.20159101891,6017.53927948184,4406.9178555568,3963.65046798319,3963.4193761537,4275.8273977116,5176.64209867274,4575.69314791497,4575.11301484334,5020.37766840309,5019.61159737968,5092.41082116977,5525.79808389024,5578.29339754487,5749.71911679161,5799.69578421141,6186.42412325163,6176.91685245262,6201.90573810014,6659.96557784734,6831.75641856776,6924.24320831345,7171.22555835151,7531.88710908868,7274.66452562965,7262.02096372579,7039.76114078159,6932.63541816639,7322.76352860658,7530.49266863791,7145.42154266298,7105.85245966301,7606.76338992919,8238.9051008338,10217.3913043478,7867.39130434783,5507.17391304348,5507.17391304348
0,5985,5717.71093621128,5727.24948690688,6015.9328124198,4420.5703423058,3972.21455672989,3972.2520058333,4335.84974658137,5053.90061822954,4497.93869182863,4498.04425017641,4857.89329713477,4728.00606934748,4668.64876723177,4951.54976547474,4955.81360396689,5085.40848223004,5073.81701180705,5340.90273956344,5351.53449598215,5408.30407565225,5747.2156362874,5935.93519036967,5917.98911360669,6135.54740858256,6627.22766362268,6497.02196878657,6566.48169002426,6580.77864381761,6652.00897691551,7231.38079576813,7430.79697877309,7175.5044733496,7237.3897625444,7988.16389979679,8032.80896733153,10217.3913043478,7867.39130434783,5507.17391304348,5507.17391304348
0,6368.01988838154,5678.48458177243,5694.38246108708,5908.19050254078,4404.12348174606,3987.70595232897,3987.82950356115,4236.69271792153,5074.74564839672,4501.45305319071,4501.82489389086,4885.33635385345,4876.47599187141,4883.02277633183,5176.8088461497,5141.72766982068,5292.27382802239,5285.35076450783,5513.09201207389,5350.05867906628,5315.81115673148,5772.15850481659,5714.06567258831,5703.29380672622,5915.6688640905,6255.37502996531,6009.08761970942,6022.94166173824,6039.1518753431,6013.29156471215,6620.96424428735,7116.87375102776,6742.33202498426,6778.32405442645,7425.76610702762,7628.07198618349,10217.3913043478,7867.39130434783,5507.17391304348,5507.17391304348
0,6394,6032.08285318674,6012.99638208686,6249.84920328356,4460.05266195173,3988.41126020138,3986.5825079203,4311.84378401783,4893.51459173208,4329.35313100643,4323.7443479451,4655.67581359932,4606.05206023121,4597.62937094191,5002.11890983033,5019.75399230948,5190.63397976315,5219.06482952557,5391.0491218143,5370.96901223682,5408.89242556539,5959.27579166805,6050.7963637046,6087.43441468,6288.98578424458,6753.79521807754,6586.33999694839,6577.57811719699,6565.99924085033,6559.04007575589,7020.96467691808,7456.74112566768,7331.90455164103,7299.35564029132,7994.30161286637,7685.8337422339,9268.84758339213,7867.39130434783,5507.17391304348,5507.17391304348
0,6394,6053.31685784641,6078.75107711977,6317.91993967862,4701.31220102993,4246.19849082195,4245.63077399588,4563.46472257375,5247.3803634472,4622.04252799449,4619.68684671706,4994.69314804729,4945.41371149134,4875.71463233692,5194.41751122745,5165.35029568653,5266.24408060136,5228.01341325775,5514.48861520399,5214.78703519842,5173.5080388195,5514.30875827142,5760.24285098051,5753.20038227845,5872.20955067452,6274.57518949484,6075.89638362501,6096.95502615305,6081.27987874874,6142.89493003865,6566.93397670697,6960.449169938,6604.83828384777,6642.25326579046,7445.35676743509,7684.4329851171,9515.18273808211,7867.39130434783,5507.17391304348,5507.17391304348
0,6394,6007.00534394895,5991.10989608782,6180.45553335734,4489.14834074697,4045.40696421236,4046.00564504033,4328.55341939462,5073.20528010149,4478.71922278984,4481.06400327469,4895.07558210766,4924.89761170046,4962.6455884027,5343.08749155601,5395.89457539735,5549.73884384355,5584.73099937494,5923.81311455656,5791.04923845839,5799.40163718747,6203.6730756377,6101.69945461692,6100.60733744607,6232.77900875581,6663.85225013823,6272.83460025326,6285.05394092459,6191.06620176765,6116.99149532861,6635.31346663909,6861.76366499178,6616.10715213142,6575.99840057005,7158.13594364407,7182.78884262751,8698.39504410871,7053.78530922599,4941.91892594694,4941.91892594694
0,6394,6045.88467017874,6045.88356501589,6274.63629180021,4527.22110391041,4060.56809143504,4060.31649533064,4361.01239765943,5055.70842510566,4476.20400467198,4475.35467179011,4838.05128485368,4883.05762686015,4862.09716229303,5086.5090891376,5075.40457936683,5163.36050680044,5175.77728684524,5480.14209992998,5391.01895244218,5403.91688935796,5725.37894939691,5906.84903322587,5918.30513716132,6139.88706628884,6502.03996025572,6391.70727178125,6367.54705693485,6321.17310827848,6402.5095279216,6880.30559032263,7266.83372601683,7153.55478130206,7167.29828882693,7967.94106774836,7667.4017039707,9275.80013185808,6889.197948034,4812.1609232452,4812.1609232452
0,6394,6055.42432965837,6045.88599991672,6287.17901057806,4617.83774429695,4166.12181429528,4166.00454820399,4432.17437520355,5165.17102416902,4565.64857503247,4565.05916616737,4887.75049826792,4884.89872278177,4909.34765275378,5125.29216274949,5150.7871806631,5238.70702202007,5192.06445999657,5510.04046456974,5348.52825148027,5337.88644388856,5714.2294039172,5593.9569656164,5654.50230381835,5826.50000037584,6221.89246714999,6126.38884589698,6066.97793175708,5993.88249517391,5978.92247546189,6313.34405723476,6654.5349458223,6262.95215183585,6283.52275327459,7275.11711661661,7433.42706969711,8991.8839001127,7105.32451987605,4984.81158064986,4984.81158064986
0,6394,6053.31765618663,6078.75253892958,6290.04395985977,4584.17548856604,4121.95252141199,4121.86086144859,4404.65457982646,4996.94247553386,4492.65156366872,4492.44002691467,4826.79194942264,4735.51494863471,4796.01557492573,4979.21851498996,4932.52249409279,5118.48895677541,5142.05138835133,5447.65885312937,5351.95839937975,5378.7803197247,5663.77721727682,5698.49640870734,5717.89573255833,5925.49312195726,6367.75026589686,6019.93346385144,6098.32473250443,6007.77876693159,6053.20444303021,6361.10946555616,6552.1552585676,6485.69754320264,6467.48306473001,7247.80819479002,7309.19126811123,8671.11139668374,6749.12972474909,4723.85396208607,4723.85396208607
0,6394,5981.56979809931,5991.10989613782,6169.06574851451,4511.75677150138,4064.46098793236,4064.90030357337,4333.28835310143,4878.5088472805,4283.45647765485,4285.0006923952,4630.53615053711,4551.5511065123,4528.64641578759,4826.45662533255,4905.15846178382,5058.71861981197,5067.35429083526,5416.939667609,5249.03145589922,5247.05524246258,5585.42789844086,5509.93518940279,5409.98079236106,5685.58531624839,6019.53768625415,5991.2688697001,5952.96831444865,5873.38908099131,5810.04171134724,6145.22284400183,6321.2436546845,5988.27849853663,6010.11441278388,7092.57236529663,6840.66019239147,8575.95206378781,6335.65047557713,4442.59575300997,4442.59575300997
0,6394,5961.41824124382,5958.23946120368,6146.9722339676,4457.55337235276,4003.01274955722,4003.22173454505,4326.98517775285,4852.69155380761,4290.31579734275,4291.11705560179,4655.16440033316,4551.27063321148,4573.60614637408,4636.94506388851,4619.04974580649,4746.48736390397,4780.92855438907,5096.81599952988,5051.28187238017,5044.96828493533,5405.40973948791,5527.09501691976,5555.30691527045,5753.37500156091,6249.0175330205,6070.64853309601,6079.15807851144,6138.97325512161,6122.81854739627,6533.14518224666,6702.28751087457,6520.47653979497,6514.09844396053,7458.71795810645,7695.60083714864,9485.17480545257,7287.62963280229,5088.87703108753,5088.87703108753
0,6394,5956.47596111002,5969.1935130265,6115.70642399963,4513.09221004909,4080.67677670064,4080.54349247243,4292.21991436387,4977.54184220503,4407.32419395175,4406.73713599476,4748.52165254489,4709.87028978064,4687.46922114163,4857.29649885505,4791.96196114667,4824.31641643408,4816.50203373561,5123.55548695635,5028.40178101007,5033.01965892481,5440.4860268535,5394.0657733934,5460.39938497463,5598.35867195946,5979.04198921605,5787.3578894696,5841.01561148233,5902.94950788664,5955.93298076411,6269.08974682566,6483.78938746429,6298.08215034221,6312.27993172697,7354.04163170081,7112.13356298203,8724.72403081355,6910.93556554078,4843.04321704102,4843.04321704102
0,6394,5928.55050714075,5925.37194807724,6054.78804631875,4339.15285097184,3893.96783568196,3894.36307633661,4125.33250276332,4672.10435722376,4123.66338823372,4125.31826625603,4404.69703225768,4365.19956797853,4376.80930181044,4736.18291148719,4816.76923621076,4891.69511584693,4906.1173907787,5306.28338684172,5129.51776824201,5162.82897136085,5485.22319067024,5486.32236634407,5541.78648087764,5689.18967412296,5950.50985881268,5898.60296126481,5849.30130491069,5775.63211123614,5803.70346618555,6194.37177296587,6189.76847537527,5873.74850258702,5864.95898809855,6677.0316196657,7141.58713418555,8315.67204087585,6668.62264620627,4672.81228764799,4672.81228764799
0,6394,5936.32573405758,5936.32551304316,6068.93519822782,4424.27631453823,3990.64671683644,3990.49226037982,4210.51841152525,4792.9414664425,4259.17762515956,4258.48420632856,4548.91393119066,4495.70155508288,4472.35052815823,4560.65868434958,4549.31483896442,4619.22249107606,4596.66593387413,4866.99778265702,4842.55200807994,4824.34302387458,5187.38966380285,5056.54367693699,4940.30387906308,5052.72087272362,5375.17269517468,5202.97612695138,5255.7385436443,5239.50310427305,5259.81506111702,5640.96294012031,6001.85991193427,5828.30270003087,5863.53016687181,6444.04919604814,6400.51270395234,8156.34370270013,5795.11013679859,4069.45828433795,4069.45828433795
0,5443.4738711314,5942.68488646014,5936.32599998335,6077.05718276138,4368.08453292475,3923.72246724384,3923.79688022475,4149.78245151835,4638.90057723521,4131.22947660965,4131.60362850833,4423.24120129429,4420.18734498537,4435.60588740481,4582.29598456001,4571.14508927293,4679.82053732795,4700.95926133933,4936.1930809722,4860.51452346996,4887.00528225599,5272.35832854453,5311.16077186574,5383.57795991315,5489.51981809189,5638.32119343967,5600.46394753049,5543.44347142503,5477.51247920832,5482.39341256109,5708.45830717035,5967.2299438151,5678.07582969643,5661.08008731519,6155.73156185293,6261.53734194202,7810.12777833442,6336.0198185792,4425.83641831645,4425.83641831645
0,5379,5063.36949986151,5031.60171758311,5227.07958788169,3793.36605105428,3415.26164793045,3420.85150172261,3652.23060060193,4160.09824504086,3690.48979027621,3708.83119905025,4005.12859256154,4048.16840654247,4103.3582640543,4416.07850502567,4426.02292620677,4567.21589643608,4560.62705625014,4853.01831511361,4677.32980907983,4669.46730610113,5026.77594963937,4988.68279306831,5019.79363384652,5082.24300426294,5486.83669281371,5187.44235324979,5223.12245118012,5185.62550446401,5185.36702378055,5445.04771905411,5780.35114076435,5490.39747423879,5517.49317989454,6191.21173349633,5990.83661383071,7441.89516236559,5723.8313754055,4015.38585071245,4015.38585071245
0,5379,5118.8442386664,5141.09813177355,5322.99606035523,3902.65624988705,3518.5710654646,3517.98592348784,3730.72119610728,4247.76816811637,3738.4779810673,3736.36764284669,4007.02746996751,3991.07792284023,4005.04031721894,4249.57879779671,4285.82766021399,4451.76068752431,4438.40866357739,4736.53397221306,4635.88211623317,4650.25091306698,4997.5974168017,4883.3525087148,4916.3695021246,4981.76231964388,5259.9259927044,5152.59418816006,5183.88699261953,5103.53455542318,5175.14486795591,5408.81081598599,5748.63842719865,5631.46772587469,5626.49664544294,6382.11514842432,6444.816969262,8007.15328512401,6055.89722239267,4241.03469879174,4241.03469879174
0,5379,5058.05397529148,5064.41440899781,5197.71112915669,3768.61478153376,3395.63754217039,3396.10276437953,3656.08296714647,4133.70544539205,3670.48369558853,3672.24070761893,4032.49995833224,3936.25299824502,3957.65211997529,4083.99491450437,4101.26719270008,4263.86333706644,4324.02741150687,4572.28401664259,4520.31209762516,4529.80486717923,4900.10517725397,4753.05169890589,4731.33829025288,4814.9479493445,5121.40432760413,4902.56152964266,4971.0239350714,4886.48163847151,4858.45179805021,5236.03426100058,5329.39177453997,5150.08274143213,5158.92676643548,5886.0155137839,5936.7673146461,7448.67672446852,5853.58836202497,4103.09822157688,4103.09822157688
0,5379,5039.32008878667,5042.49997416354,5172.52522772101,3722.19577635117,3344.96246731933,3345.11254701646,3575.44694633294,4097.87721654287,3638.01996835199,3638.60815873179,4020.18165925485,4081.9885360671,4037.75246742211,4116.78011529076,4116.53385180393,4211.92738047829,4155.07906441936,4461.29372934007,4268.2770801717,4270.13105227285,4712.31420739791,4608.83238140287,4556.02645305505,4644.29880579279,4979.62282335029,4760.89991898738,4732.4543716362,4719.55196978375,4740.5771734561,5076.43078897021,5385.05726995263,5315.76371183243,5346.00139007139,6011.12610069697,6049.2684889867,7275.89977025875,5770.76510178783,4039.08789728389,4039.08789728389
0,5379,5050.61992540471,5031.54348705679,5176.22681273271,3741.46244336182,3372.36613328194,3372.3825715024,3574.51334951296,4052.86168766319,3582.74405435434,3582.74393395724,3882.67091848073,3870.66874462131,3935.46869230987,4023.80108949783,4021.06927960154,4218.94146888117,4246.56949392339,4439.67284562364,4426.92470989424,4434.60156170042,4976.60924019689,4920.48686518006,4939.97757557445,5026.38482015721,5394.40885798868,5245.4248068923,5197.73131510481,5131.80877727905,5122.63464751265,5381.939500269,5628.82576454926,5175.80305280778,5139.88959108468,5609.26716881812,5731.58819641165,6774.37650741066,5277.48384432431,3684.79579217827,3684.79579217827
0,5379,5071.84185825931,5097.27607787581,5247.27289824818,3787.69699607112,3398.76786867349,3398.4569713706,3640.99545583131,4053.83950809952,3582.85226595764,3581.78783781959,3885.17108315761,3828.34970898941,3806.34945567641,3908.24739006996,3904.27878549609,4051.92455478727,4052.78588553027,4321.4926109296,4123.30397293295,4127.24109289463,4528.09332117859,4662.04047047392,4705.76843750084,4841.90495021983,5117.65208430688,4995.66221952482,5027.55766087244,4976.3115528389,5005.67769771549,5348.96865971772,5539.9777790589,5536.3123614513,5560.79204939707,6064.43250665277,5919.19921375477,7056.50350677864,5343.17485030194,3741.15790537593,3741.15790537593
0,5379,5015.99201424511,5009.63489608785,5139.59074840984,3754.62034560246,3389.33462371326,3389.72057005327,3567.409175208,4096.48737332183,3622.19557696557,3623.47106607531,3900.61533157475,3900.83421894411,3904.98545767056,4041.65969324679,4018.3579457241,4160.59823952883,4153.79600887805,4515.22351000758,4297.82806832302,4288.63905957136,4611.889126418,4514.98203724981,4533.12447390875,4634.99798879968,4901.95994907008,4860.58481046756,4843.69091577227,4759.33377929858,4769.77044974444,5000.40042532992,5334.12128546018,5043.41961550842,5045.8424211857,5626.38789949842,5734.62566367863,7107.43291784472,5353.78953109498,3756.91679008886,3756.91679008886
0,5379,5034.72191134978,5031.54202608631,5155.56515989821,3707.23241154273,3333.97801227712,3333.94561215388,3490.95739997861,3972.71837505526,3504.3032782152,3504.3067551386,3716.56986467191,3734.02532400908,3712.20289772357,3922.42661438981,3947.56923498713,4101.44426194965,4123.97370070139,4336.62176041649,4384.74778117936,4412.74282861863,4690.84440285827,4690.45478870201,4624.993365041,4715.12489306884,4923.61241450773,4814.72755210383,4806.28557268296,4758.20303797079,4693.06391045266,4882.27291929529,5102.58072061121,4899.26907161369,4883.41621136564,5452.12218762626,5399.08982272644,7136.95957352469,5274.69592118394,3695.51849299208,3695.51849299208
0,5379,5032.96040429915,5042.49851294322,5201.22916576153,3753.16124796397,3363.95227763499,3363.87204324826,3559.58026046539,3972.88597153132,3542.03091132048,3541.71065548303,3717.17849393732,3759.85661485626,3751.89616757719,3866.36883118117,3875.00689211261,3965.00212122545,3984.71263277611,4318.22403162945,4027.92031064781,4020.50856283702,4407.26098587693,4326.60197980312,4328.32008759218,4414.98109187889,4576.6818461662,4499.43922738176,4526.958107016,4532.45187913603,4602.74131696146,4828.92067522855,5046.86756580084,4960.78503473873,5001.29333282753,5415.4098301787,5653.27973711656,6725.29473426905,5778.41814813529,4046.45086549381,4046.45086549381
0,5379,5012.81124116194,5009.63246105376,5169.58566376115,3809.06274052542,3437.00116495596,3437.06076862319,3675.88306285537,4004.76636615926,3562.94647565318,3562.99705089632,3793.06565297678,3692.6546337702,3750.01104327401,3831.26205952587,3822.62356322149,3898.23061177791,3861.89241393132,4120.01090474494,4068.7762805616,4076.9162316684,4510.5861590171,4577.25171917685,4556.97558321709,4661.52776984475,4916.96165024622,4680.96741347671,4677.50621189401,4634.65121031803,4625.43438839478,4973.24309845021,4962.31382287932,4795.76354653669,4774.59608447137,5361.84177483801,4986.12290003998,6231.69298117693,4436.03935630004,3099.83794747464,3099.83794747464
0,5379,5014.22784757925,5020.5865130265,5141.19619819409,3749.31425775072,3380.69228769207,3380.70793569504,3567.08251822607,3969.9395725991,3494.4059155701,3494.56752929335,3781.91081113714,3758.69661390229,3737.22553325347,3871.45888837154,3853.51635327708,3991.73410090974,4013.21565488169,4311.05389733737,4116.85617708294,4113.30893816903,4477.05991893861,4533.61783246436,4627.58042237036,4707.65198332303,5049.31978212716,4884.37165889042,4858.11382871931,4788.36134483131,4791.75863209559,5120.38143448694,5252.86522223468,5105.76578057994,5103.48937305945,5795.73695026993,5928.55084491998,6920.17432787155,5623.16471106899,3933.01289779093,3933.01289779093
0,4023.9149670218,4989.13720224466,4998.67597403029,5087.31144249666,3677.69502197996,3311.22319546561,3311.39425101191,3500.40796189866,3877.68850336108,3420.77963753728,3421.47347331329,3684.05975956218,3678.0438500721,3640.84984433502,3835.65668807347,3858.4069443456,3979.22903927568,3966.90041498243,4138.72969605401,4132.3520287591,4142.50988391729,4663.19181424243,4369.58713149661,4371.9030700135,4453.42062198883,4613.29364241574,4678.30324070536,4667.21524382913,4657.67444791577,4595.89645377799,4884.90695596018,4908.89626423825,4713.98044542217,4723.4877563559,5510.01929234069,5386.26406897886,6734.79250176951,4843.65608770906,3399.4726535397,3399.4726535397
0,3932,3651.10215874637,3644.7825584325,3732.90093798816,2701.20809504526,2431.6776395573,2440.09309178253,2701.78883055742,3153.69816272919,2799.96298074692,2827.86868280452,3228.95904826651,3284.96140865747,3408.89126245415,3667.78674700008,3734.26972428318,3928.54336367232,3986.78218965661,4211.66025440122,4034.45701586558,4022.19667186116,4448.178170071,4485.08146969756,4455.61297685321,4550.25476084716,4697.60603767184,4537.60444847276,4592.19980199659,4554.33406080039,4657.82473499432,4827.43845046491,4922.75025266176,4831.64578064408,4840.79974216568,5349.98110940959,5718.58312861896,7186.05137202425,5548.42538232702,3880.71240972726,3880.71240972726
0,3932,3669.78691289384,3666.60702891358,3759.26457440346,2726.0795477236,2455.96802459211,2455.84556342952,2611.46882499463,3202.12335964859,2853.03005025309,2852.58098173064,3172.46502138053,3299.47773202623,3327.01890212372,3390.77380034292,3388.99189579851,3487.69698365472,3467.78805375152,3627.89820252752,3591.87711019251,3605.86193834642,3933.49651991361,3961.36441533843,3972.08856510999,4094.17539590447,4442.25766913468,4165.16621202026,4186.18134291787,4179.30815865195,4177.51361768159,4460.09990626165,4477.40978088589,4156.02991983314,4187.6991038392,4719.84628327683,4519.32386089366,5944.22061310407,4677.67838948554,3280.44303842921,3280.44303842921
0,3932,3674.38429076844,3677.56351294331,3787.61137006307,2729.48587654316,2447.69875902779,2447.66104854053,2609.45637221886,3023.32150663414,2680.08913366914,2679.98317283539,2854.52774922582,2819.28060541619,2885.12978754148,2986.83762516492,2982.44429677496,3168.3738655073,3168.12237207773,3386.60736914662,3290.41766537507,3304.59748778742,3819.73319121874,3603.80521482197,3678.28968208101,3803.98016522418,4267.84113970099,4088.60798669696,4104.89238935391,4172.76775445663,4181.35436080883,4461.36432601738,4709.67075348649,4598.03901032474,4607.78878104637,5193.89659892309,5268.27611122083,6401.27742450556,5081.08119678566,3558.26314180363,3558.26314180363
0,3932,3663.42882273509,3666.60848700682,3785.92622123031,2780.80463544591,2503.98333530999,2503.96771167352,2696.80551488666,3076.36000653564,2734.52296252752,2734.36137617567,2933.71903853292,2843.39866439892,2799.27363804708,2921.29351554869,2915.60040336665,3090.87670341872,3105.39479732318,3209.5585782979,3274.4492475996,3288.88161770751,3659.76598192792,3778.49617811117,3722.81393686078,3808.83904940104,4150.52862350193,4167.98058227163,4176.78294714488,4179.55584864072,4242.38918585547,4568.34834392132,4629.12884393954,4432.38905715365,4421.17228762508,4989.79656887849,4952.76020903112,5946.28145545352,4631.08154193204,3239.88020810274,3239.88020810274
0,3932,3652.47282275329,3655.65248704013,3762.9702213004,2758.16567138852,2483.62544000903,2483.6949957837,2686.70709370984,3093.59878156255,2704.70858115268,2704.9751288479,2956.08927804477,2902.28199798234,2921.65795016988,3032.83321067602,3057.33582253768,3226.47266978176,3194.16787940554,3410.91066785995,3213.11313921305,3207.67650754829,3590.71460280734,3448.56126009838,3514.09841339874,3593.83701642568,3883.37428031871,3794.61269232197,3773.45805239172,3778.88093293286,3722.79218565159,4048.55489924491,4302.30665620132,4152.72042821129,4184.4077757123,4837.26804576268,4867.37131278127,6032.6174165662,4530.37679283362,3182.68748006944,3182.68748006944
0,3932,3641.51682275329,3644.69648704013,3729.99002775202,2731.27215532694,2463.2055928337,2463.27519929673,2632.53003805879,3098.36311961815,2769.34284034505,2769.60948664069,3018.2299789272,3034.14503622572,2969.96475790694,3026.57280328145,2998.02975460103,3200.92853440538,3235.29142545446,3505.71422461187,3375.74976393162,3366.2772813959,3871.29319099368,3662.7831275775,3612.16206879294,3715.29600482188,3940.94316101518,3893.84459296819,3936.24386856536,3922.1925607707,4000.04259462505,4292.76507800966,4370.54185000624,4276.63284002413,4253.18643807574,5020.12419508875,4850.30391624249,6246.82068092292,4655.45608662185,3255.10901697224,3255.10901697224
0,3932,3640.09915245714,3633.74048704013,3722.44800624684,2686.46322986709,2414.05394783537,2414.15548742681,2566.27847972028,2981.6258619586,2620.92911731175,2621.35673431585,2823.74076404078,2921.27446076286,2924.41203773794,3095.97988279944,3092.29203453852,3246.44464685428,3231.67918223485,3446.34203989171,3463.46867959996,3462.62494619886,4195.59164090115,3981.41590136994,3945.20879283694,4035.06969741826,4298.6919544381,4136.39297774489,4116.41859757496,4067.88637215342,3967.94332061106,4260.70368826258,4342.75834584951,4131.42984997209,4118.30579951568,4952.07065644227,4991.86796959349,6091.28291789647,4961.37011196111,3467.79519857663,3467.79519857663
0,3932,3674.72812745919,3655.65102596971,3774.35695535294,2736.72644363693,2464.28330085014,2464.13360377192,2628.9511354907,3041.03556780057,2687.88570820044,2687.29933995782,2875.34069848579,2880.93189033516,2919.14583668103,3093.68004722874,3098.47581309784,3250.1860092838,3279.51526833865,3547.47479783461,3420.5511898757,3438.98136532994,3947.52898808436,4184.24219467405,4233.75115906384,4335.07594187171,4583.31489974797,4385.11919995101,4425.91294508032,4411.67412567186,4456.18188236487,4731.75972546769,5007.76349081293,4643.07534405072,4628.98328177911,5400.92581175435,5331.5463378317,6526.11855810109,4805.44193799754,3351.51466828289,3351.51466828289
0,3932,3705.48918793587,3721.38507782584,3823.30931749846,2793.97650746095,2519.55019606422,2519.20724979184,2652.21123407369,3097.73040765324,2745.1054938568,2743.87984749185,2941.71009531343,2969.27813926297,2933.82083687973,3094.72579724404,3075.42621229123,3158.27531905312,3154.99750868429,3297.41774676148,3331.93882369467,3320.02813773316,3868.11950038088,3682.91465392036,3659.46501410019,3729.090314209,4001.27469030276,3948.40125530759,3875.45433350921,3829.41603745051,3877.6126159769,4143.89515811705,4399.2047702881,4366.16424632367,4399.37403929494,5221.32896793897,5313.66941836353,6587.70575364728,5150.9267095228,3622.86717574968,3622.86717574968
0,3932,3666.60932983945,3666.61043501742,3754.63727816235,2701.43184617403,2427.57666427258,2427.91357882436,2573.99765503997,2958.15952180594,2623.42475912421,2624.70315433569,2812.46795256817,2837.36612884454,2868.30838325644,3074.78318158215,3114.75709125884,3198.97177194011,3220.54298517372,3422.66776014281,3286.13336343756,3309.09340979884,3932.86142730923,3888.27062014786,3876.17996938961,3946.79425338045,4059.35867549913,4014.9057804797,4057.34680122169,4012.6676682496,3932.94441790506,4105.08730301337,4258.2393130249,4199.62391022568,4196.54657453403,4884.36240026312,4971.69121785683,5671.8061160006,4770.66621131683,3334.94039048686,3334.94039048686
0,3932,3672.96688651472,3666.60800008328,3769.29079587263,2728.94314618153,2456.04244001701,2456.01073575382,2551.32475639108,2965.377532114,2643.95413224304,2643.7947957263,2777.15704964398,2810.22540326736,2838.57815494716,2905.84026375165,2912.1574902613,2979.51033655705,2959.94864674512,3130.25043712238,3044.66133897605,3054.25123639345,3444.06729977302,3726.97522563557,3709.17494482426,3809.39458618894,3985.0864184859,3849.53925102047,3836.82591119641,3842.1228608078,3949.39685696137,4210.98139332145,4225.72241516435,4017.75402355111,4030.54298726063,4867.04269856601,4671.38304621889,5647.02952138101,3994.21248529503,2795.21895279352,2795.21895279352
0,3400.07995941146,3672.6222518693,3688.51902595306,3763.10398757642,2745.9549610888,2477.64112995818,2477.52328101959,2561.45162275835,2886.1697749817,2551.08291589844,2550.6569712802,2636.35550283089,2582.86196946018,2575.07495705886,2628.44309355689,2631.64747823117,2767.87466937804,2765.78336152589,2926.72556672574,2845.1698164303,2856.04497621528,3174.73418539013,3268.71338162192,3309.78394215487,3430.71449146692,3614.88292705523,3519.5673257822,3567.31465650995,3491.73231764607,3522.50882049921,3758.10221369088,3947.71369951356,3856.91022675614,3874.7769378718,4735.92646274051,4919.20574880407,5933.05836335613,4694.34377550023,3296.79294278901,3296.79294278901
0,3364,3115.17557273361,3115.19183887309,3186.62062083607,2283.57360113803,2047.17170165384,2050.74918595137,2191.580859347,2520.74290332747,2229.20371250196,2241.21810009883,2403.915064995,2430.81786274097,2448.76885444283,2576.87871420443,2591.34427596974,2745.81240280838,2791.21793854037,2988.44565125318,2872.84554356509,2878.5957573304,3292.28237708355,3197.95338577229,3219.04123534403,3283.1450911576,3500.20042005488,3449.35339163779,3385.22140818361,3286.44278773774,3282.27801858476,3558.08969130861,3631.27946532958,3425.70210366698,3432.57112563409,4193.81284067433,4234.93816517727,5515.20978348708,4031.2180266792,2828.23473175977,2828.23473175977
0,3364,3127.87377360791,3115.15600122578,3208.49740040859,2341.70391067784,2111.30331983134,2111.23135448614,2226.39899656316,2620.44697877133,2331.35823272032,2330.99660566729,2476.99946428987,2534.30603013895,2536.91698126787,2632.87230339968,2615.56636408172,2647.50813232008,2655.71568689903,2821.80877470754,2748.62101354339,2727.65221953363,2998.62967227708,3193.71585002268,3155.40299604271,3242.82822942541,3349.42656619875,3292.80002550101,3356.42752458021,3257.50166776065,3293.68699851624,3559.65840207926,3774.10294633375,3722.9771642554,3734.80037882705,4395.68216490578,4442.75464218515,5256.48583690512,4472.11054297659,3127.57941964845,3127.57941964845
0,3364,3139.90227667709,3158.97805190615,3248.29313644344,2367.62832023549,2125.7751552049,2125.57138534464,2248.35689650302,2577.80349096182,2270.74175150744,2270.04985561564,2383.51489194518,2416.41519705747,2425.84888136776,2560.79573726227,2579.13483434706,2613.02986226038,2598.03455802622,2823.28525918158,2719.29566066425,2742.35766022539,3004.39222521091,3005.87604301228,3060.03669860925,3140.7797788201,3465.36166671257,3214.81042027686,3226.66081947215,3122.39451665107,3108.99761029952,3460.57261994737,3473.61413259859,3282.04505131238,3285.40665534996,3991.46057746861,3966.77898390703,4674.2482410258,3549.4533951411,2489.65811769632,2489.65811769632
0,3364,3099.60448230569,3093.24692207421,3183.9328973464,2332.72702026714,2099.52223453391,2099.83300335275,2240.93037510638,2551.06019154828,2286.08989423788,2287.15363716271,2412.96282013388,2416.95311856021,2421.04932400548,2510.3588797941,2501.27992322521,2542.68201124866,2574.82386249528,2648.59645219373,2718.2749198497,2703.31902678597,2918.72969808103,2946.36638706874,2947.42402531168,2993.38282652695,3188.18040343484,3234.85769986134,3210.73345706759,3110.05072762236,3133.06846365987,3505.21842975744,3626.25118198022,3619.2245811859,3620.19934798037,4342.43343842439,4321.29707355892,4981.72178577082,3874.54658873492,2712.99541592315,2712.99541592315
0,3364,3115.15546809697,3115.15502605299,3177.73998778511,2342.50868459069,2120.84670762651,2120.72909649975,2190.1126659193,2550.05032579686,2238.84838942989,2238.42343547315,2355.13728656634,2370.24477877381,2398.10430734646,2525.10368564487,2516.6582956029,2505.63422212142,2488.48947908643,2637.16792923869,2507.95469155878,2521.98421731656,2695.27482057554,2665.98905170034,2716.24462277933,2753.39435165646,2921.94792599476,2896.8558067146,2867.66781451613,2798.27757538573,2781.82100318292,3352.43081018484,3275.08024964329,3037.34971816375,3065.52481208925,3742.25812768223,3908.60260097911,4708.67872909758,3543.12875909055,2487.95434297488,2487.95434297488
0,3364,3140.59154585875,3115.15599996669,3201.27696767304,2259.97410551719,2025.16808788395,2025.27445021982,2109.15852382927,2409.76353177653,2130.55988956856,2131.09462507255,2210.98429148758,2224.7508608371,2199.88690361834,2369.88091307924,2383.77486729694,2431.63565311669,2440.3875262396,2645.78765640655,2539.70892134326,2559.25855396738,2782.1720072171,2668.5789040162,2627.2741223279,2686.08449002161,2797.90047029939,2771.32552129597,2835.75682617039,2741.86803149698,2795.18907366474,3386.91077410944,3730.7327835901,3541.44106505994,3534.49617275633,4142.10503071753,4047.23575613881,4923.70147207441,3757.279320741,2632.67277259825,2632.67277259825
0,3364,3183.72521276183,3202.80010381221,3325.45446643424,2427.62028697286,2178.43403235106,2177.88826478941,2302.3430381081,2594.71472796634,2277.22721421196,2275.14822240611,2353.72579600338,2319.45336738424,2349.60141615954,2448.16034573109,2441.47090025171,2433.70966032465,2445.60581736255,2545.06259755911,2548.19353950588,2523.13129250637,2780.06522619042,2735.56324627802,2732.8754734737,2806.9318162685,2965.83040190588,2781.33054129011,2820.77304462558,2725.63513451591,2668.28722907895,3012.6618952788,3563.47338063417,3337.60894125264,3337.37180645127,4050.99066884041,4032.3517388163,5405.14613917752,3787.59289657065,2649.95475479628,2649.95475479628
0,3364,3133.89015256545,3137.07092200758,3247.04990795989,2399.37251463483,2162.023859281,2162.32375754218,2309.41437313452,2621.21163016952,2340.51730421712,2341.5262587084,2465.80996848733,2396.27716134108,2381.92092245646,2486.78663016106,2494.81314137545,2477.3255524866,2448.90682864418,2619.42265202442,2493.08932287768,2488.29811300284,2699.99100939219,2723.10192045604,2731.85118215187,2765.37032666417,2947.45942177055,2882.94147468331,2854.0799433091,2811.15539094721,2833.0733886953,3064.88455478981,3254.39142474103,3350.34155473832,3353.92237354874,4151.69358376135,4072.5991776485,5052.69587278424,4333.32960930171,3030.0390953391,3030.0390953391
0,3364,3122.93282279877,3126.11248712341,3201.3818343776,2358.87904955067,2131.83828408399,2131.91870032959,2242.21059609244,2579.0626967353,2272.55071680955,2272.87195606493,2424.21253876767,2371.64457951405,2403.49032075844,2483.3667206183,2485.43153428119,2530.05110582785,2532.75166117363,2758.31393707009,2662.52054163221,2664.35639448104,2876.41237169875,2803.6064497992,2814.55152463526,2864.63406080532,2999.52818199324,2919.12212375937,2845.49414693042,2761.61671959518,2764.24303770384,2909.66083951589,3147.89802002208,2938.51396040043,2924.68829104228,3616.12302225673,3813.08492299267,4321.45776080927,3535.3335354809,2478.3871155281,2478.3871155281
0,3364,3115.15626598791,3115.15648704014,3172.49841484919,2283.534071215,2053.94701548903,2054.08049461222,2121.37503106085,2453.32260463036,2191.77179044908,2192.35973710597,2295.20268783229,2244.50027565388,2266.84452055519,2343.2775979426,2363.728274696,2402.43195205555,2426.8785972036,2669.75685638864,2624.21841882528,2626.29117079757,2820.05708686204,2769.89661900483,2787.43652840773,2824.81582765102,3015.2654635878,3006.30948872684,3032.67040080437,2949.83709978979,2935.51188553717,3098.16538573177,3148.19447490092,3120.88541323172,3116.1709453051,3692.51091609244,3633.17309737875,4499.87865496566,3106.92698391956,2170.93781332401,2170.93781332401
0,3364,3118.33544324372,3115.15600001666,3178.49739788418,2292.69458712092,2063.42299964744,2063.41244038078,2153.22384567817,2367.46294585882,2107.91028292144,2107.85749499361,2187.53344663625,2060.42941274575,2060.11523349759,2080.86928250726,2084.48732588222,2090.30645892267,2098.35371928509,2209.91208543667,2321.77007745162,2362.34922705254,2539.54073055817,2516.13321363236,2506.79331710249,2574.48759663878,2645.2762022942,2641.00136411041,2690.96848119066,2631.98206464188,2703.72260065637,2902.83056824537,2963.08407386984,2895.4716596544,2911.49866220577,3286.29165562036,3575.42353028576,4325.99293689101,3579.63126484928,2511.19346328873,2511.19346328873
0,3009.07447995941,3122.93229078658,3126.11151297653,3202.13517658391,2310.30777127567,2074.21849526708,2074.15957394715,2170.1237467751,2366.35669233031,2106.81930715229,2106.60614424618,2205.01306709835,2142.86089833239,2123.9498596077,2140.05520722629,2128.82290370355,2132.38262227654,2116.81340468279,2332.86477688781,2134.37010712268,2117.94920586955,2251.00573035518,2240.31806197746,2261.64310695563,2314.5491683088,2469.13485420208,2379.15435260301,2366.63006914997,2265.04807534014,2273.68399423634,2408.85913071175,2566.85143304809,2455.37215792336,2490.07901525196,2716.76590135121,2752.41743089733,3534.67987880846,2658.22733632492,1868.23063396165,1868.23063396165
0,2985,2759.60310887694,2769.15177580267,2836.46956937367,2088.25951974435,1882.4350347689,1884.60640618135,1967.01007392104,2167.32644196999,1928.50597582936,1935.63248099016,2014.88058858738,1975.18610930955,2007.14873008867,2081.07792353876,2111.24731591634,2164.2208982731,2171.56479494939,2271.59646958263,2349.49479805658,2364.19691278821,2506.04454589888,2418.49232178058,2420.07292457709,2460.88526619474,2635.407849826,2512.44526134677,2558.49537499217,2493.02892884604,2417.61832749623,2509.61808273939,2532.55636650886,2476.60535423263,2450.87324975331,2632.8694212206,2628.86403950347,3387.01958165393,2642.42181438037,1848.64182691192,1848.64182691192
0,2985,2742.62068483109,2736.26246184942,2796.94684821913,2032.33304771102,1829.14261409625,1829.34220463025,1902.49421104179,2083.07139645235,1841.94260869872,1842.69697688338,1898.85095578266,1834.83256233955,1856.90035248252,1879.76053932947,1854.94140117161,1892.37751684129,1919.73592232378,2029.29318781859,1951.78327079046,1967.24132442606,2037.58363776893,2054.18993654105,2088.81467537764,2152.0724728574,2312.69476529908,2249.11278850578,2246.71122909671,2234.14846044872,2330.50100402161,2471.65377971095,2571.79580021262,2428.93392916128,2459.69689601393,2675.30492392273,2685.00436321077,3193.194906875,2649.46929264682,1856.91800870818,1856.91800870818
0,2985,2761.35191130431,2758.17202600305,2814.14677262706,2050.60027695183,1850.56050976228,1850.44281547634,1902.49260796148,2087.22088104816,1852.36530495269,1851.93984005363,1899.14462322522,1836.47715258615,1810.62528302763,1905.26129297778,1919.78348934014,1922.64373113994,1896.74211565002,2004.54393286929,1924.51141642366,1928.87525836096,2005.99684751918,1893.25422247287,1869.54314936896,1929.82084326665,2019.4428401276,2008.74028708218,2036.94284795784,1985.73607704121,1947.72210037745,2079.87972607594,2192.65240382476,2155.35049440477,2170.98953368362,2382.42487091311,2446.66616935823,3146.11297862052,2229.1176315012,1569.10045035222,1569.10045035222
0,2985,2769.128734003,2769.12851294321,2827.15217651461,2029.91309267163,1823.13328871995,1823.1168697727,1905.89508775552,2019.80239189576,1793.04395351009,1793.0445367646,1862.31522365478,1756.70357860933,1805.36600285463,1846.25625077612,1856.01321896193,1908.29025921439,1926.07528433551,2003.26153130796,1949.01905926011,1956.65760037618,2075.74704739292,2002.33387345544,2003.60053156,2056.36200919346,2171.085583796,2082.24288836626,2052.3159503481,2015.51429739124,2037.80343307844,2129.80423221116,2257.50733100283,2162.85113514196,2153.9504607935,2185.60904469906,2311.84201750092,2984.80679894502,2388.13996664615,1669.600518613,1669.600518613
0,2985,2759.59067028705,2769.12899998334,2821.76340856717,2056.25131762139,1851.88118065297,1851.84923211442,1936.85971437208,2061.86965284653,1830.1467711933,1829.98611449524,1925.62889168665,1817.07544099,1791.73473212581,1790.89137812059,1796.85930345937,1815.87804577762,1809.69363651004,1902.07693477163,1792.44192601388,1781.12162654812,1852.93876449989,1844.01531765168,1870.29342480012,1913.36450382252,1998.62184602431,1999.52779502618,1987.71357670713,1912.2927268188,1957.11186340975,2084.18150543482,2121.71394734583,2083.60870503261,2097.22164913063,2169.1238804571,2052.06063999839,2627.74170210494,2079.91248941685,1456.0345339521,1456.0345339521
0,2985,2742.62068440566,2736.26246107042,2801.65383583974,2018.0338753949,1809.96371601884,1810.15108648253,1909.1741440712,2006.5911034845,1774.29619224476,1774.98892766508,1861.70643653938,1790.12999259015,1793.69831810501,1779.49764378266,1779.61412159574,1805.55025327458,1819.30681077485,1895.04710943151,1856.06778259443,1861.4754127236,1956.76239792818,1870.80754098082,1822.06861181559,1857.45610309283,1962.38796564957,1880.18911419596,1898.00663209158,1808.97344047099,1783.91756073221,1940.41245678849,2015.03661524828,1909.52614312598,1907.22492149717,2133.42302411939,2091.56961137053,2687.96670547958,2037.74156719286,1431.13762317447,1431.13762317447
0,2985,2758.17246806968,2758.17202600302,2822.12257907829,2079.71596890446,1879.27677284051,1879.10584944452,1956.15289801099,2083.82448423028,1841.64547507037,1840.95242233586,1916.86130405752,1799.51501149405,1818.88517971487,1819.83355683867,1792.28647289415,1781.56632495546,1777.13552502236,1835.58014686296,1771.50341661829,1769.04591259872,1876.210232625,1843.60221872657,1892.80303023221,1954.01190996263,2027.88335323177,1993.96593908904,1987.00806195996,1935.74619674597,1927.51964229843,2062.45517041231,2138.16209054909,2123.38430881763,2125.81889689979,2316.48293994199,2355.97017506321,2967.11329737619,2259.90552222375,1576.56506185785,1576.56506185785
0,2985,2764.53188645104,2758.17299996669,2812.85579562976,2024.3700998059,1821.94594252945,1822.0096956757,1918.89762577504,1997.59123225494,1773.62060422724,1773.94108090636,1885.1456937514,1768.64626274297,1735.82975047489,1819.0208668861,1840.77775053781,1860.85887956203,1847.40138213822,1877.32066996492,1848.36738705243,1849.31670284296,2013.10440142487,1911.86130838538,1863.3082276135,1926.30139749442,1984.24381963917,1962.89474494882,1977.33671173153,1938.10827777634,1918.90905166663,2139.1496137298,2037.78173582791,1940.34316241772,1938.37295362105,2186.86524917422,2119.24963811132,2644.46938196886,2132.70780109063,1495.6770743316,1495.6770743316
0,2985,2773.72558157315,2780.08402595305,2820.03457897427,2042.72773945315,1843.47520622511,1843.35741408962,1875.71053245197,2021.75049158066,1794.48915580329,1794.06311076394,1884.28059582912,1863.82450797473,1867.72472123562,1866.2846136714,1869.89434447147,1898.1583885165,1914.05866643109,2068.35722021486,1864.61864014617,1862.33951080763,1971.53280969992,1989.76289283686,2033.68316904129,2088.9860685357,2144.82373786061,2038.1532280835,2053.41106614477,1992.64534367763,2017.89579433652,2191.10757494996,2373.68842770685,2247.23490604174,2243.03737810454,2350.45734158493,2498.57073581747,2651.82301497543,2259.24349064306,1576.84044821687,1576.84044821687
0,2985,2751.81464547018,2758.17397401363,2788.85782955858,1987.44030559605,1783.68460918149,1783.84493528502,1821.82163901711,1880.40386666516,1662.69968800901,1663.33974942072,1688.61357119684,1620.27159671711,1636.33597006611,1655.24004026282,1647.12968707973,1649.53348493982,1672.50857841804,1747.30991388834,1795.29457771736,1817.11233161692,1890.8301796882,1841.18756258562,1854.02635697567,1950.7336458356,2018.12184725866,1945.95022907343,1930.08021744558,1896.51657241701,1877.00959241952,2014.47228570659,2012.80552678,1981.65636504574,1979.28929391902,2046.29329884168,2002.9285996239,2350.59669414644,1610.29658360217,1131.84121767737,1131.84121767737
0,2985,2745.79986167966,2736.26197408026,2768.9216361488,1994.70035283414,1800.29300787864,1800.36836723158,1822.53497229761,1916.6081754534,1694.44148347568,1694.65416845303,1718.97687188742,1607.11434992982,1636.9806026091,1671.85994600874,1686.47211202353,1633.25813794465,1638.39853289627,1740.94105352647,1629.4541003684,1616.96498329749,1656.29045092739,1626.10129026937,1589.17454136409,1644.97289945662,1746.72193768832,1716.71763545144,1727.68484227104,1698.91908738405,1745.24106499523,1863.52742299836,1969.18831297608,1886.51805565788,1914.61109201831,2055.57777829035,2070.05926690335,2427.88977846982,1951.04822091147,1369.92450786197,1369.92450786197
0,2477.42841197361,2772.30764531639,2769.12753896289,2809.15014272478,1996.48532643154,1794.28425291906,1794.15014145749,1826.97815299813,1880.30920918498,1669.4412061767,1669.01626865075,1697.59555509109,1574.12990004388,1555.18082408595,1542.92423173455,1543.46311536972,1498.81349825425,1490.128898128,1522.83286574079,1572.27577114508,1578.6782533592,1645.51551251992,1594.76663131124,1636.95470527355,1671.28820346501,1766.61922651715,1667.20036337586,1706.50763013312,1641.70514136872,1660.14595901331,1764.57504106933,1851.405591671,1756.09938762535,1749.64899778851,1843.87263211269,1884.47310476842,2394.2374027917,1692.83157808734,1184.34914247945,1184.34914247945
0,2443,2278.89725532204,2285.27038766891,2343.32873478238,1684.76906060687,1510.64638610001,1513.64801274193,1581.28071152224,1639.60714284776,1456.38392166351,1466.25623642405,1524.96908617714,1454.12159730069,1484.58541389859,1521.99648635402,1538.56017722381,1539.21785319707,1544.45957499981,1583.56068273925,1540.24036168271,1543.37621572362,1601.09129756634,1536.64184581626,1534.36920689325,1555.73904196137,1626.47192502164,1563.31455724228,1549.51078002095,1471.55577367221,1473.40380166474,1573.20105679624,1695.87959710758,1638.74000930267,1649.57233399856,1804.51633778185,1746.94146685396,2425.48460681735,1818.12646348285,1277.41127809219,1277.41127809219
0,2443,2266.50697577853,2263.32797512049,2309.28064907354,1695.17740559578,1534.50492988132,1534.57168888617,1571.82396367227,1674.29696606724,1487.76463224622,1487.93428234972,1536.16231611248,1457.57519554646,1457.27968179089,1443.93758301658,1445.27410722215,1420.17602294278,1432.76494131518,1511.53056255198,1426.93593444458,1427.63900731822,1496.14113524384,1431.4828152737,1422.99820922446,1459.68960069551,1549.9921997654,1477.10402480474,1476.15691325373,1412.6049566994,1428.23023689614,1494.57761526996,1617.97016468314,1602.34649084371,1609.01243406282,1744.31411663658,1822.27828889972,2324.58747609656,1939.59803474953,1358.23172257724,1358.23172257724
0,2443,2277.46217727403,2274.28251300988,2307.62338095509,1642.43639287405,1478.19503052479,1478.21067712705,1503.25153351032,1564.14767116195,1390.34434664159,1390.50615198578,1433.64241630168,1392.40593397405,1371.03759427187,1373.58526855507,1366.93434766509,1323.54580262616,1333.23327479345,1410.12563927889,1399.88991294326,1405.2398664124,1508.70898424112,1423.74867845533,1451.91668994719,1475.23244093969,1533.43311552086,1515.06207840806,1537.53034805442,1471.87699058718,1465.26443245376,1525.47881733599,1557.80250779701,1510.09169683558,1506.98162716744,1541.44560642554,1583.95389919925,1971.90410872224,1552.92531334329,1085.1860340152,1085.1860340152
0,2443,2285.2387340121,2285.23851295987,2324.5793808502,1655.83316129359,1488.97565532763,1488.9167439329,1512.88092296237,1546.62574707308,1374.62440124012,1374.4113921597,1404.71494665166,1343.40247670607,1384.14648682872,1412.38939153117,1412.02945348263,1352.9892307017,1349.64191932852,1410.93878257909,1387.82655944872,1398.6027803183,1493.43653995092,1447.52320077886,1410.37466646011,1429.08253832226,1478.19846038959,1401.00888419658,1377.85912778423,1314.29345726746,1326.04692289678,1426.78124770762,1412.23096798386,1397.84875628486,1403.91964173433,1394.61601219996,1429.9385897129,1793.4217104297,1404.13446416759,986.651501719144,986.651501719144
0,2443,2275.70067028705,2285.23899998334,2317.21480641676,1665.11344342702,1498.59994493611,1498.58925984376,1522.58261893443,1542.48321991992,1363.52213683303,1363.46847381512,1387.3496315851,1305.14213078672,1286.80420137224,1317.36127717467,1319.78557577813,1288.22600362511,1274.36941198934,1312.97623643294,1294.09553969368,1289.30286891075,1382.66794962467,1346.31667466787,1388.13970649069,1417.98722684844,1460.02425682108,1435.84071637962,1443.51071315367,1368.49538631412,1376.95752467049,1448.30395423849,1597.86685733329,1447.26724417267,1449.73151989467,1512.3811866651,1410.79609378688,1758.15775901976,1351.36386140079,943.599613663795,943.599613663795
0,2443,2255.55124117104,2252.37246107042,2283.05684659236,1630.51937924787,1466.24426888478,1466.4210076357,1510.40711881805,1541.21404766568,1338.86654114437,1339.50578806062,1380.59689430789,1283.03338505661,1303.96228873164,1335.63220410107,1332.31756273716,1315.45327447865,1334.95426624205,1360.68150502503,1345.85074524686,1348.58492045512,1505.39275430626,1345.15115646261,1343.62907313858,1357.79496770776,1389.13920821804,1341.59518594381,1348.2945193549,1275.05794852817,1263.59404864729,1303.74689913676,1338.04395822904,1377.40473148838,1377.16348659422,1460.00193775817,1530.30671368087,1805.26147169667,1450.59353730622,1019.4657101584,1019.4657101584
0,2443,2260.14729081387,2263.3265130265,2302.66738098927,1654.451083538,1486.46822771872,1486.39879049697,1539.32608885307,1621.34994677496,1433.09517254521,1432.82900533817,1487.01277711581,1413.21443892508,1381.79133687552,1412.84599603094,1415.83254617371,1357.73315169179,1342.45789636965,1418.37006802764,1317.78502654078,1308.39462027066,1402.30286349451,1381.42784809359,1376.53683905471,1384.44943129418,1461.94768437572,1384.42891094827,1343.62625405533,1296.59243297517,1286.33763319418,1338.13977972389,1332.24674601304,1301.75343310272,1306.19091045625,1423.63973237076,1346.33083743373,1644.85569480077,1226.96858239294,856.888490606156,856.888490606156
0,2443,2255.55070920433,2252.37148700682,2297.71341477903,1660.97906301276,1494.88961022762,1494.92718954271,1534.04076838424,1634.72191316694,1445.17378981672,1445.27963218904,1477.54430958223,1422.45134951175,1440.3674320177,1449.63726079722,1454.3386557336,1414.74851150558,1420.85281267984,1471.15791095635,1453.35021883232,1457.23185548772,1581.50405479641,1451.9084581727,1425.16910867952,1434.45745504064,1482.75744183046,1465.66341465768,1490.84505930155,1433.20822341919,1433.50103133039,1468.10050389221,1449.99309237455,1380.91403029635,1369.98375958425,1554.50519095866,1523.59247650309,1878.62243244774,1408.01749680888,984.673907339912,984.673907339912
0,2443,2253.78840432644,2263.32651299318,2301.30178952191,1672.95406057571,1505.64590534676,1505.587018342,1556.46019648866,1627.85249456585,1438.87611125895,1438.663220602,1466.16120025984,1360.99610901063,1365.97641567047,1358.14992751267,1360.46627191663,1315.93740856315,1313.02951181962,1383.6090874965,1309.57676477826,1314.58738101772,1421.3688515568,1417.38853334954,1434.63445833996,1444.19303615557,1482.07430348734,1437.01935534037,1464.62930788889,1416.35671970092,1423.52821882659,1480.67993106547,1488.08887417619,1405.01697891608,1409.09135238625,1490.75583598347,1610.11919806663,2001.99728693442,1520.02063431696,1061.61063841902,1061.61063841902
0,2443,2239.99812763118,2230.46046105377,2263.80344870812,1634.18705342537,1473.32947577776,1473.5061801759,1507.73497933693,1603.90214568138,1428.83938205792,1429.47839289836,1468.07583414089,1401.56696734427,1386.69857297584,1382.41035059137,1376.21954554841,1343.69950028623,1340.68105971032,1368.92365326157,1358.41074361577,1349.40024278513,1397.40068366558,1382.93257549805,1368.68748145724,1382.65674138072,1400.39725831984,1328.19201038256,1316.48328483297,1296.76395654625,1274.17905677826,1318.42787002417,1333.26717690921,1318.06287986737,1320.81574789952,1309.1302267394,1332.26570314486,1591.24003429099,1360.91998597935,957.212141384225,957.212141384225
0,2443,2256.96731562163,2263.32553897955,2289.29975566265,1650.18871407541,1486.39733034739,1486.24199613034,1516.14783344238,1562.76706023313,1391.66877385675,1391.13724894001,1419.48040834957,1331.46338298789,1353.31257183153,1368.59520019427,1370.98301201579,1353.34656686088,1347.75987847342,1395.00863873899,1341.38397452185,1349.66624816476,1401.86509344515,1358.01077802685,1360.07055614297,1385.42533711149,1500.37568670639,1372.22762923721,1361.23651287391,1328.98627147884,1355.94839900139,1389.85452981782,1383.87910460944,1318.80488811371,1319.75505801425,1321.44549280173,1297.50601108036,1365.13719539175,1143.73518424565,799.907266537433,799.907266537433
0,248.829832572278,2247.77441839956,2241.41597399698,2279.46542092145,1622.65344109663,1455.36998770323,1455.49835269923,1505.45519220827,1517.75387983365,1342.01820787556,1342.4973829182,1379.41236234283,1298.93976943514,1283.60546465002,1286.60243723009,1301.80082039293,1295.30042339063,1308.90929960067,1347.63819059993,1319.29052755179,1323.88504740231,1375.98929248795,1326.9807444602,1354.381193324,1365.47734080606,1436.57577267674,1453.68203996272,1457.21920597499,1367.05929712996,1390.40347916933,1441.95841289487,1438.48214039767,1370.1382826078,1367.65412258299,1392.70113289775,1376.44142282563,1521.56786184714,1068.2915702695,746.343150961253,746.343150961253
