0,89.8321019872435,0,0,252.265781354156,68.9107690856027,0,0,70.2105255267261,67.5979866815645,0,0,46.2982788332114,0,26.875607644919,0,34.1425012063116,0,0,35.5556647182658,0,0,47.8303442940714,0,0,0,40.9808569739173,0,61.4956697869306,0,0,29.989644127205,28.3016684688989,0,83.0505870236864,0,54.1139066820699,159.027581451588,171.86608459737,0,0
0,11.5330439150046,0,0,69.0835529470313,17.0712658292407,0,0,43.330311751247,47.0891419737672,0,0,41.2910017587021,0,28.6366263929834,0,36.0520236907207,0,0,34.4379019421465,0,0,43.0853896652699,0,0,0,32.9319807191486,0,54.2023840354956,0,0,27.5301454817236,27.8032486703084,0,85.9463483889827,0,71.0501233483863,247.216225056222,249.339360600009,0,0
0,10.7880254824722,0,0,61.2832108560275,15.2856619879558,0,0,39.2325445120241,40.9797919074941,0,0,28.8439261847428,0,17.3662791644001,0,23.2131868666757,0,0,27.0802643803689,0,0,40.6701269383053,0,0,0,39.0627694926699,0,65.8897821398511,0,0,33.170218191086,33.1915785760094,0,93.2436270803588,0,68.5684878701774,235.339135412423,233.844231670684,0,0
0,11.0909699476534,0,0,51.4266435339459,13.1517769371359,0,0,35.4952790743731,37.0657289480423,0,0,24.5695996393677,0,13.6337622028626,0,16.0602258400731,0,0,18.0629979908546,0,0,28.4931941307531,0,0,0,23.2734081926061,0,41.7339845632552,0,0,22.6348707191943,24.5655329839862,0,82.6777889732708,0,60.4064600929789,224.557579321029,228.231692487035,0,0
0,11.5290047080307,0,0,42.940764748608,10.0921420400789,0,0,28.4004549722348,31.0330678087183,0,0,20.4175184601821,0,13.6357059561649,0,17.7483940675789,0,0,19.4291219047662,0,0,30.2686318735676,0,0,0,28.3846487933434,0,46.2213743959874,0,0,22.6033385177544,19.8499332992209,0,70.1445387606381,0,51.1519826737686,185.535932736189,186.016625670376,0,0
0,11.0909952911025,0,0,48.2244587645853,12.0876984291051,0,0,28.0699701199932,30.6960062028701,0,0,19.6805366229442,0,12.4238409591808,0,16.0381314301497,0,0,16.207738956763,0,0,23.2638332893178,0,0,0,20.5294923788241,0,37.1683128515605,0,0,19.2964255592664,21.2612373164616,0,69.1191693318104,0,51.991926280104,185.700802255388,187.773955923108,0,0
0,11.5290047088975,0,0,44.9957534322445,11.1554213790966,0,0,25.1912704374557,26.2892294032111,0,0,18.356755419447,0,11.0270542003404,0,13.1149191533421,0,0,14.1338231870071,0,0,22.5507881557047,0,0,0,19.5501747871673,0,34.2905875932102,0,0,17.7176649475972,17.2593643822062,0,53.6044810912013,0,41.0162134160289,133.466221396427,133.940128714242,0,0
0,11.3939652378843,0,0,36.3295874731964,8.89614021877047,0,0,22.0016051166814,22.9930898777328,0,0,15.6067294118631,0,9.39915295437288,0,12.2154627987361,0,0,18.0369890342963,0,0,26.1718312932992,0,0,0,22.3784047976437,0,36.5018583400602,0,0,20.7605741412484,18.192492251006,0,53.8148643681465,0,46.4671170989399,143.606784372894,144.145687790274,0,0
0,12.2700094169282,0,0,46.6873087067272,11.2873482213369,0,0,25.4026670275079,25.0973787685242,0,0,17.570048386552,0,9.24053606800732,0,10.8222557381084,0,0,11.3854672879007,0,0,16.4371939982439,0,0,0,15.4763887771637,0,23.7863561657602,0,0,14.9235284815343,16.8349573590064,0,56.436922136744,0,43.7889937599081,178.731183584256,180.728482628561,0,0
0,10.7880506886414,0,0,42.9799941499547,9.96464428362009,0,0,26.7929892593735,29.3905495425366,0,0,21.8240979269052,0,13.0241591252774,0,15.0167358753483,0,0,15.0905355414209,0,0,17.9444273154964,0,0,0,14.0984312169215,0,22.851676887167,0,0,11.6859320861117,11.9973666550711,0,39.7869175999328,0,35.2148776413103,113.989088507179,115.083782666471,0,0
0,10.7880000017337,0,0,55.188918618451,14.2116152815404,0,0,29.1374476392528,30.402251928861,0,0,19.9860300429305,0,10.4638642308908,0,13.1589763193414,0,0,14.14369003054,0,0,23.4660301598206,0,0,0,20.5059983061547,0,34.2343846926469,0,0,15.614100410083,15.5905163697629,0,53.1537001761158,0,37.0289301002335,122.367819843617,121.09834563952,0,0
0,10.4850300532183,0,0,36.3241822491618,8.89435347319916,0,0,23.1948643578217,24.237023505217,0,0,19.6297194983116,0,12.7045796984278,0,16.2452638120708,0,0,17.4317484294803,0,0,24.2870942014535,0,0,0,20.0043258034128,0,31.2402928676163,0,0,15.6049212501412,14.8834046919682,0,55.3798159427628,0,42.5937502845267,165.322629219914,166.738278364308,0,0
0,9.74402534518754,0,0,31.9823026548887,7.69140835175407,0,0,20.9125958367636,21.8518699330679,0,0,15.3268548124532,0,10.0653977600895,0,12.2063715063564,0,0,11.7065446803027,0,0,15.5943084179938,0,0,0,15.0332121431166,0,23.6266232369287,0,0,11.8632754335791,12.6466595218457,0,39.9091681080052,0,34.7509818501927,121.306449918818,122.6616353605,0,0
0,124.534942323828,0,0,384.443810094566,93.3785332889939,0,0,95.5875359993694,97.5005143063777,0,0,52.1256269214516,0,19.4757880298146,0,17.5086848681721,0,0,17.861128821841,0,0,24.3544588154061,0,0,0,21.9979906800937,0,36.8050685507042,0,0,17.2871403834755,16.1089880190383,0,42.5981248201747,0,23.3409914661579,92.2384332487855,91.1644253969119,0,0
0,125.279974517057,0,0,404.754327396827,99.5130122186106,0,0,105.882018331471,110.502251243821,0,0,68.1252485023967,0,35.2097125646602,0,39.1568044379203,0,0,34.7288723459942,0,0,39.9561843226519,0,0,0,29.1618263435399,0,41.0771766319658,0,0,17.1993416882314,16.2098414444037,0,48.3673198099229,0,27.0654069647171,98.7425317961508,100.06786860999,0,0
0,124.674060105565,0,0,392.311443293967,96.3296964997643,0,0,101.877098279499,106.372619927979,0,0,67.3668306186348,0,35.3751520408246,0,41.7556663900907,0,0,40.6289934137476,0,0,49.2054948156624,0,0,0,39.1032466467761,0,63.0585217217155,0,0,27.8618642729138,26.8566338813711,0,70.7514737370101,0,48.9274433151347,137.70297914726,136.131721609812,0,0
0,123.797990583939,0,0,374.950552944431,91.8015505293861,0,0,96.0455170916755,100.318378220656,0,0,62.2643832705997,0,33.9686714691692,0,38.9968102579131,0,0,36.5285661509852,0,0,46.5459022112716,0,0,0,35.5067337758029,0,58.4598807448741,0,0,27.7211052313437,27.7515558545631,0,75.1302791058624,0,52.4490945142256,186.221585138431,187.132494430893,0,0
0,125.279949311359,0,0,384.717677432979,94.186668039212,0,0,99.2856253526539,103.616019463042,0,0,64.9210815854115,0,34.9557537244042,0,39.3014508256793,0,0,36.283158520718,0,0,45.6330418641645,0,0,0,36.9585376308385,0,57.141201869471,0,0,26.9294201513196,25.7801706375799,0,73.081589236696,0,49.8279185006319,172.799099726291,173.688915948879,0,0
0,125.582969945048,0,0,386.466228146433,94.1971133959445,0,0,99.9434350538859,104.340912126151,0,0,67.0099866241758,0,36.0183686107278,0,40.8727820491666,0,0,36.8111279366524,0,0,44.5224626166767,0,0,0,35.0188747598976,0,57.4562225961883,0,0,29.6563444843593,28.9024046336493,0,80.310068229995,0,53.2733899786767,197.502203052847,198.34628381289,0,0
0,126.021004708031,0,0,402.120359912525,98.5881840907442,0,0,102.530408743833,108.394498903785,0,0,67.3989828829039,0,35.6342811541291,0,40.8563232129614,0,0,39.4987403606621,0,0,50.9233023650074,0,0,0,40.2378047514177,0,62.7617134972317,0,0,28.9298921337904,30.5511886182023,0,81.7174088310713,0,47.9374516275004,169.463931443809,169.377085419071,0,0
0,124.977055397539,0,0,393.46689992068,96.3332056611961,0,0,99.879882752939,102.913184984948,0,0,64.6955487534497,0,34.9045295172665,0,40.4054594637735,0,0,38.4745478728358,0,0,46.6372608171371,0,0,0,36.9783465602153,0,58.8122359604093,0,0,28.3334617303725,26.7644324576994,0,78.5701977640559,0,46.6143095374866,162.37059128655,163.945235545669,0,0
0,124.841965239618,0,0,389.119626372467,95.1284776091762,0,0,98.753063263577,105.886948521782,0,0,67.0772731714498,0,35.6136997565627,0,41.5022590031094,0,0,38.8270078755793,0,0,47.4399987564629,0,0,0,36.147715911306,0,58.1324347868524,0,0,27.3953118657379,27.1209293351171,0,76.6240014651973,0,49.8907749252131,168.566853056391,169.231190777795,0,0
0,125.415039470146,0,0,402.109880447305,98.584679010712,0,0,97.1560003546703,101.388355968031,0,0,62.0590290747089,0,32.9612185166348,0,38.3768591782149,0,0,36.3014450137952,0,0,46.7024860534729,0,0,0,36.3619670308379,0,57.1503168537417,0,0,26.5288994285094,27.1553037802275,0,73.4036875164138,0,46.1667018006618,159.886494136481,160.507215164597,0,0
0,124.100985874174,0,0,385.381005954762,93.9359109743794,0,0,94.4292746856864,97.260947581353,0,0,60.5350688608212,0,32.2643698779358,0,36.7308811070537,0,0,33.0998149464357,0,0,40.522711205303,0,0,0,31.3369047915586,0,48.5978559580434,0,0,23.0335216799151,22.2368643532175,0,65.4459190855447,0,42.4704052214958,143.948462044749,145.644853787298,0,0
0,125.415014126693,0,0,409.644280489368,100.70773492174,0,0,102.8480561176,108.687960843869,0,0,67.4088088658616,0,36.3725540923809,0,41.2183680443205,0,0,37.7387607419773,0,0,45.1644892768373,0,0,0,36.7505902140499,0,56.7878743602874,0,0,23.9840349292131,24.7981982376677,0,69.9251213366824,0,45.0038585094907,159.593783886587,159.604954531488,0,0
0,85.0004195944038,0,0,268.682643756053,65.7067874442402,0,0,70.7646277487996,71.9422988530924,0,0,48.7423181372774,0,31.4628733241956,0,39.2367702541546,0,0,39.5143506131104,0,0,51.2343874393808,0,0,0,37.9356961554646,0,61.2177701622935,0,0,26.6384545304706,25.5811878117412,0,66.7803814781988,0,43.1256544456766,153.24492912293,153.483492416466,0,0
0,84.9990000485539,0,0,270.01076289588,66.5263667350655,0,0,73.7094366571183,78.3339313801205,0,0,49.6554464983757,0,25.7274823414211,0,28.5403476449855,0,0,26.6169396204926,0,0,35.6127651204059,0,0,0,28.6792194501673,0,48.28852830032,0,0,24.4570254611807,25.2566419252728,0,70.837395852242,0,42.7949926407104,144.463439763759,145.348819941558,0,0
0,85.3019699467834,0,0,259.832878837128,63.3346526908743,0,0,66.9136202796885,71.2555907587619,0,0,46.8412708319935,0,25.1883468690084,0,28.9350426274963,0,0,27.4220963290648,0,0,36.0378938435161,0,0,0,29.3645750851661,0,46.6110328733215,0,0,20.4223564967544,20.5797306597303,0,60.6676642641573,0,34.899383974998,134.148742810985,135.231244139653,0,0
0,85.7400047080307,0,0,272.27687866098,66.6589973312964,0,0,68.4423425710549,71.426071693056,0,0,44.8105913138105,0,23.6972406539773,0,25.6423692538749,0,0,25.0110284190001,0,0,32.0863578460204,0,0,0,26.3056918922168,0,41.5679766758923,0,0,20.5731280850152,19.5533291650492,0,56.7142235737315,0,40.9553705664065,116.632826490549,117.562701039837,0,0
0,84.9990253443207,0,0,266.823367225323,65.4672964704569,0,0,68.0278213478404,71.0401282364167,0,0,45.3143371213823,0,25.4776842851621,0,28.6813228957794,0,0,27.2439214563848,0,0,33.8289064115313,0,0,0,28.8906544093854,0,45.0179670529251,0,0,20.8303743558817,20.9626891181726,0,57.8348575603714,0,39.0335323320217,148.043985970358,148.553454107025,0,0
0,85.3019699476486,0,0,262.460358857648,64.3979350046802,0,0,66.4459723930831,69.3739314045817,0,0,45.2769075909113,0,24.0599297294012,0,27.2812418016134,0,0,26.8611773960074,0,0,33.3499387903372,0,0,0,26.7305421739557,0,43.12187742076,0,0,19.5271486769452,18.8354355999688,0,50.9146592662532,0,35.6741947210987,119.497542703678,120.294690573157,0,0
0,86.0429746548125,0,0,265.301948271564,64.5315784197735,0,0,65.3419923607864,68.2022574657255,0,0,44.4014342280393,0,24.1482564858107,0,27.8240445158751,0,0,26.6489021444341,0,0,33.7525534320923,0,0,0,27.914775037614,0,44.2157680076044,0,0,21.6945382066164,21.907284793877,0,56.5624493506574,0,38.0816324069595,136.129367254605,136.515170744298,0,0
0,85.7400300523513,0,0,276.067414229658,67.7283620984401,0,0,69.4242124641481,72.4659058229922,0,0,46.5392852434953,0,25.1914430669269,0,28.3703983555356,0,0,27.5070781447617,0,0,33.8607641088534,0,0,0,26.7738049481433,0,41.6409705750093,0,0,18.7566191970769,18.9738591412094,0,47.9094620964769,0,33.2881351870478,111.277288794178,112.062955428153,0,0
0,84.9990253451875,0,0,267.970882230123,65.4681599638341,0,0,70.5598414352344,72.303074641108,0,0,49.3554408935783,0,28.0137819692265,0,32.2141989616383,0,0,30.1024696511597,0,0,35.7913384931111,0,0,0,27.5716642517184,0,42.1119484972476,0,0,18.109006951769,17.9076474572479,0,51.1172229350343,0,28.9997879320656,113.629950341474,114.441275905315,0,0
0,84.9990000008669,0,0,272.872724718293,66.5262141117366,0,0,72.893388388352,76.0963966989997,0,0,48.8048585180183,0,25.9776880754584,0,30.2458161395939,0,0,27.4587388914749,0,0,36.4297154882315,0,0,0,29.6937835781666,0,48.2656415843771,0,0,23.3033179452701,22.1091218369333,0,63.5688668325037,0,39.7084946091001,127.853645154013,127.00827088305,0,0
0,85.3019699467818,0,0,279.280240080973,68.6553490850593,0,0,76.0048083099094,79.3403782047883,0,0,52.2347033989582,0,27.5286578394776,0,31.7660803230618,0,0,30.4711403131994,0,0,37.0017188243981,0,0,0,27.288827095425,0,41.1639667196243,0,0,18.5831037271834,18.2674286268335,0,57.5916014097871,0,33.1865289994062,124.497961350092,126.246339416122,0,0
0,86.3459446015942,0,0,278.354485390816,67.72743758655,0,0,74.4031086341598,75.9557223327287,0,0,47.5995858194947,0,27.3628861021076,0,31.3650327616805,0,0,29.777509843751,0,0,39.9772910770225,0,0,0,30.3548272544232,0,46.1649623072341,0,0,23.7029251040479,21.9900385068187,0,64.1060789140171,0,38.9610556885119,138.613882455699,138.466972789793,0,0
0,76.9533505441636,0,0,263.701482534674,64.8553004084772,0,0,77.5423290031566,81.1186233513763,0,0,54.0752469385123,0,29.8000691395019,0,34.8423831860472,0,0,33.3749520487814,0,0,41.381788076273,0,0,0,32.0965435076703,0,50.6162928119833,0,0,24.2043265296984,25.1462682098151,0,67.9092955168853,0,41.5039049912532,130.735255282004,130.975253976481,0,0
0,78.0298450368399,0,0,253.389202056485,61.4779316857453,0,0,71.9164268888216,75.1086588997768,0,0,48.2133752120864,0,28.0598444257639,0,32.2047386434797,0,0,30.6543345722609,0,0,37.8682865486579,0,0,0,30.2895764781655,0,47.3596301106831,0,0,22.7584733011523,22.2636306389619,0,63.2770323330761,0,43.8843681739982,139.607541737261,140.555600448165,0,0
0,80.960998195833,0,0,295.588440666827,72.9193867557504,0,0,85.6152072470196,89.250386681424,0,0,57.7170087353092,0,30.8643937635098,0,35.7109239538248,0,0,34.6970611953578,0,0,41.9251497085519,0,0,0,32.7641037850016,0,50.1102777921282,0,0,23.63958166504,23.1073113883734,0,60.6123872972223,0,43.7104544568319,159.723751349249,160.210638448649,0,0
0,77.8620666143001,0,0,256.083724802126,62.7043939256549,0,0,73.1264726877873,76.4567330500836,0,0,48.4637760493945,0,27.8807774262852,0,32.2337825560878,0,0,33.5776145397882,0,0,43.9601384210611,0,0,0,34.874679304461,0,55.5160572201831,0,0,26.7671411414201,26.3681333634879,0,68.7526483536794,0,39.5576259185698,149.206522191664,149.099791448273,0,0
0,78.7380094203955,0,0,264.081702040573,65.0721349607811,0,0,75.0688459593622,78.3337584440835,0,0,48.6246552057753,0,26.9650973786335,0,30.1873153345054,0,0,27.6822508576259,0,0,36.3871159344547,0,0,0,29.6658517884469,0,46.1796331710255,0,0,24.2129289479672,24.9459366829187,0,75.5504996688241,0,43.1533889448425,146.093909526432,147.437176847046,0,0
0,77.2560506886415,0,0,246.41940590293,59.4928591042248,0,0,70.1586660169132,73.2967813124405,0,0,49.7326632621214,0,28.3659533587744,0,32.7898076056396,0,0,30.2720145791087,0,0,39.5726076546952,0,0,0,30.3533308910961,0,45.0374860113517,0,0,19.9315656316662,20.0792428416282,0,60.9207705908421,0,39.939097303412,138.615453659579,139.550572594555,0,0
0,77.8619398952973,0,0,267.313086451484,65.864667920846,0,0,79.0063668349388,80.9904993044681,0,0,51.1403631899803,0,28.0271967924971,0,32.245686951698,0,0,28.7521591556288,0,0,36.8772485458219,0,0,0,29.4704253058908,0,47.108169019348,0,0,24.2537951299082,21.2824470578282,0,61.2922057860921,0,40.1860323387533,130.512685567631,130.756571679666,0,0
0,79.0409793628432,0,0,266.379193360678,65.0746954529919,0,0,80.6279167053509,82.6840005276099,0,0,52.6791807729416,0,29.6058374304501,0,33.8895228996134,0,0,32.8767016276916,0,0,40.9866582563922,0,0,0,31.5598138567835,0,46.9252688086134,0,0,24.1098101728136,25.4055675316684,0,69.1453068340454,0,44.9310685321056,160.022540812466,160.945050927359,0,0
0,79.8148750773628,0,0,264.131050796701,64.9480640169835,0,0,82.70115914643,86.3547691018485,0,0,54.1831259225334,0,31.1995169463528,0,35.6744102289482,0,0,35.3921743797953,0,0,44.7107079603447,0,0,0,36.2275190069114,0,56.0060021139887,0,0,27.063544509489,26.5882344323871,0,78.207663552742,0,48.2122718461967,153.466834661902,153.209787854815,0,0
0,83.5198732749291,0,0,285.656289189399,68.8086552136159,0,0,87.4490815246507,89.743692121238,0,0,59.7368834333597,0,32.1702411578016,0,36.5160410942494,0,0,36.2386604495374,0,0,47.4800654422885,0,0,0,40.0098007939284,0,61.5854309070235,0,0,29.5747850964811,29.6337780544841,0,90.9794933474375,0,61.6723026369652,208.398950546361,208.173532837592,0,0
0,82.3081202085385,0,0,313.638890760531,77.3461788791193,0,0,103.544271051791,106.599308619529,0,0,70.9813925193237,0,40.5616721603554,0,46.1723606128482,0,0,45.4846822597892,0,0,57.3189434708739,0,0,0,44.3815528174385,0,66.2508535819422,0,0,28.5843286211418,27.7382641078457,0,85.7239541669502,0,62.3205450275347,207.495278116405,208.634344622678,0,0
0,81.1619210614408,0,0,280.097649847704,68.3019338979708,0,0,96.6968983632899,99.5789645689092,0,0,65.8743992806722,0,41.1195799335752,0,48.3689636677326,0,0,47.83881442239,0,0,60.2991634302015,0,0,0,46.9214697113081,0,70.789535068424,0,0,34.2441718000198,30.9007719360439,0,94.4933309174697,0,72.9588023250043,235.271750342864,235.770698977224,0,0
0,121.060620118243,0,0,428.608097638867,104.027987376265,0,0,131.571505522723,136.522711540994,0,0,85.1144919879443,0,45.0525887756683,0,49.9037390147014,0,0,47.4916302382551,0,0,60.84389823503,0,0,0,50.6894703458938,0,77.3454752736571,0,0,42.8456988114259,41.4630233295171,0,133.758368805337,0,82.40543154592,310.424159025622,310.788304761977,0,0
0,120.321025296964,0,0,443.651874655964,109.459117989539,0,0,143.155089524,147.980037608339,0,0,97.8963648149268,0,56.3354166989956,0,66.1693288142031,0,0,63.0129100670658,0,0,78.7255987117125,0,0,0,60.626138388908,0,90.5228135862492,0,0,41.437436878994,41.8241538638812,0,133.219717811362,0,101.36450803481,312.002069532561,312.704563007737,0,0
0,120.018030054083,0,0,421.002160360466,103.074373360819,0,0,138.18532904113,141.358852070229,0,0,94.016383752231,0,54.657552009681,0,64.407992961012,0,0,65.7436300687725,0,0,84.7559419795072,0,0,0,71.708344191882,0,109.292959908737,0,0,52.9555133766346,51.5333218966073,0,149.632055513815,0,106.252546533425,383.226030023519,382.553210512961,0,0
0,119.277025345188,0,0,418.94766437799,101.870565864361,0,0,140.164697165754,146.351062284897,0,0,96.6229523789813,0,55.0969588045571,0,64.7000827897583,0,0,64.3224091107844,0,0,81.266177482595,0,0,0,67.9284306070846,0,107.11299472412,0,0,52.5801535315554,51.8998810645077,0,157.274664279175,0,106.054089771142,367.787171414824,369.530186572175,0,0
0,119.579969947649,0,0,433.22711107071,107.186032791347,0,0,149.700486492852,156.265725011352,0,0,108.730996572495,0,60.3929349897238,0,71.7990612381693,0,0,77.2888960538659,0,0,101.072984543955,0,0,0,75.7815936961103,0,117.077769261559,0,0,52.6035176641481,51.7751077526265,0,159.504484161951,0,98.4739275068618,365.700829200217,366.632526186898,0,0
0,121.229884495158,0,0,413.666488667827,99.8758622726472,0,0,171.68858120077,144.462407918031,0,0,102.519509323312,0,60.7366095971041,0,71.94044925556,0,0,73.7678837947575,0,0,98.409073292669,0,0,0,80.1149036958409,0,126.643207609909,0,0,62.8085490240211,61.5418770202794,0,182.068965818381,0,124.444581045549,408.905243479557,409.100280179728,0,0
0,123.45292396357,0,0,463.826567877044,114.111541365691,0,0,240.398341918977,250.875314194286,0,0,163.354359323421,0,90.3171915841467,0,100.753802557657,0,0,89.2467510938131,0,0,103.041302053512,0,0,0,78.461030333135,0,118.354662586471,0,0,56.092688901707,57.2414319190621,0,164.634167644847,0,111.227717635325,386.378250437892,389.014379099888,0,0
0,124.967849731308,0,0,451.088682448273,109.879264786349,0,0,234.328836747641,244.656507181638,0,0,158.341548743059,0,88.2848657546467,0,103.213905459945,0,0,103.751520124418,0,0,132.334617107699,0,0,0,108.58393556107,0,169.716509220674,0,0,80.5724522802487,75.898691816895,0,219.063849430948,0,141.7768443327,434.213668675992,430.178925993786,0,0
0,127.460993486935,0,0,491.25928915937,120.125627242179,0,0,253.795424678553,258.998832865487,0,0,172.962527298279,0,91.3814748260881,0,105.17538975472,0,0,101.951101351872,0,0,129.14830677851,0,0,0,105.420138724605,0,162.84635560994,0,0,81.0830210112429,81.5264156542077,0,250.306809656863,0,183.371459477006,635.848356899946,638.841088217722,0,0
0,126.011951110325,0,0,481.240389248813,116.424752917347,0,0,260.410640064677,271.940707365146,0,0,184.78257780008,0,105.292186626989,0,124.57180165735,0,0,123.345450172971,0,0,152.65766481376,0,0,0,128.953261934664,0,193.26514048994,0,0,88.176084243661,84.7854082412696,0,253.622388013633,0,176.183239703618,608.259661247527,608.666957143876,0,0
0,132.443602798566,0,0,542.293863061226,133.039349683022,0,0,281.102759161591,293.332622538593,0,0,195.352259793989,0,110.483832887877,0,131.83194319705,0,0,127.656840964113,0,0,162.574634209737,0,0,0,127.857285715635,0,199.17476850851,0,0,93.1990131675499,92.4129913362836,0,280.100888592455,0,198.212325538171,682.299885098229,684.828209881122,0,0
0,138.809801942196,0,0,570.947340681214,141.733608610868,0,0,285.904601256512,300.182600417656,0,0,201.209693390733,0,112.072643603142,0,131.595670067286,0,0,135.271537326106,0,0,184.658287017326,0,0,0,152.865553678119,0,236.410871999311,0,0,109.472822213103,104.818781280017,0,313.323998968875,0,207.830984389888,715.220662332436,713.085798072521,0,0
0,327.434576905489,0,0,1107.2651902042,268.122698056088,0,0,385.571923047201,398.764558531227,0,0,253.092076693473,0,131.479304515738,0,144.396764968384,0,0,141.618232466904,0,0,188.460813237967,0,0,0,160.093932412231,0,251.394880357504,0,0,122.484175320474,118.141444051904,0,361.853415587983,0,249.558645854556,838.495729783339,841.042666892606,0,0
0,324.44076766136,0,0,1128.99925848758,276.280863254286,0,0,410.668936278557,428.862823172738,0,0,284.526839542572,0,168.565175760665,0,195.901154395664,0,0,190.436461353462,0,0,236.25308759726,0,0,0,184.824086298119,0,278.233307827362,0,0,127.087332724054,125.927343566483,0,387.48316273585,0,272.006482889245,908.176110786786,912.293826746162,0,0
0,333.70489972674,0,0,1219.98916017024,297.681560959707,0,0,443.719343246702,447.902889256867,0,0,290.438594269476,0,162.428484048471,0,190.448315153836,0,0,197.823990265365,0,0,257.817503245235,0,0,0,213.325169517505,0,335.306812878911,0,0,157.269472504553,154.698885079616,0,455.34631643572,0,308.572357005404,1096.20806788175,1093.34569720428,0,0
0,327.069128516235,0,0,1188.75530125075,292.035112171506,0,0,466.530185805359,487.237127703935,0,0,321.943709682787,0,178.773428469398,0,207.615863393605,0,0,199.855876864272,0,0,253.53292046151,0,0,0,201.707021235593,0,316.24660733831,0,0,150.932205530771,146.588447389339,0,440.985855369227,0,298.454632197766,1054.60068525656,1062.17699935877,0,0
0,329.56199349647,0,0,1186.11308296631,290.527954672841,0,0,458.85323207998,478.977651255801,0,0,316.36692395559,0,178.890534001203,0,212.75754436201,0,0,217.873229160873,0,0,293.736103059427,0,0,0,242.030320319933,0,370.391417546639,0,0,174.981963982899,173.252700062671,0,508.847527279645,0,312.900320820765,1076.67845018768,1073.51787741907,0,0
0,328.415921057107,0,0,1159.92896093756,284.6893089659,0,0,459.4824605089,474.46146050565,0,0,313.315368650123,0,174.933048187893,0,207.020307001681,0,0,208.041237530052,0,0,274.054221229925,0,0,0,228.030097513951,0,357.352236569466,0,0,171.715074886043,169.347440924482,0,512.171665252306,0,346.365891478803,1185.50132835407,1192.88776157146,0,0
0,333.770757772687,0,0,1177.8416066531,286.538736456858,0,0,465.663391312475,486.059607870793,0,0,321.29437409291,0,175.491409918229,0,206.818085361456,0,0,203.641471074074,0,0,267.820555569831,0,0,0,224.460877743404,0,357.542875192679,0,0,172.05897883031,171.594287737275,0,499.051693011331,0,324.575745734283,1163.63833753718,1168.76142555561,0,0
0,334.479074225327,0,0,1242.84689491328,303.995530211104,0,0,489.161069282497,510.570599263029,0,0,339.402462581356,0,190.848420709526,0,224.809516061686,0,0,224.905508327123,0,0,304.90850019265,0,0,0,245.171159660182,0,379.878295695516,0,0,179.708252419183,168.77904678565,0,510.876566365105,0,334.893482028446,1042.32382017693,1044.34914875521,0,0
0,336.227585765409,0,0,1224.25082287067,300.157457006218,0,0,493.810151737986,512.433256109588,0,0,348.968770040315,0,199.184471576619,0,236.022364398029,0,0,249.199336823156,0,0,337.649702149174,0,0,0,283.997407414091,0,440.900126142475,0,0,216.978154053233,214.799532987769,0,628.935342293483,0,426.022959238005,1511.78921598205,1510.63790261979,0,0
0,347.141784216704,0,0,1301.65570725893,318.516275261752,0,0,510.243323432723,532.363167683311,0,0,355.601386453231,0,206.499681060414,0,251.119109363278,0,0,255.336632813428,0,0,347.654989740182,0,0,0,286.603567838797,0,443.580861317463,0,0,214.694046755057,209.045794977418,0,626.503715572985,0,412.752078610057,1419.03979894866,1426.66633476007,0,0
0,341.214202745897,0,0,1272.21463316246,310.082725734385,0,0,505.663951199559,528.061393738544,0,0,355.665373099153,0,203.654171693625,0,245.882968782526,0,0,252.25376754259,0,0,345.859259691893,0,0,0,296.714818177637,0,466.613127541639,0,0,223.579381811212,225.917750046805,0,667.182658378567,0,439.026114023253,1547.54474168965,1549.88627296026,0,0
0,344.849639368316,0,0,1304.11777440492,320.683224859017,0,0,514.163474408717,545.726637113258,0,0,367.446903827549,0,213.246678743614,0,261.182968586205,0,0,265.321599359731,0,0,357.457689493313,0,0,0,293.806637385499,0,460.353320895942,0,0,223.10418424589,215.627190189651,0,659.913491914361,0,434.503249993059,1439.74151842982,1448.99750823208,0,0
0,716.441052663526,0,0,2325.44936670112,568.750301140907,0,0,712.510596173186,738.814900471036,0,0,461.396421339944,0,230.986794449195,0,263.237543874596,0,0,262.321370650735,0,0,363.724927623383,0,0,0,316.34190459848,0,490.890166211145,0,0,242.806759614748,238.924798768101,0,753.250778778421,0,493.355317485533,1714.33104779864,1717.20079641808,0,0
0,715.643790983506,0,0,2328.74827923318,571.122529325818,0,0,724.726901035181,756.607384437694,0,0,509.833769703454,0,286.303171031655,0,344.146037497008,0,0,350.256080376739,0,0,470.706334529805,0,0,0,381.083062718904,0,584.131828610843,0,0,273.494193732866,260.753920747985,0,785.493978194882,0,520.02339226199,1821.96312445582,1824.5944607779,0,0
0,723.62678602259,0,0,2318.50584803367,566.65386832649,0,0,714.683900900805,747.444671336466,0,0,502.719025647121,0,290.313901144102,0,350.4045386919,0,0,361.909796596973,0,0,495.690159191125,0,0,0,418.04673031583,0,656.429010824554,0,0,307.326935471321,310.743394131031,0,911.191916311662,0,579.927596534336,1979.54225788383,1977.93398682291,0,0
0,685.412287250675,0,0,2341.33877056969,571.121132503789,0,0,722.780604971186,754.568453836808,0,0,505.728296744211,0,284.56488790171,0,346.112294390928,0,0,355.375217995571,0,0,485.741940616015,0,0,0,419.527817037455,0,655.78286795318,0,0,314.271860205483,309.891152233463,0,917.533274864126,0,595.450175583055,2063.4094040654,2072.30744860395,0,0
0,677.151590584722,0,0,2367.31197866418,580.702850010526,0,0,739.185881272003,771.678967569491,0,0,518.418982583266,0,288.332783209013,0,347.888545319457,0,0,352.776698253816,0,0,495.690159191125,0,0,0,414.030586240598,0,654.583114616134,0,0,319.615572022675,314.657217273377,0,968.444455730055,0,592.266762431408,2086.84428611923,2095.94524225154,0,0
0,678.052204278864,0,0,2348.17725958938,575.600275432466,0,0,731.046023490391,763.22860706117,0,0,513.102320262299,0,290.478467582708,0,351.610959129765,0,0,350.39224602566,0,0,495.690159191125,0,0,0,432.552941176397,0,674.878849172403,0,0,322.715271749655,320.449098570897,0,996.683431940534,0,638.844754564522,2180.90092786619,2186.73503026614,0,0
0,679.822832229879,0,0,2330.5437845277,572.404051374456,0,0,723.962609878568,755.827337739541,0,0,509.835978576351,0,283.086385517789,0,344.41158871802,0,0,352.893587703172,0,0,478.165533372479,0,0,0,412.417803931588,0,647.278461458429,0,0,324.221102772493,314.393293534573,0,997.192409574182,0,635.844888905808,2183.74229547247,2194.81848494458,0,0
0,686.00410655164,0,0,2305.78318635753,564.100329733184,0,0,705.107507817664,736.159188778406,0,0,497.411971502282,0,283.244277739359,0,349.000736117581,0,0,356.407604116976,0,0,495.690159191125,0,0,0,433.667714662373,0,682.780531491197,0,0,330.220495638948,330.051276571958,0,1037.20144436912,0,678.356615357223,2313.47883028982,2320.1104524308,0,0
0,687.568550747395,0,0,2314.16630838163,566.010773508936,0,0,713.537548591758,745.399785439719,0,0,513.11113670552,0,287.581926717918,0,351.321076254899,0,0,364.313045776344,0,0,495.690159191125,0,0,0,440.025131663395,0,705.090354454519,0,0,338.052290153794,336.646919488849,0,1075.43511982505,0,686.848865485964,2350,2360.21739130435,0,0
0,685.401917803745,0,0,2320.5977086216,568.566359728459,0,0,718.147307706421,749.737496144812,0,0,518.988329630305,0,292.360669470319,0,354.86227154084,0,0,363.083140689558,0,0,495.690159191125,0,0,0,440.557568678966,0,700.50517722882,0,0,341.651200160235,334.642517810695,0,1083.66666666667,0,698.291987479833,2350,2360.21739130435,0,0
0,685.457238859262,0,0,2324.79831424211,566.652228682799,0,0,717.040557102926,748.596550949094,0,0,520.590836161108,0,297.000154956782,0,358.829952755495,0,0,355.76978024247,0,0,489.234352089622,0,0,0,440.983769671864,0,701.388528464034,0,0,351.43877302049,339.662070259234,0,1061.51352131977,0,690.915441246327,2350,2360.21739130435,0,0
0,682.065389179478,0,0,2359.7307674342,578.145622786666,0,0,730.336716099024,762.434241953469,0,0,515.548543341121,0,293.206860116318,0,353.531931404596,0,0,338.519717210803,0,0,495.637723296443,0,0,0,440.49253422379,0,699.490354457551,0,0,349.939079097104,351.223320452074,0,1083.66666666667,0,694.148268056552,2350,2360.21739130435,0,0
0,684.497471959482,0,0,2349.06375781724,576.237225274754,0,0,735.867032978052,768.251366911291,0,0,537.237328896544,0,303.765018077906,0,349.547472311115,0,0,346.493014004021,0,0,486.785517568448,0,0,0,441.285391156614,0,697.627411385641,0,0,349.539647772901,345.240206052142,0,1083.66666666667,0,678.232574246158,2350,2360.21739130435,0,0
0,684.03076847601,0,0,2329.90727252734,571.127279813761,0,0,728.279519569649,760.340398873108,0,0,537.567864571271,0,275.88657911061,0,320.969072417917,0,0,339.036629688565,0,0,468.689684638914,0,0,0,441.11200289131,0,696.958882921581,0,0,351.774244810604,347.447736398295,0,1083.66666666667,0,678.138288786139,2350,2360.21739130435,0,0
0,687.951084023002,0,0,2319.71605771584,567.931051377059,0,0,717.154675185387,747.301485773248,0,0,519.539244861714,0,255.931042543094,0,310.886266599781,0,0,323.1723734334,0,0,472.95213132872,0,0,0,441.409642248511,0,701.364468313654,0,0,356.547274908381,347.976049240388,0,1023.92540645348,0,678.137730233801,2350,2360.21739130435,0,0
0,690.646093406815,0,0,2320.28248615094,567.929001218626,0,0,723.405316248081,755.23514982573,0,0,469.475844591012,0,253.772748029141,0,314.822024215333,0,0,316.262096854271,0,0,469.799770259189,0,0,0,440.204056764857,0,702.344060150325,0,0,362.607641844523,335.471127226927,0,1025.04598166055,0,678.137726924906,2350,2360.21739130435,0,0
0,692.693835418403,0,0,2322.89127216203,568.567590114989,0,0,721.577760761448,753.325113219793,0,0,450.551766700877,0,247.401336265624,0,301.29724997482,0,0,331.170653837093,0,0,483.888268952037,0,0,0,440.869131475175,0,699.012588614423,0,0,346.824907480901,320.308399825149,0,1006.03774696986,0,678.137726905304,2350,2360.21739130435,0,0
0,692.309386701584,0,0,2329.50864930725,569.206589870772,0,0,706.303039901099,747.661519803553,0,0,441.347588269306,0,259.316501082352,0,323.53489696805,0,0,336.378076231799,0,0,492.944854310952,0,0,0,441.096648672297,0,699.227411385615,0,0,317.744264258314,304.631715671984,0,999.906308000927,0,678.137726905188,2350,2360.21739130435,0,0
0,692.75602294326,0,0,2338.35804296044,574.315720670479,0,0,711.522006232504,742.812396922609,0,0,450.567431272765,0,271.413716085806,0,333.402328139603,0,0,338.437622011959,0,0,483.876481803239,0,0,0,440.902205800505,0,695.382943071957,0,0,307.466748749687,302.13265092508,0,1004.20370099146,0,678.137726905187,2350,2360.21739130435,0,0
0,697.00672743554,0,0,2309.60579913981,566.017326566465,0,0,686.101352681076,716.316753799974,0,0,471.568574951342,0,279.906733997374,0,337.726557362297,0,0,345.332709410543,0,0,494.875120577579,0,0,0,441.908831784561,0,689.03824180828,0,0,312.858350021413,313.263908648728,0,987.188046634802,0,678.137726905187,2350,2360.21739130435,0,0
0,699.194676130453,0,0,2301.44485091388,563.457642707202,0,0,676.826021210862,689.071707087223,0,0,486.779513139346,0,279.969877150697,0,349.943720197828,0,0,349.938801851425,0,0,488.256356535392,0,0,0,412.214435587222,0,635.648685456031,0,0,315.258921960682,314.110506019881,0,1032.51823042389,0,678.137726905187,2350,2360.21739130435,0,0
0,698.970866516049,0,0,2305.4473807481,563.456000975854,0,0,680.147561270414,697.397934347652,0,0,488.16162806191,0,280.253081055696,0,333.302968057239,0,0,335.554732472049,0,0,433.149920810182,0,0,0,390.339226694469,0,621.158775806734,0,0,319.769864956888,315.693663148891,0,997.64997608945,0,678.137726905187,2350,2360.21739130435,0,0
0,700.371675016636,0,0,2313.40421917876,567.926130800432,0,0,685.954705061957,716.452119778232,0,0,491.035428062129,0,264.246031848844,0,306.243170919122,0,0,297.285673093537,0,0,421.002981280713,0,0,0,392.006496874012,0,643.499902393526,0,0,323.559692177089,325.116392689849,0,1023.75081511957,0,678.137726905187,2350,2360.21739130435,0,0
0,704.329352706043,0,0,2298.4555824642,560.904507038634,0,0,672.453374333432,716.387425064105,0,0,469.156836303833,0,244.756156394788,0,285.752593629417,0,0,285.091838628365,0,0,417.277438167482,0,0,0,404.180062126488,0,652.484838448087,0,0,323.070795770261,316.141132873808,0,1029.11262945878,0,678.137726905187,2350,2360.21739130435,0,0
0,666.930200464235,0,0,2320.90689493811,569.201674162858,0,0,677.362365305128,688.995318122051,0,0,437.544587245523,0,225.466297935508,0,268.521595833621,0,0,291.884546343833,0,0,429.56232171478,0,0,0,412.415196824375,0,650.44152269425,0,0,327.066247404934,329.738285850456,0,1052.60339481221,0,678.137726905187,2350,2360.21739130435,0,0
0,656.787661961351,0,0,2310.10335871846,564.73686603632,0,0,666.78963007517,653.519454137086,0,0,404.780885426372,0,231.147645020138,0,292.365787868277,0,0,324.177870510895,0,0,487.642244010815,0,0,0,413.973757865352,0,652.132549336381,0,0,333.533097039549,330.686297858031,0,1054.28207327602,0,678.137726905187,2350,2360.21739130435,0,0
0,646.143285316322,0,0,2201.55244455327,547.246251482385,0,0,607.73008995294,620.589226216699,0,0,410.285442447657,0,257.293522528567,0,325.664401966979,0,0,334.50613061519,0,0,452.127164495167,0,0,0,408.412867273011,0,669.133754211879,0,0,331.332378925084,325.769226109329,0,1054.22228759765,0,678.137726905187,2350,2360.21739130435,0,0
0,649.409868579902,0,0,2094.59297525345,511.554913359367,0,0,579.517789564932,602.307897123448,0,0,457.053027274681,0,269.92506151634,0,311.186958411423,0,0,313.360031573853,0,0,461.860318476977,0,0,0,418.572811870863,0,667.492834498429,0,0,333.802120393293,332.026148450109,0,1036.34582572917,0,678.137726905187,2350,2360.21739130435,0,0
0,651.665824385254,0,0,2130.58536060568,522.323306548495,0,0,607.663794848651,652.244792379592,0,0,472.992405155089,0,267.034425127193,0,318.948430261206,0,0,337.803350151904,0,0,484.766493537574,0,0,0,422.111957961344,0,684.339800484371,0,0,333.165443475587,327.525261164861,0,1025.43277526633,0,678.137726905187,2350,2360.21739130435,0,0
0,652.038203858595,0,0,2135.68474959734,523.00880562864,0,0,657.781374065997,700.927257337711,0,0,479.314138160119,0,275.433892215292,0,332.868275670506,0,0,347.9261761415,0,0,479.102370573676,0,0,0,427.61514410035,0,673.43886828613,0,0,324.149730371743,315.838297600149,0,1033.93741892028,0,678.137726905187,2350,2360.21739130435,0,0
0,643.887278792729,0,0,2079.77401616222,508.781397494242,0,0,685.039157455438,720.420711474735,0,0,485.723608463309,0,283.388429828714,0,354.041165816033,0,0,371.219035554591,0,0,495.413463670273,0,0,0,421.886738858066,0,650.455982323142,0,0,324.957426462525,324.649779294939,0,1035.63462495708,0,678.137726905187,2350,2360.21739130435,0,0
0,646.007789637008,0,0,2091.49773645298,511.91547774142,0,0,695.224117300908,728.741080058955,0,0,519.747808317449,0,307.393678561565,0,366.30352439486,0,0,364.90129567927,0,0,495.688827687423,0,0,0,408.305521768719,0,669.362210958724,0,0,337.320251055014,339.448546447482,0,1015.37577565085,0,678.137726905187,2350,2360.21739130435,0,0
0,651.194822583687,0,0,2132.45430874417,521.372684209931,0,0,715.59098857059,760.432882113773,0,0,546.527619121921,0,304.525694242665,0,360.265732395657,0,0,367.609374779516,0,0,495.690152783714,0,0,0,430.89220795012,0,694.857261691562,0,0,338.114824852578,333.05119318011,0,1034.64656960168,0,678.137726905187,2350,2360.21739130435,0,0
0,651.497969940714,0,0,2150.29570677076,526.730827842912,0,0,656.749405625137,687.803264082105,0,0,556.168559486494,0,315.061170587926,0,383.362561118091,0,0,371.065314952198,0,0,495.690159160292,0,0,0,441.112899553814,0,696.134822939036,0,0,341.246931931824,338.425220780011,0,1000.18436481305,0,678.137726905187,2350,2360.21739130435,0,0
0,651.93600470803,0,0,2145.94274550641,525.805520038852,0,0,649.925543485029,678.511793123399,0,0,567.905134462059,0,316.861547796011,0,372.513246926345,0,0,370.410693750968,0,0,495.690159190977,0,0,0,419.270588235294,0,661.477765447855,0,0,341.404421398191,339.915526989119,0,1039.52879044559,0,678.137726905187,2350,2360.21739130435,0,0
0,649.074235716848,0,0,2129.72664077674,521.417964622096,0,0,645.022523641011,672.60818228027,0,0,461.184303764674,0,315.598481556419,0,372.593226243717,0,0,363.320028427071,0,0,495.690159191125,0,0,0,417.011764705882,0,666.539410231861,0,0,342.095755700337,338.334992134608,0,1062.57908450499,0,678.137726905187,2350,2360.21739130435,0,0
0,610.342260534371,0,0,1991.0270930143,487.10385334324,0,0,615.798054449081,643.72776193286,0,0,449.335790266348,0,253.734313309521,0,303.787097009572,0,0,366.563872395237,0,0,495.690159191125,0,0,0,421.588235294118,0,666.186295755862,0,0,344.339292386193,340.747201534077,0,1040.58385658034,0,678.137726905187,2350,2360.21739130435,0,0
0,612.531023588406,0,0,2026.7041164256,496.045159149386,0,0,624.417689070811,651.784369667638,0,0,449.438213543235,0,249.027890550045,0,298.225282826227,0,0,304.051396215834,0,0,408.21202509498,0,0,0,346.285737766664,0,571.829820157487,0,0,334.838137776456,323.494090445533,0,1023.50697403621,0,678.137726905187,2350,2360.21739130435,0,0
0,609.73503656195,0,0,2004.3382804066,491.144624317084,0,0,617.235314654825,648.267115942752,0,0,442.425821527732,0,251.187326155562,0,296.569043874601,0,0,306.281198047976,0,0,424.228835511958,0,0,0,365.595014560379,0,583.410930150681,0,0,289.912381188727,321.396692641969,0,1023.32100248126,0,678.137726905187,2350,2360.21739130435,0,0
0,609.231194447735,0,0,2004.7807218034,491.522890719008,0,0,608.297369262012,635.018184045084,0,0,430.83917600809,0,255.109370997694,0,305.908128957823,0,0,322.280304893646,0,0,428.911177361864,0,0,0,361.989771564812,0,577.22730608251,0,0,286.335547426813,281.873559100617,0,1054.15808026431,0,678.137726905187,2350,2360.21739130435,0,0
0,604.077077837996,0,0,1942.97482166507,475.427461313395,0,0,590.511827584895,616.687852602791,0,0,426.642530500742,0,246.023694275133,0,298.048791794371,0,0,312.068241769104,0,0,425.065098889283,0,0,0,345.88473407679,0,550.094447808415,0,0,277.646203101703,280.77477637653,0,881.282790997755,0,678.137726905187,2350,2360.21739130435,0,0
0,609.599692962555,0,0,1969.72802632678,483.497639902059,0,0,604.166497086984,622.331260615397,0,0,424.707617376654,0,240.010788930228,0,287.75698202354,0,0,292.370911089738,0,0,398.046613175496,0,0,0,328.453672408166,0,524.200617807675,0,0,264.161733355709,256.048198356587,0,806.017819807089,0,547.853786455471,2350,2360.21739130435,0,0
0,614.651787818104,0,0,1969.25342565325,481.140084023012,0,0,612.274541753571,641.745467057727,0,0,438.144008337879,0,246.141558207369,0,294.086908590232,0,0,289.480517651289,0,0,387.699008763856,0,0,0,319.749947873229,0,508.737906784356,0,0,258.792553360048,259.524249748224,0,815.97847242243,0,557.822805075295,1900.9782974834,1911.36590122911,0,0
0,614.013159676951,0,0,2000.97229786463,491.009986251878,0,0,627.033360289356,653.250948517909,0,0,452.490279750284,0,249.686162650459,0,300.316844097382,0,0,300.837465324634,0,0,400.083138317475,0,0,0,336.960943695313,0,535.181400833756,0,0,263.152593759491,259.761488527939,0,847.663201818303,0,568.230884235639,1941.29571582575,1947.40623593735,0,0
0,608.220237521015,0,0,1943.37956165001,474.122838002,0,0,604.566621833764,627.425739147556,0,0,428.433940652496,0,242.928090690701,0,293.538787149003,0,0,312.461744080077,0,0,424.802570278845,0,0,0,348.789602945562,0,568.84946036118,0,0,273.931400655059,275.339782249238,0,867.023582407088,0,615.697421046561,2151.55805943925,2157.81433995431,0,0
0,609.161810270698,0,0,1985.04401371737,484.451760371902,0,0,633.73568255784,661.606553729066,0,0,457.774950211765,0,259.561049726201,0,308.562413960573,0,0,312.095571345106,0,0,417.987870319664,0,0,0,347.080035531849,0,550.216662875163,0,0,273.002466589553,270.598261814935,0,873.383366395583,0,547.872339761889,2006.79159886406,2016.33362259199,0,0
0,612.969007612761,0,0,2058.91157215986,505.746304385051,0,0,650.669271796682,684.311785801203,0,0,465.344612490774,0,257.229596145784,0,299.362018856492,0,0,306.132071983324,0,0,414.051415205326,0,0,0,348.346235677175,0,555.891389816709,0,0,269.543458423366,264.081437516912,0,867.859474280595,0,549.986693031609,1925.54636381856,1932.18556522572,0,0
0,607.176237515814,0,0,1977.16270285103,484.637382952197,0,0,626.406893961081,652.850850741846,0,0,465.387004089329,0,263.636642152395,0,313.438675397158,0,0,320.512417984389,0,0,433.143018443647,0,0,0,350.656288687023,0,556.159364692144,0,0,264.834564605612,257.484676498587,0,850.557914176177,0,569.557754292055,1829.3617206011,1839.02716119935,0,0
0,593.067339737962,0,0,1911.16101244368,466.811520006463,0,0,602.945754265962,628.528510916366,0,0,432.577090846293,0,251.781933806789,0,304.096117194922,0,0,304.65927527564,0,0,411.7475239208,0,0,0,344.20048796835,0,549.166103735199,0,0,269.214319046073,271.4900573814,0,878.939046844038,0,623.286496376039,2157.27339950621,2167.50846654764,0,0
0,597.479947524434,0,0,1980.26673074422,484.810696816421,0,0,634.242544498188,659.355431014126,0,0,460.191931708878,0,253.456993539462,0,302.284135000956,0,0,302.498855256091,0,0,406.994478784424,0,0,0,341.824045861849,0,547.783045255533,0,0,270.49274791461,265.53503675636,0,860.648507385233,0,573.6898430971,2038.71325013409,2046.88018482768,0,0
0,596.804826186821,0,0,1959.33791803856,478.866093496681,0,0,620.941483448577,650.96499709756,0,0,451.871023552462,0,251.230557226164,0,302.734339875793,0,0,314.134993875253,0,0,427.262365953068,0,0,0,354.789823847265,0,566.903573872337,0,0,272.879912737666,268.113732080993,0,849.10676783872,0,587.897268795189,2022.67623797491,2030.12416940077,0,0
0,603.305836712113,0,0,2028.6367930461,497.211289321082,0,0,645.460722621845,668.430688443497,0,0,468.757743466313,0,259.587962008015,0,309.064641015399,0,0,304.992892106033,0,0,413.320308967847,0,0,0,340.351777062929,0,549.54615163601,0,0,272.831203533152,265.559762198257,0,819.843100614111,0,564.509159459271,1979.61946186077,1989.95875795537,0,0
0,598.962286399421,0,0,1996.71277743287,489.416203100187,0,0,633.600239280242,666.766477946261,0,0,457.657631876589,0,259.984476081326,0,314.104420982923,0,0,318.644293280425,0,0,429.709219855808,0,0,0,356.3156454102,0,580.509857356543,0,0,275.950972584755,282.020561604214,0,840.344113183999,0,565.528435410078,1939.58184662935,1944.76479791966,0,0
0,596.501906939949,0,0,1947.24445978156,476.750038323594,0,0,616.3665264895,647.547792215095,0,0,454.767587026375,0,258.209587906482,0,305.654512405627,0,0,309.500335023638,0,0,405.765808106957,0,0,0,336.736034786015,0,538.234107653513,0,0,263.416738903917,257.274203324733,0,786.132360737867,0,531.924642232502,1895.28665565788,1909.10972902992,0,0
0,603.776711792944,0,0,1995.82019180266,487.497816014356,0,0,621.385108885421,642.037470920137,0,0,440.14048641982,0,250.418077007905,0,297.750997287105,0,0,299.13399552148,0,0,402.746821174856,0,0,0,338.230480122059,0,548.491812204321,0,0,267.318598988405,266.363500438612,0,814.323935525762,0,563.149606832015,1835.59135006561,1842.62483098679,0,0
0,605.258949301823,0,0,2030.81098085693,498.455236059745,0,0,649.212205908708,679.007965781972,0,0,476.363794906271,0,270.182701830866,0,325.308657644238,0,0,318.073359487846,0,0,415.491537766345,0,0,0,342.73335129885,0,555.152672736841,0,0,265.773223160165,259.371776671046,0,799.131477171662,0,549.609154858714,2003.11760682562,2012.07898402535,0,0
0,604.047120211139,0,0,1991.73539027384,488.895346609855,0,0,631.593165793915,660.725443203786,0,0,463.587944409883,0,265.586961665043,0,317.439178786191,0,0,311.317471365399,0,0,410.644322974769,0,0,0,341.19186355353,0,561.080644675577,0,0,278.726112073406,273.159081234593,0,858.402418628867,0,551.356942986803,1914.11494804736,1921.37577568886,0,0
0,602.294981167877,0,0,1944.42841677309,474.515777107756,0,0,615.748927320498,640.350491871914,0,0,451.599003428699,0,260.297785906343,0,316.429779453433,0,0,312.130785791761,0,0,412.918023401921,0,0,0,342.606578259815,0,556.332857140721,0,0,265.4955387227,267.627716694605,0,859.653161347534,0,573.71119406186,1980.60726440849,1990.4123103604,0,0
0,603.138108995245,0,0,2006.61965931125,490.98724190334,0,0,638.87688162404,666.863617030563,0,0,469.080431316242,0,259.929702300017,0,311.890008240267,0,0,308.689831187401,0,0,406.651576923696,0,0,0,337.682958151863,0,554.051696032535,0,0,266.401332673703,263.222766273282,0,831.118942833988,0,572.194344489291,1943.50723620124,1950.97756649371,0,0
0,597.648207466063,0,0,1974.79573598958,484.755347338337,0,0,641.426076878594,668.470466687035,0,0,482.955124941711,0,277.927653706121,0,333.482621124172,0,0,333.133305140869,0,0,438.278693755138,0,0,0,353.581747686167,0,560.037605283608,0,0,267.364669658165,265.289139408359,0,831.183515337432,0,566.529660202183,1953.67948278701,1961.84817291866,0,0
0,581.154501936745,0,0,1889.06527211141,461.404706186063,0,0,613.661025048862,641.059316995997,0,0,460.593257732518,0,271.35569503381,0,330.133329916079,0,0,341.596045426346,0,0,450.321553852362,0,0,0,361.252605513335,0,583.149917569681,0,0,285.93254131789,277.214186363041,0,867.030511074685,0,580.014471015556,2060.71412041241,2068.95700887369,0,0
0,584.723838534093,0,0,1945.97564339592,474.598889516613,0,0,639.983802444153,665.425759406634,0,0,483.260419246289,0,272.885066429663,0,319.092633336061,0,0,313.084694688267,0,0,426.998860467098,0,0,0,353.21442751193,0,569.411403625119,0,0,277.517793772615,280.433842806864,0,876.103399835764,0,585.985220017634,2011.14598501894,2016.44237049407,0,0
0,584.388129625467,0,0,1992.91388876497,490.857708004177,0,0,655.985489483634,686.057759553301,0,0,482.223854107212,0,273.8417083931,0,325.828929533536,0,0,330.087895791658,0,0,441.378298926797,0,0,0,358.215897951061,0,573.848864596683,0,0,270.386831798724,264.409382169221,0,830.574280195752,0,562.676461180515,1921.08236035642,1931.50052810808,0,0
0,581.759971750082,0,0,1888.87345134375,461.340558274959,0,0,620.679932170622,648.195119660592,0,0,471.109263429395,0,271.01072627992,0,327.594275702786,0,0,335.782835020629,0,0,461.815343045345,0,0,0,381.599974864399,0,616.481529510031,0,0,295.731249684748,291.258655707134,0,888.509891163744,0,623.431063373167,2113.62467416694,2118.100518575,0,0
0,586.508817880858,0,0,1953.48892464211,476.996140152913,0,0,648.934416005541,672.125073975837,0,0,491.609341664638,0,274.26182337254,0,327.441812053549,0,0,328.978091841081,0,0,444.48941559702,0,0,0,375.593750543956,0,610.620057702763,0,0,305.610397504601,296.9779800288,0,947.749616464916,0,625.428974133257,2166.71915309795,2175.02874255565,0,0
0,585.735124915702,0,0,1988.4716040792,487.810249978909,0,0,645.824210319564,696.257938306032,0,0,501.628612479095,0,276.281471379657,0,323.220083242402,0,0,309.140798030203,0,0,402.35673595456,0,0,0,334.525970686522,0,543.065305516326,0,0,272.768667129025,276.719773504054,0,899.734568222037,0,666.888931539245,2293.75520077999,2312.66293336681,0,0
0,583.544976458979,0,0,1941.01182629394,474.381035982688,0,0,601.586702334556,627.191175241827,0,0,466.939282614924,0,270.715679359854,0,325.854080238462,0,0,322.129229744772,0,0,432.74271958191,0,0,0,354.288751042052,0,571.309303337133,0,0,267.202629080036,264.623638276804,0,868.257556146824,0,591.318846685698,2047.53483137569,2055.25177864082,0,0
0,584.826113704142,0,0,1982.92210367696,486.726956895918,0,0,615.635787263379,642.602420404306,0,0,466.126385243551,0,272.022859787932,0,324.706481568445,0,0,309.896332593622,0,0,416.823314378628,0,0,0,352.487611258774,0,586.206162497422,0,0,289.984202380506,285.157953045478,0,939.475914127795,0,648.983759330343,2336.97256058766,2344.04551524294,0,0
0,581.624932278202,0,0,1905.24711710152,467.59180712087,0,0,595.246024827646,614.690827297827,0,0,447.389248040285,0,254.978271840261,0,308.224976325198,0,0,310.614984480376,0,0,425.380661194446,0,0,0,350.312297802454,0,571.753451577672,0,0,296.40504772722,288.119040995082,0,925.851810098001,0,644.093634964954,2126.51153874286,2138.15458916667,0,0
0,587.687832006683,0,0,1920.15997698926,469.81697448004,0,0,593.681864697278,626.604271591249,0,0,446.339904216936,0,262.553528556431,0,317.475680119659,0,0,315.346566106669,0,0,422.5811240637,0,0,0,353.617434775852,0,577.023094024557,0,0,278.810480318848,285.248378362398,0,914.602675467973,0,643.884806006176,2286.0613744605,2294.82792680566,0,0
0,583.782291108319,0,0,1922.60610649654,469.588086557189,0,0,586.052757196983,616.823986452861,0,0,448.2605922043,0,251.908868323329,0,305.617902475851,0,0,306.926729197953,0,0,417.752772513953,0,0,0,350.664262887349,0,577.524905904565,0,0,286.908503229303,274.579357348816,0,885.630438740871,0,605.047670182531,2113.91979631587,2123.30242899993,0,0
0,578.763112603579,0,0,1912.99412111602,468.503324318691,0,0,585.827919911553,604.785026813001,0,0,438.511398297866,0,252.269436250733,0,305.530021667604,0,0,300.284739336545,0,0,418.296385607158,0,0,0,342.489159358837,0,565.182456440255,0,0,271.063587719009,279.441175741028,0,875.883101911654,0,630.675611542093,2146.45542677824,2155.47346977037,0,0
0,539.803508510386,0,0,1810.78151401172,442.126275507358,0,0,570.937882015336,595.795992218466,0,0,428.544999032971,0,249.012539762672,0,309.045675727732,0,0,319.515228562477,0,0,458.554965636928,0,0,0,363.808454546562,0,583.770987722961,0,0,280.52978223224,267.029204635302,0,817.685120014587,0,583.77301895253,2003.85454191404,2010.85025318501,0,0
0,538.250816822094,0,0,1802.35592025144,443.096336161241,0,0,579.171944524496,607.724343462894,0,0,443.093408050823,0,249.445478891459,0,298.183310664971,0,0,304.973972306835,0,0,449.221945566208,0,0,0,378.319984785322,0,616.069148822604,0,0,311.150962788798,310.753421855195,0,941.897669427779,0,674.889168996381,2271.67116469024,2274.19986538264,0,0
0,545.324876183128,0,0,1815.44965114571,443.617297192238,0,0,570.606121534594,592.566499730387,0,0,433.316547011694,0,256.231584840391,0,312.468249136333,0,0,313.123693207977,0,0,458.93963781131,0,0,0,382.095282023971,0,625.049774893832,0,0,304.799825541409,299.523648965388,0,917.575659050982,0,678.495298135604,2330.13624926639,2341.26530127107,0,0
0,540.576182113941,0,0,1805.98076516225,442.861772567407,0,0,578.949974747013,607.48559191519,0,0,450.173932272204,0,254.553206547915,0,308.678107137983,0,0,310.296303870267,0,0,434.882895316007,0,0,0,361.91730032605,0,587.345384938616,0,0,282.573579845866,285.768168182727,0,888.443720245719,0,676.847239679423,2350,2360.21739130435,0,0
0,540.440965243952,0,0,1783.8436279464,436.316265049541,0,0,566.712131629119,588.714981461821,0,0,434.662777209126,0,251.84309144013,0,306.497372859294,0,0,321.324337099981,0,0,449.941236426598,0,0,0,374.544997622612,0,604.766647565555,0,0,293.630254303972,289.101610368707,0,879.000060601992,0,648.333894921113,2344.825387117,2353.3388639326,0,0
0,541.317009416928,0,0,1809.52343767938,441.896431169027,0,0,573.952443765938,603.119577714477,0,0,439.44753935108,0,250.766278337803,0,305.764162635013,0,0,296.257155744095,0,0,425.199863632203,0,0,0,357.503937279977,0,586.027740970831,0,0,284.539820869859,277.277366069866,0,837.631110087825,0,673.594536620344,2164.98089252962,2176.48832433098,0,0
0,538.926140848296,0,0,1825.95125995904,448.025280830245,0,0,578.671441844763,602.154421071506,0,0,438.778967732643,0,245.908749284544,0,299.82928801874,0,0,298.586141205674,0,0,424.595814096089,0,0,0,361.567031256193,0,597.444183719123,0,0,293.658302598299,293.372216651447,0,884.05238100211,0,650.195156019588,2350,2360.2173907832,0,0
0,538.520895717987,0,0,1787.67305945175,436.976803823378,0,0,565.108090215287,590.060411260047,0,0,431.286071401234,0,249.275405099746,0,306.104971588765,0,0,312.78751816731,0,0,440.701259989591,0,0,0,365.78739711641,0,596.084829047012,0,0,277.675103855182,277.842806015557,0,888.71217725002,0,659.286499526044,2265.08631422498,2278.35434293277,0,0
0,542.663877984694,0,0,1830.1686407178,449.467674200036,0,0,579.674407886425,605.043919794831,0,0,445.337199826226,0,253.341207889601,0,304.490163093955,0,0,303.972543010766,0,0,426.986472704448,0,0,0,359.794961380471,0,599.544056226732,0,0,307.35459041493,291.848686286486,0,918.683358732725,0,655.69569550356,2350,2360.21739130425,0,0
0,541.923025339986,0,0,1788.76821811958,437.663281451721,0,0,564.840949662591,588.765045506935,0,0,430.522343631905,0,259.01650078542,0,311.704579997567,0,0,314.052125481306,0,0,449.715115834237,0,0,0,366.980802012233,0,602.106290532336,0,0,295.944808330295,299.070889484057,0,919.232036049951,0,693.479475932686,2163.90977654007,2173.08511657121,0,0
0,541.014090160521,0,0,1792.26989364384,439.777753998087,0,0,566.456758765867,594.34553618992,0,0,426.767013296776,0,245.507503731093,0,291.998435180456,0,0,299.682780325697,0,0,422.655443277064,0,0,0,369.761761497146,0,605.921853089416,0,0,305.406925452174,304.305557126817,0,957.031994973885,0,687.555520326787,2350,2360.21739130435,0,0
0,541.517805556599,0,0,1762.59476730121,428.73455229244,0,0,543.907090473915,567.926558830674,0,0,412.41550422992,0,234.411158523071,0,282.26589452396,0,0,290.619837214454,0,0,420.192061033376,0,0,0,347.632392144817,0,567.495169920862,0,0,281.460752710592,278.176744372415,0,892.497536681372,0,667.9217898382,2350,2360.21739130435,0,0
0,538.026362072363,0,0,1856.67766318999,455.960417712974,0,0,585.911641385563,610.57281303236,0,0,446.57367551876,0,255.784411540022,0,306.882911205291,0,0,301.642770056904,0,0,421.589168224599,0,0,0,339.546701386943,0,568.028358404658,0,0,282.404692238252,276.796817797979,0,891.101991923686,0,659.769422830385,2350,2360.21739130435,0,0
0,531.558063716554,0,0,1762.47331260552,430.960835402127,0,0,558.582637051888,580.459379898753,0,0,422.431531754111,0,242.304621203498,0,299.013436915256,0,0,299.97128918203,0,0,435.806285487217,0,0,0,362.130624035552,0,587.324477325937,0,0,289.609735334288,292.353006597992,0,926.280808793793,0,655.721145279564,2350,2360.21739130435,0,0
0,535.970947514993,0,0,1815.42948003531,444.73525757218,0,0,584.551939932689,606.137952854017,0,0,436.974192363038,0,253.746551479875,0,309.758596750993,0,0,314.24684366719,0,0,439.424806404605,0,0,0,357.102520181676,0,581.301671341026,0,0,282.466583990066,269.551284166137,0,877.552726897987,0,611.496881261569,2126.4800773169,2138.06406236736,0,0
0,533.780976452912,0,0,1779.49834417163,436.658955935221,0,0,578.048710664031,608.542332110072,0,0,442.013788380753,0,250.568764467371,0,303.529654269017,0,0,304.137257002954,0,0,440.112775334131,0,0,0,356.549614554218,0,587.522573376192,0,0,288.961915027842,296.293193462383,0,959.979940173262,0,662.036741607283,2263.50678813994,2270.00081974465,0,0
0,536.576963438051,0,0,1779.21648824218,435.17538746558,0,0,564.735105794275,590.509347641322,0,0,439.159232478199,0,249.646589258267,0,305.605547328599,0,0,306.004253144819,0,0,443.359881382588,0,0,0,358.739802293881,0,588.329066194946,0,0,278.205978488225,269.661235055887,0,855.811640373688,0,632.905925976407,2210.69336875036,2221.27381386255,0,0
0,534.051106084447,0,0,1783.91115022619,434.791960348551,0,0,563.443192484477,587.287897003629,0,0,432.350524189333,0,254.137099554651,0,308.705415639744,0,0,305.425144125581,0,0,420.610776750366,0,0,0,343.86096971845,0,563.678715007276,0,0,278.837570283221,272.232170604066,0,815.999137802472,0,603.864850662353,2080.64449748251,2094.55213919127,0,0
0,533.310025347788,0,0,1822.0879107223,448.478178326357,0,0,585.05405106204,613.728377012641,0,0,451.353781288017,0,263.826573983282,0,324.252353951265,0,0,319.020607123855,0,0,457.07423905548,0,0,0,379.5298008793,0,613.41402180773,0,0,290.037889257814,293.227820637784,0,901.63618417027,0,630.924704933164,2080.64066945659,2083.34862455087,0,0
0,536.036729521903,0,0,1764.80308741159,430.394618101298,0,0,552.27211385976,570.698956446156,0,0,413.500330129518,0,247.287906610957,0,307.757005676928,0,0,311.946765345125,0,0,434.874223951972,0,0,0,367.266003162929,0,604.644031421716,0,0,291.91749242151,289.356650908545,0,924.95937851271,0,676.811337395101,2350,2360.21739130435,0,0
0,543.311711786876,0,0,1851.88470257407,453.937486086327,0,0,587.908980090471,616.526504395329,0,0,442.589185140767,0,253.048077812591,0,305.731307451252,0,0,303.222033113473,0,0,440.564342202585,0,0,0,360.322570324426,0,595.203515585456,0,0,292.140951933651,284.905452141175,0,898.059829107121,0,681.92065194416,2217.34777595736,2225.47901487708,0,0
0,542.067219780787,0,0,1847.33113809982,452.135573349732,0,0,587.006694702462,612.813870744817,0,0,445.367979668764,0,263.732468933921,0,317.739403701538,0,0,317.413781760459,0,0,451.304433350489,0,0,0,371.468437646562,0,604.805641799593,0,0,296.658748184257,298.670221389284,0,916.623866746133,0,690.978952816183,2350,2360.21739130435,0,0
0,536.610107892081,0,0,1802.43231738873,442.41894488036,0,0,567.856733575154,595.98332260386,0,0,420.142665635584,0,243.034280902528,0,296.540782070049,0,0,296.62483020742,0,0,419.479460412881,0,0,0,346.756465696575,0,566.193710613222,0,0,274.888279762835,273.903371927321,0,877.583069163719,0,644.443933852382,2350,2360.21739130435,0,0
0,542.300628148088,0,0,1795.70904722429,438.654241662505,0,0,559.270046857656,583.836210830216,0,0,422.491670017732,0,245.886814449645,0,303.001357673408,0,0,312.004227083492,0,0,439.10717380619,0,0,0,357.885915578748,0,595.8005908038,0,0,293.251968685747,280.36461266308,0,920.890051297254,0,674.438412984814,2295.54928638456,2302.75244016419,0,0
0,530.1334151476,0,0,1811.81477441192,442.757453918175,0,0,577.468355164327,595.128577073641,0,0,431.944155212138,0,246.730819228332,0,299.285485390283,0,0,296.894540317445,0,0,423.373943652314,0,0,0,352.319551521041,0,569.061005632086,0,0,283.762625025444,284.457620368848,0,933.643460924072,0,684.774505709984,2350,2360.21739130435,0,0
0,529.35912493613,0,0,1838.6133512085,450.280591326702,0,0,598.372838221565,626.638590490661,0,0,455.577339312965,0,253.181941764168,0,295.760468851667,0,0,295.469265021812,0,0,402.073067749301,0,0,0,329.872080493439,0,546.433709298115,0,0,271.612476401568,271.09828935645,0,861.264058898076,0,627.96788249914,2201.42411846994,2254.48658088881,0,0
0,522.624427257253,0,0,1813.79562100145,443.233569336591,0,0,583.476898954284,612.222979477268,0,0,449.168811507012,0,267.672683224362,0,325.209636064418,0,0,330.023103542086,0,0,475.721990092696,0,0,0,388.190405201579,0,613.826239445099,0,0,290.818645189285,281.717556292095,0,862.102431205938,0,610.281682212532,2079.53338061543,2081.16397179343,0,0
0,514.608313562646,0,0,1775.32633234347,437.604956775828,0,0,571.172587005078,596.469415210473,0,0,425.388536788235,0,256.752217723892,0,312.292859484338,0,0,324.656133538456,0,0,485.718953092567,0,0,0,401.667185081613,0,661.711025370332,0,0,317.912163073114,319.103828525022,0,989.602266660464,0,696.301174685937,2345.29471479546,2347.90415290627,0,0
0,513.126050699044,0,0,1684.39062081464,412.813618340317,0,0,544.192785566276,564.301965707084,0,0,417.953907182816,0,241.637045348687,0,296.655583305524,0,0,303.456507058775,0,0,446.927693991467,0,0,0,373.935473929424,0,611.00739421925,0,0,300.984573273171,294.889239182541,0,949.734608499332,0,697.110917596468,2350,2360.21739130435,0,0
0,515.246789629207,0,0,1679.27844432678,409.592653472708,0,0,538.930696693187,566.621061868746,0,0,416.026023913083,0,243.914522454949,0,296.544345723084,0,0,295.824242919352,0,0,436.312544106124,0,0,0,372.502069558893,0,604.792694095184,0,0,296.443037061737,296.081021766153,0,953.333076058821,0,717.830582588434,2350,2360.21739130435,0,0
0,523.160552104723,0,0,1751.67228313741,429.686111236557,0,0,568.606791841746,589.479873712404,0,0,433.304252329313,0,249.012572415744,0,308.843725011441,0,0,306.174135216765,0,0,439.135735456196,0,0,0,372.828809236902,0,612.555435525546,0,0,305.714803051635,300.728698215901,0,942.897529437518,0,678.883667623614,2350,2360.21739130435,0,0
0,528.011952206553,0,0,1774.99175963985,434.135137296133,0,0,578.412101319628,603.716046947573,0,0,446.613944037239,0,258.819465390412,0,319.098142502105,0,0,322.143655620309,0,0,455.084123682629,0,0,0,381.819513651377,0,631.26374867381,0,0,311.13857556969,302.22729217058,0,964.596953239718,0,678.142145899711,2350,2360.21739130435,0,0
0,520.536452595505,0,0,1756.45910897192,430.177583981827,0,0,566.323011859218,594.316049532593,0,0,435.734489392038,0,254.03789512348,0,314.237988689563,0,0,316.909670239955,0,0,450.392999712141,0,0,0,375.229793236907,0,617.109611370866,0,0,309.877677341596,312.700008115647,0,1011.64225744396,0,678.137753083558,2350,2360.21739130435,0,0
0,514.035163297422,0,0,1711.59653695126,417.098230943469,0,0,553.440104620609,576.004752116001,0,0,425.344147645788,0,249.42516616092,0,304.554230499739,0,0,316.215844484875,0,0,452.874139776662,0,0,0,377.384623822424,0,614.715426850875,0,0,302.778048205208,300.732140641547,0,939.619538270156,0,678.13772706027,2350,2360.21739130435,0,0
0,515.954954026324,0,0,1769.26077492389,435.53897633448,0,0,578.435691046369,605.751424676248,0,0,433.961954096401,0,250.266091988072,0,303.162898516388,0,0,318.234430548873,0,0,458.926020799553,0,0,0,380.65946631817,0,616.809466011852,0,0,300.437614140873,295.542013188886,0,896.603478708844,0,678.137726906106,2350,2360.21739130435,0,0
0,517.33481497006,0,0,1705.41901330759,416.277650695559,0,0,544.410313710934,567.465733471979,0,0,413.933402288992,0,238.359926780316,0,291.636393702193,0,0,291.159696638454,0,0,437.929099510901,0,0,0,359.06451540707,0,573.090129713312,0,0,283.259827881082,278.356890789003,0,856.695890070026,0,662.437723857343,2350,2360.21739130435,0,0
0,549.172710466874,0,0,1860.91988069433,451.910062439155,0,0,590.720319289117,611.105758784703,0,0,441.047111371961,0,255.842435852652,0,305.635548506952,0,0,305.449257314031,0,0,443.513477916806,0,0,0,364.198860156733,0,592.930654484045,0,0,294.477137090395,287.365855438343,0,923.229285590169,0,626.493931271888,2350,2360.21739130435,0,0
0,556.145741805239,0,0,2000.87653091236,490.551582000178,0,0,656.957274291153,684.587432468908,0,0,491.911782753919,0,276.792372166984,0,327.259817458606,0,0,317.750057862177,0,0,451.443725517552,0,0,0,368.412471227286,0,607.135823185156,0,0,312.736758213832,309.009467705395,0,959.118476584054,0,708.261807960727,2350,2360.21739130435,0,0
0,555.675094859882,0,0,1968.21785417019,486.499053615039,0,0,645.145313482545,674.525077979183,0,0,483.578668481299,0,276.775301158323,0,334.034092245333,0,0,338.638455291744,0,0,485.122944177867,0,0,0,404.311635135871,0,667.827049099395,0,0,326.271643652665,327.515084841923,0,1002.32418967898,0,668.202482062171,2350,2360.21739130435,0,0
0,550.287341805629,0,0,1835.48962361981,446.588840609886,0,0,590.441903801619,620.604674474972,0,0,458.254858366567,0,272.864691136685,0,334.964371195187,0,0,336.092904597565,0,0,470.132792620513,0,0,0,393.424476317214,0,645.425701398535,0,0,308.627517488454,308.740456925872,0,1001.48325284145,0,714.492421528607,2350,2360.21739130435,0,0
0,542.541383084277,0,0,1865.90490069136,458.233165402247,0,0,598.999817808153,629.386796327249,0,0,453.73402782939,0,259.675186222702,0,316.95376919802,0,0,321.9206360688,0,0,442.958083304536,0,0,0,370.905354437713,0,606.302669842308,0,0,305.164138257283,298.246818602088,0,929.00106384451,0,683.20327805377,2350,2360.21739130435,0,0
0,539.307031865187,0,0,1796.95390219073,440.375257034529,0,0,575.90180630939,598.426120551208,0,0,444.551999379245,0,253.871406155897,0,308.097620217309,0,0,312.057892635908,0,0,438.328666526088,0,0,0,372.523641859937,0,605.149111201481,0,0,292.352468011956,295.532383215048,0,881.346232289226,0,633.408217396981,2350,2360.21739130435,0,0
0,543.78574835836,0,0,1808.55171375332,441.937446871585,0,0,573.907733920627,598.105248572224,0,0,432.309298118028,0,254.017467043168,0,309.482041222169,0,0,312.756695964224,0,0,438.790834155293,0,0,0,363.34063400387,0,607.284434546145,0,0,291.320779177004,277.259816994571,0,842.84143763961,0,590.47284541555,2025.97777196744,2037.87881106754,0,0
0,547.187903323813,0,0,1850.0396372848,454.333814131567,0,0,604.03645906441,626.528177654145,0,0,459.875923907927,0,271.903967356936,0,331.370666747576,0,0,326.702448797633,0,0,432.98502389682,0,0,0,349.364632350487,0,597.567647325522,0,0,288.565750512718,293.24279784371,0,910.629572796226,0,643.462783573855,2205.46330683968,2218.55741895045,0,0
0,545.84108544729,0,0,1811.48867908915,442.525080229724,0,0,595.351117351006,624.582034398864,0,0,465.161534450615,0,272.945739304983,0,334.276725133654,0,0,342.249802720554,0,0,459.381472131274,0,0,0,371.245072050017,0,624.359102703969,0,0,302.812944704568,293.851273579938,0,912.281514552255,0,673.70724262627,2248.33896072414,2254.97057815861,0,0
0,547.085780212278,0,0,1826.92430324599,447.562954077872,0,0,591.14988959113,614.195241090479,0,0,436.52940393913,0,251.704348136259,0,299.190133340234,0,0,298.096940006791,0,0,440.96249836836,0,0,0,377.34497792017,0,622.11658152339,0,0,316.154687301508,313.109037833276,0,976.213305815591,0,723.456882624831,2350,2360.21739130435,0,0
0,550.119132533664,0,0,1863.47598927015,456.218051272318,0,0,601.743580367597,630.039182322788,0,0,445.355646003054,0,254.659786061382,0,305.992405419465,0,0,310.515337999682,0,0,429.2514646388,0,0,0,364.210684039026,0,589.894899947864,0,0,293.088145419067,293.587308531279,0,938.643070114867,0,686.43443444123,2350,2360.21739130435,0,0
0,543.045123815139,0,0,1808.22585116197,441.879611843143,0,0,581.206099042608,609.981569815874,0,0,433.007408514248,0,256.637437927115,0,310.625679522827,0,0,302.968724640421,0,0,411.23207408944,0,0,0,345.073046488332,0,574.233340232323,0,0,284.488605346479,279.941930485035,0,887.132399201348,0,678.186877064521,2350,2360.21739130435,0,0
0,552.719780357728,0,0,1877.41338577215,460.602515113411,0,0,607.874604892479,626.411136855694,0,0,446.829011229471,0,262.542483605384,0,317.920608729248,0,0,313.150800856016,0,0,441.520240933127,0,0,0,352.760876193234,0,576.010606167341,0,0,288.66222081081,286.132455481472,0,880.516234826007,0,637.51620487438,2350,2360.21739130435,0,0
0,552.818701259172,0,0,1823.52906797845,446.039900075784,0,0,602.696963646212,634.315694407168,0,0,465.02511337905,0,270.12677451438,0,332.522857807572,0,0,331.59811175021,0,0,472.977708920355,0,0,0,387.144590214212,0,625.739236239954,0,0,304.567347894812,300.891265041121,0,931.064058152622,0,683.234730233276,2350,2360.21739130435,0,0
0,561.206890306351,0,0,1903.11565276486,467.174680319683,0,0,614.300323000161,640.039033404247,0,0,470.764458244587,0,274.308133658621,0,336.092989864288,0,0,341.485555495243,0,0,462.496537157676,0,0,0,390.195034285739,0,628.433203664499,0,0,302.035435857504,298.104364937489,0,932.561220000757,0,706.219781532039,2350,2360.21739130435,0,0
0,553.932288200121,0,0,1822.40444423057,446.890565410171,0,0,588.776222504724,615.88403640462,0,0,451.409745571183,0,271.97255481985,0,333.72176302238,0,0,341.566660276211,0,0,459.856690910891,0,0,0,380.087710485876,0,618.569790693407,0,0,305.990973273067,302.039268770371,0,938.138384136643,0,678.913970679683,2350,2360.21739130435,0,0
0,550.935200964267,0,0,1793.56345474851,439.117847417673,0,0,582.89959737375,607.616065621422,0,0,444.350245860825,0,261.906996530656,0,316.359278071951,0,0,315.93537108117,0,0,435.83262748503,0,0,0,376.397165346307,0,625.152355706954,0,0,309.891204261704,308.742938661136,0,950.282465577156,0,678.142325416709,2350,2360.21739130435,0,0
0,550.865766089053,0,0,1773.01856778389,433.109828167824,0,0,569.633920501675,595.784487062301,0,0,422.359934511362,0,255.829871651594,0,313.855370216436,0,0,321.829731476242,0,0,446.684429623231,0,0,0,369.974120218489,0,608.973287827385,0,0,294.79022262257,291.136458411314,0,905.853662965526,0,678.137754147027,2350,2360.21739130435,0,0
0,561.272545595993,0,0,1860.47549676557,454.916416048855,0,0,608.964009251167,623.605892727475,0,0,458.914997579783,0,265.722577730812,0,324.534693154064,0,0,332.7418679482,0,0,455.08207666632,0,0,0,370.252888151765,0,633.582099112296,0,0,315.968037551091,307.571163344183,0,952.762839599675,0,678.13772706657,2350,2360.21739130435,0,0
0,566.795692944351,0,0,1900.86070546209,465.234926985029,0,0,645.340242747871,673.622164921982,0,0,506.877071500976,0,299.91176518042,0,362.065441883565,0,0,357.163024417947,0,0,480.755624164693,0,0,0,387.393588568571,0,635.29831567092,0,0,324.196662066642,318.641385385191,0,987.346516880898,0,678.137726906143,2350,2360.21739130435,0,0
0,565.485418935686,0,0,1934.13378807833,473.520559925853,0,0,646.840933817711,680.13835325339,0,0,498.06007544051,0,294.952251798702,0,368.087982196974,0,0,373.793736872112,0,0,495.690159191125,0,0,0,416.270588234859,0,695.613523391794,0,0,351.167560496092,351.651379766642,0,937.70773208103,0,678.137726905193,2350,2360.21739130435,0,0
0,552.921331287271,0,0,1841.67056101578,450.778519784415,0,0,618.071829703657,643.647715528295,0,0,468.601319896803,0,264.111828132065,0,320.413317865492,0,0,331.21830443315,0,0,495.690159191125,0,0,0,405.094117647059,0,680.108770832698,0,0,332.651821460767,328.525095401455,0,939.031651046912,0,678.137726905187,2350,2360.21739130435,0,0
0,553.596173822715,0,0,1873.66561886952,457.736607084379,0,0,616.584282546896,646.587745375426,0,0,460.142409367231,0,269.004015238092,0,326.211730468171,0,0,338.021900339045,0,0,495.690159191125,0,0,0,404.682352941176,0,661.181764085655,0,0,320.539168636447,322.364146712195,0,982.61497617149,0,678.137726905187,2350,2360.21739130435,0,0
0,549.215952915359,0,0,1846.57408335012,453.226050048448,0,0,605.586251648139,637.348247191799,0,0,451.990942241804,0,266.397898150781,0,322.802142416018,0,0,323.162447595639,0,0,450.588408837852,0,0,0,369.148895180776,0,596.603393729302,0,0,292.458600609392,290.290727216199,0,967.284459376862,0,678.137726905187,2350,2360.21739130435,0,0
0,547.536085720958,0,0,1841.52922296979,450.158148557181,0,0,596.032757511475,622.277493280131,0,0,449.525539576958,0,263.677722887036,0,312.665716381451,0,0,315.3105518638,0,0,441.143287060695,0,0,0,372.970421579479,0,617.142854108528,0,0,301.540226493927,296.203410843743,0,909.49611253651,0,678.137726905187,2350,2360.21739130435,0,0
0,550.127694761691,0,0,1859.48970522022,454.273485706103,0,0,611.557607095281,635.490387583358,0,0,466.545591543543,0,274.280998153973,0,331.563715332297,0,0,326.465550737902,0,0,440.134404115651,0,0,0,369.898000042967,0,597.765324721492,0,0,294.896290507528,295.294696173025,0,932.793394927107,0,678.137726905187,2350,2360.21739130435,0,0
0,554.946051789204,0,0,1932.38772932669,474.906639068761,0,0,630.006800962712,662.442170114588,0,0,473.117383144697,0,272.9938776662,0,327.5614484289,0,0,328.853247087405,0,0,446.296010529047,0,0,0,378.139041563208,0,640.140515907156,0,0,316.949027385217,313.016809041622,0,974.22290633729,0,678.137726905187,2350,2360.21739130435,0,0
0,543.159639426146,0,0,1830.15615424921,447.951231973419,0,0,585.866206344278,613.892626089855,0,0,441.040924519915,0,261.430337072168,0,319.426292156274,0,0,320.998155422426,0,0,442.439049640354,0,0,0,363.474989114916,0,606.691011627224,0,0,301.387724029955,294.632202237623,0,890.639774520153,0,678.137726905187,2350,2360.21739130435,0,0
0,536.388093779258,0,0,1770.32716554685,434.562982824939,0,0,571.140962278039,597.487422347126,0,0,431.780085901131,0,258.146094124709,0,310.923819878975,0,0,301.869551224354,0,0,413.958208728022,0,0,0,346.746344364883,0,572.658126589861,0,0,282.592461074736,288.77755731016,0,903.678042483704,0,678.137726905187,2350,2360.21739130435,0,0
0,542.786702381217,0,0,1774.82717360972,434.378491214389,0,0,563.813753575164,586.540394317029,0,0,415.094186063089,0,254.096009127235,0,306.613283594527,0,0,304.811860417736,0,0,421.332588483051,0,0,0,350.445134926771,0,574.279618404078,0,0,275.982410221579,272.057848783317,0,857.507307084534,0,678.137726905187,2350,2360.21739130435,0,0
0,547.265748347091,0,0,1799.44228703601,440.266880094893,0,0,577.427022079507,602.752966087626,0,0,438.758420732274,0,257.524475686786,0,308.294767765435,0,0,304.279987492794,0,0,422.280989150713,0,0,0,343.017014297019,0,572.897056872101,0,0,288.615354135437,275.33001414077,0,853.580946351063,0,678.137726905187,2350,2360.21739130435,0,0
0,547.638203855995,0,0,1839.58017904649,448.410174871972,0,0,588.228351140525,615.988343381294,0,0,459.986481821965,0,277.714051699096,0,336.275101178127,0,0,329.481861602836,0,0,446.856175831573,0,0,0,366.392746646491,0,587.867391328539,0,0,284.371815204691,287.408390614147,0,897.892033730091,0,678.137726905187,2350,2360.21739130435,0,0
0,541.608068420201,0,0,1828.8622297021,450.150883367304,0,0,592.641228218146,618.867045400189,0,0,454.431003645323,0,270.818389418938,0,329.317743239468,0,0,322.619278089337,0,0,436.534925542851,0,0,0,358.118286179183,0,586.025771526685,0,0,297.840541890191,296.857863907837,0,909.814684882261,0,678.137726905187,2350,2360.21739130435,0,0
0,546.491852646441,0,0,1800.00870156545,440.405607553688,0,0,575.182455408083,600.430322577077,0,0,436.487964989537,0,260.37792018331,0,318.137734725017,0,0,325.100886971191,0,0,462.374989988373,0,0,0,382.877080296297,0,612.15314267666,0,0,289.333570861477,282.251578608309,0,845.195932214355,0,678.137726905187,2350,2360.21739130435,0,0
0,544.842115498774,0,0,1805.58506939251,441.357172969988,0,0,561.544513136616,590.227249153983,0,0,411.130962551955,0,233.319098896715,0,281.380759968468,0,0,281.65971031485,0,0,401.745584306737,0,0,0,341.948524672977,0,572.241621201531,0,0,285.503103026588,283.439885641668,0,887.573766644088,0,678.137726905187,2350,2360.21739130435,0,0
0,541.10422630252,0,0,1798.86733761459,443.078439147664,0,0,563.860627599636,590.688409694709,0,0,424.041390597514,0,243.933401127473,0,292.826827361793,0,0,281.582035740331,0,0,386.729399627778,0,0,0,316.267769458391,0,525.143641334183,0,0,273.441670600236,266.329123648027,0,825.085123003069,0,678.137726905187,2350,2360.21739130435,0,0
0,574.79869466292,0,0,1821.71165065634,443.156806689042,0,0,543.723843525787,568.105161987269,0,0,400.526266107062,0,235.701938159544,0,287.202992453309,0,0,282.682579591412,0,0,409.519417361799,0,0,0,346.6494735236,0,570.956455726116,0,0,286.499918639361,289.617851312224,0,888.25573476293,0,615.182001354639,2350,2360.21739130435,0,0
0,576.822088316142,0,0,1920.25427929392,471.79983231355,0,0,583.042262605244,606.512367926878,0,0,430.035974912291,0,244.763128801294,0,291.386575288295,0,0,274.462475536759,0,0,389.854682657301,0,0,0,319.78402019079,0,528.806945978151,0,0,267.431588045385,260.897977948249,0,827.261863048343,0,631.531493791834,2350,2360.21739130435,0,0
0,572.409052490207,0,0,1833.59580115017,449.489662690262,0,0,563.689475566832,587.705237379662,0,0,428.251966234822,0,251.768520544524,0,307.072625328701,0,0,304.792065182021,0,0,412.964551337447,0,0,0,330.149189487014,0,538.353582762404,0,0,263.639933130525,261.343109959453,0,795.348438182674,0,577.320537819193,2106.97483262595,2117.96525397726,0,0
0,576.113873280997,0,0,1849.14664807608,451.174232381671,0,0,561.745380567295,587.375186133428,0,0,424.613706683492,0,239.678438755175,0,285.693923796181,0,0,283.73783960222,0,0,399.777025887176,0,0,0,336.405645883224,0,549.667226806824,0,0,279.203372650699,282.572849989063,0,885.326785305373,0,615.643448437604,2057.81237408808,2062.3546813908,0,0
0,577.022909836011,0,0,1886.1590786565,462.902423810586,0,0,573.907891574335,599.112256452225,0,0,424.773801981023,0,241.505913427986,0,289.8629221741,0,0,281.501486920014,0,0,378.600412178413,0,0,0,322.441518205104,0,521.207173493384,0,0,255.677874346236,247.393120342788,0,808.346346290734,0,596.799665098762,2122.36966178116,2136.34782027851,0,0
0,576.822164390183,0,0,1872.4097065974,457.994724601332,0,0,555.215830614873,589.53346310585,0,0,411.783908576931,0,234.622861962878,0,283.211135856702,0,0,281.682021019987,0,0,385.675667938585,0,0,0,316.838603360602,0,522.415544950573,0,0,251.744283039461,256.191794845842,0,805.312021643336,0,575.509696862306,2015.97381388609,2024.50884089403,0,0
0,569.985292918554,0,0,1842.83023061324,451.606776436929,0,0,542.056538586722,562.082524217153,0,0,395.7870527402,0,227.424657738183,0,279.903983069052,0,0,276.26481346838,0,0,372.913797264862,0,0,0,315.329940510532,0,510.729485303592,0,0,242.872289951533,236.543225513921,0,788.06359614407,0,569.193883776396,1892.46702517239,1903.96960843284,0,0
0,568.065045989279,0,0,1820.69081405958,444.779194395247,0,0,539.187950423068,562.982615940904,0,0,395.76266375752,0,218.49479358637,0,262.62791402164,0,0,265.856940651588,0,0,374.075178700359,0,0,0,319.507817531369,0,533.823761314923,0,0,257.512604259978,257.565601364042,0,828.746439789606,0,629.539839501971,2176.82443577211,2180.94729903751,0,0
0,567.594094870286,0,0,1843.3756914285,453.408530744516,0,0,553.060204689448,578.336658934844,0,0,409.553938241795,0,228.877845495788,0,266.93427368283,0,0,264.652725316319,0,0,365.071726092405,0,0,0,304.597783656295,0,513.299957207534,0,0,249.117556943072,248.78079180146,0,817.115736855646,0,579.068017059626,2064.30542866802,2075.58995016044,0,0
0,564.933071326665,0,0,1772.33003772089,432.663092853551,0,0,519.122706358195,541.114200265963,0,0,379.582571128568,0,223.17092253081,0,270.662404807935,0,0,269.974619381158,0,0,371.315675470634,0,0,0,310.45278743499,0,502.228879237925,0,0,237.820803311407,232.019171619862,0,741.892402185078,0,551.918857515903,1991.9262449707,2002.63383756343,0,0
0,565.67397465828,0,0,1807.09877636069,443.405190759604,0,0,532.549051826945,558.896611446278,0,0,390.930570007207,0,214.900147430085,0,255.586220761651,0,0,254.871158319997,0,0,342.228145846228,0,0,0,273.840848786915,0,455.608965588961,0,0,230.601055806405,230.224015177935,0,716.005466227571,0,541.34408809936,1731.0069239788,1744.05355043055,0,0
0,566.279939892697,0,0,1784.14720358898,435.969163027094,0,0,515.433397470579,542.107035392216,0,0,384.36411695525,0,215.919706078744,0,258.939171535722,0,0,255.81655386684,0,0,359.460694770042,0,0,0,294.761260396342,0,476.305432974636,0,0,229.270517052086,224.289897638736,0,683.970173539215,0,518.365416442943,1892.57734840677,1896.78703642134,0,0
0,482.489755189432,0,0,1549.40303493766,379.473516436717,0,0,462.233138337874,484.272415918597,0,0,352.014644047171,0,208.087468823199,0,252.708643635978,0,0,246.175253109465,0,0,337.635304184879,0,0,0,273.023281749989,0,450.923956909914,0,0,222.090334588038,216.876407506314,0,687.912414832926,0,493.925476567175,1709.71586538086,1720.87965030534,0,0
0,487.775957025166,0,0,1594.04269361584,390.952340607178,0,0,471.974240901818,490.569508827835,0,0,347.05025416002,0,200.241932880473,0,246.320390944098,0,0,243.99379559122,0,0,330.506524089462,0,0,0,271.189167797898,0,443.785613515059,0,0,220.871881418847,222.448829088605,0,709.12390538048,0,531.442181865422,1808.90436513028,1817.58629948217,0,0
0,481.983237514084,0,0,1539.29336147154,377.293060241154,0,0,459.300605043561,481.647181774061,0,0,342.28286941261,0,192.439550945232,0,235.923841787302,0,0,237.911163032903,0,0,321.687732560665,0,0,0,258.029554191719,0,424.91144682361,0,0,204.763754577341,203.433621802932,0,654.001723753766,0,494.375575126813,1748.47444579967,1758.47066639009,0,0
0,480.198080749661,0,0,1520.33348611527,371.662496368815,0,0,455.319690726986,477.387235666098,0,0,354.9555248754,0,193.984403338308,0,233.050173135997,0,0,224.6461621143,0,0,311.926932935937,0,0,0,250.573679946704,0,410.395823459456,0,0,206.902511929644,209.978192359285,0,667.902900077441,0,482.908208604446,1723.73503040416,1731.03767026452,0,0
0,481.274845027612,0,0,1528.20296982384,374.707348142437,0,0,450.31796529591,470.133835186769,0,0,336.579890836636,0,189.603192698851,0,233.438269693468,0,0,232.996037362855,0,0,333.019786660151,0,0,0,276.074989836437,0,446.244241502526,0,0,216.26848731913,204.449600838561,0,623.251907646458,0,449.62164500644,1576.39127817479,1579.19819664783,0,0
0,483.297088355487,0,0,1547.0875054375,377.640874297054,0,0,450.426612011058,470.148034899419,0,0,332.899974694731,0,184.158253982354,0,224.197056056541,0,0,217.015998575419,0,0,315.528069765796,0,0,0,262.929590501307,0,432.722743725122,0,0,212.854805633623,218.690093279781,0,673.82583407253,0,468.346675334737,1596.01326697331,1603.35338801825,0,0
0,477.975142649863,0,0,1533.57732426016,376.59273596814,0,0,455.165263702425,475.310731819011,0,0,339.202975560358,0,190.444697587545,0,230.21008020357,0,0,226.201477280159,0,0,305.57511807611,0,0,0,255.820253182503,0,413.855111243355,0,0,204.945469950183,199.220317452516,0,625.15421105538,0,471.72690753141,1599.18388591149,1610.10719575237,0,0
0,479.759919263341,0,0,1514.22168922168,370.442001364124,0,0,441.413152783917,459.840701666248,0,0,324.697854261659,0,184.826384971248,0,226.937031199827,0,0,230.77619900944,0,0,317.451157958831,0,0,0,253.406713268623,0,413.756785910503,0,0,196.049311176132,193.526221124033,0,605.791354180696,0,473.686619024246,1575.55852191209,1583.79363985375,0,0
0,479.592064812733,0,0,1532.98135480219,373.772475292777,0,0,441.431774614592,464.791386553366,0,0,326.944053465762,0,182.184918746757,0,219.387550487933,0,0,211.995805823569,0,0,292.82550848242,0,0,0,236.81259091483,0,394.126250359655,0,0,193.908722673553,195.95616561338,0,601.712203353189,0,446.364042250582,1726.02100528716,1734.19322806878,0,0
0,477.672045981478,0,0,1555.81435880616,381.889018328441,0,0,444.974040684362,467.535962868517,0,0,321.100402936539,0,180.530672961952,0,215.693015793573,0,0,214.146120029558,0,0,309.789545785994,0,0,0,246.366705972459,0,403.013148723307,0,0,190.660032654761,189.437645289391,0,595.760197204223,0,413.603236594067,1325.05071681689,1328.50197748913,0,0
0,477.807034763849,0,0,1531.41004894044,375.63247641023,0,0,441.104396955456,458.541952721868,0,0,326.843183817591,0,182.424764373528,0,220.866657777998,0,0,216.676640899102,0,0,306.836393376021,0,0,0,257.07219257318,0,416.379247376636,0,0,201.823482058861,201.683055781744,0,643.970772252215,0,459.298381426725,1679.64660200762,1685.57695619611,0,0
0,475.416140849163,0,0,1502.15712165379,367.913688385067,0,0,430.854278151231,448.880585921181,0,0,319.82990000627,0,180.737749699797,0,220.174740155581,0,0,217.492212039953,0,0,295.734754343398,0,0,0,246.226486352914,0,405.01516938398,0,0,188.607644628053,186.207127781749,0,612.224365815632,0,446.994417878918,1446.80636386115,1456.91685151701,0,0
0,347.91444448076,0,0,1103.31034868046,270.186404395256,0,0,350.410906969911,367.415956749596,0,0,285.648818144128,0,172.827647764402,0,217.370250807159,0,0,212.339842940294,0,0,303.551440155591,0,0,0,238.821286761724,0,396.029048765251,0,0,189.139937018157,190.855030836253,0,594.442345489955,0,476.9448871724,1657.32186744833,1663.16246131168,0,0
0,349.694919410475,0,0,1113.46911104203,272.88533606579,0,0,355.791484405399,374.37950885674,0,0,286.911107132716,0,159.774681691551,0,192.977777739921,0,0,189.046163694343,0,0,268.106138401579,0,0,0,219.219274316856,0,363.418100752344,0,0,172.029243917734,164.167502030831,0,524.427364808536,0,394.523429192541,1397.22860984633,1405.9041593268,0,0
0,350.133004706302,0,0,1114.86042844721,271.966528780865,0,0,335.924611848237,351.685904418123,0,0,245.154835253582,0,140.741039929237,0,175.309308830533,0,0,173.179877125004,0,0,243.906441920933,0,0,0,215.189894036682,0,362.84936995275,0,0,180.953081909657,181.627320574158,0,577.099622102566,0,424.85871321151,1517.72555228663,1524.96991791584,0,0
0,349.089055397539,0,0,1135.82161166101,278.220370589999,0,0,341.81777850396,358.828805037548,0,0,247.252057773819,0,137.65257403109,0,171.02131300088,0,0,172.33943408419,0,0,255.72957018446,0,0,0,219.367399066928,0,363.439639012236,0,0,177.858532944718,175.083975230602,0,554.421840986499,0,394.660209208568,1383.31007096671,1388.52008918689,0,0
0,348.045055399272,0,0,1126.57471084883,275.958382223225,0,0,343.733197951394,354.916510648994,0,0,252.372347650638,0,142.908371183687,0,178.52397403533,0,0,169.111217853318,0,0,233.399492080628,0,0,0,199.71645749063,0,328.598341994162,0,0,165.301501847818,164.036773671548,0,537.474227306964,0,400.390406934696,1353.22943162563,1364.00892002976,0,0
0,347.001055399273,0,0,1115.59003527438,273.689510314855,0,0,344.262568846461,363.397929276047,0,0,263.838698802237,0,142.613378165095,0,177.110591364093,0,0,177.671040206927,0,0,247.898081866665,0,0,0,204.939189103589,0,341.060222675713,0,0,167.923207113428,168.931442745236,0,557.791577232083,0,414.607276041463,1390.59077912081,1395.04672155953,0,0
0,346.865965239618,0,0,1097.28779811473,268.228216426152,0,0,331.291762439845,343.9228253486,0,0,254.023866153292,0,145.88386882301,0,179.629043589993,0,0,182.287825242103,0,0,269.463228011489,0,0,0,217.70489356552,0,353.729249752472,0,0,166.8557204532,163.195773699521,0,550.23007293803,0,404.284090609405,1481.96769578059,1486.19794224713,0,0
0,350.165768991182,0,0,1117.81784317565,273.809255650015,0,0,337.89284086673,352.708984333994,0,0,250.515816550883,0,145.775499607637,0,179.836056931678,0,0,180.029009993458,0,0,283.190562475724,0,0,0,230.795747365842,0,383.623837014945,0,0,192.406281578482,183.40630257165,0,600.102867972705,0,433.144534908945,1435.39174771355,1436.36342926409,0,0
0,353.096998193232,0,0,1141.20167206152,279.950021784913,0,0,344.192267517026,360.217462994784,0,0,258.198099066346,0,145.824775786368,0,174.75054611053,0,0,175.365201247088,0,0,249.260588624947,0,0,0,207.81059238461,0,332.99269890874,0,0,169.024482347518,172.468026362058,0,580.14766310433,0,437.232134135607,1538.58849764967,1552.65736103558,0,0
0,349.392126720736,0,0,1103.40173998658,269.730740474732,0,0,328.684391311771,344.25030775838,0,0,246.727489464743,0,144.885071383452,0,177.002321731186,0,0,172.954387549345,0,0,263.159131987884,0,0,0,211.310830551563,0,348.927623326052,0,0,163.608364051839,165.889509967335,0,542.706933362569,0,376.443026637815,1425.00419299074,1429.26016735151,0,0
0,349.997939897898,0,0,1114.63874984879,272.893604446335,0,0,329.486392457111,346.944207398408,0,0,244.367426371075,0,136.924410333847,0,164.859300047159,0,0,160.245333630318,0,0,252.242619183052,0,0,0,202.607329001078,0,334.097640070244,0,0,162.359012836014,158.705460389753,0,540.78252206289,0,374.798581098313,1193.07645664657,1197.95097976865,0,0
0,349.965099575716,0,0,1121.58723762782,275.293458884242,0,0,320.685530553522,334.757486701605,0,0,224.596692996537,0,123.853339486974,0,153.14928597939,0,0,149.745779812121,0,0,221.22734250223,0,0,0,185.240385567484,0,303.628897186615,0,0,151.677473397717,152.351963219057,0,526.214051415612,0,393.782580335358,1402.20658229228,1412.91126119529,0,0
0,296.845865090716,0,0,932.72724553525,227.463522405982,0,0,280.082544814164,292.519944174465,0,0,211.375466325302,0,121.42360433424,0,151.928558607009,0,0,151.202397029742,0,0,216.43828821399,0,0,0,181.544915349358,0,285.777633716325,0,0,139.519564088468,135.318794115743,0,465.97920451937,0,366.049582968175,1204.13005991716,1212.10059932562,0,0
0,298.055879850918,0,0,956.470611403626,234.589257759038,0,0,291.160775419037,305.924835967824,0,0,220.374437403387,0,124.062045709933,0,146.489284567411,0,0,144.664263870705,0,0,216.151490730334,0,0,0,173.305264500053,0,283.261014587883,0,0,145.007070627569,147.061468026721,0,488.409129433975,0,348.877834935351,1335.82522712288,1340.39117984934,0,0
0,299.202078938561,0,0,967.059454744073,236.197239467211,0,0,286.422610106869,297.970637075637,0,0,210.123060613693,0,120.6657677244,0,144.581567249186,0,0,143.120824245487,0,0,203.438445421839,0,0,0,169.200548435624,0,271.51256666531,0,0,133.461809871389,129.644191216082,0,443.495619718734,0,310.234186275215,1060.22633880838,1066.99633615556,0,0
0,295.362091961221,0,0,952.80399419362,233.280248281545,0,0,283.451132394253,299.984646755197,0,0,210.16983639654,0,118.289161875115,0,140.689149983397,0,0,143.067101044721,0,0,199.410816963611,0,0,0,170.255668413755,0,270.439193706292,0,0,139.326369401109,142.963133144558,0,482.492604269376,0,330.641490302824,1157.33209793381,1162.71232110992,0,0
0,296.843949314826,0,0,956.799321875072,235.649634180723,0,0,283.338925088539,293.785535264556,0,0,206.108241632505,0,118.983943302638,0,138.639258593904,0,0,131.997615345199,0,0,180.434808497971,0,0,0,152.466095090242,0,243.328484816151,0,0,125.833820598963,119.978471195657,0,415.806458631359,0,312.519369667114,1058.33716180627,1066.26614698923,0,0
0,299.267759572521,0,0,923.088014929557,225.01867643155,0,0,267.751503530725,279.575732115332,0,0,193.45659659453,0,111.669781244571,0,134.544843434161,0,0,133.668890597013,0,0,180.610090353068,0,0,0,145.859237962946,0,238.423307086694,0,0,143.340719618727,139.890603401536,0,460.233892301948,0,326.790628329116,1122.30421268887,1128.28833111354,0,0
0,303.377977557809,0,0,991.563215805817,242.048225816784,0,0,288.301636440705,298.821670643198,0,0,201.691597163847,0,115.358340898324,0,134.659600336462,0,0,134.115449447678,0,0,185.143607458348,0,0,0,146.385817962637,0,237.01175082747,0,0,136.914345881064,131.839022627443,0,450.110074315601,0,358.744556925449,1131.35891715747,1135.69489491269,0,0
0,298.629182117408,0,0,980.025393301552,240.224873253444,0,0,291.245736685502,307.126705078265,0,0,208.371927073137,0,117.178427599212,0,137.072911464981,0,0,131.215227519878,0,0,184.300221797449,0,0,0,151.733761825437,0,244.448294864975,0,0,125.038922861286,132.341974095692,0,461.299287084594,0,335.352106212774,1294.37118199921,1298.58818371676,0,0
0,297.585055403607,0,0,963.4858089714,236.870920453776,0,0,286.562521859478,298.208012613018,0,0,206.229963436004,0,117.017280029134,0,139.99026929784,0,0,140.132660085906,0,0,189.748788559562,0,0,0,153.638006513651,0,240.140584312624,0,0,120.947275951004,116.074356024133,0,401.791446917414,0,286.819155255896,1056.0087183904,1062.1659066549,0,0
0,296.844025346055,0,0,932.711099510351,228.216335054337,0,0,272.591400514485,287.608063000105,0,0,195.173937013381,0,110.416221892583,0,132.928973317298,0,0,138.116758885541,0,0,187.46729874624,0,0,0,158.226815196149,0,256.507573894765,0,0,120.958666221531,123.278217986284,0,410.278990676938,0,298.661115301423,928.043125066883,930.401919996003,0,0
0,297.146969947649,0,0,936.452718683192,229.269222183049,0,0,263.051438428758,276.603611786071,0,0,179.167775021369,0,98.0514321600279,0,115.65875623048,0,0,122.198425129033,0,0,170.292527745972,0,0,0,139.000071795285,0,228.868005621033,0,0,113.846428591053,114.374140402149,0,365.143517291151,0,287.120159094114,1069.24050768225,1076.22576998089,0,0
0,297.585004708031,0,0,943.646836154853,230.468721696342,0,0,262.928521370034,276.460452069757,0,0,186.335730289773,0,100.840297722705,0,117.986872617283,0,0,112.33526879593,0,0,151.62528901971,0,0,0,125.218650137,0,196.96070220349,0,0,98.6225368876213,96.9897525998831,0,301.862877927912,0,234.599978306857,794.015957603546,800.670271697849,0,0
0,262.963275435152,0,0,852.951071444875,209.159448307655,0,0,240.814049107777,253.061870131454,0,0,171.755313853005,0,98.0612634128213,0,119.748516411936,0,0,123.657620950346,0,0,163.68416766602,0,0,0,132.233961123514,0,216.785124247482,0,0,97.304865587568,97.828485926029,0,292.541046802289,0,224.7996275829,789.294827672059,792.275068676537,0,0
0,261.345015969666,0,0,830.107864558024,203.238068232917,0,0,231.452377383595,241.702876254583,0,0,159.550657594744,0,88.575103947462,0,104.707149031722,0,0,102.725435304761,0,0,139.028090749979,0,0,0,118.374357289778,0,194.273779169454,0,0,98.8125073809625,95.9454150812149,0,297.256102658081,0,211.935304346421,791.399918582818,795.822003732075,0,0
0,263.129919259009,0,0,837.569127205676,205.617834418031,0,0,231.913431227573,243.070560378407,0,0,159.693665442274,0,89.7767101403143,0,106.381809073385,0,0,101.290074548614,0,0,128.135921207926,0,0,0,105.723173004325,0,172.672702351409,0,0,84.2452117772753,85.1385850180678,0,264.713874545901,0,208.810433148504,665.840331487371,672.471621579522,0,0
0,263.870974653079,0,0,829.119432217991,202.570365413327,0,0,224.422487988418,235.286310641596,0,0,152.75683292255,0,86.9963678376181,0,105.587617052683,0,0,102.579950487374,0,0,135.518459378333,0,0,0,109.591730966645,0,175.26211281663,0,0,86.7370417934628,85.4348681241108,0,242.845449411007,0,198.104392559224,713.34050951768,715.543079405569,0,0
0,262.962090158788,0,0,839.877298746767,205.764575628108,0,0,229.096628094059,240.155006174687,0,0,158.006560086087,0,84.3875518486143,0,100.474356448727,0,0,94.3390487375724,0,0,124.803419764833,0,0,0,105.238305001378,0,166.2863240712,0,0,81.5196428367558,82.3047097622029,0,241.013764495233,0,174.405651274325,621.272561773864,624.014800265184,0,0
0,261.345015929126,0,0,824.267357555662,201.107079557649,0,0,222.954567053833,232.826197172389,0,0,155.663477616535,0,83.850674314366,0,99.9029093145481,0,0,97.6877780312857,0,0,126.616724167769,0,0,0,98.9573217997875,0,157.302038301825,0,0,77.4209291424573,75.4282676078868,0,237.047002679932,0,178.402840544541,608.676052538128,613.344695646201,0,0
0,262.826949312226,0,0,849.461452087739,208.808530315613,0,0,231.536053803364,241.663885868963,0,0,156.479566216874,0,85.7513194321886,0,98.5758544671262,0,0,93.2370219272784,0,0,124.775461125845,0,0,0,104.945575741528,0,168.32575623878,0,0,82.15160680199,83.8758874584926,0,257.386993326888,0,196.930058467726,675.036714430471,675.67074079622,0,0
0,263.43293989183,0,0,826.855392878464,202.438438058828,0,0,221.95458136166,232.737545351086,0,0,153.795327195041,0,85.71302514123,0,102.963191168396,0,0,97.2824940553911,0,0,129.395253455066,0,0,0,103.310249734148,0,168.531154589247,0,0,78.2948330484243,76.6455719042344,0,242.985027686025,0,175.515882884471,637.042589936162,641.004460427831,0,0
0,264.309009416061,0,0,834.353583720299,204.830578469457,0,0,224.638943508963,235.475952571473,0,0,162.071696345629,0,87.9401126860867,0,105.027010468799,0,0,98.1378231655879,0,0,134.667652253263,0,0,0,107.27122253071,0,173.273508145881,0,0,91.2009053220701,88.7681147916697,0,261.16192684277,0,176.003950319987,674.838964737539,675.788763521515,0,0
0,262.221110795078,0,0,811.771392426556,198.187178797944,0,0,208.933762962795,218.182312001182,0,0,140.893182323227,0,77.9956039914418,0,91.2703447928856,0,0,94.4891883009135,0,0,124.61203659186,0,0,0,102.418433109128,0,164.914484558001,0,0,77.3352071556179,78.2774863531583,0,227.36592209352,0,156.011280331508,480.997680816233,485.074807576015,0,0
0,261.647960532454,0,0,814.736763833663,200.03255643096,0,0,212.956463939267,222.347524980971,0,0,139.749073906941,0,78.7787409114065,0,90.3698134939245,0,0,85.7607421246529,0,0,110.054943669377,0,0,0,90.3535597606024,0,147.732094555134,0,0,75.6593640499637,74.5194242359661,0,228.39753092115,0,161.141293947238,582.780637415115,587.110503369414,0,0
0,264.173893912953,0,0,815.465837556543,199.364916991007,0,0,208.923245464998,219.066945606897,0,0,136.880860873381,0,72.7032360503191,0,82.9308565208589,0,0,82.7513563760571,0,0,107.934206082382,0,0,0,87.7473875460978,0,142.756968814671,0,0,71.1339635429148,69.3677512783403,0,204.87473690141,0,158.907754595798,505.650990857256,507.578203919766,0,0
0,217.156693552046,0,0,688.145109261961,167.849598455556,0,0,182.178571427529,191.109202390235,0,0,126.445356287016,0,71.7171119224408,0,85.1664700688314,0,0,81.0652821938268,0,0,104.000306003878,0,0,0,82.2797135390673,0,127.96137162367,0,0,65.1584061193983,64.7319338393986,0,200.501815309095,0,160.98166047636,543.076735845526,547.461976325224,0,0
0,215.976020693025,0,0,692.396405102502,170.500547764592,0,0,186.032996229693,195.22703319068,0,0,126.745669177953,0,68.038943702352,0,78.5797660150594,0,0,75.1018912865568,0,0,96.8831164093909,0,0,0,77.7423170949862,0,122.835213626035,0,0,62.1650011352814,63.2943520291695,0,193.812679626287,0,154.285024432957,579.360451938172,582.099309675959,0,0
0,217.01994460333,0,0,670.854301314751,164.243892280532,0,0,173.794185684661,182.443375803648,0,0,121.078776867309,0,64.7239131779875,0,73.2331188531606,0,0,73.6784164706978,0,0,96.3596680873401,0,0,0,79.7401093898978,0,127.98930352932,0,0,59.8532635394492,59.6501917668941,0,171.271734047282,0,130.877102592212,463.860807881763,465.079728863655,0,0
0,217.760974653946,0,0,676.326220810059,165.441739480848,0,0,171.847305230342,180.380577538296,0,0,116.817606670093,0,66.5523797056572,0,74.8622533065527,0,0,73.0435031288799,0,0,97.9687337284165,0,0,0,73.737309694557,0,114.286387588475,0,0,54.2601721862956,55.2164789384871,0,154.957334688884,0,119.031060460186,419.416787998112,422.850643593919,0,0
0,216.852090158788,0,0,680.116758582866,166.511104992901,0,0,171.387024435547,178.923719312931,0,0,113.490620068411,0,62.0746151548272,0,71.278838893237,0,0,68.1102915628254,0,0,91.1190506264043,0,0,0,75.5705640199799,0,118.999598809923,0,0,61.3925999183091,57.1685605806251,0,168.0423540739,0,116.69055933436,403.654140418417,404.399834427341,0,0
0,214.932045982344,0,0,665.986788706876,162.916029876086,0,0,171.246005296187,175.688369652428,0,0,111.568120439705,0,62.9355488843434,0,72.7853511412516,0,0,70.8342497498348,0,0,91.0401680615888,0,0,0,70.6102729444113,0,110.874604219841,0,0,51.40978863393,54.4089187074414,0,162.222437528686,0,119.816876384577,433.294173481079,436.913875782171,0,0
0,215.370004710631,0,0,675.761710177492,165.163136413191,0,0,180.149994086107,188.053212686929,0,0,122.888212080442,0,66.5738951009344,0,75.124739220533,0,0,69.3571066600413,0,0,93.4953836609185,0,0,0,72.8646795235931,0,112.747168084798,0,0,51.1870504698676,51.4206137816042,0,158.18219248564,0,109.170596361969,366.497109026463,367.237924545496,0,0
0,214.931995291103,0,0,678.428067991126,166.098845580847,0,0,181.63576812966,189.638189613959,0,0,123.691421696674,0,68.3075149066753,0,78.2794563549261,0,0,76.4921167806485,0,0,98.2655290500504,0,0,0,77.1401797188254,0,124.626802036451,0,0,55.7110533934147,54.5475396582759,0,172.722798995407,0,124.685911315846,420.576654890963,422.003103145677,0,0
0,214.764064815334,0,0,683.319264178813,167.293989482973,0,0,180.872499396206,188.81179740502,0,0,118.347487740055,0,63.9965934430052,0,72.8121387664931,0,0,68.9250928830661,0,0,95.9292118694306,0,0,0,75.6325976494931,0,123.161453887037,0,0,57.1747542518368,55.4996311837955,0,165.639537331496,0,132.874414710372,454.032137523248,454.975987893867,0,0
0,213.449985875041,0,0,667.484852807547,163.703275086418,0,0,178.211349520153,187.494760541537,0,0,121.875388464719,0,65.1397547399075,0,74.348243190484,0,0,71.4953022955669,0,0,93.5972239895171,0,0,0,69.9048426517138,0,112.762083177935,0,0,51.22625705674,52.0648538824948,0,145.458914082155,0,105.612075301006,406.508567240584,410.233774878954,0,0
0,215.066984073474,0,0,674.020742368829,165.155258927488,0,0,173.640784470347,182.617169420116,0,0,115.779424607642,0,64.4887790667457,0,74.882025075209,0,0,70.5991565537814,0,0,91.9105104783442,0,0,0,72.2225068019585,0,115.564023606855,0,0,53.1708482560221,52.0941639795435,0,146.82727697797,0,90.6054204073349,341.635184904545,342.817399944614,0,0
0,214.190990581338,0,0,662.773940729608,161.70777641147,0,0,168.639319981516,176.101936780051,0,0,112.951284298708,0,60.6252457333549,0,71.6702736456102,0,0,69.4363435553572,0,0,89.810390014341,0,0,0,76.5095810506696,0,118.874721489562,0,0,55.2687842105025,54.1218864231773,0,154.744570321972,0,100.987868667213,319.100079431149,319.861350411966,0,0
