0,2175.92520001562,933.182464714,886.172881152958,899.005014109401,626.883577758851,637.424614041825,611.890394740031,665.695877101029,630.147734701471,515.143277814681,509.226424698711,556.726304186292,538.390451980705,527.699398400039,575.581344823353,588.865799405315,609.813404024805,632.32162194322,703.218883856459,668.924902374323,672.16169576754,749.636059076537,721.887896508767,711.545543944002,742.017815629584,851.285421249097,768.800988386781,741.877786363887,717.635433484181,747.970336380556,752.487910977982,792.803271798818,716.479080712651,708.455978494089,804.343246778564,599.296713567186,859.756778437027,532.396685729231,401.02086406053,401.02086406053
0,1241,1139.39816058217,1133.0444882847,1179.08118228251,884.804121722869,817.071556539857,817.118599324122,879.190030004238,975.97317998394,862.159981107962,860.79464557758,912.959597448818,874.744235740414,886.291953426504,842.841418627325,822.78392278206,778.467386338254,736.212774559158,773.851504784585,718.553383251225,691.684228700678,743.372562156242,715.675924673461,712.367716887406,728.763972239553,756.655499240345,766.513610118596,760.344963806443,735.664202667096,726.323480841146,758.310803728624,807.78397717706,788.553020925398,795.752189942144,913.309903573212,991.773016385513,1240.43268644929,981.441502464994,685.872386912536,685.872386912536
0,1241,1151.76502502236,1154.94402634598,1192.23597764415,912.676293270178,849.806249409976,849.672158703985,889.711826972607,994.366220756852,878.681333237724,878.180395737496,913.223908777685,845.123654586042,836.55288309284,856.100790260478,838.760270208764,864.836190940421,871.142432827263,885.827160557699,877.243959236482,875.853340995341,910.221742615904,901.534334838421,893.012438308534,910.216452290202,987.584581585403,926.796104216121,904.991665847887,860.882665651315,863.130723436046,887.202978297,904.83302912174,866.104237144377,844.366236999786,910.486815079803,870.761067710206,1090.7708849831,850.684044500867,593.954434360236,593.954434360236
0,1241,1140.809822726,1143.98948699017,1157.96582334682,858.720549799727,797.143783935995,797.250882889914,838.286281099318,926.282431319755,819.126752342385,819.578643980774,872.40035372219,800.057223809618,803.237134635333,886.346490993624,892.145623421938,901.425288189944,912.520555461862,959.752755881824,900.526279070167,899.663905828947,987.40175044914,889.130525341349,898.113977064411,924.112840279873,944.562598759069,960.91429529524,955.598489878607,894.215496425053,875.376748435277,885.394875941641,911.758090569752,888.985627555998,891.774916155786,1051.31396392028,990.124171281929,1095.65539951008,926.524696807098,648.798643841018,648.798643841018
0,1241,1136.21270922252,1133.03348704013,1149.05821054778,830.0996673417,765.055345631243,765.139712753731,822.10030539237,891.064113340334,798.219287383996,798.556821442933,876.526954638884,813.30053133868,815.394943799039,875.458763328662,887.58029304998,881.563982065788,879.345813841879,950.030660890239,901.616867907608,904.300771557217,984.727122600911,952.287602148772,956.215963874581,983.111010993784,1048.79767729951,998.856175943535,1008.43763794207,982.599721943699,964.772017079459,988.99269119312,991.493170276683,930.241707954753,926.692334902262,1099.25590637044,1115.8914878169,1183.11642320865,893.495451745987,622.611837281106,622.611837281106
0,1241,1147.16817726491,1143.98851299318,1181.35357446802,866.184702954374,796.995798040278,796.91155667125,836.981380841071,906.030506264525,811.004442241976,810.667538390588,856.907476027651,856.6295681342,830.69564096242,846.501110094164,844.788735539864,832.17148921773,841.497749678903,879.732767746654,880.755146679811,877.641491381404,1039.90231655425,896.216848759495,892.450906958909,910.055112199995,957.016794562425,935.165089703933,957.978010597335,941.564197646843,968.063947557633,999.253309565667,991.735910745888,1004.03224389396,1006.00050899412,1117.18701274574,1158.99450431767,1325.74373704589,953.545707556976,668.281444857321,668.281444857321
0,1241,1161.30362048133,1154.94451295987,1206.28538085,906.018081448234,839.448882291066,839.353082230955,895.173013187152,904.898316367466,799.672021108093,799.27712715887,824.971697688204,765.080712909203,786.378493689785,798.802794267943,802.392148375332,795.478233945736,769.953510570181,861.078473404835,786.948625496437,799.191198426217,895.895909269271,959.451698322295,953.916152413784,978.323303214719,986.936693278226,961.735928471787,965.579955992935,919.441948417276,928.954193551887,985.08646125927,970.89719312501,889.90587299853,889.795127831875,1058.62090426566,974.401350577202,1129.20603432649,907.730582402895,633.477132962036,633.477132962036
0,1241,1167.31813832943,1176.85602593639,1220.83077248794,920.706189000382,851.628932166344,851.517506980169,901.51058557912,937.41786510743,828.409078860159,828.022025106095,876.720532225209,832.627136321182,825.019239780668,832.44814828905,818.208332985377,838.374451304742,862.053899548124,924.028011324034,911.358246561384,901.018758298186,967.872703532171,913.166941306531,925.954104927158,931.677457876816,1002.93976215051,928.403209233,906.352145939116,852.956261607461,845.508678787809,875.371321610354,980.313978333785,897.724440489549,893.311318765062,991.443877410427,1128.78067589675,1243.95456047438,976.303486618279,687.422132481076,687.422132481076
0,1241,1150.34868438746,1143.99046103711,1183.33344867333,882.751932346555,817.987787822298,818.171922910603,851.374901149388,909.078501089596,793.784557217456,794.450486539102,821.098878523757,782.560738768423,791.715868221771,850.612702488008,855.408713265945,836.59891321919,827.843474509422,900.039301473084,873.671974993575,871.995298746099,962.687412249787,890.417339163923,885.385464890163,901.063494166272,922.193390853924,958.803462868752,917.899664113642,906.706129565189,865.197531893626,900.709176038626,968.911027888856,938.831841500262,944.761252536576,970.127338904652,947.069801917532,1062.16101766088,817.958790011694,572.298661930292,572.298661930292
0,1241,1159.54158160044,1165.90002600302,1201.21617047653,897.265977542709,829.94677498307,829.835540014281,859.76805945807,908.597982427227,813.228767812977,812.842780348414,824.141395652487,762.589157769902,766.957509400908,810.5055703097,809.730436181413,811.835582273155,811.498488150081,861.42305534099,870.821642463321,875.404143020431,945.370723392887,919.085562763902,926.059754926354,952.296157915715,1023.66224968885,991.283349791045,1014.28544282213,1010.08119124922,1048.50428132619,1119.01667485058,1127.65643946622,1127.11193550838,1120.9251054049,1127.5162331901,1130.9955783674,1193.42908742207,942.281397859697,656.296752976715,656.296752976715
0,1241,1143.98953193942,1143.98997401363,1184.01522740778,877.545636411013,807.549130941106,807.671861739004,857.625132475967,871.609410198836,770.80598563651,771.249834745642,789.378669814249,728.168078382882,724.358286492668,757.699907313993,777.637445185801,778.451878878845,787.779933253787,826.101010316873,825.71847304846,825.753555296984,860.635328469253,844.279835209062,836.038359376082,853.731521684527,901.290190308037,915.124242905619,936.196164040079,895.603560320797,897.580894287412,967.847680314314,1024.2543791374,967.166607884502,973.95657325466,1020.84837609288,1005.02452586717,1053.54556647055,828.832858144409,583.158415714778,583.158415714778
0,1241,1140.80955678358,1143.98900003331,1171.94061297259,899.016137848327,838.594946079325,838.560691313334,872.660756033453,920.557741251557,813.667087363192,813.494804697388,842.410325967991,786.688475028867,779.127308509993,752.769566592833,737.717660398805,710.030296555466,714.399299658127,726.648242763887,733.611275069457,737.130072365562,804.639991590241,722.772413783381,732.789170997043,737.492673590526,771.299953354796,767.799174421429,772.242752920667,745.201018113315,763.914994905189,846.308148551511,869.226116396668,872.666060912154,882.186728753991,944.954612359779,966.410482209655,1080.37942640365,780.228907623782,548.565846636725,548.565846636725
0,955.37392186707,1142.57159568266,1133.03348702348,1151.71681266374,836.80287289123,775.469869950961,775.588486667565,790.752397980955,842.742100081816,745.312722078531,745.822527046495,772.28014421706,737.552138470582,747.217917275191,782.036114643232,783.173119167685,756.88271902892,754.098301104541,768.748716603026,750.965973650447,750.265128594226,799.148088648647,781.644026526148,780.347740178512,786.164125523441,800.103543807392,780.281356362932,774.980127393125,734.110429808538,721.105732038343,786.919307378678,822.215019199098,790.44976449078,791.625775446549,797.552373351553,850.793519263165,960.854825836172,767.566458889318,537.593337429794,537.593337429794
0,936,881.086111504177,887.452475839996,918.153199235911,670.266145767394,614.747018888456,616.381903613164,644.279198785883,687.350734139262,611.411309468428,616.781246048342,632.953278905301,607.448875332931,627.365058812482,691.884462444977,704.10675623704,703.363499419075,709.828820740669,747.181622383081,712.804301200077,724.477017756169,754.174372082485,724.205594214193,722.268461161541,729.379817712085,774.839061810595,799.723402106423,753.934203857814,724.385832957954,731.996905224999,762.849638406923,815.742629480455,785.351902676568,786.630356494716,793.49885996539,757.577469348372,807.195661738647,663.738636359854,465.365035774535,465.365035774535
0,936,871.883418734605,865.524974610466,894.843239406464,677.644866430107,632.448635046949,632.526829999374,647.664790996813,713.839048026793,631.199253945221,631.419224523506,637.050842763572,586.556529362183,592.60285901909,616.557930138019,620.962021596626,601.899948124131,607.93050256264,665.177212133485,620.790170667273,612.327133247226,646.691220364916,612.470949454751,616.125937515912,628.606550456374,637.852851142201,642.419044990733,719.107171303515,697.803289984707,705.880926574027,724.464737995828,718.185686868731,735.960055870666,742.676500412083,759.289165444644,789.458513225327,958.350457938767,629.334144018281,440.950774870144,440.950774870144
0,936,884.256024825972,887.435025986386,924.799557538762,670.675128860029,613.345224616558,613.26826032073,645.100724906415,679.901753046623,600.871451282453,600.657802846946,607.040887392147,575.026467737187,563.107649708027,568.97844766025,575.341874171275,552.023513650575,550.629369606919,590.119353366812,610.290887955857,623.424397539965,670.066108289382,632.815488776572,634.413769686964,647.960742341549,683.47628964771,698.075618510895,631.39673452312,616.550347642134,619.897468431418,670.642351137194,635.112124942735,585.760532845091,582.559180757486,590.076266998517,587.999183901344,752.380047073144,634.582873567547,445.259123244553,445.259123244553
0,936,873.300822725995,876.48048699016,924.481016894586,708.619768350795,654.072644997166,654.076759088118,709.95713451017,738.422026428012,652.73961849676,652.673606472854,668.344308999939,627.960522319308,620.407284340424,606.590774442755,596.297254582587,577.941848998244,567.032946324839,567.814556175346,577.407589275968,559.938358860447,569.933478146373,571.161251168541,574.875620877286,593.959306666241,621.485956993105,630.627717074444,670.198514836697,640.286852910008,654.312418144004,721.27279634405,714.483812790089,718.726970102678,725.894974266557,764.40247358851,729.48819003895,805.050183078882,660.89259943589,461.900098816274,461.900098816274
0,936,871.88315245714,865.52448704013,906.842221300269,700.089070220727,653.202917232758,653.252883455247,683.465143316002,759.424500723704,671.447611010107,671.612121713043,697.301988794047,678.700882661814,685.154703021191,699.912837623809,699.616935252233,698.985265377689,693.889144815193,692.808376205271,684.893632760109,692.729319421828,716.344692985873,649.451503142148,634.403152983666,637.052939678551,662.615831772165,660.83586119356,672.710257289674,631.698367606068,608.089604652456,639.015184049743,656.006562096111,597.926981989418,592.644129022998,641.666896594759,668.77796555536,727.665209785695,562.044440814261,395.167910971122,395.167910971122
0,936,884.256024816865,887.43502596971,946.823751052327,697.687391004166,634.124407959123,634.047420950153,707.697839456171,709.402931324697,626.950437820301,626.736733604431,649.01571670153,597.259323927684,609.214030697242,627.597476167661,631.648911650886,637.548254620145,651.620512248641,708.654543826193,629.132514035614,635.505215462503,675.053477904253,655.270399014929,664.134416284946,683.740436915587,715.770893793412,661.855603378701,665.157881430211,658.148530056934,650.025319209386,697.269017212317,697.309522080295,659.460606762309,659.04859847953,644.194496371324,680.175304110932,752.848959884038,564.431702307839,393.808664395465,393.808664395465
0,936,870.121379491377,876.48048699016,937.774027647074,758.695869469282,705.995655109956,705.965429569736,770.067171652317,816.567115913954,732.009494579017,731.77072226595,761.862846744508,716.919707294423,701.777227685271,702.542241640564,690.064733670051,654.362275747645,647.277121603836,680.852376868018,657.454918846654,645.103183037395,658.597051005399,644.293709731122,636.106757260019,649.912530954299,682.44736753946,680.44134960768,680.985662374931,662.919102685308,688.648835989912,758.789510834753,802.2367228205,750.859860895751,751.355256786507,737.52244266333,696.821799148036,900.613846050552,596.772685538521,416.940232902385,416.940232902385
0,936,867.286304905183,854.568974063605,915.935625361787,705.241811049071,652.382183187697,652.539319536803,712.635328487178,741.404870454929,645.515749062988,646.132652792048,671.347757541841,635.070650094637,644.792090298435,682.429273687923,696.52498236235,682.747218171749,683.969466606947,744.925632906969,706.940040128903,712.474321724602,754.087027954554,696.109465046334,707.242091246961,711.241433291137,742.71102247125,715.763712647173,712.108224682,671.091505154508,650.547180018251,694.755649173623,748.262472207045,735.134802503859,729.831149506984,771.124514941764,743.51438009799,905.27341303972,765.77862097013,536.61066115153,536.61066115153
0,936,888.852606399111,898.390051939419,973.729330061113,759.88801537382,697.233720975161,696.988208683721,776.717571773415,774.668015132979,704.79154531831,703.903645160652,726.242983625476,671.515615491248,673.209304242701,666.300560439604,655.501659958914,638.635579161695,635.691635811716,650.074523904728,663.358245258531,664.669262752357,693.932879645738,671.825410337799,667.442181640988,676.878089592553,694.31125652078,672.983686578946,677.456425038366,677.830331289212,671.11358856175,696.485315311394,703.595977858736,716.348722829021,717.740875596972,795.193967471463,781.496347776728,816.830180470588,697.00078531202,487.611347563456,487.611347563456
0,936,862.345354665415,865.525461003794,906.771674409958,747.210211906562,705.22391112005,705.362168442646,734.779342225538,769.478452073369,680.532072384078,680.967333293027,700.402017309286,661.838759690848,651.031039147799,671.786563113929,679.677289834468,677.510754737348,666.59605370714,711.545523511878,652.473540256635,647.222947766663,672.091468403735,636.964002709435,642.725647322073,655.057137704886,690.247576839945,646.319744768765,654.598094243673,655.388103339562,661.667756368104,679.313531353187,670.430070613633,622.982724382167,626.955340490834,726.143721528804,731.672637814821,791.400771273312,569.9156844409,399.892686628478,399.892686628478
0,936,854.568266006098,854.568487073444,873.251812768408,640.888970112294,590.053917672972,590.229887468819,618.277751309501,618.265995590846,536.757410674028,537.555710530517,551.251998649464,525.21869172485,537.575118801384,554.910456005506,559.499082635978,591.696516261305,612.269826045555,644.296866577989,669.541322190058,684.041888379921,740.58805469856,675.664411878557,679.956573053967,695.442453217291,733.583162377968,757.741083998708,700.788681917151,689.982082753053,688.437929806149,710.67078876085,741.240615553365,680.861176677223,672.508779992465,681.191131978411,752.892662009979,756.446335027675,635.995071729872,444.668533652297,444.668533652297
0,891.985489599188,864.106329712953,854.568000016659,895.274989281967,663.236185080917,610.684108605072,610.661326150039,650.586489157571,652.897276659566,587.386564633525,587.271952483536,599.016883823335,561.832319921176,560.740199362363,569.218625320419,565.057761840093,550.747854765062,551.818069254108,574.173649844609,551.66885951497,548.246927366464,570.636335406324,571.512507266115,565.873787637039,569.979052901534,625.665461607203,594.10636481682,656.083538474656,647.450126494066,664.382278638293,688.061406197006,709.269613860345,734.975904243986,748.863677399761,755.981170427302,711.750274128252,747.889757074075,535.653460921985,374.870768581532,374.870768581532
0,889,838.166825126587,844.526302975502,885.162129369539,685.428368631076,636.84283203079,636.914256512358,664.047479065645,693.167755667563,592.291708224332,592.431501503316,599.262825040626,561.286708101178,566.513705250692,581.413789254393,582.684267228409,568.104596961525,559.39254214724,582.579538625761,567.055124273945,563.634196074859,593.732042484213,545.852895408771,551.198840326421,567.404433044936,577.030788733959,579.204114870891,568.832101009212,550.248888376279,553.650426041176,572.19202755788,584.948964227077,538.628629143974,539.613178791234,574.395072243094,605.381807820777,634.221986175864,518.492970266017,365.408832214301,365.408832214301
0,889,822.613531981953,822.613974091513,862.639227570535,646.168015715213,593.529474574175,593.675234699683,637.64281845649,662.037855396619,595.911776121337,596.471307123727,602.856300506074,556.869702427009,554.032665798544,563.630102097535,570.968775746804,574.540652934969,579.468355791842,615.023857202795,596.226236563664,595.074563369417,648.253473647854,589.066114385241,588.333903143709,595.838338980565,635.679370790507,605.455244370014,615.618015525429,593.976796715825,587.710573022491,610.629100776375,614.13018392561,609.485444531552,604.623881218534,609.18668204935,604.364712993649,685.211822523734,471.386267443599,328.959541201124,328.959541201124
0,889,825.792443252813,822.613000033316,870.613000069371,673.689792529507,624.558540035724,624.52429897447,667.533356224972,681.537979991316,612.669524555867,612.497370240578,624.115032616292,584.772730189717,583.210192376274,575.067140327085,562.940880029857,552.837922809107,550.903844756853,585.774595933216,573.536451756395,575.724258546145,590.372257957995,599.94306464859,595.012498160239,595.366787008556,597.350083778141,599.130977514341,590.658436083001,573.411121255039,582.775450748801,616.497169337326,630.223960580254,585.100603875001,585.470228942859,607.517988194394,592.846151095339,774.705103058662,541.172401541151,378.473423203773,378.473423203773
0,889,827.209847551957,833.568512976527,871.543789487202,674.653424464289,625.44581219272,625.395833952362,672.335259908227,659.20031852382,582.616688526184,582.452107015846,604.762059462587,563.357808525801,556.905676104794,578.909935128032,589.620701838517,579.289993720326,584.151541867478,610.063168445132,604.925571765909,607.511244376243,644.776894314292,587.910422104689,583.313400467208,583.14862504833,616.256202148757,593.489471416072,561.221455008178,529.052492600833,527.149401915222,552.084713598818,551.273936951815,562.90575559334,563.617926053472,573.70005142419,605.446705112272,783.018066419421,632.960390018245,445.155260624076,445.155260624076
0,889,830.734191356226,811.657974030291,868.390216689941,643.669039530869,592.617979831266,592.752199529089,645.803626786714,635.737442802991,562.330679930248,562.832218764197,594.491561937015,562.970816908659,577.516468918165,585.747996690001,569.25020371352,553.470370016239,554.742305191186,612.299658529644,558.642703804809,561.216927221252,590.618240939718,596.26116640693,590.283493573389,597.520551178051,613.88093782363,609.694770661601,639.746746474396,627.639097927358,607.131955603079,627.061161316692,626.464119864394,596.470344585564,598.688903914477,584.157026064438,579.589320234972,685.091498911127,565.545953237915,393.185765145831,393.185765145831
0,889,858.314744737642,877.39007789247,921.972919787934,729.957646716393,680.73600322182,680.344775406345,704.288614380254,718.486143659121,634.160743039091,632.713518442191,643.369665534315,604.74585864432,591.384262343988,630.465885629497,638.320798740964,611.161943873169,602.9463601598,616.506870334065,625.901506533608,620.481425843088,625.73079309415,620.796647768969,635.638288603795,639.222051958695,682.029767282002,648.061247585202,646.123102338662,631.21544144185,649.97361326432,672.758858533621,634.864923626076,615.436796263442,610.816750192792,618.949101177921,591.153802662066,588.790393424162,521.643444032849,365.164310978867,365.164310978867
0,889,818.017482287497,811.659922040901,843.028692976294,621.379090354711,572.059827791142,572.473772110541,610.604729205736,591.282554133044,523.745059262255,525.306565107492,538.904731091214,500.249107103325,508.735410628518,533.810711935415,543.165784611798,546.365768487891,557.229848378503,573.490467989995,567.282628904224,574.254399182805,595.686708332204,550.831289963747,548.704492279923,559.337943221661,566.702380746706,562.930305794754,575.379163129704,537.738753504722,546.424435876106,576.638824744731,563.893973869708,546.388573811664,551.064927058342,551.202772202854,597.975717843552,600.340666439865,438.101842754898,309.1445403411,309.1445403411
0,889,827.20958162773,833.568026052993,882.249761978525,670.943860583811,614.982385802703,614.83696569567,666.687561145183,649.418309867799,573.71235098615,573.154439793762,585.473777071982,582.111943315293,555.086721766945,543.952428938029,543.811488411357,532.116477584011,518.003627094361,528.047939023964,504.393885353138,504.388485095091,553.757935144865,497.856236435083,502.175791617448,513.982094430431,526.151645065281,500.406998327055,502.494025876934,471.198508636768,474.300920673675,503.154028463795,525.763181828905,479.772757433965,486.359277748963,502.566114851841,467.053278601742,488.727829296212,377.047829607655,264.416706295913,264.416706295913
0,889,818.016418408658,811.657974013637,845.610646762361,673.40353325482,634.134684326607,634.21160862603,673.348780502717,689.917904005231,599.753155457964,599.966613173224,626.777387030279,589.827259378703,607.713878161038,595.091173884192,588.78134910848,589.470328032153,598.230457115951,619.842075597716,577.254627432264,570.617016965164,592.860182181645,591.069846411198,583.878541718019,585.629793837311,637.529657716436,581.686580749066,568.342028949841,529.646023231786,522.092221119017,534.494729465029,558.007150748588,540.62032655192,534.280173083516,542.03703599558,562.706838248531,592.664483749064,441.082080227975,307.692261191435,307.692261191435
0,889,833.568468060579,833.568025986366,854.908363990596,621.532564160294,573.507121898914,573.475942997436,599.518895953007,636.492247563462,562.63903312719,562.655512959965,606.952102053628,583.537347621948,597.504655006065,614.050044045064,614.433463927203,606.925067197028,603.175854069827,629.175405739534,612.044187053428,612.090759057407,623.47999004876,587.700690542848,590.491771933937,587.884685463227,611.494605716,621.323814001126,608.317967113632,562.797447307614,565.690742166292,576.90534792636,577.543009050532,566.857866507268,566.415210991563,580.824874041493,554.226555709195,611.418573529681,456.762446814374,319.369380229822,319.369380229822
0,889,843.107329685661,833.568999966686,867.593193478758,631.267151829475,583.919801662997,583.908324751539,602.931530373397,635.101968422009,561.394657089262,561.336998400971,579.910682761869,538.241559068271,537.742312294625,558.543713318028,558.231970651293,552.149202795543,563.271238335937,576.578424120115,579.165680987627,575.989300422792,581.272709818435,557.397769262499,560.971249252553,564.772745971381,580.409091522097,577.954149024883,592.323404573396,554.085609632696,552.20371347803,565.238450578964,586.605682381155,540.608136937851,540.473270724114,603.157469205359,577.813487840155,605.753775916711,494.195649757045,346.284013837823,346.284013837823
0,1165.26128868595,860.077315594342,866.435538929577,911.775346956023,672.330922597821,617.659066146416,617.474846103831,645.302153757575,671.078284641907,582.48209400912,581.815785636317,587.271265340718,543.883558747858,540.716316328997,559.827721893255,555.290078022687,534.231538060203,522.050986775571,533.403988912594,533.867089247513,540.918382610483,577.289066886349,508.093642915256,508.996277138245,510.010310355915,511.6009736886,499.098004497318,510.552462290722,477.579308895041,486.942586556248,523.780959602673,537.072508063345,522.024714387079,526.539395161559,547.704323560183,617.339426225149,701.807044084246,487.437437000206,342.606267156751,342.606267156751
0,1184,1117.03050044128,1113.84362519809,1171.85000099019,873.062017560547,804.412350775643,802.752382462003,861.566283709241,862.30881147003,758.403139214147,752.891722908584,764.290599640324,691.920041202617,652.732357843786,650.468233514288,639.23578848869,637.484311495398,614.459402112497,654.747344478364,594.934301946981,585.323170004881,594.28834237385,591.137596965754,583.411089132206,580.987698201356,579.325139764913,558.53064068079,545.911390262391,509.339132133366,492.763950845669,529.896434807331,578.760642529076,538.989731612443,534.654055486984,553.493669415306,498.219828057993,561.001653433721,472.065250431471,329.848396042012,329.848396042012
0,1184,1121.63629048071,1124.81551241646,1180.79078831752,902.686974410956,837.772072230337,837.686588731221,903.634286825172,930.430837499701,822.274581626977,821.931174357557,879.842105167589,820.154825978746,829.821595357443,836.08304472012,841.209094205896,851.773149794203,865.132029289629,888.016304450307,870.497203799427,861.629548914163,854.289565968153,802.858325269878,787.401307755565,792.338760457989,801.519328276226,722.027262989224,716.339977528794,653.798464791808,638.341351474831,653.518416738004,657.719451925388,644.73453666004,627.64575052248,656.535779679663,659.348513838724,688.837008496222,528.243895774293,368.52668720084,368.52668720084
0,1184,1117.03970920432,1113.8604870068,1158.51961908033,868.118668389883,805.832435472825,805.91667617189,857.059222234564,902.329532793571,797.881677721284,798.218574842237,865.590255738546,818.946837452595,815.083039657023,810.751126471203,807.296912381912,790.886950149124,792.631303760365,828.590976964077,793.423987516797,791.078731843798,809.471213351764,759.381588665989,764.992685837645,789.771503783141,804.112309353257,786.201560608834,788.817364745916,750.715561906364,738.793229413307,775.426590189213,773.797153928117,741.138923378971,745.095311873641,722.959858754835,756.956395328288,815.965700834451,597.248891543321,414.706196027613,414.706196027613
0,1184,1127.99517726491,1124.81551299318,1166.81498307043,859.301818644751,796.24789982174,796.209444533821,839.216709523162,877.049084619319,775.230634291693,775.123981167354,834.965394805402,784.165844749645,790.145904655619,801.700647763303,802.411717645351,781.589351445234,786.740601150226,823.755740732742,802.209767787272,811.313943682496,863.550816312274,796.422874414712,797.303838957838,805.851305477486,834.118726602955,792.461636547909,792.004003179579,776.985069504243,769.408979285543,811.518013467684,807.710641231386,773.797438340488,770.795713350317,779.469154678867,711.729170087867,807.807055861199,607.583086065243,424.883185099731,424.883185099731
0,1184,1135.7717340121,1135.77151295987,1177.77098300081,861.787671276296,797.142603921104,797.092617263228,824.153392671302,872.40773075736,771.092001701945,770.927324012273,814.743948743195,792.833547385097,774.423527292183,792.937623499762,785.078810634966,755.676615045036,756.064261628497,770.401366048381,764.041004236735,755.289082646343,780.045405090272,771.704653186267,777.710841275503,786.732380880867,813.883844268997,752.766037664452,754.325619243155,725.008384319684,754.863763309625,820.005572974728,836.539823696678,786.20423395484,790.121162093277,862.176121531655,851.131056223618,893.947105885199,729.594103400264,510.729850770541,510.729850770541
0,1184,1123.05422705243,1135.77199998334,1174.43060211575,866.368094795595,797.183325940573,797.183290285556,826.152929478203,856.425529163225,757.08007170999,757.079947805062,770.482960771981,744.873685047168,762.785406232459,798.680089820545,809.376120827129,790.120410005479,780.004534375763,814.491259367843,779.319908629788,790.874604665215,812.686296286861,753.593185154569,753.834319581655,765.625004549634,778.811660869754,760.371182618287,758.171114887249,694.265078233,688.781468687912,720.680823234916,772.704487042094,764.758680951956,765.16956070531,796.658707349671,852.914447625504,894.329914998859,677.010658003596,475.541665196625,475.541665196625
0,1184,1123.74349626141,1091.9499480939,1161.36604635234,846.817679611415,783.352605962844,783.563883940936,818.661550313264,861.795840276505,752.032461032216,752.748189385769,759.324640567793,717.9179109626,708.662332859961,727.316563478427,715.291132276997,731.634560758395,724.837110643357,761.052513178034,727.902756962884,726.87646532002,734.573218326578,724.111460345943,712.54032795335,720.805297194422,733.054430098979,730.607422703623,717.78864942809,672.621495611818,675.313007172087,690.448425375037,701.471476415819,676.21201628302,676.473848131827,676.926610210254,677.432813447745,699.120739532202,566.072853200776,396.62099521266,396.62099521266
0,1184,1188.78756730984,1201.50312983189,1284.13223909649,968.379216348877,895.617867496702,895.003972816547,930.630696347209,994.530268767687,867.351874060099,865.13159273522,872.979134849425,831.991330307847,821.359743642528,845.040638785423,850.918791631413,844.040248484728,855.288571222142,865.372894326366,843.615199182835,836.06383242753,849.956021129544,801.191320821535,801.358005822127,820.298830785121,826.021250125945,771.446697504579,764.128348624432,700.583898950217,693.306753051117,713.999987956923,715.050523398344,667.49970360231,662.491815324193,662.20487642854,660.937154012183,651.397758934109,515.423923154429,361.085809458691,361.085809458691
0,1184,1160.86450705888,1157.68594792732,1233.02946535955,920.086889281662,851.133461967944,851.378655183269,887.527739249063,975.369062254489,862.83190219935,863.718045192126,877.373841934073,836.043989763405,846.173272154952,859.065812506229,850.896155470227,838.43894061054,821.209722383269,844.437455563722,807.812034742739,798.593205281985,811.957943353538,793.715602928638,786.891524845864,813.465244562086,856.696825420109,826.367697972086,836.658311312292,787.510206012341,778.225770452626,803.201688131607,868.062317788263,818.169553292913,821.035071004636,859.136632865346,802.570364673168,845.160022728474,592.802440687874,412.02137904856,412.02137904856
0,1184,1165.46029082296,1168.63951304315,1246.63898317464,933.618325627825,862.181306832479,862.120071970522,912.991824370036,995.824348636769,869.861657825454,869.640435440166,891.824211021907,832.38450959271,831.337742624031,867.291751746347,871.887999852768,889.897215592092,893.129201928153,927.924020153382,895.323032878867,905.439504966409,917.561605330742,878.016738414568,893.104173167413,908.752818692361,929.949997672974,935.094907738629,913.24294007529,864.117679908672,859.172629800236,864.901446027483,925.791421788606,864.305114433606,852.781626837149,920.054541207057,912.366328447665,923.130857342395,750.168586148776,524.192160061178,524.192160061178
0,1184,1148.14593626586,1157.68448700682,1212.2952319834,925.132241163013,861.367840083343,861.417755600853,885.629983989321,1041.04011750361,910.09980139798,910.264017489132,935.952948721168,911.059149083746,893.642838745944,910.121941929044,909.623427363465,927.26745318264,914.387893094729,981.868770275155,911.490733209109,889.284927853998,925.031423476702,846.219938222873,832.781447644021,865.899539205831,863.199408469437,822.343130306632,840.504775385743,795.129721630355,797.482686993711,811.300859176269,887.226165027465,859.290860532862,865.13543598384,889.286491026382,948.436920383931,995.711836693953,728.247362422404,511.665688911003,511.665688911003
0,2676.74743784882,1131.17568441475,1124.81746108708,1190.89163157364,860.36621375948,786.071172756478,786.301207738159,839.229326835167,970.89964828984,848.576413828024,849.473140289141,863.231295814721,857.221413487663,856.554172089824,904.144663218636,890.317781857348,921.123851407949,947.550765097403,989.3362420598,1020.98223026636,1037.32561729233,1068.60139268309,1035.97390410058,1041.10275938688,1072.64839387448,1212.87922106004,1067.02945362333,1064.77558241714,998.081804674583,988.586273101687,1031.80529489382,1006.26692347558,995.211826356614,974.705509043289,1035.87753200709,909.062833604693,1054.58852053313,736.083758788505,510.046642553113,510.046642553113
0,2778,2601.99827244418,2601.95528367957,2698.53501660649,1997.30328079622,1842.57837282788,1832.92879155714,1902.00029228536,1941.35443106898,1693.58913768502,1661.49914836813,1621.74045939413,1467.58784942657,1373.75580236404,1263.43128766581,1216.74781013213,1080.76419125942,1046.28540534716,1071.72924020812,986.414091409454,960.467609311223,985.054387809953,930.679676011579,909.668286140148,944.688782530951,1001.38830075007,1022.63911708945,1008.62634893203,941.943733740456,949.224281850181,994.445983767317,1074.57215843989,1004.13330141987,1022.00067632111,1193.19878239766,1195.15702301831,1356.33802282692,1061.27810474294,744.326771812222,744.326771812222
0,2778,2614.76777116925,2602.04999676045,2704.04999323529,2016.86667421308,1871.20520494319,1871.17542295742,1934.2479322706,2029.8727394766,1784.01934779562,1783.86877794531,1812.82882777408,1685.48132900027,1671.99394200578,1680.30550282333,1656.35859335752,1596.50217373011,1553.29117249991,1629.38697518776,1534.28390785281,1505.46045766641,1527.78083998498,1480.07639051337,1429.27459749428,1439.0395210347,1498.84911764505,1428.83582211972,1405.93991936822,1288.9937265213,1212.22142869833,1215.11862892577,1193.93810345806,1147.13824556918,1110.25266502521,1186.36304097258,1223.5826966623,1358.77285694178,1038.81362425068,722.500901363218,722.500901363218
0,2778,2626.796276677,2645.87205190599,2734.50434074427,2029.75684440132,1874.67636308037,1874.47651386444,1934.35561198753,2057.17942432908,1797.48946748209,1796.83117610943,1821.08357618769,1717.16348079665,1715.00322974988,1780.50993201211,1795.56291398668,1800.08210430577,1814.32445477694,1920.12196352261,1864.56792467151,1854.52119055945,1879.06494001518,1834.25934674021,1869.3447421519,1894.75243567478,1930.0613576904,1849.0368581364,1835.68854140848,1710.77277647789,1692.0650174518,1715.98756027201,1674.31369890415,1556.0111058935,1519.03349172964,1516.87832421682,1467.60150991246,1529.02901546432,1206.1511390511,835.342264810847,835.342264810847
0,2778,2608.75458494802,2580.14092207421,2704.92367154008,1983.86669322265,1828.13988567025,1828.48527645599,1958.27023973303,2052.6793401898,1815.40775187992,1816.62439665777,1878.5451382483,1743.6050663871,1724.99436255312,1748.39789665448,1748.09776416918,1730.21220384056,1726.76608790841,1790.59434259742,1799.29942840589,1816.24679002985,1892.60124009111,1758.27958923094,1742.8175743037,1803.55016701013,1828.59330881897,1760.2300699358,1755.31498584469,1649.3605398439,1656.7056481224,1726.12030299681,1741.85309024134,1648.25569870981,1652.82621533452,1658.19372278487,1675.05960469144,1739.10071951388,1327.03996691608,930.186831522232,930.186831522232
0,2778,2646.94517389914,2678.73761688868,2817.34306258181,2146.27013342468,1980.96158554204,1980.35195419448,2114.04117782284,2262.27047393765,1998.30504571365,1996.01939847904,2085.15000000437,2021.34918114789,2003.11027079249,1984.14661000606,1981.78592887118,1937.13724876695,1924.71455570363,1999.04139065785,1891.5273002373,1846.13652772286,1868.72862818368,1833.08721648612,1836.17547136733,1896.29159299729,1947.02709560512,1843.48666397795,1840.74041032183,1715.82278515987,1707.258052955,1784.50921947293,1778.28317319053,1751.37798748389,1756.74980932676,1846.2787981867,1741.33545666182,1875.38577236925,1386.78121968751,968.126049337195,968.126049337195
0,2778,2588.26131911391,2569.18687008483,2702.5577607294,2051.04971618408,1900.15168816712,1900.7309766373,2008.23443814336,2459.54269385528,1931.31660631455,1933.36282835276,1981.23274108335,1905.64753862209,1938.51208469082,1957.22364332133,1938.93884514754,1924.85946416306,1928.92490997822,2037.09046280915,2012.22082170575,2025.55425376126,2048.31806114618,1935.27823575489,1937.13837423756,2002.83558866654,2105.56394116053,1970.91708159679,1981.45539387684,1849.86626900144,1847.45209177278,1933.11304039784,1912.12719195754,1806.65963505053,1786.96203809659,1833.0448095619,1921.8428845493,2015.46990247086,1589.66108053376,1111.01409388677,1111.01409388677
0,2778,2657.17250686045,2634.91507802573,2788.93609210946,2098.21786764277,1946.38600106127,1946.04087152213,2032.92234522428,2890.62578822161,2554.47445602272,2553.25781283727,2580.31328696596,2410.89190472843,2404.77955659947,2443.25011720287,2438.53334000796,2348.59142016086,2335.90334270923,2394.588281312,2298.14930319972,2247.01072188719,2247.51234334609,2079.89910212968,2038.0277887869,2046.59125696421,2138.08663295819,2056.33414669878,2009.80312464312,1859.83397673734,1850.74352443772,1980.78832692913,1963.27689353351,1863.52062786368,1864.01692830011,1889.14859472489,1838.9470452674,1923.30474597852,1481.39546101501,1037.17978256264,1037.17978256264
0,2778,2679.81370574759,2711.60659073574,2830.16470899721,2140.23818961407,1983.84360519,1983.45931968704,2057.28694582185,2908.00019486752,2569.750798758,2568.42512323244,2607.32493316755,2459.4794827875,2430.32176120779,2468.41115147132,2460.86178342903,2414.68100759605,2374.01098633917,2500.63559828654,2376.02326721348,2369.64888532771,2450.63891474284,2297.69800562729,2297.03660911873,2352.07370706492,2414.30474067526,2296.32760640465,2313.63056384288,2163.20806229784,2140.74907473751,2247.64440611819,2393.11273769176,2203.40095167712,2183.86653990029,2226.86594207372,2171.77528787792,2362.30307714734,1698.28413774326,1180.39392467575,1180.39392467575
0,2778,2627.48820560133,2602.05487011814,2739.5225349929,2001.78674049969,1840.57346223827,1841.22157585562,1963.31273336864,2818.55069208893,2452.13869352567,2454.53095763327,2517.66205534178,2387.62022370492,2411.6982273916,2501.38259098092,2504.61275779118,2550.55917912014,2565.08294551013,2624.20552760552,2637.27489949481,2641.68137407735,2719.2629311978,2620.35191830558,2601.37309453985,2652.28910994927,2737.59633458015,2677.32775887817,2617.54234628549,2433.88451117785,2422.57090733488,2513.55041632845,2548.71136589052,2476.42588453325,2447.3908942486,2519.6816304059,2455.35313825709,2527.57959678631,2061.6811761115,1437.84745547254,1437.84745547254
0,2778,2702.41364519898,2689.69410397878,2869.68986463146,2170.34905851785,2013.05769729649,2012.47533451289,2129.21101769057,3093.78780189407,2733.41251261233,2731.17723155901,2804.13223493025,2672.29862987546,2623.66915744815,2641.71366652313,2661.16944460238,2640.94291876626,2629.00805607451,2733.21571658994,2574.6713176157,2540.9542451289,2566.47025052974,2476.7942243376,2493.90234208201,2551.67194619385,2671.33517761859,2500.58190715377,2539.07795485874,2365.75598175088,2371.03992726494,2468.2054132719,2514.77512313632,2474.59794824978,2492.03221886784,2550.62433641969,2627.41930325778,2694.70910995379,2035.94359336722,1425.86759000048,1425.86759000048
0,2778,2743.05926571585,2733.52005177285,2966.98029745549,2200.26019877341,2016.96565662451,2016.76543134622,2215.12853855128,3082.56615427674,2724.52187021302,2723.86169034511,2827.90133237327,2689.70246418352,2711.3919270916,2702.36670207205,2644.52826490392,2628.08229152129,2642.98073820723,2807.2012619337,2724.47344285832,2726.81859001985,2758.91179511744,2610.82094033536,2593.5039565575,2679.129131748,2771.70401620535,2695.80185606952,2683.3807836543,2525.86910681242,2495.17383098814,2571.26895918602,2588.27342414322,2437.27716466173,2418.81863423954,2427.84224869315,2398.49114384969,2508.02859398463,1913.60499546052,1337.38734806276,1337.38734806276
0,6331.93759512941,2775.92753173104,2766.38853886294,3025.67995971925,2350.99135733705,2185.81617528159,2185.4830142734,2341.64249400496,3366.966742171,2939.0681705157,2937.65269475667,3045.54660218678,2918.38350950362,2896.31569615064,3019.81874294096,3040.33318445653,2948.59221014163,2933.95894379661,3070.92743205619,2991.33474299747,2980.79845906127,3050.6588958347,2879.02766669557,2841.17408668531,2916.32242151688,3056.34442795864,2905.25061665048,2876.87589366084,2713.88593699018,2682.57049905701,2773.75153363672,2751.79224476886,2651.55810783319,2639.0287468074,2718.659043473,2630.08219059405,3000.21489539605,2100.9678250479,1467.63050423693,1467.63050423693
0,6573,6254.43198563309,6263.86835687363,6512.96531593022,4796.27199476776,4425.9692769086,4403.38544703958,4568.51606516373,5300.31124285191,4632.88353678986,4558.29174975131,4526.22617973062,4125.16070301741,3851.71785728322,3521.44918182156,3350.78555042244,3133.64453524574,3017.19052009078,3036.10382310994,2998.39007487181,2953.62254689196,3026.00991623738,2940.48126492861,2960.73396942389,3062.06055228567,3236.31967725905,3119.02116410704,3084.5197366182,2916.65770382021,2941.03323343506,3072.33101197217,3082.43249929642,2940.03273416841,2932.20758502552,3026.79723206744,3019.35913158006,3321.72116270514,2657.83208484779,1852.89101117689,1852.89101117689
0,6573,6234.4052369749,6231.22645338703,6526.66620689231,4831.347810078,4452.19548978614,4452.31775814789,4688.08789046406,5444.00177196278,4812.76077681474,4813.11369138072,4923.05710791246,4686.4349067279,4638.61604028128,4741.66118479645,4760.2141012442,4697.10964780337,4692.72288235881,4806.61068190297,4592.60996946332,4522.99226867253,4539.27648477902,4275.39225341994,4199.40182444498,4247.44368404167,4378.31510988576,4200.90232948606,4083.31354749827,3673.29097758975,3501.34186199729,3591.48029341222,3470.23405470566,3204.11124264718,3119.96985399236,3271.80697627095,3116.38113170886,3603.89844869615,2576.61924602855,1800.17997549117,1800.17997549117
0,6573,6251.7190637522,6242.18051302624,6582.20417668692,4959.94958093517,4587.91239567344,4587.71372320608,4838.56073317416,5753.07382736566,4966.5605566161,4965.64815854843,5064.99729928454,4816.51527420093,4832.94205636338,4861.25355051563,4829.52665960761,4744.35934692306,4729.91530149705,4855.2907031589,4753.10876570571,4764.28751152212,4806.30080106591,4615.26427795228,4590.4927633619,4738.94795464425,4840.78795777134,4713.51727700703,4751.47335641604,4419.21716843571,4390.23273919755,4558.35219606896,4652.89323986793,4366.53951859733,4329.40330138651,4445.33423077948,4397.29579596488,4848.91223629816,3735.90878975762,2595.22639178294,2595.22639178294
0,6573,6255.97154264677,6275.04753891292,6569.58358348038,4981.41430343531,4621.79217277127,4621.60783542681,4863.55642481848,5992.84362916117,5297.21796209801,5296.55035357329,5445.68500494826,5137.09564425505,5109.62703458788,5198.62220934151,5205.83024515206,5130.18123143422,5094.99817251631,5272.57340700436,5022.89168381026,4986.0319762853,5059.85214271922,4817.85187630292,4792.32899384836,4917.38565315118,5071.81386831163,4881.85975074466,4834.84265088709,4503.61422524923,4486.81451346293,4754.78521361367,4713.30941051992,4509.51854353372,4502.18282918288,4537.73367270571,4610.76455226281,5028.6105019528,3897.51428790385,2726.72245309436,2726.72245309436
0,6573,6228.39125525326,6209.31592209087,6464.66049953265,4803.83791260213,4450.66480633474,4451.14757073043,4641.74604190924,5830.53818091238,5155.4598562868,5157.36729393433,5338.64332001902,5097.87869019283,5139.25398891341,5196.49207446142,5226.95238288688,5198.73520892136,5240.45907497604,5492.39189468351,5310.13635898804,5287.20335450695,5366.86116254679,5198.18170919498,5197.38999624094,5330.30851702266,5572.58897822625,5213.4302975277,5261.45987416908,4900.0047894363,4873.62495985482,5101.90660178194,5208.1250224429,5058.17606192149,5023.25195431911,4903.32335357111,4889.70944227518,5100.16170221289,4036.83470943001,2816.14070551877,2816.14070551877
0,6573,6284.58573388559,6275.0460779591,6539.72569412107,4826.4959482226,4465.8429774125,4465.53210641539,4630.43487246304,5834.7703695179,5115.18791004077,5114.14493193548,5245.70028553742,4990.31875731649,4962.86288916302,4971.39660807402,4932.08709984927,4857.93206862177,4839.78860964314,5127.48483813881,5028.81728744375,5063.48026258221,5126.63810266706,4961.87374298432,4995.82613224252,5154.82068034687,5452.77760333818,5233.81358797505,5217.34765960756,4903.03464047548,4940.7550192633,5179.3206465012,5144.18587673683,4931.67315752456,4937.44992351698,4998.02904491506,4822.88083024737,5078.00677555623,3838.28779155895,2684.14966712549,2684.14966712549
0,6573,6288.83954260129,6307.91553882964,6597.96233599471,4871.6877366852,4489.44491997807,4489.27193285984,4700.86351275195,5912.51227062682,5226.24027168354,5225.63022231886,5333.91063050551,5062.64899252513,5089.65823547621,5213.57996650185,5218.78233817534,5162.30213952171,5161.17405248378,5369.11982079196,5291.27801540583,5271.41347665935,5347.3750440639,5056.06258324651,5049.78200571179,5157.52813597327,5449.00829780821,5235.41018940133,5226.49125678863,4879.50635942845,4830.73251769308,5036.56776869995,5098.8773485531,4866.30457423679,4864.38591485467,5022.55772284208,5075.88243649829,5451.24167111244,4135.8661769377,2900.39273894718,2900.39273894718
0,6573,6254.90036878402,6242.18392209087,6531.48011243441,4901.64727505827,4546.69724014098,4546.92818742838,4779.00608611278,6019.48535612117,5321.71031212565,5322.35151092007,5477.59106577444,5167.5441966366,5107.93001251656,5232.99831337918,5200.87444601882,5171.04063584083,5128.4021074426,5328.3007850563,5222.21683177956,5193.08267305761,5304.69086710021,5106.42444875039,5041.56624172362,5224.0256012197,5430.32884927836,5219.04122456708,5225.68965974471,4957.11242585187,4936.93698274741,5183.64213005522,5264.00929583335,5011.05961422587,5013.03474172303,5227.66836209304,5118.73297545341,5514.74368938317,4243.24160571996,2967.57337261731,2967.57337261731
0,6573,6311.4394820163,6286.00305200605,6595.414910846,4865.81982674211,4498.04619831403,4497.90377243494,4726.84889867159,6013.71563761817,5290.6267581411,5290.25713692446,5501.85179415156,5313.78400023713,5308.25877402326,5484.43638262839,5533.26103558875,5583.38265900334,5577.51290497641,5902.77217463523,5704.24404604639,5703.04822272966,5814.92248931289,5627.86225985254,5646.88446381099,5763.66084793132,6014.98459110789,5829.22528028939,5807.75313102826,5510.48077573291,5429.73274556105,5605.95953789301,5896.78731407407,5492.95953111875,5451.52976622795,5649.57663819148,5633.27708209336,6069.53216505046,4590.18614852825,3202.04142037936,3202.04142037936
0,6573,6360.93309919468,6373.64910374558,6702.96206844599,4985.72395685862,4608.87890300089,4608.36466629887,4845.9909978678,6149.96868575202,5435.2871653909,5433.39462087437,5621.8138500025,5369.50395202265,5401.62245522568,5437.60051685028,5386.06455164573,5406.92556332334,5435.74194709561,5756.43582958166,5662.87507933583,5658.19078753577,5758.59669821257,5603.93328180124,5570.9646419819,5727.55648979134,5990.23938454282,5634.27339508092,5627.63164850522,5347.50398695979,5448.95823798733,5672.09022945113,5835.49415052291,5722.53087996205,5718.58473551758,6060.44555949767,5888.27313742953,6238.64272888463,4900.17406808102,3431.33783730856,3431.33783730856
0,6573,6326.65062060783,6329.83094796064,6677.22285252576,4968.91504241415,4585.07582403098,4585.29819528862,4850.28140177276,6142.07389771409,5430.12840210847,5430.8998331182,5608.40544889595,5377.11749096659,5344.5047917374,5544.4794944096,5556.28477361973,5548.52389494459,5505.34155743465,5774.45531294023,5740.02635336805,5728.05935437151,5912.57300498803,5656.15746901417,5683.73504636028,5924.33287105884,6293.21750272625,5907.3786013664,5929.04136024232,5537.03487805381,5496.34272478396,5804.39208655489,5827.97382161289,5648.61565165705,5645.39061094862,6069.74932508995,6112.81563367338,6484.22388270633,4919.47589237421,3439.35617587668,3439.35617587668
0,7034.68411973618,6299.79660660749,6318.8734870901,6631.41165151167,5019.11830947749,4656.70314922177,4656.67313727487,4911.74467334303,6152.30768087007,5509.47048746318,5509.23291239598,5701.71683384387,5418.67198459791,5439.361634326,5597.09703925157,5582.48022850815,5608.75901453747,5650.14282757343,5987.48126976616,5856.83641176276,5827.74441378799,5960.02051049796,5843.21429640687,5820.84629145597,6054.93165459068,6537.73255480602,6283.09155609239,6241.23538903001,5880.43365605107,5849.61919540866,6233.20321935042,6433.86958411609,6007.40313539605,5991.45033210176,6594.30423965506,6313.45164376971,6719.54784288231,5151.35089473387,3598.50541597215,3598.50541597215
0,7066,6731.84675096379,6703.21992908005,7040.01951777217,5187.89163378604,4782.83314999896,4780.39427764507,5130.31568364198,6119.0541355403,5403.69880136813,5395.94407466677,5670.29142238684,5335.92097314273,5323.26981623504,5530.21517827862,5503.938547787,5467.70638806409,5452.35623485725,5860.67206773796,5851.98029387353,5868.65919279627,6032.34867183485,5866.43739395074,5844.6532991392,6043.15243057276,6425.28183512376,6310.90364590078,6273.5312734243,5932.71078321467,5938.52700061259,6331.86541689668,6465.49307685245,6393.04535842164,6386.77279081311,6928.84904574807,7142.03506907346,7742.36330814571,5781.73720296063,4046.0237978306,4046.0237978306
0,7066,6817.74482187684,6801.84561589704,7175.13385620968,5390.64648902816,5000.22646579923,4999.54614737364,5291.61618015821,6428.91160555225,5681.39711520169,5678.75575632574,5989.79610558539,5682.03644959744,5684.3057669931,5944.1875748908,5919.27227284359,5946.77294328973,5855.43513300392,6306.60146682545,6203.65721355516,6191.26560815632,6379.16975279714,6195.98869132073,6177.4391708658,6418.996727892,6908.51121448713,6421.52902789959,6427.99895011623,6018.16490866685,6010.03529846655,6384.70413436971,6454.09100832918,6136.72048212134,6119.46650781487,6584.24756803808,6508.89123517409,7132.13711068219,5571.82130031052,3899.46932434585,3899.46932434585
0,7066,6869.34644296254,6856.62756473268,7263.40448475763,5369.98204805476,4953.16606061012,4952.97304595216,5268.6145095981,6290.42481437444,5570.60018566713,5570.06311500831,5834.66432305786,5545.26081236178,5509.55570870251,5849.76914836897,5855.91568490924,6060.95610259602,6090.47491742638,6706.37698458252,6539.48607172196,6530.07125522509,6717.45287499247,6616.19669726853,6621.83339498545,6925.65707762147,7482.5296616861,7222.69921025392,7237.47551420459,6838.65827904213,6705.74853292713,7106.81624973499,7186.48333007227,6805.52244190248,6753.60924614973,7259.59923046589,7129.75208644327,7669.37527653972,5872.84482086779,4096.34892846088,4096.34892846088
0,7066,6894.09404957005,6900.45205182281,7364.49831906427,5528.01177295672,5102.11553086239,5101.75530344844,5470.26167597692,6449.33303697646,5700.24893331127,5698.78423168265,5953.14094679344,5691.34985387172,5658.00166503881,5943.09554849736,5947.45584805398,6048.30356939461,6063.872494122,6440.60448271945,6645.82590185193,6667.18064838644,6867.09557184341,6694.28499630633,6671.06623240354,6952.5500884428,7440.61278462545,7269.04595240669,7208.47216563641,6871.87765516379,6929.09146804487,7365.297529895,7539.676761112,7221.62507585031,7211.22315320091,7779.17062899399,7742.91933525861,8396.2853580585,6366.78971701064,4455.16631027594,4455.16631027594
0,7066,6900.79863456355,6878.54297398031,7341.83704454198,5563.37424416302,5162.9578727266,5162.98887122439,5466.46156342869,6554.1477233641,5793.88608838294,5793.86849260872,6041.7768491997,5815.57407031033,5813.40770133465,6041.03859573347,6055.31178720046,6110.27160349097,6096.26073520183,6528.74148349768,6354.0094752376,6343.04408884733,6535.13568010035,6434.49466794887,6448.88534352639,6767.73088080795,7251.42496301645,6948.97281111567,6955.92481989404,6576.82301399599,6591.58565084536,6915.8075610714,7055.39042536318,7008.7131064858,7050.59291812939,7542.70604537246,7717.99724756585,8314.09315731673,6504.98348893963,4557.52942863783,4557.52942863783
0,7066,6920.25826258574,6955.23059086899,7391.86128992115,5542.63662712629,5117.05682706139,5116.76438496632,5479.13333587697,6430.71599707521,5684.11567645443,5683.25200779131,5952.26922503484,5696.68568119173,5677.80780827656,5878.81625186242,5866.44510515516,5978.42621560913,5975.42899691866,6391.78043218924,6355.34669701465,6376.58444224749,6603.51580044385,6488.25226438485,6461.01897796021,6736.57452660252,7306.0228863247,7134.37220425041,7132.21198579647,6755.30272741152,6748.60621191174,7018.39631415888,7274.34747730366,6643.42598391858,6629.20444446665,7113.96499034695,7008.54603151421,7403.30831192113,5833.09567521437,4080.31126647032,4080.31126647032
0,7066,6837.90036893782,6834.72335714161,7247.36359496748,5469.34809542884,5066.28894731705,5066.88405460109,5400.51787549809,6469.23874371763,5720.22773112461,5722.26657234913,6028.74163815987,5833.64804142751,5853.39190130302,6109.61102252878,6103.80372792818,6203.22656177787,6210.83151149,6583.07166890927,6488.15628400042,6468.51708775444,6659.65857398844,6619.84851857903,6591.52405088605,6814.07288753278,7264.99921402803,7029.08059126893,7022.62482179804,6649.06861056986,6626.76902682286,6878.20368500603,7182.56361749695,7063.32579429087,7068.45893884005,7655.65538657294,7599.73092733331,8022.98009794508,6085.22371404548,4262.15692397901,4262.15692397901
0,7066,6839.31484765202,6845.67351315975,7217.60040277329,5421.97876777413,5025.14538304648,5025.14163046904,5329.26147959596,6381.43806140328,5641.21785423833,5641.28582906492,5933.41162308406,5680.49409321737,5700.05081046631,5996.24936648181,5991.48497969386,6061.6749880472,6089.04149254887,6684.29331399493,6413.26707146405,6394.65775343914,6593.0114253949,6588.92213851791,6586.02706987192,7049.33299452457,7205.12978856491,7129.86345183911,7077.88410163112,6696.27855224213,6734.35740856072,7096.8327006006,7238.25849459069,6918.31781287717,6917.84585199529,7640.64009041709,7556.59082948304,8343.26055653386,6174.74691627174,4319.62161627073,4319.62161627073
0,7066,6791.96809960234,6823.7629740303,7158.3984424968,5338.77608599932,4929.9963095709,4930.19923601269,5255.17201100974,6270.75197891324,5547.6308596925,5548.47792509739,5856.90517183226,5598.06199540946,5621.75072707403,5910.22389129916,5960.17418309427,6053.61032316176,5994.84118841553,6489.90558549125,6633.19408676282,6625.02315176082,6810.2944761022,6784.92190881495,6806.21508681308,7322.75131633256,7966.21276149046,7420.41094201735,7538.35483466329,7182.65142196726,7073.1387900361,7440.87396465928,7656.6460277901,7433.2025900642,7400.87400883844,8125.63836680261,8071.37739058993,8402.6802558478,6866.19582304899,4795.87108621497,4795.87108621497
0,7066,6780.97296773325,6714.20687026806,7151.81969659568,5294.92227301314,4879.69121851052,4880.23671589104,5309.96070893982,6247.27790483322,5523.89914431463,5525.77544615543,5866.25305792581,5583.67342584578,5561.30984484108,5732.57040094406,5701.87811476506,5912.08528701752,5942.49986957415,6302.36511040569,6490.37008548814,6483.72038276059,6693.19284917863,6732.69556683285,6627.79585942707,7039.68325092182,7735.29541378213,7414.20652834581,7438.71628232639,7208.15426508254,7242.36683832629,7697.95821274228,7757.54534697621,7420.81809923316,7424.87266321422,8402.89061617095,8187.34063029892,9105.63197520535,6410.37657656255,4487.49468743037,4487.49468743037
0,7066,6928.37519836293,6944.26777267362,7415.45288065205,5658.16671906292,5250.32374260951,5248.88582881335,5618.49492557213,6681.47464100941,5902.77776301726,5897.36718484303,6249.79047399001,6001.24799610247,5972.03495829537,6169.4774591321,6151.46814704636,6268.53677201912,6203.18925250391,6821.45122041119,6544.08936019264,6548.00366305001,6667.66042317326,6869.57633823387,6898.65286778097,7266.5334204235,7763.70617817463,7620.53076655868,7454.32653896447,7151.06334219865,7157.07531357246,7646.5606439517,7963.02129435822,7562.44000450549,7570.02006773109,8633.63169811503,8696.35762938805,9565.45353613321,7608.75734749186,5323.57099309254,5323.57099309254
0,7129.68056823947,6854.5254541222,6889.50043476757,7262.04071850136,5474.12098465085,5070.66779726524,5071.11119800646,5400.53433786097,6440.44761585938,5694.53625069852,5696.33255438651,6035.93368101272,5799.88269725979,5811.53474022284,6077.3538099549,6091.16138928518,6352.23190133579,6376.86173962345,6968.34677671819,7038.09624064235,7024.98746940972,7310.02753637598,7174.81198864747,7212.86996942981,7657.48120127065,8002.27524205705,7904.84032334692,7936.12640529586,7573.34780681888,7533.35572750232,7950.66470927636,8328.16394463936,7912.04484994412,7860.04721846437,8932.1935886795,8783.23912542457,9476.89096162058,7318.29731679471,5119.48643275638,5119.48643275638
0,7134,6811.99008240055,6831.06735829632,7151.04464274691,5340.42600451692,4935.756009247,4936.08598347906,5295.07635141276,6291.61185415166,5562.69279920526,5564.09237803596,5924.13834673611,5694.62364261111,5686.05337706434,5958.15325930065,5950.82916252796,6239.99759285984,6198.61981327496,6692.32373380698,6843.18135189228,6852.46961565673,7085.32748263148,7253.27014968424,7187.17193986471,7716.01151517165,8349.78381248378,7810.14828402858,7827.27896127907,7513.0574158491,7514.86147061941,8123.94473769423,8396.600372872,8034.02958721885,8041.23093399957,9120.71391882192,9206.40079130081,9956.31405376158,7594.5298829664,5313.54402042586,5313.54402042586
0,7134,6784.40825530592,6765.3329221873,7174.2366395181,5331.20827637932,4899.1856870443,4899.51998679617,5375.05534742482,6296.452313987,5566.86876822969,5568.02968137138,5948.8412973688,5773.79746026355,5760.64770203268,6055.3822808954,6070.1778395523,6384.53301282868,6445.38255713076,7023.30564429456,6938.97310659272,6951.54318366097,7192.87283613917,7121.54949784798,7266.50859593029,7827.15522054645,8636.64085338869,8211.65711410344,8229.93716527616,7821.2739470433,7858.54641890456,8481.82752918483,8798.65811596521,8643.35390682827,8640.02070141962,9368.74468497629,9582.76502003192,10413.7473998849,7867.39130434783,5507.17238110481,5507.17238110481
0,7134,6856.49995005869,6831.0630779591,7253.57333928052,5586.39545478493,5205.14739637632,5204.51593393783,5523.22062294901,6699.63883825124,5909.55221083421,5906.89681442173,6225.77777245734,6032.93594866908,6056.09630640245,6237.49260598362,6226.65422529549,6362.21715526055,6339.01892111989,6836.14643778221,6852.45447156518,6826.35700228698,7079.54598627334,6978.19183055949,6870.92542134471,7499.50311765715,8136.64651626014,8033.08957593372,7998.30948874486,7650.56047198562,7591.67125701196,8112.14395962932,8647.60229684496,8101.18902817282,8125.01406722016,9001.78386090102,8778.60860901917,9668.60430749303,7480.80740193385,5243.096567479,5243.096567479
0,7134,6867.84078036107,6918.71010371227,7237.24349848586,5421.98033027685,5015.28767750044,5015.10508760704,5331.78584981779,6355.47447149083,5617.98013056348,5617.7556371062,5918.97343907299,5625.9714923699,5649.76929196933,5927.01816072958,5902.90859878728,6179.78684960266,6146.87223076747,6840.31972437261,6717.78487891684,6741.34055970711,7050.21309426382,7102.9719279179,7105.03752875092,7588.30736512622,8553.35225287503,8222.07434413332,8244.39118161257,8000.12389541979,7971.5010066668,8478.64539079631,8985.71222492042,8606.96832770628,8589.32794474001,9460.05215457317,9546.22210720334,10507.0019547844,7867.39130434783,5507.17352492205,5507.17352492205
0,7134,6746.60169882275,6743.42579224232,7032.79986255125,5231.94775196041,4835.55718488963,4836.53949942712,5215.80306816852,6235.72744119076,5514.81051378311,5518.36314768943,5915.39415786299,5602.75178560788,5625.57284606163,5958.60059741575,6039.17298455325,6317.11854439569,6414.08485203802,6904.5357427804,7095.63017655593,7117.41403950629,7305.6957173474,7324,7323.9999866133,7832.20609366787,8363.2277568595,8190.56163550219,8200.2747342043,7927.20604852376,7972.45671011985,8472.55068201087,8912.85967611966,8680.06679211788,8651.65538672344,9622.86935039592,9418.82394198012,10483.6156848558,7867.39130434783,5507.17391304348,5507.17391304348
0,7134,6757.55317740136,6754.37351324304,7057.7143814413,5272.62747286002,4877.16033301474,4877.06526808464,5232.21938100164,6236.6772166493,5594.19901082573,5593.80755910982,5999.92528560846,5818.34138421884,5738.16236907476,5853.97517184364,5790.77998200411,5870.04233170209,5861.57387331763,6425.2751513822,6258.21399461015,6269.9954963679,6523.06458956973,6441.98572598506,6516.50826163967,7043.61411042859,7610.29708653817,7527.55649804163,7564.04428491413,7347.32877721557,7422.08228148141,8028.16816434202,8612.6776633362,8233.88452979341,8330.55982492319,9161.84107680337,9576.46816079853,10222.7282660846,7867.39130434783,5507.17391304348,5507.17391304348
0,7134,6784.40639341981,6765.32951295988,7108.08435934484,5292.43536011592,4888.47747749109,4888.41601061023,5251.28761887092,6069.60189741592,5365.37628117748,5365.1544414467,5714.14653800689,5561.78796442351,5596.85653741402,5912.09533306259,5935.31513241878,6035.85181480658,6040.64603834046,6556.83060057548,6543.39013664885,6552.66964887823,6814.76705133688,6775.06682249389,6769.43538392472,7261.51594277408,7840.57797616326,7514.14856708667,7476.58558031153,7190.07189999361,7177.74262449874,7653.45108421808,8166.02509359849,8019.98974189121,7999.43965927934,8906.47228513331,8532.40123797347,9621.76562949357,7083.20690853029,5257.59687541931,5257.59687541931
0,7134,6866.03827969886,6831.0630778425,7233.13247882317,5411.00678160474,5007.89473339872,5007.46903179107,5368.23975144893,6191.90918204757,5472.56007788069,5470.93947909174,5809.10595013562,5583.26123041402,5592.14710774126,5798.09624374801,5809.39712164655,5905.61959055774,5895.43452781041,6395.78653325913,6327.96396688022,6321.13770927141,6616.17693079165,6551.74723643146,6516.78719815855,6959.86540860147,7665.97014267753,7425.77328331052,7410.00973297639,7110.47256498709,7156.31066864513,7707.25174591086,8036.78971531513,7730.18312159675,7747.951485438,9173.6856062228,8991.48552482363,9841.99445422998,7867.39130434783,5507.17391304348,5507.17391304348
0,7134,6945.2201877093,6951.57664264184,7374.2294153327,5527.2346963735,5111.14803458283,5110.4951904373,5445.25022662309,6258.55448207666,5548.70320564686,5546.37375424607,5858.26581817411,5646.29436050863,5635.67306056189,5804.31325653555,5771.92489950844,5858.90369764239,5876.06956128813,6388.6746643767,6332.21757314646,6328.07373567945,6577.18034696771,6624.3550645723,6671.19422574448,7153.08181803668,7797.68728767128,7500.30768013947,7543.31058997146,7223.99119771771,7202.102160193,7873.54433272173,8147.47191967003,7878.69991908735,7868.46672161083,9240.97690980943,9393.67369750076,10145.650502666,7724.2555641609,5402.94441436713,5402.94441436713
0,7134,6853.36389422671,6929.67097386371,7282.84407655703,5519.08132307343,5099.56487279198,5099.67578157102,5504.28797955309,6193.46004691614,5475.28540969016,5475.6699140927,5810.65315486073,5548.56080312751,5526.40579680462,5811.28779669128,5810.4034333543,5906.38446982396,5866.31338447731,6230.96031124488,6366.7351723171,6367.99159067007,6735.1741444109,6566.89940369309,6540.09025442871,7042.46181815091,7723.52846407278,7607.72146694479,7536.3996036844,7237.18350596983,7226.89380223379,7732.46805047937,8218.98831813408,7951.32218416622,7954.23527572174,9047.88524326999,9213.27290576309,10084.3912719795,7727.47864075157,5411.51944734264,5411.51944734264
0,7134,6663.55294027495,6666.73768859669,6976.77460076517,5271.84099830613,4871.1532201422,4872.58121750241,5273.57024979598,6073.75605914301,5372.70087906393,5377.80113220651,5752.86847581427,5682.83605054929,5640.45024186614,5930.33896062937,5971.54459907771,6151.89282281979,6168.4285247387,6617.26410834434,6498.8468491924,6479.39571574299,6824.69332485339,6825.72300795687,6827.33992302334,7385.22789222157,7976.95248108282,7744.26188273136,7756.04552080395,7437.59394597051,7405.60836061582,7959.46097689657,8126.01256412445,7725.88610789887,7720.00922559761,8881.89062235924,8701.37496452783,9773.61157371269,7396.58836155399,5172.7687287836,5172.7687287836
0,6691.98193810248,6687.56469854332,6655.77048742326,6947.03983500331,5270.31793545715,4900.29128125441,4900.30789108186,5162.13653100519,6039.35428534205,5368.68097759066,5368.67808075068,5632.90804758397,5581.70378676552,5622.51861633553,5803.39016962861,5778.98407869786,5919.08335067206,5929.96580988039,6441.113258585,6382.61803248655,6408.82634984088,6758.05921966802,6778.10657065674,6719.66383657119,7251.79664704206,8075.21281847414,7790.69568905025,7843.58473837491,7578.78020437133,7586.06366923759,8253.85272993639,8683.39954243294,8323.30757735212,8319.37791846614,9494.22654910833,9532.28329817145,10615.0429627919,7867.39130434783,5507.17391304302,5507.17391304302
0,6662,6347.12427271737,6334.41688786014,6657.90415819477,4926.95469185487,4541.12888971547,4543.51819542059,4913.14545809321,5527.61582272803,4892.05189433071,4900.11909181138,5198.13462246,5014.00160219902,5077.86706510168,5433.25445127369,5446.16519064297,5603.84753735375,5652.15374536794,6173.39944192072,6198.74088254591,6226.84093826137,6478.62075022728,6706.38602056669,6757.21727857183,7183.57177457746,7943.91776028608,7700.31015941426,7773.19722765498,7577.10945453152,7530.12694025242,8156.69725265394,8506.46380036311,8276.72815408874,8275.69593985273,9238.67382949853,9418.71610453686,10372.9796846598,7867.39130434783,5507.17391304348,5507.17391304348
0,6662,6349.60194740073,6378.21605268893,6653.99619184044,5063.32350031494,4708.73664212521,4708.35536480908,4979.88016816677,5814.10506906086,5138.64224842254,5137.07149615176,5480.80247447862,5367.71120683487,5327.24269277348,5573.90421585383,5612.06938087229,5721.08852836667,5628.79405295109,6265.30342973575,6077.2798934717,6057.72250826112,6345.60228191622,6276.57305145395,6276.82071304111,6689.13543483245,7163.08146254411,7049.42177681976,7019.41742302821,6875.3886217499,6959.2443565689,7465.82434244622,8031.03800451195,7649.75812636847,7692.75479254494,8737.80512327782,8665.56292543322,9782.57711425107,7867.39130434783,5507.17391304348,5507.17391304348
0,6662,6279.61639377289,6279.61838314466,6507.01293748866,4789.87173723564,4420.97579331687,4421.73422014532,4668.19815265065,5497.33570694334,4797.2214811827,4800.25540006089,5069.20518582371,4982.80460041215,5043.69363879744,5275.55542557372,5220.69719611955,5553.90710081552,5598.47488087404,6085.78938419623,6297.30471557275,6311.31002012457,6544.52475118818,6646.67790400485,6709.89171795698,7117.02108358335,7688.49444896149,7464.25786108944,7433.30647218398,7179.47374398503,7171.39507186065,7705.68586121952,7885.72945522292,7683.84946130033,7628.85867018763,9026.30478656368,8664.70280148913,9912.47665561268,7523.65309300409,5258.90794036258,5258.90794036258
0,6662,6285.97288655111,6279.61400014991,6532.2967960115,4857.37279305661,4493.05378220698,4492.97416093074,4719.04602955394,5669.720632966,5011.78673040441,5011.38616514463,5205.30042498369,5097.87692829381,5046.35731045465,5401.69189012336,5466.58050848006,5649.23357428945,5679.65153967179,6173.45472364726,6123.80075753206,6119.88483921456,6346.71648626762,6251.03516251749,6205.15803335226,6588.83803624267,7265.27568680611,6849.65679040373,6885.30036692971,6693.23296656541,6663.13940127604,7208.63802587061,7675.27329401688,7315.15647900932,7363.1120241645,8866.76900488433,9152.01620216806,10523.2306143328,7867.39130434783,5507.17391304348,5507.17391304348
0,6662,6301.52546804239,6301.52502595306,6572.8895574689,4887.82173419787,4515.59896765228,4515.47611146548,4821.8856508636,5668.27795440281,5010.45408537308,5010.00972040521,5246.06020927186,5099.31204087489,5091.27326410031,5219.8032906195,5213.58155031368,5337.44680199197,5337.48881371148,5731.94824984647,5846.2566848621,5854.07938202783,6091.19338131708,6165.20429082971,6151.38981927387,6571.42979652319,7023.86058668572,7078.20187248833,7046.83299349437,6873.25259210374,6947.01085249882,7491.14503386416,7676.09309510163,7621.84412852234,7627.60089240487,8850.85602105574,8879.96125536975,9888.67152756135,7867.39130434783,5507.17391304348,5507.17391304348
0,6662,6272.91101087024,6301.52599996669,6520.03944079039,4911.57571162975,4557.22213415266,4557.17626306965,4786.72418807541,5797.80848430193,5125.1207471609,5124.8897836024,5400.68773767283,5366.05094399508,5351.84912176745,5468.1412774409,5477.2593580482,5576.98634246992,5568.91593692415,6046.23904641137,5901.87121057063,5891.46583825861,6134.45813392189,6135.13079997308,6145.3890092288,6494.26682443507,6927.56992589271,6774.77108675805,6778.19773586339,6547.95687636396,6542.48143951875,7012.76748549582,7481.78969647052,6938.4561853656,6955.29247764182,7845.6558232726,8246.35508914189,9198.84942057376,7079.01852819333,4963.02538789464,4963.02538789464
0,6662,6225.18049645159,6202.92638321127,6401.00373332613,4708.01308062697,4352.25004443533,4352.91712216852,4588.17258633115,5513.42799359682,4875.59009327756,4878.1646738797,5115.07932059976,4971.52996248141,5075.88596722644,5220.39642307499,5212.89880747512,5346.67163132493,5381.45547788297,5817.8085454402,5914.52561194167,5893.70677222542,6142.64640546009,6170.71915415908,6213.05152803159,6432.02208636037,7075.04374138422,6730.41320006755,6770.39038967185,6552.2156107951,6562.37794415394,7054.35331075219,7563.06375727938,7215.49922519415,7200.54342039974,8166.26971494251,7750.93736700118,8777.75319305673,6715.41914216021,4699.99138012618,4699.99138012618
0,6662,6285.97102469946,6279.6105909856,6508.28967726048,4812.20667518524,4451.19359376452,4450.74131999653,4784.88957814858,5625.28556779236,4971.6207891529,4969.95324424284,5319.46711372081,5181.49169066027,4988.24696427396,5148.37856843102,5155.42053660962,5205.30109777857,5210.86305621532,5781.64043767141,5711.91570813982,5742.37448603522,5926.86316309101,5905.52774199393,5941.26863231603,6204.23463561197,6647.27885663723,6354.38095587362,6415.61092768325,6282.37501857371,6245.41284465321,6821.17266296046,7341.87147543838,7129.60364267897,7147.48751222849,8193.49831642424,8464.54447919785,9591.82276467628,7313.76265244268,5127.73071707318,5127.73071707318
0,6662,6304.70491121333,6301.52502583645,6562.25514862327,4847.44185903534,4474.04037540404,4473.91725609818,4807.96374402462,5726.43714683571,5082.40735771896,5081.96118262168,5502.83938053758,5555.00236293354,5653.96440303201,5728.93863069754,5743.46034838369,5733.55279100377,5727.53599299485,6144.00939435965,6249.34103446674,6215.43096388371,6422.96297489092,6176.38549236443,6146.33271986727,6436.96116942209,6832.94301671949,6674.18284181415,6578.01531558748,6417.72079431409,6392.16432934899,6774.7582188865,7373.82363683324,7173.65603265904,7167.58881862774,8182.84817181043,8014.43007744546,9110.84619803857,7084.29981328642,4959.18084315776,4959.18084315776
0,6662,6312.481734003,6312.48151294321,6601.16377866441,4930.68693736412,4558.05118319685,4557.90956793437,4877.88305598363,5745.05128818908,5078.22557073177,5077.60039569263,5403.09711135543,5264.66116829554,5337.55754310174,5405.9780706298,5361.00647980764,5394.40653803641,5372.69185756454,5902.2529641737,5786.16173671445,5812.1479442288,6041.20679834706,6053.35499746452,5999.19817664115,6358.97228241011,7010.65120842819,6651.41465644239,6634.62689131012,6543.49116987884,6562.88800245739,6996.10135472785,7257.55516443378,7013.52687148573,7021.77086451967,8245.21059103705,8169.25534752505,9230.31548351551,7085.99628425986,4953.47265236712,4953.47265236712
0,6662,6299.76422705243,6312.48199998334,6569.726623621,4939.57732527056,4578.92108641049,4578.8981031522,4867.06585065587,5753.49278559394,5086.01654786061,5085.90102290774,5390.943256037,5253.6535312237,5163.22656844798,5413.4218430769,5386.53110508403,5460.04428829908,5467.34334463942,5952.7077031287,5980.37927555226,5979.02034586906,6195.47751308606,6202.67235586793,6232.7160214636,6541.0656444749,7100.76303708445,6937.58744730086,7036.20566678967,6893.26949815969,6877.19809164824,7340.23426657941,7484.82172369687,7368.38497070412,7342.48351510576,8255.35161005378,8544.45059817484,9284.54777128485,7373.87622635456,5155.57805414261,5155.57805414261
0,6273.36123795027,6271.83850714985,6268.6599480939,6530.076046353,4836.59080396253,4461.29435563328,4461.62008534773,4778.60685339043,5623.94845138092,4965.88928657899,4967.18055294278,5271.14023301356,5249.24889199964,5245.27395988252,5569.75095903711,5605.34350346753,5661.51679599885,5672.07214901449,6287.69764840651,6091.68352678583,6136.49268310263,6349.85469060534,6303.57660102416,6299.182729374,6559.17847046165,7137.2296935342,6861.0357662446,6751.03715659434,6575.86909806725,6578.63764663137,7027.16934563433,7243.11515847652,6822.85224908366,6828.84312698277,7646.53091127066,7601.88839600988,8872.50423815766,6403.86050273926,4491.20933760655,4491.20933760655
0,6247,5910.27039260998,5900.74291898057,6222.18292420692,4675.33875033648,4315.37907998044,4317.67436135675,4692.7571596508,5548.69755700723,4910.31116373589,4917.70639991659,5234.44354327394,5121.38546875446,5235.61842268735,5515.21116579762,5481.69593210684,5504.67118136455,5530.54360574971,6033.09192819802,5995.14470248272,5960.99905190227,6238.02636929378,6127.73113395975,6144.19832510748,6467.33501967459,6822.48155610666,6844.30352503199,6815.21366351415,6637.08704073964,6660.64610082872,7054.10455797091,7461.50647752933,7148.00438760155,7158.15179850518,7897.86450846534,7989.54619111929,9162.52552588139,7272.02566013873,5087.86621928301,5087.86621928301
0,6247,5901.79177016418,5933.58553974767,6221.43878952406,4766.19728942073,4419.89587172281,4419.6331881575,4778.62409920642,5687.4891736951,5027.04249176726,5025.98167187395,5363.75477823318,5173.39103886069,5142.73481688782,5490.48745735747,5520.7638968787,5483.91677331411,5462.49729431875,5851.67463436565,5903.06669290749,5870.94865467055,6161.83802481835,6123.67954945357,6111.94885583641,6464.52122207747,6976.28115759848,6632.251111431,6737.73638406278,6527.41054564403,6567.10861349725,7004.32832952309,7298.56005176683,6993.35376176004,6998.16349133115,7943.35777133927,7683.91127202787,8800.55659086053,6748.71688495525,4724.03146877398,4724.03146877398
0,6247,5839.92687593389,5824.0318701848,6097.45114803565,4574.56651366478,4224.61346440901,4225.318906731,4579.7490815449,5454.57839520631,4853.52598751391,4856.20653462985,5194.88837291448,5079.19092323753,5099.9517295313,5365.56566636897,5379.68239362719,5431.82049888668,5424.97785665474,5727.55805696102,5858.567571156,5874.79320054382,6129.2732101775,6070.10193340052,6136.42793128124,6492.64208539075,7023.12392408098,6781.4583292406,6743.408018023,6498.95643467437,6498.99283423096,6986.06929659232,7382.94528882835,7113.93757939485,7111.058117168,8286.463253813,8229.76937088361,9200.1937913015,7178.52606441818,5024.13715237212,5024.13715237212
0,6247,5869.26734049308,5878.8045650492,6128.68094778316,4665.33034476341,4332.1812768497,4331.81750101122,4616.02028412514,5496.03388243051,4857.55975076455,4856.1641684103,5142.85868538528,5050.94038772921,4995.50288963169,5231.88751014746,5211.23994693779,5291.58301819336,5282.29195849354,5877.12245455072,5591.84306261488,5605.47292906765,5789.50663774682,5744.16803676183,5719.37237243188,5970.27773324824,6605.04221203007,6501.18241199101,6465.4167698296,6290.70444531222,6277.91047182028,6752.45461671067,7166.76157930692,6918.92040738337,6945.25997710281,8131.49127066987,8229.32427706042,9150.7100066351,7070.85145636019,4957.21155526713,4957.21155526713
0,6247,5861.83701406403,5845.94046098714,6045.91785717194,4500.40532243839,4174.16152489041,4174.4828505569,4414.86211104566,5280.81858581402,4669.12297866835,4670.4788404816,4959.85484967532,4915.65732829853,4919.26066359171,5231.49673752775,5256.90258681012,5405.50921521642,5388.616151612,5767.43145764262,5988.7028718796,6031.16868010092,6253.77589538704,6086.95514079181,6090.58608635861,6330.83840539866,6699.50618097273,6547.66770632023,6603.72082709528,6437.98816336215,6387.47909897911,6823.25939943988,7156.32491251035,6871.81533948802,6832.47186083444,7929.54681151337,7921.62421360107,8905.00444126129,6800.79184802141,4761.82260659377,4761.82260659377
0,6247,5891.1793404294,5900.7165649326,6119.44509807817,4500.06157877937,4147.0827611132,4146.8675203424,4415.52550863887,5296.34489536189,4615.81315295313,4615.16424845461,4892.9191367282,4872.46564354681,4883.33762826406,5147.8957361318,5126.02728518251,5339.77196340756,5332.84983316022,5749.32976115795,5602.21218643787,5585.26047047156,5810.60202458951,5775.48393288026,5748.63226842975,6060.26265917895,6485.32264787563,6306.01911685831,6262.98398600104,6147.13265161281,6189.63015641669,6569.91487763276,7066.08514913112,6795.95168799369,6839.8357676349,7636.32475352205,8009.18769724686,8909.91600423622,6963.91092781708,4878.25937183729,4878.25937183729
0,6247,5874.21068436017,5867.85246098714,6091.14706147149,4559.88435921378,4227.72419204353,4227.78233569597,4473.9980242126,5497.23935401085,4880.21650905918,4880.24847768396,5137.38111150052,5105.07983660521,5060.48249790582,5368.03327650696,5374.38611852749,5570.73297311209,5561.19717876604,5851.71809088171,5880.09912070259,5869.83939634428,6091.17415954765,5967.79269062155,6006.83407362369,6288.71196455695,6848.56622738597,6606.41273658366,6587.67698024361,6451.33175181185,6386.11051751109,6859.33207335718,7247.968802485,6792.72964799943,6768.86508003368,7656.21993663556,7256.92135319134,8345.3091680853,6254.65612348248,4373.49045135981,4373.49045135981
0,6247,5883.40358160044,5889.76202600302,6109.78515972424,4523.7940975441,4177.48719227002,4177.44456156277,4496.93430104314,5395.58254974858,4759.34365115839,4759.30277987706,5081.65321111543,5065.07227509063,5042.90090273532,5332.6519855355,5331.03584491955,5513.5890166083,5556.16663568412,6122.69462896663,5800.14102063285,5781.60795822935,6052.3672157437,5898.47941608726,5884.75605678016,6144.95481217553,6678.14269713751,6487.83974915054,6544.21716024905,6449.80201912128,6470.61672680573,7052.53785346706,7476.82151215053,7404.72570373125,7417.12224510361,8504.00040185997,8553.03148290204,9782.5859261576,7438.27431456731,5206.74327169435,5206.74327169435
0,6247,5883.74874811251,5867.85197401363,6139.29120590208,4560.16220492518,4206.94600280393,4207.01154172999,4548.0202827738,5561.48378011718,4885.59040150264,4885.74630051472,5244.84453079688,5281.42617289898,5322.44223220585,5596.07846561909,5600.5532200461,5649.55129022283,5663.00377151678,6179.4097290091,6207.6921320052,6182.45507760334,6409.66057983915,6305.10218881697,6269.21042783727,6433.73741281329,6955.00561049727,6773.50808586153,6748.31054556941,6583.22920118668,6588.86099948557,6977.81176221877,7376.30860429186,7162.15158184673,7129.58506593004,8277.43678720675,8152.54002213358,9367.16049061171,7258.88083463513,5076.75947602264,5076.75947602264
0,6247,5900.37356748183,5922.62856491594,6205.2361303004,4698.64094935966,4346.15795873981,4345.75941522403,4712.3641551108,5743.52413288136,5076.23349915922,5074.66270547,5410.05528855369,5341.88818774318,5326.34841879003,5535.78632981202,5550.62530754666,5571.44431344753,5539.77723787827,5929.15083178138,6028.94595086764,6036.77586433214,6209.30860707553,6152.58096632005,6186.6406065986,6368.5530116182,6932.1906596601,6570.30262985974,6602.92802034479,6474.71558876974,6475.25034559658,6855.84691205393,7030.97480898493,6730.4647739432,6738.79157770506,7629.50376605561,8023.32018687363,9056.27698043701,7111.66788824334,4979.59078878894,4979.59078878894
0,6247,5861.83807797926,5845.94240908103,6126.65310782475,4613.69856818889,4267.76417820576,4268.19374232912,4665.30324176223,5656.47979884447,5042.57291160408,5044.12611232899,5445.52221059424,5421.69134912259,5393.26836377251,5556.49151084167,5555.4108386736,5724.26159307726,5646.47701840658,6140.93280210039,5978.77810780925,5984.02017014263,6199.73959164774,6004.13801277289,5984.42058701805,6187.96238881552,6813.58875712312,6579.11031798735,6525.95532034305,6425.19873527998,6408.91665921674,6911.85907625384,7086.27855286543,6839.83438939868,6855.17695307676,7645.78821897069,7471.45167279489,8671.8022616161,6532.89041673794,4576.64102728554,4576.64102728554
0,6476.43734145104,5865.74379458884,5900.71656499923,6167.98273262538,4678.82481024345,4323.63938603151,4323.33266099468,4730.11582219258,5671.9145792636,5002.9188594343,5001.81003099814,5421.14091870938,5405.1092387183,5453.56780994485,5670.88881982733,5610.85539826748,5903.24948717957,5938.88773318605,6377.04076058993,6364.25905908134,6352.51216339158,6602.03748904961,6500.39892454954,6452.56853518193,6736.65493507684,7487.77278596741,7107.30530896639,7085.11884995696,6905.55739281536,6903.635968727,7328.25208313809,7589.98002368471,7295.60716514391,7250.287045213,7953.33009272552,8067.62365357521,8782.12079333649,7131.9029207905,4982.5424734517,4982.5424734517
0,6492,6048.39526216775,6003.87894885044,6269.91748721418,4722.26820973279,4379.13678862404,4378.32569898702,4770.92783448648,5754.83600754366,5075.15743706395,5072.62451675554,5502.79493489766,5469.96951137858,5390.37433692692,5750.7659548257,5799.72801538572,6017.56124524254,6001.03485780583,6585.63006125124,6371.16667433972,6379.00236401496,6575.87831173325,6548.85148004593,6587.30905556592,6852.66236659815,7287.44166166704,7478.12838700663,7520.70861376785,7222.22291705724,7261.37897798377,7647.13818712076,7811.27843022921,7488.50675483918,7485.92986557088,8111.01453565913,8054.61492067678,8972.80755432711,6597.2867112883,4608.43429088753,4608.43429088753
0,6492,6157.26827612763,6157.26518136179,6459.30614894817,4824.59485634336,4454.1681611224,4453.39947968402,4852.87263149151,5847.23729556032,5146.5229575047,5143.87093805005,5585.8769811182,5620.72853737797,5639.81639033562,5869.38698212145,5801.33607732619,6039.1350613845,6042.25541891455,6563.08624311797,6512.33512775594,6531.00300248187,6796.01268036632,6569.23349160722,6557.39922448264,6878.8197218976,7279.57350313543,6916.43250502048,6882.02188366558,6609.57163323036,6583.8752280346,6987.50993484428,7103.38592980572,6910.61713297281,6908.44407284194,7846.37426332956,7648.83245813043,8826.9029343376,6772.18337915024,4756.26090734368,4756.26090734368
0,6492,6154.09255663802,6157.27199976679,6445.19941886746,4871.21173367785,4517.07597764063,4517.00675825374,4854.35814010847,5929.28373960724,5261.86439463747,5261.51617753422,5654.24890780806,5684.84318252456,5663.70382032581,6044.98570363114,6106.03135169133,6256.17081045097,6304.1158025467,6717.26686457862,6616.7808614291,6600.0690617681,6966.38962508147,6716.01798891713,6744.2690899887,6964.14294676116,7617.28711724101,7425.67874538894,7351.94034464333,7080.31349796944,7025.96073158361,7428.15320351595,7679.51703747474,7190.02103133618,7186.59279875877,8127.37716415002,8242.14839146788,9306.36689982782,7210.16289920252,5037.16037855288,5037.16037855288
0,6492,6136.77793627495,6146.31648702347,6406.97561911553,4784.43842822433,4422.83252271068,4422.9854582359,4806.7156192903,5786.34246339476,5074.37825884568,5075.06088636071,5489.48674211748,5537.5492981358,5483.38852598534,5714.80333555784,5682.60676824965,5754.53847893107,5776.77686733,6301.91870655456,6106.99547973915,6102.31750981019,6474.8431685094,6369.62370602519,6360.27416622755,6605.26368455268,7006.03963553793,6851.28501621636,6966.42300942415,6837.50691527968,6863.60868420574,7269.61162603781,7584.07642792991,7452.94254527969,7486.60550415617,8137.01774380581,8335.80126835635,9027.26066324099,7228.13156644233,5061.63949427262,5061.63949427262
0,6492,6132.52545735323,6113.44946108708,6411.54782512164,4776.35413289537,4409.74854953853,4409.90996658889,4761.28085714819,5863.54537742307,5224.94213864369,5225.49337984847,5627.00272282064,5788.36978894528,5837.90952972935,6169.29668292009,6167.61422655505,6251.68380520751,6156.57891520258,6722.46684977038,6562.26401103819,6545.75761414184,6803.75585136587,6713.16903542839,6663.23125447577,6845.6676139467,7428.53812765015,7135.17060531152,7034.71020878354,6824.35905834686,6832.27397212993,7184.89462229608,7486.84491526435,7048.66127947391,7032.01609930329,7619.76674581968,7560.33024522076,8508.05676048717,6277.66807286587,4395.70045366154,4395.70045366154
0,6492,6134.6701988698,6179.18107790913,6445.69133917729,4899.94504503766,4539.36750559299,4538.93051371493,4900.54252289804,5823.65709628527,5177.87798503115,5176.20110683758,5520.63421301393,5439.04836551059,5519.23342151022,5837.41691905393,5848.12114919084,6064.80907157529,6141.89766263885,6511.2129848902,6618.92704900892,6646.67751794929,6860.33461916577,6806.67979176797,6863.51693808673,7104.87908537931,7654.234716543,7488.17344178429,7477.3965377651,7267.60000778539,7209.66440650523,7573.62054171843,7956.03728654415,7596.10766238709,7557.05197002704,8299.44845956174,8086.67284982455,9129.75375413308,7020.62362331115,4907.72045779912,4907.72045779912
0,6492,6044.88038305643,6025.80681822869,6251.83843084273,4676.74539012159,4330.39423167746,4331.3108305376,4668.05096694157,5667.39099135373,4960.79496780608,4964.19062728677,5362.7461365703,5363.76615586018,5303.76326670761,5621.09339143667,5636.5209633901,5742.12088469508,5740.37939342403,6095.74712274139,6028.35630662921,6027.59883699961,6321.97931440785,6089.27080803866,6097.1000625948,6345.67649899141,6816.49194502164,6729.433853929,6834.24777055996,6730.36757889354,6791.43996451274,7261.3358537727,7535.49177278261,7422.40830645782,7493.22723251151,8337.79064576154,8504.44473040663,9596.99179917411,7379.75375061421,5176.66179662592,5176.66179662592
0,6492,6104.25217719299,6091.53307809236,6335.55409224866,4718.54574140465,4365.98448264139,4365.65102400137,4670.60042865271,5739.20469355506,5082.95043415291,5081.7935744254,5430.49665934397,5422.61067295488,5483.30486249708,5728.27638312363,5740.5396216622,5852.5513565537,5836.89593598021,6324.47258649785,6097.25462276642,6099.2333582114,6443.58729498297,6297.71484780813,6249.39709417333,6425.78458024135,6809.49389318102,6745.74022781445,6699.61492014263,6551.33746708518,6563.04380659784,7116.51128307242,7391.42301163746,7036.89779977283,7032.69182518223,7813.47165650089,7796.91365711574,8955.63230944273,6869.00810850053,4809.93785810229,4809.93785810229
0,6492,6122.64116309172,6135.35805180617,6387.35593193347,4763.79129235576,4400.84649125036,4400.61208628817,4690.53038486863,5714.59921407268,5061.42927012921,5060.59737785692,5351.27105565314,5310.10093294245,5300.50269795167,5473.49064910973,5503.5746582716,5626.43740989029,5660.65951667931,6133.23786678463,6091.1147344254,6086.90264353921,6337.97312048934,6424.71969470685,6421.6504450467,6654.73007042018,6991.59976750452,6730.13185603612,6776.39742596764,6640.74281400242,6637.02893802354,7134.84569816275,7538.35277886208,7305.41359458019,7283.25406705981,8140.64963691808,8012.38438584193,9090.80498679177,7047.86137066566,4929.48298426466,4929.48298426466
0,6492,6085.1781774096,6091.53794802726,6400.34383115938,4782.90417857827,4397.58496488475,4397.78463321983,4869.78289215625,5708.05272389965,5025.7918170208,5026.44927275731,5374.97229113193,5234.57327142309,5224.85590533415,5315.04701808358,5303.03437055148,5433.56481601801,5369.97861380262,5773.26164846569,5826.40398402957,5824.18080866726,6069.15131290707,5992.68304532359,6051.7477994789,6289.30065066662,6728.09560002826,6536.26798931106,6542.48709930565,6431.28556857428,6479.86883490282,6862.13362874325,7213.18438371818,6982.06085311331,7006.20179306189,7763.66611124378,8017.421150242,9051.21355474465,7002.66666943716,4905.68258915697,4905.68258915697
0,6492,6072.80397522862,6069.62497411358,6373.5050663249,4918.65751711776,4572.17913282158,4572.08459983916,4977.66130402238,6099.22675702342,5391.3475716566,5390.69825825164,5830.60257251246,5790.76957057731,5764.63306236697,5920.06402984538,5831.03562086611,5989.59479917311,6012.86341238708,6404.1828480743,6285.3485133169,6265.3954508157,6554.16823278838,6312.32008219229,6277.81022823067,6409.13087574304,6875.3693676068,6638.11782762368,6606.51376367262,6359.24634251042,6377.96586321788,6680.4077008075,6948.05598413097,6643.48365911845,6629.24207759591,7336.29596683815,7238.19760126456,8374.28170165251,6399.06279146692,4484.56831038072,4484.56831038072
0,6130.51912734652,6128.27138255866,6080.57951300984,6418.08973579432,4786.13572474075,4417.38247041385,4417.50416620297,4831.398597037,5859.0921792648,5169.5562573848,5170.25508734888,5574.58878278942,5572.90058011635,5562.52229116845,5977.89361622518,6042.67461307177,6171.89438108145,6161.06150999579,6457.38501556045,6499.50488761776,6494.21708191372,6746.74962883519,6683.30550453295,6687.75590719723,6863.35797615507,7219.52315433639,7010.0975387847,7000.2762911024,6750.42538472606,6613.93393077005,7014.1074874045,7108.49079537728,6881.85659669085,6861.47096299115,7536.61710680684,7590.37206680899,8803.90123103882,6701.14730145941,4683.70988386283,4683.70988386283
0,6106,5863.89541863226,5892.5173950935,6225.04758765841,4769.15380696992,4425.77918531212,4427.06567936891,4783.23374488923,6190.85161964439,5236.78566015534,5240.61743193812,5626.99541099041,5643.76354801007,5658.60790650982,5861.62607078057,5863.05738320684,6035.71028178566,6018.17097158933,6827.52757419537,6265.47897128471,6228.48453925617,6657.33211803865,6444.2210926208,6304.53979875628,6529.05003972604,6892.07456545678,6742.32390477425,6737.64241433691,6676.21862457282,6696.04355265542,7262.0012556754,7414.4764951044,7129.77593883981,7155.43361641144,7764.70041296085,7789.67879411008,8931.79768662443,6969.33432694617,4880.21496850853,4880.21496850853
0,6106,5781.18262115836,5793.90238373782,6085.93134732887,4572.2968193816,4219.70077664257,4220.36883341713,4587.62490547779,6376.88250772693,5609.28600459438,5611.86417895587,5966.28473360388,5927.79711187115,5959.76729116434,6177.03820145433,6161.74127854163,6307.92571541907,6340.21925971746,6950.15267067036,7186.61868436638,7122.75103789088,7300.98664670817,7324,7323.99999993798,7511.93930033205,7946.39363292048,7657.89409832351,7687.39582092242,7484.3880979366,7541.26084887076,7996.57075656084,8263.50929392653,7929.42656049308,7848.75736893347,8387.01705582893,8186.3399908965,9234.83444217773,7034.63223096549,4894.02851246917,4894.02851246917
0,6106,5740.53673429326,5750.07594824383,6066.78505741785,4603.29934792172,4246.86993099958,4247.03587357059,4743.37723518824,6460.53540935007,5726.27412039138,5726.76175285496,6153.60707047872,5969.69779487371,5988.04244888791,6229.78232304454,6250.92400916818,6323.85797116551,6296.45185869325,6919.56699031739,6928.99879970591,6759.91040564572,7126.89925983566,7324,7324,7548.08497723824,7876.80318091451,7599.32941176471,7619.00000008315,7388.24332422057,7351.73550703988,7825.43313931127,7993.26144225472,7583.80842982131,7584.98552925556,8379.2190174143,8275.13493200493,9439.88382157961,7238.97368192604,5070.27331027407,5070.27331027407
0,6106,5723.56568444205,5717.20746113706,6030.50206178474,4633.74365138589,4296.05101675707,4296.14378004273,4728.74504903967,6614.08929501896,5847.02725360817,5847.23338127929,6329.17099967258,6228.04032894896,6250.67408691831,6409.77994665192,6392.42853613941,6484.84143740093,6489.98765302671,7047.81056760949,7043.57876326573,6945.87463752865,7279.00100520618,7324,7324,7487.86646433991,7948.80318091451,7772.78823529411,7664.59999988646,7444.86390180636,7470.9355940974,7998.91857372484,8304.55049923046,7976.73662429865,7975.63399414977,8591.76870476864,8805.59377609238,9841.553236198,7657.50198284025,5357.78839254648,5357.78839254648
0,6106,5764.55301394662,5739.11702600303,6049.14015972424,4582.47279199442,4245.78883723758,4245.74622713278,4634.87309137296,6538.17933996919,5720.49403108095,5720.45339350623,6128.52117365259,5981.57455369503,5971.38877115937,6193.44303830479,6208.19695576486,6337.04851051045,6313.4313711718,7042.14504112023,6903.11863284921,6849.18888125729,7229.44334149286,7324,7324,7476.04855842185,8028.73956262425,7535.17647058824,7653.20000017578,7379.17595402162,7405.28486311984,7873.51880164204,8246.49725341333,7933.64369989728,7934.83530299785,8690.51045109962,8398.34234600503,9700.02197508241,7257.61476148387,5082.14195876655,5082.14195876655
0,6106,5814.04609921288,5826.76210377889,6111.34388572031,4622.21819837102,4283.87132276456,4283.43728305205,4632.38650632911,6578.76288571929,5873.79036414343,5872.30090928755,6272.31590832138,6131.98068048025,6119.98825226105,6281.52412876826,6277.46782671017,6447.80483883753,6445.72253015116,6951.24029411283,6920.43090653354,6861.13690351698,7333.16983394868,7324,7324,7492,8013.62226640159,7847.44705882353,7778.59999988439,7517.60812946732,7465.40818162068,7822.6488430183,8199.57034252437,7899.14818081966,7897.61744070875,8828.63382765787,8870.08530502422,9947.28775855293,7867.39130434783,5507.17391304346,5507.17391304346
0,6106,5821.09638265787,5782.94394796064,6131.16380951553,4538.30115685105,4176.95975637373,4177.27374766724,4589.04084957016,6362.5226873966,5610.48833192572,5611.72089262137,6004.85098286252,5932.04122303021,5903.91170465697,6145.51127139504,6112.14640910749,6326.27946811349,6133.61793618433,6796.53946235247,6989.6410862246,7073.34739083392,7660.75478443583,7324,7324,7500.01213960546,7795.26043737575,7768.76470588235,7778.60000001363,7586.26723403375,7575.83280373563,7947.62131453894,8062.7210999329,7874.28882767503,7874.21878968412,9038.99508477217,8773.42892660758,9848.64807617904,7500.8335134182,5250.03367949289,5250.03367949289
0,6106,5898.51359211761,5914.40815578494,6277.59803312352,4811.59148468486,4467.35664458541,4466.44830412898,4842.19706524289,6720.3063175749,5938.39936959047,5934.87172620857,6322.56719043745,6259.97425633421,6209.4553904711,6517.81471112889,6499.68326350272,6327.61485851498,6372.49961337371,7107.58413752331,7176.55298123915,7206.2977278262,7609.70512162684,7324,7324,7495.98786039454,8015.93638170974,7621.01176470588,7562.00000004883,7414.292861703,7398.66324982368,7888.89549766125,8191.39499706675,7633.10085918905,7634.88992435438,8929.79729005434,9030.45829253562,10371.1465930183,7867.39130434783,5507.17391304347,5507.17391304347
0,6106,5834.19978390793,5859.63643491748,6167.61489085741,4642.37203223507,4287.27624225018,4287.72001130649,4713.62762264915,6626.54201729638,5755.44284797934,5757.2409323813,6205.93524403165,6153.12394431394,6176.65444311598,6343.56621124657,6304.4668869014,6558.48770642416,6495.23764437925,7228.9664215545,7147.58966507742,7053.3614198122,7458.46419784442,7324,7324,7572.12139605463,7885.63817097415,7738.81176470588,7846.99999994054,7693.95998125207,7693.92981614052,8189.05765574604,8623.39199607794,8377.34270973469,8374.89443606633,9521.64794625852,9511.23899930706,10796.4497081244,7867.39130434783,5507.17391304348,5507.17391304348
0,6106,5752.91146846823,5771.98989627107,6025.21456599693,4581.16210349463,4248.8888960077,4249.32319216265,4622.98090155707,6717.53498158683,6042.94059922503,6044.43036328255,6512.61784810634,6428.66483764109,6135.42184787398,6117.29241461007,6063.20795156949,6127.59076732949,6092.46186634056,6937.2150035107,6802.96882990585,6833.52417475463,7421.094387257,7324,7324,7515.85432473444,7996,7738.14117647058,7698.79999988547,7541.96313798739,7557.61624957417,7980.77581057042,8301.52740155626,8068.76203056108,8069.21136370798,8984.6821900968,9252.47154913675,10456.5052208448,7867.39130434783,5507.17391304348,5507.17391304348
0,6106,5722.14881211871,5706.25292227411,5965.69427410868,4442.32097111578,4098.02610480369,4098.48640925371,4503.49448641164,6249.95430323908,5600.15587103684,5601.95123004565,6042.77529594097,5874.91295522757,5964.40561714156,6058.44346613497,6057.18849152528,6152.27520993661,6222.39333157302,6997.91893210255,7033.15256622239,7070.96710118973,7460.34170670229,7324,7324,7500.04855842185,7919.18091451292,7627.2705882353,7607.60000019964,7398.85111314005,7440.61976891088,7963.69740350727,8206.71063464729,7777.61673026851,7779.35060431531,8651.88610050304,8533.43697124668,10036.1430378584,7867.39130434783,5507.17391304348,5507.17391304348
0,5875.62617960426,5751.4903404567,5761.02756498258,6031.63513043955,4574.49600980388,4236.9334812001,4236.53519623495,4655.26145144737,6410.35584417115,5562.11167494361,5560.54263900939,6027.94221086351,5877.44099209713,5845.02063542665,6208.42500074271,6248.30530651448,6429.66951091926,6438.05413491994,7066.79021589517,6978.33334644607,6886.30566822574,7307.18753917985,7324,7324,7516,7949.60636182902,7764.07058823529,7744.39999990826,7535.52175079782,7478.10993023986,7943.56887570385,8318.19911512869,8166.75844357467,8165.54085008145,8902.60250792438,9084.97915420979,10293.1060553316,7867.39130434783,5507.17391304348,5507.17391304348
0,5860,5490.85492590847,5503.57992812112,5708.81768994637,4323.4629180029,4013.59706033388,4015.28470602489,4351.82246173818,6417.19163024859,5661.99088453042,5667.70717912828,6144.90530209026,6062.64511758188,5892.03372930232,6260.54058275242,6234.2884978762,6273.55047916452,6230.12593166192,6818.02492336998,6753.07496614205,6767.14109109084,7361.1425134595,7324,7324,7491.96358118361,7791.24453280318,7764.07058823529,7744.40000000389,7583.9151542651,7599.56629043995,8043.35219067792,8229.75982604759,7846.18192883863,7845.97634052396,8725.707819349,8475.47011417187,9666.63625336471,7867.39130434783,5507.17391304348,5507.17391304348
0,5860,5491.53549655893,5459.74194863868,5687.88923028648,4188.73797609775,3863.44004227444,3863.8013224266,4196.93153977625,6160.68233970474,5491.40883262421,5492.87910871885,5889.34220268647,5713.21169823398,5827.25290217731,6110.79722819123,6067.25895308268,6085.55070018309,6040.18326951328,6651.08611157852,6629.87733233777,6618.7407768079,7193.16805122608,7324,7324,7463.97572078907,8057.51093439364,7563.56470588235,7573.40000009599,7383.03994481375,7409.15330721349,7948.96728972809,8120.29433985582,7859.63082544652,7861.45114203209,8881.08664345914,8934.79708394616,10050.4781255572,7867.39130434783,5507.17391304348,5507.17391304348
0,5860,5566.11789701371,5569.29512983191,5815.21724984869,4375.76068797272,4058.64636467544,4057.94098694838,4368.66254559588,6322.47294002653,5542.86534353067,5540.18541410581,5910.90984862867,5715.34265453675,5594.80372638519,5887.117553375,5884.68338831703,6090.75099919009,6175.65597359583,6779.33235803355,6769.04162995438,6760.52791882926,7304.17753072617,7324,7324,7536.12139605463,7899.24453280318,7819.05882352941,7858.39999994063,7657.86890410775,7616.09774779188,8177.11936282635,8538.74142901934,8071.81331489995,8069.49316698489,8935.72280392213,9019.96045966875,10427.9571001291,7762.07966351507,5435.30329984618,5435.30329984618
0,5860,5567.88259559169,5558.3444868569,5817.10039296127,4298.48288873564,3964.90925119994,3965.06174907753,4310.91299292276,6240.42308793327,5561.36827075757,5562.04812478887,5959.47859067927,5861.46868147852,5683.11257625863,6040.29610034072,6054.69812434464,6233.86395105199,6211.20978594946,6653.32952984905,6628.58734552779,6675.17924813863,7250.77532208557,7324,7324,7559.97572078907,8008,7757.36470588235,7767.19999988212,7573.58544357197,7620.53884745249,7970.75010683233,8409.16783633356,8254.68523339466,8254.56284969103,8972.43139997921,9034.70118548401,10325.7552100897,7867.39130434783,5507.17391304348,5507.17391304348
0,5860,5584.85231560344,5591.21053894623,5855.81916419457,4404.9961624276,4081.57505181013,4081.29936293805,4445.06982119922,6360.90007431644,5577.89669777341,5576.77061692529,6007.59412273951,5748.356503777,5735.42683670802,6152.16031250468,6187.5273380405,6428.89858002209,6414.67037103276,6935.65017493969,6879.87913327967,6844.16041458897,7287.85055288315,7324,7324,7543.98786039454,7961.60636182903,7811.68235294117,7733.00000003568,7505.37285356278,7489.72812127609,7919.51999946297,7998.30720601492,7600.26400297072,7600.97595163336,8930.63739803289,8341.99600668645,9919.11771622739,7422.7067934586,5353.66363940758,5353.66363940758
0,5860,5543.86498605338,5569.30097399698,5828.66762522279,4350.47087616879,4007.39503119181,4007.57489091503,4423.38163623712,6316.00777248862,5643.03185482648,5643.76255942965,6114.63029332063,5869.62692512908,5894.25175232831,6028.48397567744,5977.73815208252,6147.34419722116,6064.96850817609,6778.68388021705,6684.23769812985,6697.20417498067,7297.95975110883,7324,7324,7540,8048.77137176938,7711.31764705882,7790.00000001233,7611.80330954485,7575.27745555051,8089.90749333036,8286.10760524655,8112.66972954849,8112.30022692349,9753,9752.92244198504,10857.9905871138,7867.39130434783,5507.17391304348,5507.17391304348
0,5860,5516.62800342945,5481.65589622111,5761.68432933299,4357.38794924979,4041.88161485608,4042.23561046679,4408.81307309687,6333.37377287342,5569.89143727365,5570.9783931147,6007.5763446638,5673.81582213973,5515.24913389235,5724.29670380388,5716.1647998015,6049.00200204974,6197.00312301138,6977.9255496514,6980.08732011228,7002.38138534177,7506.27904780281,7324,7324,7515.96358118361,7876.85089463221,7821.07058823529,7801.39999998102,7720.44176514968,7663.04135621381,8095.24676344162,8337.8035249859,7938.1999163494,7937.70500235773,9126.88908353296,8828.94140734928,10221.1862503165,7867.39130434783,5507.17391304348,5507.17391304348
0,5860,5595.80618783666,5602.16264287505,5880.13262012114,4411.83180916785,4082.21908970229,4081.63547149593,4400.4942098642,6352.35018951426,5614.09236294488,5612.11106735916,5984.77683313966,5554.03799979969,5614.98360898491,6082.2692708317,6144.58417616547,6452.78541114332,6406.9672697769,6929.9008552777,6833.90259835258,6812.90497523205,7370.35979948833,7324,7324,7471.95144157815,7895.18091451292,7627.27058823529,7607.60000010278,7574.8863308765,7606.21664624994,7994.76878654109,8348.83849446745,7914.29750364873,7915.95357388732,9018.8596524608,9336.47864007179,10217.4137858199,7867.39130434783,5507.17391304348,5507.17391304348
0,5860,5573.89764538831,5580.25697386372,5866.96502279373,4388.76856295636,4049.82303863888,4049.9568816924,4352.09909101416,6288.02373569228,5558.95062726374,5559.45038550076,5848.71826507016,5740.74277266934,5840.63313699196,6221.42017614195,6209.47725963766,6381.41445999765,6311.86623160833,6974.39373349623,6826.92933130307,6801.8528527609,7398.01084846083,7324,7324,7528.10925644916,7829.60636182903,7584.35294117647,7653.20000004521,7581.9040063944,7581.90584075994,8018.22195867579,8303.22205579847,8046.70750490073,8046.74882792423,8995.77291107428,8902.24508185557,10217.3914375293,7867.39130434783,5507.17391304348,5507.17391304348
0,5860,5571.06230491428,5558.34497408026,5878.39442109482,4435.34366684234,4099.89857497357,4099.94134947039,4469.54153933502,6338.66622278255,5588.63664921898,5588.67852653029,5880.19877472957,5833.76856345746,5768.39155082127,5835.82356021992,5796.5909512417,6023.28337443944,6020.617270193,6871.89618711997,6805.10539971042,6822.36066844638,7473.20302707345,7324,7324,7572.01213960546,8115.14910536779,7712.21176470588,7653.19999986285,7634.08013086783,7581.88990780206,8139.55684107551,8321.91161607214,8040.74044234461,8040.01226498422,9027.62619876975,8599.15120565188,10217.3913051368,7867.39130434783,5507.17391304348,5507.17391304348
0,5860,5592.62860639911,5602.16605193942,5891.38436231905,4486.73229954347,4165.5958276175,4165.32735419533,4529.28515584758,6447.46710714111,5743.28399873169,5742.28034422337,5978.77623263872,5636.82264430569,5580.73853462298,5913.46431054727,5926.82690247032,6036.17129495531,6115.60245333561,6846.37371130644,6791.92152485291,6834.22441632281,7408.00079708489,7324,7324,7559.97572078907,8106.40954274354,7895.7294117647,7915.39999991988,7813.52282268206,7933.49639801396,8448.30854550836,8734.87094026318,8449.16215842476,8410.44260310383,8561.03502287752,8549.91155077124,10217.3913043525,7867.39130434783,5507.17391304348,5507.17391304348
0,6531.45540334856,5559.76246819618,5569.30146100379,5848.03423355073,4360.26451024173,4017.88366658007,4018.19360832677,4438.01969755804,6218.81607842824,5498.27756962859,5499.57625392655,5737.85904699723,5697.52156242191,5796.8088844482,6185.43778452936,6216.37266543758,6319.63369478771,6277.75756258143,6869.69647311378,6933.32980828477,6888.96732512323,7351.41968192152,7324,7324,7495.91502276176,8035.21272365805,7894.61176470588,7835.60000004732,7705.32670474546,7606.20834571336,7980.01727716797,8273.8251036445,7936.36068145334,7379.67857891168,8837.46980766386,8788.65733435911,10217.3913043479,7867.39130434783,5507.17391304348,5507.17391304348
0,6577,6238.72241808682,6191.01229471768,6504.33359386498,4882.28224317004,4530.61638096821,4526.42560176971,4886.31440065215,6745.39621261506,5938.29273710038,5924.27309782205,5928.70983180687,5826.52552201045,5816.39154990402,6017.5327560737,5956.02766841961,6038.11885301104,6029.16659500781,6717.31124674409,6658.66003848302,6650.64167084397,7246.68874345578,7324,7324,7508.06069802731,7903.21272365805,7650.74117647059,7778.60000012473,7732.2063302332,7763.52537143028,8124.90652186672,8369.65141553562,7992.90517558659,7438.52198097916,8287.19402570296,8303.05459387457,10217.3913043478,7867.39130434783,5507.17391304348,5507.17391304348
0,6577,6310.8768042729,6355.38569325566,6629.25677488446,4959.20083504894,4588.48853030221,4587.69038959369,4920.29775330668,6809.85934703953,5973.61872975213,5530.46732911343,5703.08657014445,5617.57253585873,5486.07737462858,5865.17185879433,5893.37356224092,6212.13538273565,6202.41380138856,6832.72949264283,6684.88144697267,6730.77095629695,7273.48206281691,7324,7324,7544.02427921092,7982.39363817097,7769.65882352941,7641.7999999468,7545.32791665256,7571.42149165239,8075.00261478517,8329.08529530809,7273.20980036092,7380.65847108519,8894.16967718004,8992.36292880106,10217.3913043478,7867.39130434783,5507.17391304348,5507.17391304348
0,6577,6195.65383709758,6202.01581807873,6449.38882837878,4788.72249957601,4421.34230965543,4422.21285425114,4847.16590073154,6792.64199864238,5767.35520812828,5253.60944915238,5613.06837505731,5434.90186332312,5422.3747029106,6050.06539719018,6103.12795347971,6393.71246681965,6529.53900176485,7183.3415756818,7078.57407232715,7090.86408772646,7479.56498438287,7324,7324,7519.95144157815,7963.21272365805,7796.25882352941,7835.59999994016,7663.20629284303,7694.49396248645,8076.16523491092,8461.60695255739,8150.18266197115,8308.05051694705,8855.5269178892,8837.58333706182,10217.3913043478,7867.39130434783,5507.17391304348,5507.17391304348
0,6577,6186.4564185542,6180.09797428014,6401.34365807142,4802.38325241721,4460.44837481006,4460.50310514474,4755.44562681134,5986.58185855117,5080.17582015789,5058.35377975565,5631.05203479849,5654.8878051978,5855.74400376089,6406.46496584827,6429.27488639345,6530.96435194479,6482.74575897162,6947.37619923333,6863.80724971348,6837.98837792087,7333.75534934832,7324,7324,7487.97572078907,7844.81908548708,7698.8,7698.80000008784,7544.15694249348,7502.43649363252,7773.93124597342,8042.29143994466,8041.68449705401,7958.94287245058,8838.2028714514,8798.69739269091,10217.3913043478,7867.39130434783,5507.17391304348,5507.17391304348
0,6577,6189.29069512211,6202.00802598637,6407.37255753933,4712.59055202722,4347.93060210169,4347.9566426918,4626.88346518868,5939.57485127308,5350.4430483233,5482.03665026065,5998.90185080234,6121.22209163387,6289.21640241539,6451.96962088334,6447.69436921982,6470.9598028327,6449.03899242163,6980.60907084389,6930.89235430924,6931.0567732107,7430.15209989234,7324,7324,7455.96358118361,7816,7597.76470588235,7607.60000005461,7485.96155008162,7506.8432106976,7887.48330085589,8033.09711617447,7692.86902491499,7540.69127144012,8625.53373443685,8655.20207240511,10217.3913043478,7867.39130434783,5507.17391304348,5507.17391304348
0,6577,6180.44216653936,6158.18694806058,6434.33422907815,4758.25677712746,4385.99600054152,4386.15004952214,4345.97172820222,6385.46946469374,5765.21157324071,5832.88303569579,6234.10398557622,6179.20993438169,6142.92699295432,6356.78141217766,6347.06696325553,6379.81459932028,6372.7323443831,6982.11353864925,6876.76571484342,6877.1240672207,7387.89713045761,7324,7324,7444,7813.59045725646,7571.83529411765,7562.0000000528,7436.37285665224,7420.7294791341,7887.15970298145,8051.92107043917,7593.44858418384,7767.67813551541,8982.52321686324,9087.7868602132,10217.3913043478,7867.39130434783,5507.17391304348,5507.17391304348
0,6577,6241.23402465397,6234.87359090231,6505.40751579565,4922.85559742359,4578.76593809762,4377.08017676516,4562.09330173464,6543.67769841473,5802.156874309,5818.79026785117,6374.85334428285,6143.71908780016,6136.07978301241,6340.01860387531,6306.81374965045,6313.83645651523,6256.55176388362,6866.05788898574,6709.85268552671,6705.87249585259,7225.34702606732,7324,7324,7532.13353566009,7816,7558.42352941176,7607.59999998837,7433.1806109817,7495.78639484869,7908.51941777859,8197.73370083031,8417.34544916076,8623.45269765126,9235.46166223827,9245.36859952966,10217.3913043478,7867.39130434783,5507.17391304348,5507.17391304348
0,6577,6263.14735444794,6256.78802583645,6501.49395507607,4777.31600905998,4414.82502798636,4336.95468129976,4695.58051963113,6502.245638326,5701.27561754359,5641.21820982547,6148.11130247228,6043.17100326352,5921.38635287633,5952.75420613195,5936.33504686069,6157.98261308502,6145.42695765519,6921.27722938871,6941.62046521013,6961.27116240087,7406.50341397356,7324,7324,7503.89074355083,7813.63817097415,7695.67058823529,7675.99999981893,7467.98089095842,7426.21923280796,7857.98540035432,8145.08141392704,7745.52257534171,8265.20968620313,9091.04007158003,9092.53101718657,10217.3913043478,7867.39130434783,5507.17391304348,5507.17391304348
0,6577,6297.7771274319,6278.70002591973,6586.81993374321,4844.38870876835,4468.40458911454,3955.80673907124,4314.50153436686,6305.81042705791,5518.10830858571,5483.15687702427,6006.25364515715,5855.23733084534,5807.71089220556,6024.08244367367,6035.36441104362,6168.93317698494,6313.72695688465,7043.53882793736,6943.2341088102,6965.90028205064,7400.74272031009,7324,7324,7548.12139605463,7908.73956262425,7439.72941176471,7459.40000019191,7294.41757742202,7315.32330471997,7708.62534760516,8061.09988744659,7861.88178246993,8050.92913073458,9245.84481634524,9203.05979955739,10217.3913043478,7867.39130434783,5507.17391304348,5507.17391304348
0,6577,6303.10264205893,6344.43407782584,6669.04111319673,5013.98455696463,4629.42085376479,3897.73660926227,4269.73762008415,6221.83758947368,5476.28831902737,5434.44961060799,5836.09425994308,5868.1059969851,5973.13757932372,6406.53451107271,6456.29673198404,6647.60280942191,6559.59531087659,7029.30061798684,6950.73249912908,6874.57331364764,7334.26214791344,7324,7324,7491.85432473444,8021.60636182902,7777.03529411764,7767.1999997672,7590.82725897758,7554.25583922968,7961.99351093389,8068.45753244198,7819.51563822301,7816.26695022708,8341.49681796424,8771.72117601809,10217.3913043478,7867.39130434783,5507.17391304348,5507.17391304348
0,6577,6240.16577648533,6202.01533120522,6531.41200527537,4906.74539485534,4128.79494027685,3718.44616897152,4173.38761622678,6121.46291037082,5422.36389097934,5471.26478667106,6100.08743301776,6084.54408910386,6108.99947785275,6165.28869852961,6116.71166751964,6262.78672613883,6258.6919143803,6935.26196102437,6797.55735697803,6814.37362529174,7423.7897413439,7324,7324,7468.03641881639,7730.44135188867,7609.16470588235,7619.00000021077,7458.71673166032,7495.27070431627,7901.93525112109,8029.89918526387,7772.73097060945,7774.5832341352,8141.79963215134,8257.09966150645,10217.3913043478,7867.39130434783,5507.17391304348,5507.17391304348
0,5991.70065956367,6330.29836513796,6333.47515593485,6658.07901193251,4566.40256704384,3862.00383869525,3923.28669685056,4361.90439558381,6278.23745616395,5596.69174591537,5648.09111669777,6152.3587429219,6041.58214848091,6011.20101602928,6138.63363599924,6129.45104929049,6245.99759157778,6188.68982126984,6806.88769488241,6606.29114206442,6585.91006981606,7213.81716869586,7324,7324,7560.12139605463,7845.5745526839,7513.27058823529,7493.59999999422,7286.93915697584,7302.60427778188,7581.98861627582,7704.93593736361,7471.5415707005,7472.66654869269,7881.49697520453,7793.08468522794,9601.95872732405,7867.39130434783,5507.17391304348,5507.17391304348
0,5952,5716.94646385593,5751.93724275343,6061.31916520756,4431.80621134427,4159.35972246695,4274.27703027289,4576.51450008025,6525.22686247985,5822.17071291853,5842.92086898803,6099.27312593564,5944.43746873924,5867.43318789803,5933.96960364564,5915.37412880705,6091.58413554383,6174.42380651954,6859.12716681082,6873.14793610833,6939.00251702905,7462.67457602646,7324,7324,7511.86646433991,8050.37773359841,7800.28235294117,7721.59999979875,7494.88480567719,7479.19477635283,7687.68267046222,7785.81604637462,7394.58136981569,7392.12809878987,7921.93933962348,7866.40299299957,9235.44596970452,6976.28256245025,4894.23331888736,4894.23331888736
0,5952,5625.02803999331,5631.38935853202,5940.05379141887,4489.49158591146,4133.20302481901,4088.79949464174,4432.50411117083,6591.84668184832,5822.41472050769,5803.43618908303,6054.43814920196,5889.69574644928,5938.40176249039,6162.59532351343,6228.05827799045,6425.85977146503,6486.71252521491,6991.37387082381,6927.74306045238,6945.64019935124,7396.15376876976,7324,7324,7459.98786039454,7935.19681908549,7737.69411764706,7767.20000015297,7522.9983321312,7554.31491033803,7922.7423189993,7838.25334648816,7587.78606974211,7588.15429128966,8213.92397791076,8136.33583485398,9091.79712337461,7361.8122457816,5152.93088006297,5152.93088006297
0,5952,5599.93420235385,5609.47297423022,5898.76704506428,4429.8657197409,4095.01040937427,4090.70439106351,4464.9452151737,6513.34678168881,5746.08225515295,5763.25843480068,6158.57209173949,6155.54195992616,6346.74822414555,6621.55538119903,6691.94811273132,6796.26680266101,6845.46511169755,7241.715957129,7107.21613575816,7247.00926823126,7613.14318597358,7324,7324,7488.04855842185,7744.85089463221,7634.64705882353,7733.00000001806,7482.6880811837,7456.60528507731,7984.39846590143,8186.54250972688,7675.08228888628,7675.50019028019,8631.30888426601,8352.49009691512,9537.66112573594,7016.53953966948,4912.47249021043,4912.47249021043
0,5952,5608.3992303008,5576.60546110374,5852.60705096315,4487.11067824151,4174.27574438444,4239.84886583689,4622.04673115657,6646.80416266685,5956.6816357931,6045.70462544375,6457.42670120477,6412.62175511038,6506.84454762721,6739,6824.1451863527,6846.74673400385,6812.4217135062,7239.85818098932,7113.09909353382,7135.57015356476,7543.78549214255,7324,7324,7447.91502276176,7869.5745526839,7541.21176470588,7482.20000000031,7380.19870081492,7281.08281385752,7785.31471726916,8085.86379145624,7885.35746886447,7886.90798227343,8720.50036371183,9038.3990920611,10138.100801942,7867.39130434783,5507.17391304324,5507.17391304324
0,5952,5670.26412406613,5686.15912981523,5958.81243261076,4707.33627143387,4407.82990860544,4513.94708214049,4861.14575518243,6877.01889307182,6126.25437199089,6164.68950073276,6568.37489762179,6598.06528018363,6654.43927916369,6739,6648.91860743443,6714.02072548255,6688.00125306969,7228.40867466329,7149.35586356625,7054.20405224474,7457.60429639977,7324,7324,7492.10925644916,7825.59045725646,7502.98823529412,7562.00000008399,7496.41101052661,7564.23733376906,7957.49989781468,8244.91338969132,7907.82124394006,7907.17806018348,8581.66245663739,8500.03828796518,9479.05323193835,7345.5838658825,5139.33872573352,5139.33872573352
0,5952,5618.66755686459,5631.3864349508,5841.24392318398,4476.38242125328,4495.43673485367,4554.26630227279,4919.75208625672,7054.45573906967,6293.50562942099,6352.78049722823,6735.05418963161,6538.4801533873,6441.53162513212,6515.39724412058,6480.01924130423,6576.56352968773,6565.38740635278,7148.70167763486,7077.47942974789,7060.84907196731,7580.71857921195,7324,7324,7528,7924.80318091451,7689.41176470588,7630.39999984443,7452.34227850429,7483.62943968391,7809.18982349795,8110.87916103387,7755.05666422808,7754.13087423271,8330.54171077905,8499.60008994973,9625.3600146097,7279.17978391645,5094.77089287981,5094.77089287981
0,5952,5600.27883689918,5587.56194817718,5806.3678314736,4249.53102324879,3917.50307162557,5003.15215084042,5268.35228359849,7231.29094009755,6401.70559577613,6350.76897508862,6539.60522146583,6327.60078424804,6219.29895471054,6333.0706400551,6307.82919807741,6491.21649659054,6413.63302221574,6997.05571170685,6889.24902046681,6871.52222913709,7447.82923685473,7324,7324,7511.97572078907,7845.62226640159,7618.55294117647,7687.39999999471,7511.58892202081,7469.8454765019,7841.63053807402,7923.86072029028,7776.03150321144,7775.85676489069,8253.98146704401,8222.20723349479,9411.84269329221,7263.21093172943,5083.96238540979,5083.96238540979
0,5952,5637.7418225904,5631.38205197274,5895.37993228036,4421.11717937,4092.25504792842,4696.05366838021,5019.58453015544,6944.20746619182,6024.37790246772,5941.49566142821,6327.5110459835,6120.85576172998,6003.3644381316,6124.77261578154,6099.15835909718,6328.7631542871,6363.87154631719,7051.58501297607,6938.19810994486,6942.16845385133,7514.12626943765,7324,7324,7544.06069802731,7927.96819085487,7544.34117647059,7505.00000006813,7327.74863059981,7390.37871693856,7805.8716271384,7763.54334065311,7575.22434578051,7576.55488199621,8161.72238337751,8104.44965154935,9211.21313154522,7161.25366728482,5015.56389665379,5015.56389665379
0,5952,5656.47491124062,5653.29502588642,5910.61117023312,4421.72839321911,4094.28389381129,4425.53204389212,4694.66492212438,6683.3721457298,5834.7910473316,5745.21204576091,5992.27576951769,5896.61222500629,5836.74538947619,6150.88680071331,6183.94775747632,6501.19365689508,6552.33123048143,7133.42800094159,6991.58660799467,7040.82050129601,7561.66062551562,7324,7324,7507.91502276176,8074.37773359841,7731.43529411764,7721.59999987466,7524.98097386027,7457.1252255705,7862.15049864071,7879.44412276591,7496.72719386402,7494.95783058193,8209.62954335232,8125.4467522305,9531.69534563451,7073.18135611557,4948.14745247819,4948.14745247819
0,5952,5673.79006370685,5664.25151294321,5973.05474640701,4426.05955239682,4074.46531270761,4076.54033681587,4500.89291607073,6405.21032553408,5610.19479203141,5588.1182911638,6034.83755608459,5996.78095795666,6118.76006725989,6430.64083753192,6466.7958306754,6676.2826993322,6662.1830107596,7177.86600021069,7039.76782068835,7010.06162636331,7425.69263245895,7324,7324,7496.02427921092,7828.04771371769,7723.16470588235,7733.00000009462,7532.89578306563,7611.16450571444,8044.53644473131,8077.04290966974,7734.76369211244,7734.73064783911,8267.10665307782,8484.07822826538,9535.79576265442,7702.80731757255,5390.80372506654,5390.80372506654
0,5952,5671.68365617754,5697.11853891292,5990.97178778053,4583.35833218122,4253.55811349998,3875.13315968451,4292.36498741669,6395.74492813241,5704.6527127427,5776.93431458642,6331.99232741538,6233.99240991751,6329.74487438389,6510.39621629463,6512.2759361138,6620.08052810106,6609.2466859114,7128.00117405602,6853.58647544864,6862.22303225968,7329.55507867408,7324,7324,7512.01213960546,7828.80318091451,7593.07058823529,7573.40000001813,7272.63993138594,7298.74740387312,7680.03299377231,7824.69625780672,7551.57942857304,7553.2671711754,7942.76888646043,7950.13286100324,9304.17840304583,6823.94236927979,4781.14568596389,4781.14568596389
0,5224.35585996955,5596.75635486469,5609.47589613782,5815.3833614186,4376.98538911365,4060.05994502854,4107.57463892784,4527.46423218709,6620.85241493744,5919.08213336735,5981.46309574924,6507.53840110872,6360.99624543232,6392.6567982729,6518.59649662777,6512.92569111187,6593.83808019703,6612.44847970703,7137.48902272902,7014.64749811214,7029.52369273991,7406.70321304402,7324,7324,7499.97572078907,7806.40954274354,7566.69411764706,7596.19999998338,7269.72161238703,7264.50221612819,7630.39421175197,7788.57896532739,7374.62142964524,7374.57433184816,7967.14549190636,7780.31563427889,9145.77350637935,7173.84012253589,5021.97534852896,5021.97534852896
0,5175,4894.42633826202,4856.29464319913,5110.54003313154,3760.6505425982,3462.85859942856,3477.23101126126,4719.04967409405,6833.1484989129,6085.42978019416,6112.19530850887,6561.75510102162,6355.41245429221,6362.17801626308,6566.46498013039,6588.15178030184,6734.43514869618,6740.32718441956,7239.28940980688,7012.94630698228,6938.75316505107,7401.72321203741,7324,7324,7540.07283763278,7847.18091451292,7524.67058823529,7505.00000004876,7202.0752416297,7191.65151226308,7583.13693281453,7717.30632517629,7518.73956027369,7519.54053500234,8019.90154865831,8240.98886754947,9363.06351417171,7326.16342824827,5129.79005030854,5129.79005030854
0,5175,4981.35692267501,4987.71315734784,5315.73099337649,4027.60606653985,3718.33718199336,3717.46649458104,4132.10560266668,6924.7509427977,6141.91232798333,6168.78223500699,6639.05830551698,6459.46809044072,6483.52709246566,6502.94907143165,6462.74393999948,6491.70906278342,6477.75921675232,6958.97262357002,6831.72588576913,6912.7639142064,7469.63066069689,7324,7324,7555.98786039454,7957.59045725646,7713.77647058823,7664.59999987402,7459.68666781969,7360.52645203772,7831.23452772454,7850.81672979377,7551.77428555158,7550.00471510552,8053.27069570297,7875.19167503701,9318.02043572072,6891.84614121572,4820.76269279874,4820.76269279874
0,5175,4956.26920214462,4965.80797384711,5281.76064641457,4047.80520127974,3748.44189634141,3748.5068834379,4156.5456202712,6994.73040531993,6184.71313848896,6164.297556282,6531.50173677568,6334.65122614583,6274.76147889032,6524.22815062342,6548.03717001327,6633.710837552,6610.54674830731,7049.09131944279,6876.97444099422,6782.09245804383,7238.42509710246,7324,7324,7592.06069802731,7959.19681908549,7665.71764705882,7744.39999999969,7654.1632284296,7643.7176069941,8099.91909417073,8361.74890887632,7925.6655558575,7924.59931497483,8721.58888532545,8513.77840947341,10038.6840458479,7742.74957734756,5416.48943835909,5416.48943835909
0,5175,4913.8631385469,4932.94046110373,5189.50387892018,3971.51098753406,3683.51117176129,3683.72977508025,4062.04519181775,6888.16077246918,6042.82248732818,6001.29703748368,6421.75316180568,6297.76674003083,6283.09833067945,6440.15873199657,6400.0593382256,6432.60081734656,6396.43732297202,6948.77142794038,6836.62848070826,6850.63480173737,7486.69149733557,7324,7324,7523.86646433991,7885.63817097415,7760.94117647058,7721.59999992259,7592.65583197717,7644.82449682642,8117.13095361953,8161.6887129068,8004.72456986653,8004.35758015463,8524.6779697994,8944.38911169647,10373.0098996566,7867.39130434783,5507.17391304348,5507.17391304348
0,5175,4870.38403913475,4867.20592219082,5099.23329544007,3833.42397978409,3543.20835735028,3543.65705736181,3940.77927691716,5988.99711920235,5355.25047063605,6024.47357960335,6498.49468583776,6242.55250076359,6165.71347321287,6188.51976702115,6158.39506014694,6257.71779144302,6276.64504911553,6846.31726890394,6723.72735195231,6767.11840204241,7406.65040344674,7324,7324,7560.12139605463,7833.5745526839,7554.17647058824,7505.00000022326,7282.98389060574,7335.20292509511,7771.98635004033,7841.82371244973,7580.41673568283,7583.39286892704,8022.03059732177,7846.44870448939,9283.25232188824,7187.63512720181,5037.53206332221,5037.53206332221
0,5175,4890.87650701425,4878.15851307647,5138.20637034086,3867.76715177813,3574.86199779289,3574.77800277337,3966.78730266577,5990.96793635088,5251.39326550293,5251.15180988731,6473.66912274449,6035.13519023859,5967.11640696796,6254.23666428579,6290.28514451663,6492.5348849033,6455.8159617073,7058.23735980683,7049.91265007778,7070.84395305945,7512.00515177576,7324,7324,7479.81790591806,8004.78727634195,7708.18823529411,7767.19999979441,7507.72488178577,7465.94579931288,7794.64499400149,7946.39475218581,7549.03845676806,7546.54851192257,8076.25687663843,8114.18294991076,9526.47077637954,7314.05999126076,5115.4852036,5115.4852036
0,5175,4918.80249284106,4921.98105188945,5191.29613640825,3934.39996349159,3640.66454946552,3640.39598287923,4069.98966271469,6131.75118047349,5404.98974095627,5403.98576441065,6009.73686461556,5971.11739369103,5951.77625944787,6215.42578079073,6209.74855621337,6363.12501991098,6445.22623539684,7153.1637250182,6943.4366242316,6908.00218889057,7393.85115695755,7324,7324,7508.13353566009,7828,7612.74117647059,7573.40000025189,7365.57281622604,7376.04426250606,7716.39610369091,7833.3704632736,7501.24909716858,7503.47592093232,7991.67396430067,8014.91211830201,9409.04962601225,7282.01302584181,5101.12464884866,5101.12464884866
0,5175,4901.48893623856,4911.02748695684,5131.5898447824,3897.52759160818,3619.25243502074,3619.32510251142,3962.94587430241,6249.35924561872,5465.41895799237,5465.69741500865,5970.54928210763,6033.37997127345,6107.51890157311,6407.28564363387,6423.94302430446,6555.15884142861,6493.65406690872,7008.53982778537,6871.29574421663,6897.76026507863,7411.19362165862,7324,7324,7511.93930197268,8015.98409542743,7724.7294117647,7744.3999998059,7542.55365550852,7511.21691904924,7935.49888988801,8022.68941433357,7752.3852591018,7750.36285622549,8213.61477370734,8190.64171463433,9419.98422083133,7347.69596433189,5139.54218355567,5139.54218355567
0,5175,4890.87757088399,4878.16046108708,5090.89323372457,3769.94397022124,3481.65160034648,3481.95032810148,3830.98181823465,6075.29962319584,5415.77512908495,5417.01720002397,5868.84059329298,6090.33114438771,6071.22809396093,6252.05514932495,6227.3852302502,6340.82912310189,6393.09155564889,7007.43066603453,6975.76495578362,6957.18223380729,7411.67633837772,7324,7324,7483.98786039454,7971.19681908549,7701.92941176471,7721.60000007151,7514.77108839842,7556.51839313108,8005.05154823599,8009.46776116117,7823.20068826307,7823.46668775863,8371.20440195748,8293.76257561682,9663.07170808693,7292.86407856698,5104.98489052446,5104.98489052446
0,5175,4931.52026581592,4921.98105195608,5139.27194299886,3845.15044337443,3567.92087279956,3567.62966451688,3926.42164278283,6151.62822371673,5392.89055991034,5391.77314111401,5893.29122552529,5735.38379827547,6171.90380179812,6376.14149865164,6413.59466593468,6525.96809634208,6429.78112807192,7004.1281984587,6892.79503475832,6880.71445430209,7408.98900723395,7324,7324,7552.10925644916,7870.4254473161,7679.1294117647,7698.80000001662,7488.95692716726,7447.2208798666,7846.38518980635,8160.7462191112,7544.1030764279,7544.54966997743,8287.65849970796,8180.73227649248,9313.81454707325,7419.38370923862,5194.98355587284,5194.98355587284
0,5175,4942.13242908872,4954.84953886295,5155.5065511185,3808.71297938986,3518.83089109093,3518.7380532661,3828.98622051029,6156.44539609868,5471.72556876241,5471.51837211808,5966.40867847625,5953.34960206184,6173.61797040145,6308.066070204,6246.81076198817,6196.81406940231,6270.32739615406,6993.28367414144,6835.09767858958,6808.3036890946,7404.4876029605,7324,7324,7507.87860394537,7916.01590457256,7697.23529411764,7687.39999987598,7467.65420919953,7525.03561446687,7874.60240331623,8126.50540377359,7982.53444329308,7981.80299231606,8558.85928772073,8758.73339292182,10089.5972048564,7488.22970858783,5240.26497200984,5240.26497200984
0,5991.60963977677,4907.84862065332,4911.02894804392,5132.4208526996,3801.35525158648,3505.08076649441,3505.29197152003,3855.11654463748,5990.05870173766,5340.11339606138,5340.82913296319,5760.7066955603,5721.04120835354,5735.8543376085,6190.95752144347,6214.81506579204,6481.42738596235,6481.57867830575,6993.0040292158,6862.69864067281,6931.19540404013,7528.14955514991,7324,7324,7532.0971168437,7713.62226640159,7547.47058823529,7527.80000018672,7267.2112677604,7256.80990379593,7645.15932861029,7738.12382309131,7468.61434869435,7470.98673047665,7857.50965992877,7960.29446336394,9405.50266165554,7313.45574609747,5124.5967625821,5124.5967625821
0,6047,5724.79424848596,5696.15620521679,5932.75953652266,4421.45119294209,4102.72337168486,4097.52546681066,4359.95705449747,6619.92504182877,5721.43589875398,5704.10659175164,6057.54550068464,5988.09787847454,5938.50816115326,5990.17792534014,6295.07125212992,6522.68769396224,6566.3847110765,7115.5175253027,7090.95773337344,7072.51967176984,7534.29237594308,7324,7324,7475.86646433991,7983.14910536779,7532.49411764705,7561.99999988391,7404.23705829388,7310.30672972608,7700.39913305615,7848.00508652705,7561.24390660037,7560.45750878652,7896.22880228438,7862.33448006691,8974.07834110914,7138.42113472789,4995.52194514087,4995.52194514087
0,6047,5813.88526464964,5794.80661505142,6098.97119853133,4459.96831694989,4104.33760273326,4103.89572042374,4458.96107680109,6655.81750792352,5956.72072081181,5955.27798022118,6313.8604539106,6110.95584183616,6153.83130524497,6306.60505017681,6266.71740005131,6613.70544926075,6562.0815715507,7115.82697195595,7015.25027052972,7041.5848008755,7549.69303067555,7324,7324,7496.0971168437,7953.5745526839,7663.48235294118,7584.80000013833,7498.71032834202,7530.02100605187,7984.23420582964,8081.91290610469,7704.03760225604,7703.90140507321,8314.04785555477,8047.26663963939,9222.3755430758,6951.90712551689,4864.68122665044,4864.68122665044
0,6047,5857.36596081063,5860.54407770918,6207.17530650112,4674.36374683909,4327.87917974051,4327.33873907535,4655.31119461568,6864.9168278486,6052.34370475957,6050.14625673876,6416.64365384239,6218.75656830442,6216.51002970761,6459.12257451001,6457.46696466704,6567.49564659345,6624.09427141877,7251.79935264715,7075.28538328402,7073.30516152502,7503.45774846907,7324,7324,7528,7888.04771371769,7828.89411764706,7858.39999982431,7731.14080937401,7715.45129880472,8226.88664373058,8417.92243153484,8097.01805055007,8094.46881786609,8876.56653722842,8851.25547875018,10345.6904360795,7730.59084920312,5406.16515478443,5406.16515478443
0,6047,5833.69404975113,5849.59148692352,6152.17803826135,4625.81505270663,4285.91099250514,4286.00637947125,4623.94348251464,6784.26122846573,6012.3440663729,6012.73706910069,6385.21935149263,6149.12975830349,6110.06210255346,6341.37407118562,6359.80735999414,6690.28889817526,6668.44099952889,7185.01564725607,7018.90790967961,7020.89256447278,7458.20763555474,7324,7324,7608.12139605463,7965.5745526839,7682.70588235294,7653.20000005527,7512.86547642478,7559.84597661719,8053.44844535833,8292.04476360576,7965.80093370414,7967.46280181569,8544.4173512721,8784.72832879322,10410.7700510202,7867.39130434783,5507.17391304348,5507.17391304348
0,6047,5826.60676224931,5794.81343513403,6107.57146120159,4517.87791523159,4177.71270630052,4178.07702368749,4550.11728633733,6700.79491022441,5909.63835853552,5911.03690830524,6372.24610802327,6230.02755883104,6202.17726709624,6363.93393842522,6390.89473217069,6551.29064101592,6448.07126752652,7107.6791847788,7024.89372677842,6968.90033986539,7449.82075545848,7324,7324,7583.9028831563,8002.4254473161,7813.91764705882,7892.59999979731,7732.88811363714,7680.6753238213,8175.58417231157,8317.34533130217,8059.2844831798,8056.89935932662,8602.16696018402,8437.84174698336,10033.5574900793,7867.39130434783,5507.17391304348,5507.17391304348
0,6047,5866.215021442,5904.36612984855,6269.75061547529,4677.86386366179,4300.24356614758,4299.61832190614,4736.87392753153,6848.47644587535,6067.30129878168,6065.0238528037,6515.65388253454,6372.09915554427,6432.40391003357,6511.83411711843,6288.21513444792,6214.53516949838,6316.3330492325,7096.77322768483,6913.19075989201,6911.38034749986,7555.44411744532,7324,7324,7543.98786039454,7989.5745526839,7658.34117647059,7619.00000017569,7466.35342037892,7539.4357483355,7998.63210661845,8216.05729046282,7869.43919538122,7871.85260829101,8494.41619300036,8565.62519657055,10467.1297323,7867.39130434783,5507.17391304348,5507.17391304348
0,6047,5798.33773753166,5772.90484411512,6186.98378386983,4718.21537786293,4363.06243355021,4363.58137100186,4803.95465350393,7149.45617647214,6143.66285783065,6145.23224855541,6539.88649374169,6374.23961790644,6323.30715920837,6497.22410215493,6498.14592019603,6572.33783773172,6532.88591706257,7057.81245244686,6910.10618286967,6898.98812903827,7565.51144938141,7324,7324,7620.12139605463,7928.01590457256,7754.23529411765,7744.39999998417,7614.99553436757,7500.1996650746,7991.97868437664,8222.13457251385,7815.0973327536,7814.54752949934,8580.3381829599,8391.54712266228,10039.2224103408,7867.39130434783,5507.17391304348,5507.17391304348
0,6047,5860.54487227871,5860.54310401209,6215.00391846492,4787.03995023343,4462.9629940651,4462.4606920064,4845.48884348626,7530.06305662091,6655.3273015622,6653.49399158583,7096.21897631953,6416.91837132925,6147.22518993655,6298.90778822153,6254.41181181843,6364.34586194632,6280.16793457798,6955.79483064254,6761.74136652265,6745.04699520792,7470.7379307801,7324,7324,7603.91502276176,8178.36182902584,7793.1294117647,7812.79999984433,7785.14550959588,7805.99107840754,8236.81022075577,8526.97290343172,8320.19704107824,8318.38345704948,9109.75892330793,9164.5877525611,10822.8541854078,7867.39130434783,5507.17391304348,5507.17391304348
0,6047,5819.21423787719,5860.54699986675,6108.45022552985,4546.1365005465,4203.83149823219,4204.11731553481,4576.29495586202,7156.7514394592,6401.45366441997,6402.89077300225,6425.84941121332,6046.86645546519,5870.54191583719,5962.294130823,5928.7751063542,6168.53433422206,6232.35424940383,6998.66746592175,6800.48214759215,6880.50708470071,7513.78898824094,7324,7324,7519.91502276176,7980.83499005964,7827.32941176471,7847.00000008199,7845.49616685384,7793.32451591107,8284.90454574073,8534.61897830877,7998.06728873422,7998.26643596206,8652.49657551457,8777.87244480069,10421.6805347827,7867.39130434783,5507.17391304348,5507.17391304348
0,6047,5695.86635508216,5718.12533130516,5907.40103774245,4395.96179188458,4067.83758813194,4068.62456892589,4361.5883591133,6942.4274917151,6109.44330659499,6112.27432507515,6042.11621331834,5728.74336296037,5646.15449787873,6013.13499334143,6063.40674786507,6382.55800818139,6415.80968139121,7045.1690533774,6969.34439350994,6831.7105805135,7369.59390356529,7324,7324,7628.20637329287,7832.01590457256,7609.16470588235,7619.00000016007,7673.08957185532,7693.99192125607,8160.87007707837,8457.72310417994,8384.89973653414,8386.95958890915,8926.68441191916,8918.13717891034,10218.6015251713,7867.39130434783,5507.17391304348,5507.17391304348
0,6047,5670.04385108148,5641.43040938087,5892.96906544016,4324.82636981889,3978.12170877004,3978.56353126702,4418.83116664499,6774.6536744836,6034.29407669603,5556.25185590339,5873.12306956362,5851.8989084915,5989.41326860414,6297.9487295063,6261.54012951496,6190.86637526901,6065.50744410245,6584.96265244252,6293.64250642598,6282.0082066022,7241.04217071072,7324,7324,7591.84218512898,8076.78727634195,7734.56470588235,7744.3999997274,7686.90371853208,7765.13319467238,8120.78288254019,8391.93918496768,7954.22579784216,7952.24012523195,8449.61552878935,8536.94129464626,10217.3984737636,7867.39130434783,5507.17391304348,5507.17391304348
0,5944.9237950279,5740.02860625442,5740.02661690534,6004.55948197073,4565.16888948723,4245.06287613214,4244.32739614927,4573.75754668028,6986.18433347778,5537.17232563961,5413.87045561251,5977.16748631845,5931.52077210582,5859.84499502424,5924.18310243117,5897.78503021637,5952.32926931197,6013.10336835733,6643.08229727345,6664.18206640416,6810.62683671477,7522.62522275088,7324,7324,7556.02427921092,7912.80318091451,7669.74117647059,7630.40000021041,7499.90565443862,7494.72023574536,7871.06791233438,7991.17512985508,7794.55396099181,7796.72925436489,8290.7074838878,8252.24449072734,10217.3913468198,7867.39130434783,5507.17391304348,5507.17391304348
0,5938,5646.87638721746,5640.52041008425,5889.25856782509,4348.13097006484,4013.78587243409,4014.61451200357,4354.87599550807,6322.55667609716,5601.9865302419,5628.90427418862,6022.92741205685,5819.50379096113,5824.65755543717,6115.8543280777,6152.55390001493,6262.63137255261,6328.70798338093,6908.95299793586,6927.34989978446,6835.99804447613,7355.58511196567,7324,7324,7531.95144157815,7958.39363817097,7726.74117647059,7687.39999996337,7573.82083899288,7558.1604762534,8063.3076510988,8234.55294853216,7779.87230426319,7779.32799388077,8478.61712918028,8305.0717472494,10217.3913045994,7867.39130434783,5507.17391304348,5507.17391304348
0,5938,5652.88713845827,5662.42502617229,5982.54493427039,4457.49630710944,4097.90083898628,4097.70992164581,4559.89512775055,6300.31516180202,5542.63778155982,5514.00486730936,5935.4622398271,5895.89989812142,5937.19450244697,6161.46577222553,6153.82527154004,6337.19805864631,6275.11365873926,6802.71088954309,6676.2345810962,6716.12782654987,7433.46048502157,7324,7324,7516,7912,7651.18823529412,7710.2000000559,7612.26400902091,7612.26728026717,7996.90760580023,8215.7519506371,8174.90135094474,8174.92187608783,8495.68532531624,8962.48729945122,10217.3913043493,7867.39130434783,5507.17391304348,5507.17391304348
0,5938,5604.12325204129,5629.55946103712,5929.41588953238,4580.71156811832,4251.18036819542,4251.15841827835,4539.25557128102,6237.95614584414,5516.26691901707,5535.27190699771,6016.979979687,5870.69324822792,5826.52975012349,6046.17242604585,6054.08887249346,6333.02398057751,6332.10716049724,6985.05502736545,6835.47467460998,6832.56792014924,7435.62809759732,7324,7324,7507.98786039454,7800.03180914513,7671.30588235294,7641.80000000868,7538.90077189676,7549.34128861056,7900.08139875834,7871.51735827382,7466.41822571108,7466.93339276086,7868.44774037916,7512.73625023946,9393.06900550477,7867.39130434783,5507.17391304348,5507.17391304348
0,5938,5560.98878726546,5541.91389623776,5780.55254442299,4371.10069557864,4057.42141916171,4058.02712445417,4179.578507314,6337.41720205125,5633.56516311366,5660.15080155137,6033.35428140563,5844.23021916634,5826.68933004975,5985.93312542055,5967.56253380757,6183.69795251735,6235.99536415297,6906.96401854038,6806.82473448306,6760.75573268655,7432.98766448183,7324,7324,7584.12139605463,7757.60636182903,7511.25882352941,7550.60000004672,7391.17585671937,7443.36574512355,7846.8534910574,8053.31283109295,7629.71896244815,7630.70182714438,8237.10715542836,8287.51064674829,9833.75557158649,7867.39130434783,5507.17391304348,5507.17391304348
0,5938,5594.92663126146,5607.64307799242,5852.34688773936,4360.2953072803,4020.59509125642,4020.34153793304,4351.8554244902,6448.35284078028,5719.08786897573,5707.95240617262,5994.53402609747,5795.24015649117,5798.54444141861,6110.14628286869,6129.66338751749,6298.90093062897,6265.97584806624,6765.13405031604,6612.15939253446,6638.74021256417,7409.58219474184,7324,7324,7615.98786039454,8032.75546719682,7655.21176470588,7596.19999984139,7437.51535743151,7374.88709661357,7760.44920598222,8025.04063847975,7743.29716858362,7742.45784825719,8425.66679528287,8298.72583219676,9622.85635734189,7408.54982360876,5185.17709339795,5185.17709339795
0,5938,5605.15582591068,5563.82394799396,5815.14327194971,4376.42641319725,4069.26257391376,4069.40498634158,4361.82221413349,6314.29597249155,5521.21745973471,5486.00471073158,5908.0913602219,5800.75147076687,5840.72223077354,6255.31193448306,6292.18837141835,6397.06336409953,6399.98852373268,6926.00042514479,6720.97974482238,6740.75184150001,7388.2995103853,7324,7324,7571.93930197268,8099.18091451292,7714.44705882353,7812.79999996091,7628.39175471973,7706.63169137142,8093.55332022328,8152.53517590034,7983.52242701626,7981.48462871091,8436.47328078639,8723.82128207772,10017.2140848939,7707.87757591671,5390.39379395039,5390.39379395039
0,5938,5690.3493261388,5706.24366876146,5988.99215594597,4413.1525718501,4059.58978821928,4058.96333743336,4192.05584460946,6326.13080094473,5647.39038901096,5711.23033975603,6132.13322433459,6030.7086875362,6146.53269812188,6316.04264987738,6297.62614842132,6274.62148288752,6265.25275578793,6873.09146581621,6791.23359363751,6829.66018664717,7374.2032837855,7324,7324,7672.18209408194,7887.24453280318,7680.69411764706,7710.2000000797,7603.19247953951,7446.68110895322,7857.64580626344,8036.22621274333,7566.22549833686,7567.59322351895,8111.35513135443,7852.39996334048,9699.91106814746,7094.96276472842,4970.08313333811,4970.08313333811
0,5938,5657.83021624501,5651.47243490083,5926.71970802508,4488.35009451927,4169.9842968095,4170.10772460205,4348.3978919176,6508.88344119338,5807.65410599111,5866.17003745133,6309.49457272725,6180.20922786573,6185.75149030225,6236.37244258056,6240.78932696895,6305.88107403945,6333.56995647696,6938.13341387545,6832.87285606921,6782.61258919902,7289.56025661418,7324,7324,7603.80576631259,8145.5745526839,7775.91764705882,7687.39999979508,7584.7066551768,7756.86398582961,8124.52486310613,8563.82784238194,8107.99438313949,8106.36752787443,8900.0434826336,8784.38025410289,10673.362563407,7867.39130434783,5507.17391304347,5507.17391304347
0,5938,5641.58703574169,5673.38102603633,5879.28319205225,4383.34622845478,4057.40346314566,4057.42956233941,4611.86486459557,6645.86661039397,5873.35219755032,5839.31636582815,6137.433154518,5995.1974037878,5921.94648905574,6255.04196058404,6234.20046875256,6277.85902913868,6253.73020072183,6831.66317190746,6801.81564796532,6843.28694594833,7437.02425876275,7324,7324,7572.04855842185,7915.21272365805,7679.12941176471,7698.80000023372,7434.36173339876,7403.08600711633,7933.42710686851,8038.77355138893,7887.46071320386,7889.47399880656,8665.28520013133,8797.79515844007,10256.2835623934,7867.39130434783,5507.17391304348,5507.17391304348
0,5938,5582.90131917759,5563.82687020143,5781.27034161837,4252.8361342267,3924.19428394158,3924.83122477463,4619.48711503293,6587.58367550699,5818.72960544008,5829.29673643235,6211.00760364632,6022.75035717777,6038.2791858343,6138.7214788208,6159.36149705746,6353.53819126721,6388.84237597779,7016.70118056454,6966.53794121239,6896.4307705705,7463.48587203177,7324,7324,7628.06069802731,7870.4254473161,7695.67058823529,7675.999999948,7448.31999169961,7448.3154868595,7849.68661150166,8439.38010786904,8000.60795423796,8000.32497970908,8825.49564739553,8668.48933959491,10311.3448931034,7867.39130434783,5507.17391304348,5507.17391304348
0,5938,5632.73584745275,5629.55507802573,5868.18630716264,4385.83999947545,4063.81809635389,4063.36998227017,4335.33914269675,6590.17262396637,5821.16900449954,5819.41713828287,6168.7849227532,6080.50043159413,6121.59525750026,6236.86151757702,6216.75430061238,6205.49025676148,6156.09667539974,6700.64395114805,6527.13079414868,6540.14171219933,7306.30012462188,7324,7324,7567.87860394537,8091.9522862823,7635.09411764706,7664.59999993867,7463.92006789769,7437.8281871239,7734.66501488118,8086.39275526047,7790.84304618713,7790.74840174731,8878.09174473648,8753.65587493041,10461.7621614686,7867.39130434783,5507.17391304348,5507.17391304348
0,6006.36296296296,5608.71930162043,5640.51351287659,5865.1715849777,4363.38462356962,4023.50749641145,4023.50302259073,4302.41005304952,6630.52419015625,5884.97799969072,5913.74074336215,6231.60167626719,6100.71787436852,6091.04920770842,6211.92510582282,6201.42387082079,6182.79142519338,6177.59987767236,6681.28519575064,6563.21238728976,6526.29617612086,7228.4773586846,7324,7324,7544.02427921092,7883.22862823061,7687.4,7687.40000012461,7461.83186455145,7514.01488999886,7860.44237660739,8101.43206801634,7911.64460591601,7911.79796351542,8768.62360784524,9079.97574194833,10218.8389709688,7867.39130434783,5507.17391304348,5507.17391304348
0,6011,5629.39774753252,5597.60357712548,5792.87302231903,4349.49763074896,4048.54516063685,4048.62354457206,4246.18699624722,6703.30305489492,5925.27553009649,5907.1121351008,6122.41547296042,6014.33289509952,5949.4035318297,6075.62416808563,6048.5741254601,6138.98670098775,6116.91130842043,6695.55459039415,6663.66222025023,6741.44651228024,7415.44375299991,7324,7324,7632.12139605463,7967.18091451292,7627.27058823529,7607.59999999631,7351.06246426698,7330.20131296082,7570.63564256171,8030.99406485194,7608.176253977,7609.05925635265,8279.89808527399,8268.41439640622,10217.3998804058,7867.39130434783,5507.17391304348,5507.17391304348
0,6011,5710.33978345733,5707.158129785,5924.59100244063,4314.5690542341,3974.05636686675,3973.64841429029,4237.88737702746,5921.6954401061,5204.54234167213,5868.20066508991,6095.43878009383,5867.98704045002,5774.12597672665,5881.20636459751,5884.2315801345,6111.9542370683,6103.43930771172,6759.74851129477,6613.61102199039,6562.43698891202,7148.01554260418,7324,7324,7607.9028831563,8092,7793.1294117647,7812.79999980555,7573.57119192794,7563.09978233983,7932.84561842532,7949.31330525962,7811.38790909526,7808.92538304626,8561.50564217617,8458.80894244946,10217.3913551529,7867.39130434783,5507.17391304348,5507.17391304348
0,6011,5702.22151775713,5718.11851280995,5950.06959559013,4442.00462474717,4110.21561666949,4110.01655194181,4386.92399568901,6204.30700181611,5469.22948895671,5689.91763913009,5941.91904263385,5717.80633122568,5676.45043215816,5918.33671603427,5878.58539642985,6060.72999096934,6106.85535117627,6718.87439801909,6618.30778079157,6627.15743013283,7267.05985793144,7324,7324,7608.04855842185,8051.98409542743,7718.47058823529,7698.80000013984,7501.20648854891,7480.35767303569,7927.53939704952,8208.88250855055,7803.14121166337,7804.49018343763,8568.78496241171,8635.71176142953,10099.8091535576,7867.39130434783,5507.17391304348,5507.17391304348
0,6011,5663.34032988494,5663.34143510071,5852.61290199197,4359.43510060518,4043.76529827032,4044.08364246319,4240.76278260924,6149.75977274894,5451.98165473136,5453.24487526408,5815.9702613793,5589.12218408815,5493.37854713686,5645.09446968658,5654.00043755474,6116.25162851348,6064.84522832043,6618.13968991658,6639.25495433812,6521.11939726268,7282.90228828368,7324,7324,7872.37632776935,8059.21272365805,7834.03529411765,7824.19999991165,7639.8639812889,7639.84440905603,8082.24444072727,8223.24340524083,8016.36534727708,8014.95371485627,8740.07302486551,8703.36942722668,9871.41653793436,7867.39130434783,5507.17391304348,5507.17391304348
0,6011,5672.87732974934,5663.33900008329,5858.07018297014,4289.14074889846,3960.46177354366,3960.55356483984,4165.4589212688,5962.14055289193,5270.81623819915,5271.27814383658,5691.74822146732,5496.65411606049,5492.3405547578,5664.70427572346,5623.22915307888,5719.62046798893,5628.07171647462,6245.14678874954,6114.897471739,6111.41977375002,7232.25269854442,7324,7324,7980,8367.21272365805,8187.21176470588,8128.1999996821,7862.15015909923,7919.47939717707,8210.99619238576,8456.91124776187,8157.41520742138,8153.22889557196,9103.21325821124,8870.11520254035,10169.1269251104,7867.39130434783,5507.17391304348,5507.17391304348
0,6011,5686.66787235973,5696.20553892958,5928.91093835355,4386.27326282527,4046.03228099561,4045.79088970954,4360.00622988725,5897.4459256468,5360.71292059299,5359.75908121321,5769.82361247248,5547.25348533406,5533.11137950242,5500.03321590433,5465.22924382119,5519.43460649001,5585.37055625484,6215.64057770706,6253.16163675358,6285.43461555743,7316.06849662996,7324,7324,7980,8475.96819085487,8131.32941176471,8151.00000000489,7829.51523221064,7819.08267611032,8063.39968640922,8292.2194773165,7788.4826765731,7788.79326870684,8771.18338684913,8944.36980672048,10370.9579599162,7867.39130434783,5507.17391304348,5507.17391304348
0,6011,5656.98091143989,5663.34046102045,5872.58667444447,4413.94306587983,4095.54018751463,4095.63266704211,4327.32477577723,5869.25664836385,5129.39338404251,5129.59885506127,5614.80522168708,5398.17771837803,5365.32970397645,5600.3296629291,5649.86214832606,5896.16156073331,5918.74618456815,6406.83012513258,6360.26524973197,6411.42210631947,7349.83573395853,7324,7324,7719.92716236726,8003.27634194846,8011.29411764768,8040.80000882996,7776.30021929284,7740.00150232125,8076.02058971379,8390.93727815421,8064.332567423,8072.17963874884,8577.61692132356,8922.37349479034,10452.0224403324,7867.39130434783,5507.17391304348,5507.17391304348
0,6011,5663.68363462723,5641.42797409692,5851.50161467906,4305.1875868859,3979.54111888783,3979.76701930828,4219.72373426046,5753.75345892622,5086.94040647001,5087.90298807354,5585.43458688552,5546.58454109989,5647.55798322104,5748.20380937634,5790.89435861953,6035.97500776815,6074.43262620519,6613.78050394789,6620.76996249963,6679.76796811216,7395.48971297249,7324,7324,7639.91502276176,8023.96819085487,7664.6,7664.60000018853,7465.73442797466,7471.00034519977,7910.31172245229,7934.6729371088,7917.62680526399,7921.04278290832,8162.63932039163,8206.71660831054,9983.79227723131,7867.39130434783,5507.17391304348,5507.17391304348
0,6011,5699.04047875884,5718.115590869,5918.69790282346,4403.59373479534,4078.83610189279,4078.38352422962,4319.13836688748,5856.22144897115,5190.56743441692,5188.89830052882,5537.44630058986,5707.37029056673,5808.64366860099,6013.95309670746,6031.98982687325,6126.59446769402,6036.19178748187,6644.07624029211,6519.97439713099,6498.1022342924,7153.8365992814,7324,7324,7539.89074355083,7936.80318091451,7629.95294117647,7698.80000008588,7460.07032025967,7491.38071236154,7866.75712166523,8083.60563198539,7634.95939343054,7635.11041106707,8283.85881524374,7878.97792565191,8839.9280304315,7867.39130434783,5507.17391304348,5507.17391304348
0,6011,5642.84626610531,5652.38592202424,5813.02351014581,4290.50551096192,3970.20891281941,3970.6228147221,4220.81442279738,5747.59728254312,5067.12685972409,5068.68812841894,5399.58418882922,5855.18542857485,5852.08829966546,5827.63437480104,5853.47762846624,6010.73116828233,6175.2445570096,6934.03979727179,6863.17701629664,6891.32741170094,7492.43933089737,7324,7324,7560.08497723824,7749.62226640159,7573.84705882353,7505.0000001676,7288.58095716882,7246.87187049669,7603.74572852934,7698.24625953505,7453.79181537898,7456.03469561732,8396.13952903826,8436.00686399364,9314.14901218298,6947.12304478293,4867.75244860684,4867.75244860684
0,6011,5660.84856004104,5619.51646117036,5829.66321239252,4251.60991876612,3925.76949648104,3925.96543798726,4207.90270602607,5692.79011494648,5077.31880449409,5078.04398039587,5432.71868158435,5281.90609098955,6107.79446814793,6527.24420602401,6589.00581812064,6526.49517753498,6548.17732359943,6990.95930084469,6801.80373110963,6867.25460047991,7466.00324654463,7324,7324,7547.93930197268,7951.16500994036,7584.8,7584.7999998938,7413.79359605404,7408.55944211306,7822.43610004965,7829.30188903891,7602.10239013796,7600.94146412982,8344.02540116712,8495.25884736482,9777.33678519728,7295.89603961466,5104.54678674331,5104.54678674331
0,4875.98751902586,5714.24789378353,5761.93666874481,5959.78461827547,4453.69159051495,4123.68754573055,4122.83219010707,4340.73606377207,5756.12783156284,5145.46885481056,5142.29467045016,5437.97493878059,5341.49458732588,5344.00214850406,5566.11089800118,5797.43293781488,6738.76695294655,6754.08184237658,7210.86187528495,7111.6843427365,7114.06288371027,7506.52982990408,7324,7324,7592.0971168437,7799.22862823062,7643.36470588235,7653.20000004825,7461.67354373997,7482.54180224401,7892.11910501922,7904.1139344523,7615.44156894741,7615.09854769809,8178.89990371188,8239.47248060881,9464.58468847872,7434.37299868737,5202.92957013219,5202.92957013219
0,4799,4513.34601886747,4491.12558223471,4664.60087413337,3450.46358938655,3193.46632083832,3201.60402852016,3400.5897060936,4774.36882576668,4239.66368043519,4266.92144653695,4533.00829788888,4498.12648970063,4611.41200117003,4931.96083418018,5005.27736399945,5289.46284032437,5331.42138198875,5995.45595046784,5901.55652267899,6564.2643484696,7499.55556035678,7324,7324,7567.91502276176,7988.77137176938,7630.4,7630.39999989505,7417.40798336631,7417.40147538482,7753.60705540779,8059.13473223438,7505.06143809848,7504.88501282531,8142.49366312348,8033.50659513808,9133.35934192015,7082.24355063422,4957.97798885375,4957.97798885375
0,4799,4555.01936667772,4567.7355935234,4726.31790836631,3521.32820084429,3265.55100982521,3265.12697307007,3446.92989032192,4830.77195880503,4239.75769827024,4238.23285319772,4460.5892433794,4417.82494038843,4339.32459405064,4445.54093682649,4452.97384477706,4637.57624025267,4686.17018711199,5154.84125228575,5227.47888321876,5193.97252952273,5833.56223368086,5900.89287707668,5914.96748605942,6110.31803556885,6484.80979039216,6424.92486412049,6430.70273767569,6364.57485057275,6500.2135081032,6838.84892456473,7074.7130056788,7315.15227315875,7504.97162500819,8102.29217813914,8414.57495139812,9814.20328339816,7323.17756993612,5130.66356078444,5130.66356078444
0,4799,4539.81328002469,4523.91694797739,4679.30885256126,3417.69253131366,3158.62778316898,3158.94178635255,3304.34600756658,4743.87879817793,4224.00786734557,4225.23990235839,4431.97643574943,4491.53805675023,4528.59198192818,4620.34298777015,4617.51126582811,4743.81754393121,4702.68802947959,5186.34541126034,5156.76413331968,5150.62138198807,5714.54519048503,5645.52463421475,5744.81270207559,5916.43139243684,6268.11677972582,5992.97916356106,6020.06475750793,5839.09015204982,5922.51505666945,6195.01207190906,6377.96591173758,5977.33739074036,6006.67215018898,6497.37544450567,6547.35328620822,7473.37192881248,6310.22701360305,4428.50212609216,4428.50212609216
0,4799,4537.36090809231,4578.69256494926,4702.56894757466,3494.73400078958,3235.36267880616,3235.03297419571,3377.80185326451,4688.37264104976,4173.29317365192,4172.06898318019,4329.63754826421,4248.85232253624,4302.32011292115,4402.2607641387,4407.39476184355,4594.46363017407,4632.55745548264,4972.39324214459,5152.86497067242,5155.68598232922,5643.87702167556,5617.97505152642,5531.43648316705,5733.84584933693,6100.82925074353,6045.61815286301,6019.22550448781,5803.15711572013,5764.79789552633,5958.63851373113,6203.55655016352,6082.18792532473,6074.3259342086,6682.90303778758,6536.28772554449,7431.85638357056,5531.77151467082,3877.54877651003,3877.54877651003
0,4799,4452.1676738521,4436.27333122188,4530.30441391284,3314.28356671265,3068.69445766721,3069.51538225806,3214.01485045745,4497.17969569782,3977.54970788495,3980.5510437864,4176.8018983024,4088.48276956661,4085.49529569222,4182.22615943935,4213.85594301982,4339.02527673717,4364.68733056295,4695.27743749183,4732.47429252937,4800.73786690101,5325.48962919117,5276.12228492563,5304.93552236509,5469.71046720572,5802.72962299703,5694.67340868938,5746.72553974569,5584.7047878989,5629.43418504267,5872.33184526577,5969.87268950244,5733.917498569,5764.97781382585,6585.75734739302,6559.52396849586,7768.3525495084,5821.56507052564,4077.18150773789,4077.18150773789
0,4799,4478.32789728575,4491.04456509917,4583.01772208152,3356.71396127957,3103.49628983589,3103.21272621925,3261.9496052157,4524.41108201979,3998.8932248413,3997.90075120377,4210.68343517262,4162.97721571117,4123.00112490187,4141.02801190697,4112.76744192653,4244.3149913912,4188.77717533517,4660.42153522115,4446.05830015981,4407.10636045134,4947.84433534317,4870.19057162272,4953.38423036876,5108.50805981997,5380.90830148712,5214.60664911078,5282.35133951678,5200.61330718508,5168.26094863541,5462.48676516013,5688.78813333095,5505.92273512661,5545.69299431869,6320.75540313431,6465.88052932957,7708.6684256137,5995.97125150826,4204.86255557438,4204.86255557438
0,4799,4463.12128004284,4447.22494801062,4561.29964832911,3323.98895458318,3069.13107106304,3069.36504385661,3256.35546085557,4511.58729325617,3988.81412496648,3989.64388609383,4224.4731623071,4148.83027214634,4218.0603997375,4331.09426298847,4332.7991549375,4602.13294575473,4573.09586048706,4976.3891878075,5001.54633453154,5048.68397576174,5529.61222948466,5383.41280784818,5343.33369862109,5487.84695158154,5788.10813683576,5543.93428793782,5502.70001922821,5374.78017492685,5378.04540079805,5652.9074755251,5716.3838807178,5514.35912168254,5462.54390643233,6005.38213381627,6089.48749486625,6902.7798402545,5625.64446173265,3939.26708502897,3939.26708502897
0,4799,4498.82222690773,4502.00056494926,4613.26673252077,3412.91425380787,3166.68671229044,3166.33406697885,3343.21004265857,4640.94577962547,4086.89592847291,4085.55599377281,4344.16335198832,4237.79360088317,4176.72951184587,4259.54781586501,4266.73563499875,4557.11447500238,4583.94524107129,5075.47422509,4800.67256239278,4789.77130955788,5204.33270099588,5080.30353246849,5134.82688955986,5231.84525859273,5556.21724445707,5486.73116827783,5436.33203316733,5280.85329311954,5297.93998599311,5590.68976141568,5756.94686909309,5522.66339657026,5544.57395913882,6007.44045036541,6059.06965038749,7006.92252194484,5186.12214872261,3631.96883630708,3631.96883630708
0,4799,4494.22670916794,4491.04748694019,4601.09640388781,3340.57839953175,3083.05249397829,3083.19378476296,3242.37178845699,4509.81098450689,4046.27283410294,4046.89650163953,4293.81485169228,4270.10821703128,4304.57373615902,4387.41207063185,4365.43090880896,4547.40598895032,4601.36085268057,5008.14012709284,4972.15544412845,4946.64307553546,5351.80444102624,5130.57886682151,5071.91186155291,5179.24214809609,5491.77343368395,5193.96140131267,5242.98990703159,5143.28586733627,5075.29825395459,5293.09068607491,5425.31143061387,5277.633642318,5278.90861246241,5748.68700061186,5746.18274144985,7015.05404460835,5262.01257845575,3690.83851539881,3690.83851539881
0,4799,4486.1055178572,4502.00251299318,4607.95359597319,3399.69490331403,3146.09535677089,3145.97680965662,3316.81294159799,4397.37764030346,3931.35431116504,3930.84533010753,4142.98985104129,4032.87775296983,4041.39232634504,4187.2724775436,4209.61844058147,4326.8845478812,4290.74965213204,4788.75279144713,4667.60628407146,4668.7881756464,5163.05478678278,4987.2672227285,5013.39450576761,5148.84092641482,5455.68406151742,5410.63002333033,5405.85731502287,5326.99556960859,5404.37485550472,5644.47162844076,5657.14466688235,5474.07672212682,5484.37375114888,6178.53775269534,5931.33195395649,7266.61483013315,5568.54425615223,3888.45627956118,3888.45627956118
0,4799,4475.8393189965,4447.22543510071,4550.59367618553,3321.62788298689,3079.58647708018,3079.904869188,3219.31099115453,4312.54341164148,3783.48175913512,3784.64957824837,4016.25780581648,3873.27327023361,3944.77427113493,4049.41648972982,4036.15530502604,4212.34180532073,4262.5215453328,4573.15772371976,4775.95712810532,4796.75423551547,5320.16152904152,5159.13610763407,5165.10799556296,5246.51668815583,5579.82673310331,5406.0611901478,5390.92657429142,5316.65701763764,5233.90144640228,5465.83835008679,5550.68122453772,5279.6643467847,5256.64374635349,5821.64417609462,6121.35829411283,7375.49439628295,5745.27633891266,4024.06073461797,4024.06073461797
0,4019.84951801116,4529.92739006313,4545.82261687202,4659.81784749393,3389.98861084472,3128.6194790119,3128.12429108093,3264.7936272285,4383.48604396758,3859.01332818925,3857.30329520878,4049.01220718335,3941.31012099955,3844.96522913317,3984.40453619824,3991.44123478776,4094.64563735989,4060.16628049472,4462.56854414652,4310.78378529941,4338.04293099098,4902.44415744446,4708.55053240432,4743.76637120862,4857.86060018286,5125.97561503691,4952.56304943888,5013.24926715329,4969.31105988917,5099.7378230126,5294.4923406334,5438.01872127581,5308.19409268548,5356.2199975983,5859.70851006759,5756.44568203987,6291.52531756411,5410.92320604759,3791.6424110175,3791.6424110175
0,3967,3725.10016527543,3731.48236446126,3855.56244873649,2841.83810852008,2622.82869238908,2628.00896114025,2828.77779226658,3996.44681011019,3530.13142456928,3547.26009450623,3782.663736022,3745.55629471011,3815.58668445212,3987.02719533879,4042.31803344348,4205.65535099217,4267.27656936267,4621.78678380543,4594.30157763686,4568.50515950809,5031.81489611984,4945.88561672177,4906.89576829906,4965.38245510205,5289.50471777796,5090.37395164041,5126.01812568664,4932.83536145548,4909.01278855555,5085.28588279399,5225.64364338452,4886.27120919281,4870.32837281211,5398.16107317625,5487.26740288186,5974.52894899575,4421.33343407062,3097.38368049947,3097.38368049947
0,3967,3709.51953291706,3709.51997580375,3824.81404834973,2855.12811145023,2648.02122594122,2648.09050659787,2783.58698995665,4040.58421926189,3616.41526411538,3616.59044619449,3815.8382498024,3788.66166618108,3824.01421277608,3830.42846622456,3817.92258651194,3847.05040272618,3846.56824430239,4070.62560254479,4127.78151829654,4154.88005103895,4559.46639582127,4519.79162816045,4484.73194582445,4561.33058719965,4655.72558979233,4643.74037583141,4618.18437981314,4539.00602714991,4572.5365008782,4828.35659561746,4956.67829559649,4964.181896875,5001.7890718084,5675.72446912504,5497.91618275408,6385.55583460093,4693.98483336855,3290.66163451173,3290.66163451173
0,3967,3715.87788648746,3709.51900003337,3811.51900007002,2803.50208023866,2596.05574265907,2596.11302841863,2740.99693911062,3819.76348772251,3391.64850919001,3391.93705496044,3561.67126452329,3489.78669842375,3445.04277913301,3529.5333018536,3524.77743057826,3602.22970176911,3596.51036907284,3936.24211014005,3770.99245459989,3781.46615082464,4343.26887754461,4227.58676458758,4247.56666452173,4358.55707644573,4572.39079417531,4360.10776292329,4357.73427823306,4388.61815269101,4327.11606891577,4526.0278516417,4750.00867615215,4474.91738120554,4498.80553003608,5323.63833443438,5393.81501435711,6277.09452960073,4938.63357651014,3461.49243329716,3461.49243329716
0,3967,3721.89213833853,3731.43002595305,3830.08756822171,2811.42221832345,2597.73881675573,2597.63893511457,2732.66952688919,3788.76568960385,3378.63684140115,3378.30790202378,3567.24030878123,3574.84263780043,3591.64409925404,3697.60157448324,3691.96803674503,3778.13380141793,3781.01481730698,4056.58750483003,4060.02648283992,4058.32587825621,4566.83050194305,4663.0549551023,4603.66695327725,4753.62392594702,4953.49415816447,4736.40630575494,4730.43614704018,4693.6897888702,4762.20987110131,4924.65242234014,5110.40809160433,4899.63023356779,4872.21912093193,5436.20033183859,5559.63676800159,6292.73986568708,4883.02294430166,3409.46087904225,3409.46087904225
0,3967,3708.10212762208,3698.56446103711,3807.93164222159,2795.91237838044,2584.85181689458,2585.01306577382,2746.92877187764,3778.02050753929,3280.95327822515,3281.50433088605,3464.98872152867,3477.92096308822,3420.59200255299,3558.03575434923,3560.22651624595,3666.98848463118,3657.00534801086,4012.45982047829,3870.05795188717,3898.14604205624,4351.50966225627,4448.31593107603,4518.49747310721,4671.58880946772,4979.65612461391,4849.37315303624,4858.06234154401,4720.17908809371,4739.20309837018,4938.31086064155,5077.13962196119,4940.99912195122,4948.91036073445,5441.70589122101,5411.47362788767,6548.18316369411,4727.92678846709,3306.96990194984,3306.96990194984
0,3967,3721.89187238701,3731.42953897955,3834.72095996353,2838.99570214425,2628.83362820709,2628.638082137,2761.73139840754,3883.45335435494,3491.68349101171,3490.95979491012,3679.09056422135,3694.53271325328,3768.04162955795,3884.59953146846,3869.04056938529,3973.97803169991,3959.918976426,4296.32385704245,4176.52443669336,4124.50873347333,4527.13376733981,4493.32383001947,4453.89464622408,4539.08657286141,4805.03345633865,4681.29240229968,4612.6257040862,4494.4437712117,4438.27214818944,4663.77378208828,4743.99633303351,4582.76403155993,4587.70886588802,5143.10741619883,5168.5027531807,6346.25700254012,5014.38948436941,3520.69332624922,3520.69332624922
0,3967,3714.46101408222,3698.56446102045,3791.90744863869,2777.12592657636,2574.49549092516,2574.70246312557,2656.10166700423,3729.99974115659,3268.24495034072,3269.02610595034,3400.03758991414,3368.83986186345,3379.30506793634,3566.61331119918,3577.6102609751,3750.00368928835,3746.92513942735,4211.93203563802,4090.83105562278,4124.3086484451,4554.89157528376,4555.7212735264,4605.50295492214,4688.06019345248,4974.58649857471,4907.73974023419,4924.30524470959,4866.89401295456,4854.45626183061,5089.34983098475,5286.26586866324,4969.32416656952,4944.61248493641,5362.49833058932,5408.62063103426,6482.54717142875,4979.79609995235,3476.96643629425,3476.96643629425
0,3967,3746.98278366402,3753.3405649326,3842.65511958329,2799.00776853499,2589.02497584115,2588.76388086649,2680.48438597848,3743.61870804689,3308.74224385145,3307.8626904961,3423.49301935782,3362.18878833524,3335.13881066047,3462.14915473251,3489.70420763644,3706.40449588484,3680.91682837157,4050.19572589796,4102.23810438418,4099.6729337033,4636.67664879051,4407.23941838665,4461.26522306446,4569.4461389513,4812.65742538037,4621.65736936017,4677.54319300203,4657.55170040871,4658.84360915326,4926.30331591932,5100.28937204551,4929.84342716172,4932.05852777332,5204.03608943533,5327.50691808998,6046.85240855139,4959.6290306255,3478.53772756823,3478.53772756823
0,3967,3718.71375897366,3731.43197396366,3825.45722730343,2785.44818220776,2566.74942480644,2566.87204869929,2687.79491437983,3729.83392048055,3312.2763667721,3312.7195307605,3446.95023072451,3423.79252749941,3437.77238542545,3505.60019391084,3469.92296162473,3666.98223878253,3742.56991042942,4233.73549288234,4048.26253318682,4058.27778105908,4671.68322371698,4505.47438114349,4441.05500657296,4577.64628345238,4844.99920951702,4732.95318481231,4711.57220093347,4672.42590776461,4691.52985551002,4892.22007511636,5205.74126537541,4989.14845522552,4991.92151944365,5579.07934263123,5171.66742591994,6570.82387041637,4416.99467252019,3089.91537389764,3089.91537389764
0,3967,3690.78750716804,3687.60894812721,3786.26967007755,2801.6259819518,2594.34584205202,2594.51141868222,2705.70203553335,3739.62644206154,3320.98950769005,3321.47548684039,3436.94478522789,3417.23387964698,3399.95015200283,3570.71370508952,3587.87939303965,3652.67288391139,3610.92012088059,3965.58413310039,4040.66504195771,4025.193222784,4493.3904586375,4567.15690299654,4607.83178996965,4695.76869555759,4960.53924485338,4860.47585175384,4889.00592253886,4812.25474243484,4820.95846309233,5005.51327250548,5155.01205822295,5012.25245420215,5010.34220141803,5487.22944563732,5873.46240119984,6907.10128931313,5802.05626644579,4054.39087586645,4054.39087586645
0,3967,3689.02440435373,3698.56251304316,3774.51359607801,2789.71951314432,2584.68905033324,2584.65066117468,2722.44559654912,3638.35329591945,3260.62462823225,3260.51839096563,3416.04822147483,3316.05118962003,3363.8104769249,3467.65898664623,3479.2778959795,3623.76506583889,3644.84008707722,4054.74008033991,3958.67220070074,3975.24433975799,4446.86802274627,4267.4161156147,4281.31368510984,4400.81809892445,4618.18437996161,4385.67965680003,4407.96307775764,4392.11431726439,4366.35293385164,4495.49870453497,4698.7662758484,4575.86430386765,4594.16761604354,4956.13744518977,4874.27413135855,6264.45467969394,4448.41557944978,3128.80078700272,3128.80078700272
0,3497.82404870624,3700.66967350812,3665.69646105377,3769.13622290187,2727.1400876629,2519.84660972392,2520.06513380122,2639.3501626859,3537.04810933125,3127.31191634963,3128.15082653136,3308.69124211023,3286.29747549388,3261.32782037732,3332.2465807931,3347.20722232255,3472.85834731774,3471.6983243028,3790.7106170834,3829.16281811011,3853.09911857911,4195.67001213602,4231.17827208162,4216.06018652346,4341.04312877206,4611.13370940145,4532.37852673545,4480.37938445266,4453.14284934896,4509.66510511266,4713.52783325594,4653.65514364211,4545.347523265,4548.34494322666,5115.80476102224,4983.78203517048,6433.72698800509,5031.56773957056,3518.1479821271,3518.1479821271
0,3466,3306.55506258946,3328.82210634511,3446.79994984795,2554.38256040253,2361.90431839352,2364.17528865584,2529.24270922965,3391.99296988295,2988.90208294341,2996.16474886837,3188.42095861376,3139.27208025675,3157.69907295989,3231.79827413633,3225.79552235221,3364.39044908432,3380.2468882849,3655.7590748564,3611.00030983743,3601.43319223408,3973.59307722811,3852.35728106413,3837.07481994562,3950.38515503995,4306.35981224832,4134.04329349368,4121.67450707325,4096.96142371915,4091.52345265036,4342.25692554028,4513.27279616667,4265.54946405215,4298.57661388034,4944.71873391351,5048.77139697096,6349.42577296039,5002.06359274595,3511.68820581201,3511.68820581201
0,3466,3239.39008936346,3252.10940998882,3317.35774412886,2466.81674714027,2291.71326622008,2292.13329360382,2376.93465413174,3368.15121188553,3008.07812159145,3009.58341120304,3194.09622332753,3220.04491779148,3244.76971530193,3340.55978913039,3351.46986454316,3392.65022533367,3450.12960867294,3834.42539166346,3660.12125327909,3649.73065256287,4039.29958605033,4006.77802374129,3988.47786106943,4128.56182264606,4230.18074529148,4343.85577908281,4356.04881560345,4264.6984117091,4319.02070418988,4472.02716098614,4639.9801373098,4546.8324571533,4543.23641693934,4888.7261042443,5074.96362209864,5867.83506119602,4838.34090718971,3379.89137591839,3379.89137591839
0,3466,3214.64195044816,3208.28394821053,3271.01725089762,2359.00398290361,2173.73376230459,2174.05979701442,2299.89506119783,3130.32615975843,2753.26388144581,2754.5571220806,2896.91243659124,2866.33582692836,2856.66922276633,2973.19986446432,2964.28864831264,2991.31338023125,2937.87895337037,3245.15426794304,3342.01489285088,3383.68934403343,3973.10846875537,3844.8708648671,3856.41742577578,3981.831616558,4238.18593492835,4056.14532859279,4150.16633900547,4084.17807521564,4077.2172369215,4268.99690107456,4296.56534367306,4137.60812495261,4141.98144611165,4551.76488225229,4376.55347372986,5117.25050857893,3890.63954260502,2724.23838153161,2724.23838153161
0,3466,3220.65513837492,3230.19302601969,3290.80218126355,2435.33504747257,2258.25406906464,2258.06279867211,2366.12760675543,3227.69294463144,2911.96639433697,2911.17772651589,3078.9830279251,3131.20961054455,3078.11198572253,3222.81893671386,3206.11991176805,3323.0030070484,3320.36498773474,3585.51146658981,3496.22021896216,3482.42660661809,3993.93722315359,3992.60516233713,4081.07663770455,4180.33330853925,4299.72360328471,4200.0019447294,4114.69495192657,4023.30480075703,4028.54841993593,4276.79981770882,4210.32358719241,4133.35459462508,4130.63454466773,4623.86275236226,4673.70895634352,5488.22828016613,4177.92649336671,2925.55374337889,2925.55374337889
0,3466,3216.40345732594,3197.32746103711,3262.71883577038,2361.62077145031,2183.14591514147,2183.37578887422,2275.57685576037,3061.04218798665,2676.95729403536,2677.85356423829,2819.71760936038,2858.41539840049,2947.3903774758,3119.44257470842,3167.70238244011,3319.91112520341,3312.63492091116,3523.84817432459,3530.05177002447,3537.57949040162,3978.68222139593,3924.15761230295,3838.779346576,3949.86526435624,4142.74718002609,4089.74475360203,4055.01803091061,3968.6822836998,3928.02813995722,4164.18684857343,4238.0224374501,3992.31554026439,3999.40036508814,4431.70444320865,4501.06584240301,5383.28158049652,4138.33234863142,2903.95205480909,2903.95205480909
0,3466,3263.06040415445,3263.05907790913,3350.39729616687,2445.72233180793,2260.80873298249,2260.42901453587,2375.04628146168,3168.73006665355,2800.21194268354,2798.82248937827,2937.39749781759,2862.79342957367,2849.88604399153,2894.76529279373,2853.1667657092,3003.33399165142,3031.20692126775,3259.50323141763,3192.51030789552,3185.56567678527,3737.69831660411,3562.07556344182,3643.89476456446,3730.04731036184,3934.07313519197,3911.31781208999,3938.8777589527,3905.36772955812,3976.49461987476,4176.53963151216,4336.56888796409,4162.27606004886,4176.84765425063,4616.59250344506,4555.70651465178,5578.82471298289,4178.48047269767,2922.28632605927,2922.28632605927
0,3466,3256.70311347618,3263.06199990006,3366.42759118909,2464.76653045531,2271.49237118797,2271.4806632351,2406.38237063906,3240.19294407973,2834.69375489029,2834.63475881777,2986.60731153956,2961.74569376684,2949.22859409285,3115.77625516929,3122.43775334468,3193.93757564148,3191.21315441451,3538.57733376768,3401.55093115725,3387.18061410012,3894.39296318089,3831.78239855686,3791.96229131502,3857.41179074204,3989.93482065727,3872.76848726811,3935.07973631693,3865.12649727741,3800.17538686343,3983.01961915312,4081.56188752127,3902.77697027798,3895.35345665072,4556.30680586804,4399.69562884747,5514.90261148322,4232.24084574688,2965.43777496211,2965.43777496211
0,3466,3231.61220225376,3241.15097404695,3355.15203392855,2503.23853306803,2311.30122911113,2311.35535171671,2484.17496529286,3293.08654315903,2955.58036632439,2955.67902068878,3108.93513447026,3050.42225029739,3049.27569128697,3149.66904780635,3177.86046043256,3259.43214060618,3235.166611333,3640.49794500799,3543.57879668398,3558.23380441913,4079.32944469626,3902.7160407836,3928.9396046365,4001.81623609592,4152.91408417725,4091.96025429765,4022.39977886369,3967.81989191786,4006.38555820573,4309.08135864413,4292.71850522611,4172.14215043238,4154.56743590478,4991.75646540463,4880.99826723668,6115.33557312986,4588.84118242166,3208.83474912397,3208.83474912397
0,3466,3211.46224118923,3208.28346110374,3288.87107246818,2479.14251301604,2308.66602531143,2308.81594293229,2419.33137967523,3269.32135275939,2875.62899964973,2876.12297733294,3041.09157152674,3058.7797131573,3024.71878280166,3060.16066507641,3029.94230435516,3147.79327180173,3171.61477576853,3521.20484840933,3510.11600551874,3506.50063271147,3928.93486723212,3879.82374420239,3894.66264174614,3995.46881277184,4107.72266688061,3976.32721913717,4071.04144537332,3946.64918102682,3980.36499278304,4216.25356739931,4355.34926144313,4223.82834272105,4220.66044293758,4958.58185150044,5126.99070595188,6347.01260475253,4935.82713393074,3454.74979537518,3454.74979537518
0,3466,3241.49383669081,3219.2375130265,3309.99235948469,2390.4767423616,2205.59355874586,2205.65817321203,2301.69915906447,3075.90100142089,2763.73537103331,2764.14703833184,2887.94609011504,2894.05063583962,2958.43150877474,3105.88209219944,3119.86600038466,3171.75596155517,3205.41454561214,3552.47431400762,3497.02972277806,3513.19780239173,3880.06786446063,3765.10599429331,3712.97924597347,3785.63791788737,3991.18412753239,3839.45861659508,3781.053155522,3659.50709983727,3621.61398375352,3781.07693326583,3776.39206416035,3655.03133946128,3673.16090921505,4182.88023595725,4385.78763523329,5324.14084712425,4358.65705796707,3060.93643614189,3060.93643614189
0,3466,3295.92813813925,3295.92659081903,3422.60567691253,2517.50111886472,2325.78148490041,2325.30590045469,2425.98576673415,3072.22466418459,2744.24349503306,2742.45904271829,2829.74453412756,2752.37050051055,2760.91909422181,2865.59836310349,2857.63920007157,2879.2054192137,2849.24827508397,3109.28950688066,3145.7253672837,3147.06260722992,3436.8628224233,3515.87570552365,3511.98779524721,3573.32940613784,3737.58641961073,3670.39765817004,3732.85793229426,3642.88189596662,3714.98154109088,3900.81670405667,4020.28185680956,3788.95041633238,3806.31174373894,4401.59072493189,4169.72803428497,4956.77050278601,3830.21193324033,2677.72662660583,2677.72662660583
0,2889.12897006595,3276.85334052861,3295.9299998834,3394.51602126176,2531.15202666753,2346.92048333504,2346.89726588636,2438.94351327452,3013.97970284399,2693.88684126272,2693.77021188811,2788.10913088769,2681.52644097084,2686.5178872593,2795.70737308032,2816.27313502042,2897.45576394155,2909.61135896135,3162.70756009121,3128.36759899008,3154.8229745382,3410.72060104386,3425.56824405994,3429.67648814264,3501.20155895202,3648.03066414318,3501.31104520677,3482.0985153776,3381.210501245,3336.29710021475,3469.26845404122,3598.4972098533,3516.64309498833,3521.06297573942,4224.914408263,4340.12337005013,5143.6041129262,3954.94062193338,2777.45943163192,2777.45943163192
0,2850,2655.08960744209,2667.82514878529,2716.47796243982,2012.18116749334,1866.36741645054,1870.43232387457,1977.80160284042,2517.95032691455,2250.22904281737,2263.86599664409,2428.04526025647,2308.33598890629,2404.13513272417,2552.43488473338,2563.24265679598,2677.21738915987,2699.28813797802,2979.71216914856,2905.03268103229,2925.77402303386,3239.44043124846,3148.4272333671,3226.41187421788,3325.2478159265,3546.88909959588,3421.70400201444,3420.6883696726,3326.16573382473,3397.3410926524,3580.1854264727,3590.28105521978,3498.71442852103,3515.26242193621,3965.29842674412,4161.21968322557,5059.59082120133,3830.80204574228,2680.91983589185,2680.91983589185
0,2850,2636.68083758497,2623.96394943289,2663.99026420248,1930.24838523033,1786.9428240011,1787.22567418137,1855.64087049133,2423.50900048455,2143.10418236544,2144.18011309258,2289.16989995489,2192.48514239779,2192.55188851332,2339.06624944565,2352.18699582561,2462.58895763897,2451.31261048073,2610.31558345235,2675.48794097907,2668.01132884713,3026.21139904804,2909.80935423918,2899.46086895784,2981.9774678325,3253.22406805021,3170.01978515145,3195.00471702219,3087.30868770681,3091.70536084561,3226.39023074891,3456.21340407819,3265.6930786001,3285.38095840227,3668.59204550115,3642.38192070636,4315.17116633359,3559.91658157025,2497.42161891104,2497.42161891104
0,2850,2683.68215229428,2667.78405197278,2749.195910776,1976.62234721986,1821.31291819094,1821.07893907912,1960.45140623383,2392.57697581315,2129.26737797328,2128.43768695928,2281.19177031435,2110.64543041889,2095.11293908808,2192.50861904995,2201.65917570611,2337.05733388164,2349.14905537275,2560.20808521836,2498.18661120659,2507.36152705144,2846.13004614645,2814.02878455642,2822.08023369628,2858.36972663161,3091.76840082802,3026.58287084712,3076.01036361969,3041.14576677427,3006.33697250964,3203.57756635653,3269.07896034792,3154.3945082789,3162.15220618204,3538.38071038294,3591.14253669,4377.13062602424,3191.41364827917,2235.16077287757,2235.16077287757
0,2850,2732.10299977343,2722.563564816,2820.53672148976,2077.06900884888,1929.62510243582,1929.26068484866,1990.6147626103,2533.7751205816,2253.7211764765,2252.32187778369,2408.72107601763,2353.77452075685,2345.73504245391,2391.52875508294,2376.39013193598,2467.51397147142,2454.2643857687,2647.78751911208,2620.36734242681,2614.22871611935,2888.72012741419,2881.41381985931,2830.40100511486,2888.22433957116,2994.53405237938,2922.69868109767,2883.45477347184,2873.38646583748,2895.14152042293,3113.51129379128,3299.49407362281,3211.1575100063,3213.71839763215,3407.61315374211,3556.05925977906,4161.64552014983,3422.46640150007,2399.65187694829,2399.65187694829
0,2850,2723.63876967191,2755.43253884629,2818.69976613734,2058.57959812262,1901.3552730733,1901.23949269528,1972.98798214583,2364.51897645375,2104.79155935514,2104.4697317983,2197.18563663688,2084.78608246366,2079.02171850524,2170.84204042815,2190.03512363114,2311.42962275904,2335.08991257346,2473.58315193323,2539.76676430354,2547.47009726593,2722.5556027991,2833.53268709247,2888.03398422224,2948.82881608431,3173.46997366391,3081.19657904247,3100.24777018704,3061.11696214309,3054.47000299503,3363.4465606449,3240.67939732155,3226.58942939635,3218.14862259641,3392.47240334949,3286.24363921852,3702.55266141748,2910.88891713304,2032.86200551683,2032.86200551683
0,2850,2658.59443269925,2645.87887018477,2711.27395448654,1960.92711326532,1809.77873031858,1810.36979465635,1893.69854301665,2291.65306127399,2027.26770850119,2029.37310738972,2142.6726696724,2061.37287284901,2082.82507580824,2132.2808640063,2135.17941194266,2228.13576045179,2228.26967063406,2356.15683656641,2362.45861773723,2377.56579813632,2530.29196190192,2476.56650174305,2455.89878796744,2527.85843496953,2524.80409051695,2583.03600966787,2576.06368597001,2559.67093153854,2602.69170337079,3072.20041602857,3003.38244702818,2885.5204339888,2918.89171402862,3158.96212917895,3267.11186628793,3979.33635460401,2851.84946531371,2009.59415252884,2009.59415252884
0,2850,2689.69693617574,2689.69605207268,2773.69393248971,2038.36061102985,1885.42355028517,1885.14400386702,1973.94323004424,2361.90537477193,2087.21243665712,2086.15350476479,2185.41205245002,2093.62901998636,2064.00801266726,2082.45292886177,2093.83001450859,2163.4669268404,2177.88180665199,2450.08666176377,2255.13959556401,2270.7456220392,2555.14529118449,2399.90001512352,2443.59567726126,2535.41853613413,2627.27014800722,2535.00295565256,2531.00752694356,2494.32504710801,2497.26418082593,3012.68458160145,3030.83618068489,2910.1578364897,2914.21702004732,3398.78547320234,3087.40970758041,3904.91986214781,3006.20455248413,2103.83827715681,2103.83827715681
0,2850,2696.05688643285,2689.69799993338,2777.03939771034,2037.01835986508,1885.64432935245,1885.64413936786,1940.85639198857,2351.80762177438,2093.79761966226,2093.79661722981,2170.00287557797,2130.08705346025,2136.02120614985,2134.4280778382,2108.12743670341,2151.85854945044,2143.92526529544,2398.48810675599,2376.01544280524,2338.34016597762,2620.12570914135,2556.1194812928,2553.75667321283,2619.43705377183,2807.46335806253,2650.51523081804,2658.90159503429,2616.88699389021,2612.82323113201,3032.14353846844,3188.86293446845,3025.13928306847,3013.53179447633,3367.53121608152,3693.50750835376,4145.93147482143,3433.12798523226,2399.4563397833,2399.4563397833
0,2850,2708.43002480777,2711.60902595305,2794.92517037218,2050.13229306975,1897.75047594865,1897.63911356564,1970.41986054188,2282.31886222089,2032.10211583101,2031.7156870017,2098.80599985526,1982.43510906496,1998.85080197043,2086.84138898279,2092.41627063231,2138.53897199079,2159.80956603913,2414.18063277064,2424.22784871593,2469.27891686893,2664.28051342929,2678.01786566912,2653.44838458882,2702.15072366309,2889.71148982673,2875.31447286859,2826.01088842957,2740.96113039658,2758.06052971387,2974.61093628279,3151.73282460554,3035.87482070339,3020.46801374792,3133.94206559206,3107.69686156027,3709.12388404121,2672.77415445095,1869.33189162496,1869.33189162496
0,2850,2684.75704978752,2700.65448699016,2781.99641474444,2037.42055930079,1876.21529388082,1876.28806673733,1964.27179204639,2265.18501384079,2002.61045214972,2002.88967612359,2090.23755314287,2003.37383516586,2010.90563951106,2081.14956185911,2084.94711699106,2120.28352979548,2092.29557150303,2229.55829581702,2267.11595537949,2261.70377259188,2409.78556987799,2363.02841924441,2402.73906568313,2470.15171946781,2527.40105131165,2561.47334044087,2601.95921192876,2528.63125639165,2520.64806126553,2778.0916579499,2739.81868677235,2664.3586974083,2692.69592071018,2923.4651698437,2905.61050962627,3650.14898805855,2802.99150525779,1967.94113945201,1967.94113945201
0,2850,2658.59310284161,2645.87643513403,2719.85489130839,2024.17091655266,1882.22742497475,1882.46581697472,1932.8525561923,2281.98241617445,2017.81893889112,2018.58435828772,2074.59615490202,1981.85019144588,1972.08434899083,2028.04206943236,2033.22898723624,2111.84005487471,2128.84916210296,2402.30282329839,2196.73753981099,2192.45481886621,2350.80410981655,2307.75167912366,2239.53130026964,2326.60917833752,2435.41518387874,2335.4347795687,2378.70464399207,2330.29451711553,2347.65709478687,2622.65076250458,2730.07286647174,2619.38776459439,2628.68782023038,2890.72492133292,2908.77521037813,3764.57359939088,2823.82564183713,1982.08463637407,1982.08463637407
0,2127.03825469304,2676.97916319179,2689.69605198939,2742.32834091861,2004.72958100329,1854.33787516513,1854.17255472884,1901.04277431834,2195.49433439327,1955.25865819625,1954.77413737273,2007.30917781378,1906.56701331649,1917.99645910371,1958.30586652818,1962.82913897012,2024.63602298769,2018.1288633957,2193.76770354277,2296.70473357902,2278.92134765493,2485.08036281347,2456.72578834172,2500.46991577518,2579.32503400465,2708.42836406202,2618.04014519911,2601.0583582294,2496.17114400132,2518.38032584539,2672.74557404473,2765.46558109055,2716.24507418922,2695.06746675683,2926.99571784489,2896.6196622241,3899.352658231,2893.52579189543,2018.30454344592,2018.30454344592
0,2078,1937.88441551429,1941.0853489518,1983.13687032005,1453.14356288073,1343.81578523544,1348.63651961256,1434.34037060183,1734.07248828226,1544.19005059206,1560.20964329962,1680.45972296358,1629.66682910856,1661.17280341977,1802.63389338201,1814.64236456655,1935.95513907866,1962.74831553883,2101.77482579042,2184.62928144273,2208.18700984049,2481.89869013372,2381.03859454883,2394.05633086999,2492.71963708065,2590.48501438835,2509.9050068725,2522.44151648138,2384.92775747413,2404.7302028286,2532.90909052341,2592.25805243317,2394.36548210733,2401.65368538129,2683.49871673792,2692.98869313723,3671.1580514411,2912.52863600258,2041.59302039987,2041.59302039987
0,2078,1933.26171009786,1930.08248864293,1988.79000959336,1453.64552651215,1339.02425476507,1339.07765459774,1439.04933755755,1733.51593239471,1547.35541575732,1547.53752246516,1669.26794556151,1638.31909853423,1656.90452859645,1759.62835964258,1778.1197528819,1818.73424462177,1843.95758831317,2035.68710740051,1968.49792829028,1973.39524967787,2234.52201347622,2188.6078766734,2209.84308322204,2351.43353435611,2485.62504294784,2346.68806824103,2371.16905129468,2254.1190772229,2251.79817532938,2422.19860028311,2579.21909269698,2485.7132794931,2508.47088936265,2693.454788396,2800.88548920186,3474.67234029424,2874.96718418907,2013.43684862193,2013.43684862193
0,2078,1950.57606373417,1941.03751299324,2003.01278952177,1495.52212566097,1391.74975874725,1391.642605889,1443.8802221646,1748.98508718966,1560.60987772357,1560.15782710889,1646.03801266173,1586.26166277255,1606.99525047589,1635.35139597747,1640.67015213882,1648.56028448547,1628.77749103363,1743.71893656916,1842.5120255096,1827.25317494158,2163.55673334739,2033.82091224366,2010.1188836537,2237.8787183853,2280.67694224457,2250.32067077836,2272.84012425397,2178.41410353522,2216.67118055716,2351.09642717894,2551.77759273255,2492.86056301011,2501.2899889313,2655.51996891159,2613.23653189278,3045.77297843735,2461.31761539652,1723.57272173882,1723.57272173882
0,2078,1961.18742911601,1973.90453891292,2014.53735767433,1473.83935555579,1363.27535409019,1363.15975044025,1390.18139765248,1627.18879466881,1452.99218617969,1452.67109319583,1496.2977263375,1459.7318077791,1424.07779878313,1460.7037789815,1447.76546939032,1513.51569422108,1523.78370003988,1603.40152113228,1707.12759360519,1742.60559094123,2057.60595838359,2104.75812603231,2115.03958754463,2216.72767325385,2468.73097576833,2393.86475482389,2383.97806611612,2272.10730634808,2262.2850763768,2389.52337483988,2436.30771759271,2397.10989885442,2388.28134432146,2500.01982639224,2562.14219435653,2844.05695818857,2249.39821230978,1570.09393953189,1570.09393953189
0,2078,1930.08306388794,1930.08394804392,1963.42746560303,1426.75373379507,1318.39797653018,1318.64350762666,1362.67144694876,1546.47943862988,1367.69458338562,1368.58267088545,1410.1399730839,1348.01320195084,1388.09267309684,1480.0597537092,1486.03509889325,1536.28772682812,1544.02920881703,1799.69106761209,1640.55181498869,1635.31412537759,1831.16758320587,1907.69141131589,1918.19256061646,1961.51218317849,1989.93111718088,1953.86051809199,1939.40830289946,1887.83288735527,1862.62781022817,1991.36437566723,2109.24057503235,2011.1297559973,2036.06645265568,2228.44562943085,2190.59394545268,2618.42543562084,1933.59608848632,1365.77255806012,1365.77255806012
0,2078,1923.72311356715,1930.08200006663,1956.05780659067,1434.79253453436,1328.58320598422,1328.57192918952,1356.68627507262,1576.29126664004,1393.40659002379,1393.34983975706,1437.32776326783,1363.9747151293,1369.3824725298,1427.89081055964,1442.73105923382,1471.52612989183,1477.42251557244,1581.90350834555,1746.8383126485,1775.72348281195,1883.56257635965,1875.00499188566,1906.56948626719,1960.46568838643,2052.62705900071,1947.048296464,1980.97934357681,1938.78959041997,1961.91157383759,2051.23362079303,2106.41493567524,2094.34060241663,2079.3141113393,2157.95831333699,2289.49235681229,2845.37268727727,2108.20478658461,1476.02142855643,1476.02142855643
0,2078,1911.34997519223,1908.17097404695,1932.85482962795,1402.26632437204,1295.72285901235,1295.85710765024,1354.72652089014,1525.66356264956,1349.02548510544,1349.52727096444,1406.27765383268,1317.41571664048,1290.2986847075,1311.64446938141,1308.74521309115,1328.74622010828,1339.11024275309,1431.08017999677,1403.90346605169,1390.388692474,1497.66748242678,1419.66511684861,1425.18785732395,1471.24007641364,1601.55166292615,1506.24180261176,1516.04203492678,1474.28854488466,1519.8736749932,1629.13405283659,1741.5609796794,1613.34196398877,1657.83083145079,1742.24751777876,1759.16683283387,2243.57380335879,1874.29157067394,1322.53606609987,1322.53606609987
0,2078,1915.94629080477,1919.12551300984,1965.83197235233,1433.15814913016,1317.2413960131,1317.16863677537,1403.00288795076,1582.05590284935,1398.35052127211,1398.07121209394,1482.93085858383,1432.86493266062,1449.09235432409,1473.91960820892,1469.33994664093,1440.87420489148,1451.66589261265,1506.2344517422,1516.5664815173,1526.07059770563,1600.80883913327,1525.37047439557,1526.74196507599,1561.65095838491,1610.93030702948,1607.62025875876,1577.03172347347,1490.2843890209,1474.72767752758,1556.19659886684,1669.24831442231,1671.81027561556,1667.61327625342,1805.493902919,1739.43249593475,2262.75403142479,1643.08310955439,1149.98332203331,1149.98332203331
0,2078,1908.17026596971,1908.17048700682,1954.80542553145,1473.22560397813,1368.34266130559,1368.33533726924,1433.48165165489,1649.87009963864,1458.42433977113,1458.30082055834,1524.64965124623,1481.02978592215,1449.11615891353,1478.09722874341,1477.75721726857,1423.82066405557,1412.61227613598,1513.61099339371,1422.51940895299,1400.1947472742,1592.74643962331,1378.51739925834,1379.54513445723,1397.20133305109,1490.80386423896,1462.22213763269,1456.11670965414,1425.38811830131,1407.99529637232,1477.67462202067,1544.32236343116,1512.26020659347,1526.49149316668,1596.13829929012,1749.45380803137,2393.33387597483,1797.12791449736,1260.11486099346,1260.11486099346
0,2078,1911.34944324371,1908.17000001666,1937.48720433612,1429.84016847205,1326.81854111962,1326.86432882745,1352.10515726983,1568.9912046015,1401.93013681869,1402.16042817329,1441.47825241898,1421.78535711777,1447.76410119629,1469.55166661366,1482.59624375596,1459.65201511975,1459.56791979719,1635.60040518674,1577.23435236572,1584.99468990767,1698.73679370587,1714.99637424298,1704.20777115676,1750.8084658573,1772.45016075457,1726.62855079146,1712.41795609567,1659.08877853932,1667.25163617675,1719.46813509284,1727.52881591225,1660.18174115958,1633.11383834336,1654.14968249082,1529.01190867071,2149.08002244947,1677.4024531331,1167.31135964306,1167.31135964306
0,2078,1919.12573402119,1919.12551297653,1956.49057443357,1418.91997144557,1306.8850687079,1306.85803116792,1349.69036051239,1470.80104697825,1314.94300276613,1314.89390960542,1332.16275364254,1264.02706737754,1276.58566914916,1284.76742401547,1271.29439880889,1261.15782245705,1273.63371781793,1424.31023262897,1458.6596764584,1482.62953209632,1603.35684501387,1510.95785793743,1511.4999995924,1578.32979814082,1685.47987811707,1626.29846876881,1668.83896451552,1598.45148358036,1628.08767849906,1671.34939134335,1655.03107090374,1643.70132427761,1647.2787378438,1741.85283131346,1764.32729227108,2051.23878332707,1828.58537299396,1281.95198846735,1281.95198846735
0,1294.16712328766,1912.76711352167,1919.12599998334,1960.44320426603,1457.77666474292,1348.43418002545,1348.38837187013,1416.2385467041,1479.09158511599,1334.40188923985,1334.17157106934,1378.85423341915,1293.48157549005,1279.4747019347,1313.23083781308,1329.30656893078,1282.24383248269,1287.0858362692,1363.84519469753,1379.7212045204,1388.42531924633,1482.49161910325,1457.34931853604,1462.026005262,1501.49808174106,1581.82767173251,1525.66704553613,1533.96754465189,1437.41699053224,1442.72171541732,1460.44815017803,1477.09659133833,1373.01504582561,1385.26031058668,1515.11429496069,1512.29121370192,1748.13458664672,1306.36136615129,917.446220047368,917.446220047368
