0,88.9231921468982,0,0,243.788058017331,51.683076814202,0,0,70.0164149668301,67.5979866815645,0,0,46.8165610418004,0,27.121634049268,0,33.7415882446896,0,0,35.2065738091749,0,0,48.8575541150433,0,0,0,40.4632099150937,0,62.4030811725375,0,0,30.4607695291343,28.3016684688989,0,89.3714718642849,0,57.062853917762,159.027581451588,171.86608459737,0,0
0,108.573537755366,0,0,344.090491781116,66.2490451248533,0,0,108.44146444266,113.134115168013,0,0,76.0647161513404,0,39.7150406683033,0,43.0733825107535,0,0,37.8185991184855,0,0,48.4371263012894,0,0,0,40.3428215851893,0,63.9708002319214,0,0,31.0363521864499,31.1486640282382,0,101.478878174801,0,82.3286666147029,293.157851385648,293.945308676801,0,0
0,109.751979383292,0,0,354.929669605069,68.9032094116197,0,0,110.48513563965,115.302075402235,0,0,73.4890134422645,0,40.339827813321,0,47.8522552328654,0,0,46.170734696657,0,0,61.0160701737196,0,0,0,48.7787423271643,0,74.8593622305491,0,0,34.7651319600253,34.2120176834577,0,101.165201675534,0,72.3954741952615,254.100428876882,254.551900440101,0,0
0,108.708055396673,0,0,333.946880477672,64.6332797785942,0,0,102.920270146639,107.487220895607,0,0,69.5701933747494,0,41.7650179002231,0,49.8767667399757,0,0,47.3961199510614,0,0,60.176577232133,0,0,0,50.5744365944863,0,77.7578692543524,0,0,35.0312038952034,35.1158563899459,0,116.812662657809,0,72.7196639497389,276.754130215107,278.056561646151,0,0
0,108.269995292836,0,0,322.81653729955,62.0315145106413,0,0,99.0071237044816,104.74370739428,0,0,70.7217853337983,0,41.2519836123453,0,48.7778207200621,0,0,47.4535193635583,0,0,64.4510640503631,0,0,0,52.5713776812387,0,85.4434540820608,0,0,38.0947531674323,36.7455144514352,0,122.139545152271,0,78.5245331220207,266.88825182023,266.833644549046,0,0
0,109.313944602461,0,0,336.849606704479,64.6212809221847,0,0,100.670056251614,106.421397398268,0,0,74.4895276638435,0,39.8874868630758,0,46.0448844725831,0,0,46.3555340357795,0,0,60.6561813805793,0,0,0,49.2192152475754,0,81.8751476214646,0,0,38.1040796444422,39.6603173263726,0,124.131890305082,0,87.9908400803363,284.825341218318,286.406333510281,0,0
0,110.660914547509,0,0,352.340365007647,68.0634228884648,0,0,100.544257374163,104.934337611469,0,0,66.5287576442785,0,37.6399222429921,0,44.0146097974556,0,0,41.4183487103388,0,0,64.9359318784236,0,0,0,50.6176804458836,0,79.9514737754153,0,0,37.3034227888114,35.152207041522,0,117.624544918406,0,74.9464506659278,271.140303834631,271.490199840872,0,0
0,111.234039468413,0,0,358.052406833482,69.0509944999738,0,0,104.157540567492,108.705263741831,0,0,72.4023596801027,0,39.2253054167615,0,46.3881005961645,0,0,47.9662235032308,0,0,61.8033679006427,0,0,0,48.8633268017369,0,74.1701097049966,0,0,37.665230735566,35.4610485848262,0,110.160430823381,0,82.5624166566345,291.623119379486,294.609485349033,0,0
0,109.617015927392,0,0,343.292418134771,66.3233341477539,0,0,101.008722343288,104.161774476499,0,0,68.0487598929064,0,40.0812268188066,0,46.2898582902394,0,0,45.9827355259776,0,0,60.2636691147874,0,0,0,50.463340150987,0,78.8440112665382,0,0,37.2271111442239,37.0848336559355,0,107.791926544961,0,70.4966107951004,244.325352860636,245.270855112983,0,0
0,110.493009418662,0,0,348.936769044387,67.292981755384,0,0,100.955331380803,106.713277224327,0,0,66.3121006756436,0,38.1913619517659,0,44.9196783125062,0,0,45.8327180243853,0,0,62.2039416871523,0,0,0,52.1728078837392,0,87.8331470651491,0,0,43.326363717809,44.5220930866095,0,125.279581465567,0,79.208994200168,281.460677282767,281.270036990021,0,0
0,109.011050688641,0,0,341.267747493172,65.4769565627924,0,0,96.8454900220929,101.146486802981,0,0,63.3189633376419,0,35.7031369938531,0,43.072524467446,0,0,43.4588670025505,0,0,57.1410712611465,0,0,0,48.1644338371378,0,77.878570462678,0,0,39.3534912025791,38.2040863821321,0,113.427597343653,0,69.9247953177006,247.573451134044,249.925035306334,0,0
0,108.708030054952,0,0,349.617386941016,67.9941848172426,0,0,102.284193472395,106.770794269378,0,0,68.4076934807711,0,35.4708172740079,0,39.286689583253,0,0,38.6111197404978,0,0,48.9174184663077,0,0,0,40.4104828642857,0,64.8000885315926,0,0,33.3970574316477,34.4712165433075,0,104.994956928864,0,71.7057834620407,233.055387991519,235.099648558596,0,0
0,108.875935185533,0,0,325.423339457701,62.8759354014293,0,0,93.6380111202018,97.8012169243322,0,0,64.1349685626593,0,36.8498692763827,0,41.8790811852278,0,0,39.5245249289709,0,0,52.9018640004832,0,0,0,41.0674398085754,0,63.8356895485685,0,0,31.5908158986154,31.2235873707377,0,88.6169303723948,0,63.7728249872497,229.273098109796,230.397144612769,0,0
0,83.9589175255897,0,0,260.65905668732,49.8443528828478,0,0,76.3723037932514,80.2304433239114,0,0,52.8216413332984,0,32.6018856649466,0,38.9178090004349,0,0,37.5160158526356,0,0,49.0144164777631,0,0,0,42.0907053740223,0,62.9900724311265,0,0,31.3421363351785,31.0222165298436,0,88.1665399961545,0,53.5743239065575,198.259592678918,199.442158189086,0,0
0,83.0819906132647,0,0,263.528559167264,51.2796190578607,0,0,79.3154497807547,82.8270514226761,0,0,51.0049155967115,0,29.0524679122627,0,33.3037287800882,0,0,32.6731668772249,0,0,41.4521876618194,0,0,0,33.8115286837228,0,60.6785469551919,0,0,27.593842589972,29.0711872381344,0,84.3654628271826,0,63.6066077696946,187.982926135331,188.978903515776,0,0
0,84.2609793645779,0,0,260.818105667789,49.730693887829,0,0,75.5446392274025,78.8473850099147,0,0,50.0023015423641,0,26.8105027693312,0,30.5440155563174,0,0,32.1205730503083,0,0,42.8291111920083,0,0,0,36.7408220268892,0,53.6130737080117,0,0,24.4020234920885,23.1381499460639,0,65.5640296665019,0,49.936160776566,189.550728468228,190.82533853338,0,0
0,83.2170553966721,0,0,275.574354358642,53.0329171619324,0,0,82.0468918253346,85.6536150968599,0,0,54.6052628103746,0,28.5828113611769,0,31.9781030878753,0,0,30.3898731197878,0,0,38.6563369081835,0,0,0,33.1909324776023,0,55.6771176443485,0,0,27.4516106679473,28.3904624364883,0,84.9336081765011,0,53.4319265002022,197.409477753578,197.957185206974,0,0
0,83.0819652396179,0,0,272.256860641394,52.9623986945479,0,0,84.3805000804116,88.1085100420503,0,0,59.017468057549,0,32.9801860660434,0,38.6755569126843,0,0,36.0470333031636,0,0,43.9550408218797,0,0,0,34.7808347996611,0,54.9302928353103,0,0,25.2048211812628,23.6187373343013,0,71.2963218438621,0,48.2958141284142,167.883404399065,169.357676130481,0,0
0,84.26097936371,0,0,271.322874279398,51.4154925372262,0,0,78.8225479249663,82.2695144651073,0,0,51.935593385016,0,29.5726559450731,0,35.2761853897171,0,0,33.1122375808218,0,0,44.3488651557813,0,0,0,34.8345054409843,0,57.2303069614725,0,0,26.7917469542792,26.0493794770975,0,71.5771662634804,0,49.9672829542554,168.596482507536,168.775141883771,0,0
0,82.9140854498902,0,0,295.048393682499,57.2428909548613,0,0,90.7296795459949,96.055544537518,0,0,62.3408441125586,0,33.1040846846339,0,36.2065220695559,0,0,34.6028904656134,0,0,43.6059600686047,0,0,0,35.8127026109305,0,57.6451393639398,0,0,30.8232178030722,29.6597450249881,0,81.9469380737033,0,59.7745753478356,178.256776199818,178.688671243879,0,0
0,82.6439304783691,0,0,274.260704296861,52.8958526908943,0,0,82.3783189394366,84.7056865286274,0,0,55.223534790838,0,32.1563532104257,0,37.7770894485313,0,0,37.2073705331002,0,0,47.1128634002275,0,0,0,37.6717743498512,0,58.3557830569137,0,0,28.7494407805407,29.0385888722938,0,85.680501660196,0,60.0838351258234,228.739068601467,229.97599763637,0,0
0,84.6989887806382,0,0,295.512005978708,56.5324638628509,0,0,86.0742239036644,92.4839584354344,0,0,58.3926622166302,0,31.3963614866829,0,35.3363481488942,0,0,34.9135918557122,0,0,45.4693124793811,0,0,0,35.4201940304708,0,58.9417679381923,0,0,27.0332826383938,28.2965191969884,0,88.354885274607,0,54.2137758408222,208.195039768525,208.97629181291,0,0
0,82.1731060853134,0,0,290.581749074774,57.1803171178419,0,0,85.4976057859299,89.3005886838835,0,0,57.5511964948564,0,31.6548642304993,0,37.487350666314,0,0,34.3407126450861,0,0,43.1098836567526,0,0,0,34.0168286720402,0,56.9902698556141,0,0,25.7589954441375,24.6084652042852,0,80.6826357254227,0,52.5260023929907,170.234555092736,171.382579983634,0,0
0,81.432025347788,0,0,249.234599488114,47.8422095410518,0,0,68.6962217323162,70.4342303599403,0,0,45.6711905847696,0,26.1476131102071,0,32.7391626450607,0,0,35.2390169573715,0,0,45.7291370677034,0,0,0,39.8811096841425,0,59.9984419785264,0,0,28.479649818769,26.8947242346512,0,75.6879035531568,0,50.2060440753737,189.972553893338,190.572228708127,0,0
0,82.3409098412123,0,0,257.925183087024,49.5149277247356,0,0,72.5441418510629,77.0778749971594,0,0,48.8549843409718,0,26.8218200412763,0,30.4734320686938,0,0,29.0352031323668,0,0,38.6801100090742,0,0,0,31.2687560429905,0,56.300010999484,0,0,27.2512728066799,29.0323122258539,0,83.9979078252558,0,49.6381360692399,160.000384431242,160.658900820657,0,0
0,79.8691279145817,0,0,266.555476689863,51.6359052997938,0,0,77.0186395186181,77.7215363733286,0,0,48.807539834885,0,27.3964612737672,0,31.4337980504794,0,0,29.8450065407339,0,0,36.9434610349687,0,0,0,30.484427098468,0,47.8477294240242,0,0,22.4746746380081,21.2763907562069,0,63.8216746936771,0,42.0939008057347,154.874523585953,156.603785234701,0,0
0,78.3870506926943,0,0,251.287561667027,48.1240114519602,0,0,73.5597617107354,78.1965679073247,0,0,48.4234523849573,0,26.5584864862713,0,31.7899114929561,0,0,31.3803282401928,0,0,39.8681425469303,0,0,0,31.8660654931586,0,51.6501562361587,0,0,23.5958637645354,24.0753086197495,0,67.6874091165945,0,45.4781434843427,140.803690275361,140.982660514768,0,0
0,78.6899699485156,0,0,261.990474872586,50.6398816245182,0,0,75.7264422212574,80.3955484711319,0,0,50.8498026251928,0,27.0974045180302,0,30.5890776331896,0,0,30.1861290398103,0,0,40.6042972721561,0,0,0,31.53320934286,0,49.8618366308729,0,0,24.2142124002797,23.1120820657485,0,67.501998688266,0,51.4178954256645,161.648899161642,162.20289565876,0,0
0,78.8250347612489,0,0,262.365220625001,50.7118226102205,0,0,73.2444798359801,76.4519636527572,0,0,48.9876355239827,0,27.2784786185984,0,32.0526972896532,0,0,31.8381879876794,0,0,39.789925003167,0,0,0,31.2362879692669,0,46.0045645739855,0,0,21.180826238024,22.235362487055,0,63.7444501582433,0,51.9696345055716,189.06609052493,190.780825981747,0,0
0,79.1608703701989,0,0,250.315737595338,48.0501064728053,0,0,70.6374936447768,73.7899987238788,0,0,48.9539840790138,0,27.6006909435079,0,30.6240715724975,0,0,29.4022475686741,0,0,40.3551054745681,0,0,0,32.0891984558737,0,54.5773128632485,0,0,24.0697533073547,23.561198642673,0,64.906336229382,0,45.4701574946986,168.929310707429,168.508185062499,0,0
0,81.7890282499177,0,0,283.872418167486,55.1948110720395,0,0,79.8317937399023,83.2156631137268,0,0,52.5865964038539,0,29.7078166003428,0,33.8162043092017,0,0,32.9421845544004,0,0,42.0156730144617,0,0,0,34.1084867150106,0,54.8882992558131,0,0,24.3925256221857,24.3103931995954,0,68.7721223531023,0,39.0785639041117,155.81557419163,156.498990419514,0,0
0,77.9490919594877,0,0,241.647424026832,46.3832292803629,0,0,65.6980615703382,68.7267272335086,0,0,43.4999223568108,0,25.1533843320353,0,30.2309668328674,0,0,29.8569804686434,0,0,37.2804000286159,0,0,0,29.6279108313028,0,46.7598916091062,0,0,21.6657082379846,21.5829166370512,0,61.2447524669837,0,39.8451662250653,130.86158939432,132.490517289043,0,0
0,78.8250094212624,0,0,260.92261244926,49.8634366867056,0,0,72.157589985311,75.2835211701283,0,0,50.6184298535038,0,25.631266285038,0,29.4425392527515,0,0,26.5470465975336,0,0,33.6950351027855,0,0,0,26.337210438266,0,40.973783359719,0,0,20.2006622301864,18.9515226429217,0,55.8406794279824,0,32.4373188186703,112.624676376312,113.321445555391,0,0
0,77.9489905822051,0,0,261.879151821319,51.4163257562114,0,0,76.6575448894701,78.7006403089636,0,0,51.2893269024959,0,28.0409453662709,0,32.6159854139808,0,0,30.381822496435,0,0,40.0037556336211,0,0,0,30.6150831973192,0,46.0561759331988,0,0,21.4395270796446,21.3550648741923,0,60.2263373328422,0,39.3356908681771,131.751790197967,131.868111939186,0,0
0,79.4309493113586,0,0,241.707108284559,46.5005774512633,0,0,70.7213608403847,73.8304613605814,0,0,50.7423780540825,0,28.9342952691391,0,33.5817736664734,0,0,32.2128519501804,0,0,39.7757303183941,0,0,0,32.7012533684803,0,48.9389084615316,0,0,22.1901259967494,22.3914749763786,0,64.5360971157215,0,40.5804171818881,136.435536061436,136.872591527067,0,0
0,80.3399098386117,0,0,245.492781267018,47.3448487834862,0,0,70.5668853802233,73.6671721972335,0,0,46.8036138320236,0,26.3188137165563,0,30.5509700629719,0,0,30.4824042625067,0,0,37.7248209965192,0,0,0,30.4186394223623,0,48.1813573593649,0,0,22.5383283988606,21.3545833717654,0,67.0174965783732,0,40.2044393160895,147.616882394961,148.407434501924,0,0
0,81.9569840708737,0,0,261.462025454708,50.0804648226824,0,0,74.5642538491008,76.4343019287986,0,0,47.2942224998138,0,26.3793167384257,0,29.5595676736246,0,0,28.0982678551323,0,0,34.3879053441647,0,0,0,26.2683160261746,0,41.5286355560905,0,0,20.6351846296405,20.6205188635229,0,60.8560359511314,0,46.5795837141736,145.598195467594,146.831257352893,0,0
0,106.442117785751,0,0,339.524117940213,65.222623035863,0,0,95.8120901633367,99.5189639692773,0,0,60.1669601045754,0,30.6503356106209,0,35.2726473523895,0,0,31.31233168142,0,0,40.0083410081668,0,0,0,29.3963495095153,0,44.2903593159449,0,0,22.2369094221971,21.2906546790778,0,61.4992966017006,0,37.2341994857051,141.006503375634,141.36359830372,0,0
0,106.881004678884,0,0,351.04493449315,67.9274653159732,0,0,103.381204166633,107.900284466888,0,0,71.3178109546736,0,39.3965832590633,0,47.1294640435114,0,0,45.815642305233,0,0,54.3376530667594,0,0,0,38.0014348941697,0,56.852040416679,0,0,25.2706331477044,25.4676844002926,0,72.948419964407,0,45.7187504359376,157.787137698815,157.94000880036,0,0
0,106.442995291101,0,0,337.601704373843,65.3377650383372,0,0,100.258836977063,104.699405673834,0,0,71.2127684741387,0,38.2029326609467,0,43.760569452725,0,0,41.7591572377262,0,0,51.3951366155999,0,0,0,41.3790295057281,0,65.2796140788142,0,0,29.7305240865424,29.2757578881506,0,80.3288731949817,0,54.1563995264633,178.399019551901,177.731226868977,0,0
0,107.486944602461,0,0,334.172929472959,64.560640526087,0,0,97.4498982910355,101.727096807507,0,0,68.1883343260561,0,37.7764703134541,0,43.2461239763539,0,0,42.2215667256459,0,0,53.9021001368217,0,0,0,41.708507186732,0,67.5639190873254,0,0,31.0335345021405,30.5658031776908,0,86.6076838532075,0,53.6149027009053,181.485856876631,182.092793614171,0,0
0,108.227974653946,0,0,335.139649940782,64.6331841017111,0,0,96.9341923063734,101.18401832288,0,0,68.9420475987041,0,37.3635529397794,0,41.8123462401841,0,0,40.2126844335124,0,0,52.2291647168805,0,0,0,39.6192651402343,0,63.0442073321464,0,0,32.1411977951995,31.0558845013346,0,95.7973468368505,0,59.3320976265726,217.930706210468,218.884221758803,0,0
0,107.016120212006,0,0,336.920925753843,64.6364858870735,0,0,95.1583921292473,99.345348776424,0,0,64.7716247867103,0,37.6341403580361,0,43.7181560165342,0,0,41.0168372963047,0,0,51.0033760123724,0,0,0,40.0195359272783,0,60.3708763680869,0,0,29.6885420774221,30.2087628650461,0,88.5176341499634,0,59.3575050221048,202.223962780295,203.803570798554,0,0
0,107.081800848568,0,0,329.31798651555,63.5150761591495,0,0,95.7550933640561,98.682992624137,0,0,62.4276444315304,0,34.2714611063133,0,40.4820752245878,0,0,38.3106714190992,0,0,49.0080454739212,0,0,0,38.4530222475591,0,58.4888257053754,0,0,26.9516558955195,26.7110775662731,0,75.2140678011393,0,46.4012911922925,169.086696410621,169.980426519712,0,0
0,113.279866764465,0,0,376.591917469008,72.617664932165,0,0,110.50336319641,113.815404288429,0,0,72.3470722006824,0,39.8186688432922,0,46.7015948458207,0,0,44.4007999569913,0,0,54.2248297870801,0,0,0,40.6024577633989,0,60.9203390391493,0,0,27.4733845957827,26.366932158927,0,73.5783196031712,0,43.2338727564184,153.957795227946,154.751061196582,0,0
0,110.619071318863,0,0,357.81156805398,69.0108212406441,0,0,108.374340250499,113.222285808964,0,0,72.6994773707308,0,40.4795409034349,0,46.3916688542384,0,0,42.5164228811968,0,0,53.7188713227986,0,0,0,43.493036735373,0,68.4791483488992,0,0,33.3523424280018,32.3185478431712,0,95.4596258739273,0,56.0940537180304,177.070858906768,176.580591020812,0,0
0,111.057004711498,0,0,363.07379329971,69.9065924458767,0,0,110.64714984853,114.144742429585,0,0,72.3812617037139,0,40.8671506058488,0,49.2389069023854,0,0,47.1222648883614,0,0,59.4243933420521,0,0,0,49.2155214599279,0,75.1406678181454,0,0,35.5703869223037,34.1409504661923,0,102.22828235634,0,61.2690502484545,224.076330927556,224.653782883362,0,0
0,109.407115503975,0,0,359.773649341172,69.8406356824332,0,0,115.671124167068,119.42486081693,0,0,79.2225347029345,0,42.8853271066042,0,51.3066396892745,0,0,47.9731964846899,0,0,57.2723779203168,0,0,0,43.2812173845596,0,69.1417149243786,0,0,34.0886480851674,33.9428822247908,0,98.8096101140425,0,66.0863170916137,217.528432931367,219.285295247573,0,0
0,107.790015929993,0,0,334.586860906464,63.7355004937685,0,0,107.877738698871,111.35165611318,0,0,74.5409924771881,0,42.6036752301975,0,50.9667080314054,0,0,53.7359068561243,0,0,70.1149739816315,0,0,0,56.1594449275438,0,86.7897221456159,0,0,38.662384391066,39.3119016648143,0,115.097503556343,0,69.9940171450925,219.86917470306,218.591418237048,0,0
0,247.945070868175,0,0,776.729053642974,149.398246445504,0,0,215.706047896554,222.235678700749,0,0,127.616334732745,0,59.5334114606928,0,59.799768405217,0,0,51.9165311268134,0,0,62.9886341832502,0,0,0,53.8231114257605,0,81.9081507600397,0,0,41.2867807500271,39.6643092036954,0,132.577642488629,0,90.0214111720991,317.005148169969,318.997187919524,0,0
0,249.161879618538,0,0,784.337039971755,151.71934094134,0,0,225.5414154974,234.102086362321,0,0,146.56359382611,0,79.1766990859161,0,88.3360690700106,0,0,80.7517846238319,0,0,100.171941784352,0,0,0,75.2018853747221,0,112.086411001852,0,0,45.8730112439755,45.3131531513813,0,131.81811566362,0,90.1830133680858,310.29497867228,309.643243441379,0,0
0,250.308078938553,0,0,789.349883933846,152.000786195705,0,0,228.57549159212,235.869658628872,0,0,149.318563547535,0,83.8983737597328,0,99.6003511389679,0,0,98.1351539300795,0,0,124.143133203641,0,0,0,97.3177293756,0,148.762850128512,0,0,64.3298098229008,61.4640561579554,0,168.542036024091,0,101.483072345269,360.278911664613,358.003827776077,0,0
0,248.588881588694,0,0,771.503714031031,148.227558297588,0,0,228.075482243311,238.220926717274,0,0,151.617831859748,0,82.3852412036141,0,95.7343793570506,0,0,94.6999699160997,0,0,119.000804135498,0,0,0,92.643687891358,0,143.4226556386,0,0,66.9247812449942,65.1078134625497,0,184.243746976096,0,115.425725966712,396.38856154636,398.651499223814,0,0
0,252.228072430695,0,0,834.660607442932,160.618506935841,0,0,251.363385993072,262.221024098171,0,0,175.76949401286,0,93.4938193196574,0,107.183749963434,0,0,99.554068433542,0,0,124.0638031337,0,0,0,97.0256138935764,0,149.20198131825,0,0,68.324483289771,69.1812510648523,0,205.142088687411,0,124.47109118779,414.23335133523,414.911164001655,0,0
0,246.636073124764,0,0,797.630445182696,154.066353094631,0,0,273.282521539475,253.43068589648,0,0,165.708481619312,0,92.2251978528377,0,106.504407807412,0,0,105.906359037145,0,0,130.980116979855,0,0,0,103.732477978779,0,160.857936434908,0,0,73.4669845300404,71.3649336090646,0,203.671645506878,0,133.768604685406,474.833829250345,476.148897380043,0,0
0,253.202637565016,0,0,815.973615194409,157.81508116713,0,0,321.180643135735,335.202530428321,0,0,209.642774324211,0,115.126968873434,0,129.949922601004,0,0,120.955226484196,0,0,140.768093533061,0,0,0,108.228112984146,0,161.724693629334,0,0,75.4322378616199,73.6110019322452,0,209.905399413877,0,127.651517861397,442.494748095391,444.505621098273,0,0
0,255.360123110668,0,0,832.314851516583,160.852184204594,0,0,323.111132763058,337.207118389059,0,0,213.867781111957,0,116.312567346816,0,133.606725865383,0,0,125.05385616913,0,0,155.50877801509,0,0,0,120.859347705508,0,188.105048895465,0,0,91.9472183744497,87.0366280288258,0,247.429549119302,0,156.788243816809,507.279677507727,505.883110575321,0,0
0,250.374013020061,0,0,778.472621305434,149.235686127427,0,0,313.172299120992,321.773855711514,0,0,207.619149887384,0,117.866195386536,0,141.125001594889,0,0,138.803942078674,0,0,177.34607584949,0,0,0,140.911987309377,0,211.642131406769,0,0,97.9255664983896,97.8213966863444,0,279.964625600655,0,167.757799547838,615.826844812526,616.220338059661,0,0
0,257.513677034295,0,0,844.024633868054,163.220894375391,0,0,343.754200210452,358.683089890306,0,0,232.373793902214,0,124.478654443498,0,146.126024706264,0,0,135.509016716616,0,0,167.630055071759,0,0,0,131.609574060725,0,205.717911456598,0,0,96.6216817819769,97.749191303006,0,283.402704046632,0,178.850340176083,608.138995421377,611.086110000206,0,0
0,261.38680845266,0,0,855.656743967439,163.537755942528,0,0,342.507350475193,357.516444507591,0,0,233.887170798567,0,127.336650882976,0,145.414433281405,0,0,143.393339097806,0,0,176.701016867061,0,0,0,141.884308214185,0,219.640791896732,0,0,99.445604042886,96.2749815562847,0,269.760249854795,0,166.460181378608,571.59629734535,573.166006312613,0,0
0,264.518833801315,0,0,914.274416742185,177.228338536345,0,0,374.107415796778,385.669578936449,0,0,253.772479087271,0,142.295124012925,0,163.148569053184,0,0,157.438670684078,0,0,194.853315458763,0,0,0,152.907927192131,0,235.990081477407,0,0,105.728258625595,104.73930155682,0,302.073227052556,0,199.127042195712,627.561817871451,628.984501815827,0,0
0,595.986399507206,0,0,1865.21688685413,358.8623738034,0,0,588.92347142799,607.934943741656,0,0,358.70962634934,0,165.932160399969,0,173.387700099132,0,0,157.810003940621,0,0,199.012510419304,0,0,0,164.159008637212,0,253.622409027844,0,0,118.431985954276,116.134349166736,0,336.310803563049,0,220.465711020696,793.897895474014,794.096147647241,0,0
0,594.078045582493,0,0,1878.857481697,360.988823496174,0,0,604.889085773643,631.538744468903,0,0,407.516078845905,0,223.429061063707,0,259.895795386442,0,0,241.71631418228,0,0,289.359621341102,0,0,0,221.10012260453,0,319.416606746935,0,0,133.331941873426,126.565724761531,0,363.534108474549,0,239.194078918752,769.639515047489,771.505703781929,0,0
0,595.727884497745,0,0,1928.86928147479,371.992896946495,0,0,639.230425262852,651.720616026547,0,0,418.827415147907,0,229.064303427438,0,262.510168704345,0,0,250.163619247669,0,0,312.362245309569,0,0,0,248.079856684581,0,384.279753777018,0,0,178.771599039578,172.482850006963,0,493.926025642165,0,321.826797461182,1115.9208073302,1112.23988219269,0,0
0,596.13310428288,0,0,1937.21667355818,374.739905900373,0,0,665.871514351242,695.110049325078,0,0,446.703969065656,0,244.961255937558,0,283.858081159277,0,0,264.36272020054,0,0,326.073424839413,0,0,0,256.939986881298,0,391.618628282542,0,0,181.09288493171,178.130670118796,0,504.192630300635,0,333.753537836485,1164.19257950375,1168.59533704044,0,0
0,593.504971749215,0,0,1868.15918823416,360.864714027141,0,0,647.837575656931,676.508306933562,0,0,443.293799147203,0,244.860883089805,0,287.651241600881,0,0,279.480860999371,0,0,351.814243437364,0,0,0,274.391068290932,0,426.087372994461,0,0,200.104492035709,199.803212425173,0,544.813705952346,0,338.502457287291,1205.80777034922,1206.91744522233,0,0
0,598.859757774421,0,0,1876.97064653101,362.09537654696,0,0,648.307818835322,671.223752901277,0,0,433.940761505782,0,234.254290432807,0,268.794261487636,0,0,264.674594075987,0,0,335.820860942949,0,0,0,275.463873051319,0,426.350838302215,0,0,197.647847808165,194.806216201594,0,555.336560546118,0,337.032014279368,1146.501548128,1150.34985733949,0,0
0,599.265104278545,0,0,1894.54523093313,364.00904756579,0,0,656.945807847424,685.796234745804,0,0,440.230347176099,0,245.666071719982,0,285.635363271445,0,0,278.488316600307,0,0,342.195585304445,0,0,0,275.547904705333,0,424.304900819865,0,0,195.90702169934,192.224089211016,0,558.061969204676,0,361.803960085777,1235.38859830607,1243.02545954879,0,0
0,596.031031855651,0,0,1906.19616252266,368.651127578998,0,0,668.831706235685,698.323977609249,0,0,449.351669272748,0,246.581072358182,0,286.11887305121,0,0,274.853517462082,0,0,345.604089008538,0,0,0,274.686380240373,0,431.053254421902,0,0,202.251655187782,197.9420637636,0,580.852040232559,0,366.01864787068,1267.46177833194,1271.81715969313,0,0
0,601.418658198705,0,0,1892.26326595527,364.706448511949,0,0,668.190626402018,694.245140208561,0,0,462.068173933664,0,258.428939495579,0,308.934171419046,0,0,300.223370844547,0,0,380.895131006558,0,0,0,306.801330541547,0,479.172241368079,0,0,226.563998567747,216.977611416333,0,627.730737576831,0,402.840472991747,1371.0945638461,1372.30346587687,0,0
0,606.134917447905,0,0,1938.89264988946,373.692884027099,0,0,683.329853972446,713.227727585231,0,0,466.913387132405,0,256.222013882998,0,299.17062305164,0,0,298.046056807149,0,0,379.27561176304,0,0,0,296.540705004259,0,465.000346692155,0,0,224.209017205968,226.045918335299,0,673.382839944186,0,414.064497788112,1463.68835799823,1470.57335884652,0,0
0,602.868131427033,0,0,1932.35584982773,371.76290465116,0,0,682.452655301565,712.550785797039,0,0,467.575433997095,0,261.258196071657,0,307.005400985621,0,0,302.106650177266,0,0,382.810157868065,0,0,0,310.914663229811,0,481.481293743809,0,0,223.920074142967,223.126189982295,0,674.416591676661,0,430.363946489125,1469.45383798191,1474.00978966143,0,0
0,600.309205667964,0,0,1951.87934257458,377.570525612576,0,0,683.589742318897,722.96219066259,0,0,471.188868225905,0,263.737556823372,0,310.338270663064,0,0,308.254547987514,0,0,395.470210919413,0,0,0,330.68902926802,0,511.342057047919,0,0,247.199558268219,237.298668549948,0,732.700471072785,0,445.982615744961,1538.7152023231,1542.21660684521,0,0
0,641.479372764348,0,0,2017.51341313901,387.797282432348,0,0,679.894903948922,709.08264814333,0,0,463.993128099368,0,260.586055520982,0,302.533687143114,0,0,307.998962835449,0,0,397.041955992929,0,0,0,332.152823468462,0,515.88789419258,0,0,248.414583430468,252.53193723495,0,769.87211619423,0,513.86782577524,1727.01241127395,1734.01019907026,0,0
0,649.664621580816,0,0,2096.36252351095,405.423767497235,0,0,714.323511728027,745.522698374882,0,0,494.090126051951,0,280.092608240928,0,329.040920899438,0,0,326.50827439764,0,0,419.346070555323,0,0,0,337.975211994716,0,523.318687710161,0,0,247.976497723966,242.406838171113,0,731.583063115342,0,473.366547697555,1664.31025853431,1671.20113900537,0,0
0,654.581753053386,0,0,2088.32635202129,401.608058968388,0,0,698.936090486049,730.9837347708,0,0,482.196592379285,0,275.643572436234,0,335.358789808784,0,0,344.18347745905,0,0,447.78585391983,0,0,0,380.142063697575,0,594.665937308011,0,0,276.116181944625,268.8252108028,0,806.622136718433,0,509.023542496835,1754.2263750644,1755.57811219752,0,0
0,656.939958721351,0,0,2149.78235614984,413.685043042896,0,0,716.592559664051,747.996466362113,0,0,494.899987293193,0,280.041151499875,0,334.6587124364,0,0,349.780310623786,0,0,453.070889608117,0,0,0,382.581365916142,0,597.554578709895,0,0,289.68643838125,285.261697382861,0,864.352292110443,0,557.269238062576,1901.76835702915,1909.35699011826,0,0
0,657.57884031438,0,0,2163.53442828562,418.618205896751,0,0,728.238635929344,760.283694855679,0,0,505.702093070464,0,284.656268908907,0,338.087466014154,0,0,334.421551328295,0,0,435.488214946753,0,0,0,365.735411111351,0,571.897653390955,0,0,271.079382905958,276.851453270749,0,838.078449485829,0,551.814065551307,1943.04701617677,1953.22689798764,0,0
0,659.433153170821,0,0,2155.469799438,414.896499491464,0,0,714.523999675023,745.879432656917,0,0,495.363972277542,0,277.012284119172,0,330.792328254785,0,0,334.491931421824,0,0,439.126542573062,0,0,0,375.493273907916,0,587.417628470567,0,0,279.492062990899,262.422232213,0,790.440554482995,0,491.364431553885,1742.35325363546,1748.70482848728,0,0
0,651.585248737777,0,0,2126.96870377788,410.780184917599,0,0,718.804304857514,750.618118563862,0,0,507.273742732827,0,287.887430380937,0,343.230757235892,0,0,341.481909684233,0,0,448.033010103164,0,0,0,369.951610066786,0,578.179879179988,0,0,275.965580319198,279.008711208995,0,850.628376285882,0,532.492622095314,1817.66422627333,1826.63868170529,0,0
0,651.720034770784,0,0,2108.54729857883,407.444220247012,0,0,709.048673489253,740.250306664758,0,0,493.956008105858,0,282.545781666682,0,335.398566462968,0,0,337.540372182319,0,0,445.939904934444,0,0,0,375.255971149427,0,582.285091499315,0,0,278.105466562675,273.280745207206,0,848.960010046343,0,553.749932859865,1844.40492304221,1851.26640697317,0,0
0,647.20835122169,0,0,2076.19070011085,399.729430505749,0,0,696.750219879249,727.96966032164,0,0,486.787999600823,0,278.492225244463,0,334.95234045334,0,0,349.115478250675,0,0,459.205218607296,0,0,0,390.547944316703,0,624.578384518892,0,0,294.180584660679,293.619229129355,0,902.848707422513,0,557.693673353488,2050.94160948217,2055.37332266356,0,0
0,646.160622336027,0,0,2059.13643950511,395.650639338691,0,0,694.141989425913,724.855543824092,0,0,485.536819638763,0,270.121118369092,0,327.121618031732,0,0,341.598425552007,0,0,455.670526666952,0,0,0,390.221396228727,0,626.796023050655,0,0,298.057297858899,293.130028867838,0,933.654512907883,0,604.34923022605,1914.78780858362,1923.21200889873,0,0
0,660.206618025821,0,0,2200.39816852447,425.701925076446,0,0,742.386071223268,774.572647635749,0,0,521.847651834997,0,290.708361948633,0,346.844436777191,0,0,344.425755799613,0,0,464.934651648653,0,0,0,401.080566660983,0,621.831594973796,0,0,305.952012348135,298.724241342213,0,959.29241090167,0,634.868013232523,2272.74570119887,2281.53042561109,0,0
0,653.169457293134,0,0,2128.82482736422,411.135226805289,0,0,715.605290651042,747.246838326955,0,0,504.337625848677,0,286.367457013581,0,351.475372359863,0,0,370.426117928545,0,0,485.593077118932,0,0,0,416.044227544575,0,658.551983201642,0,0,319.981376896839,312.533996151639,0,992.465954297723,0,628.990033112166,2185.98491280881,2194.06561403845,0,0
0,649.116251006405,0,0,2076.83233508991,400.196433182189,0,0,699.067983794629,729.946113922862,0,0,495.184664574879,0,280.750677139821,0,345.265335324716,0,0,360.167439573278,0,0,490.903145160188,0,0,0,411.060436001504,0,653.309340508617,0,0,322.61081391097,317.352520077252,0,1013.41265764688,0,660.809787905349,2268.49593906789,2277.23315161108,0,0
0,646.487971754234,0,0,2073.2476630364,397.231271922511,0,0,699.605812665222,730.494091758647,0,0,502.069344370744,0,285.332149361563,0,353.262625307479,0,0,365.209110873301,0,0,481.988258366431,0,0,0,432.192479689655,0,680.110778003766,0,0,338.058515358996,341.421464095088,0,1040.97163166403,0,691.170062882653,2350,2360.2167347592,0,0
0,653.35760750833,0,0,2172.48712130525,422.038978084566,0,0,744.404315361249,775.461602326661,0,0,524.603125971225,0,293.913264156296,0,352.027866490402,0,0,360.655498503431,0,0,472.285775444599,0,0,0,422.794188207038,0,665.266127998749,0,0,332.254709224573,320.005387807242,0,1000.19820676678,0,641.714225493054,2234.52688629193,2247.04138606243,0,0
0,654.43827808479,0,0,2108.54790621878,406.64494682436,0,0,706.163830165648,737.201012607878,0,0,489.214912379991,0,279.283578254273,0,341.933814414416,0,0,353.56762520615,0,0,480.730923768394,0,0,0,432.740754954385,0,695.662947427808,0,0,345.245433356236,339.984195896922,0,1051.11690606369,0,697.359454088235,2350,2360.21722496659,0,0
0,642.885375462847,0,0,2034.6463479846,392.07220418024,0,0,692.858604576751,723.662918098236,0,0,487.195807444164,0,280.771755899171,0,349.532515046557,0,0,373.454219818733,0,0,495.690159191125,0,0,0,431.082191342221,0,689.322265089022,0,0,342.446321927754,342.871661227109,0,1069.20770559955,0,695.807285686556,2350,2360.21739130435,0,0
0,643.928944615464,0,0,2050.46623944556,395.445432406601,0,0,692.964135183255,734.080413185277,0,0,505.942729062507,0,275.841762024046,0,324.795339079056,0,0,329.37968392685,0,0,435.995211635785,0,0,0,396.187184107454,0,638.898154540484,0,0,330.912848954766,325.246998058368,0,1017.98234186704,0,678.491946000154,2350,2360.21739130435,0,0
0,646.487794334637,0,0,2058.16930671175,396.363038715494,0,0,674.400210823991,704.053901149986,0,0,483.633736036827,0,278.580408364206,0,333.96974434639,0,0,344.388954560466,0,0,458.538223890293,0,0,0,395.481503530877,0,625.223643477705,0,0,313.751742952382,316.797931592376,0,989.608031681479,0,638.605499039925,2115.76310254801,2253.25580375113,0,0
0,654.266517342607,0,0,2104.28041506851,406.045518924221,0,0,687.989909116396,718.118743251312,0,0,485.500976557741,0,273.208723527393,0,326.763864551371,0,0,333.050735098959,0,0,443.423898225932,0,0,0,390.830172805817,0,618.301962172791,0,0,308.786313049491,305.350268836462,0,1019.29840069142,0,653.222290171552,2350,2360.21739130435,0,0
0,661.811781304172,0,0,2149.4801597008,414.417408209419,0,0,695.394942452963,728.110375401624,0,0,490.982118305098,0,273.501671773926,0,324.179027267,0,0,333.274609112972,0,0,448.338014267665,0,0,0,394.753035796814,0,628.173147627627,0,0,313.038900340385,311.216836720706,0,1026.77521220105,0,673.376223432361,2307.24516851559,2315.54760615734,0,0
0,653.058771958076,0,0,2146.30940341745,413.478232929079,0,0,688.162227435127,718.476365977442,0,0,482.483548098044,0,273.830315027338,0,326.806186089545,0,0,335.091324858795,0,0,444.449400711187,0,0,0,400.406392997094,0,629.320304866942,0,0,315.786674736201,314.085491682242,0,1005.32058258555,0,669.310391537281,2308.20790567904,2319.2226202897,0,0
0,634.971638339453,0,0,2050.16038823016,394.958369200718,0,0,674.861784349223,705.015047478978,0,0,494.159656569503,0,279.440055736463,0,340.390409891028,0,0,342.044571010127,0,0,461.966647243127,0,0,0,407.592730670072,0,646.74729964961,0,0,312.214397583182,305.180532328646,0,986.876735817693,0,648.683655037406,2209.37054955509,2216.9008837644,0,0
0,637.25972483381,0,0,2049.56808601112,397.320914696304,0,0,671.039365038005,704.487549095607,0,0,485.365546675263,0,273.458175532238,0,327.50882792378,0,0,335.927264867713,0,0,458.743954809291,0,0,0,410.036615213171,0,659.024365597507,0,0,333.630096645918,328.779301392287,0,1054.91406101204,0,704.530235885692,2350,2360.21739130415,0,0
0,604.819070894207,0,0,1916.03793572134,368.19963970666,0,0,614.17953585867,641.943461247017,0,0,436.000139321654,0,256.017225452687,0,310.066513696568,0,0,326.249520133995,0,0,453.889889968848,0,0,0,405.279482074435,0,658.879083002741,0,0,326.831942485395,326.939365754025,0,1026.51931438873,0,688.464271853382,2350,2360.21739130435,0,0
0,605.055169138953,0,0,1969.07025012248,381.789457469611,0,0,646.011674340096,674.30147151246,0,0,466.75749624651,0,262.644701270599,0,316.553575506047,0,0,319.856836498511,0,0,424.800040285354,0,0,0,371.022198779988,0,597.859880152165,0,0,308.565323122474,302.173397923079,0,970.867235919758,0,649.27870626918,2350,2360.21739130435,0,0
0,598.386228103222,0,0,1862.72789781386,358.457496755422,0,0,610.81507854926,629.499651376916,0,0,433.287356557578,0,248.586381309757,0,307.303259174264,0,0,331.437090293303,0,0,449.848829646136,0,0,0,392.855676899444,0,624.302064694351,0,0,302.982336285823,303.520041090865,0,1002.92275406263,0,657.900259176477,2247.32494985837,2253.81768872682,0,0
0,598.991939901365,0,0,1888.9783084109,364.301658016782,0,0,629.968959218445,657.655272315511,0,0,443.293645938592,0,254.529984351363,0,312.577768713653,0,0,322.305303028003,0,0,423.071629549101,0,0,0,360.508252126512,0,582.020257962209,0,0,294.896274017263,288.956285033632,0,985.196556098259,0,698.436565257714,2350,2360.21739130435,0,0
0,600.473949309625,0,0,1900.81956329917,366.129646025861,0,0,629.808661600313,657.480400343074,0,0,443.418438336947,0,245.959317359034,0,295.326293390925,0,0,307.6977202559,0,0,417.262574599562,0,0,0,372.53694065728,0,597.674138443803,0,0,294.92777208594,301.070765991527,0,983.428446783971,0,656.320290773139,2350,2360.21739130435,0,0
0,597.74727047723,0,0,1910.05722118935,369.504497363729,0,0,644.200942700214,672.527156867268,0,0,466.613125564789,0,257.661107313969,0,308.580256799706,0,0,310.624800556349,0,0,415.227193186378,0,0,0,356.566899303055,0,569.387554466431,0,0,287.46232478651,274.076231854359,0,871.739535919178,0,610.536158437671,2114.5120279019,2127.01088052627,0,0
0,593.19901773416,0,0,1830.89397579938,352.885138738,0,0,612.603110399647,639.783315407463,0,0,432.306953259253,0,245.987266008769,0,295.836712464901,0,0,311.290821681141,0,0,417.635821934577,0,0,0,354.232273687766,0,569.757879199574,0,0,290.585004173766,285.019719914114,0,907.363301660279,0,582.587611687267,2005.90441908682,2014.28202005408,0,0
0,598.991762485053,0,0,1871.41370701648,360.90758868361,0,0,625.031729754707,652.384628440878,0,0,450.564494840023,0,242.593754533399,0,288.014538827243,0,0,300.627142533675,0,0,399.687600564797,0,0,0,334.441102940717,0,546.293479875975,0,0,282.086442981537,281.626755116217,0,910.388701824915,0,636.618163361043,2184.63040267768,2197.59887874565,0,0
0,600.776919250339,0,0,1885.11627851374,362.760030438165,0,0,636.270794092857,666.922232460859,0,0,483.043683733352,0,269.949987833915,0,317.243235678977,0,0,328.912686024565,0,0,418.019321127237,0,0,0,351.272781148113,0,558.062677766442,0,0,283.314096119242,283.366870312935,0,909.205352423381,0,604.695303026276,2116.08955461802,2125.36321849618,0,0
0,601.517974653078,0,0,1917.48936453049,369.571717556501,0,0,638.339032021009,666.373491181997,0,0,457.796623330047,0,254.731950972085,0,298.477932806283,0,0,304.534828248129,0,0,409.69258633719,0,0,0,350.074455602231,0,568.999232163377,0,0,278.846875476687,277.04160199216,0,916.134510115228,0,612.62459018726,2116.596292701,2122.91685101448,0,0
0,600.306120212006,0,0,1920.94673760522,371.263871871121,0,0,639.276976177105,667.395836597094,0,0,456.839437497713,0,255.082704647603,0,302.109735466003,0,0,314.756803976435,0,0,419.798422650268,0,0,0,365.136181436888,0,599.414738970408,0,0,287.578820121271,291.058865786649,0,917.261290005976,0,616.224037370723,2202.58640527474,2209.5334517754,0,0
0,597.645071327532,0,0,1880.89642376321,361.726569375672,0,0,624.883161264547,651.632530818058,0,0,456.456425391273,0,262.448998069811,0,313.257411710185,0,0,320.614922462412,0,0,426.627647301354,0,0,0,361.107145591821,0,571.814704179761,0,0,278.292067355796,269.50975620081,0,849.61454569674,0,588.876326333958,1912.84144887017,1924.80400183138,0,0
0,563.191154607961,0,0,1818.18729179752,349.895601079495,0,0,616.521950778581,644.339473974393,0,0,445.337866848214,0,259.879060168474,0,304.578986290135,0,0,315.533931709617,0,0,414.726381932404,0,0,0,360.226501317473,0,577.138003542578,0,0,286.68301107849,282.353603668252,0,877.540500940594,0,608.125307894192,2172.16350887261,2180.51409397843,0,0
0,562.383224539194,0,0,1853.52116810806,358.369935545093,0,0,631.943241521678,659.65715955317,0,0,449.860090335712,0,258.714068671294,0,303.430624043457,0,0,310.687720679342,0,0,414.452169675598,0,0,0,349.065847970052,0,567.600917012525,0,0,280.422348821779,276.244743188026,0,882.595307926586,0,584.10109432601,2015.85049810352,2024.58491518885,0,0
0,556.488103183185,0,0,1778.99808864742,342.536226843974,0,0,606.064266134035,636.888025510875,0,0,441.668775933699,0,252.827701556653,0,300.548084845055,0,0,308.345661639789,0,0,410.826023166802,0,0,0,356.918859433716,0,565.126646493423,0,0,283.664564575959,281.007929331605,0,920.718139312556,0,610.625385568382,2144.23505820283,2153.20163673091,0,0
0,559.283963442385,0,0,1814.29513407466,351.257941366192,0,0,610.670431381167,637.417342860506,0,0,439.212207628627,0,246.528730844645,0,292.788604159986,0,0,294.30752961131,0,0,388.766735194299,0,0,0,342.167495367948,0,547.017777853237,0,0,275.358440741803,273.304548316599,0,903.49903007443,0,607.341100935174,2112.07251293876,2124.51923797163,0,0
0,558.575925765138,0,0,1750.15762539271,338.445529045168,0,0,586.757620646002,612.690345617114,0,0,427.448463330307,0,246.51031747513,0,299.092255088064,0,0,315.194887993663,0,0,411.966652475195,0,0,0,344.614089806328,0,559.825057683665,0,0,274.957447313482,271.443849168965,0,881.060756834819,0,591.033394924184,2031.4053572012,2040.78111711162,0,0
0,561.371963436317,0,0,1750.02394730309,336.249953603773,0,0,588.482766151321,605.694938622809,0,0,423.692664656244,0,242.571003273226,0,295.454946907836,0,0,294.853272970414,0,0,390.886202907592,0,0,0,331.895742992543,0,534.533274053288,0,0,271.490291295796,268.447156074595,0,848.480528169117,0,591.359379909211,2080.12923817913,2090.68258793027,0,0
0,559.755015924792,0,0,1773.28836191647,342.788448003529,0,0,610.804372667872,640.390401641249,0,0,443.919985791757,0,252.943976379909,0,308.234251591193,0,0,309.47890108961,0,0,403.901707923789,0,0,0,347.705933504403,0,560.985369722769,0,0,278.4785521204,268.319882145508,0,850.691104070617,0,553.885901106497,1868.27390701425,1874.35305058277,0,0
0,560.631009418662,0,0,1759.25326015604,338.715177751624,0,0,599.509172194286,624.529257391825,0,0,440.441067399185,0,251.276795129945,0,305.072419072758,0,0,305.270580033308,0,0,399.21056809747,0,0,0,341.465249955292,0,560.852349488807,0,0,287.271439199968,292.49436251745,0,944.888933539997,0,649.27929112358,2221.82219785777,2231.46140215472,0,0
0,560.66390042255,0,0,1773.39641302646,341.103729957076,0,0,617.942642235243,641.095573047858,0,0,459.254449817302,0,263.689561207182,0,312.595348255414,0,0,326.720638526589,0,0,426.730899466275,0,0,0,356.500425571659,0,572.454713146668,0,0,283.409572542886,282.91243254696,0,919.715198578528,0,621.707120090079,2168.23713242348,2175.75406115256,0,0
0,562.248083648323,0,0,1827.24925808431,352.391185843768,0,0,638.169348097929,666.112088124966,0,0,464.512016325494,0,260.848570514703,0,308.273610766544,0,0,317.312944782507,0,0,416.408224826799,0,0,0,345.805401571565,0,563.018746849542,0,0,270.141295880003,265.860354895885,0,847.722640672846,0,601.073493497696,2124.26443415061,2134.1103380524,0,0
0,558.576027145887,0,0,1794.21610985123,346.034933368034,0,0,628.497755427163,661.695087948046,0,0,471.451421662834,0,261.824207317147,0,316.729144364048,0,0,314.672531989961,0,0,406.36156845397,0,0,0,346.268964104598,0,558.712933502607,0,0,272.266154159939,270.180568396206,0,849.532024330077,0,575.555550207927,1951.38285175289,1961.41758312237,0,0
0,558.948203865531,0,0,1819.54298176134,350.565355624177,0,0,630.212731029289,656.49161503889,0,0,470.009499018983,0,267.214656431654,0,326.632724350523,0,0,334.961003109544,0,0,439.948631583258,0,0,0,374.068700471915,0,600.483251549162,0,0,291.619170172725,288.184066814416,0,883.703343636169,0,582.877493364254,2130.30866465171,2135.37534576502,0,0
0,576.35310822409,0,0,1836.43763711831,355.065145023571,0,0,639.426223060407,665.970885406582,0,0,475.649522728572,0,270.978500489169,0,332.957708758262,0,0,335.324561807354,0,0,443.227912706582,0,0,0,393.585704579297,0,628.019384091934,0,0,300.121808845774,295.803801126703,0,901.223837295459,0,595.533550355442,1970.61810856663,1975.04326752323,0,0
0,586.727645151264,0,0,1876.23133302242,361.148769820735,0,0,649.693032840036,675.335591708761,0,0,488.759003250258,0,276.567972979545,0,334.151409677796,0,0,342.754480408207,0,0,444.607372367348,0,0,0,364.02276342213,0,574.745359411336,0,0,272.923446939576,272.976560346119,0,871.819362592173,0,585.849725551498,2022.85997039553,2038.39753171872,0,0
0,586.425030041081,0,0,1894.3601186525,366.249403592484,0,0,658.809304400805,690.470893413967,0,0,494.334189784745,0,284.842258286284,0,346.160215701156,0,0,348.251624285742,0,0,454.54178400557,0,0,0,390.825197125734,0,615.679434606038,0,0,295.059325427378,284.013304772115,0,903.04190712778,0,617.672193146736,2153.68502183971,2158.78301937981,0,0
0,584.775115504842,0,0,1860.61494430946,358.608042381947,0,0,642.926940377195,665.868640301017,0,0,481.526025924852,0,269.283926806391,0,318.404394873578,0,0,321.420814723113,0,0,431.097731953467,0,0,0,360.593948221914,0,594.565818719972,0,0,291.392344582977,294.398977880071,0,904.11308264509,0,599.14765364285,2159.05228608018,2169.27406897398,0,0
0,584.36989571712,0,0,1857.47105168153,357.547179692313,0,0,651.505041935896,685.62589149623,0,0,503.336503386546,0,290.699843697805,0,345.911945193527,0,0,345.382316370431,0,0,454.348966118027,0,0,0,375.535295016396,0,593.422526812771,0,0,287.656554376719,278.429447629947,0,846.64074953552,0,564.687609593842,1875.14760618071,1883.8716229978,0,0
0,584.57426867653,0,0,1905.53418418131,368.05682477781,0,0,647.073010698364,679.450052334404,0,0,472.960727435704,0,275.061530217201,0,335.571978452982,0,0,348.364581526785,0,0,460.677797589361,0,0,0,394.114391672858,0,631.965218068294,0,0,305.683675599308,300.054148826101,0,922.160939951304,0,605.950215041421,2097.06939397606,2103.3087676282,0,0
0,576.018174508115,0,0,1818.73431838062,351.113045811686,0,0,629.710110150414,650.964045549214,0,0,466.414448335668,0,264.868274989163,0,317.717316910163,0,0,317.281910875222,0,0,412.123377415968,0,0,0,354.180729154158,0,585.249354686395,0,0,289.52564443713,293.192843706234,0,926.421182862393,0,636.961236969583,2204.34202940424,2218.56934141111,0,0
0,581.675727728138,0,0,1834.99001054625,353.998741835788,0,0,637.689410395007,666.993495884319,0,0,471.531362865642,0,269.918782450852,0,323.827545853194,0,0,320.908138040338,0,0,426.230922371699,0,0,0,355.038959358655,0,569.681518876973,0,0,283.990292243599,277.964777953605,0,868.163517388988,0,594.393613440236,2051.78164279886,2061.4019391867,0,0
0,583.428018826922,0,0,1852.5855025828,356.825391182462,0,0,634.955468230298,664.169451736412,0,0,461.747907212387,0,257.913171947579,0,311.316434037114,0,0,320.584986022389,0,0,434.826642303058,0,0,0,354.217466107164,0,577.455896869775,0,0,289.635568865937,288.571430970943,0,904.516626324231,0,603.365149268384,2105.20534448455,2112.63556468485,0,0
0,579.858161483719,0,0,1860.01829166933,356.560943098763,0,0,634.228080433294,659.493043862458,0,0,455.180284471573,0,250.447241689802,0,300.64459966422,0,0,306.652841264714,0,0,405.586293380449,0,0,0,344.014104700582,0,559.242223354286,0,0,277.142079125205,275.79866155749,0,862.629567915976,0,600.737429243417,2091.70562853318,2102.43539535299,0,0
0,578.679020640624,0,0,1912.81125665691,370.717226985533,0,0,677.691861891491,707.461898543174,0,0,503.545180050201,0,278.955896694285,0,331.410297202999,0,0,330.807816490363,0,0,427.219408302462,0,0,0,349.374622506509,0,552.977942826993,0,0,266.955422027877,262.424510443348,0,815.14399631535,0,555.808835001335,1911.40836628233,1921.95784730602,0,0
0,583.964523858273,0,0,1861.27500406585,358.166146249772,0,0,651.010242140534,678.358060923798,0,0,484.6000504449,0,281.680851026317,0,341.497116202603,0,0,342.079204611461,0,0,452.327794847742,0,0,0,368.9525020413,0,586.99351171531,0,0,273.119584038379,271.840489266374,0,837.401900756316,0,584.323081193329,2001.64140173463,2007.30423594121,0,0
0,558.772071654991,0,0,1854.67092493275,358.846960971253,0,0,687.87240218271,687.180018753416,0,0,490.762047653049,0,276.202275586519,0,333.961913182163,0,0,329.762051120248,0,0,436.146501811034,0,0,0,354.859152882855,0,580.540749962854,0,0,284.876043944821,281.633560993672,0,862.744490328983,0,592.811687441888,2081.74921454236,2091.52070078937,0,0
0,550.890348346963,0,0,1778.11542975951,342.137900808857,0,0,708.542500858547,736.060154449037,0,0,515.460618423579,0,291.064627293659,0,349.023866584444,0,0,378.243088650862,0,0,495.690159191125,0,0,0,403.0470578065,0,650.816356342313,0,0,317.497241822722,313.220591786629,0,931.890783980993,0,612.92451766032,2101.25378327541,2097.44079105822,0,0
0,547.017191548208,0,0,1790.17196863623,344.340805216182,0,0,717.837267705564,751.411536159955,0,0,519.104156075975,0,293.549952394769,0,349.905414299954,0,0,364.684147352943,0,0,495.690159191125,0,0,0,399.964705882353,0,642.455941236571,0,0,307.113887189434,299.568316354688,0,931.024335268256,0,626.533834941899,2162.29084005583,2172.97427583174,0,0
0,545.400015932594,0,0,1802.0114199834,348.32846081814,0,0,734.898810557662,767.256969930484,0,0,541.568724256431,0,302.031515810824,0,358.812791205854,0,0,370.714671750828,0,0,495.690159191125,0,0,0,409.094117647059,0,647.379469722292,0,0,319.074110562333,315.089388485809,0,954.640967196515,0,653.193006121997,2287.30578708215,2296.19502537706,0,0
0,549.30570888648,0,0,1782.07275244227,344.253148965209,0,0,726.464371107688,750.653062902026,0,0,520.136917712611,0,291.837630077189,0,350.635260092724,0,0,363.322033307853,0,0,495.690159191125,0,0,0,396.588235294118,0,641.66747426275,0,0,316.843612021073,313.387173176816,0,965.612272344403,0,643.799445198269,2167.85895472895,2178.06083947138,0,0
0,554.021917449639,0,0,1797.52929936651,347.340918061991,0,0,730.97365396881,770.768871312939,0,0,533.215711346108,0,295.988047952431,0,356.763519001501,0,0,364.233205607029,0,0,495.690159191125,0,0,0,413.023529411765,0,653.705054736289,0,0,315.040605060646,312.024564315122,0,980.959314184208,0,660.210704329823,2350,2360.21739130434,0,0
0,554.693740735197,0,0,1764.89489433096,338.672412678951,0,0,706.946965266289,736.217925908804,0,0,515.829671567844,0,289.579065144269,0,350.039398158648,0,0,367.8758466434,0,0,495.690159191125,0,0,0,408.882352941176,0,659.675411655109,0,0,309.782638315179,311.042594024585,0,1004.33278719691,0,653.663897224646,2240.50871180024,2250.01443406838,0,0
0,562.070846127308,0,0,1871.17446626633,362.218106317736,0,0,746.700701952767,779.246976100107,0,0,544.345587507322,0,307.122159163141,0,350.113286651055,0,0,377.713314802061,0,0,495.690159191125,0,0,0,401.105882352941,0,644.721118408956,0,0,314.726495214403,301.515418554245,0,992.199698894927,0,688.342607862844,2350,2360.21739130435,0,0
0,555.942367141281,0,0,1805.36690142475,347.616992614879,0,0,736.282446366265,755.23910674842,0,0,535.054256027299,0,298.911496865021,0,362.887713253711,0,0,376.188929740917,0,0,495.690159191125,0,0,0,407.305882352941,0,669.039998369746,0,0,331.324510752735,330.913745290975,0,1057.96088291761,0,716.570369640062,2350,2360.21739130435,0,0
0,548.196383085144,0,0,1781.56304024791,344.504505081705,0,0,746.39277573187,792.965056006905,0,0,559.014333707921,0,288.249380793145,0,339.045752747644,0,0,358.050991047676,0,0,495.690159191125,0,0,0,407.270588235294,0,655.822881564121,0,0,318.957958315246,318.724487693681,0,998.298021121867,0,694.007939073305,2350,2360.21739130435,0,0
0,545.265001811969,0,0,1727.56926654502,332.272386875975,0,0,694.439367026564,734.862082624744,0,0,510.861996106745,0,285.476393692224,0,340.411567754336,0,0,370.16592453802,0,0,495.690159191125,0,0,0,401.435294117647,0,643.378357664352,0,0,315.314946502544,307.223945686282,0,961.320677833671,0,666.108111538462,2350,2360.21739130435,0,0
0,548.060963438918,0,0,1778.97067047929,343.535147124333,0,0,712.261760463462,729.86985779803,0,0,511.08182539975,0,292.543586422431,0,355.760073089584,0,0,367.28070244453,0,0,495.690159191125,0,0,0,408.635294117647,0,655.262760938941,0,0,319.59851221159,322.595447875091,0,989.178056436042,0,683.1629850749,2350,2360.21739130435,0,0
0,523.224949128189,0,0,1681.34669033446,325.42678867572,0,0,713.021292249843,742.97617941802,0,0,527.186531963642,0,294.999294475245,0,347.121850230163,0,0,355.424998218003,0,0,495.690159191125,0,0,0,408.635294117647,0,659.470882979574,0,0,316.200533295702,309.932342303397,0,969.523091038778,0,641.583603917228,2350,2360.21739130435,0,0
0,523.289800876919,0,0,1628.95365737135,313.251895319549,0,0,684.520259967194,720.592109258381,0,0,496.801017237737,0,287.943324888592,0,336.719633600261,0,0,348.940912228304,0,0,495.690159191125,0,0,0,398.082352941176,0,642.003473462065,0,0,311.994694262373,310.463587699551,0,986.787404828793,0,667.059544589961,2350,2360.21739130435,0,0
0,530.396776604811,0,0,1701.68471198939,329.079434973685,0,0,702.496993336281,727.344321096785,0,0,496.986317785805,0,277.403444923429,0,337.007371368381,0,0,356.265348944967,0,0,495.690159191125,0,0,0,411.529411764706,0,665.901643835457,0,0,328.072100595759,318.84501659688,0,992.858089324681,0,692.113173852625,2318.54327611489,2329.41569993408,0,0
0,530.564935176864,0,0,1671.6322345083,321.479128475671,0,0,693.380343103697,729.772307022487,0,0,509.692928824219,0,284.621282215008,0,344.925954761818,0,0,348.873018185673,0,0,495.690159191125,0,0,0,408.282352941176,0,658.572647267128,0,0,323.093675954664,326.06864747297,0,996.936822219913,0,685.329939724433,2350,2360.21739130435,0,0
0,532.18198407174,0,0,1713.05406316629,330.938517714335,0,0,706.766674924049,731.941195635425,0,0,499.857087284957,0,289.892370746294,0,355.717416708589,0,0,362.098901751561,0,0,495.690159191125,0,0,0,411.141176470588,0,652.641117701112,0,0,307.307753502131,300.218328599675,0,992.293044225876,0,658.341032522173,2217.17215908504,2294.42727403182,0,0
0,528.27629111352,0,0,1691.84978517675,324.923921447984,0,0,701.778641387625,740.488342941031,0,0,510.402341315572,0,284.064689953387,0,340.138729867245,0,0,351.801984112097,0,0,495.690159191125,0,0,0,405.858823529412,0,661.895939960422,0,0,318.365505082163,320.458887445782,0,1083.66666666667,0,720.65489479394,2350,2360.21739130435,0,0
0,525.680872177834,0,0,1694.53975804159,327.720130934277,0,0,703.708196985935,730.890731587945,0,0,493.375288881716,0,269.731258294424,0,334.697357416832,0,0,367.373016848015,0,0,495.690159191125,0,0,0,411.635294117647,0,671.342762186929,0,0,320.351744989074,313.567148462866,0,1014.09878705922,0,678.389600985004,2350,2360.21739130435,0,0
0,533.225781316308,0,0,1715.71237023194,330.990737002888,0,0,705.816687723807,736.690853056116,0,0,482.959826069538,0,286.599075588928,0,357.039099070511,0,0,359.67908412382,0,0,495.690159191125,0,0,0,401.435294117647,0,658.685767902304,0,0,320.775726163339,312.622978314607,0,1002.09551694009,0,678.139219021319,2350,2360.21739130435,0,0
0,531.138110787276,0,0,1706.74333003859,328.364030159909,0,0,698.669303965808,729.455059686192,0,0,499.195023710377,0,293.155924530249,0,353.090072646535,0,0,359.312070068583,0,0,495.690159191125,0,0,0,399.176470588235,0,659.296000556035,0,0,319.02306964127,317.853311004395,0,999.530323452698,0,678.137735744567,2350,2360.21739130435,0,0
0,530.867930479236,0,0,1724.85587043869,332.424208781641,0,0,704.296246975839,733.350510530998,0,0,507.284222909344,0,274.986450481567,0,333.274319915004,0,0,358.163442090022,0,0,495.690159191125,0,0,0,405.905882352941,0,663.833054858072,0,0,319.741152434755,317.61760583066,0,1003.06957764108,0,678.137726957552,2350,2360.21739130435,0,0
0,532.922988780638,0,0,1744.84033871135,337.751013050067,0,0,716.38523412679,753.643601643526,0,0,490.15849080919,0,278.644915156678,0,333.98742150396,0,0,357.469553939627,0,0,495.690159191125,0,0,0,415.564705882353,0,679.436767189744,0,0,335.607710062033,333.750688170624,0,951.226113653058,0,678.137726905498,2350,2360.21739130435,0,0
0,529.79116619175,0,0,1695.65842064956,325.77435134433,0,0,690.979564269805,721.493436738593,0,0,495.436657601905,0,291.460419166305,0,349.671680844391,0,0,364.912095172883,0,0,495.690159191125,0,0,0,415.505882352941,0,670.028409108301,0,0,317.893591728812,313.494496772585,0,981.941089740429,0,678.137726905189,2350,2360.21739130435,0,0
0,594.489430858219,0,0,1898.66531678835,367.347274132558,0,0,749.48846806834,779.232983601407,0,0,506.6543932183,0,283.548663898761,0,334.095181847641,0,0,350.455791499106,0,0,495.690159191125,0,0,0,402.670588235294,0,672.365767846365,0,0,321.575391874162,315.728063068909,0,920.799336189218,0,678.137726905187,2350,2360.21739130435,0,0
0,601.365040494789,0,0,1928.57810251903,372.039610565044,0,0,756.651038559947,783.868521098696,0,0,488.484568335542,0,276.369354602874,0,343.723691249016,0,0,351.83586563014,0,0,495.690159191125,0,0,0,408.929411764706,0,656.115471013266,0,0,320.016776662928,287.299347623404,0,988.241075242227,0,678.137726905187,2350,2360.21739130435,0,0
0,590.385414926056,0,0,1862.28097205734,358.487214296386,0,0,754.737999849153,756.802267129956,0,0,472.600162028097,0,285.081615574406,0,353.770533718199,0,0,372.556530122482,0,0,495.690159191125,0,0,0,410.329411764706,0,666.365764595046,0,0,325.108470659007,321.94068727121,0,983.947435321023,0,678.137726905187,2350,2360.21739130435,0,0
0,589.508990596074,0,0,1867.59348705114,361.657976335951,0,0,665.175762061242,666.629406265062,0,0,491.729374365026,0,301.875312526882,0,361.364818401243,0,0,361.253013142815,0,0,495.690159191125,0,0,0,405.2,0,656.013647173346,0,0,308.997698107947,317.654896973027,0,982.022541272378,0,678.137726905187,2350,2360.21739130435,0,0
0,589.779069524232,0,0,1832.67410356614,352.53491368392,0,0,659.952761252564,702.094336657808,0,0,532.280181881206,0,304.019510931676,0,358.044706420125,0,0,364.783808121539,0,0,495.690159191125,0,0,0,399.882352941176,0,650.953178267967,0,0,308.644437485416,303.87632322949,0,958.39263715965,0,678.137726905187,2350,2360.21739130435,0,0
0,588.935891006489,0,0,1850.43319110512,355.621297341204,0,0,709.496607188194,756.52097567412,0,0,537.322602989712,0,299.534202668057,0,353.001550748085,0,0,361.935037623338,0,0,495.690159191125,0,0,0,398.517647058824,0,646.64111796976,0,0,309.367683910955,299.949112472959,0,998.058135207026,0,678.137726905187,2350,2360.21739130435,0,0
0,594.728762480718,0,0,1914.44384344251,371.251292278186,0,0,727.075299823859,761.369001606158,0,0,534.236442417406,0,298.744332119779,0,349.350913827046,0,0,353.150141343511,0,0,495.690159191125,0,0,0,397.811764705882,0,646.363531389713,0,0,314.970038349659,332.493895081194,0,1026.16240691536,0,678.137726905187,2350,2360.21739130435,0,0
0,596.81688919712,0,0,1857.84511463444,357.958786052948,0,0,722.471737591778,748.131189632417,0,0,525.493130718567,0,280.496271493128,0,340.727364104022,0,0,365.348445537375,0,0,495.690159191125,0,0,0,405.035294117647,0,649.389642692036,0,0,312.947053286916,305.956193204766,0,1010.11556350889,0,678.137726905187,2350,2360.21739130435,0,0
0,600.116768988582,0,0,1883.9289422988,362.303074793071,0,0,700.645603006435,724.09566040265,0,0,509.151072247421,0,283.857287921796,0,341.333269805207,0,0,365.433374147905,0,0,495.690159191125,0,0,0,391.564705882353,0,634.297180645393,0,0,309.720348738862,310.552502841848,0,1027.31609070503,0,678.137726905187,2350,2360.21739130435,0,0
0,600.624238618978,0,0,1949.88288326402,375.358447602551,0,0,691.315287719298,718.60796946513,0,0,510.270086694356,0,301.878589526986,0,367.818541424898,0,0,365.828026269952,0,0,495.690159191125,0,0,0,409.317647058823,0,660.071935563268,0,0,310.003041225704,308.878996104443,0,926.832979773805,0,678.137726905187,2350,2360.21739130435,0,0
0,594.626968843618,0,0,1908.17876466597,334.767157319745,0,0,680.162545596758,711.531913295932,0,0,529.090790356857,0,290.510985794589,0,346.526280962313,0,0,357.766176683054,0,0,495.690159191125,0,0,0,400.482352941177,0,648.584063622637,0,0,308.521567865798,307.030953100997,0,904.644403572371,0,678.137726905187,2350,2360.21739130435,0,0
0,603.215725922237,0,0,1775.82322051705,313.135446380696,0,0,697.581939573772,734.40751416989,0,0,525.354969433123,0,289.254988083734,0,345.597321281196,0,0,347.699533792864,0,0,495.690159191125,0,0,0,395.435294117647,0,633.64688321529,0,0,296.035960210232,295.133658717899,0,875.721886133836,0,637.290896592571,2350,2360.21739130435,0,0
0,544.76926873545,0,0,1723.48019330055,337.245382902725,0,0,725.025206942206,763.995251921437,0,0,516.907605977325,0,279.611133156077,0,337.053469639776,0,0,361.744628216228,0,0,495.690159191125,0,0,0,410.541176470588,0,651.729113537147,0,0,299.14350333942,292.09365078274,0,880.215482180386,0,612.965105308831,2083.82466151111,2097.52856523744,0,0
0,536.010338969789,0,0,1745.91339452112,335.12456957992,0,0,732.427409094258,764.027271016846,0,0,512.147456212981,0,290.384072835712,0,355.549276378433,0,0,364.618055813283,0,0,495.690159191125,0,0,0,407.24705882353,0,654.173768011409,0,0,301.1582282659,299.72543726632,0,912.658219767863,0,603.430998292565,2198.98287861009,2208.39894859842,0,0
0,533.619140859567,0,0,1722.72555767702,332.027871030346,0,0,723.705197965423,754.010793662604,0,0,535.264518254448,0,312.010462988436,0,376.044269514143,0,0,374.064007145166,0,0,495.690159191125,0,0,0,401.823529411765,0,650.668528798583,0,0,314.540054890856,303.173728667026,0,959.034320474001,0,633.023405205815,2095.84947288829,2105.34535294733,0,0
0,534.425775505115,0,0,1744.98748598281,338.454790085225,0,0,738.533795851873,781.646006506787,0,0,557.619283053076,0,317.544502617801,0,378.837374825946,0,0,374.37363650178,0,0,495.690159191125,0,0,0,396.905882352941,0,641.756408766514,0,0,310.671817532587,311.479816857432,0,968.94448485687,0,672.87514280079,2350,2360.21739130424,0,0
0,540.320896816816,0,0,1830.63077222428,357.391614211252,0,0,764.113210341313,803.897632523692,0,0,573.74480697249,0,317.544502617801,0,371.493511441952,0,0,376.281887556118,0,0,495.690159191125,0,0,0,394.894117647059,0,651.861827002314,0,0,316.782757444007,312.367159324036,0,953.518050737488,0,629.13354499642,2194.13544045841,2202.57373960008,0,0
0,535.404246930142,0,0,1740.81538604294,364.494870393541,0,0,783.828415452185,825.844630105016,0,0,568.563491598895,0,307.008247105158,0,363.887866713307,0,0,372.498917355152,0,0,495.690159191125,0,0,0,404.705882352941,0,648.029763348199,0,0,311.632948035569,306.332799626473,0,925.615745642117,0,638.844061710147,2174.30045493608,2183.47323980563,0,0
0,533.651981172211,0,0,1652.59539793008,317.635384185857,0,0,803.47677112195,840.042815735329,0,0,550.226155152003,0,298.416941154429,0,359.165529635006,0,0,362.592053708779,0,0,495.690159191125,0,0,0,400.976470588235,0,653.181645393114,0,0,304.447400468059,307.161327569683,0,917.109051893779,0,624.672719278394,2169.53053804905,2178.84102231848,0,0
0,537.221838516281,0,0,1719.32334753278,331.804463345548,0,0,771.578607354647,790.529227020651,0,0,532.248327106955,0,288.601851005413,0,350.17682300967,0,0,365.168321576045,0,0,495.690159191125,0,0,0,397.070588235294,0,637.195533095636,0,0,298.287750367773,299.229236111912,0,906.858042597501,0,611.356749389369,2139.07577074741,2149.52738428019,0,0
0,539.006919252939,0,0,1719.56104180743,331.968964363077,0,0,742.596905081089,765.651313903242,0,0,512.748889130982,0,289.832362337276,0,359.717575937407,0,0,367.978242526035,0,0,495.690159191125,0,0,0,406.917647058823,0,654.346171640024,0,0,302.740843761515,296.12851701334,0,912.18106037248,0,632.627450853408,2112.76845702153,2120.63462249065,0,0
0,540.656884493424,0,0,1721.24538148765,330.362052381698,0,0,711.690036170453,736.179407099145,0,0,521.459213735362,0,303.014489726635,0,369.40542854458,0,0,370.514095825702,0,0,495.690159191125,0,0,0,406.482352941177,0,655.03441591875,0,0,310.332905148266,305.53120613334,0,918.567405897536,0,632.899599329904,2300.83854940479,2310.34445359995,0,0
0,540.456164389316,0,0,1782.41712918159,344.883090283782,0,0,710.638325348045,748.574337871214,0,0,542.086296514566,0,306.772596579328,0,366.295705951369,0,0,360.715077655192,0,0,495.690159191125,0,0,0,399.635294117647,0,632.403472294429,0,0,300.63734323868,298.295237303301,0,882.529876273381,0,617.526940587754,2038.32044796669,2049.06243684167,0,0
0,533.316322971772,0,0,1702.16098465531,329.194049596909,0,0,735.650268326382,776.712135147751,0,0,553.130108298462,0,307.158997223298,0,364.843684946474,0,0,369.19197358485,0,0,495.690159191125,0,0,0,398.247058823529,0,632.149705424959,0,0,299.24965910396,291.305212397629,0,885.238387989595,0,607.013460839715,2142.83536127695,2152.27514936956,0,0
0,466.391118761003,0,0,1462.47521101041,280.772318872586,0,0,759.238722101433,798.540559391994,0,0,552.6445612428,0,309.414580215568,0,372.623061986071,0,0,369.102437209594,0,0,495.690159191125,0,0,0,396.035294117647,0,626.267412315626,0,0,296.511250292339,296.998028368399,0,891.100172073146,0,621.435199968059,2188.33453051572,2198.48145013223,0,0
0,474.674756048988,0,0,1566.29124809883,301.486798540002,0,0,769.416771421967,805.952296432202,0,0,561.692877429627,0,306.421683994162,0,359.192783817274,0,0,359.564520303639,0,0,495.690159191125,0,0,0,405.988235294117,0,648.668405897365,0,0,301.640933543478,298.302934356507,0,894.807855078108,0,618.445649120518,2058.60339283067,2066.0411540566,0,0
0,472.28414083963,0,0,1574.14646716434,303.927721324979,0,0,777.19226725777,811.568692380904,0,0,550.839237056159,0,307.424363118381,0,367.049884665884,0,0,361.946023210222,0,0,495.690159191125,0,0,0,403.458823529412,0,665.579411167791,0,0,321.271764930866,313.072028193955,0,969.065431702828,0,666.276760592871,2312.76935427265,2321.35261643961,0,0
0,468.243256356605,0,0,1544.47649515213,298.663067980645,0,0,765.35119694102,792.949557160712,0,0,547.631890437463,0,303.462976900362,0,355.922265218908,0,0,359.822551616224,0,0,495.690159191125,0,0,0,408.470588235294,0,660.230941911059,0,0,313.585132271601,316.194941429239,0,947.186441088823,0,688.466277250712,2350,2360.21739130435,0,0
0,464.100122020508,0,0,1490.77599213826,287.287164109482,0,0,665.444124355817,702.725174879844,0,0,542.830652240312,0,291.605643472201,0,346.245811713496,0,0,353.880386944858,0,0,495.690159191125,0,0,0,397.588235294118,0,633.302947009195,0,0,301.295407435763,299.434340910548,0,891.336733035753,0,616.138057194084,2146.95594708625,2158.94231285238,0,0
0,466.052854447141,0,0,1504.13167013594,289.853675496721,0,0,665.663104038987,689.096853844276,0,0,524.794364368573,0,294.702251196713,0,359.238477384763,0,0,371.04803421462,0,0,495.690159191125,0,0,0,405.694117647059,0,652.845641894415,0,0,305.313194009216,298.194866275661,0,897.361875182048,0,632.280691351585,2184.7192181688,2192.35080154286,0,0
0,468.713928671601,0,0,1530.04443024673,295.189017524231,0,0,681.305686719277,709.252047455801,0,0,519.227599451394,0,292.873466110558,0,352.078099553524,0,0,365.444032854295,0,0,495.690159191125,0,0,0,400.670588235294,0,640.484592715307,0,0,300.97062008424,296.307136894393,0,887.963773811185,0,624.48734081535,2175.14674797872,2186.196278078,0,0
0,467.064115501375,0,0,1515.70517451429,293.452900136816,0,0,694.373249513192,717.181673220718,0,0,524.641736632474,0,301.913983207879,0,362.703523809431,0,0,361.647144432454,0,0,495.690159191125,0,0,0,406.564705882353,0,655.874230913784,0,0,308.244556937011,306.227276347057,0,912.62386374526,0,625.213080003991,2194.76632700823,2202.66093580957,0,0
0,466.052955823556,0,0,1466.0893217527,282.296075703769,0,0,675.033291466204,710.667324631057,0,0,529.594012555453,0,294.599457298034,0,350.844445185297,0,0,367.145523988611,0,0,495.690159191125,0,0,0,405.364705882353,0,653.458355512906,0,0,307.736559878467,309.024559411639,0,930.133822439721,0,641.347021744722,2178.38797152001,2187.85066736763,0,0
0,469.925808462196,0,0,1495.3362835345,289.290881578343,0,0,683.514247079637,707.664372114932,0,0,498.729025936998,0,300.446458051648,0,361.088370559658,0,0,362.778686039912,0,0,495.690159191125,0,0,0,404.164705882353,0,651.213645840632,0,0,313.548920152767,297.999913621892,0,920.850944411996,0,618.166500394385,2216.17954951283,2226.4215239455,0,0
0,470.937044173843,0,0,1481.16615865161,285.310612791157,0,0,684.049488455408,718.009237529909,0,0,517.682574092334,0,297.238715349927,0,342.875947590957,0,0,359.741983083662,0,0,495.690159191125,0,0,0,405.117647058823,0,649.361235582568,0,0,312.233333270636,315.318408362928,0,950.984365302304,0,669.655914125431,2236.74393892883,2245.82784514708,0,0
0,467.670131431368,0,0,1478.30482006141,284.195737823871,0,0,665.562077970851,700.738861926606,0,0,497.481844204656,0,291.72051148163,0,358.623888310105,0,0,361.194665298569,0,0,495.690159191125,0,0,0,397.235294117647,0,631.931414587861,0,0,297.311091852937,295.018030405806,0,873.056628880974,0,624.251925504864,2184.53872935379,2196.25575539233,0,0
0,545.517086109834,0,0,1719.4532416997,332.653246352827,0,0,735.547226869864,750.776656397581,0,0,520.704163345612,0,282.259692817074,0,360.906862600589,0,0,373.208301756497,0,0,495.690159191125,0,0,0,396.447058823529,0,643.846700721207,0,0,301.532905712877,298.676994231615,0,877.358755809375,0,595.617893651502,2132.25566362002,2140.93797648894,0,0
0,554.006591483591,0,0,1734.43212325829,332.784129951345,0,0,739.535278658169,781.651135310148,0,0,531.387464507492,0,297.1698714743,0,365.942966434924,0,0,369.223698448932,0,0,495.690159191125,0,0,0,403.341176470588,0,652.061767681914,0,0,310.520018199246,304.31749364421,0,923.783095061641,0,612.097608984215,2076.54368684271,2084.86338285019,0,0
0,558.149877974288,0,0,1817.80812377076,350.909122681663,0,0,762.768536427623,794.198947683382,0,0,540.761440722123,0,304.356561102566,0,363.38613163238,0,0,372.383441225475,0,0,495.690159191125,0,0,0,412.047058823529,0,672.273113858609,0,0,323.430041502377,319.840629855408,0,986.285170803158,0,686.653059142626,2309.13752638535,2316.92792347904,0,0
0,555.894175606077,0,0,1798.92807605258,347.506296689606,0,0,753.806803162859,788.950126356625,0,0,534.706935504652,0,298.808202307176,0,370.180405596768,0,0,369.416205772611,0,0,495.690159191125,0,0,0,404.35294117647,0,653.292650123894,0,0,318.593620200844,314.657417339665,0,949.3797056969,0,690.9724534801,2350,2360.21739130435,0,0
0,555.218826194622,0,0,1756.95252259006,338.733462673015,0,0,744.532767802713,775.472906776154,0,0,541.741526854873,0,299.871232700665,0,362.48949239472,0,0,369.731248777811,0,0,495.690159191125,0,0,0,411.258823529412,0,672.425053359751,0,0,319.565708471631,318.3501147202,0,955.796328909336,0,665.936506336944,2350,2360.21739130435,0,0
0,558.993107191077,0,0,1819.16928031292,348.668397255209,0,0,760.941827319483,796.161708889904,0,0,554.09557874298,0,306.840351068408,0,343.856473861351,0,0,363.852145257474,0,0,495.690159191125,0,0,0,403.070588235294,0,649.248123511211,0,0,315.674059965861,310.851028507782,0,943.824021444484,0,694.713097741801,2350,2360.21739130435,0,0
0,552.525063707836,0,0,1834.86153583558,353.761818936503,0,0,794.384019608016,806.182003968729,0,0,554.281705904908,0,306.15192104395,0,363.654054932379,0,0,363.689799098404,0,0,495.690159191125,0,0,0,408.117647058824,0,662.173524727615,0,0,315.907558860865,308.704468445568,0,953.370909217767,0,666.312492343044,2350,2360.21739130435,0,0
0,558.452797248902,0,0,1861.626647313,361.861864383656,0,0,836.673672957879,873.323492060198,0,0,557.992901854717,0,296.807173266983,0,352.14564996976,0,0,355.881124553823,0,0,495.690159191125,0,0,0,410.164705882353,0,676.969174747467,0,0,327.619935022818,328.656431976063,0,1012.1954359231,0,718.322859260134,2350,2360.21739130435,0,0
0,554.514390684902,0,0,1767.94197243475,340.851202559366,0,0,795.194604384355,840.009756869589,0,0,525.814474388277,0,280.945796740351,0,341.311201434472,0,0,357.920113031166,0,0,495.690159191125,0,0,0,411.964705882353,0,682.21705798729,0,0,327.913709446962,315.931971904262,0,961.388508390508,0,691.696592395576,2350,2360.21739130435,0,0
0,542.760539859965,0,0,1709.540696844,329.824669307995,0,0,771.380832412789,801.691655616538,0,0,498.151596779163,0,283.341439476822,0,353.153346316314,0,0,366.807599658418,0,0,495.690159191125,0,0,0,400.482352941177,0,667.225180161332,0,0,324.959246993414,331.212255705091,0,991.853823546574,0,678.218050382463,2350,2360.21739130435,0,0
0,540.299906948618,0,0,1681.87692159624,322.550408819192,0,0,752.739297164844,791.830444453326,0,0,508.860774651435,0,296.761982018621,0,342.546855699689,0,0,331.244342443472,0,0,495.690159191125,0,0,0,407.082352941176,0,668.426410307137,0,0,322.431723617658,314.200187440751,0,938.846169865483,0,678.138202745958,2350,2360.21739130435,0,0
0,546.968771899381,0,0,1775.34345702281,344.194287253957,0,0,776.242703719754,726.597273500221,0,0,515.784414965723,0,279.149989119793,0,329.348357999965,0,0,350.746424547588,0,0,495.690159191125,0,0,0,403.670588235294,0,652.165709081619,0,0,307.033727730673,307.892983906121,0,921.189720431978,0,678.137729724095,2350,2360.21739130435,0,0
0,538.092273480744,0,0,1690.93982169188,325.442097764927,0,0,702.506297344129,735.102304873372,0,0,506.043807909663,0,288.1816175534,0,346.517685092324,0,0,364.59736314655,0,0,495.690159191125,0,0,0,406.670588235294,0,658.593116434164,0,0,316.384692726573,307.313043203743,0,942.06856990892,0,678.137726921887,2350,2360.21739130435,0,0
0,538.665039480689,0,0,1733.47078609812,332.262230188077,0,0,700.035017978002,727.314460023687,0,0,512.686947662732,0,290.330847905915,0,350.643534741313,0,0,351.380767426116,0,0,495.690159191125,0,0,0,402.694117647059,0,661.936000784427,0,0,315.662328321467,322.917101180769,0,943.965036146249,0,678.137726905286,2350,2360.21739130435,0,0
0,534.018316459575,0,0,1781.38783204601,344.690300123953,0,0,693.106238427127,723.854030097263,0,0,510.495065063297,0,284.898177143522,0,350.412578808615,0,0,359.761824979473,0,0,495.690159191125,0,0,0,403.752941176471,0,655.556588860587,0,0,302.43628479349,294.931281265094,0,874.27197115324,0,623.426692226814,2350,2360.21739130435,0,0
0,529.908022444792,0,0,1699.87249272503,328.980115067165,0,0,704.157466894583,739.246107376906,0,0,508.193932101421,0,282.059676066937,0,342.15021966766,0,0,358.253933393845,0,0,495.690159191125,0,0,0,395.329411764706,0,642.710944062554,0,0,309.421157580934,301.381830117495,0,915.234128380929,0,652.675467897483,2350,2360.21739130435,0,0
0,533.141968148683,0,0,1695.67039727567,325.994196588359,0,0,716.483648975587,750.468543892743,0,0,503.933926651406,0,287.912652072346,0,348.524516175984,0,0,348.008389080761,0,0,495.690159191125,0,0,0,402.905882352941,0,646.74046586361,0,0,308.334894728713,305.868287324509,0,936.185199475874,0,638.677891657736,2212.94345380521,2222.21875431341,0,0
0,534.116710683712,0,0,1701.94360513226,329.94020869571,0,0,701.58844138795,724.503648562473,0,0,504.413171371032,0,294.752918378783,0,353.955942230905,0,0,353.735776043283,0,0,495.690159191125,0,0,0,406.023529411765,0,663.338413453889,0,0,313.233438741757,315.357434747004,0,937.385920087377,0,664.851779393232,2302.35304215694,2310.16876883588,0,0
0,542.23482078212,0,0,1716.22600016393,329.155928774536,0,0,702.903422327192,741.060277291031,0,0,524.409451090104,0,297.614575125112,0,347.181109942055,0,0,357.433347033553,0,0,495.690159191125,0,0,0,404.247058823529,0,661.147172133871,0,0,308.764662379547,298.873772283577,0,901.261681261603,0,643.792084202246,2119.27459206174,2130.03562857347,0,0
0,539.136066608232,0,0,1745.46948120194,338.106834876446,0,0,723.209271243709,762.090357799739,0,0,537.409498075281,0,293.860481587566,0,348.910734522926,0,0,359.624887161538,0,0,495.690159191125,0,0,0,409.258823529411,0,659.539709145809,0,0,329.035960714571,320.274206402599,0,988.893720292623,0,708.400961809473,2350,2360.21739130435,0,0
0,537.588249846141,0,0,1704.63464439908,328.978659173972,0,0,738.429623377108,770.711374339182,0,0,521.321513372852,0,294.740197095583,0,347.360246628472,0,0,357.990297261333,0,0,495.690159191125,0,0,0,404.164705882353,0,646.466237686849,0,0,308.862535203936,311.562897195163,0,962.809466681259,0,680.719042103914,2350,2360.21739130435,0,0
0,531.996073130833,0,0,1653.88071886594,318.177914914182,0,0,731.953741722999,763.543703881278,0,0,523.717422363284,0,289.259127274279,0,351.547650694028,0,0,366.659891642758,0,0,495.690159191125,0,0,0,405.035294117647,0,647.679999278227,0,0,324.254479741594,316.032330832685,0,980.610627488392,0,684.373513635421,2350,2360.21739130435,0,0
0,536.744817884325,0,0,1705.60444424045,329.498764569234,0,0,732.24140266293,763.863806020302,0,0,528.739167964707,0,293.883527006247,0,343.356009753374,0,0,343.533199692036,0,0,495.690159191125,0,0,0,401.847058823529,0,649.036527643278,0,0,310.692141167848,307.746398913837,0,986.454638304053,0,694.356847092863,2350,2360.21739130435,0,0
0,534.456275181794,0,0,1696.87179805485,326.230337546874,0,0,736.724910017362,772.236932086112,0,0,530.497206466827,0,292.708512839819,0,342.100060600155,0,0,345.432230909988,0,0,495.690159191125,0,0,0,404.6,0,648.854944743604,0,0,311.269975614335,312.518186096475,0,974.291511982805,0,678.233809880032,2350,2360.21739130435,0,0
0,536.426729502003,0,0,1691.47130084682,328.260418430015,0,0,744.81145054388,777.524843315829,0,0,522.985469139089,0,286.285955564244,0,339.676301204964,0,0,350.719064223697,0,0,495.690159191125,0,0,0,401.435294117647,0,639.222822979737,0,0,308.563634890469,300.530870739216,0,919.988676141554,0,678.138296106103,2350,2360.21739130435,0,0
0,544.139716495933,0,0,1677.88796553548,322.22078650271,0,0,657.966160011789,682.948995061049,0,0,510.259742647828,0,277.124907232343,0,338.18056782031,0,0,348.084790631073,0,0,495.690159191125,0,0,0,410.164705882353,0,658.571407993734,0,0,305.425329485572,308.557942355114,0,951.278404686242,0,678.137730277165,2350,2360.21739130435,0,0
0,543.366124912235,0,0,1727.44624295723,333.260725675905,0,0,689.367444646234,717.681697645903,0,0,497.200550541363,0,278.874504944023,0,335.346278825335,0,0,348.331988462714,0,0,495.690159191125,0,0,0,406.235294117647,0,652.27882509121,0,0,315.398393371101,308.232189234104,0,952.087218045746,0,670.333690621723,2350,2360.21739130435,0,0
0,539.66112672507,0,0,1695.33587245757,327.872862021918,0,0,683.306641416549,715.418407181943,0,0,486.010624703318,0,265.999215849106,0,338.418346806001,0,0,349.434471280954,0,0,495.690159191125,0,0,0,412.317647058824,0,664.335998372948,0,0,315.950161987446,316.654764237556,0,971.119224985057,0,655.175061125485,2350,2360.21739130435,0,0
0,540.56990984468,0,0,1667.99918012718,321.118522179216,0,0,662.460061432437,691.64556971844,0,0,477.969923135695,0,266.923238123095,0,316.472346250577,0,0,321.836709038895,0,0,495.690159191125,0,0,0,430.905882352941,0,683.66523122602,0,0,324.928054171536,322.226380334732,0,1011.46813980125,0,674.934375340032,2350,2360.21739130435,0,0
0,541.884014124092,0,0,1705.77293554316,328.056671432076,0,0,655.271769516311,703.441966955641,0,0,482.369868289918,0,259.163868812246,0,305.395861433215,0,0,329.113770355451,0,0,495.690159191125,0,0,0,427.964705882353,0,680.827411496577,0,0,318.600332981008,307.653161860476,0,974.575931872126,0,688.330088109094,2350,2360.21739130435,0,0
0,539.055136139398,0,0,1716.53341450882,332.0708260147,0,0,652.139627595983,673.087819625487,0,0,469.406758119829,0,263.889879405036,0,326.240542259936,0,0,334.750802617472,0,0,495.690159191125,0,0,0,421.647058823562,0,676.200019068942,0,0,322.393228755665,318.549519295295,0,953.068546813729,0,693.710412777567,2350,2360.21739130435,0,0
0,539.693840320448,0,0,1674.23961712229,322.66549612604,0,0,639.305939880691,667.517066912355,0,0,482.311699226077,0,270.857771122445,0,333.97656073671,0,0,348.461576973665,0,0,495.690159191125,0,0,0,403.4,0,649.194298084753,0,0,304.862823128791,312.754489189222,0,906.959924487959,0,662.633543054595,2350,2360.21739130435,0,0
0,543.06300290473,0,0,1712.50867464263,330.71644069401,0,0,650.691272107905,681.115183701767,0,0,496.293068744933,0,283.37998885009,0,338.990626487961,0,0,343.15654721742,0,0,495.690159191125,0,0,0,401.576470588235,0,648.701766979102,0,0,310.585055434537,301.588832588732,0,920.428757249304,0,586.71421324652,2350,2360.21739130435,0,0
0,537.708242224712,0,0,1668.52992092963,321.908830769141,0,0,638.621920282569,664.917099239813,0,0,509.146559006509,0,274.600572634604,0,332.579793738766,0,0,361.219842962981,0,0,495.690159191125,0,0,0,398.623529411765,0,633.789648449463,0,0,295.778932090132,294.43252493181,0,932.904392115362,0,618.188699153588,2075.11467571438,2086.1796208315,0,0
0,539.423685348927,0,0,1653.40385729794,318.305634849814,0,0,632.532234994053,666.254503757144,0,0,459.296181825179,0,307.566480912126,0,361.117534491551,0,0,357.989670058402,0,0,495.690159191125,0,0,0,399.2,0,644.677704004699,0,0,300.814298955805,300.290946803787,0,927.113933463013,0,648.930900774909,2179.29362222256,2187.66290860428,0,0
0,544.512121313436,0,0,1731.99117408915,334.353044248423,0,0,639.569759062538,675.197270540752,0,0,464.47779020225,0,262.277476869166,0,372.862745066842,0,0,374.2991759335,0,0,495.690159191125,0,0,0,402.282352941176,0,648.841177716519,0,0,303.68869737771,300.81785823285,0,908.766655967987,0,628.173254362434,2220.65686973779,2229.82695862808,0,0
0,430.077879125377,0,0,1341.8469514281,258.929701689594,0,0,530.485425085187,556.335958066157,0,0,391.141433887011,0,232.396060249328,0,292.671292588628,0,0,310.608238035736,0,0,495.690159191125,0,0,0,401.6,0,644.991998553592,0,0,309.644844332993,296.457728324056,0,904.721518124831,0,606.189521243292,2115.47534629334,2124.84770950875,0,0
0,434.048942936432,0,0,1369.40541143945,264.774406202044,0,0,536.752439867226,556.348295248131,0,0,384.158690468559,0,209.475750949939,0,256.601752141211,0,0,275.13046753783,0,0,399.373911743298,0,0,0,338.153940216868,0,553.441291354152,0,0,271.821787341761,288.956118898163,0,900.254686459905,0,651.37776441595,2187.44265076014,2198.85581176476,0,0
0,432.599951108596,0,0,1329.10265106642,256.104955392079,0,0,527.097644241992,554.281575353039,0,0,390.568526673933,0,217.712496805923,0,262.480190200527,0,0,271.408638595773,0,0,382.090524938739,0,0,0,315.419955976898,0,507.746969743462,0,0,245.051649776003,236.111040382675,0,721.930604945074,0,496.014618718316,1884.87300406325,1897.92948261093,0,0
0,432.366263969366,0,0,1359.06322252928,262.326703686986,0,0,520.930293449973,547.626706044823,0,0,369.465419350977,0,207.43637108507,0,254.216288115945,0,0,271.203419509075,0,0,380.225962264187,0,0,0,318.190429098053,0,504.622357888707,0,0,238.350563194237,240.252745490998,0,742.544781976398,0,493.259193517991,1652.34733555102,1661.8066185043,0,0
0,424.248179217013,0,0,1288.88805372158,248.813064135179,0,0,499.686632855313,521.940911894405,0,0,355.520240831879,0,197.068248350545,0,240.082627414682,0,0,249.077594343651,0,0,357.089281175127,0,0,0,299.719653088915,0,485.626503295556,0,0,229.372055567591,226.495701606676,0,731.750816377002,0,515.592755802554,1738.90904704013,1747.36350331624,0,0
0,426.740993498204,0,0,1305.38876271983,251.634834311018,0,0,502.712342446644,524.741644888678,0,0,361.998018757493,0,195.126974383051,0,234.842212183417,0,0,234.003068429464,0,0,329.615720881866,0,0,0,274.452981532146,0,452.227244103051,0,0,218.5723374177,217.489671449908,0,702.306155903812,0,511.631465204527,1791.00439980117,1802.08395238902,0,0
0,425.291951110325,0,0,1292.66237122679,248.848465221328,0,0,501.287477028464,523.419048072525,0,0,360.767849751856,0,204.082975742912,0,254.640639051384,0,0,263.239280764818,0,0,364.350730709149,0,0,0,291.786015154622,0,467.372189124074,0,0,219.632610162574,217.822917488499,0,667.264681535141,0,458.143893168231,1680.38730675131,1688.25732215527,0,0
0,428.693903330748,0,0,1327.2444320364,256.758382077603,0,0,515.660642180608,536.289510976084,0,0,368.503791381145,0,200.711677187357,0,252.149721840471,0,0,252.666976968041,0,0,343.836218835137,0,0,0,288.775324646202,0,459.204634184308,0,0,221.191105043037,218.150944978867,0,667.493383373935,0,465.055939436366,1549.10142104701,1556.55807270303,0,0
0,428.255995287635,0,0,1299.11382204013,249.977229241483,0,0,501.090109389655,530.958878683192,0,0,371.31375800272,0,206.736694427679,0,251.612541554361,0,0,261.692391796234,0,0,347.238866089211,0,0,0,273.366389542772,0,447.242249333589,0,0,208.449141155465,208.472014977218,0,638.743000067985,0,465.595636129099,1571.7699909673,1581.78793517092,0,0
0,427.48212492177,0,0,1322.10357351101,255.088812711153,0,0,488.597515589273,515.87907250582,0,0,350.685021997377,0,197.306032973259,0,239.410868690874,0,0,245.66348863534,0,0,337.539498028805,0,0,0,284.770001227912,0,463.217006052921,0,0,217.356544833486,216.231720832452,0,686.504194743927,0,482.291958526155,1663.33140118833,1666.48126266908,0,0
0,426.503856246107,0,0,1291.74417671713,249.696200844339,0,0,479.171490182386,496.474981967957,0,0,336.806371324661,0,190.810201086745,0,233.073103678848,0,0,251.366164637122,0,0,349.171627318653,0,0,0,284.529536323568,0,462.318001533707,0,0,213.266049125541,208.552229914572,0,646.849352899403,0,489.518396204413,1716.12150383105,1724.59745769342,0,0
0,431.657922163737,0,0,1318.32890421739,253.671849649614,0,0,487.054004885287,506.386364332527,0,0,342.722619217352,0,187.7468106062,0,226.560856471584,0,0,226.883357121022,0,0,318.675882436777,0,0,0,260.661213128362,0,432.114005207754,0,0,208.937375583806,209.679184534354,0,651.078723340843,0,417.574364192533,1616.24978881941,1624.98960472179,0,0
0,354.965733164252,0,0,1105.15926442447,212.661785869385,0,0,444.049645567799,463.229915441218,0,0,325.700547366097,0,187.870391403398,0,232.70313544384,0,0,241.805346191414,0,0,334.738780542587,0,0,0,267.91441850739,0,428.942205343955,0,0,200.777585467526,193.012792047117,0,599.795674797361,0,396.535021525225,1320.65803874837,1327.45014878549,0,0
0,353.481050781801,0,0,1110.32759889731,214.704423724963,0,0,448.95380214021,474.55222922781,0,0,329.448840537485,0,180.491393696445,0,212.861163412659,0,0,217.251658857713,0,0,305.900632396719,0,0,0,244.407388201653,0,394.696176273905,0,0,190.443506684393,196.090345198805,0,630.636052125004,0,423.815256724068,1402.09936581139,1410.28355764789,0,0
0,354.0869398953,0,0,1090.2508089817,210.491006161546,0,0,424.418165302501,445.05794916973,0,0,303.459712906413,0,166.313087521897,0,199.314988089275,0,0,198.473287084205,0,0,286.124133852091,0,0,0,229.479355943331,0,381.618969799218,0,0,182.502929405638,176.763888238888,0,591.515370492709,0,416.616579425812,1475.17626311342,1483.49675712735,0,0
0,354.66003946928,0,0,1093.33086268134,210.627471628843,0,0,420.973965511538,443.350535749472,0,0,310.855881547864,0,174.232534923294,0,209.047938630752,0,0,213.685604359996,0,0,315.5967303402,0,0,0,249.284542408155,0,408.146938162626,0,0,196.350051286979,193.540487396649,0,604.022259093176,0,417.654974876689,1458.56529505114,1461.19751958954,0,0
0,353.345985874174,0,0,1087.29925825906,209.58257974821,0,0,419.780056393255,430.53233062683,0,0,302.427909833758,0,167.656135021691,0,202.898156599737,0,0,203.687260625641,0,0,301.063139269183,0,0,0,255.230165949276,0,410.450355486409,0,0,195.071823481375,195.174601490797,0,604.633987913445,0,434.608983224195,1412.23787187978,1417.27281512136,0,0
0,354.660014126692,0,0,1104.05388416721,213.148672557332,0,0,431.494817150549,458.184711490225,0,0,321.263714195937,0,183.043956980189,0,219.884196631411,0,0,219.81707561544,0,0,304.109285171986,0,0,0,246.383810647352,0,390.821197496669,0,0,182.271925568266,181.023943034592,0,571.456379577647,0,421.206956831276,1497.80465117528,1508.86856839252,0,0
0,353.951925766871,0,0,1079.99341589081,208.742877642581,0,0,414.444415684066,428.864721990412,0,0,292.942596683779,0,168.060313093155,0,207.491471267968,0,0,215.306897664357,0,0,308.332359817681,0,0,0,258.302091591273,0,423.208175039527,0,0,203.106788307933,196.293470197133,0,595.833147843258,0,430.252661608221,1487.47156232343,1490.12847269754,0,0
0,357.050933383099,0,0,1088.50302109694,209.92094398712,0,0,415.957634227433,434.178846478244,0,0,292.364242463934,0,163.137918285825,0,205.079084098528,0,0,215.907268651799,0,0,298.283070575298,0,0,0,243.245124703167,0,405.004495687714,0,0,195.961273899983,194.733939950255,0,578.226232159482,0,401.335196540947,1481.4476325245,1490.80188324353,0,0
0,354.357170898914,0,0,1083.22984863635,208.114818227549,0,0,414.425991164505,434.642600164665,0,0,297.721089347775,0,165.185349451296,0,202.897811010657,0,0,213.066449115096,0,0,304.931637523287,0,0,0,249.102799200648,0,406.29790502301,0,0,200.012904277145,197.076550206413,0,619.897704736803,0,436.11166790513,1319.3620450385,1324.24944595613,0,0
0,351.696071329266,0,0,1089.52121520348,210.352365571786,0,0,415.514049117949,435.785953497789,0,0,297.150772143216,0,168.25352537071,0,202.106060030894,0,0,212.666581155669,0,0,309.106326091917,0,0,0,255.81451851336,0,418.456934124769,0,0,198.063807013758,197.989182182621,0,609.692160626369,0,458.430711745915,1733.08174192537,1737.59608965705,0,0
0,351.528064817935,0,0,1084.89092177835,209.569382459452,0,0,404.261477324384,427.864770220522,0,0,288.352277358263,0,163.397543873383,0,200.506561417028,0,0,208.351168457934,0,0,288.819794331489,0,0,0,230.825245094738,0,381.922984109947,0,0,180.534114440697,180.751396618473,0,550.681938354419,0,415.777660877144,1328.74751074474,1340.91462300117,0,0
0,352.637745449295,0,0,1060.55447853557,204.311887274912,0,0,393.00534548125,410.371246941806,0,0,285.764997869033,0,157.016854592345,0,192.156741084953,0,0,201.53488516369,0,0,286.367207981181,0,0,0,238.546238249234,0,387.229812986866,0,0,178.800872600995,179.545952062443,0,568.422751224694,0,427.012420804296,1502.93581831328,1507.7777066259,0,0
0,315.082464890781,0,0,993.370995712095,191.50575554542,0,0,376.888107764772,392.208870612483,0,0,272.980180891892,0,152.283688310089,0,186.155103312147,0,0,190.052647886181,0,0,260.728508180198,0,0,0,217.581225973352,0,356.257515106013,0,0,173.407158315853,168.493637873162,0,549.413192657056,0,421.417271059818,1494.1228913397,1505.00923106229,0,0
0,308.682297672093,0,0,959.317623887881,185.81458915298,0,0,374.239023542836,394.725183376253,0,0,280.003905894911,0,157.40857645117,0,187.718745120935,0,0,192.6379606989,0,0,271.179742822477,0,0,0,228.62398837278,0,370.843340148617,0,0,178.275456989058,179.604608494621,0,543.191789360478,0,389.453649344012,1445.21871253719,1448.52487539359,0,0
0,306.324041280383,0,0,917.390437795849,176.248683430102,0,0,347.814017750937,361.288020642211,0,0,249.246593645944,0,140.098422932874,0,165.512374310631,0,0,175.895520676362,0,0,260.221825652006,0,0,0,213.481333083831,0,355.145919583969,0,0,165.080911439152,163.439821983575,0,505.751653583588,0,339.636657197953,1162.13908415475,1167.53073494212,0,0
0,306.897039472747,0,0,947.074740683776,183.101681275512,0,0,358.632549403493,382.113237265938,0,0,272.279096569092,0,151.860578169763,0,183.865094567734,0,0,184.011590471693,0,0,270.220520003578,0,0,0,221.052733933126,0,349.852591370177,0,0,161.767365239999,163.271803114088,0,513.762528040252,0,364.258795595398,1247.9520694472,1253.80874716238,0,0
0,306.49189571452,0,0,918.408077786234,177.011830957416,0,0,340.115798665183,351.274939036314,0,0,248.557860730477,0,146.989440693067,0,183.69401763924,0,0,185.792198422341,0,0,265.587972628825,0,0,0,215.249723873791,0,345.102807278244,0,0,162.831599362049,157.700613856598,0,492.411604800962,0,357.293385909085,1236.1252469938,1244.55088063247,0,0
0,310.937847931475,0,0,951.114240147527,183.30881618777,0,0,352.081118517061,367.448625962998,0,0,248.938559093363,0,136.402553063579,0,166.177486816049,0,0,168.026858310291,0,0,241.082168636441,0,0,0,205.858832215262,0,339.59719387462,0,0,166.617911583252,164.414231062221,0,512.954722605007,0,370.271764775694,1248.11754379281,1252.40842545397,0,0
0,310.332060101235,0,0,958.520317399286,184.175057123349,0,0,360.021438231081,371.973388650763,0,0,257.543103805812,0,146.816682180752,0,176.723774592782,0,0,179.028996376697,0,0,259.335994965374,0,0,0,203.829920382532,0,336.097956284992,0,0,156.820134826881,154.163747266698,0,506.256311763115,0,366.029195677696,1264.17583704128,1270.90190355519,0,0
0,307.94114085003,0,0,973.481651748679,187.402802360362,0,0,365.898504795447,387.836337662476,0,0,265.254108721512,0,148.413724765744,0,180.347654666127,0,0,186.504147193894,0,0,264.136801684022,0,0,0,215.36632917356,0,345.027816688509,0,0,164.933109754274,164.803951888181,0,554.639607267182,0,405.880487621143,1370.69282072335,1375.2148924817,0,0
0,306.021045984078,0,0,964.110977284015,187.189137187413,0,0,363.257928084376,377.344981854489,0,0,265.980844622374,0,144.196052281087,0,174.170563906165,0,0,184.742947658881,0,0,262.58744530273,0,0,0,209.280379954588,0,343.18688530668,0,0,167.339483565312,166.845610211434,0,550.953539055604,0,421.257106850151,1474.33797507022,1480.60705516079,0,0
0,308.882764284886,0,0,929.629844251735,178.831910168583,0,0,341.766777935654,362.662107511158,0,0,251.656577029532,0,146.35046507746,0,175.496443602412,0,0,184.054195935688,0,0,254.823319181146,0,0,0,202.076769294478,0,318.218008681502,0,0,145.095022195154,144.377537317597,0,464.764470661916,0,353.368160643462,1301.93652380835,1311.82990120367,0,0
0,314.06982258282,0,0,979.028212891837,188.576877154087,0,0,341.35829602051,360.104350026962,0,0,239.336565261787,0,135.02819512006,0,159.309328207282,0,0,165.564493014932,0,0,237.955350650905,0,0,0,193.178824114213,0,316.772338779706,0,0,154.465658049796,149.667480063025,0,489.065636103543,0,328.98545053468,1144.0892787601,1147.59712568821,0,0
0,312.252180313241,0,0,984.336899259597,190.290850000138,0,0,334.886633649332,353.496463333117,0,0,233.176212258334,0,131.734902396455,0,160.319138114815,0,0,164.650926262636,0,0,231.843318981176,0,0,0,184.279528695093,0,294.018304456087,0,0,138.260017408694,138.911057806192,0,469.434934251444,0,341.385770334123,1181.34590005802,1190.33975641368,0,0
0,253.004157554722,0,0,782.514898469632,151.327087820314,0,0,279.772258546061,295.278924170606,0,0,200.724868600547,0,120.271800851311,0,148.133127593373,0,0,152.896456896436,0,0,213.086345782279,0,0,0,180.08968431655,0,289.231802941281,0,0,137.944339608652,138.202856843866,0,440.58871408268,0,335.809730327132,1144.26554613081,1148.96564395365,0,0
0,251.24998123756,0,0,750.652149811796,144.887256000089,0,0,269.278777831616,281.22181578551,0,0,190.650881947634,0,110.217781387491,0,136.257520868127,0,0,140.815154788372,0,0,196.936627801563,0,0,0,166.843146586919,0,268.461625017984,0,0,132.793246054925,128.998271296054,0,407.621338389017,0,286.401908156247,1063.35170618332,1070.32355096188,0,0
0,255.728748356629,0,0,768.68646836328,147.67402039386,0,0,265.841886201461,279.406126521381,0,0,183.534385253817,0,103.311924457851,0,129.311730020383,0,0,131.483505852978,0,0,190.454174793171,0,0,0,159.293835307743,0,264.447457980371,0,0,125.603241467158,124.601862073387,0,393.153412264771,0,290.514214899067,953.279401434039,957.92604551896,0,0
0,260.34278311094,0,0,807.749058996789,156.456089386688,0,0,281.530568953511,295.73716795393,0,0,204.676045283204,0,112.689836626945,0,136.530026830996,0,0,137.914070654043,0,0,195.014810904092,0,0,0,153.826246373562,0,249.85969268152,0,0,126.771838758094,126.844059646819,0,378.623683749124,0,276.212268783191,1022.29515888963,1028.42223297784,0,0
0,259.536224492285,0,0,800.55873260324,154.163941059997,0,0,262.724330717084,276.19436751719,0,0,181.285746301188,0,102.290986198185,0,127.893723019151,0,0,133.671934963344,0,0,191.774203814599,0,0,0,162.168241002235,0,266.184083664617,0,0,124.512084839976,127.453636504222,0,376.941378149944,0,245.74185041655,869.486299922857,871.226573792927,0,0
0,253.338133236402,0,0,762.582766269847,146.738815971777,0,0,254.628117919333,266.021554509206,0,0,179.249815030349,0,100.47396741391,0,123.28498994321,0,0,124.339927249328,0,0,167.614642749375,0,0,0,135.94926366673,0,222.580081003351,0,0,115.394756531716,113.981056644048,0,350.995792130994,0,264.112240563208,851.85113898981,861.254636798073,0,0
0,256.301898627918,0,0,792.695793178275,152.872179752851,0,0,262.433930530214,273.88760481021,0,0,182.054697390118,0,98.1260542395598,0,119.706798415148,0,0,118.691557661264,0,0,162.4258356826,0,0,0,133.42120819224,0,216.897830183305,0,0,116.449572881974,114.954259653439,0,377.642830355816,0,259.173149014758,897.957203988767,901.644975924348,0,0
0,256.907939890096,0,0,792.173806614196,152.890080758306,0,0,261.311957974931,274.751723847084,0,0,185.224961170456,0,100.575145029025,0,119.064495232739,0,0,125.053444358171,0,0,172.998808382518,0,0,0,139.500801622002,0,227.555390773062,0,0,122.521213473866,119.496146316634,0,374.170135120169,0,275.169313036263,1025.47978779665,1028.3384313357,0,0
0,258.086979362843,0,0,797.273669527124,153.871660212052,0,0,253.59098469121,266.655933751581,0,0,172.385661657822,0,98.3328403185609,0,118.327509631454,0,0,127.590939406102,0,0,181.248921648034,0,0,0,151.332340677294,0,238.344446121442,0,0,121.094615275602,119.920211212816,0,348.215785065785,0,246.177988550082,798.361111069765,801.142239267842,0,0
0,255.831175609545,0,0,792.330217505862,152.125564368715,0,0,251.687223760087,262.785986933674,0,0,174.206420449205,0,98.0646390404818,0,117.317417675926,0,0,119.321892388394,0,0,159.930356814366,0,0,0,134.814386338993,0,219.880978816665,0,0,105.268215379623,105.244938151263,0,324.829463315966,0,242.263770065651,837.25720286921,843.403345479433,0,0
0,253.338006513932,0,0,787.17757865937,152.613034457412,0,0,253.553601797161,264.78167071422,0,0,172.334799256163,0,95.5621917533572,0,116.850231726501,0,0,115.61776525321,0,0,156.189213161987,0,0,0,122.9176199773,0,202.634305836133,0,0,104.893765378457,103.468539557783,0,321.19165792588,0,249.858237529953,843.480386522779,849.464844160316,0,0
0,255.090018836457,0,0,779.617059279057,150.351719607984,0,0,243.943814932586,256.572403111725,0,0,165.788435940565,0,92.2761926636316,0,112.025145039675,0,0,120.879196504159,0,0,166.271818284005,0,0,0,137.791586589427,0,217.058360347941,0,0,106.253610073053,107.294503970052,0,325.22174642721,0,258.803648532991,864.299911864867,864.987661476824,0,0
0,184.661494139916,0,0,565.11138556473,108.958036640712,0,0,192.674720920251,202.631273607104,0,0,141.710159052918,0,84.9408640860633,0,107.11834264687,0,0,114.980488496986,0,0,161.149290001655,0,0,0,132.100263519606,0,207.385022389055,0,0,99.5986998338811,94.5799254886472,0,298.166524081991,0,243.658161066471,869.976086078693,874.96843731423,0,0
0,184.220995376248,0,0,565.306593643612,108.569534170141,0,0,192.612881377189,203.046638266797,0,0,142.462530307324,0,82.9144253234722,0,100.632392800025,0,0,103.605154120541,0,0,148.125530692953,0,0,0,123.509898328475,0,196.010354541122,0,0,99.0977221493128,98.1882584415154,0,299.272754266223,0,230.6172223809,858.756431640892,862.901506552255,0,0
0,185.870884496028,0,0,581.591937757044,112.844575033561,0,0,194.331676354406,204.785911556487,0,0,137.935796762831,0,77.058442742394,0,91.216496634099,0,0,96.9743171320843,0,0,137.649510070495,0,0,0,118.437930040966,0,189.427313350889,0,0,98.043375837076,98.4705835700457,0,295.05777432351,0,202.150774375043,735.198768235324,738.67402360235,0,0
0,186.882044176443,0,0,573.159749382806,110.535839520826,0,0,180.798754963201,190.664133028105,0,0,126.933200676443,0,68.8289738787096,0,83.7443437930825,0,0,89.8488207160626,0,0,142.45055851335,0,0,0,125.992881832836,0,197.574548378094,0,0,93.6068385783285,94.6883328029811,0,277.779980710249,0,188.762695228691,671.89816731331,672.897402656526,0,0
0,183.918101378149,0,0,554.848674253638,106.897133232177,0,0,171.831048736654,179.471234923904,0,0,117.218539300073,0,69.7410355150931,0,85.0043432333212,0,0,86.344832367826,0,0,129.113033774265,0,0,0,102.834764110105,0,164.159381509154,0,0,81.0403959254383,79.4417159333655,0,247.605069936761,0,173.787322036599,577.567662794614,585.331096311478,0,0
0,183.312060109904,0,0,557.97487454114,107.722962647369,0,0,175.143474071116,182.845208645655,0,0,118.606496967765,0,67.2828130630196,0,81.4210190173061,0,0,91.9388585604473,0,0,126.900808699066,0,0,0,102.476226129684,0,168.590399166954,0,0,80.9318303426622,82.7286308646902,0,239.773145926332,0,188.850021387281,629.723507681116,632.580612238468,0,0
0,182.133020637157,0,0,545.325792811348,105.058610190191,0,0,169.518173627729,177.021443746868,0,0,114.55788840352,0,61.8052367771345,0,73.5208631766276,0,0,73.8896561079835,0,0,96.0832916123395,0,0,0,79.2758843479871,0,128.199003903014,0,0,66.9135578900704,63.728684648205,0,193.583057530974,0,148.908071917176,559.853326305203,566.801171185658,0,0
0,182.571004709764,0,0,557.339280217286,106.803356433495,0,0,175.783989205484,183.493959804938,0,0,124.596950666141,0,69.4517092873312,0,79.7250172150451,0,0,79.8192885009106,0,0,103.237456755678,0,0,0,84.6115925662506,0,129.589946871382,0,0,64.1351896507013,66.0382437353341,0,200.610433657667,0,150.18108142369,490.791058698064,492.849995157134,0,0
0,181.830025344321,0,0,572.921068213717,110.94670226802,0,0,183.318899959849,191.376949562728,0,0,128.785198775839,0,69.6485605167051,0,78.7814276691258,0,0,74.8694425764729,0,0,93.298403752881,0,0,0,76.9590598754047,0,123.946792895766,0,0,59.3353348358806,59.7358501564987,0,177.348699921125,0,158.847786683878,536.804441992717,540.049226140053,0,0
0,182.132969947649,0,0,556.048954405798,107.579881712402,0,0,174.332356066834,183.963683111954,0,0,123.633509314589,0,69.2458900498584,0,80.7640123185921,0,0,83.012334335038,0,0,116.071385275902,0,0,0,90.8751868837609,0,144.268589438202,0,0,66.3744197183316,65.5789045364491,0,183.794409165646,0,142.636432133227,501.042291195602,500.276296989884,0,0
0,182.873974654812,0,0,551.802211117721,105.96365421956,0,0,163.422338553139,172.54908181094,0,0,109.915397163264,0,60.5387791420903,0,69.7811292373368,0,0,76.7715619188633,0,0,102.262007254517,0,0,0,85.59465625099,0,138.995781180901,0,0,63.5889404189391,64.9279109382009,0,193.539203479273,0,136.142618446379,546.200825699494,549.407995057436,0,0
0,182.26806010557,0,0,566.913147400025,109.332501083144,0,0,164.343509457333,175.10251035274,0,0,112.476658738265,0,61.8799871220821,0,70.9478393544198,0,0,72.6169055010735,0,0,98.6337678457408,0,0,0,80.298265554533,0,124.992781785412,0,0,56.7524131666857,54.2355215606789,0,168.34603277341,0,116.025312097863,390.211836642592,393.191237163158,0,0
