{
"type": "FeatureCollection",
"name": "cells",
"crs": { "type": "name", "properties": { "name": "urn:ogc:def:crs:OGC:1.3:CRS84" } },
"features": [
{ "type": "Feature", "properties": { "pm_start": 0.0, "pm_end": 0.346162, "length": 0.346162, "lanes": 2, "on_ramp": false, "off_ramp": true, "on_ramp_name": null, "off_ramp_name": null, "caltrans_pm_start": 35.29999924, "caltrans_pm_end": 35.000000053658496, "length_warning": "ok", "vds_id": null, "vds_pm": null, "vds_lanes": null, "vds_source": "missing", "vds_distance_mi": null, "vds_n_candidates": 0, "on_ramp_vds_id": null, "off_ramp_vds_id": null }, "geometry": { "type": "LineString", "coordinates": [ [ -122.293887, 37.8296345 ], [ -122.2938993, 37.8295158 ], [ -122.2939048, 37.8293979 ], [ -122.2939029, 37.8292705 ], [ -122.2938961, 37.8291547 ], [ -122.2938811, 37.829038 ], [ -122.2938547, 37.8289179 ], [ -122.2938231, 37.8288034 ], [ -122.2937869, 37.8286974 ], [ -122.2937355, 37.8285713 ], [ -122.2936759, 37.8284485 ], [ -122.2936172, 37.8283412 ], [ -122.2935438, 37.8282227 ], [ -122.2934625, 37.828107 ], [ -122.2933686, 37.8279889 ], [ -122.2932831, 37.8278912 ], [ -122.2931958, 37.8277988 ], [ -122.2930747, 37.8276813 ], [ -122.2929484, 37.8275729 ], [ -122.2928284, 37.8274786 ], [ -122.2923527, 37.8271213 ], [ -122.2922398, 37.827032 ], [ -122.2921227, 37.8269388 ], [ -122.2920108, 37.8268416 ], [ -122.2919029, 37.8267364 ], [ -122.2918054, 37.826631 ], [ -122.2917156, 37.8265227 ], [ -122.2916321, 37.8264115 ], [ -122.291555, 37.8262969 ], [ -122.291484, 37.8261794 ], [ -122.2914228, 37.8260631 ], [ -122.2913664, 37.8259392 ], [ -122.2913185, 37.8258196 ], [ -122.2912755, 37.8256922 ], [ -122.2912395, 37.825562 ], [ -122.2912117, 37.8254211 ], [ -122.291193600133255, 37.825292400947468 ] ] } },
{ "type": "Feature", "properties": { "pm_start": 0.346162, "pm_end": 1.289412, "length": 0.94325, "lanes": 2, "on_ramp": false, "off_ramp": false, "on_ramp_name": null, "off_ramp_name": null, "caltrans_pm_start": 35.000000053658496, "caltrans_pm_end": 33.999999816678411, "length_warning": "ok", "vds_id": 400659, "vds_pm": 0.50570002747117615, "vds_lanes": 2, "vds_source": "direct_tiebreak", "vds_distance_mi": 0.0, "vds_n_candidates": 2, "on_ramp_vds_id": null, "off_ramp_vds_id": null }, "geometry": { "type": "LineString", "coordinates": [ [ -122.291193600133255, 37.825292400947468 ], [ -122.2911936, 37.8252924 ], [ -122.2911838, 37.8251612 ], [ -122.2911806, 37.8250311 ], [ -122.2911867, 37.8249012 ], [ -122.2912005, 37.8247731 ], [ -122.2912227, 37.8246422 ], [ -122.2912493, 37.8245168 ], [ -122.2912864, 37.8243878 ], [ -122.2913303, 37.8242617 ], [ -122.2913812, 37.8241399 ], [ -122.2914392, 37.824018 ], [ -122.2915048, 37.8238958 ], [ -122.2915708, 37.8237771 ], [ -122.2916367, 37.8236577 ], [ -122.2917039, 37.823535 ], [ -122.2917702, 37.8234146 ], [ -122.2918357, 37.823294 ], [ -122.2919026, 37.8231721 ], [ -122.2919684, 37.8230526 ], [ -122.2920365, 37.822933 ], [ -122.2921072, 37.8228123 ], [ -122.2921768, 37.8226948 ], [ -122.2922504, 37.8225755 ], [ -122.2923219, 37.8224611 ], [ -122.2923989, 37.8223409 ], [ -122.2924743, 37.8222236 ], [ -122.2925531, 37.8221078 ], [ -122.2926346, 37.8219895 ], [ -122.2927129, 37.8218775 ], [ -122.2927969, 37.8217609 ], [ -122.2928792, 37.8216493 ], [ -122.2929648, 37.8215347 ], [ -122.2930513, 37.8214225 ], [ -122.2931397, 37.821311 ], [ -122.2932273, 37.8212017 ], [ -122.2933165, 37.8210913 ], [ -122.2934066, 37.8209833 ], [ -122.293502, 37.8208716 ], [ -122.2935952, 37.820765 ], [ -122.2936947, 37.8206534 ], [ -122.29379, 37.8205475 ], [ -122.2938879, 37.8204418 ], [ -122.2939891, 37.8203358 ], [ -122.2940872, 37.8202335 ], [ -122.2941895, 37.8201287 ], [ -122.2942899, 37.8200277 ], [ -122.2944001, 37.8199198 ], [ -122.2945048, 37.8198201 ], [ -122.2946085, 37.8197235 ], [ -122.2947174, 37.8196234 ], [ -122.2948245, 37.8195253 ], [ -122.2949363, 37.8194258 ], [ -122.2950492, 37.8193271 ], [ -122.2951616, 37.8192321 ], [ -122.2952546, 37.8191542 ], [ -122.2952744, 37.819138 ], [ -122.2953936, 37.8190398 ], [ -122.2963271, 37.8182925 ], [ -122.2973941, 37.8174377 ], [ -122.298461, 37.8165843 ], [ -122.299585, 37.8156844 ], [ -122.300527, 37.8149257 ], [ -122.300647, 37.8148355 ], [ -122.301139, 37.8144809 ], [ -122.301139002342552, 37.814480898126362 ] ] } },
{ "type": "Feature", "properties": { "pm_start": 1.289412, "pm_end": 2.139618, "length": 0.850206, "lanes": 3, "on_ramp": true, "off_ramp": false, "on_ramp_name": null, "off_ramp_name": null, "caltrans_pm_start": 33.999999816678411, "caltrans_pm_end": 33.200000802250287, "length_warning": "ok", "vds_id": 400093, "vds_pm": 1.5285985745327462, "vds_lanes": 4, "vds_source": "direct_tiebreak", "vds_distance_mi": 0.0, "vds_n_candidates": 3, "on_ramp_vds_id": null, "off_ramp_vds_id": null }, "geometry": { "type": "LineString", "coordinates": [ [ -122.301139002342552, 37.814480898126362 ], [ -122.3020717, 37.8137349 ], [ -122.3021861, 37.8136432 ], [ -122.302303, 37.8135495 ], [ -122.302419, 37.8134557 ], [ -122.3025343, 37.8133624 ], [ -122.3026477, 37.813268 ], [ -122.3027606, 37.8131707 ], [ -122.3028708, 37.813072 ], [ -122.3029785, 37.8129716 ], [ -122.3030843, 37.8128694 ], [ -122.3031861, 37.8127662 ], [ -122.3032869, 37.8126616 ], [ -122.303384, 37.8125551 ], [ -122.3034768, 37.8124469 ], [ -122.3035702, 37.8123364 ], [ -122.303661, 37.8122253 ], [ -122.3037463, 37.8121141 ], [ -122.3038305, 37.8120007 ], [ -122.303912, 37.8118859 ], [ -122.3039895, 37.8117704 ], [ -122.3040642, 37.8116537 ], [ -122.3041359, 37.8115366 ], [ -122.3042063, 37.8114158 ], [ -122.3042739, 37.8112934 ], [ -122.3043375, 37.8111735 ], [ -122.3043988, 37.81105 ], [ -122.3044566, 37.8109264 ], [ -122.3045101, 37.8108025 ], [ -122.3045619, 37.810678 ], [ -122.3046118, 37.8105524 ], [ -122.3046572, 37.8104266 ], [ -122.3046994, 37.8102997 ], [ -122.3047384, 37.8101722 ], [ -122.3047746, 37.8100431 ], [ -122.3048073, 37.8099146 ], [ -122.304836, 37.809785 ], [ -122.3048639, 37.8096419 ], [ -122.3048854, 37.8095104 ], [ -122.3049052, 37.8093801 ], [ -122.3049221, 37.8092485 ], [ -122.3049332, 37.8091171 ], [ -122.3049397, 37.8089852 ], [ -122.3049432, 37.8088531 ], [ -122.3049455, 37.8087214 ], [ -122.3049432, 37.8085906 ], [ -122.3049415, 37.8084583 ], [ -122.3049352, 37.8083259 ], [ -122.304926, 37.8081895 ], [ -122.3049141, 37.8080679 ], [ -122.3048995, 37.8079377 ], [ -122.3048848, 37.8078396 ], [ -122.304866, 37.8077179 ], [ -122.3048476, 37.8076142 ], [ -122.3048183, 37.807474 ], [ -122.304789, 37.8073428 ], [ -122.3047555, 37.807213 ], [ -122.3047187, 37.8070859 ], [ -122.3046783, 37.8069564 ], [ -122.3046361, 37.8068271 ], [ -122.3045912, 37.8067024 ], [ -122.3045427, 37.8065767 ], [ -122.3044903, 37.8064508 ], [ -122.3044356, 37.8063266 ], [ -122.3043779, 37.8062032 ], [ -122.3043172, 37.806082 ], [ -122.3042534, 37.8059599 ], [ -122.3041876, 37.8058396 ], [ -122.3041177, 37.8057198 ], [ -122.3040448, 37.8056012 ], [ -122.3039692, 37.8054842 ], [ -122.3038914, 37.8053692 ], [ -122.3038095, 37.8052543 ], [ -122.3037258, 37.8051412 ], [ -122.3036404, 37.8050279 ], [ -122.3035512, 37.8049176 ], [ -122.3034593, 37.8048087 ], [ -122.3033651, 37.8047008 ], [ -122.3032662, 37.8045939 ], [ -122.3031678, 37.8044902 ], [ -122.3030639, 37.8043865 ], [ -122.3029594, 37.8042842 ], [ -122.3028526, 37.8041844 ], [ -122.3027413, 37.8040852 ], [ -122.3026302, 37.8039875 ], [ -122.3025148, 37.8038933 ], [ -122.3023999, 37.8038007 ], [ -122.302279200552022, 37.803709700416192 ] ] } },
{ "type": "Feature", "properties": { "pm_start": 2.139618, "pm_end": 2.480733, "length": 0.341115, "lanes": 4, "on_ramp": true, "off_ramp": true, "on_ramp_name": null, "off_ramp_name": null, "caltrans_pm_start": 33.200000802250287, "caltrans_pm_end": 32.799999014793144, "length_warning": "ok", "vds_id": 400093, "vds_pm": 1.5285985745327462, "vds_lanes": 4, "vds_source": "nearest_upstream", "vds_distance_mi": -0.78157692546725355, "vds_n_candidates": 0, "on_ramp_vds_id": null, "off_ramp_vds_id": null }, "geometry": { "type": "LineString", "coordinates": [ [ -122.302279200552022, 37.803709700416192 ], [ -122.3022792, 37.8037097 ], [ -122.3021567, 37.80362 ], [ -122.3020321, 37.8035321 ], [ -122.3019064, 37.8034458 ], [ -122.3017794, 37.8033628 ], [ -122.3016503, 37.8032801 ], [ -122.3015179, 37.8032007 ], [ -122.3013843, 37.8031231 ], [ -122.3012487, 37.8030473 ], [ -122.3011105, 37.8029736 ], [ -122.3009727, 37.8029017 ], [ -122.3008323, 37.8028331 ], [ -122.3006883, 37.8027649 ], [ -122.3005452, 37.8026998 ], [ -122.300399, 37.8026361 ], [ -122.300253, 37.8025755 ], [ -122.3001045, 37.8025171 ], [ -122.2999552, 37.8024622 ], [ -122.2998023, 37.8024092 ], [ -122.299649, 37.8023574 ], [ -122.2994949, 37.8023088 ], [ -122.2993396, 37.802262 ], [ -122.2991844, 37.8022185 ], [ -122.2990263, 37.802176 ], [ -122.2988726, 37.8021383 ], [ -122.29871, 37.8021007 ], [ -122.2984059, 37.8020351 ], [ -122.2975972, 37.8019048 ], [ -122.2972043, 37.8018645 ], [ -122.2968046, 37.8018433 ], [ -122.2966438, 37.8018367 ], [ -122.29664379562108, 37.801836700164657 ] ] } },
{ "type": "Feature", "properties": { "pm_start": 2.480733, "pm_end": 3.451729, "length": 0.970996, "lanes": 3, "on_ramp": false, "off_ramp": false, "on_ramp_name": null, "off_ramp_name": null, "caltrans_pm_start": 32.799999014793144, "caltrans_pm_end": 31.899999865349553, "length_warning": "ok", "vds_id": 401141, "vds_pm": 3.0322797474195, "vds_lanes": 3, "vds_source": "direct_tiebreak", "vds_distance_mi": 0.0, "vds_n_candidates": 4, "on_ramp_vds_id": null, "off_ramp_vds_id": null }, "geometry": { "type": "LineString", "coordinates": [ [ -122.29664379562108, 37.801836700164657 ], [ -122.2963619, 37.8018473 ], [ -122.2961489, 37.80185 ], [ -122.2959726, 37.8018562 ], [ -122.2958191, 37.8018623 ], [ -122.2956586, 37.8018718 ], [ -122.295489, 37.8018853 ], [ -122.295325, 37.8019001 ], [ -122.295161, 37.8019184 ], [ -122.2949962, 37.8019383 ], [ -122.2948322, 37.8019618 ], [ -122.2946747, 37.8019866 ], [ -122.2945117, 37.8020131 ], [ -122.2911241, 37.8025649 ], [ -122.290958, 37.8025918 ], [ -122.2908023, 37.8026169 ], [ -122.2906407, 37.8026416 ], [ -122.290474, 37.802664 ], [ -122.2903173, 37.802683 ], [ -122.2901537, 37.8027019 ], [ -122.2899858, 37.8027184 ], [ -122.2898207, 37.802733 ], [ -122.2896626, 37.8027452 ], [ -122.289498, 37.8027554 ], [ -122.2893334, 37.8027638 ], [ -122.2891665, 37.8027705 ], [ -122.2890002, 37.8027748 ], [ -122.2888408, 37.8027783 ], [ -122.288674, 37.8027793 ], [ -122.2884974, 37.8027776 ], [ -122.2883488, 37.8027751 ], [ -122.2881627, 37.8027685 ], [ -122.2880097, 37.802762 ], [ -122.2878534, 37.8027533 ], [ -122.2876824, 37.8027417 ], [ -122.2875243, 37.8027282 ], [ -122.287356, 37.8027133 ], [ -122.28719, 37.8026963 ], [ -122.2870239, 37.8026769 ], [ -122.2868625, 37.8026563 ], [ -122.2867049, 37.8026346 ], [ -122.2865443, 37.8026105 ], [ -122.2863829, 37.802583 ], [ -122.2862179, 37.8025542 ], [ -122.2860581, 37.8025235 ], [ -122.2859028, 37.8024922 ], [ -122.2857389, 37.8024569 ], [ -122.2855829, 37.8024215 ], [ -122.2854229, 37.8023827 ], [ -122.2852656, 37.8023425 ], [ -122.28511, 37.8023006 ], [ -122.2849552, 37.802257 ], [ -122.284799, 37.8022111 ], [ -122.2846486, 37.8021649 ], [ -122.2844935, 37.8021144 ], [ -122.2843394, 37.8020621 ], [ -122.2841913, 37.8020092 ], [ -122.2840435, 37.8019554 ], [ -122.2838898, 37.8018981 ], [ -122.2835986, 37.8017903 ], [ -122.2833001, 37.8016792 ], [ -122.283005, 37.8015704 ], [ -122.2827082, 37.8014601 ], [ -122.2824122, 37.8013503 ], [ -122.2821186, 37.8012397 ], [ -122.2818229, 37.8011268 ], [ -122.2813816, 37.8009555 ], [ -122.2810847, 37.8008415 ], [ -122.2807865, 37.8007266 ], [ -122.2804886, 37.8006114 ], [ -122.279606604447963, 37.8002676017338 ] ] } },
{ "type": "Feature", "properties": { "pm_start": 3.451729, "pm_end": 3.930657, "length": 0.478928, "lanes": 3, "on_ramp": true, "off_ramp": false, "on_ramp_name": null, "off_ramp_name": null, "caltrans_pm_start": 31.899999865349553, "caltrans_pm_end": 31.399999797446227, "length_warning": "ok", "vds_id": 401141, "vds_pm": 3.0322797474195, "vds_lanes": 3, "vds_source": "nearest_upstream", "vds_distance_mi": -0.65891325258050015, "vds_n_candidates": 0, "on_ramp_vds_id": null, "off_ramp_vds_id": null }, "geometry": { "type": "LineString", "coordinates": [ [ -122.279606604447963, 37.8002676017338 ], [ -122.2796066, 37.8002676 ], [ -122.2781996, 37.7997144 ], [ -122.2776634, 37.799504 ], [ -122.2757495, 37.7987548 ], [ -122.2727203, 37.7975656 ], [ -122.271768802748767, 37.797155701184145 ] ] } },
{ "type": "Feature", "properties": { "pm_start": 3.930657, "pm_end": 4.032586, "length": 0.101929, "lanes": 5, "on_ramp": true, "off_ramp": false, "on_ramp_name": null, "off_ramp_name": null, "caltrans_pm_start": 31.399999797446227, "caltrans_pm_end": 31.299999569171295, "length_warning": "too_short", "vds_id": 400609, "vds_pm": 4.0237813852418167, "vds_lanes": 5, "vds_source": "direct", "vds_distance_mi": 0.0, "vds_n_candidates": 1, "on_ramp_vds_id": 403046, "off_ramp_vds_id": null }, "geometry": { "type": "LineString", "coordinates": [ [ -122.271768802748767, 37.797155701184145 ], [ -122.2717688, 37.7971557 ], [ -122.2707491, 37.7967668 ], [ -122.270088905524787, 37.796512102131423 ] ] } },
{ "type": "Feature", "properties": { "pm_start": 4.032586, "pm_end": 4.467355, "length": 0.434769, "lanes": 4, "on_ramp": true, "off_ramp": false, "on_ramp_name": null, "off_ramp_name": null, "caltrans_pm_start": 31.299999569171295, "caltrans_pm_end": 30.89999937595514, "length_warning": "ok", "vds_id": 400835, "vds_pm": 4.3757295293018839, "vds_lanes": 4, "vds_source": "direct", "vds_distance_mi": 0.0, "vds_n_candidates": 1, "on_ramp_vds_id": 403046, "off_ramp_vds_id": null }, "geometry": { "type": "LineString", "coordinates": [ [ -122.270088905524787, 37.796512102131423 ], [ -122.2700889, 37.7965121 ], [ -122.2672002, 37.7953909 ], [ -122.266755, 37.7952108 ], [ -122.2663184, 37.7950012 ], [ -122.2661538, 37.7949218 ], [ -122.2660158, 37.7948516 ], [ -122.2658737, 37.7947769 ], [ -122.2657426, 37.7947059 ], [ -122.265604, 37.794628 ], [ -122.2654699, 37.7945491 ], [ -122.2653487, 37.7944769 ], [ -122.2652175, 37.7943953 ], [ -122.2650815, 37.7943073 ], [ -122.26496, 37.794225 ], [ -122.2648554, 37.7941526 ], [ -122.2647099, 37.7940465 ], [ -122.2646044, 37.7939685 ], [ -122.2644729, 37.7938665 ], [ -122.2643559, 37.7937733 ], [ -122.2642404, 37.7936778 ], [ -122.2641283, 37.7935822 ], [ -122.2639452, 37.7934225 ], [ -122.2637352, 37.7932394 ], [ -122.2635291, 37.7930608 ], [ -122.263529096927087, 37.793060797362344 ] ] } },
{ "type": "Feature", "properties": { "pm_start": 4.467355, "pm_end": 5.224484, "length": 0.757129, "lanes": 4, "on_ramp": true, "off_ramp": false, "on_ramp_name": null, "off_ramp_name": null, "caltrans_pm_start": 30.89999937595514, "caltrans_pm_end": 30.099999993925383, "length_warning": "ok", "vds_id": 400835, "vds_pm": 4.3757295293018839, "vds_lanes": 4, "vds_source": "nearest_upstream", "vds_distance_mi": -0.47018997069811697, "vds_n_candidates": 0, "on_ramp_vds_id": 403045, "off_ramp_vds_id": null }, "geometry": { "type": "LineString", "coordinates": [ [ -122.263529096927087, 37.793060797362344 ], [ -122.2617027, 37.7914931 ], [ -122.2615957, 37.7914038 ], [ -122.2614564, 37.7912921 ], [ -122.2613423, 37.7912063 ], [ -122.2612251, 37.7911191 ], [ -122.2610959, 37.7910279 ], [ -122.260943, 37.7909285 ], [ -122.2608186, 37.7908513 ], [ -122.260694, 37.7907776 ], [ -122.2605569, 37.7906991 ], [ -122.2604228, 37.7906253 ], [ -122.2602845, 37.7905538 ], [ -122.2601506, 37.7904884 ], [ -122.2599984, 37.7904194 ], [ -122.259871, 37.7903634 ], [ -122.2597223, 37.7903008 ], [ -122.2595802, 37.7902448 ], [ -122.259415, 37.7901843 ], [ -122.2592831, 37.7901374 ], [ -122.2591332, 37.7900876 ], [ -122.2589851, 37.7900415 ], [ -122.2588289, 37.7899973 ], [ -122.258677, 37.7899579 ], [ -122.2585178, 37.7899184 ], [ -122.2583636, 37.7898841 ], [ -122.2581964, 37.7898498 ], [ -122.2580502, 37.7898221 ], [ -122.2578652, 37.7897905 ], [ -122.257458, 37.7897213 ], [ -122.2565162, 37.7895612 ], [ -122.256151, 37.7895012 ], [ -122.255449, 37.7893859 ], [ -122.2551267, 37.7893335 ], [ -122.2546955, 37.7892716 ], [ -122.2540679, 37.7891529 ], [ -122.2534536, 37.7890236 ], [ -122.2528233, 37.7888816 ], [ -122.2524757, 37.7887937 ], [ -122.2519347, 37.7886485 ], [ -122.2513816, 37.7884986 ], [ -122.251381592853591, 37.788498597834881 ] ] } },
{ "type": "Feature", "properties": { "pm_start": 5.224484, "pm_end": 5.442251, "length": 0.217767, "lanes": 4, "on_ramp": true, "off_ramp": true, "on_ramp_name": null, "off_ramp_name": null, "caltrans_pm_start": 30.099999993925383, "caltrans_pm_end": 29.899999702555537, "length_warning": "ok", "vds_id": 400835, "vds_pm": 4.3757295293018839, "vds_lanes": 4, "vds_source": "nearest_upstream", "vds_distance_mi": -0.95763797069811574, "vds_n_candidates": 0, "on_ramp_vds_id": null, "off_ramp_vds_id": null }, "geometry": { "type": "LineString", "coordinates": [ [ -122.251381592853591, 37.788498597834881 ], [ -122.2504914, 37.7882289 ], [ -122.2496449, 37.7879574 ], [ -122.2489422, 37.7877178 ], [ -122.247721701491372, 37.7872510005704 ] ] } },
{ "type": "Feature", "properties": { "pm_start": 5.442251, "pm_end": 6.121542, "length": 0.679291, "lanes": 4, "on_ramp": false, "off_ramp": true, "on_ramp_name": null, "off_ramp_name": null, "caltrans_pm_start": 29.899999702555537, "caltrans_pm_end": 29.200000905154333, "length_warning": "ok", "vds_id": 400835, "vds_pm": 4.3757295293018839, "vds_lanes": 4, "vds_source": "nearest_upstream", "vds_distance_mi": -1.4061669706981164, "vds_n_candidates": 0, "on_ramp_vds_id": null, "off_ramp_vds_id": 403042 }, "geometry": { "type": "LineString", "coordinates": [ [ -122.247721701491372, 37.7872510005704 ], [ -122.2477217, 37.787251 ], [ -122.2475286, 37.7871816 ], [ -122.2468071, 37.7868827 ], [ -122.2462868, 37.7866431 ], [ -122.2457584, 37.7863824 ], [ -122.2420125, 37.784392 ], [ -122.2416129, 37.7841715 ], [ -122.2412964, 37.7839871 ], [ -122.2410067, 37.7838048 ], [ -122.2407063, 37.7836098 ], [ -122.2404327, 37.783419 ], [ -122.2401591, 37.7832176 ], [ -122.2399097, 37.7830014 ], [ -122.2397659, 37.7828679 ], [ -122.2396867, 37.7827656 ], [ -122.2394457, 37.7825075 ], [ -122.2392579, 37.7822531 ], [ -122.2390675, 37.7819287 ], [ -122.2389253, 37.7816341 ], [ -122.238681300772512, 37.780931302225092 ] ] } },
{ "type": "Feature", "properties": { "pm_start": 6.121542, "pm_end": 6.577395, "length": 0.455853, "lanes": 4, "on_ramp": false, "off_ramp": false, "on_ramp_name": null, "off_ramp_name": null, "caltrans_pm_start": 29.200000905154333, "caltrans_pm_end": 28.799999355484363, "length_warning": "ok", "vds_id": 400570, "vds_pm": 6.4424050889180258, "vds_lanes": 4, "vds_source": "direct_tiebreak", "vds_distance_mi": 0.0, "vds_n_candidates": 2, "on_ramp_vds_id": null, "off_ramp_vds_id": null }, "geometry": { "type": "LineString", "coordinates": [ [ -122.238681300772512, 37.780931302225092 ], [ -122.2386813, 37.7809313 ], [ -122.2385283, 37.7805656 ], [ -122.2381153, 37.7794082 ], [ -122.2380053, 37.7791198 ], [ -122.237898, 37.7788697 ], [ -122.2377934, 37.7786471 ], [ -122.2376674, 37.7784012 ], [ -122.2375332, 37.7781765 ], [ -122.2373616, 37.7779072 ], [ -122.2371765, 37.7776465 ], [ -122.2369861, 37.777409 ], [ -122.2367044, 37.7770889 ], [ -122.2364228, 37.7768048 ], [ -122.236117, 37.7765207 ], [ -122.2358971, 37.7763342 ], [ -122.2356289, 37.7761285 ], [ -122.2352829, 37.7758911 ], [ -122.2349154, 37.7756579 ], [ -122.234499701796608, 37.775424701007864 ] ] } },
{ "type": "Feature", "properties": { "pm_start": 6.577395, "pm_end": 6.722045, "length": 0.14465, "lanes": 4, "on_ramp": true, "off_ramp": false, "on_ramp_name": null, "off_ramp_name": null, "caltrans_pm_start": 28.799999355484363, "caltrans_pm_end": 28.600000010511319, "length_warning": "too_short", "vds_id": 400669, "vds_pm": 6.6801951262408608, "vds_lanes": 4, "vds_source": "direct", "vds_distance_mi": 0.0, "vds_n_candidates": 1, "on_ramp_vds_id": 403038, "off_ramp_vds_id": null }, "geometry": { "type": "LineString", "coordinates": [ [ -122.234499701796608, 37.775424701007864 ], [ -122.2344997, 37.7754247 ], [ -122.2341104, 37.7752288 ], [ -122.233636, 37.7750282 ], [ -122.2331505, 37.7748501 ], [ -122.2321308, 37.7744958 ], [ -122.232130793803009, 37.7744957978542 ] ] } },
{ "type": "Feature", "properties": { "pm_start": 6.722045, "pm_end": 6.734494, "length": 0.012449, "lanes": 5, "on_ramp": true, "off_ramp": true, "on_ramp_name": null, "off_ramp_name": null, "caltrans_pm_start": 28.600000010511319, "caltrans_pm_end": 28.587551010511319, "length_warning": "too_short", "vds_id": 400669, "vds_pm": 6.6801951262408608, "vds_lanes": 4, "vds_source": "nearest_upstream", "vds_distance_mi": -0.048074373759138922, "vds_n_candidates": 0, "on_ramp_vds_id": 403038, "off_ramp_vds_id": 403037 }, "geometry": { "type": "LineString", "coordinates": [ [ -122.232130793803009, 37.7744957978542 ], [ -122.23192200164408, 37.774423500569284 ] ] } },
{ "type": "Feature", "properties": { "pm_start": 6.734494, "pm_end": 7.180269, "length": 0.445775, "lanes": 4, "on_ramp": false, "off_ramp": true, "on_ramp_name": null, "off_ramp_name": null, "caltrans_pm_start": 28.587551010511319, "caltrans_pm_end": 28.200000765623553, "length_warning": "ok", "vds_id": 400669, "vds_pm": 6.6801951262408608, "vds_lanes": 4, "vds_source": "nearest_upstream", "vds_distance_mi": -0.27718637375913957, "vds_n_candidates": 0, "on_ramp_vds_id": null, "off_ramp_vds_id": 403033 }, "geometry": { "type": "LineString", "coordinates": [ [ -122.23192200164408, 37.774423500569284 ], [ -122.231922, 37.7744235 ], [ -122.231259, 37.7742111 ], [ -122.2304438, 37.7739488 ], [ -122.2255719, 37.7723388 ], [ -122.2250327, 37.7721543 ], [ -122.224414900106098, 37.771896500044271 ] ] } },
{ "type": "Feature", "properties": { "pm_start": 7.180269, "pm_end": 7.855132, "length": 0.674863, "lanes": 4, "on_ramp": false, "off_ramp": false, "on_ramp_name": null, "off_ramp_name": null, "caltrans_pm_start": 28.200000765623553, "caltrans_pm_end": 27.499999503280929, "length_warning": "ok", "vds_id": 400190, "vds_pm": 7.2634611510001443, "vds_lanes": 4, "vds_source": "direct_tiebreak", "vds_distance_mi": 0.0, "vds_n_candidates": 2, "on_ramp_vds_id": null, "off_ramp_vds_id": null }, "geometry": { "type": "LineString", "coordinates": [ [ -122.224414900106098, 37.771896500044271 ], [ -122.2244149, 37.7718965 ], [ -122.2240009, 37.7717151 ], [ -122.2237492, 37.7715832 ], [ -122.2235462, 37.7714586 ], [ -122.2232645, 37.771283 ], [ -122.2230433, 37.7711298 ], [ -122.2227921, 37.7709367 ], [ -122.2225685, 37.7707499 ], [ -122.2223698, 37.7705725 ], [ -122.2221752, 37.7703766 ], [ -122.2219733, 37.7701692 ], [ -122.2216702, 37.769821 ], [ -122.2188232, 37.7660287 ], [ -122.2184765, 37.7656148 ], [ -122.2181854, 37.7652808 ], [ -122.2178367, 37.7648944 ], [ -122.2175039, 37.7645355 ], [ -122.2171499, 37.764122 ], [ -122.217149894861549, 37.76412199413646 ] ] } },
{ "type": "Feature", "properties": { "pm_start": 7.855132, "pm_end": 8.351825, "length": 0.496693, "lanes": 4, "on_ramp": true, "off_ramp": true, "on_ramp_name": null, "off_ramp_name": null, "caltrans_pm_start": 27.499999503280929, "caltrans_pm_end": 26.999999523622048, "length_warning": "ok", "vds_id": 400190, "vds_pm": 7.2634611510001443, "vds_lanes": 4, "vds_source": "nearest_upstream", "vds_distance_mi": -0.84001734899985525, "vds_n_candidates": 0, "on_ramp_vds_id": 403031, "off_ramp_vds_id": null }, "geometry": { "type": "LineString", "coordinates": [ [ -122.217149894861549, 37.76412199413646 ], [ -122.2151784, 37.7618723 ], [ -122.2148433, 37.7614907 ], [ -122.2146592, 37.7612808 ], [ -122.2139065, 37.760422 ], [ -122.2123539, 37.7585982 ], [ -122.2120087, 37.7581928 ], [ -122.212008694799863, 37.758192794368227 ] ] } },
{ "type": "Feature", "properties": { "pm_start": 8.351825, "pm_end": 9.063152, "length": 0.711327, "lanes": 4, "on_ramp": false, "off_ramp": false, "on_ramp_name": null, "off_ramp_name": null, "caltrans_pm_start": 26.999999523622048, "caltrans_pm_end": 26.299998924066873, "length_warning": "ok", "vds_id": 400956, "vds_pm": 8.9915686867449871, "vds_lanes": 4, "vds_source": "direct", "vds_distance_mi": 0.0, "vds_n_candidates": 1, "on_ramp_vds_id": null, "off_ramp_vds_id": null }, "geometry": { "type": "LineString", "coordinates": [ [ -122.212008694799863, 37.758192794368227 ], [ -122.2107136, 37.7567902 ], [ -122.208285, 37.7540216 ], [ -122.2080796, 37.7537874 ], [ -122.2076918, 37.7533463 ], [ -122.2073471, 37.7529546 ], [ -122.2069772, 37.752534 ], [ -122.2045459, 37.7497568 ], [ -122.204545897125456, 37.749756796734516 ] ] } },
{ "type": "Feature", "properties": { "pm_start": 9.063152, "pm_end": 9.585647, "length": 0.522495, "lanes": 4, "on_ramp": true, "off_ramp": true, "on_ramp_name": null, "off_ramp_name": null, "caltrans_pm_start": 26.299998924066873, "caltrans_pm_end": 25.700000809125253, "length_warning": "ok", "vds_id": 400956, "vds_pm": 8.9915686867449871, "vds_lanes": 4, "vds_source": "nearest_upstream", "vds_distance_mi": -0.33283081325501307, "vds_n_candidates": 0, "on_ramp_vds_id": 403027, "off_ramp_vds_id": null }, "geometry": { "type": "LineString", "coordinates": [ [ -122.204545897125456, 37.749756796734516 ], [ -122.2029003, 37.7478874 ], [ -122.2015954, 37.7464048 ], [ -122.2014502, 37.7462406 ], [ -122.2011862, 37.745939 ], [ -122.1995294, 37.7440213 ], [ -122.199109600442199, 37.743535300511923 ] ] } },
{ "type": "Feature", "properties": { "pm_start": 9.585647, "pm_end": 9.89679, "length": 0.311143, "lanes": 4, "on_ramp": false, "off_ramp": false, "on_ramp_name": null, "off_ramp_name": null, "caltrans_pm_start": 25.700000809125253, "caltrans_pm_end": 25.399999966786165, "length_warning": "ok", "vds_id": 400793, "vds_pm": 9.8021456642636018, "vds_lanes": 4, "vds_source": "direct", "vds_distance_mi": 0.0, "vds_n_candidates": 1, "on_ramp_vds_id": null, "off_ramp_vds_id": null }, "geometry": { "type": "LineString", "coordinates": [ [ -122.199109600442199, 37.743535300511923 ], [ -122.1991096, 37.7435353 ], [ -122.1973963, 37.7416204 ], [ -122.195865503702521, 37.739834504319532 ] ] } },
{ "type": "Feature", "properties": { "pm_start": 9.89679, "pm_end": 10.109827, "length": 0.213037, "lanes": 4, "on_ramp": true, "off_ramp": false, "on_ramp_name": null, "off_ramp_name": null, "caltrans_pm_start": 25.399999966786165, "caltrans_pm_end": 25.200001023842034, "length_warning": "ok", "vds_id": 400740, "vds_pm": 9.9920707600654115, "vds_lanes": 5, "vds_source": "direct", "vds_distance_mi": 0.0, "vds_n_candidates": 1, "on_ramp_vds_id": 410372, "off_ramp_vds_id": null }, "geometry": { "type": "LineString", "coordinates": [ [ -122.195865503702521, 37.739834504319532 ], [ -122.1958655, 37.7398345 ], [ -122.1946017, 37.7383937 ], [ -122.1936650028711, 37.737289303385133 ] ] } },
{ "type": "Feature", "properties": { "pm_start": 10.109827, "pm_end": 10.353776, "length": 0.243949, "lanes": 6, "on_ramp": true, "off_ramp": true, "on_ramp_name": null, "off_ramp_name": null, "caltrans_pm_start": 25.200001023842034, "caltrans_pm_end": 25.000000368736874, "length_warning": "ok", "vds_id": 400740, "vds_pm": 9.9920707600654115, "vds_lanes": 5, "vds_source": "nearest_upstream", "vds_distance_mi": -0.23973073993458804, "vds_n_candidates": 0, "on_ramp_vds_id": null, "off_ramp_vds_id": null }, "geometry": { "type": "LineString", "coordinates": [ [ -122.1936650028711, 37.737289303385133 ], [ -122.193665, 37.7372893 ], [ -122.1926326, 37.7361165 ], [ -122.191102504736676, 37.734398105319592 ] ] } },
{ "type": "Feature", "properties": { "pm_start": 10.353776, "pm_end": 10.595874, "length": 0.242098, "lanes": 5, "on_ramp": false, "off_ramp": false, "on_ramp_name": null, "off_ramp_name": null, "caltrans_pm_start": 25.000000368736874, "caltrans_pm_end": 24.70000090097378, "length_warning": "ok", "vds_id": 400134, "vds_pm": 10.573982827256287, "vds_lanes": 5, "vds_source": "direct", "vds_distance_mi": 0.0, "vds_n_candidates": 1, "on_ramp_vds_id": null, "off_ramp_vds_id": null }, "geometry": { "type": "LineString", "coordinates": [ [ -122.191102504736676, 37.734398105319592 ], [ -122.1911025, 37.7343981 ], [ -122.1898064, 37.7329619 ], [ -122.188530801207634, 37.731544901341515 ] ] } },
{ "type": "Feature", "properties": { "pm_start": 10.595874, "pm_end": 10.723384, "length": 0.12751, "lanes": 5, "on_ramp": true, "off_ramp": false, "on_ramp_name": null, "off_ramp_name": null, "caltrans_pm_start": 24.70000090097378, "caltrans_pm_end": 24.600000122551471, "length_warning": "too_short", "vds_id": 400442, "vds_pm": 10.723383750426793, "vds_lanes": 5, "vds_source": "direct", "vds_distance_mi": 0.0, "vds_n_candidates": 1, "on_ramp_vds_id": 403023, "off_ramp_vds_id": null }, "geometry": { "type": "LineString", "coordinates": [ [ -122.188530801207634, 37.731544901341515 ], [ -122.1885308, 37.7315449 ], [ -122.1881045, 37.730958 ], [ -122.1872574, 37.7300005 ], [ -122.187257397338271, 37.730000497049843 ] ] } },
{ "type": "Feature", "properties": { "pm_start": 10.723384, "pm_end": 11.498913, "length": 0.775529, "lanes": 5, "on_ramp": true, "off_ramp": true, "on_ramp_name": null, "off_ramp_name": null, "caltrans_pm_start": 24.600000122551471, "caltrans_pm_end": 23.799999171033821, "length_warning": "ok", "vds_id": 410370, "vds_pm": 11.292218850721147, "vds_lanes": 5, "vds_source": "direct", "vds_distance_mi": 0.0, "vds_n_candidates": 1, "on_ramp_vds_id": 403019, "off_ramp_vds_id": 403013 }, "geometry": { "type": "LineString", "coordinates": [ [ -122.187257397338271, 37.730000497049843 ], [ -122.1867923, 37.729485 ], [ -122.1856615, 37.7282299 ], [ -122.1836606, 37.7259664 ], [ -122.1832851, 37.7255336 ], [ -122.1828506, 37.7250541 ], [ -122.1825072, 37.7246892 ], [ -122.1821559, 37.7243349 ], [ -122.1818018, 37.723987 ], [ -122.1800379, 37.7221764 ], [ -122.178853, 37.72096 ], [ -122.17885299918791, 37.720959999324094 ] ] } },
{ "type": "Feature", "properties": { "pm_start": 11.498913, "pm_end": 11.688669, "length": 0.189756, "lanes": 5, "on_ramp": false, "off_ramp": false, "on_ramp_name": null, "off_ramp_name": null, "caltrans_pm_start": 23.799999171033821, "caltrans_pm_end": 23.600000200579835, "length_warning": "too_short", "vds_id": 410370, "vds_pm": 11.292218850721147, "vds_lanes": 5, "vds_source": "nearest_upstream", "vds_distance_mi": -0.30157214927885256, "vds_n_candidates": 0, "on_ramp_vds_id": null, "off_ramp_vds_id": null }, "geometry": { "type": "LineString", "coordinates": [ [ -122.17885299918791, 37.720959999324094 ], [ -122.1783056, 37.7205044 ], [ -122.1778875, 37.720092 ], [ -122.1772629, 37.7194705 ], [ -122.1766341, 37.71885 ], [ -122.176634098101985, 37.71884999816659 ] ] } },
{ "type": "Feature", "properties": { "pm_start": 11.688669, "pm_end": 11.780067, "length": 0.091398, "lanes": 5, "on_ramp": true, "off_ramp": false, "on_ramp_name": null, "off_ramp_name": null, "caltrans_pm_start": 23.600000200579835, "caltrans_pm_end": 23.499999775395672, "length_warning": "too_short", "vds_id": 410370, "vds_pm": 11.292218850721147, "vds_lanes": 5, "vds_source": "nearest_upstream", "vds_distance_mi": -0.44214914927885296, "vds_n_candidates": 0, "on_ramp_vds_id": 403015, "off_ramp_vds_id": null }, "geometry": { "type": "LineString", "coordinates": [ [ -122.176634098101985, 37.71884999816659 ], [ -122.1763168, 37.7185435 ], [ -122.1755831, 37.7178211 ], [ -122.175583097235844, 37.717821097250095 ] ] } },
{ "type": "Feature", "properties": { "pm_start": 11.780067, "pm_end": 12.209769, "length": 0.429702, "lanes": 6, "on_ramp": true, "off_ramp": true, "on_ramp_name": null, "off_ramp_name": null, "caltrans_pm_start": 23.499999775395672, "caltrans_pm_end": 23.100000664993949, "length_warning": "ok", "vds_id": 400192, "vds_pm": 11.971517929041223, "vds_lanes": 6, "vds_source": "direct_tiebreak", "vds_distance_mi": 0.0, "vds_n_candidates": 3, "on_ramp_vds_id": 403014, "off_ramp_vds_id": null }, "geometry": { "type": "LineString", "coordinates": [ [ -122.175583097235844, 37.717821097250095 ], [ -122.1732947, 37.7155445 ], [ -122.1727789, 37.7150228 ], [ -122.1725699, 37.7148136 ], [ -122.1723612, 37.7146074 ], [ -122.1721475, 37.7144044 ], [ -122.1719293, 37.7142029 ], [ -122.1717073, 37.7140048 ], [ -122.1714817, 37.7138098 ], [ -122.171246, 37.7136134 ], [ -122.1710168, 37.713429 ], [ -122.1707788, 37.7132418 ], [ -122.170539303924826, 37.713058003012037 ] ] } },
{ "type": "Feature", "properties": { "pm_start": 12.209769, "pm_end": 12.44141, "length": 0.231641, "lanes": 5, "on_ramp": false, "off_ramp": true, "on_ramp_name": null, "off_ramp_name": null, "caltrans_pm_start": 23.100000664993949, "caltrans_pm_end": 22.899999528806465, "length_warning": "ok", "vds_id": 400192, "vds_pm": 11.971517929041223, "vds_lanes": 6, "vds_source": "nearest_upstream", "vds_distance_mi": -0.3540715709587765, "vds_n_candidates": 0, "on_ramp_vds_id": null, "off_ramp_vds_id": null }, "geometry": { "type": "LineString", "coordinates": [ [ -122.170539303924826, 37.713058003012037 ], [ -122.1705393, 37.713058 ], [ -122.1702904, 37.7128747 ], [ -122.1700358, 37.7126936 ], [ -122.1697924, 37.7125244 ], [ -122.1673581, 37.7108432 ], [ -122.167358099016084, 37.710843199321616 ] ] } },
{ "type": "Feature", "properties": { "pm_start": 12.44141, "pm_end": 12.675842, "length": 0.234432, "lanes": 5, "on_ramp": false, "off_ramp": false, "on_ramp_name": null, "off_ramp_name": null, "caltrans_pm_start": 22.899999528806465, "caltrans_pm_end": 22.60000015759584, "length_warning": "ok", "vds_id": 400942, "vds_pm": 12.602820246321047, "vds_lanes": 5, "vds_source": "direct", "vds_distance_mi": 0.0, "vds_n_candidates": 1, "on_ramp_vds_id": null, "off_ramp_vds_id": null }, "geometry": { "type": "LineString", "coordinates": [ [ -122.167358099016084, 37.710843199321616 ], [ -122.1663933, 37.710178 ], [ -122.1658879, 37.7098352 ], [ -122.1656327, 37.7096631 ], [ -122.1653778, 37.7094916 ], [ -122.1651227, 37.7093207 ], [ -122.1648669, 37.7091487 ], [ -122.1646116, 37.7089745 ], [ -122.164363, 37.7088025 ], [ -122.1641109, 37.7086268 ], [ -122.164110896957069, 37.708626797872618 ] ] } },
{ "type": "Feature", "properties": { "pm_start": 12.675842, "pm_end": 14.1709, "length": 1.495058, "lanes": 5, "on_ramp": true, "off_ramp": true, "on_ramp_name": null, "off_ramp_name": null, "caltrans_pm_start": 22.60000015759584, "caltrans_pm_end": 21.100000331868898, "length_warning": "too_long", "vds_id": 401068, "vds_pm": 13.192842212690328, "vds_lanes": 5, "vds_source": "direct_tiebreak", "vds_distance_mi": 0.0, "vds_n_candidates": 2, "on_ramp_vds_id": 418464, "off_ramp_vds_id": null }, "geometry": { "type": "LineString", "coordinates": [ [ -122.164110896957069, 37.708626797872618 ], [ -122.1636097, 37.7082764 ], [ -122.163108, 37.7079272 ], [ -122.1626078, 37.7075804 ], [ -122.1623565, 37.7074069 ], [ -122.1601456, 37.7058811 ], [ -122.1563758, 37.7032772 ], [ -122.1519481, 37.7002171 ], [ -122.1504754, 37.6991988 ], [ -122.149202, 37.6983199 ], [ -122.1488647, 37.6980866 ], [ -122.1466459, 37.6965536 ], [ -122.1444633, 37.6950607 ], [ -122.1435017, 37.6944029 ], [ -122.143501698998705, 37.694402899331948 ] ] } },
{ "type": "Feature", "properties": { "pm_start": 14.1709, "pm_end": 14.320602, "length": 0.149702, "lanes": 4, "on_ramp": false, "off_ramp": false, "on_ramp_name": null, "off_ramp_name": null, "caltrans_pm_start": 21.100000331868898, "caltrans_pm_end": 20.99999990086642, "length_warning": "too_short", "vds_id": 401068, "vds_pm": 13.192842212690328, "vds_lanes": 5, "vds_source": "nearest_upstream", "vds_distance_mi": -1.0529087873096703, "vds_n_candidates": 0, "on_ramp_vds_id": null, "off_ramp_vds_id": null }, "geometry": { "type": "LineString", "coordinates": [ [ -122.143501698998705, 37.694402899331948 ], [ -122.1433073, 37.6942732 ], [ -122.141459, 37.6929602 ], [ -122.141458998601863, 37.692960199037721 ] ] } },
{ "type": "Feature", "properties": { "pm_start": 14.320602, "pm_end": 14.729562, "length": 0.40896, "lanes": 3, "on_ramp": false, "off_ramp": false, "on_ramp_name": null, "off_ramp_name": null, "caltrans_pm_start": 20.99999990086642, "caltrans_pm_end": 20.600000676875442, "length_warning": "ok", "vds_id": 400225, "vds_pm": 14.67206087500969, "vds_lanes": 4, "vds_source": "direct", "vds_distance_mi": 0.0, "vds_n_candidates": 1, "on_ramp_vds_id": null, "off_ramp_vds_id": null }, "geometry": { "type": "LineString", "coordinates": [ [ -122.141458998601863, 37.692960199037721 ], [ -122.1401945, 37.6920899 ], [ -122.1368954, 37.6898135 ], [ -122.1358245041705, 37.6890674029056 ] ] } },
{ "type": "Feature", "properties": { "pm_start": 14.729562, "pm_end": 14.771301, "length": 0.041739, "lanes": 4, "on_ramp": true, "off_ramp": true, "on_ramp_name": null, "off_ramp_name": null, "caltrans_pm_start": 20.600000676875442, "caltrans_pm_end": 20.499999904036393, "length_warning": "too_short", "vds_id": 400225, "vds_pm": 14.67206087500969, "vds_lanes": 4, "vds_source": "nearest_upstream", "vds_distance_mi": -0.078370624990309778, "vds_n_candidates": 0, "on_ramp_vds_id": 403009, "off_ramp_vds_id": null }, "geometry": { "type": "LineString", "coordinates": [ [ -122.1358245041705, 37.6890674029056 ], [ -122.1358245, 37.6890674 ], [ -122.1352529, 37.688667 ], [ -122.135252898518885, 37.688666998983642 ] ] } },
{ "type": "Feature", "properties": { "pm_start": 14.771301, "pm_end": 15.218811, "length": 0.44751, "lanes": 3, "on_ramp": false, "off_ramp": false, "on_ramp_name": null, "off_ramp_name": null, "caltrans_pm_start": 20.499999904036393, "caltrans_pm_end": 20.099999973046394, "length_warning": "ok", "vds_id": 401072, "vds_pm": 14.996448584692594, "vds_lanes": 4, "vds_source": "direct", "vds_distance_mi": 0.0, "vds_n_candidates": 1, "on_ramp_vds_id": null, "off_ramp_vds_id": null }, "geometry": { "type": "LineString", "coordinates": [ [ -122.135252898518885, 37.688666998983642 ], [ -122.1339995, 37.6878069 ], [ -122.1331979, 37.6872484 ], [ -122.1324883, 37.6867652 ], [ -122.1322282, 37.6865826 ], [ -122.1311903, 37.6858613 ], [ -122.1307102, 37.6855185 ], [ -122.1301549, 37.6851272 ], [ -122.1297447, 37.6848526 ], [ -122.1294535, 37.6846489 ], [ -122.1292079, 37.6844693 ], [ -122.1291085, 37.6843893 ], [ -122.129108495317027, 37.68438929661724 ] ] } },
{ "type": "Feature", "properties": { "pm_start": 15.218811, "pm_end": 15.388707, "length": 0.169896, "lanes": 5, "on_ramp": true, "off_ramp": false, "on_ramp_name": null, "off_ramp_name": null, "caltrans_pm_start": 20.099999973046394, "caltrans_pm_end": 19.899999385151663, "length_warning": "too_short", "vds_id": 400486, "vds_pm": 15.35526476483143, "vds_lanes": 6, "vds_source": "direct", "vds_distance_mi": 0.0, "vds_n_candidates": 1, "on_ramp_vds_id": null, "off_ramp_vds_id": null }, "geometry": { "type": "LineString", "coordinates": [ [ -122.129108495317027, 37.68438929661724 ], [ -122.1284692, 37.6839275 ], [ -122.1267868, 37.6827553 ], [ -122.126786796695654, 37.682755297740059 ] ] } },
{ "type": "Feature", "properties": { "pm_start": 15.388707, "pm_end": 16.764116, "length": 1.375409, "lanes": 5, "on_ramp": true, "off_ramp": true, "on_ramp_name": null, "off_ramp_name": null, "caltrans_pm_start": 19.899999385151663, "caltrans_pm_end": 18.600000017457312, "length_warning": "too_long", "vds_id": 400312, "vds_pm": 15.954555094511583, "vds_lanes": 6, "vds_source": "direct_tiebreak", "vds_distance_mi": 0.0, "vds_n_candidates": 4, "on_ramp_vds_id": 403007, "off_ramp_vds_id": null }, "geometry": { "type": "LineString", "coordinates": [ [ -122.126786796695654, 37.682755297740059 ], [ -122.1242187, 37.6809989 ], [ -122.1209402, 37.6787299 ], [ -122.1202585, 37.6782594 ], [ -122.1198079, 37.6779494 ], [ -122.1193988, 37.6776798 ], [ -122.1185336, 37.677131 ], [ -122.1183305, 37.677004 ], [ -122.1178499, 37.6766937 ], [ -122.1174381, 37.6764231 ], [ -122.1164864, 37.6757239 ], [ -122.1159373, 37.6752939 ], [ -122.1149713, 37.6745925 ], [ -122.1136254, 37.673641 ], [ -122.1132432, 37.6733809 ], [ -122.1128892, 37.6731261 ], [ -122.1125431, 37.672849 ], [ -122.1122011, 37.6725561 ], [ -122.1118739, 37.6722493 ], [ -122.1115654, 37.6719414 ], [ -122.1112892, 37.6716336 ], [ -122.1109955, 37.6712928 ], [ -122.1107031, 37.670915 ], [ -122.110467, 37.6705885 ], [ -122.1102163, 37.6702111 ], [ -122.1096752, 37.6693293 ], [ -122.1092963, 37.6687134 ], [ -122.109296297501842, 37.668713396021097 ] ] } },
{ "type": "Feature", "properties": { "pm_start": 16.764116, "pm_end": 17.144882, "length": 0.380766, "lanes": 4, "on_ramp": false, "off_ramp": false, "on_ramp_name": null, "off_ramp_name": null, "caltrans_pm_start": 18.600000017457312, "caltrans_pm_end": 18.200000508685843, "length_warning": "ok", "vds_id": 400670, "vds_pm": 17.0716011675283, "vds_lanes": 5, "vds_source": "direct", "vds_distance_mi": 0.0, "vds_n_candidates": 1, "on_ramp_vds_id": null, "off_ramp_vds_id": null }, "geometry": { "type": "LineString", "coordinates": [ [ -122.109296297501842, 37.668713396021097 ], [ -122.1086903, 37.6677482 ], [ -122.1078874, 37.6664765 ], [ -122.107656, 37.666105 ], [ -122.1072417, 37.6654132 ], [ -122.1066852, 37.6644644 ], [ -122.1062425, 37.6637614 ], [ -122.106242497886456, 37.663761396613054 ] ] } },
{ "type": "Feature", "properties": { "pm_start": 17.144882, "pm_end": 17.352358, "length": 0.207476, "lanes": 4, "on_ramp": true, "off_ramp": true, "on_ramp_name": null, "off_ramp_name": null, "caltrans_pm_start": 18.200000508685843, "caltrans_pm_end": 18.000000040912514, "length_warning": "ok", "vds_id": 400463, "vds_pm": 17.330681164421591, "vds_lanes": 5, "vds_source": "direct", "vds_distance_mi": 0.0, "vds_n_candidates": 1, "on_ramp_vds_id": 403004, "off_ramp_vds_id": null }, "geometry": { "type": "LineString", "coordinates": [ [ -122.106242497886456, 37.663761396613054 ], [ -122.1054342, 37.6624661 ], [ -122.104543900350606, 37.661076500547239 ] ] } },
{ "type": "Feature", "properties": { "pm_start": 17.352358, "pm_end": 18.045527, "length": 0.693169, "lanes": 4, "on_ramp": false, "off_ramp": false, "on_ramp_name": null, "off_ramp_name": null, "caltrans_pm_start": 18.000000040912514, "caltrans_pm_end": 17.299999016928052, "length_warning": "ok", "vds_id": 401475, "vds_pm": 17.84039810747905, "vds_lanes": 5, "vds_source": "direct_tiebreak", "vds_distance_mi": 0.0, "vds_n_candidates": 2, "on_ramp_vds_id": null, "off_ramp_vds_id": null }, "geometry": { "type": "LineString", "coordinates": [ [ -122.104543900350606, 37.661076500547239 ], [ -122.1045439, 37.6610765 ], [ -122.1015131, 37.6561844 ], [ -122.1003436, 37.6542985 ], [ -122.0989801, 37.6520629 ], [ -122.098980098379911, 37.65206289734499 ] ] } },
{ "type": "Feature", "properties": { "pm_start": 18.045527, "pm_end": 18.317974, "length": 0.272447, "lanes": 5, "on_ramp": true, "off_ramp": true, "on_ramp_name": null, "off_ramp_name": null, "caltrans_pm_start": 17.299999016928052, "caltrans_pm_end": 16.999999816372547, "length_warning": "ok", "vds_id": 408141, "vds_pm": 18.050047198014695, "vds_lanes": 6, "vds_source": "direct", "vds_distance_mi": 0.0, "vds_n_candidates": 1, "on_ramp_vds_id": 403000, "off_ramp_vds_id": null }, "geometry": { "type": "LineString", "coordinates": [ [ -122.098980098379911, 37.65206289734499 ], [ -122.098407, 37.6511237 ], [ -122.0978264, 37.6501906 ], [ -122.0972899, 37.6493706 ], [ -122.0966984, 37.6485597 ], [ -122.096698398109652, 37.648559697803854 ] ] } },
{ "type": "Feature", "properties": { "pm_start": 18.317974, "pm_end": 18.334847, "length": 0.016873, "lanes": 3, "on_ramp": false, "off_ramp": false, "on_ramp_name": null, "off_ramp_name": null, "caltrans_pm_start": 16.999999816372547, "caltrans_pm_end": 16.983126816372547, "length_warning": "too_short", "vds_id": 408141, "vds_pm": 18.050047198014695, "vds_lanes": 6, "vds_source": "nearest_upstream", "vds_distance_mi": -0.27636330198530601, "vds_n_candidates": 0, "on_ramp_vds_id": null, "off_ramp_vds_id": null }, "geometry": { "type": "LineString", "coordinates": [ [ -122.096698398109652, 37.648559697803854 ], [ -122.096524700514877, 37.648357900598164 ] ] } },
{ "type": "Feature", "properties": { "pm_start": 18.334847, "pm_end": 18.740201, "length": 0.405354, "lanes": 4, "on_ramp": false, "off_ramp": false, "on_ramp_name": null, "off_ramp_name": null, "caltrans_pm_start": 16.983126816372547, "caltrans_pm_end": 16.600000464292002, "length_warning": "ok", "vds_id": 400427, "vds_pm": 18.62190372203823, "vds_lanes": 4, "vds_source": "direct", "vds_distance_mi": 0.0, "vds_n_candidates": 1, "on_ramp_vds_id": null, "off_ramp_vds_id": null }, "geometry": { "type": "LineString", "coordinates": [ [ -122.096524700514877, 37.648357900598164 ], [ -122.0965247, 37.6483579 ], [ -122.0952163, 37.6465408 ], [ -122.0949412, 37.6461425 ], [ -122.0942641, 37.6452538 ], [ -122.0936687, 37.6444192 ], [ -122.092882800770028, 37.643249801145778 ] ] } },
{ "type": "Feature", "properties": { "pm_start": 18.740201, "pm_end": 18.910599, "length": 0.170398, "lanes": 5, "on_ramp": true, "off_ramp": false, "on_ramp_name": null, "off_ramp_name": null, "caltrans_pm_start": 16.600000464292002, "caltrans_pm_end": 16.400000159102969, "length_warning": "too_short", "vds_id": 417676, "vds_pm": 18.761084083872046, "vds_lanes": 5, "vds_source": "direct", "vds_distance_mi": 0.0, "vds_n_candidates": 1, "on_ramp_vds_id": 417677, "off_ramp_vds_id": null }, "geometry": { "type": "LineString", "coordinates": [ [ -122.092882800770028, 37.643249801145778 ], [ -122.0928828, 37.6432498 ], [ -122.092341, 37.6425119 ], [ -122.091351704084218, 37.641102305819373 ] ] } },
{ "type": "Feature", "properties": { "pm_start": 18.910599, "pm_end": 19.409371, "length": 0.498772, "lanes": 5, "on_ramp": true, "off_ramp": true, "on_ramp_name": null, "off_ramp_name": null, "caltrans_pm_start": 16.400000159102969, "caltrans_pm_end": 16.000000047717425, "length_warning": "ok", "vds_id": 408140, "vds_pm": 19.230007695083483, "vds_lanes": 5, "vds_source": "direct_tiebreak", "vds_distance_mi": 0.0, "vds_n_candidates": 2, "on_ramp_vds_id": null, "off_ramp_vds_id": null }, "geometry": { "type": "LineString", "coordinates": [ [ -122.091351704084218, 37.641102305819373 ], [ -122.0913517, 37.6411023 ], [ -122.090383, 37.6397721 ], [ -122.086845900536161, 37.634827000749581 ] ] } },
{ "type": "Feature", "properties": { "pm_start": 19.409371, "pm_end": 19.92174, "length": 0.512369, "lanes": 4, "on_ramp": false, "off_ramp": false, "on_ramp_name": null, "off_ramp_name": null, "caltrans_pm_start": 16.000000047717425, "caltrans_pm_end": 15.399999670037001, "length_warning": "ok", "vds_id": 400634, "vds_pm": 19.51910396075996, "vds_lanes": 4, "vds_source": "direct_tiebreak", "vds_distance_mi": 0.0, "vds_n_candidates": 2, "on_ramp_vds_id": null, "off_ramp_vds_id": null }, "geometry": { "type": "LineString", "coordinates": [ [ -122.086845900536161, 37.634827000749581 ], [ -122.0868459, 37.634827 ], [ -122.0848655, 37.6320296 ], [ -122.0846679, 37.6317523 ], [ -122.084263, 37.6311883 ], [ -122.082261000382019, 37.628361200539459 ] ] } },
{ "type": "Feature", "properties": { "pm_start": 19.92174, "pm_end": 19.951158, "length": 0.029418, "lanes": 3, "on_ramp": false, "off_ramp": false, "on_ramp_name": null, "off_ramp_name": null, "caltrans_pm_start": 15.399999670037001, "caltrans_pm_end": 15.370581662728984, "length_warning": "too_short", "vds_id": 400634, "vds_pm": 19.51910396075996, "vds_lanes": 4, "vds_source": "nearest_upstream", "vds_distance_mi": -0.41734503924003974, "vds_n_candidates": 0, "on_ramp_vds_id": null, "off_ramp_vds_id": null }, "geometry": { "type": "LineString", "coordinates": [ [ -122.082261000382019, 37.628361200539459 ], [ -122.082261, 37.6283612 ], [ -122.081997901480804, 37.62798990208978 ] ] } },
{ "type": "Feature", "properties": { "pm_start": 19.951158, "pm_end": 20.490847, "length": 0.539689, "lanes": 4, "on_ramp": true, "off_ramp": true, "on_ramp_name": null, "off_ramp_name": null, "caltrans_pm_start": 15.370581662728984, "caltrans_pm_end": 14.799999983528435, "length_warning": "ok", "vds_id": 400038, "vds_pm": 20.37089971167411, "vds_lanes": 5, "vds_source": "direct", "vds_distance_mi": 0.0, "vds_n_candidates": 1, "on_ramp_vds_id": 402993, "off_ramp_vds_id": null }, "geometry": { "type": "LineString", "coordinates": [ [ -122.081997901480804, 37.62798990208978 ], [ -122.0819979, 37.6279899 ], [ -122.0771415, 37.6211916 ], [ -122.077141498172764, 37.62119159743272 ] ] } },
{ "type": "Feature", "properties": { "pm_start": 20.490847, "pm_end": 20.885389, "length": 0.394542, "lanes": 3, "on_ramp": false, "off_ramp": false, "on_ramp_name": null, "off_ramp_name": null, "caltrans_pm_start": 14.799999983528435, "caltrans_pm_end": 14.399999896826918, "length_warning": "ok", "vds_id": 401450, "vds_pm": 20.782443268417655, "vds_lanes": 4, "vds_source": "direct", "vds_distance_mi": 0.0, "vds_n_candidates": 1, "on_ramp_vds_id": null, "off_ramp_vds_id": null }, "geometry": { "type": "LineString", "coordinates": [ [ -122.077141498172764, 37.62119159743272 ], [ -122.0754124, 37.6187622 ], [ -122.073604602445755, 37.616215803445009 ] ] } },
{ "type": "Feature", "properties": { "pm_start": 20.885389, "pm_end": 21.45942, "length": 0.574031, "lanes": 3, "on_ramp": true, "off_ramp": true, "on_ramp_name": null, "off_ramp_name": null, "caltrans_pm_start": 14.399999896826918, "caltrans_pm_end": 13.899999486675622, "length_warning": "ok", "vds_id": 401240, "vds_pm": 21.073090512209241, "vds_lanes": 4, "vds_source": "direct", "vds_distance_mi": 0.0, "vds_n_candidates": 1, "on_ramp_vds_id": 403149, "off_ramp_vds_id": 402988 }, "geometry": { "type": "LineString", "coordinates": [ [ -122.073604602445755, 37.616215803445009 ], [ -122.0736046, 37.6162158 ], [ -122.0717525, 37.6136272 ], [ -122.0713017, 37.6130039 ], [ -122.0690179, 37.6097756 ], [ -122.0684542, 37.6089786 ], [ -122.068454198741506, 37.608978598347882 ] ] } },
{ "type": "Feature", "properties": { "pm_start": 21.45942, "pm_end": 21.856922, "length": 0.397502, "lanes": 4, "on_ramp": false, "off_ramp": false, "on_ramp_name": null, "off_ramp_name": null, "caltrans_pm_start": 13.899999486675622, "caltrans_pm_end": 13.500000001068738, "length_warning": "ok", "vds_id": 401716, "vds_pm": 21.542913436708403, "vds_lanes": 4, "vds_source": "direct_tiebreak", "vds_distance_mi": 0.0, "vds_n_candidates": 2, "on_ramp_vds_id": null, "off_ramp_vds_id": null }, "geometry": { "type": "LineString", "coordinates": [ [ -122.068454198741506, 37.608978598347882 ], [ -122.0683391, 37.6088275 ], [ -122.0679258, 37.6082694 ], [ -122.0669217, 37.6069073 ], [ -122.066672, 37.6065556 ], [ -122.064852600009488, 37.603983200013431 ] ] } },
{ "type": "Feature", "properties": { "pm_start": 21.856922, "pm_end": 22.044325, "length": 0.187403, "lanes": 5, "on_ramp": true, "off_ramp": true, "on_ramp_name": null, "off_ramp_name": null, "caltrans_pm_start": 13.500000001068738, "caltrans_pm_end": 13.30000058547544, "length_warning": "too_short", "vds_id": 401716, "vds_pm": 21.542913436708403, "vds_lanes": 4, "vds_source": "nearest_upstream", "vds_distance_mi": -0.40771006329159576, "vds_n_candidates": 0, "on_ramp_vds_id": 402987, "off_ramp_vds_id": null }, "geometry": { "type": "LineString", "coordinates": [ [ -122.064852600009488, 37.603983200013431 ], [ -122.0648526, 37.6039832 ], [ -122.0640389, 37.6028654 ], [ -122.063168403289168, 37.601621904698547 ] ] } },
{ "type": "Feature", "properties": { "pm_start": 22.044325, "pm_end": 22.301794, "length": 0.257469, "lanes": 4, "on_ramp": false, "off_ramp": false, "on_ramp_name": null, "off_ramp_name": null, "caltrans_pm_start": 13.30000058547544, "caltrans_pm_end": 13.014401383528387, "length_warning": "ok", "vds_id": 400853, "vds_pm": 22.199641513445346, "vds_lanes": 4, "vds_source": "direct", "vds_distance_mi": 0.0, "vds_n_candidates": 1, "on_ramp_vds_id": null, "off_ramp_vds_id": null }, "geometry": { "type": "LineString", "coordinates": [ [ -122.063168403289168, 37.601621904698547 ], [ -122.0631684, 37.6016219 ], [ -122.0608634, 37.5983737 ], [ -122.060863397676314, 37.598373696754351 ] ] } },
{ "type": "Feature", "properties": { "pm_start": 22.301794, "pm_end": 22.316195, "length": 0.014400999999999442, "lanes": 5, "on_ramp": true, "off_ramp": false, "on_ramp_name": null, "off_ramp_name": null, "caltrans_pm_start": 13.014401383528387, "caltrans_pm_end": 13.000000383528388, "length_warning": "too_short", "vds_id": 400853, "vds_pm": 22.199641513445346, "vds_lanes": 4, "vds_source": "nearest_upstream", "vds_distance_mi": -0.10935298655465431, "vds_n_candidates": 0, "on_ramp_vds_id": 402982, "off_ramp_vds_id": null }, "geometry": { "type": "LineString", "coordinates": [ [ -122.060863397676314, 37.598373696754351 ], [ -122.060733603456697, 37.598192404828183 ] ] } },
{ "type": "Feature", "properties": { "pm_start": 22.316195, "pm_end": 22.539226, "length": 0.223031, "lanes": 3, "on_ramp": false, "off_ramp": false, "on_ramp_name": null, "off_ramp_name": null, "caltrans_pm_start": 13.000000383528388, "caltrans_pm_end": 12.800000316501169, "length_warning": "ok", "vds_id": 400067, "vds_pm": 22.359322544707918, "vds_lanes": 4, "vds_source": "direct", "vds_distance_mi": 0.0, "vds_n_candidates": 1, "on_ramp_vds_id": null, "off_ramp_vds_id": null }, "geometry": { "type": "LineString", "coordinates": [ [ -122.060733603456697, 37.598192404828183 ], [ -122.0607336, 37.5981924 ], [ -122.0605902, 37.5979667 ], [ -122.0591038, 37.5959015 ], [ -122.058740701242527, 37.595377401793456 ] ] } },
{ "type": "Feature", "properties": { "pm_start": 22.539226, "pm_end": 23.529855, "length": 0.990629, "lanes": 3, "on_ramp": true, "off_ramp": true, "on_ramp_name": null, "off_ramp_name": null, "caltrans_pm_start": 12.800000316501169, "caltrans_pm_end": 11.799999630416721, "length_warning": "ok", "vds_id": 401038, "vds_pm": 23.016656236561545, "vds_lanes": 5, "vds_source": "direct_tiebreak", "vds_distance_mi": 0.0, "vds_n_candidates": 3, "on_ramp_vds_id": null, "off_ramp_vds_id": null }, "geometry": { "type": "LineString", "coordinates": [ [ -122.058740701242527, 37.595377401793456 ], [ -122.0587407, 37.5953774 ], [ -122.0582709, 37.5947252 ], [ -122.056671, 37.5924395 ], [ -122.0564067, 37.5920616 ], [ -122.0541583, 37.5889395 ], [ -122.0527558, 37.5869551 ], [ -122.05132, 37.5849729 ], [ -122.0510303, 37.5845606 ], [ -122.050715, 37.5840612 ], [ -122.0504736, 37.5836574 ], [ -122.0502201, 37.5831972 ], [ -122.0500149, 37.5828242 ], [ -122.050014897288293, 37.582824194331849 ] ] } },
{ "type": "Feature", "properties": { "pm_start": 23.529855, "pm_end": 23.832477, "length": 0.302622, "lanes": 3, "on_ramp": false, "off_ramp": false, "on_ramp_name": null, "off_ramp_name": null, "caltrans_pm_start": 11.799999630416721, "caltrans_pm_end": 11.399999958478924, "length_warning": "ok", "vds_id": 400839, "vds_pm": 23.7351582957067, "vds_lanes": 4, "vds_source": "direct", "vds_distance_mi": 0.0, "vds_n_candidates": 1, "on_ramp_vds_id": null, "off_ramp_vds_id": null }, "geometry": { "type": "LineString", "coordinates": [ [ -122.050014897288293, 37.582824194331849 ], [ -122.0497922, 37.5823587 ], [ -122.0496005, 37.581942 ], [ -122.0494154, 37.581502 ], [ -122.049225, 37.5810291 ], [ -122.0490466, 37.5805518 ], [ -122.0487258, 37.5795974 ], [ -122.048394401243115, 37.57863990359165 ] ] } },
{ "type": "Feature", "properties": { "pm_start": 23.832477, "pm_end": 24.034174, "length": 0.201697, "lanes": 3, "on_ramp": true, "off_ramp": false, "on_ramp_name": null, "off_ramp_name": null, "caltrans_pm_start": 11.399999958478924, "caltrans_pm_end": 11.199999808686195, "length_warning": "ok", "vds_id": 400565, "vds_pm": 23.904940875231972, "vds_lanes": 4, "vds_source": "direct", "vds_distance_mi": 0.0, "vds_n_candidates": 1, "on_ramp_vds_id": 402977, "off_ramp_vds_id": null }, "geometry": { "type": "LineString", "coordinates": [ [ -122.048394401243115, 37.57863990359165 ], [ -122.0483944, 37.5786399 ], [ -122.0474514, 37.575818 ], [ -122.047451399992312, 37.575817999977595 ] ] } },
{ "type": "Feature", "properties": { "pm_start": 24.034174, "pm_end": 24.800252, "length": 0.766078, "lanes": 3, "on_ramp": true, "off_ramp": true, "on_ramp_name": null, "off_ramp_name": null, "caltrans_pm_start": 11.199999808686195, "caltrans_pm_end": 10.547626218249009, "length_warning": "ok", "vds_id": 400186, "vds_pm": 24.266602052264396, "vds_lanes": 4, "vds_source": "direct", "vds_distance_mi": 0.0, "vds_n_candidates": 1, "on_ramp_vds_id": null, "off_ramp_vds_id": null }, "geometry": { "type": "LineString", "coordinates": [ [ -122.047451399992312, 37.575817999977595 ], [ -122.0464704, 37.5729619 ], [ -122.0463215, 37.5725622 ], [ -122.0461404, 37.5720828 ], [ -122.0459326, 37.5716088 ], [ -122.0456965, 37.57114 ], [ -122.0454458, 37.5706851 ], [ -122.0451789, 37.5702418 ], [ -122.0449254, 37.5698453 ], [ -122.0446089, 37.5693999 ], [ -122.0442844, 37.5689694 ], [ -122.0439625, 37.5685676 ], [ -122.0436205, 37.568203 ], [ -122.0432766, 37.5678572 ], [ -122.0429593, 37.5675396 ], [ -122.041340100681069, 37.566027600635984 ] ] } },
{ "type": "Feature", "properties": { "pm_start": 24.800252, "pm_end": 24.847878, "length": 0.047626000000001056, "lanes": 3, "on_ramp": false, "off_ramp": false, "on_ramp_name": null, "off_ramp_name": null, "caltrans_pm_start": 10.547626218249009, "caltrans_pm_end": 10.500000227257969, "length_warning": "too_short", "vds_id": 400186, "vds_pm": 24.266602052264396, "vds_lanes": 4, "vds_source": "nearest_upstream", "vds_distance_mi": -0.55746294773560479, "vds_n_candidates": 0, "on_ramp_vds_id": null, "off_ramp_vds_id": null }, "geometry": { "type": "LineString", "coordinates": [ [ -122.041340100681069, 37.566027600635984 ], [ -122.0413401, 37.5660276 ], [ -122.040776002691715, 37.565503002503235 ] ] } },
{ "type": "Feature", "properties": { "pm_start": 24.847878, "pm_end": 25.113821, "length": 0.265943, "lanes": 4, "on_ramp": false, "off_ramp": false, "on_ramp_name": null, "off_ramp_name": null, "caltrans_pm_start": 10.500000227257969, "caltrans_pm_end": 10.20000030357448, "length_warning": "ok", "vds_id": 400686, "vds_pm": 25.015954618872531, "vds_lanes": 4, "vds_source": "direct", "vds_distance_mi": 0.0, "vds_n_candidates": 1, "on_ramp_vds_id": null, "off_ramp_vds_id": null }, "geometry": { "type": "LineString", "coordinates": [ [ -122.040776002691715, 37.565503002503235 ], [ -122.040776, 37.565503 ], [ -122.0392029, 37.5640551 ], [ -122.037660605055805, 37.562551104930265 ] ] } },
{ "type": "Feature", "properties": { "pm_start": 25.113821, "pm_end": 25.295974, "length": 0.182153, "lanes": 4, "on_ramp": true, "off_ramp": false, "on_ramp_name": null, "off_ramp_name": null, "caltrans_pm_start": 10.20000030357448, "caltrans_pm_end": 10.000000414435373, "length_warning": "too_short", "vds_id": 400451, "vds_pm": 25.215461134757952, "vds_lanes": 4, "vds_source": "direct", "vds_distance_mi": 0.0, "vds_n_candidates": 1, "on_ramp_vds_id": 402975, "off_ramp_vds_id": null }, "geometry": { "type": "LineString", "coordinates": [ [ -122.037660605055805, 37.562551104930265 ], [ -122.0376606, 37.5625511 ], [ -122.035449504581791, 37.560581804080741 ] ] } },
{ "type": "Feature", "properties": { "pm_start": 25.295974, "pm_end": 26.246691, "length": 0.950717, "lanes": 4, "on_ramp": true, "off_ramp": true, "on_ramp_name": "CA 84", "off_ramp_name": null, "caltrans_pm_start": 10.000000414435373, "caltrans_pm_end": 9.1000004599022173, "length_warning": "ok", "vds_id": 401557, "vds_pm": 25.436128095524005, "vds_lanes": 4, "vds_source": "direct", "vds_distance_mi": 0.0, "vds_n_candidates": 1, "on_ramp_vds_id": 402971, "off_ramp_vds_id": 402969 }, "geometry": { "type": "LineString", "coordinates": [ [ -122.035449504581791, 37.560581804080741 ], [ -122.0354495, 37.5605818 ], [ -122.0295416, 37.5550207 ], [ -122.0292668, 37.5547523 ], [ -122.0290012, 37.554478 ], [ -122.0287411, 37.5541973 ], [ -122.0284728, 37.5538932 ], [ -122.0282153, 37.5535913 ], [ -122.0279686, 37.5532808 ], [ -122.0277433, 37.5529895 ], [ -122.0275164, 37.5526855 ], [ -122.0254961, 37.5499745 ], [ -122.025173700801474, 37.549540901077926 ] ] } },
{ "type": "Feature", "properties": { "pm_start": 26.246691, "pm_end": 26.572394, "length": 0.325703, "lanes": 4, "on_ramp": false, "off_ramp": false, "on_ramp_name": null, "off_ramp_name": null, "caltrans_pm_start": 9.1000004599022173, "caltrans_pm_end": 8.7999997146841231, "length_warning": "ok", "vds_id": 400248, "vds_pm": 26.459456650372424, "vds_lanes": 4, "vds_source": "direct", "vds_distance_mi": 0.0, "vds_n_candidates": 1, "on_ramp_vds_id": null, "off_ramp_vds_id": null }, "geometry": { "type": "LineString", "coordinates": [ [ -122.025173700801474, 37.549540901077926 ], [ -122.0251737, 37.5495409 ], [ -122.0238069, 37.5477563 ], [ -122.0221452, 37.5454846 ], [ -122.022145196564253, 37.5454845954891 ] ] } },
{ "type": "Feature", "properties": { "pm_start": 26.572394, "pm_end": 26.802198, "length": 0.229804, "lanes": 4, "on_ramp": true, "off_ramp": false, "on_ramp_name": null, "off_ramp_name": null, "caltrans_pm_start": 8.7999997146841231, "caltrans_pm_end": 8.4999997438534241, "length_warning": "ok", "vds_id": 400810, "vds_pm": 26.648590378744313, "vds_lanes": 4, "vds_source": "direct", "vds_distance_mi": 0.0, "vds_n_candidates": 1, "on_ramp_vds_id": 402966, "off_ramp_vds_id": null }, "geometry": { "type": "LineString", "coordinates": [ [ -122.022145196564253, 37.5454845954891 ], [ -122.0199767, 37.5426375 ], [ -122.019976697277414, 37.542637496376123 ] ] } },
{ "type": "Feature", "properties": { "pm_start": 26.802198, "pm_end": 27.876179, "length": 1.073981, "lanes": 4, "on_ramp": true, "off_ramp": true, "on_ramp_name": null, "off_ramp_name": null, "caltrans_pm_start": 8.4999997438534241, "caltrans_pm_end": 7.4999997019549349, "length_warning": "too_long", "vds_id": 400810, "vds_pm": 26.648590378744313, "vds_lanes": 4, "vds_source": "nearest_upstream", "vds_distance_mi": -0.69059812125568598, "vds_n_candidates": 0, "on_ramp_vds_id": 402966, "off_ramp_vds_id": 402941 }, "geometry": { "type": "LineString", "coordinates": [ [ -122.019976697277414, 37.542637496376123 ], [ -122.0176646, 37.53956 ], [ -122.0173542, 37.539144 ], [ -122.0170243, 37.538725 ], [ -122.0165871, 37.5382358 ], [ -122.0161606, 37.5377977 ], [ -122.01571, 37.5373723 ], [ -122.0152004, 37.5369469 ], [ -122.0146452, 37.5365386 ], [ -122.0140899, 37.5361685 ], [ -122.0135267, 37.5358261 ], [ -122.0129574, 37.5355062 ], [ -122.0063014, 37.5318913 ], [ -122.006301395758925, 37.531891297710374 ] ] } },
{ "type": "Feature", "properties": { "pm_start": 27.876179, "pm_end": 28.253592, "length": 0.377413, "lanes": 4, "on_ramp": false, "off_ramp": false, "on_ramp_name": null, "off_ramp_name": null, "caltrans_pm_start": 7.4999997019549349, "caltrans_pm_end": 7.1000001848733012, "length_warning": "ok", "vds_id": 401362, "vds_pm": 28.030435845614768, "vds_lanes": 4, "vds_source": "direct", "vds_distance_mi": 0.0, "vds_n_candidates": 1, "on_ramp_vds_id": null, "off_ramp_vds_id": null }, "geometry": { "type": "LineString", "coordinates": [ [ -122.006301395758925, 37.531891297710374 ], [ -122.0052304, 37.5313131 ], [ -122.0036128, 37.5304297 ], [ -122.000614404052826, 37.528809502189958 ] ] } },
{ "type": "Feature", "properties": { "pm_start": 28.253592, "pm_end": 28.455222, "length": 0.20163, "lanes": 4, "on_ramp": true, "off_ramp": false, "on_ramp_name": null, "off_ramp_name": null, "caltrans_pm_start": 7.1000001848733012, "caltrans_pm_end": 6.9000003651420503, "length_warning": "ok", "vds_id": 400576, "vds_pm": 28.260901461802256, "vds_lanes": 4, "vds_source": "direct", "vds_distance_mi": 0.0, "vds_n_candidates": 1, "on_ramp_vds_id": 402961, "off_ramp_vds_id": null }, "geometry": { "type": "LineString", "coordinates": [ [ -122.000614404052826, 37.528809502189958 ], [ -122.0006144, 37.5288095 ], [ -121.9998534, 37.5283974 ], [ -121.9990498, 37.5279756 ], [ -121.9982771, 37.5275866 ], [ -121.99753310411495, 37.52721490205581 ] ] } },
{ "type": "Feature", "properties": { "pm_start": 28.455222, "pm_end": 28.817748, "length": 0.362526, "lanes": 4, "on_ramp": true, "off_ramp": true, "on_ramp_name": null, "off_ramp_name": null, "caltrans_pm_start": 6.9000003651420503, "caltrans_pm_end": 6.5000002075983865, "length_warning": "ok", "vds_id": 400576, "vds_pm": 28.260901461802256, "vds_lanes": 4, "vds_source": "nearest_upstream", "vds_distance_mi": -0.37558353819774482, "vds_n_candidates": 0, "on_ramp_vds_id": null, "off_ramp_vds_id": 402958 }, "geometry": { "type": "LineString", "coordinates": [ [ -121.99753310411495, 37.52721490205581 ], [ -121.9975331, 37.5272149 ], [ -121.9967568, 37.5268406 ], [ -121.991908202917671, 37.524452801436865 ] ] } },
{ "type": "Feature", "properties": { "pm_start": 28.817748, "pm_end": 29.161412, "length": 0.343664, "lanes": 4, "on_ramp": false, "off_ramp": false, "on_ramp_name": null, "off_ramp_name": null, "caltrans_pm_start": 6.5000002075983865, "caltrans_pm_end": 6.1999999186247425, "length_warning": "ok", "vds_id": 400778, "vds_pm": 29.03053788591459, "vds_lanes": 4, "vds_source": "direct", "vds_distance_mi": 0.0, "vds_n_candidates": 1, "on_ramp_vds_id": null, "off_ramp_vds_id": null }, "geometry": { "type": "LineString", "coordinates": [ [ -121.991908202917671, 37.524452801436865 ], [ -121.9919082, 37.5244528 ], [ -121.986580501929069, 37.521828800950104 ] ] } },
{ "type": "Feature", "properties": { "pm_start": 29.161412, "pm_end": 29.355343, "length": 0.193931, "lanes": 4, "on_ramp": true, "off_ramp": false, "on_ramp_name": null, "off_ramp_name": null, "caltrans_pm_start": 6.1999999186247425, "caltrans_pm_end": 6.0000004213628895, "length_warning": "too_short", "vds_id": 400468, "vds_pm": 29.300496397148343, "vds_lanes": 4, "vds_source": "direct", "vds_distance_mi": 0.0, "vds_n_candidates": 1, "on_ramp_vds_id": 402955, "off_ramp_vds_id": null }, "geometry": { "type": "LineString", "coordinates": [ [ -121.986580501929069, 37.521828800950104 ], [ -121.9865805, 37.5218288 ], [ -121.9857088, 37.5214012 ], [ -121.9851054, 37.5210997 ], [ -121.9844858, 37.520753 ], [ -121.983688705804838, 37.520220103880817 ] ] } },
{ "type": "Feature", "properties": { "pm_start": 29.355343, "pm_end": 30.320824, "length": 0.965481, "lanes": 4, "on_ramp": true, "off_ramp": true, "on_ramp_name": null, "off_ramp_name": null, "caltrans_pm_start": 6.0000004213628895, "caltrans_pm_end": 4.9999999853564292, "length_warning": "ok", "vds_id": 400468, "vds_pm": 29.300496397148343, "vds_lanes": 4, "vds_source": "nearest_upstream", "vds_distance_mi": -0.53758710285165989, "vds_n_candidates": 0, "on_ramp_vds_id": null, "off_ramp_vds_id": 402953 }, "geometry": { "type": "LineString", "coordinates": [ [ -121.983688705804838, 37.520220103880817 ], [ -121.9836887, 37.5202201 ], [ -121.9832782, 37.5199593 ], [ -121.9828899, 37.5196872 ], [ -121.9824177, 37.5193143 ], [ -121.9741618, 37.5126382 ], [ -121.9717813, 37.5107189 ], [ -121.9712732, 37.5103118 ], [ -121.971273199784548, 37.510311799827051 ] ] } },
{ "type": "Feature", "properties": { "pm_start": 30.320824, "pm_end": 30.665159, "length": 0.344335, "lanes": 4, "on_ramp": false, "off_ramp": false, "on_ramp_name": null, "off_ramp_name": null, "caltrans_pm_start": 4.9999999853564292, "caltrans_pm_end": 4.6999993501870296, "length_warning": "ok", "vds_id": 400739, "vds_pm": 30.545811812938638, "vds_lanes": 4, "vds_source": "direct", "vds_distance_mi": 0.0, "vds_n_candidates": 1, "on_ramp_vds_id": null, "off_ramp_vds_id": null }, "geometry": { "type": "LineString", "coordinates": [ [ -121.971273199784548, 37.510311799827051 ], [ -121.9689397, 37.5084387 ], [ -121.9668664, 37.5067599 ], [ -121.966866396168612, 37.506759896901777 ] ] } },
{ "type": "Feature", "properties": { "pm_start": 30.665159, "pm_end": 30.795593, "length": 0.130434, "lanes": 4, "on_ramp": true, "off_ramp": false, "on_ramp_name": null, "off_ramp_name": null, "caltrans_pm_start": 4.6999993501870296, "caltrans_pm_end": 4.4999995549305041, "length_warning": "too_short", "vds_id": 400363, "vds_pm": 30.743885693111444, "vds_lanes": 4, "vds_source": "direct", "vds_distance_mi": 0.0, "vds_n_candidates": 1, "on_ramp_vds_id": 402954, "off_ramp_vds_id": null }, "geometry": { "type": "LineString", "coordinates": [ [ -121.966866396168612, 37.506759896901777 ], [ -121.9651999, 37.5054123 ], [ -121.965199894444453, 37.505412295543209 ] ] } },
{ "type": "Feature", "properties": { "pm_start": 30.795593, "pm_end": 31.086817, "length": 0.291224, "lanes": 5, "on_ramp": true, "off_ramp": true, "on_ramp_name": null, "off_ramp_name": null, "caltrans_pm_start": 4.4999995549305041, "caltrans_pm_end": 4.1999999727310602, "length_warning": "ok", "vds_id": 400363, "vds_pm": 30.743885693111444, "vds_lanes": 4, "vds_source": "nearest_upstream", "vds_distance_mi": -0.1973193068885557, "vds_n_candidates": 0, "on_ramp_vds_id": 402950, "off_ramp_vds_id": null }, "geometry": { "type": "LineString", "coordinates": [ [ -121.965199894444453, 37.505412295543209 ], [ -121.9632295, 37.5038316 ], [ -121.9622807, 37.5031024 ], [ -121.961425102066727, 37.502446501584345 ] ] } },
{ "type": "Feature", "properties": { "pm_start": 31.086817, "pm_end": 31.583294, "length": 0.496477, "lanes": 4, "on_ramp": false, "off_ramp": false, "on_ramp_name": null, "off_ramp_name": null, "caltrans_pm_start": 4.1999999727310602, "caltrans_pm_end": 3.7000004372546846, "length_warning": "ok", "vds_id": 400698, "vds_pm": 31.28760952042585, "vds_lanes": 4, "vds_source": "direct", "vds_distance_mi": 0.0, "vds_n_candidates": 1, "on_ramp_vds_id": null, "off_ramp_vds_id": null }, "geometry": { "type": "LineString", "coordinates": [ [ -121.961425102066727, 37.502446501584345 ], [ -121.9614251, 37.5024465 ], [ -121.957546, 37.4994728 ], [ -121.9552778, 37.4977338 ], [ -121.954911905044597, 37.497453303867196 ] ] } },
{ "type": "Feature", "properties": { "pm_start": 31.583294, "pm_end": 31.831943, "length": 0.248649, "lanes": 5, "on_ramp": true, "off_ramp": true, "on_ramp_name": null, "off_ramp_name": null, "caltrans_pm_start": 3.7000004372546846, "caltrans_pm_end": 3.500000122988705, "length_warning": "ok", "vds_id": 400698, "vds_pm": 31.28760952042585, "vds_lanes": 4, "vds_source": "nearest_upstream", "vds_distance_mi": -0.42000897957414907, "vds_n_candidates": 0, "on_ramp_vds_id": null, "off_ramp_vds_id": null }, "geometry": { "type": "LineString", "coordinates": [ [ -121.954911905044597, 37.497453303867196 ], [ -121.9549119, 37.4974533 ], [ -121.954894, 37.4974396 ], [ -121.9539765, 37.496736 ], [ -121.951674801986002, 37.494932501556129 ] ] } },
{ "type": "Feature", "properties": { "pm_start": 31.831943, "pm_end": 32.188228, "length": 0.356285, "lanes": 4, "on_ramp": false, "off_ramp": false, "on_ramp_name": null, "off_ramp_name": null, "caltrans_pm_start": 3.500000122988705, "caltrans_pm_end": 3.100000199149175, "length_warning": "ok", "vds_id": 400941, "vds_pm": 32.069564147154829, "vds_lanes": 4, "vds_source": "direct", "vds_distance_mi": 0.0, "vds_n_candidates": 1, "on_ramp_vds_id": null, "off_ramp_vds_id": null }, "geometry": { "type": "LineString", "coordinates": [ [ -121.951674801986002, 37.494932501556129 ], [ -121.9516748, 37.4949325 ], [ -121.9497472, 37.4934637 ], [ -121.946991403500945, 37.491357302675951 ] ] } },
{ "type": "Feature", "properties": { "pm_start": 32.188228, "pm_end": 32.370742, "length": 0.182514, "lanes": 4, "on_ramp": true, "off_ramp": false, "on_ramp_name": null, "off_ramp_name": null, "caltrans_pm_start": 3.100000199149175, "caltrans_pm_end": 2.9999998815933546, "length_warning": "too_short", "vds_id": 400409, "vds_pm": 32.264470230290598, "vds_lanes": 4, "vds_source": "direct", "vds_distance_mi": 0.0, "vds_n_candidates": 1, "on_ramp_vds_id": 402946, "off_ramp_vds_id": null }, "geometry": { "type": "LineString", "coordinates": [ [ -121.946991403500945, 37.491357302675951 ], [ -121.9469914, 37.4913573 ], [ -121.944608, 37.489513 ], [ -121.944607998733446, 37.489512999016711 ] ] } },
{ "type": "Feature", "properties": { "pm_start": 32.370742, "pm_end": 32.616874, "length": 0.246132, "lanes": 5, "on_ramp": true, "off_ramp": true, "on_ramp_name": null, "off_ramp_name": null, "caltrans_pm_start": 2.9999998815933546, "caltrans_pm_end": 2.7000003767919827, "length_warning": "ok", "vds_id": 400409, "vds_pm": 32.264470230290598, "vds_lanes": 4, "vds_source": "nearest_upstream", "vds_distance_mi": -0.22933776970940301, "vds_n_candidates": 0, "on_ramp_vds_id": 402944, "off_ramp_vds_id": null }, "geometry": { "type": "LineString", "coordinates": [ [ -121.944607998733446, 37.489512999016711 ], [ -121.94139900349559, 37.48702170271379 ] ] } },
{ "type": "Feature", "properties": { "pm_start": 32.616874, "pm_end": 33.178568, "length": 0.561694, "lanes": 4, "on_ramp": false, "off_ramp": false, "on_ramp_name": null, "off_ramp_name": null, "caltrans_pm_start": 2.7000003767919827, "caltrans_pm_end": 1.8000006796220962, "length_warning": "ok", "vds_id": 402803, "vds_pm": 32.902380274971357, "vds_lanes": 5, "vds_source": "direct_tiebreak", "vds_distance_mi": 0.0, "vds_n_candidates": 3, "on_ramp_vds_id": null, "off_ramp_vds_id": null }, "geometry": { "type": "LineString", "coordinates": [ [ -121.94139900349559, 37.48702170271379 ], [ -121.941399, 37.4870217 ], [ -121.9393998, 37.4855173 ], [ -121.9386928, 37.4849756 ], [ -121.9382576, 37.4846426 ], [ -121.9380266, 37.4844591 ], [ -121.9377862, 37.4842611 ], [ -121.9375614, 37.4840654 ], [ -121.9373001, 37.4838312 ], [ -121.9370435, 37.4835911 ], [ -121.9368418, 37.483386 ], [ -121.9366395, 37.4831719 ], [ -121.9364308, 37.4829373 ], [ -121.9362364, 37.4827088 ], [ -121.9360291, 37.4824462 ], [ -121.9358522, 37.4822098 ], [ -121.9356797, 37.4819651 ], [ -121.9355072, 37.4817136 ], [ -121.9353531, 37.4814722 ], [ -121.9351994, 37.481212 ], [ -121.9350632, 37.4809517 ], [ -121.934983203229606, 37.480788706580306 ] ] } },
{ "type": "Feature", "properties": { "pm_start": 33.178568, "pm_end": 33.467382, "length": 0.288814, "lanes": 4, "on_ramp": true, "off_ramp": false, "on_ramp_name": null, "off_ramp_name": null, "caltrans_pm_start": 1.8000006796220962, "caltrans_pm_end": 1.4999997881347136, "length_warning": "ok", "vds_id": 402788, "vds_pm": 33.350366839732672, "vds_lanes": 4, "vds_source": "direct_tiebreak", "vds_distance_mi": 0.0, "vds_n_candidates": 2, "on_ramp_vds_id": null, "off_ramp_vds_id": null }, "geometry": { "type": "LineString", "coordinates": [ [ -121.934983203229606, 37.480788706580306 ], [ -121.9349832, 37.4807887 ], [ -121.9345584, 37.4799278 ], [ -121.93403, 37.4788542 ], [ -121.9331272, 37.4768771 ], [ -121.933127198513347, 37.476877097012299 ] ] } },
{ "type": "Feature", "properties": { "pm_start": 33.467382, "pm_end": 34.83009, "length": 1.362708, "lanes": 6, "on_ramp": false, "off_ramp": true, "on_ramp_name": null, "off_ramp_name": null, "caltrans_pm_start": 1.4999997881347136, "caltrans_pm_end": 0.200009976268095, "length_warning": "too_long", "vds_id": 402829, "vds_pm": 34.192362572369447, "vds_lanes": 6, "vds_source": "direct_tiebreak", "vds_distance_mi": 0.0, "vds_n_candidates": 2, "on_ramp_vds_id": null, "off_ramp_vds_id": 403196 }, "geometry": { "type": "LineString", "coordinates": [ [ -121.933127198513347, 37.476877097012299 ], [ -121.9285474, 37.4676732 ], [ -121.9262568, 37.4631173 ], [ -121.9253609, 37.4613587 ], [ -121.9244631, 37.4594035 ], [ -121.9240826, 37.4585093 ], [ -121.924082597475063, 37.458509293860097 ] ] } },
{ "type": "Feature", "properties": { "pm_start": 34.83009, "pm_end": 35.290225, "length": 0.460135, "lanes": 5, "on_ramp": false, "off_ramp": false, "on_ramp_name": null, "off_ramp_name": null, "caltrans_pm_start": 0.200009976268095, "caltrans_pm_end": 10.299999624408477, "length_warning": "ok", "vds_id": 401637, "vds_pm": 34.997396416650318, "vds_lanes": 5, "vds_source": "direct", "vds_distance_mi": 0.0, "vds_n_candidates": 1, "on_ramp_vds_id": null, "off_ramp_vds_id": null }, "geometry": { "type": "LineString", "coordinates": [ [ -121.924082597475063, 37.458509293860097 ], [ -121.924005, 37.4583206 ], [ -121.9238696, 37.4579437 ], [ -121.9237516, 37.4575519 ], [ -121.9236497, 37.4571389 ], [ -121.9235531, 37.4567088 ], [ -121.9233888, 37.4558703 ], [ -121.923022, 37.4539791 ], [ -121.9229255, 37.4534894 ], [ -121.922630400071142, 37.451956300369595 ] ] } },
{ "type": "Feature", "properties": { "pm_start": 35.290225, "pm_end": 35.443182, "length": 0.152957, "lanes": 6, "on_ramp": true, "off_ramp": false, "on_ramp_name": null, "off_ramp_name": null, "caltrans_pm_start": 10.299999624408477, "caltrans_pm_end": 10.100000011648998, "length_warning": "too_short", "vds_id": 401642, "vds_pm": 35.344637264781646, "vds_lanes": 6, "vds_source": "direct", "vds_distance_mi": 0.0, "vds_n_candidates": 1, "on_ramp_vds_id": 403195, "off_ramp_vds_id": null }, "geometry": { "type": "LineString", "coordinates": [ [ -121.922630400071142, 37.451956300369595 ], [ -121.9226304, 37.4519563 ], [ -121.9222229, 37.4497663 ], [ -121.922222898893153, 37.449766294511385 ] ] } },
{ "type": "Feature", "properties": { "pm_start": 35.443182, "pm_end": 36.381844, "length": 0.938662, "lanes": 6, "on_ramp": true, "off_ramp": true, "on_ramp_name": null, "off_ramp_name": null, "caltrans_pm_start": 10.100000011648998, "caltrans_pm_end": 9.1999996666623733, "length_warning": "ok", "vds_id": 401642, "vds_pm": 35.344637264781646, "vds_lanes": 6, "vds_source": "nearest_upstream", "vds_distance_mi": -0.5678757352183581, "vds_n_candidates": 0, "on_ramp_vds_id": 403195, "off_ramp_vds_id": null }, "geometry": { "type": "LineString", "coordinates": [ [ -121.922222898893153, 37.449766294511385 ], [ -121.9203687, 37.4405717 ], [ -121.920261, 37.439979 ], [ -121.9198073, 37.4374852 ], [ -121.9197668, 37.4372581 ], [ -121.919578, 37.4363445 ], [ -121.91957799969569, 37.436344497941597 ] ] } },
{ "type": "Feature", "properties": { "pm_start": 36.381844, "pm_end": 36.581779, "length": 0.199935, "lanes": 6, "on_ramp": false, "off_ramp": true, "on_ramp_name": null, "off_ramp_name": null, "caltrans_pm_start": 9.1999996666623733, "caltrans_pm_end": 9.0000003279217449, "length_warning": "too_short", "vds_id": 401642, "vds_pm": 35.344637264781646, "vds_lanes": 6, "vds_source": "nearest_upstream", "vds_distance_mi": -1.1371742352183531, "vds_n_candidates": 0, "on_ramp_vds_id": null, "off_ramp_vds_id": null }, "geometry": { "type": "LineString", "coordinates": [ [ -121.91957799969569, 37.436344497941597 ], [ -121.919283, 37.4343491 ], [ -121.919194500475371, 37.43346730473651 ] ] } },
{ "type": "Feature", "properties": { "pm_start": 36.581779, "pm_end": 36.84806, "length": 0.266281, "lanes": 4, "on_ramp": false, "off_ramp": true, "on_ramp_name": null, "off_ramp_name": null, "caltrans_pm_start": 9.0000003279217449, "caltrans_pm_end": 8.6999997003520022, "length_warning": "ok", "vds_id": 401642, "vds_pm": 35.344637264781646, "vds_lanes": 6, "vds_source": "nearest_upstream", "vds_distance_mi": -1.3702822352183475, "vds_n_candidates": 0, "on_ramp_vds_id": null, "off_ramp_vds_id": null }, "geometry": { "type": "LineString", "coordinates": [ [ -121.919194500475371, 37.43346730473651 ], [ -121.9191945, 37.4334673 ], [ -121.9190148, 37.4318955 ], [ -121.9189612, 37.431444 ], [ -121.9188861, 37.4309797 ], [ -121.9187895, 37.4305281 ], [ -121.9186661, 37.4300809 ], [ -121.918537, 37.4296549 ], [ -121.918536999394817, 37.429654898352616 ] ] } },
{ "type": "Feature", "properties": { "pm_start": 36.84806, "pm_end": 37.780269, "length": 0.932209, "lanes": 4, "on_ramp": false, "off_ramp": false, "on_ramp_name": null, "off_ramp_name": null, "caltrans_pm_start": 8.6999997003520022, "caltrans_pm_end": 7.8000003617755294, "length_warning": "ok", "vds_id": 402119, "vds_pm": 37.465657007766886, "vds_lanes": 4, "vds_source": "direct", "vds_distance_mi": 0.0, "vds_n_candidates": 1, "on_ramp_vds_id": null, "off_ramp_vds_id": null }, "geometry": { "type": "LineString", "coordinates": [ [ -121.918536999394817, 37.429654898352616 ], [ -121.9183711, 37.4292033 ], [ -121.9181833, 37.428756 ], [ -121.9181478, 37.42868 ], [ -121.9179741, 37.4283087 ], [ -121.9177488, 37.4278614 ], [ -121.9173894, 37.4271798 ], [ -121.9169924, 37.4264982 ], [ -121.9168154, 37.4261915 ], [ -121.9166866, 37.4259103 ], [ -121.9165203, 37.4254588 ], [ -121.9161107, 37.4242529 ], [ -121.9159617, 37.4238134 ], [ -121.9148037, 37.4203976 ], [ -121.9143209, 37.4190427 ], [ -121.913598800772803, 37.416769402432912 ] ] } },
{ "type": "Feature", "properties": { "pm_start": 37.780269, "pm_end": 38.12686, "length": 0.346591, "lanes": 4, "on_ramp": true, "off_ramp": false, "on_ramp_name": null, "off_ramp_name": null, "caltrans_pm_start": 7.8000003617755294, "caltrans_pm_end": 7.3999999776946588, "length_warning": "ok", "vds_id": 400238, "vds_pm": 38.033418066169688, "vds_lanes": 4, "vds_source": "direct", "vds_distance_mi": 0.0, "vds_n_candidates": 1, "on_ramp_vds_id": null, "off_ramp_vds_id": null }, "geometry": { "type": "LineString", "coordinates": [ [ -121.913598800772803, 37.416769402432912 ], [ -121.9135988, 37.4167694 ], [ -121.9119421, 37.4119288 ], [ -121.911942099317713, 37.411928798074094 ] ] } },
{ "type": "Feature", "properties": { "pm_start": 38.12686, "pm_end": 38.581449, "length": 0.454589, "lanes": 5, "on_ramp": false, "off_ramp": true, "on_ramp_name": null, "off_ramp_name": null, "caltrans_pm_start": 7.3999999776946588, "caltrans_pm_end": 7.0000002762438296, "length_warning": "ok", "vds_id": 400238, "vds_pm": 38.033418066169688, "vds_lanes": 4, "vds_source": "nearest_upstream", "vds_distance_mi": -0.32073643383031225, "vds_n_candidates": 0, "on_ramp_vds_id": null, "off_ramp_vds_id": 423149 }, "geometry": { "type": "LineString", "coordinates": [ [ -121.911942099317713, 37.411928798074094 ], [ -121.9110057, 37.4092856 ], [ -121.9108545, 37.4088108 ], [ -121.9107043, 37.4083038 ], [ -121.9105809, 37.4078227 ], [ -121.9104468, 37.4073199 ], [ -121.910048501002251, 37.405529704504687 ] ] } },
{ "type": "Feature", "properties": { "pm_start": 38.581449, "pm_end": 39.192729, "length": 0.61128, "lanes": 4, "on_ramp": false, "off_ramp": false, "on_ramp_name": null, "off_ramp_name": null, "caltrans_pm_start": 7.0000002762438296, "caltrans_pm_end": 6.4000005412360874, "length_warning": "ok", "vds_id": 402120, "vds_pm": 39.025290763312576, "vds_lanes": 4, "vds_source": "direct", "vds_distance_mi": 0.0, "vds_n_candidates": 1, "on_ramp_vds_id": null, "off_ramp_vds_id": null }, "geometry": { "type": "LineString", "coordinates": [ [ -121.910048501002251, 37.405529704504687 ], [ -121.9100485, 37.4055297 ], [ -121.9099234, 37.4050671 ], [ -121.908993, 37.4011409 ], [ -121.9088374, 37.4005187 ], [ -121.9086658, 37.3998838 ], [ -121.9085048, 37.3992488 ], [ -121.9082527, 37.398145 ], [ -121.908004601221919, 37.396834206455814 ] ] } },
{ "type": "Feature", "properties": { "pm_start": 39.192729, "pm_end": 39.934888, "length": 0.742159, "lanes": 4, "on_ramp": true, "off_ramp": true, "on_ramp_name": null, "off_ramp_name": null, "caltrans_pm_start": 6.4000005412360874, "caltrans_pm_end": 5.6000001969789794, "length_warning": "ok", "vds_id": 423148, "vds_pm": 39.314798873294926, "vds_lanes": 4, "vds_source": "direct", "vds_distance_mi": 0.0, "vds_n_candidates": 1, "on_ramp_vds_id": null, "off_ramp_vds_id": null }, "geometry": { "type": "LineString", "coordinates": [ [ -121.908004601221919, 37.396834206455814 ], [ -121.9080046, 37.3968342 ], [ -121.9070994, 37.393261 ], [ -121.905513000892014, 37.386277303926882 ] ] } },
{ "type": "Feature", "properties": { "pm_start": 39.934888, "pm_end": 40.516196, "length": 0.581308, "lanes": 4, "on_ramp": false, "off_ramp": false, "on_ramp_name": null, "off_ramp_name": null, "caltrans_pm_start": 5.6000001969789794, "caltrans_pm_end": 5.0999999046093967, "length_warning": "ok", "vds_id": 402121, "vds_pm": 40.357510912819073, "vds_lanes": 4, "vds_source": "direct", "vds_distance_mi": 0.0, "vds_n_candidates": 1, "on_ramp_vds_id": null, "off_ramp_vds_id": null }, "geometry": { "type": "LineString", "coordinates": [ [ -121.905513000892014, 37.386277303926882 ], [ -121.905513, 37.3862773 ], [ -121.9048249, 37.3835725 ], [ -121.904444, 37.3819357 ], [ -121.903570100017006, 37.378007300076455 ] ] } },
{ "type": "Feature", "properties": { "pm_start": 40.516196, "pm_end": 40.983913, "length": 0.467717, "lanes": 4, "on_ramp": true, "off_ramp": true, "on_ramp_name": null, "off_ramp_name": null, "caltrans_pm_start": 5.0999999046093967, "caltrans_pm_end": 4.6000004242555548, "length_warning": "ok", "vds_id": 402121, "vds_pm": 40.357510912819073, "vds_lanes": 4, "vds_source": "nearest_upstream", "vds_distance_mi": -0.3925435871809313, "vds_n_candidates": 0, "on_ramp_vds_id": null, "off_ramp_vds_id": null }, "geometry": { "type": "LineString", "coordinates": [ [ -121.903570100017006, 37.378007300076455 ], [ -121.9035701, 37.3780073 ], [ -121.9034482, 37.3774951 ], [ -121.9029339, 37.3753348 ], [ -121.902005701627175, 37.371353106980095 ] ] } },
{ "type": "Feature", "properties": { "pm_start": 40.983913, "pm_end": 41.252215, "length": 0.268302, "lanes": 4, "on_ramp": false, "off_ramp": false, "on_ramp_name": null, "off_ramp_name": null, "caltrans_pm_start": 4.6000004242555548, "caltrans_pm_end": 4.3000006178312624, "length_warning": "ok", "vds_id": 400971, "vds_pm": 41.173495089312823, "vds_lanes": 4, "vds_source": "direct", "vds_distance_mi": 0.0, "vds_n_candidates": 1, "on_ramp_vds_id": null, "off_ramp_vds_id": null }, "geometry": { "type": "LineString", "coordinates": [ [ -121.902005701627175, 37.371353106980095 ], [ -121.9020057, 37.3713531 ], [ -121.9013488, 37.3686395 ], [ -121.9012949, 37.3683825 ], [ -121.9012571, 37.3680914 ], [ -121.901229600270852, 37.367525205576605 ] ] } },
{ "type": "Feature", "properties": { "pm_start": 41.252215, "pm_end": 41.446862, "length": 0.194647, "lanes": 5, "on_ramp": true, "off_ramp": false, "on_ramp_name": null, "off_ramp_name": null, "caltrans_pm_start": 4.3000006178312624, "caltrans_pm_end": 4.1000003917119168, "length_warning": "too_short", "vds_id": 404759, "vds_pm": 41.416444078336418, "vds_lanes": 4, "vds_source": "direct", "vds_distance_mi": 0.0, "vds_n_candidates": 1, "on_ramp_vds_id": 413037, "off_ramp_vds_id": null }, "geometry": { "type": "LineString", "coordinates": [ [ -121.901229600270852, 37.367525205576605 ], [ -121.9012296, 37.3675252 ], [ -121.901215, 37.367261 ], [ -121.9012171, 37.3669863 ], [ -121.9012445, 37.3665724 ], [ -121.9012848, 37.3662314 ], [ -121.9013411, 37.365918 ], [ -121.9014216, 37.3655471 ], [ -121.9015074, 37.3652529 ], [ -121.901708897393206, 37.364751806482715 ] ] } },
{ "type": "Feature", "properties": { "pm_start": 41.446862, "pm_end": 41.535995, "length": 0.089132999999996798, "lanes": 5, "on_ramp": true, "off_ramp": true, "on_ramp_name": null, "off_ramp_name": null, "caltrans_pm_start": 4.1000003917119168, "caltrans_pm_end": 4.000000309980499, "length_warning": "too_short", "vds_id": 404759, "vds_pm": 41.416444078336418, "vds_lanes": 4, "vds_source": "nearest_upstream", "vds_distance_mi": -0.074984421663579326, "vds_n_candidates": 0, "on_ramp_vds_id": 408442, "off_ramp_vds_id": null }, "geometry": { "type": "LineString", "coordinates": [ [ -121.901708897393206, 37.364751806482715 ], [ -121.9017089, 37.3647518 ], [ -121.9017424, 37.3646761 ], [ -121.9018681, 37.3643916 ], [ -121.9020388, 37.3640525 ], [ -121.9021368, 37.3638722 ], [ -121.9022165, 37.3637325 ], [ -121.902328497721427, 37.363561003489053 ] ] } },
{ "type": "Feature", "properties": { "pm_start": 41.535995, "pm_end": 41.649588, "length": 0.113593, "lanes": 4, "on_ramp": false, "off_ramp": false, "on_ramp_name": null, "off_ramp_name": null, "caltrans_pm_start": 4.000000309980499, "caltrans_pm_end": 3.9000001476025457, "length_warning": "too_short", "vds_id": 400479, "vds_pm": 41.627392195640645, "vds_lanes": 4, "vds_source": "direct", "vds_distance_mi": 0.0, "vds_n_candidates": 1, "on_ramp_vds_id": null, "off_ramp_vds_id": null }, "geometry": { "type": "LineString", "coordinates": [ [ -121.902328497721427, 37.363561003489053 ], [ -121.9023285, 37.363561 ], [ -121.9025582, 37.3631949 ], [ -121.9027738, 37.3629149 ], [ -121.9029893, 37.3626563 ], [ -121.9032005, 37.3624246 ], [ -121.903445799396209, 37.362183100594443 ] ] } },
{ "type": "Feature", "properties": { "pm_start": 41.649588, "pm_end": 41.7786, "length": 0.129012, "lanes": 5, "on_ramp": true, "off_ramp": false, "on_ramp_name": null, "off_ramp_name": null, "caltrans_pm_start": 3.9000001476025457, "caltrans_pm_end": 3.7999995063625196, "length_warning": "too_short", "vds_id": 400479, "vds_pm": 41.627392195640645, "vds_lanes": 4, "vds_source": "nearest_upstream", "vds_distance_mi": -0.086701804359357482, "vds_n_candidates": 0, "on_ramp_vds_id": 408441, "off_ramp_vds_id": null }, "geometry": { "type": "LineString", "coordinates": [ [ -121.903445799396209, 37.362183100594443 ], [ -121.9034458, 37.3621831 ], [ -121.904652, 37.3609814 ], [ -121.9048098, 37.3608262 ], [ -121.904918, 37.3607282 ], [ -121.904918004244934, 37.360728195669651 ] ] } },
{ "type": "Feature", "properties": { "pm_start": 41.7786, "pm_end": 41.949392, "length": 0.17079200000000583, "lanes": 4, "on_ramp": false, "off_ramp": false, "on_ramp_name": null, "off_ramp_name": null, "caltrans_pm_start": 3.7999995063625196, "caltrans_pm_end": 3.6000000641791976, "length_warning": "too_short", "vds_id": 400030, "vds_pm": 41.922673869829978, "vds_lanes": 4, "vds_source": "direct", "vds_distance_mi": 0.0, "vds_n_candidates": 1, "on_ramp_vds_id": null, "off_ramp_vds_id": null }, "geometry": { "type": "LineString", "coordinates": [ [ -121.904918004244934, 37.360728195669651 ], [ -121.9057977, 37.3598308 ], [ -121.90684189841356, 37.358786101587214 ] ] } },
{ "type": "Feature", "properties": { "pm_start": 41.949392, "pm_end": 42.617809, "length": 0.668417, "lanes": 3, "on_ramp": true, "off_ramp": true, "on_ramp_name": null, "off_ramp_name": null, "caltrans_pm_start": 3.6000000641791976, "caltrans_pm_end": 2.9000002375809455, "length_warning": "ok", "vds_id": 401440, "vds_pm": 42.122313858323587, "vds_lanes": 4, "vds_source": "direct", "vds_distance_mi": 0.0, "vds_n_candidates": 1, "on_ramp_vds_id": 418864, "off_ramp_vds_id": null }, "geometry": { "type": "LineString", "coordinates": [ [ -121.90684189841356, 37.358786101587214 ], [ -121.9068419, 37.3587861 ], [ -121.9070664, 37.3585671 ], [ -121.9071148, 37.3585187 ], [ -121.9073032, 37.3583308 ], [ -121.9078044, 37.3578249 ], [ -121.9082521, 37.3573855 ], [ -121.9087719, 37.3568662 ], [ -121.9092784, 37.3563704 ], [ -121.9116758, 37.3540016 ], [ -121.9121168, 37.3535624 ], [ -121.9127812, 37.3529404 ], [ -121.9137745, 37.3521254 ], [ -121.914719898369441, 37.351428401202142 ] ] } },
{ "type": "Feature", "properties": { "pm_start": 42.617809, "pm_end": 42.951142, "length": 0.333333, "lanes": 3, "on_ramp": false, "off_ramp": false, "on_ramp_name": null, "off_ramp_name": null, "caltrans_pm_start": 2.9000002375809455, "caltrans_pm_end": 2.6000002693969622, "length_warning": "ok", "vds_id": 403225, "vds_pm": 42.809857155818428, "vds_lanes": 3, "vds_source": "direct_tiebreak", "vds_distance_mi": 0.0, "vds_n_candidates": 2, "on_ramp_vds_id": null, "off_ramp_vds_id": null }, "geometry": { "type": "LineString", "coordinates": [ [ -121.914719898369441, 37.351428401202142 ], [ -121.9147199, 37.3514284 ], [ -121.9168276, 37.3498785 ], [ -121.9178744, 37.3491436 ], [ -121.91862, 37.3486084 ], [ -121.919222394374842, 37.348194203867763 ] ] } },
{ "type": "Feature", "properties": { "pm_start": 42.951142, "pm_end": 43.10382, "length": 0.152678, "lanes": 3, "on_ramp": true, "off_ramp": false, "on_ramp_name": null, "off_ramp_name": null, "caltrans_pm_start": 2.6000002693969622, "caltrans_pm_end": 2.4000000811205227, "length_warning": "too_short", "vds_id": 400508, "vds_pm": 43.006358534453298, "vds_lanes": 3, "vds_source": "direct", "vds_distance_mi": 0.0, "vds_n_candidates": 1, "on_ramp_vds_id": 402935, "off_ramp_vds_id": null }, "geometry": { "type": "LineString", "coordinates": [ [ -121.919222394374842, 37.348194203867763 ], [ -121.9192224, 37.3481942 ], [ -121.9195836, 37.3479273 ], [ -121.9196607, 37.3478728 ], [ -121.9212822, 37.3467105 ], [ -121.921282200265026, 37.346710499813355 ] ] } },
{ "type": "Feature", "properties": { "pm_start": 43.10382, "pm_end": 43.310561, "length": 0.206741, "lanes": 4, "on_ramp": true, "off_ramp": true, "on_ramp_name": null, "off_ramp_name": null, "caltrans_pm_start": 2.4000000811205227, "caltrans_pm_end": 2.1999999277670201, "length_warning": "ok", "vds_id": 400508, "vds_pm": 43.006358534453298, "vds_lanes": 3, "vds_source": "nearest_upstream", "vds_distance_mi": -0.20083196554669769, "vds_n_candidates": 0, "on_ramp_vds_id": 402935, "off_ramp_vds_id": null }, "geometry": { "type": "LineString", "coordinates": [ [ -121.921282200265026, 37.346710499813355 ], [ -121.921717, 37.3464043 ], [ -121.9224173, 37.3459004 ], [ -121.9233889, 37.3451977 ], [ -121.9238074, 37.3448876 ], [ -121.9240595, 37.3446914 ], [ -121.924059502419439, 37.344691397835362 ] ] } },
{ "type": "Feature", "properties": { "pm_start": 43.310561, "pm_end": 43.476858, "length": 0.166297, "lanes": 3, "on_ramp": false, "off_ramp": false, "on_ramp_name": null, "off_ramp_name": null, "caltrans_pm_start": 2.1999999277670201, "caltrans_pm_end": 2.0999996823405427, "length_warning": "too_short", "vds_id": 400253, "vds_pm": 43.461023023107494, "vds_lanes": 3, "vds_source": "direct", "vds_distance_mi": 0.0, "vds_n_candidates": 1, "on_ramp_vds_id": null, "off_ramp_vds_id": null }, "geometry": { "type": "LineString", "coordinates": [ [ -121.924059502419439, 37.344691397835362 ], [ -121.9242741, 37.3444994 ], [ -121.9245665, 37.3442201 ], [ -121.9253121, 37.3434269 ], [ -121.9257279, 37.3429663 ], [ -121.9259094, 37.3427879 ], [ -121.92590940211754, 37.342787897922648 ] ] } },
{ "type": "Feature", "properties": { "pm_start": 43.476858, "pm_end": 43.64285, "length": 0.165992, "lanes": 4, "on_ramp": true, "off_ramp": false, "on_ramp_name": null, "off_ramp_name": null, "caltrans_pm_start": 2.0999996823405427, "caltrans_pm_end": 1.9000003801973828, "length_warning": "too_short", "vds_id": 400709, "vds_pm": 43.619640133222184, "vds_lanes": 4, "vds_source": "direct", "vds_distance_mi": 0.0, "vds_n_candidates": 1, "on_ramp_vds_id": 413043, "off_ramp_vds_id": null }, "geometry": { "type": "LineString", "coordinates": [ [ -121.92590940211754, 37.342787897922648 ], [ -121.9262623, 37.3424417 ], [ -121.9264735, 37.3422551 ], [ -121.9267471, 37.3420333 ], [ -121.9274465, 37.3415105 ], [ -121.928029395609485, 37.341080903235827 ] ] } },
{ "type": "Feature", "properties": { "pm_start": 43.64285, "pm_end": 44.173412, "length": 0.530562, "lanes": 4, "on_ramp": true, "off_ramp": true, "on_ramp_name": null, "off_ramp_name": null, "caltrans_pm_start": 1.9000003801973828, "caltrans_pm_end": 1.4000003229404854, "length_warning": "ok", "vds_id": 400709, "vds_pm": 43.619640133222184, "vds_lanes": 4, "vds_source": "nearest_upstream", "vds_distance_mi": -0.28849086677781344, "vds_n_candidates": 0, "on_ramp_vds_id": 413045, "off_ramp_vds_id": 413047 }, "geometry": { "type": "LineString", "coordinates": [ [ -121.928029395609485, 37.341080903235827 ], [ -121.9280294, 37.3410809 ], [ -121.9283251, 37.3408634 ], [ -121.9288297, 37.3404908 ], [ -121.9294878, 37.3400042 ], [ -121.9298042, 37.3397684 ], [ -121.930294, 37.3393784 ], [ -121.930677, 37.3390479 ], [ -121.932134, 37.3378134 ], [ -121.9332174, 37.336964 ], [ -121.9339066, 37.336424 ], [ -121.934891795215506, 37.335681503605862 ] ] } },
{ "type": "Feature", "properties": { "pm_start": 44.173412, "pm_end": 44.273138, "length": 0.099726000000003978, "lanes": 3, "on_ramp": false, "off_ramp": false, "on_ramp_name": null, "off_ramp_name": null, "caltrans_pm_start": 1.4000003229404854, "caltrans_pm_end": 1.2999999613182081, "length_warning": "too_short", "vds_id": 400709, "vds_pm": 43.619640133222184, "vds_lanes": 4, "vds_source": "nearest_upstream", "vds_distance_mi": -0.60363486677781708, "vds_n_candidates": 0, "on_ramp_vds_id": null, "off_ramp_vds_id": null }, "geometry": { "type": "LineString", "coordinates": [ [ -121.934891795215506, 37.335681503605862 ], [ -121.9348918, 37.3356815 ], [ -121.93619399985262, 37.334675900113815 ] ] } },
{ "type": "Feature", "properties": { "pm_start": 44.273138, "pm_end": 44.33812, "length": 0.064982000000000539, "lanes": 4, "on_ramp": true, "off_ramp": false, "on_ramp_name": null, "off_ramp_name": null, "caltrans_pm_start": 1.2999999613182081, "caltrans_pm_end": 1.2000000981515335, "length_warning": "too_short", "vds_id": 400723, "vds_pm": 44.31171730590497, "vds_lanes": 4, "vds_source": "direct_tiebreak", "vds_distance_mi": 0.0, "vds_n_candidates": 2, "on_ramp_vds_id": 413046, "off_ramp_vds_id": null }, "geometry": { "type": "LineString", "coordinates": [ [ -121.93619399985262, 37.334675900113815 ], [ -121.936194, 37.3346759 ], [ -121.9362486, 37.3346351 ], [ -121.9366551, 37.3343251 ], [ -121.93704839958869, 37.334025500313317 ] ] } },
{ "type": "Feature", "properties": { "pm_start": 44.33812, "pm_end": 44.907876, "length": 0.569756, "lanes": 4, "on_ramp": true, "off_ramp": true, "on_ramp_name": null, "off_ramp_name": null, "caltrans_pm_start": 1.2000000981515335, "caltrans_pm_end": 0.69999954386276597, "length_warning": "ok", "vds_id": 400723, "vds_pm": 44.31171730590497, "vds_lanes": 4, "vds_source": "nearest_upstream", "vds_distance_mi": -0.31128069409503212, "vds_n_candidates": 0, "on_ramp_vds_id": 413048, "off_ramp_vds_id": 408913 }, "geometry": { "type": "LineString", "coordinates": [ [ -121.93704839958869, 37.334025500313317 ], [ -121.9370484, 37.3340255 ], [ -121.9372057, 37.3339061 ], [ -121.9387073, 37.3327809 ], [ -121.9389374, 37.3325907 ], [ -121.939164, 37.3324005 ], [ -121.9395046, 37.3320714 ], [ -121.9398668, 37.3316445 ], [ -121.9400088, 37.3314477 ], [ -121.9401294, 37.3312746 ], [ -121.9402392, 37.3311005 ], [ -121.9404023, 37.3307959 ], [ -121.9404738, 37.3306455 ], [ -121.9405492, 37.3304792 ], [ -121.940604, 37.3303363 ], [ -121.9406657, 37.3301668 ], [ -121.9407209, 37.3300015 ], [ -121.9407748, 37.329817 ], [ -121.9408257, 37.3295994 ], [ -121.9408647, 37.3293475 ], [ -121.9408823, 37.3291467 ], [ -121.9408995, 37.3287849 ], [ -121.9409045, 37.3278102 ], [ -121.9408993, 37.3272779 ], [ -121.9409006, 37.3271111 ], [ -121.9409015, 37.3268323 ], [ -121.940901499994681, 37.326832294796908 ] ] } },
{ "type": "Feature", "properties": { "pm_start": 44.907876, "pm_end": 45.229961, "length": 0.322085, "lanes": 3, "on_ramp": false, "off_ramp": true, "on_ramp_name": null, "off_ramp_name": null, "caltrans_pm_start": 0.69999954386276597, "caltrans_pm_end": 0.30000039281821678, "length_warning": "ok", "vds_id": 408911, "vds_pm": 45.023933625499488, "vds_lanes": 4, "vds_source": "direct", "vds_distance_mi": 0.0, "vds_n_candidates": 1, "on_ramp_vds_id": null, "off_ramp_vds_id": 408912 }, "geometry": { "type": "LineString", "coordinates": [ [ -121.940901499994681, 37.326832294796908 ], [ -121.9409001, 37.32546 ], [ -121.9408629, 37.3247093 ], [ -121.9408028, 37.3237742 ], [ -121.940658900400521, 37.322176604446632 ] ] } },
{ "type": "Feature", "properties": { "pm_start": 45.229961, "pm_end": 45.575159, "length": 0.345198, "lanes": 3, "on_ramp": false, "off_ramp": false, "on_ramp_name": null, "off_ramp_name": null, "caltrans_pm_start": 0.30000039281821678, "caltrans_pm_end": -2.4735568615597136e-07, "length_warning": "ok", "vds_id": 401611, "vds_pm": 45.455984293540311, "vds_lanes": 3, "vds_source": "direct", "vds_distance_mi": 0.0, "vds_n_candidates": 1, "on_ramp_vds_id": null, "off_ramp_vds_id": null }, "geometry": { "type": "LineString", "coordinates": [ [ -121.940658900400521, 37.322176604446632 ], [ -121.9406589, 37.3221766 ], [ -121.9406383, 37.3220049 ], [ -121.9404644, 37.3204144 ], [ -121.9403881, 37.3197274 ], [ -121.9403362, 37.3190656 ], [ -121.940318, 37.3186664 ], [ -121.9403169, 37.3182876 ], [ -121.9403185, 37.3179502 ], [ -121.9403374, 37.3175714 ], [ -121.9403617, 37.3171923 ], [ -121.940361700227967, 37.317192296424629 ] ] } },
{ "type": "Feature", "properties": { "pm_start": 45.575159, "pm_end": 45.892511, "length": 0.317352, "lanes": 3, "on_ramp": true, "off_ramp": false, "on_ramp_name": null, "off_ramp_name": null, "caltrans_pm_start": -2.4735568615597136e-07, "caltrans_pm_end": -0.31735218310429048, "length_warning": "ok", "vds_id": 401611, "vds_pm": 45.455984293540311, "vds_lanes": 3, "vds_source": "nearest_upstream", "vds_distance_mi": -0.27785070645968801, "vds_n_candidates": 0, "on_ramp_vds_id": 408917, "off_ramp_vds_id": null }, "geometry": { "type": "LineString", "coordinates": [ [ -121.940361700227967, 37.317192296424629 ], [ -121.9403715, 37.3170386 ], [ -121.9403907, 37.3167015 ], [ -121.9404079, 37.3164378 ], [ -121.9404285, 37.3161873 ], [ -121.9404419, 37.3159987 ], [ -121.9405252, 37.3147497 ], [ -121.9406023, 37.3135663 ], [ -121.9406223, 37.3131829 ], [ -121.9406487, 37.312605 ] ] } }
]
}
