15.8769230769231,16.0077095722911,14.519542649099,14.6416512568475,14.3006256344884,11.4791494572581,10.1928644620932,10.0957408195053,10.3699029097876,9.71235440827076,8.48710707831185,8.74891724572069,9.21357291642826,8.79498997333398,9.9083683121276,9.81442999008858,10.6621945972022,10.5386936990537,10.6226016332279,11.7355246030583,11.202694929459,11.4454236796444,12.5756807840541,11.8590923990667,11.9663566135533,12.2516329177527,12.4829883925844,12.3646297727314,12.8115978722772,12.4661722730093,12.4169075042686,12.6599741078774,12.4130124863592,11.8075996415681,12.0096239704409,10.8963038830397,11.2322683145532,11.9207672082926,9.54811581096501,7.75141599020493,7.75141599020493
1.11222566547462,17.7765216675515,17.0835748609501,17.8118743299521,18.7274967890613,14.1126630315087,13.0656674889721,13.2267528254354,16.3614193761846,16.1534469198481,14.2906556191875,14.7298851229355,15.5090323098032,14.5710663563826,14.1383106836736,13.2901783514212,13.3927475009046,12.6502231797416,12.5238575563317,12.8886765644558,11.8296921663167,11.7317429625402,11.9683431571347,11.1164620944931,11.0667359237079,10.5334800448042,10.6451165050501,10.8738638024274,10.9738097734951,10.2854050847588,10.6592433454115,11.3176674893898,11.2622064893896,10.9560578885556,11.8896891809407,12.9363781963839,12.8941777769342,13.4902086594559,10.0962575436405,7.10746335245388,7.10746335245388
1.11222566547462,17.7763554068701,17.0832840811263,17.6341091376746,18.3160325827389,13.8012127046022,12.766535374299,12.8526092455034,15.6371474286445,15.4866783872431,13.6922819670249,13.9201880267227,14.3786532980288,13.5445837473843,14.5242935590477,14.155313276015,14.8963878389763,14.45509366956,14.5476644220388,15.6474982683865,15.0304886330452,15.5849613703298,17.3515110577777,16.3854144627869,16.510391346124,15.727198246327,15.9256549902965,16.3784453144967,16.8511142861951,15.6891254651239,15.6412870893479,15.9604073271398,15.4888763752557,14.4565807507978,14.8289108850898,14.9114248011195,14.3853040151352,14.4649107909335,10.5845046608719,7.28691375617504,7.28691375617504
1.11222566547462,17.7763554011835,17.0832840711809,17.6341091165563,18.315718664531,13.8008872315074,12.7658209355202,12.8859646914307,15.8348904418138,15.6633015404128,13.8463591988168,14.2931200562844,14.6463448130467,13.4742876312895,14.2416434986347,13.8156855150194,13.9420046469979,13.2640016416731,13.3270204034324,14.4652396563178,13.8971977020406,13.9683213573214,14.6902586989434,14.1460210658948,14.2938604392749,13.6902275930894,14.061279290593,14.3009233783477,14.7007018903954,13.9424444548667,14.5602071608817,15.6047521764602,15.4342892434497,15.0210654530497,16.1657808113621,17.4234254053774,16.8203474943106,16.3425335154461,12.2272698628872,8.59841218700883,8.59841218700883
1.11222566547462,17.7763554011833,17.0832840711806,17.5455351771333,18.1158714967615,13.6511237782716,12.6274910553961,12.7305965365238,15.5973132169537,15.4500711484009,13.6588654168197,14.1078282409429,14.9239859941248,14.2353368570217,14.8735439561678,14.3867382531179,14.8111049895266,14.2230830059378,14.2608964247273,14.9018903241013,14.2461562056656,14.4554070586368,15.0840719938708,14.0901918508346,14.1784491211405,13.5342372987885,13.8956978242976,14.3381847522379,14.8918745371914,14.1371473265951,14.253043248515,14.5670431019923,14.226726653924,13.7084818701042,13.9037864600268,13.9270161693958,13.4850093047472,13.2732142431168,9.89538989084898,6.93596508974023,6.93596508974023
1.11222566547462,17.7763554011833,17.0832840711806,17.4569612377088,17.9158715875519,13.5012019567377,12.4888134903339,12.5232655587469,14.6639389745295,14.375518377986,12.7089635191891,12.8228742640333,13.0980851450653,12.2588434552554,12.9208963801189,12.5351779136498,13.4250239669236,13.135882421422,13.2576601047132,14.6315356324163,14.1600298323292,14.3992114190588,15.0116704139219,14.1698122132229,14.4105944990933,13.9070074769088,15.0567054585515,15.5262629836877,15.7170228825329,14.5725785614584,14.862548574254,15.5067918017225,15.2157636292548,14.5212929297253,15.8138696440072,17.2246708773257,16.7493373594042,16.7658509550926,12.4586186691835,8.7081065738437,8.7081065738437
1.11222566547462,17.7763554011833,17.0832840711806,17.8112569953957,18.7151064938507,14.1000963403467,13.0417829935008,13.2472425293005,15.8179750991973,15.1771056775426,13.4125511168408,14.1855851556068,14.7925367578933,13.5743784759325,13.7888335671931,13.2143222267024,13.1160188798304,12.3679077522667,12.3296077191253,12.1947649629966,11.4889757258961,11.512173992838,11.6547974030827,10.8674949252298,10.8940786175259,10.3792609144542,11.2637306686779,11.5816048003858,11.8499315179978,11.2896346602556,11.5112933744043,12.3198734066077,13.5362209841504,13.4142116536024,14.3592077995323,15.390108037385,14.9185735826887,14.4967345177925,10.89221853311,7.68779853526924,7.68779853526924
0.819744139848915,13.0942228971242,12.5808850571886,12.8797401538724,13.3755957348712,10.1079657707071,9.38146062694046,9.45207098621577,11.3569862676379,11.2469839206554,10.0482934786234,10.4611096822561,11.2089515576134,11.1297330273526,12.5399721822485,12.4222321868191,13.0657143956394,12.6826846289522,12.7825393849256,13.0266710059239,12.5134320922319,13.0317436843865,14.6300340690559,13.8709396539068,13.9629557635118,13.2242828803182,13.2228778338205,13.3648155259411,13.3907795096407,12.236646095451,12.1377323861181,12.658259629522,13.3904585706464,12.676489589064,13.0447088683021,13.235441920027,12.5376260880852,11.9022066036045,8.79234596164876,6.11779843900631,6.11779843900631
0.819744139848915,13.0940582638292,12.5805971235637,13.0562767584898,13.7482238894544,10.3797067059776,9.6008480742259,9.68642840148776,11.6788856439955,11.4514665476359,10.1212071166698,10.3404599951689,10.7879201563172,10.2073214526311,10.6379699268439,10.2769524959037,10.2588384863126,9.71522258570821,9.79912281258292,10.896655480938,10.4671605291667,10.8116588677335,11.9841391169498,11.439622436142,11.6778709791425,11.3034297754434,11.8279792816366,12.6633963110431,13.1108211235319,12.5637610261187,12.875626988748,13.4315853478031,13.5429780597473,13.1302905770468,13.6884471068936,14.1466003270455,14.0817860740035,14.7802864598115,10.9951894368194,7.68657468794518,7.68657468794518
0.819744139848915,13.0940582581983,12.5805971137156,12.7905549193202,13.1489716630059,9.93071628931323,9.18651702214592,9.20405600356442,11.263095892726,11.3145657092835,10.0050816569571,10.123359784135,10.312065343298,9.61165361685458,9.8245390368392,9.44995420546104,9.90586988709666,9.59268498959081,9.65815963808097,10.2446195153708,9.75754264626224,9.92232730259835,10.8963710658234,10.6085193175384,10.7027245686886,10.180089769474,10.3086439717424,11.1479617820351,11.1983748518895,10.3528205942154,10.6748279399813,11.5385832992912,11.9755024441386,11.5859227665261,11.8157749342461,11.9660683476383,11.9297866035135,12.4737012531404,9.34838472546704,6.59109361309704,6.59109361309704
0.819744139848915,13.0940582581981,12.5805971137153,13.1448506770019,13.9479009759291,10.5292938217613,9.73879090360934,9.84127035765978,11.9152963400528,11.6628667501422,10.3059668185196,10.5205639563214,10.7780382837032,9.98133669212703,10.6736260375333,10.3777941487168,10.5842268717724,10.1144787835954,10.2133051716027,11.4439069491024,10.8431161369688,10.9794300579058,11.4031584281249,10.6611653115864,10.7048144810648,10.1556825860931,10.3336044938228,10.5881859606833,10.5239020092047,9.58310973711709,9.68218060624403,10.0610870973264,10.0100832158871,9.58162740366273,10.2488588023775,10.9963864717966,10.7638640004994,10.8634567238062,8.13025054372579,5.72808037473195,5.72808037473195
0.819744139848915,13.0940582581981,12.5805971137153,13.0562767375885,13.7486654336399,10.3801645257393,9.60185326685943,9.68779507770069,11.6819147637733,11.4562165279755,10.128295404902,10.3538704181057,10.5332790808061,9.69917637336824,10.3391050433241,10.0573729959788,10.2152808126415,9.75296194044893,9.79506268709313,10.1881433483049,9.69851397374786,9.93553472334336,10.6297435654121,9.97000250690122,10.0514743443454,9.57177499231743,9.78509471275152,10.1034983116358,10.2424433560501,9.57859427251213,9.84741197340109,10.3530871230897,10.2980127254981,10.0084591168113,10.4118890258958,10.7316801968651,10.2941860246703,9.89977928091663,7.36346539530977,5.14538073955859,5.14538073955859
0.819744139848915,13.0940582581981,12.5805971137153,13.0562767375863,13.7485128690169,10.3800063407725,9.6015059849325,9.67015954663665,11.5809202725967,11.3645752229953,10.0462854577164,10.1579808072166,10.246299837968,9.42679472768189,9.8933657555127,9.58049016509699,9.86065621813356,9.4704560320227,9.49188938397837,9.98322587825514,9.61783933484071,9.78291037601544,10.5914768814027,10.1941867883651,10.283122160714,9.83162903185799,10.6006292455105,11.0988932955905,11.1289868387667,10.2646850804863,10.4237966654287,10.7634358840925,10.5517978428203,10.1206224755247,10.2648280843822,10.2392923347328,9.72560977013046,9.20642694485681,6.82236944724811,4.75271181240474,4.75271181240474
0.819744139848915,13.0940582581981,12.5805971137153,12.967702798164,13.5486657971366,10.2302429869579,9.46317632335576,9.54911843262353,11.5432394507454,11.3313452725454,10.0179110818965,10.3551771048686,10.6228872822899,9.78127455326294,9.95182090629089,9.55362809673214,9.56105040164444,9.0614232868918,9.07833059019655,9.5282612053984,9.14303179852614,9.20582164872418,9.40680108575719,8.7952733209738,8.78219378028945,8.23861986411039,8.40850842391907,8.52386097454612,8.86334641238389,8.48573863102727,8.75718035009401,9.26412076946426,9.24444625866577,9.00467720012471,9.77127293313771,10.6650638914145,10.406159123559,10.3318055126644,7.76548654686751,5.49062042463464,5.49062042463464
0.819744139848915,13.0940582581981,12.5805971137153,12.7905549193173,13.148818906735,9.93055790563871,9.18616930341586,9.1864198783603,10.7671946898275,10.6332432904464,9.40179373284047,9.4062023485735,9.50385008399644,8.86064635982803,9.37712951892178,9.10947392347192,9.1717069725496,8.7310962800846,8.75740414994295,9.14204769282401,8.87048767180704,8.91187270872974,9.30846759455849,9.01168815804129,9.04653866016441,8.55188628107773,9.29557080548935,9.60008898684722,9.70778364469362,9.0016142516574,9.36792814202431,10.0689517379082,9.88878865076993,9.50438513524557,10.6928927761767,12.034893688801,11.5905695663728,11.3249520921254,8.40150577155578,5.85790992591623,5.85790992591623
0.819744139848915,13.0940582581981,12.5805971137153,12.8791288587351,13.348359941437,10.0800039481399,9.32380233175805,9.34084060271535,11.0026717755418,10.8431796909124,9.5843695901882,9.58217342929923,9.67140336059471,8.98845194194383,9.4298286579448,9.12667300761202,9.51484835958274,9.18514921875412,9.21195901800461,9.55722761672395,9.06736735547113,9.136973547062,9.51937270561452,9.03866412711308,9.10210125280926,8.66909499014373,8.91916282688454,9.52440018333663,9.61756346303627,8.89985214658131,9.10327945199971,9.71689019158812,9.92325973091545,9.52316111919443,10.0301981873582,10.5390194859752,10.2607818292544,10.2437750574629,7.63953642811297,5.35861457310388,5.35861457310388
0.819744139848915,13.0940582581981,12.5805971137153,13.1448506770041,13.9480536312854,10.5294521008039,9.73913839233771,9.84174279820309,11.9163434145102,11.6645086339361,10.3084167783376,10.5251937923607,10.8774470150588,10.1797464887738,10.2612547689705,9.81105827713605,10.0049921535455,9.55204446763505,9.5376215476881,9.88919627506967,9.42105570245489,9.60056387509723,10.1980192696869,9.50379187825759,9.59337955831475,9.25494921584064,9.77988567080701,10.0446482866759,10.0299376577546,9.23797695898786,9.39988812479842,9.66086714612558,9.30994506920784,8.93609625220012,9.93609650400391,11.0354865842626,10.732248394929,10.7563130686582,7.97938935780596,5.56819190868982,5.56819190868982
0.819744139848915,13.0940582581981,12.5805971137153,12.9677027981662,13.5488185430763,10.230401359921,9.46352401854396,9.53242778218146,11.4443393999615,11.2429889335292,9.94080536272702,10.1685810156592,10.4428149946998,9.72389298419042,10.0770478219525,9.7295134981664,10.1808428451537,9.85318240081271,9.8855809534562,10.1149266443437,9.63795035600728,9.72756155827419,9.97087609125422,9.34793518698891,9.48626981607164,9.18309605468247,9.70714878046897,9.82681834679215,9.90891919934328,9.15182756579373,9.27310427465917,9.49523017669168,9.10620225240677,8.75557806544337,9.79134314966793,11.006615972096,10.7164518086993,10.6806567287562,7.97028837139494,5.59224215245292,5.59224215245292
0.819744139848915,13.0940582581981,12.5805971137153,13.1448506770063,13.9482069224699,10.5296110390982,9.7394873302607,9.85938058176173,12.0173429992854,11.7561581560008,10.390439700826,10.7211142005746,11.0724647514758,10.2686430398045,10.2215955590132,9.74119782896411,10.1015810460393,9.72358206538193,9.79024966165124,10.9277233932182,10.4519936674882,10.4316037223493,10.4039602604894,9.73047610158259,9.85450742591082,9.49817527504598,9.69864401978439,10.0007949262526,10.1250831596313,9.41829356961955,9.57044538485609,10.1629893393465,10.5314431861317,10.0469760066284,10.6714139149217,11.3027616131546,10.8438757485325,10.5175654806812,7.8243323542886,5.47809119863427,5.47809119863427
0.841630512514785,13.4274830402195,12.8947175307357,13.1984689211031,13.6146312135268,10.2683071418138,9.49664730134528,9.54721890437288,11.3717551444365,11.1727256057051,9.87269673138311,10.0903938155863,10.3545201490132,9.62643402085109,9.66378747842651,9.24842488065694,9.71470826424664,9.42426577506509,9.53410108562626,10.6770399566969,10.2579478479438,10.3647630514508,10.802427038783,10.2724133872187,10.5625241191987,10.4301216025123,10.6955401105527,11.3448002254776,11.45852011042,10.6259498027054,10.7722887755676,11.0154062433617,10.5810076733974,10.1403985333983,10.2757348586841,10.2175134197189,9.78674876228129,9.48466966035933,7.01036378155111,4.87012974642187,4.87012974642187
0.841630512514785,13.4274947803635,12.8947380635338,13.7299561481267,14.8150998974818,11.1683048109197,10.3294714104141,10.4660261529913,12.3095590941412,11.7824009959677,10.4096228074692,10.5081182303925,10.6716768726986,9.86656011604966,10.0568120025735,9.64240091166976,9.68353831305889,9.18641118379158,9.19249265091168,9.5062091423003,9.01482086228071,9.16237768492193,9.61855672812487,9.01705277750635,9.02712090816251,8.49523181492746,8.90436496634669,9.36296871056534,9.69589043100981,9.23519794129536,9.35036660536836,9.52178622220901,9.33290335135268,9.13864574495704,9.93520012678751,10.8359099050494,10.6119987031464,10.628954390496,7.96501875721113,5.61069817419675,5.61069817419675
0.841630512514785,13.427494780765,12.8947380642361,13.1985125130972,13.6169364764988,10.2706775531698,9.50158537804682,9.53666317440631,11.2853091267852,11.1025901918636,9.82069992950547,9.94556641226276,10.2346763155935,9.66534420564118,9.94005057813964,9.58605218326396,9.68473481150109,9.22939067949259,9.32742148189613,10.2590496438413,9.81973367882143,9.89852983700685,10.1129341787651,9.45907442285086,9.70784770797769,9.60124872175756,9.78636022593657,10.0543235558762,10.2360595464723,9.54792462504562,9.59915481913104,9.87504128572639,9.84472002139177,9.40165758045974,9.35482597856924,9.1173967290152,8.76960591083319,8.56524790859261,6.36111525927422,4.44445381985564,4.44445381985564
0.841630512514785,13.427494780765,12.8947380642361,13.2870864525063,13.8158664362686,10.4194900092866,9.63782741783102,9.68919273061925,10.7267836105618,10.1265944419213,8.95091301491793,9.06043446203827,9.1460136515879,8.40729840801246,8.87309997868651,8.60843564281155,8.6423664395011,8.21950328927777,8.27655862793259,8.91120640623742,8.63141116202373,8.69667281672526,8.97745866255756,8.60985315698789,8.74661307786123,8.36991539955616,8.46597539186508,8.96717389259763,9.02085670284671,8.35986489775991,8.39046759067544,8.41927548271122,8.19305066213745,7.96507238380718,8.70876279611448,9.5534482201653,9.20989738612209,8.92367049294439,6.67774351687478,4.69956281250464,4.69956281250464
0.841630512514785,13.427494780765,12.8947380642361,13.2870864525085,13.8160188193595,10.4196480060338,9.63817428600578,9.70682769889541,10.8277766407902,10.2182329211963,9.03291694249984,9.25629434942151,9.52492710636322,8.86206877377365,9.1674887773788,8.84005695699877,9.10437472327614,8.7412221868803,8.77052268170623,9.10920874534855,8.62833908772637,8.68795215189262,9.04642872819102,8.57741892928118,8.55465155076416,8.01688850289764,8.17481941862368,8.25726749771865,8.44142166754224,7.9134485413162,8.05387200300537,8.47220198355237,8.57562341864915,8.27395585942707,8.81047705328366,9.37858725031493,9.02259465508083,8.72977873344107,6.51921151518048,4.57805742488085,4.57805742488085
0.841630512514785,13.427494780765,12.8947380642361,13.3756603919308,14.015865891132,10.5694113597366,9.77650394733674,9.82786881257421,11.260362875586,10.8411420034991,9.58256654030137,9.58036291162903,9.66957627135378,8.98638057014868,9.42192563318397,9.11593160472139,9.49168535488579,9.15383134868023,9.15699175379476,9.43346698033328,8.98535945446577,9.04466467105089,9.41346768050135,8.93295792429612,8.92611591221508,8.41526582066017,9.13866978418358,9.42130436947598,9.41302211052498,8.63183831136396,8.76385980181186,9.08111632360294,8.89999447187726,8.51959736351409,9.17450507519546,9.85060497611957,9.51466051833639,9.37794777237867,6.95500570444422,4.84895709607226,4.84895709607226
0.841630512514785,13.427494780765,12.8947380642361,13.1099385736662,13.4164778752888,10.1202801418337,9.36186369223884,9.36223936808341,10.153778621732,9.6134226878768,8.50127371654217,8.50788003139179,8.88440055432571,8.59751783250195,8.98347520466197,8.7004170754251,8.92255435414137,8.56910483426514,8.62074287944604,9.06175791383122,8.73917092639347,8.92759043441873,9.42534425784036,8.85092384544243,8.86459955813198,8.34050484645878,8.71661982110583,8.9894252431919,9.08567357970173,8.45141193762546,8.68674707554434,9.16079246812482,9.05922437164336,8.73572014240125,8.91622464660446,8.98716934949007,8.67751158623357,8.50405694417635,6.33352877802564,4.43697941135473,4.43697941135473
0.841630512514785,13.427494780765,12.8947380642361,13.1985125130818,13.6158661638354,10.2695678111482,9.49914902490109,9.53335074221168,11.277966601631,11.0910737626796,9.80350599104671,9.91297857874358,10.2745043334726,9.74030570456609,10.4642633649276,10.1871231573636,10.5170311370752,10.089891150645,10.067580788803,10.2176340123972,9.62350871835124,9.62023550623431,9.71253353396622,9.01351511425566,8.93674824179633,8.35466406010717,8.70724982453324,9.0807418024012,9.11434973423205,8.38476238432117,8.41872955162521,8.86128150013194,9.31379775659479,8.96081189022449,10.0010745266833,11.2175171223565,10.9686048715007,11.0384933430212,8.23584496916867,5.77688130293351,5.77688130293351
0.841630512514785,13.427494780765,12.8947380642361,13.198512513084,13.6160188191976,10.2697260901971,9.49949651364316,9.53382318277362,10.8841086267719,10.5030380082498,9.28468609828985,9.39638588566707,9.76079478163719,9.27868237173966,9.75375281721999,9.45182882264466,9.61422365652997,9.19067530627953,9.20507415008488,9.27481465089843,8.86895202920417,9.05318308975784,9.89170940404037,9.55640937438421,9.66042225966825,9.21925620440289,9.42068933700133,9.58951612739242,9.64093418079905,8.94576517724349,9.13627289614557,9.59527518867693,9.69205721343428,9.31791470587574,9.80484846543681,10.1979467057942,9.710974355276,9.28613389930736,6.85936719047476,4.76477820845693,4.76477820845693
0.841630512514785,13.427494780765,12.8947380642361,13.4642343313508,14.2155598536298,10.7190159637563,9.91448508535782,10.0170895657191,11.3018796302094,10.6430451001062,9.40544510522198,9.62223691176462,9.79047925302552,8.98201991994254,9.07986218771495,8.69185971142683,8.78749597388424,8.3679266526459,8.39222153068642,8.90124400564229,8.53184385738075,8.54887595931465,8.7592854437678,8.36737766302489,8.41008649833211,7.91613240922119,7.97931758955988,8.31676933838549,8.39477420487344,7.81168812489901,8.15099852536685,8.67474572229833,8.3824235994994,8.08870501131049,8.45517833329295,8.83731783261329,8.53387220733129,8.30215637487952,6.23134046988413,4.40097562860633,4.40097562860633
0.841630512514785,13.427494780765,12.8947380642361,13.1985125130906,13.6164776934864,10.2702018690029,9.5005410498644,9.53524332007765,10.4923509498334,9.9182953981592,8.77077912883314,8.88906595489143,9.0777974742174,8.4768567542433,9.00892209975948,8.76367500924215,8.96816496787621,8.59902249707425,8.69243243121666,9.50025832114607,9.07056626198567,9.1674607332397,9.41569449446734,8.8271560262059,8.89395270202384,8.48448573350575,8.85076380468583,9.10355693313168,9.26578668301324,8.61354822896381,8.94477332926167,9.52648085761062,9.09272636956431,8.69088654621351,9.34206379893248,10.0262410122242,9.58884139415959,9.21660800565221,6.84597303174569,4.78119809831637,4.78119809831637
0.841630512514785,13.427494780765,12.8947380642361,13.1099385736618,13.4161722012294,10.1199632070164,9.36116788663363,9.39562010417115,10.3515774487856,9.79013331627542,8.65548193705124,8.8810644607645,9.15250415961012,8.52807811080625,8.70200966696498,8.36192205299805,8.37718661824573,7.94582622466543,7.98427876529644,8.50025187841108,8.13413918575885,8.2110761850055,8.60503529784193,8.19066402462797,8.26469629332882,7.88039653992052,7.89104931584729,8.02462065467512,8.07391437014522,7.52860353814058,7.58752012366475,7.731782277826,7.77503750773718,7.56946904808714,7.79226405057462,7.94012792795761,7.65731384123912,7.44490530926469,5.55863470594097,3.90402376817142,3.90402376817142
1.22165752880397,19.5767200515261,18.8331198812335,19.4127297299635,20.320843692641,15.3489385530482,14.1564397046364,14.1829194777813,15.1204950601433,13.9738513708332,12.2145008152505,11.9673722495901,11.7026781831481,10.2217725337625,9.88459396066773,9.28845739633612,9.14119665752608,8.59475888166623,8.51594691732924,8.54219832257097,8.06439068459894,8.05088562068248,8.21959929612783,7.8356309290496,7.85055945002053,7.40867057000035,8.02264434085001,8.63465276591416,8.63517891746063,7.91728467350838,7.97360765181241,8.4306982035162,8.91756508653042,8.58734486606257,9.11605742357345,9.65809993358793,9.32489839697756,9.11699140858113,6.78780946192154,4.74744318791905,4.74744318791905
1.22165752880397,19.5769362078121,18.8334979254375,19.5906801850233,20.7559593350619,15.6848275681483,14.5080329388491,14.6450711288903,16.0959217312122,14.9605268865503,13.2229482600882,13.5532613786562,13.9041132520512,12.8712493310001,13.5748704290623,13.1497009866884,13.0550007313803,12.3046170345596,12.2596076601795,12.0406973774616,11.2426826132139,11.2732540873839,11.4797847722064,10.5755862087962,10.3854110302063,9.61319750848273,9.63294671700948,9.4929260132457,9.18482232552478,8.07004938353332,8.11926909593922,8.35347232609107,7.82811577985767,7.40914648798663,7.69096921098604,7.94990575499952,7.62683990780917,7.39214420986219,5.50899060096968,3.86720013222333,3.86720013222333
1.22165752880397,19.5769362152052,18.8334979383676,19.590680212478,20.7562876246889,15.6851679392181,14.5087800861105,14.5945967849367,15.798330017471,14.6940607931277,12.9895493747339,12.9895549906422,13.1736233440028,12.3189514934517,12.9454583239708,12.5417715434845,12.6979262731032,12.1080792546308,12.1704082319977,12.9190058494332,12.3788756968408,12.4843345243588,13.0942250803429,12.553900431497,12.6556616794666,12.0377512298142,12.4618253197532,12.9834810506677,12.9955771923855,11.9105965390179,12.0946944761909,12.4145447150683,11.7481041444399,11.0787180319378,11.5942596336479,11.9613745997903,11.4870549621197,11.3483966836392,8.32400067470787,5.73774268427401,5.73774268427401
1.22165752880397,19.5769362152055,18.8334979383681,19.2363844547899,19.9568998947619,15.0861151020951,13.9554627106791,14.0246171984677,15.542776466806,14.7008269756327,12.9995390088718,13.3433891760527,13.80350845717,12.9309720100628,13.6163263459257,13.2038984030993,13.2412695364946,12.559871954734,12.5979709407648,13.064101621045,12.4098130056459,12.3717087336169,12.292494365936,11.4574646111751,11.4014460612653,10.6766983508083,11.0395482677924,11.4618847548172,12.0544751706676,11.6048656928802,11.6897117712308,12.0081425223554,12.0604335384144,11.7041339587821,11.7841638309091,11.723481251585,11.2933987147815,10.900449575789,8.1641719297101,5.7460521000484,5.7460521000484
1.22165752880397,19.5769362152055,18.8334979383681,19.5906802124701,20.7556761084742,15.6845338952943,14.5073880917648,14.6098676205277,16.2889884237648,15.3671607108811,13.5805631730554,13.6834693508105,14.1287057174228,13.3617857261253,13.5880693526129,13.0290883383825,13.2303394196144,12.6182141810775,12.6464110763519,13.1428743800847,12.4632758884394,12.530818994689,12.7551603033931,11.9519237397209,12.0284871554727,11.4233846649239,11.6101848554227,11.7878330132904,12.0245693386424,11.2558232894921,11.4103930484437,12.1834974539138,12.9206529238765,12.3802101864013,12.5123030519089,12.441971338501,11.9702654639734,11.6844427458105,8.68082698518628,6.06846145933459,6.06846145933459
1.22165752880397,19.5769362152055,18.8334979383681,19.3249583942121,20.1567465127381,15.2358779852841,14.0937913377068,14.1456569052817,15.5804542453358,14.7340523620464,13.0279073243217,13.1461897190953,13.2428867496158,12.2092162836446,12.8942939375756,12.516987305446,13.2650764741045,12.9115847248731,12.9366377734774,13.1641589764471,12.6223808181268,12.806515755359,13.6413172883125,13.0644562001637,13.0962604178424,12.3099448784254,12.5289505202954,12.8768914694769,13.0831097568889,12.1523724757581,12.1861878650626,12.2668877884901,11.7088363536483,11.1811899987954,11.4689642515925,11.6162446953542,11.0202393663182,10.4134302549454,7.71843972680055,5.38131658669188,5.38131658669188
1.22165752880397,19.5769362152055,18.8334979383681,19.8564020307391,21.3553699798551,16.1339822361784,14.9227245660976,15.0592802633652,17.3906418534964,16.6469189323887,14.709862039886,14.6966617640848,14.7718731275007,13.6371737216631,13.8018484875132,13.2048290469297,13.3256227178673,12.654406000981,12.6465080354429,13.1412984474138,12.4107127430599,12.344771771913,12.2544524862742,11.430957956575,11.5320937173641,11.0603339927716,11.2296097059933,11.3957766236946,11.4449638939519,10.6367939380413,10.9246729527756,11.7059815393675,12.2077657747877,11.8377698802429,12.2445591505819,12.5993617521688,12.2160178162202,12.0037062425738,8.98673749877682,6.3265291960643,6.3265291960643
1.22165752880397,19.5769362152055,18.8334979383681,19.413532333641,20.3570523683837,15.3861170240461,14.2331653291814,14.2852812477699,16.2090546646594,15.5906458665732,13.7871397597633,13.7981265466554,14.1802059876026,13.4860533816191,14.0583760122259,13.6025695259001,14.6570508259064,14.3685967922736,14.4541676536255,15.0872420565118,14.3691031765398,14.5314902869403,14.9720848184605,14.0027589885146,14.1005223471556,13.4382133487573,13.3947356142944,13.4769350193479,13.5474293388672,12.3946607857543,12.4107330490055,12.8860456854757,12.951911164309,12.2504516638669,12.9754224379309,13.6771996313528,13.0912565894877,12.6938144989625,9.40106949433874,6.55154557649195,6.55154557649195
1.22165752880397,19.5769362152055,18.8334979383681,19.6792541518968,20.9558292178026,15.8346145607019,14.6464143871908,14.7833459841007,17.1164367754831,16.4021103060539,14.4964604452123,14.7132464151387,14.9734874313085,13.8488363503675,13.9323502773394,13.3181004601981,13.5181736107633,12.8864112284529,12.9102178822392,13.3772607799462,12.6620914076468,12.8673318706601,13.5264450360098,12.670687246035,12.8185403767564,12.3351756916142,13.0629881033726,13.3105732059837,13.5360241929606,12.7636527066311,12.9651415504569,13.5576211963977,14.1032164507148,13.7050073091289,13.9390348759216,13.9259521006512,13.2431791680655,12.5120741793347,9.27926149723133,6.46443618990393,6.46443618990393
1.22165752880397,19.5769362152055,18.8334979383681,19.4135323336366,20.3567466036931,15.3857999952587,14.2324693170073,14.3014983310684,16.3069050811334,15.6773561615053,13.8617888455069,13.9800756759968,14.1688072014271,13.1605884619077,13.3842518638786,12.8553740576841,13.1977850105167,12.6687490511882,12.7121730932422,13.2651218250042,12.7701963435508,12.8004237146324,12.8456672183805,12.0575757807616,12.1459508881217,11.5874652771352,12.5248077436361,13.0301774233315,13.2430689608324,12.3446093454142,12.4858688599589,12.9007154709514,12.8227536243746,12.3482806883275,13.0524928615751,13.7814516430442,13.2588607591557,12.83606715869,9.5869971307941,6.73336972655645,6.73336972655645
1.22165752880397,19.5769362152055,18.8334979383681,19.2363844547855,19.9565941299175,15.0857980731482,13.9547666981543,13.9721807940366,15.7286597580783,15.1559657313169,13.3998809730825,13.404286691822,13.5939472844915,12.7225148561331,13.6961486830715,13.3612564486753,13.4090029789477,12.7347470200961,12.7527064712137,12.9485142624593,12.3872875020322,12.4013097819359,12.4125707741412,11.6261203057926,11.6851143538343,11.0959490658617,11.456617199496,11.7367069250838,11.6869772422213,10.7052850426677,10.9187785471013,11.8198320535249,12.6780800361451,12.2884956921762,12.8733148752513,13.4449760183404,12.8632430197924,12.2416367995631,9.15818470577483,6.44348742663345,6.44348742663345
1.22165752880397,19.5769362152055,18.8334979383681,19.5021062730479,20.5558289455849,15.5347704471181,14.3690582227582,14.4544994807411,16.5392355438497,15.8823574410114,14.0369973501651,14.1420908693648,14.3140245398582,13.2422845065254,13.9455764996043,13.5058640220646,13.5734629329573,12.8810995121397,12.906708084583,13.5183693736629,12.8485554952848,13.0501822028969,13.8580428409759,13.0910479293446,13.1484491613033,12.4486335803449,12.4485465164606,12.6221399993215,12.7414978667803,11.8149388023985,12.1126477208314,13.1260355059586,13.7824846784052,13.1484058221758,13.9134781380135,14.6120336299348,13.9243982844734,13.3466080448133,9.87938535470863,6.88109837408439,6.88109837408439
3.26703853794156,52.2427288860714,50.2156657823099,51.4057891242027,53.0113337976799,39.9633404728059,36.7507204173539,36.689109863741,38.1704065741289,34.7937432437138,30.0434354220916,28.776566539612,27.5210259851659,22.7043534275634,19.3490071848931,17.2923903448559,15.6993241664053,14.1943640022169,13.8143248270129,13.3808681754561,12.5049218175512,12.5912283873184,13.1734845344276,12.464831563122,12.4763552778752,11.7078945691569,11.7226459733857,11.9055690880313,12.2515147932151,11.5671786631321,11.734548455554,12.2610281395934,12.4618884681263,12.0345967531135,12.5840945636702,13.0994513622355,12.5060329746876,11.8789201072712,8.86458898607729,6.21957928597319,6.21957928597319
3.26703853794156,52.2438775558777,50.2176747359736,51.6757758892229,53.7958812521535,40.6025174506349,37.5565700413638,37.7105690486308,40.544135580857,37.7453239385136,33.3630653253469,33.5779910964274,33.92771563472,31.374207135477,32.4488290109253,31.2587175452135,31.0001892037343,29.1860702073129,29.0709318426874,28.5568298675697,26.4799870247985,26.3770013836062,26.4357736443789,24.1389993964326,23.524624672848,21.7753994317392,22.4800717091352,22.0880309364755,20.9702949660063,17.7398580867906,17.0108684901497,16.6437616914475,15.2779815413639,13.9740227046356,13.7535586184002,13.2564186697104,12.4811458824017,11.7949801969004,8.67220937629071,6.00100261951952,6.00100261951952
3.26703853794156,52.2438775951653,50.2176748046851,52.1186457322135,54.7956922405343,41.3519309881684,38.2495279099605,38.4720252114327,42.0541539839212,39.3520368935123,34.7821847618444,34.8828662752256,35.0491765121819,32.3009599581513,33.1075959124163,31.8264728208917,32.2460881093253,30.7201164231063,30.739847870438,31.5975596054759,30.0261400828326,30.1249732242162,30.8329617510355,29.0932985012259,29.0640250217101,27.2816925895414,27.9932963827019,28.5085028392341,28.4655621827946,26.0251996759232,26.1324174048314,26.3683785785251,24.913920798207,23.4732929159875,23.7919454801062,23.5836686608077,22.1336202908779,20.6905353271665,15.1526651387166,10.4290875032336,10.4290875032336
3.26703853794156,52.2438775951666,50.2176748046875,52.0300717928072,54.5966102410106,41.2029608912874,38.1129397845059,38.3361884949235,41.9217738252758,39.237039323181,34.6865417912321,34.9121123635864,35.5516337634912,33.212537146083,33.3844545002216,31.9325157441421,32.4869943254163,31.0279777213494,31.1136799385765,32.1492095380199,30.5685845681811,30.6995234537078,31.5996105335332,29.9431495154585,30.2408731026188,28.990642754463,29.6188797290765,30.7984212079466,30.8778226579403,28.4794210458728,28.6252830269318,29.1327565361148,28.6237774859136,27.4651851270816,28.084484987856,28.3095232694289,27.1090786608759,26.1759007422859,19.4000598615113,13.5144947091301,13.5144947091301
3.26703853794156,52.2438775951666,50.2176748046875,52.030071792805,54.5964577676001,41.2028028008933,38.1125927104726,38.3185532466375,42.2389151397584,39.7697652820888,35.1564722732918,35.2681566521252,35.632519391548,33.0793416433515,34.7689802291129,33.6779373590936,33.9302669365285,32.2565318601844,32.2795526340853,33.1579047592233,31.6734331548909,31.644791136384,32.2475692884778,30.6673859930205,30.7533294848389,29.0968223906072,29.7538153046887,30.0643635427924,30.2630488349359,27.9351434727927,28.0049699287947,28.3665878686708,27.6569409777815,26.5974957134814,27.1231141643042,27.36453350406,26.0860872356241,24.7435911354621,18.453135885549,12.9446453929494,12.9446453929494
3.26703853794156,52.2438775951666,50.2176748046875,51.5872020956937,53.5972227707781,40.4539864077573,37.4209452289893,37.5588784543277,41.5691176872265,39.4179876782768,34.8505121858623,35.0848758596343,35.7355725382812,33.4154081022032,34.7456348567811,33.5686089142918,34.3196070129259,32.8559650479588,32.9419251662794,34.2537381609644,32.7474512565855,32.8834998017437,33.6239811541505,31.7157534762338,31.8836982268193,30.3203327205615,31.3729515021714,31.9214976362901,32.0980829510992,29.6449019742797,29.9098429606892,31.3337993251603,32.2917491601227,30.9364471638759,32.0422088905187,32.8764412423863,31.6078717576704,30.7837980314769,22.8588057871854,15.9608256625193,15.9608256625193
3.26703853794156,52.2438775951666,50.2176748046875,51.4986281562604,53.3966111502261,40.303430339984,37.2808752248485,37.4183078226555,41.8443794208626,39.9108986056798,35.2822385216332,35.6195039841118,36.3473251325287,33.9438900194552,35.0321595635989,33.7615122435119,34.4309310938692,32.9145135406857,33.0743836132671,34.982680543264,33.2343282131023,33.2026077215366,33.6448980363917,31.860056166812,32.1662473379455,30.8299898602291,31.7189672090712,32.2994885672923,32.7278781847005,30.4716768672726,30.7029948921385,31.6034437735584,31.6293544420579,30.3873320460187,30.8705820254282,30.9372714667525,29.7724682795165,28.9921149591875,21.5664647835383,15.0862635690755,15.0862635690755
3.26703853794156,52.2438775951666,50.2176748046875,51.5872020956805,53.5963047493892,40.4530345672842,37.4188555347487,37.6418541930123,42.4806949653161,40.4824768728233,35.7855063480027,36.5651333603124,37.364517765012,34.5646968356716,35.9211760160422,34.6806397333144,35.5881742326558,34.1129951766832,34.1425130887002,35.3071029346981,33.743344833254,33.8510137006453,34.8844852263081,33.1293094255755,33.2139264148835,31.4192141528497,32.2859371349792,32.8276972263523,32.7710009272477,30.0810383806146,30.5775987798627,31.951870031377,31.9583160859145,30.7148005317247,31.8892917591141,32.8327800920542,31.4626959499223,30.3282779745388,22.557635121789,15.7813678943466,15.7813678943466
3.26703853794156,52.2438775951666,50.2176748046875,51.675776035105,53.796304567371,40.6029562942295,37.5575328918823,37.6947145416454,42.5377671989574,40.7817172374635,36.0500356700034,36.1595326220577,36.7051810933394,34.2571807169957,35.4755522073358,34.2205305836282,34.3474222239398,32.6039845694239,32.6885092624794,33.6219258686796,31.9673578584831,32.2120819932339,33.4260076611659,31.7220198839107,31.8955818433475,30.2829795855378,31.7440836950391,32.3982801955871,32.6985403454241,30.4149231434957,30.6567825814728,31.432513504678,31.4899889532421,30.4323979578611,32.2171341607317,33.9360163781554,32.5450886364825,31.3622541220264,23.3292546119256,16.312937649125,16.312937649125
3.26703853794156,52.2438775951666,50.2176748046875,51.4986281562626,53.396763623516,40.3035884302531,37.281222298607,37.4874331860073,43.4996226383287,42.1456377252758,37.2587437851548,38.0449374312682,38.8526382739991,35.9575732017846,37.3493483757876,36.0557859098903,36.8212043465306,35.2046323341107,35.3038662875454,37.2653504433192,35.4920971812799,35.6072454948072,36.741166641908,34.7864951373636,35.2584315374381,34.1242784728235,34.389185770634,34.7198260217829,34.8969591794359,32.1427346901646,32.8440795646551,34.2620072696328,33.0575542282485,31.502737698289,34.0428425194145,36.7449685421587,35.3873933070978,34.6694969291035,25.7474482613103,17.9903952595613,17.9903952595613
3.26703853794156,52.2438775951666,50.2176748046875,52.1186457322141,54.7953867274601,41.3516142202645,38.2488324712394,38.5397331901716,44.9606615912215,43.4549498835501,38.4071599748226,38.9502293885279,39.7403017941321,36.898645416147,38.9110911335465,37.7059452108774,39.6130617646957,38.363398161783,38.4183326910363,40.6548495346012,39.0320948271481,39.3632722411394,41.235273154693,39.201551396083,39.4767488545034,37.6931404033136,39.0909760038734,39.8247583693143,39.8564296577654,36.4894931591241,36.584972102057,37.586025069321,37.3536093872022,35.5453052556376,36.4886178049801,36.9972139846364,35.2526403610977,33.7429288506934,24.9908927772449,17.4080009654603,17.4080009654603
3.26703853794156,52.2438775951666,50.2176748046875,52.3843675504963,55.3959979845157,41.8020137424882,38.666257190878,38.9748216107282,45.4808360783132,43.9261515495733,38.8277066445766,39.1561773778173,40.0568816252594,37.522204921968,38.6961018021432,37.2771411207652,37.7693418624733,36.0015511981779,36.1550265782217,38.9388445453148,37.3636474867954,37.8112285855374,39.6614009675491,37.5393728491507,37.6943268708869,35.671822026298,36.5762351834626,37.1397616930445,37.6920913715527,35.2862255458688,35.6634421036516,36.7047114973139,36.8411341993193,35.6020530840216,36.8787591023541,37.8711987706687,36.4052161666709,35.2628795904572,26.2764978122853,18.4160579438244,18.4160579438244
7.27622407628032,117.447343169014,113.311120391409,116.437772635851,121.390864721372,91.6714552769952,84.3648867643348,84.4473167017492,99.9967846494621,97.7595324680465,84.9869763059836,83.1132325085514,81.2097151599283,69.5166372508829,64.0770121271891,59.0802532142878,55.5151137761265,50.8384981242955,49.7546468134605,48.078796329595,43.8266328037727,43.3790819473347,43.9702429401865,40.6852833986094,40.1193414867462,37.5861745983438,38.0478397421084,38.1655076433452,38.4480723512064,35.5851358820001,36.1095908006371,37.9173444678814,38.285566542751,36.865547279526,38.7980639359914,40.6630892474342,39.4629975678367,39.094644637345,29.1117914866068,20.3782444291779,20.3782444291779
7.27622407628032,117.449634873727,113.315128443638,116.357707667967,121.56128282413,91.9017372532364,85.0090005258389,85.4208554253766,102.347699684169,101.016366122358,89.2978843795931,90.5249831028353,92.2303335758889,85.6322158537811,87.494270938641,84.0444365118475,85.2206327283762,81.1611426822864,81.1625258480753,82.9073794573748,77.9876769190106,77.4321455869902,77.3484944881499,72.054970096084,71.1052544223163,66.4761120312256,67.1518628290274,66.2159322163479,64.2916571847617,56.0669423275731,54.787693270953,54.8683037257908,51.448910148868,47.1291218934333,48.6006914883457,49.5551242835184,47.2599833827319,46.2911182763084,33.9662734582654,23.4671439761176,23.4671439761176
7.27622407628032,117.449634952109,113.315128580724,116.712003716683,122.360752531911,92.5008749561807,85.5625030283008,85.9224327954734,102.598927667544,101.240171517406,89.492303508987,89.9302903691614,90.732508672992,83.9375358888813,86.1879474837821,82.9367080718241,83.9947675810826,80.0659419680573,80.1850713296294,82.3916489578974,78.6986162096621,79.2147323703321,81.3617708856853,76.8118937291902,77.3837814787542,73.6350302262182,75.6641111757801,76.9519912001454,77.6808121989965,72.0147470620621,72.6762424777662,74.3695513122242,72.750359548182,69.5449267134549,71.029845264332,71.2170791826031,67.7945096250506,64.9486491823344,47.845592721877,33.1076016755953,33.1076016755953
7.27622407628032,117.449634952112,113.315128580729,117.243447353236,123.560446179892,93.4000888124373,86.393872309363,86.8736949206452,105.796990130519,105.107498769597,92.9090061555172,93.4542131609905,94.4309779908108,87.4175516468637,89.0847508295195,85.5120890991703,87.8564918913641,84.2321818934062,84.3092152272615,87.1514406937195,82.9537284675084,82.9170573244909,84.3817296713371,79.8580026851139,80.1563931685746,76.095477449314,78.4957496701116,79.7295308366937,80.2109850125124,74.0481393027529,74.3398591253478,76.1522841489015,75.777318557757,72.5741227676415,75.8028325852593,78.7037679835092,75.6680391287585,73.5698454254292,54.7303800046304,38.2938541061302,38.2938541061302
7.27622407628032,117.449634952112,113.315128580729,116.977725534982,122.961823166662,92.9517507791578,85.9809734314638,86.4619231447551,105.390403436047,104.747690983304,92.599961608193,93.5000686126704,95.2271713400659,88.7268581803056,92.3330308325339,89.2002376395907,90.7312527640979,86.649696900996,86.8408009626931,89.2198732200216,84.8345382181086,85.2962972301113,87.3634611187468,82.1969056876576,82.5702036261176,78.4550381708105,80.6634409247748,81.9699544481902,82.0893389065227,75.5370245630733,75.6257210111242,76.6110581732366,75.3330393558034,72.4377380351945,74.464718295463,75.7164675096707,72.6039797525864,70.0823826316169,52.1104252921617,36.4364759014968,36.4364759014968
7.27622407628032,117.449634952112,113.315128580729,116.35770795902,121.562436059669,91.9029328409105,85.0116241598629,85.3214418272245,103.424384335119,102.980161333971,91.0414831492841,91.6153450856622,92.904732276985,86.4271668553317,89.6814365889551,86.5879526093166,88.9416411474803,85.3514092770144,85.6920700337358,90.8500929415749,87.2628987633121,87.9667488290033,91.5891736658275,87.1632640568465,88.0731020604384,84.245652412461,85.8778439365042,88.1192506421423,88.5253202270184,81.672222420976,82.0575635907141,83.1380606168233,80.5956146926143,76.9861042276062,79.6498498372958,81.5062265564717,78.0007313865444,75.375603586187,55.8676509802413,38.9501106070051,38.9501106070051
7.27622407628032,117.449634952112,113.315128580729,116.97772553496,122.960294161245,92.950165446553,85.977492955856,86.4743545098672,104.948988002585,104.028529659497,91.9542071960537,92.944044036824,94.915574513406,88.5538494002405,92.262204915935,89.1331995219141,90.6225736039473,86.5095350476836,86.6266659049219,90.3999640433106,86.5719470893291,86.719851182319,89.0628254850824,84.7062970841769,85.3303429068834,81.4373437169548,83.3552930869189,84.8247123086292,85.4376675969345,79.1657721067892,80.1647223066355,82.9778327775521,82.857189853651,80.0373632009868,84.3860512712163,88.6631638643832,85.1283708388697,82.0513385768076,61.1887934254803,42.8990506884926,42.8990506884926
7.27622407628032,117.449634952112,113.315128580729,117.863464929198,124.959833832591,94.4489073164943,87.3632228247504,88.0656680454203,107.531982983995,106.352326149514,94.0054260262222,95.2120182994717,97.4437443305217,90.9525557274707,95.6654749807188,92.6540495509837,95.2854728121586,91.4184858448448,91.6040755548783,97.0686753424379,93.1051949073672,93.5884746702826,96.9898187073555,92.0893241210161,92.80368468951,88.7758497577511,92.254784884866,93.9089193849476,94.4375193984874,87.0144078016399,87.6711110700924,90.3816009699876,89.5150559511417,85.4290316657934,90.0963210886779,94.4458007336839,90.5759128947667,87.8964296426653,65.1846197238333,45.4646259697614,45.4646259697614
7.27622407628032,117.449634952112,113.315128580729,118.129186747487,125.560904690389,94.8997833707393,87.7816937363601,88.536505599067,108.25520636166,107.008473265948,94.5924764823403,95.8144641897963,97.9737663549162,91.4013666430319,96.7394647970331,93.8802302445063,96.5403165800567,92.6475028554263,92.8451091981701,97.9817089602715,94.1336291529286,94.4052130106037,96.9012960926992,91.9875254463628,92.8132150991102,88.787825765523,91.3585852308001,93.4962911351803,94.3596353188234,87.4658333220935,89.287677754143,93.5778346556838,92.9135805099199,89.3792587064092,94.1860617383975,98.8434992308566,95.0389319827469,92.191985380748,68.6516234455137,48.0708417985778,48.0708417985778
7.27622407628032,117.449634952112,113.315128580729,118.129186747494,125.561364382788,94.9002599977938,87.7827401372372,88.6409085035647,113.138748139446,113.945430095401,100.727744076803,102.62635524587,105.415593426682,98.3637867540415,103.777189758902,100.593066405375,102.856633242466,98.3596443353495,98.4355210512817,101.870558527489,96.6692725414454,96.7838099264247,99.1348623254749,93.5426516458644,93.8657247150908,89.3849253212954,93.0170362256512,95.2489452868464,96.153960710878,89.2463730211457,90.4814628093074,93.9013545778495,93.550522408849,90.0661650087646,95.2398839083106,100.26519052791,96.83980282559,95.021735929699,70.6879899192558,49.4411189997291,49.4411189997291
7.27622407628032,117.449634952112,113.315128580729,118.394908565761,126.160905599616,95.3495500604685,88.1977291246734,89.1585021956031,114.151323029837,114.855123745561,101.52892083695,103.756132927165,106.986287334552,99.9904214641052,105.782511378411,102.641680235119,104.734168975137,100.152257603049,100.626556489567,108.940534732188,104.529989338713,105.059655662486,108.533285634202,102.947405330885,103.642766741601,98.8463212596642,102.469243286537,105.001094449005,105.445397876859,97.1483042107333,98.5655067057446,102.097540088587,99.8769794686401,95.1588824029692,99.2721180548862,102.635135197253,98.3310120015544,95.407826796558,70.7046169235383,49.3009379333541,49.3009379333541
7.27622407628032,117.449634952112,113.315128580729,118.040612808078,125.361976458332,94.750972705983,87.6454556344194,88.4526348863821,112.704426863214,113.557146604754,100.388527436866,102.072698031365,104.32880786549,97.0111947456056,101.90511097795,98.715872038097,103.205008766843,99.8109832727814,100.39576388617,108.158724943914,103.679274005486,104.331934304283,108.291139321741,103.240527645326,104.545611011694,100.674335090167,106.707191898253,109.145773891305,110.89271677015,103.363045057695,104.913157835081,108.688093899958,107.280078930602,102.990229736493,106.783332822641,109.740711306692,105.184344646453,101.510942792325,75.4113290080248,52.6627102488298,52.6627102488298
6.65743663090893,110.720996532428,108.064906110468,113.057528717103,122.481634063666,92.9438427462554,86.0131527441438,86.8611685922263,112.805463427325,114.646444285091,101.472860630096,103.026542437609,105.683953543219,99.0971398690852,104.211737250858,100.946506362894,103.751033403082,99.4834233045871,99.6253796851904,103.751182180141,99.1068853547868,99.4787650455317,103.454369201087,98.7840850387495,99.4712283177488,95.084174245316,100.612771269549,102.912969911038,103.924646558625,96.7230424859398,98.3198174155275,101.707271087741,100.783346151245,97.6508542246736,103.063916339994,108.355128989162,104.18959146726,100.713375248123,75.1227238120208,52.6865618563083,52.6865618563083
6.65743663090893,110.720756891757,108.064486993502,113.410934702667,123.246095772454,93.5070865625662,86.493278059957,87.4882707753206,114.162952524884,115.764068146807,102.33157416036,104.333544830654,107.384731032784,100.349888649192,106.124038575877,102.960220935402,106.944240186216,103.082606031176,103.449193027368,110.938719921409,106.536800257451,107.293018677833,112.105233729206,106.80262340167,107.633694406289,102.863939889724,106.731758198636,108.646499438132,110.411544725024,102.727402792792,103.924409368389,107.41016113151,105.583049818052,100.747370058659,107.205369647936,113.673043194179,109.27835548371,106.572949577045,79.1562228790817,55.3155625815497,55.3155625815497
6.65743663090893,110.720756883561,108.064486979167,112.259473459753,120.648674436831,91.5607753327352,84.6963370048534,85.4359899572707,110.878612776461,112.818438749351,99.7445308504093,101.560174609361,105.034051074243,98.9288260172856,105.706594450317,102.901940613352,108.224509601143,104.948652893839,105.526598251277,113.345421441336,108.77680863701,109.300421322699,113.517815828496,108.485284797567,109.530634440256,104.973743882198,109.555171381707,112.523119793409,112.525864339493,103.338759261942,105.180804410239,110.125100855227,109.819805664368,105.463707331449,110.337185944398,114.779646781877,110.694380469969,108.269125509479,80.5728152885713,56.3835850760093,56.3835850760093
6.65743663090893,110.720756883561,108.064486979167,112.702343156835,121.645921631122,92.3075306944788,85.3834596504137,86.2066762166595,112.962927114393,115.222126473638,101.851352808627,103.627407293542,106.958835958836,100.443638800915,107.102727622688,104.1362512074,108.062938214322,104.103963356105,104.564123579462,112.963532044385,108.301246193965,109.413984016595,116.340498283068,111.550597449243,112.895404913339,108.946515109618,116.215213248365,119.586141982624,122.08223344974,114.481268270886,116.16125538599,120.969631213186,121.450732880954,116.691334994392,125.381876198658,134.124118709139,128.566115850774,124.38517284923,92.2087449426415,64.2541100745013,64.2541100745013
6.65743663090893,110.720756883561,108.064486979167,113.145212853957,122.645919995811,93.0571385772687,86.0768447831427,87.0716937249486,114.655784166999,116.746483878747,103.19887433893,105.533365711533,109.30632839216,102.603931985272,106.956995650628,103.350250578336,107.57224530663,103.77691112103,104.061619724717,110.358964611244,105.811673095665,106.796096318636,112.157165578204,106.773282050749,108.411970676944,105.314911935985,113.128889289488,115.365873242934,117.624055330525,110.254045554374,112.46363538464,118.622867600201,120.76261548003,116.525576032363,124.636365636867,133.133088778029,127.9639258921,123.808421896465,92.2869179431567,64.6840286794102,64.6840286794102
6.65743663090893,110.720756883561,108.064486979167,112.790917096279,121.847297163599,92.4588788160065,85.5252685458295,86.5040813664449,114.010572700828,116.171801806157,102.699878728041,105.389241066349,108.624114422485,101.160027796496,107.881989606027,104.931983053808,110.997280752022,107.87231137949,108.474058444387,118.714716856021,114.344338284977,115.703824816434,123.02844795448,117.731790947695,119.413215486058,115.588415981118,121.730118909626,124.823128236838,126.205820268943,116.795350989415,118.770253975231,123.97590630315,122.066373561118,116.381245886658,121.671012676314,126.305387127095,121.664191789704,119.313461154314,88.5783263884953,61.8753778880156,61.8753778880156
6.65743663090893,110.720756883561,108.064486979167,112.879491035693,122.046532887953,92.6080083008013,85.6622065975478,86.537413608154,110.982640989873,111.923314302123,98.9392194880742,100.835859711811,104.727200154211,98.9293822782703,107.956917858785,105.663485170046,111.292167629216,108.011090327705,108.894772042638,120.594200744441,116.00403514293,117.313232965526,124.885896316829,120.119993676472,121.439783009695,116.737565113079,123.934835912035,126.90583555026,128.420533890509,119.189866528963,121.16109663868,127.144050207525,128.103014539058,123.095207265166,133.800532222447,145.4589835031,140.642045458745,138.403094574132,102.994616987377,72.0726514493642,72.0726514493642
6.65743663090893,110.720756883561,108.064486979167,113.765230429918,124.045155265174,94.1057990843242,87.0458484297965,88.3490121115662,114.858665331714,115.407236235667,102.009966041222,105.562038324302,111.580680093024,106.042202383544,114.265594284662,111.394862337239,117.880523998001,114.502420648742,114.870362872457,124.006775878047,118.97096276942,119.662009315303,126.012251278666,120.700302813273,122.666684170609,119.678601899733,127.353655335096,131.278495588531,132.369010073542,122.641108046473,124.620504367542,129.873592124324,129.367146528823,124.537848699477,130.766848301471,136.529832208111,131.282937116409,127.428912681129,94.7801089506892,66.2682865004155,66.2682865004155
6.65743663090893,110.720756883561,108.064486979167,111.81660376265,119.650051046827,90.8125930774639,84.0060817242214,84.849841700205,109.142745947602,110.282664831182,97.511926500501,100.575962345889,104.954413733875,98.8341503178825,107.217388873995,104.830625621222,112.160454903525,142.817226049578,152.348095186716,124.486596426868,119.920445198942,160.706037875562,173.908896363176,122.066666666667,124.525847243297,122.052683896618,131.860294117638,135.913333307404,137.495499797394,127.798907383388,130.211656568504,137.09205844312,138.730041934365,133.383086806004,144.073578822014,155.340577781389,149.670047595023,146.222321325642,108.658884296993,75.9115990355789,75.9115990355789
6.65743663090893,110.720756883561,108.064486979167,113.676656490469,123.843474148884,93.9541341215495,86.9033439344658,88.0678246058364,113.538102682905,113.990636952655,100.746685748315,103.49282502987,107.482357225053,100.691295278116,107.813640923189,104.906414792131,111.457911083483,108.47019149581,120.35602369267,126.507803678271,160.481371119644,165.417020857803,157.899652582207,122.066666666667,123.72827516439,119.752485089463,128.834558823529,132.683333337008,134.054547861383,124.461288049501,126.876087289541,133.847525636603,135.861058008375,130.739381095176,141.898755101473,154.098581804691,148.358366368477,144.329387084189,107.543964621165,75.3731113289828,75.3731113289828
6.65743663090893,110.720756883561,108.064486979167,112.70234315687,121.648366841894,92.3100659846217,85.3890256811152,86.4373675472232,111.346575396804,112.039653088908,99.05406647676,102.317250633892,107.485612327564,101.761785586716,110.636298606947,108.188384173455,115.462918208226,123.797635538079,157.787163366259,137.202647249728,170.093403585095,172.918790063358,168.842555250265,122.066666666667,124.725240263025,122.703031809145,133.863970588235,138.763333328286,141.822193647646,132.997232919789,136.164736786728,144.817921849247,147.399426468295,141.724160714234,154.977404017428,169.379650705333,162.64698508319,157.621829923136,117.094375919418,81.7677261812618,81.7677261812618
6.65743663090893,110.720756883561,108.064486979167,112.436621338579,121.047145598403,91.8590340046091,84.9702124538453,85.8459209867757,109.922685319508,110.751890043142,97.9076876152907,100.371522264888,104.715434153592,98.9481984853208,105.216675855066,102.26423814935,108.519029639705,135.026582738815,167.382669724173,146.624610415934,179.659998709623,180.516695048834,175.359058692292,122.066666666667,124.725240263025,122.703031809145,133.735294117647,137.813333333454,140.661238855029,131.756348046154,134.019702376774,140.653352464157,142.196130097028,136.800256664947,145.700234028051,154.783323715731,148.779935492232,144.277950569301,107.42824467792,75.2312942167514,75.2312942167514
5.69244656336833,94.5625306847022,92.2537183153882,97.0716759919005,107.628409096463,82.0304856520143,75.9825684294677,76.9896463377452,101.648046227887,103.572623438807,91.9006954919457,94.513694507168,98.7631490157826,94.2887369639154,102.550507707026,100.343282724092,107.836675856942,127.501473279267,165.712047112012,147.558723036175,177.223701513861,177.694506997728,173.469803328768,122.066666666667,124.459382903389,121.940482107356,132.669117647059,135.913333334652,137.600981322951,127.984575942371,131.078032468556,139.521100697282,142.134201239312,136.756416270418,149.264566815469,163.067183948253,157.587474379328,154.761343427934,115.272054310467,80.753994125631,80.753994125631
5.69244656336833,94.5619632101528,92.2527258368979,97.4238647482747,108.337936403391,82.5373235266112,76.3462928545237,77.6674179564992,103.892758474414,105.317478193896,93.0970194234975,97.1099378028833,103.039678693391,97.7441536698897,105.972282492417,103.501237751831,110.843579503503,117.067842616342,159.449787539875,140.333595923445,174.498698689663,172.893187196387,162.02870706869,122.066666666667,124.725240263025,122.665382703777,133.301470588235,138.193333332064,140.408370640326,131.001574579545,133.566310028782,140.873134803627,142.804800721519,137.356465330503,151.181431869767,166.551251152739,160.563511896881,156.92282516567,116.737479098708,81.6578706446899,81.6578706446899
5.69244656336833,94.5619631907437,92.2527258029526,96.0952555848843,105.340786360794,80.2914497715458,74.2726140087997,75.1669878248582,99.3334456112699,101.225018601415,89.4979552662962,92.4349303741105,97.7178041451036,93.2099711819557,102.683552605349,100.787928267358,108.122136392119,182.727410182977,187.438213184225,165.518116310323,198.697573059102,199.108573304267,193.805143121956,122.066666666667,125.589276681841,125.115432405567,153.288950936884,145.32129167675,142.814339419554,133.997841510125,137.090811414015,145.796447351623,148.775067923225,143.105627772545,157.107364366777,172.606611939234,166.412764178826,162.654352560627,121.004450662783,84.6420347358538,84.6420347358538
5.69244656336833,94.561963190743,92.2527258029514,96.8924210396493,107.137115603669,81.6369410280431,75.5123582075886,76.6783413587339,102.020705296295,103.548073060316,91.5274814502971,95.1934947607505,99.8309574207056,93.6536410099837,100.702266752539,98.1248001958432,154.893883689207,215.690732091916,194.014238167158,166.422019084677,189.100972093889,186.25295011004,180.195153168653,122.066666666667,125.589276681841,167.207868875002,167.457096942538,146.602148988948,143.247207303969,134.917985213603,138.614643538148,148.668105910201,152.363148478686,146.571096614473,175.7658415839,177.32714214983,170.892224282337,166.799030644477,124.157340571091,86.9097674021323,86.9097674021323
5.69244656336833,94.561963190743,92.2527258029514,97.9553083127363,109.536654366793,83.4355257876417,77.1754415504288,78.6499878534716,105.480737263781,106.66160987997,94.2768252207713,98.6063501605275,105.053563599515,99.8229964119807,119.328003127039,193.938601500435,199.219386053679,208.255736908578,188.82284516161,165.611810898674,186.749131175696,186.494970183922,183.699567950021,129.503157592555,183.615392139863,223.195341456869,169.683909708235,143.758940154357,141.948603652003,132.158044354114,135.779322029116,145.357199935448,148.360025660013,142.728278753112,228.682986315586,177.327272726965,171.4510426791,168.656164151914,125.53999427058,87.8779959885304,87.8779959885304
5.69244656336833,94.561963190743,92.2527258029514,97.06956891854,107.540020505317,81.9397967749992,75.7963261796833,76.8445434659191,101.618353596323,103.19908046705,91.2380097067019,93.9406094193387,99.3089672725549,94.9297344683979,178.259240691824,207.285038266996,205.588942975912,219.187354082415,200.427461180562,173.126180618853,205.228281644923,205.477565626615,204.413655162712,148.63667192277,194.925172789061,227.996330198816,166.306136885125,145.419426721822,142.742194772636,133.844639561741,137.843054325724,148.043601469886,150.943770640104,145.204209828008,257.694043887973,177.327272727273,171.197144361705,167.812204283974,124.911788848,87.4382521936,87.4382521936
5.69244656336833,94.561963190743,92.2527258029514,97.069568918518,107.53849231747,81.938212290083,75.7928475675003,76.8226506220451,101.507921854116,103.09263659631,91.1338973963104,93.7028063839258,98.9548026145871,140.840998883892,215.351905432391,215.787687071493,213.858954747986,225.912068848455,205.927574449927,179.076752433412,208.160966587042,203.468222256425,202.782710856215,134.496102885205,180.083918669603,215.721127054571,158.841731103375,146.765397585864,143.3193519513,135.071313620045,138.164428236407,148.450359870199,155.014430706917,217.457734869883,283.149160821224,177.327272727273,171.501822343265,168.824956126696,125.6656353568,87.9659447497599,87.9659447497599
5.69244656336833,94.561963190743,92.2527258029514,97.9553083127407,109.536961222135,83.4358439472596,77.1761400484421,78.547957292359,104.883154595759,106.124911186865,93.8043929829607,97.4681723883924,171.977663446105,241.687650852196,237.620626964995,227.517815553332,226.493724823288,237.772484031812,218.132018976958,190.618252063874,212.040174674922,205.883477370473,195.907977154602,140.498537638454,187.478193914943,222.6033240853,163.016618418184,145.209695958662,142.59790547799,133.538024641055,137.23472408057,147.551596248082,151.902887832318,214.963728120006,247.602193473303,177.327272727273,171.197144361705,167.812204283974,124.911788848,87.4382521936,87.4382521936
5.69244656336833,94.561963190743,92.2527258029514,98.2210301310295,110.138031443841,83.8867193419799,77.5946095102568,79.0187928739869,105.606373804418,106.781052300115,94.3914363511726,132.265006495127,447.815120503144,273.248220164259,244.699900585957,231.524784767031,227.237045377536,232.976141277319,212.960713477984,187.859376492238,216.8232296216,215.113187817319,215.589476614442,158.11519377135,204.003390832567,232.069042379401,166.685834492782,146.596727357173,143.247207303966,134.917977823122,138.539186119565,148.906985241942,153.61475773018,220.040650872381,258.750938310397,177.327272727273,171.857279988418,170.006499943205,126.5451229504,88.5815860652798,88.5815860652798
5.69244656336833,94.561963190743,92.2527258029514,97.1581428579689,107.740327360875,82.0900368505097,75.9357024501823,77.1214778828534,102.963195304846,104.651225253683,101.176638198386,358.243139007139,521.966598913651,280.468122423021,243.185360857239,223.226097410153,219.303212330644,226.994325815081,211.205769221566,195.338859061866,221.424376657182,216.28782312911,216.941574300088,160.21411272327,206.874468092439,241.57898281958,173.254305273736,146.648216670829,143.247207303974,134.91799999977,139.670866241569,152.872662378567,218.134609678789,310.1040018701,302.163127800222,177.327272727273,171.704940997638,169.500124021844,126.168199696,88.3177397872,88.3177397872
5.69244656336833,94.561963190743,92.2527258029514,98.2210301310097,110.136656274745,83.8852935128883,77.5914792150602,78.8257398791258,104.901988795107,114.589453052273,334.804010656393,407.325307434216,509.46971719875,263.004586556128,223.484399631686,217.11179231725,214.132938815423,229.834159315015,209.969950582874,188.605660007422,210.564925609283,203.857869776551,204.574678862184,138.368456332663,183.870997323306,223.149563907562,164.792172394228,146.168363967405,143.030773361979,134.458007392378,138.531900451472,149.647094951824,293.629628336534,295.393084623228,268.795724975962,177.327272727273,171.298703688892,168.149788231548,125.1630710176,87.61414971232,87.61414971232
5.69244656336833,94.561963190743,92.2527258029514,97.2467167973911,107.940173525201,82.2397992633367,76.0740300432404,77.1910260678171,139.738783064579,309.25290417035,383.968909190008,397.712336327634,484.25224050113,252.377992280008,219.70407828778,214.879038329527,210.894003240645,221.96860975918,204.43743979062,186.358424450324,215.994531585459,211.754800781205,206.295075459054,155.890691197285,202.232636106215,233.146507096865,165.362247158111,145.990089298362,142.958628714645,134.304669130869,138.378557050859,170.289977045429,304.263332157575,262.823663760478,238.604137082018,177.327272727273,171.603381670452,169.16254007427,125.9169175264,88.1418422684799,88.1418422684799
6.25054906634798,101.424664990963,98.0564283202042,102.261067268162,110.518953073281,83.8913071970171,77.5587016687915,78.4266250915178,269.670522861858,324.856213573512,374.691381397616,389.028871646311,481.803948354616,254.384583701675,226.598916805183,219.709755172335,215.847485344273,223.019008571137,197.946952267143,169.05333929523,192.476492144533,184.113281281985,174.266155064978,140.428041500804,184.635978271805,214.476817198879,162.563962850664,147.267763052028,143.535785893298,135.531313620351,139.454293771356,176.338148641861,307.171538135626,280.748053219091,265.416202312554,177.327272727273,177.199300598438,433.393596804309,131.123188405797,91.7862318840579,91.7862318840579
6.25054906634798,101.424908284946,98.0568538265919,103.236283938561,112.752766460082,85.5750975137826,79.1547183300515,230.004610098076,396.367142773633,333.709369794654,388.908658379629,407.690732815993,496.017664384348,255.339672126616,219.938815787288,203.443344498032,198.514374086513,210.388396931055,191.453755568225,168.072344220755,200.445920353608,195.391609873967,181.732071178585,135.877969113651,182.306392824846,217.378034139856,163.506286950306,146.512402368413,143.175062656646,134.764678987092,138.310480936043,178.52361587729,301.177887823387,259.384860579119,236.791279182193,177.327272727273,280.296984430645,554.03400180844,131.123188405797,91.7862318840579,91.7862318840579
6.25054906634798,101.424908293268,98.0568538411453,103.236283969482,112.754471319569,85.5768651647475,179.474755038089,462.352665375731,423.706633059641,344.366480378965,393.451608932938,405.590449591188,477.596787972847,239.487893744838,207.089647197068,203.649423335722,201.459302326956,214.788984118229,199.211944426644,180.439579561979,211.119961213966,210.443072871482,210.324031640321,144.584648222533,189.439533044608,216.366702996708,168.3266554553,144.879051985158,142.453616183324,133.23135797472,136.173634201559,144.191553376861,270.811635503524,305.286675325047,292.967056996605,177.327272727273,398.76816280289,555.57487535164,131.123188405797,91.7862318840579,91.7862318840579
6.25054906634798,101.424908293268,98.0568538411458,102.881988211794,111.955084407403,84.977813175511,381.288705599432,451.749694499495,411.262188221361,322.863253783625,365.870829853845,374.388947614918,450.504729385416,233.201795860788,207.137298246641,208.564403233192,204.936175144547,212.756829317917,192.074063591301,172.458568323234,190.408810184608,182.488489612749,171.004653900475,137.329217715131,182.265741473119,212.126665421757,164.201065211396,148.189789390472,143.968653777282,136.451281586944,140.902324582607,307.315693967139,344.522512689327,333.331197961575,326.433684565025,215.534353156484,640.520095727152,555.584003572664,131.123188405797,91.7862318840579,91.7862318840579
6.25054906634798,101.424908293268,98.0568538411458,102.881988211785,111.954472696605,317.555758478878,432.534709631571,423.824600536472,383.695062787624,300.090701219457,350.485962174527,364.095601212613,443.951137984341,230.718995011159,200.753444175291,194.089438012922,188.60948365711,200.295011931014,181.492699167367,162.138588433981,187.708809915034,189.08047246485,188.122428282345,142.710958745153,190.587815949971,229.526882482255,170.860216953318,145.744012265895,142.814339419993,133.998039425479,259.054297285944,398.68755958608,380.042029023698,355.003755032025,334.592815266893,220.363757609995,615.283988709537,555.584057648756,131.123188405797,91.7862318840579,91.7862318840579
6.25054906634798,101.424908293268,98.0568538411458,102.970562151207,181.412562343287,391.615526854965,416.822237353261,404.547583715441,366.03686562224,285.843021948897,336.415545166952,346.542469887398,411.907883094429,214.702725789381,186.166678628637,188.983374392411,188.202587747875,209.100155952261,197.369786597128,183.602551263423,213.091510721865,211.156302881219,209.429088895739,147.94707916921,192.876011299242,223.375510648764,162.818040652223,145.011045329406,142.525760830652,154.316681582941,455.618816978041,429.287043310609,403.982083769414,383.152906384828,374.433982261374,253.757113722873,650.793858196374,555.584057969106,131.123188405797,91.7862318840579,91.7862318840579
6.25054906634798,101.424908293268,98.0568538411458,103.147710030054,251.113275145681,366.243661036923,390.349157706381,373.260301941413,335.698409312186,262.603224834185,315.615795550512,328.735880995444,404.259659603456,215.522201063607,200.276931512674,211.063777260262,210.115511851205,224.731681391336,201.576702304509,174.272089390334,194.307390353757,187.387465937797,181.167041343419,130.654123949951,176.682009549595,213.531827610763,163.146217487621,154.865271976382,168.961383370854,317.83578074215,498.38286848113,436.656447507704,398.258668377229,342.778499582419,306.207969543812,228.697446444055,619.334659623002,555.584057971003,131.123188405797,91.7862318840579,91.7862318840579
6.25054906634798,101.424908293268,98.0568538411458,101.996248817569,251.36121831703,334.94778776112,362.671641765452,350.898358871955,320.06752992373,257.91196327712,319.340568174595,339.163570422647,421.224294413347,233.174875830757,207.242081708372,194.854924769792,188.720144098364,201.15688526395,183.694008839763,167.359070963192,197.752269594615,197.239579541159,192.522136129744,153.137968598406,210.698474252703,270.135701943545,227.120374933372,214.770435252749,223.58042153772,348.374270446559,479.863982379262,430.707776251211,398.127450161897,375.041589682608,364.291693154315,241.195162685109,636.938135472029,555.584057971014,131.123188405797,91.7862318840579,91.7862318840579
6.25054906634798,101.424908293268,98.0568538411458,101.819100938696,207.01918950924,322.830230222151,356.469930665928,355.116885042085,328.439631695572,271.657475345715,332.608567896638,349.594746461724,421.801742108447,215.7823921538,185.154286628817,188.462420112746,187.001743707104,207.818187766097,197.747831183414,187.611460964523,234.911832625998,242.936353204351,265.142229283059,211.268589071718,265.832326884014,325.188371954113,270.780575019986,249.370757402084,250.574556358277,355.877351316509,490.998860292434,441.017611895184,410.269027439402,370.693377969455,342.271640325257,230.221772072563,623.191359330893,555.584057971014,131.123188405797,91.7862318840579,91.7862318840579
6.25054906634798,101.424908293268,98.0568538411458,102.350544575225,173.283785342223,339.541833711147,376.161242623005,379.906175853517,349.753846429351,268.042424195845,322.61412693168,336.038521388235,410.728696453548,216.956475109379,205.259963365843,224.678045294098,230.278905820216,254.80061024226,243.404862083253,227.660790312531,260.216071485647,253.306745563959,270.111369531761,226.751522140218,275.98889973148,337.185808893343,283.947671034763,262.441386836876,261.933031945003,367.318266904606,500.791982252196,447.478562172419,412.823423459099,380.27771883861,361.069059010718,237.767665288324,633.001056866749,555.584057971014,131.123188405797,91.7862318840579,91.7862318840579
6.25054906634798,101.424908293268,98.0568538411458,102.173396696393,166.955119104432,347.098454173169,377.898687681084,372.163045890704,342.668278501537,262.412178302212,323.856391167423,346.855887088781,451.306495033896,253.41277543671,240.772275617912,253.177836091799,255.043732733046,277.216646968115,263.121472300508,246.579641027152,270.801184110312,258.861068998458,272.230054091783,213.159097947978,258.764709760585,318.803698966411,276.495785696445,252.462888981738,245.640782944093,358.400082105131,481.142467254552,429.645771995068,401.23674678237,352.030811441287,323.493586267725,233.467420798238,627.127791796331,555.584057971014,131.123188405797,91.7862318840579,91.7862318840579
6.25054906634798,101.424908293268,98.0568538411458,101.464805181011,148.323333083205,343.261529648885,376.153745889777,377.677364973263,355.568929079805,283.924604754851,348.130129272065,373.028449985494,486.648222188677,283.229693178641,252.050369448156,243.539572931454,236.983404362678,252.987378902517,228.443656983832,209.243295790618,230.176794010155,218.255577741319,230.694059834345,174.000460524708,219.270610882518,285.959930584484,252.243460822764,232.83546155609,229.354805871755,358.453658132162,487.453781783358,430.637970634093,390.230740283759,352.906194019633,332.687779115043,232.54991543787,627.080578526585,555.584057971014,131.123188405797,91.7862318840579,91.7862318840579
6.52611839491371,104.81812007025,100.928789289035,105.624472816631,169.50460939168,366.531047652198,403.072014790709,413.10199900754,387.428156213878,317.499564312948,379.467017596449,403.151124373731,519.023382280645,278.730724963394,236.913024816379,225.469732489208,218.444137004586,227.385307381511,204.120456625819,182.086944804576,209.64296366141,203.195203052813,206.432358223292,164.46781367243,216.340133895934,290.393064262546,260.204989756573,242.581257449694,238.160433735823,347.009293588082,476.056127894396,433.271895247632,404.655684464413,378.66708628574,361.964472483171,238.32754879503,633.032321036302,555.584057971014,131.123188405797,91.7862318840579,91.7862318840579
6.52611839491371,104.818240359307,100.928999667283,105.182049746004,245.816090430767,404.406662071741,439.086803302052,448.943500846242,419.205421757685,338.30964235517,387.756327941569,398.457953074663,478.438187448545,246.346851918938,202.245396549546,200.384110429528,193.933192739995,205.755385513029,186.311557267429,168.559611574567,201.805137214842,199.208746246649,203.364221192643,161.80723320811,211.893340086995,284.649108750305,253.360028312514,239.175894907203,233.254740281602,339.329301950761,459.729637195775,403.745334780784,383.181244201326,325.129131109932,295.971404060484,239.387650521607,633.080165160686,555.584057971014,131.123188405797,91.7862318840579,91.7862318840579
6.52611839491371,104.818240363421,100.928999674479,105.182049761269,381.319210925896,427.108196236029,453.421703356309,447.247947677048,411.041565632705,312.270050923569,353.407285417861,357.697265193979,422.929946594871,214.049616529783,180.081500636107,181.677301740557,178.063741388285,199.346313309916,179.646920659747,160.631346264492,191.298068608323,184.115854054412,175.304119121781,143.222483234715,189.608832637778,256.215966981522,226.847889523945,207.968245816781,196.862404688069,316.634746271686,434.258130586667,382.045733008127,360.203549407307,322.090426830076,308.217839713272,245.355271583507,639.032671805911,555.584057971014,131.123188405797,91.7862318840579,91.7862318840579
6.52611839491371,104.818240363422,100.928999674479,104.119162488202,504.366342494679,403.845650435935,423.107843957916,402.090760172099,366.95616674229,274.709439019782,322.632419049658,330.793861641249,388.015872209893,196.866629252962,174.157701700096,178.837404340133,176.271884541376,198.089684143195,178.372691990146,156.452474763595,183.661932375785,182.748184299412,178.192339778553,139.070355052637,187.484051583719,249.807172375272,212.247101188007,189.425599633724,182.171455029763,301.912046621861,434.847445612273,397.132499559968,387.90552841311,371.852229094677,360.839974416594,246.432880495118,639.080522072932,555.584057971014,131.123188405797,91.7862318840579,91.7862318840579
6.52611839491371,104.818240363422,100.928999674479,105.359197640087,581.177883124148,361.750632908969,384.011409558504,363.406163476416,327.549612225063,239.796904750384,291.760440480789,300.833619652511,357.273543463205,176.392369252276,151.427356913954,161.496301901024,156.482754410667,178.388798942902,159.342131336881,143.828932460395,165.79640192385,164.343787696916,158.964929802653,122.282177407466,150.84372150857,237.486079986994,213.092588604247,200.324811100086,207.373193292913,335.54026535316,482.224203937907,432.852969021776,394.249099565291,351.932721367735,331.255534277226,258.268163705337,650.985150809389,555.584057971014,131.123188405797,91.7862318840579,91.7862318840579
6.52611839491371,104.818240363422,100.928999674479,105.624919458385,592.362253769355,325.658160438544,352.367630484239,334.933112349258,296.329189894178,217.083138301695,274.840688086682,284.252743451941,318.62184702515,153.495994580007,137.90994553729,159.636093417276,156.812900365023,175.885778010429,159.176484613043,142.01800607178,172.510060132116,171.988442453881,159.566155245682,122.067703739289,168.968710107716,269.899477836241,239.103821375801,226.892441893885,225.609540985774,336.77264119504,459.472367146881,406.854848614433,381.783170495744,335.735143974144,307.782849436196,233.039250505384,623.304278723479,555.584057971014,131.123188405797,91.7862318840579,91.7862318840579
6.52611839491371,104.818240363422,100.928999674479,104.916327943013,534.384892620994,294.379573507918,324.464147759052,309.309113077469,272.776332256988,193.700224098086,253.592322085753,263.81027050053,290.263260370296,148.223599804788,137.505177331033,152.90607617796,149.889592093046,172.792571792201,157.132616798172,142.498664753764,185.310588127798,190.614107973811,189.330740589042,155.390775847141,207.771095729866,281.367848172182,236.994517194721,211.60277201935,200.646767102188,311.059550440419,430.580750208412,388.835674525895,366.516265334702,325.275818239616,304.040795608371,226.304226362861,621.097720505354,555.584057971014,131.123188405797,91.7862318840579,91.7862318840579
6.52611839491371,104.818240363422,100.928999674479,104.473458245884,414.012922294459,260.151450085218,291.750501772953,276.153722403537,246.170665932034,170.485469863268,235.031586640724,248.753387606452,285.525090566098,140.788844556289,131.932735093009,154.25028151096,154.63371952721,186.97528419782,167.482080865896,145.755035632895,172.125686914143,167.800808985285,163.568796923659,124.27885630329,164.148078846412,232.086840814567,205.510843208615,189.595574042892,181.638052871029,298.005605372,423.276854252829,377.112502759579,366.047386031839,337.323336139208,329.345506304373,252.864526407846,648.856552229371,555.584057971014,131.123188405797,91.7862318840579,91.7862318840579
6.52611839491371,104.818240363422,100.928999674479,104.73918006414,242.83179665915,235.943050918606,272.405534208444,262.689467393731,231.778616423499,164.824049727645,234.893174911409,251.723200947927,285.926670487361,148.330977850244,146.357319091498,169.705025183386,166.449800610276,182.12281422191,159.782667258,133.170219755159,165.694959435528,167.077815247961,160.839135455366,122.077312081826,123.395953551902,171.472039067562,206.396562553492,194.583251956005,194.156977098713,306.724674081853,442.02298094211,390.787193051465,365.300347444381,321.276218950195,295.79718941015,236.264480754085,627.255248972287,555.584057971014,131.123188405797,91.7862318840579,91.7862318840579
6.52611839491371,104.818240363422,100.928999674479,105.093475821836,113.420362194467,86.2165672743101,240.241205068501,255.222345522001,224.641030128563,168.959718750607,240.415337324806,258.16046376455,292.666920677411,147.130755650461,132.18815847411,150.124867674792,145.993417463977,168.369885731499,151.641656636459,135.126288813828,168.506302365869,169.898651465815,162.713043263569,122.06671789413,123.329489124937,118.426689864175,178.763268036687,181.89230526518,173.564008623491,292.446264528353,418.157628313753,383.652903621191,368.307879102184,339.013873266681,322.304801016925,228.907302424292,623.113521752178,555.584057971014,131.123188405797,91.7862318840579,91.7862318840579
6.52611839491371,104.818240363422,100.928999674479,105.359197640111,113.160520907987,85.730539877515,79.3367623661918,80.6517466329507,218.21115018991,170.81309186375,238.928640049277,252.821310345565,280.125052959145,129.073697116697,118.302136192667,144.083810890026,142.514769846015,171.049154672978,154.137771945803,136.723975820873,174.77307545107,173.83597915045,161.729302152021,122.066666913181,123.927668184117,120.20203777336,137.481411132079,183.603798254475,184.473300145765,305.262436699146,445.661251935813,406.610642515701,376.185185710493,345.123315245874,332.497375855865,249.372189598579,644.904675239449,555.584057971014,131.123188405797,91.7862318840579,91.7862318840579
6.52611839491371,104.818240363422,100.928999674479,104.916327943007,112.161234267079,84.9816699377638,78.6090525574091,79.4163573277314,99.524315496909,99.2400430599555,124.748723436672,242.07677875173,259.73406374888,121.645603055592,118.566455775877,148.159645574686,144.933117659584,165.877804099669,144.210320918243,123.595231683816,154.145066924581,155.503632568554,146.172131153727,122.066666667853,123.395953464846,118.513792246521,123.474264705882,130.709304317717,178.509711158406,296.784604741248,417.662530478902,374.639131967907,360.953190748012,306.08024327442,272.271834078048,217.993993730685,609.367114991524,555.584057971014,131.123188405797,91.7862318840579,91.7862318840579
6.52313388955017,104.648980008824,100.719582579521,104.880575051346,112.140094001374,84.9219872919445,78.5537916234136,79.1207571885759,100.438687551946,101.459802345887,89.6933879557762,90.2597688599242,93.660265513161,117.630896896009,127.795530611141,112.316747539329,114.471507990396,109.5554860382,109.911556420058,116.286915604934,113.963559817045,116.190995054632,119.219663646469,111.732049361246,112.768140349409,107.894982197885,111.4863548267,113.436685433302,118.003237655645,226.965076675851,420.360195595386,373.739468876703,348.49929934412,320.135579215611,312.884294642707,237.370115345425,634.873968938458,555.584057971014,131.123188405797,91.7862318840579,91.7862318840579
6.52313388955017,104.648974173836,100.719572374481,104.349109749821,110.940178980973,84.0225537363959,77.7220722664382,78.4780125606826,99.9644297513751,100.593938037338,88.9310564450858,91.4014293611612,96.2137124402778,91.6462142905036,97.5248306103759,94.8222672352252,99.7202074740378,96.7496588505899,97.4276819333674,107.13552302203,104.080776536851,106.416747238913,116.431026880167,113.081675457744,115.554620937894,111.82722023904,119.084182328638,123.980668388598,129.237509269153,123.917795364227,395.666146190609,364.909198977243,353.183837203843,314.280075535421,291.509354573541,225.776231723598,619.206684805517,555.584057971014,131.123188405797,91.7862318840579,91.7862318840579
6.52313388955017,104.648974173636,100.719572374132,104.0833879308,110.339719937638,83.572312035645,77.3049940344543,78.0090684773004,99.6170795665378,100.499367467667,88.8444511345704,91.3082480009077,96.2042150126152,91.711816049231,97.4817327600458,94.7273523174994,99.4002122771922,96.2602213476891,96.9175523144408,107.136720038376,103.042792363977,104.390953371844,112.212265118682,107.996768406566,109.249957120443,105.272201025093,112.17448316848,115.31328203623,119.129437120959,112.793472666902,115.518217521737,263.187518396706,343.068263030095,306.857776159385,295.924050878886,244.82633332823,640.905188085285,555.584057971014,131.123188405797,91.7862318840579,91.7862318840579
6.52313388955017,104.648974173636,100.719572374132,104.526257627905,111.338495514932,84.3206520846503,77.9955957369957,78.8016481855773,102.016783526922,103.315544837676,91.3259274100775,93.8837950748499,98.9376386738672,94.2555046453948,99.9771375138347,97.0642864932836,101.238416341593,97.7381834035934,98.2692005131003,107.362287567293,102.851598263574,104.220497866669,112.449954161251,108.220725683948,108.963869498613,104.121594722489,110.082964981376,113.107493950106,117.0636253992,111.016107890503,113.383216939516,119.831563540088,206.874893611434,332.217970365857,317.686951425804,238.729595920987,631.159411900473,555.584057971014,131.123188405797,91.7862318840579,91.7862318840579
6.52313388955017,104.648974173636,100.719572374132,105.411997022138,113.337729693806,85.8190772080498,79.3806302141601,80.4091796483601,104.697631085432,105.726055736529,93.4518039134142,96.3337600029758,101.638584731269,96.6990533212468,101.719023424331,98.5212369807768,102.648930967157,99.058412441293,99.5328529874692,108.258760143376,103.811798880779,105.065328506012,112.749311892266,108.420861050293,109.540503598158,105.416905884721,112.831979497777,116.094652438466,119.97165602053,113.582273808836,115.994492567824,122.874745627066,125.061721888311,242.938733923686,313.551227346773,241.213198059848,635.049150133247,555.584057971014,131.123188405797,91.7862318840579,91.7862318840579
6.52313388955017,104.648974173636,100.719572374132,104.437683688515,111.140942632639,84.1732674363091,77.8624883420342,78.6705438224783,100.408190783718,100.997032473,89.2924030279337,91.997205651854,97.3683700375468,93.1533625261385,99.1596727692188,96.4379760048103,101.137839789214,97.9850587402779,98.7402318584362,108.677682856048,104.709961986046,106.332468590026,114.676470194772,110.471609276298,111.720279172915,107.329050341924,113.253603914416,116.574057858368,119.253184777486,111.789302725694,114.919978646074,122.798745901471,124.123740990724,119.301836373217,274.137869362617,267.206967417056,660.8729473232,555.584057971014,131.123188405797,91.7862318840579,91.7862318840579
6.52313388955017,104.648974173636,100.719572374132,104.880553385602,112.138496241277,84.9203405004291,78.5503084804734,79.4421783844416,101.956212250074,102.60007616232,90.6934606075554,93.3630535698453,98.5973082980395,94.0434209562038,100.100505450969,97.2837462109083,101.926487925007,98.6177475856603,99.1479965240687,108.1832907195,103.827543144014,105.203581282114,112.859707231743,108.320121646169,109.485183118023,105.331212587058,111.900270728639,115.187930072583,118.778460999801,112.269550797017,114.637137038793,121.606363863526,124.41294181697,119.859963187945,132.646098653345,159.377949877067,618.616063768522,555.584057971014,131.123188405797,91.7862318840579,91.7862318840579
6.52313388955017,104.648974173636,100.719572374132,104.34910974908,110.940177994254,84.0225527136625,77.7220700229981,78.5294996265063,101.007618539358,101.973913124941,90.1509497784791,92.9563974791828,98.0336328495494,93.3210454315952,99.1548083107135,96.3521392543762,100.811509098204,97.5109571897818,98.1379770073338,107.449053452268,103.220276907188,104.66951321548,112.762389372012,108.544875931014,109.766668578733,105.593781899478,111.67608650639,115.023342437011,118.053878746034,111.157942034886,114.382705669409,122.643843280424,125.103630424191,120.348648390168,134.693269894087,151.077014773158,329.923237200751,555.584057971014,131.123188405797,91.7862318840579,91.7862318840579
6.52313388955017,104.648974173636,100.719572374132,105.057701264445,112.538036730789,85.2197078933243,78.8266180381983,79.7696019342106,103.645286548928,104.7798591068,92.6173769466299,95.3920461631381,100.798201474128,96.1410233886144,102.272707898122,99.3659200466888,104.185922018653,100.816989361232,101.39125556841,111.452293328658,106.902859538456,108.121079803764,116.056823065093,111.711865345327,112.696945326127,108.124810899723,114.505828984824,118.161169450902,122.609133652339,116.335622815185,118.139778297297,124.743582061774,127.961109957541,122.823330223224,133.931621908699,146.065095122375,147.704835905352,375.5294973079,131.123188405797,91.7862318840579,91.7862318840579
6.52313388955017,104.648974173636,100.719572374132,105.500570961574,113.538494515019,85.9697921202592,79.5210489499011,80.5502244111364,104.098204309676,104.74917591387,92.5932559768955,95.3745407414676,101.065243403257,96.7131867637698,102.645950276066,99.6876682141676,103.850290157386,100.248492137411,100.881833871832,110.801106680346,106.427493050723,107.864378270216,116.10226068576,111.782204194334,112.7796147197,108.071334869277,114.849171108687,118.339236363758,123.612834028816,118.113647272512,121.089594123151,128.355984302546,129.209707031178,124.339311535211,135.459411880768,147.554652975208,147.690875267996,157.095828089418,116.885023924705,81.7784840318867,81.7784840318867
6.52313388955017,104.648974173636,100.719572374132,104.880553385629,112.140331011979,84.9222428624373,78.5544849696095,79.4993467969387,104.12702123783,105.664778295164,93.4146735824574,96.4456700584539,102.254381876642,97.8064466168723,104.397252353241,101.565133279299,106.642980324443,103.285673859569,103.924544485984,113.995862078043,109.415511572053,110.976520521766,119.857421743596,115.294080703915,116.363118352429,111.684919100343,117.824422346918,121.049306823093,125.30369134397,118.657067930786,120.166123573204,124.960310392245,125.121272687707,120.107899664727,132.253368042067,145.804370014141,145.838465136376,155.007651826459,115.336241492749,80.7174878820022,80.7174878820022
6.52313388955017,104.648974173636,100.719572374132,104.260535809658,110.740332102955,83.8727905839211,77.5837430522306,78.3741354289198,100.770050666459,101.760698823778,89.963484741791,92.7712070812949,98.3115451640269,94.0862116989252,99.8528230099036,97.020477778809,101.509235220525,98.2355999925877,98.9158294871839,108.128174771457,104.144084595341,105.86087722531,114.345745800372,110.114636950682,111.47057092705,107.195251033556,113.384083701449,116.788293982626,120.877075338183,114.774947035436,117.198661756801,124.013314957915,126.877431028687,122.459868396355,137.935407371164,155.815673568426,156.004839494666,165.732409968157,123.457587883536,86.4770700209163,86.4770700209163
6.08938577671749,98.2987934772663,94.8410403929199,98.9929215529099,106.692588562015,80.9107370480484,74.8819655976358,75.7811689886051,97.5667903280987,98.3128396963528,87.0356910761115,89.7135144393889,95.1065744924325,91.4056614572712,98.2733037683511,95.80882769426,100.398895069369,97.1658503872019,97.8134094542938,107.067199049722,102.887994406406,104.317236831504,111.467455935107,106.769319229052,108.052545673254,104.009667581263,109.945399744454,113.281102130952,116.279671903895,109.442613613294,111.794843190729,118.74400773332,121.621678606966,117.18612214338,127.785164153737,139.585490150211,141.08174891545,152.803622689853,113.924890762572,79.882529949676,79.882529949676
6.08938577671749,98.2985696227156,94.8406488849188,97.3977594839492,103.061138689679,78.1799111627006,72.320074456014,72.9917181851465,95.5579091382947,97.5157554414947,86.2221125143764,89.3893173680824,95.0414652163845,90.9677241718577,98.2559710712294,95.9290576681587,101.214308889798,98.2580094037852,98.9149532376716,107.915386090083,103.472954826465,105.013047181526,112.761533713717,107.940859980357,109.061944437641,104.876776087681,111.033711025303,114.088943552406,118.251687034341,112.205880666871,115.191823917429,122.867207284195,124.594777405136,119.806571674036,131.393588456766,144.194922654989,146.272715532704,160.007968470415,119.043602993306,83.2818123021571,83.2818123021571
6.08938577671749,98.2985696150591,94.8406488715282,98.460646728549,105.456528003122,79.9741936235116,73.9737125547524,74.8475428693023,98.0181133046717,99.4896568335243,87.9368389191352,91.0378316884997,96.8818731724159,92.7045276284528,98.4740753522701,95.6328287562293,100.447870793348,97.2873339906924,97.7905235361415,106.365925318362,101.939582419982,103.476772900297,111.456367490555,106.913963317881,107.922797694778,103.474400975161,109.360533688969,112.539942957903,117.525368806746,112.358772464051,114.599297535476,121.624689875074,125.302268299929,120.661081378298,132.515279669466,145.657638540152,146.489281466339,157.326771098384,117.100462171795,81.963584662689,81.963584662689
6.08938577671749,98.2985696150589,94.8406488715278,99.0806643045303,106.857290357838,81.0244374723739,74.9461923007642,75.9236268482677,99.2220992625705,100.356991433774,88.7085565982796,91.7088121259305,97.3864595195832,93.1122940173619,99.1480794671837,96.3679382749129,100.746582979509,97.393097486628,97.9699767281858,107.736735932623,103.585101106085,105.077701194114,112.694654972141,107.950573700483,109.078528331085,104.802119843308,110.88177989584,114.316820209433,119.250631612218,113.730182319187,116.249778226255,123.24367179749,125.055317575215,120.137449454352,132.331862540181,145.939580093477,145.989273207236,155.164052883663,115.456926148884,80.7963499070377,80.7963499070377
6.08938577671749,98.2985696150589,94.8406488715278,99.0806643045457,106.858361941974,81.025548532708,74.9486315518796,75.9441065941091,100.07274962142,101.56850489026,89.7865514379425,92.9138642376275,98.6073019388724,94.1938627385724,100.963426911683,98.3203588835772,103.714089551319,100.647225138162,101.160983558702,109.97798582224,105.561202782716,107.289949850081,116.166325028245,111.486445100493,112.582741014626,108.11987208331,113.800940438794,117.312974200198,121.884328184485,115.768794296874,117.958590213014,124.40821017556,125.876576865037,120.898037977252,131.373236271398,142.702004558526,145.48910910696,160.866898473118,119.658169860405,83.7035263228123,83.7035263228123
6.08938577671749,98.2985696150589,94.8406488715278,97.9292030920562,104.260351822315,79.0786268147591,73.1503500876836,73.9071666992029,96.8843184412821,98.7065412401007,87.2696155549669,90.3138622243316,96.2315312503102,92.419763701472,99.8137670791781,97.4475265761409,102.904175890071,99.9663961719368,100.645933363076,109.852886368342,105.583758326009,107.02274716008,115.127246345472,110.911330464148,111.868027125467,107.038731092206,112.94418560765,116.391072276386,119.402400157245,112.308484977323,115.223222211993,122.872141421812,124.878175139292,120.18829242499,131.53217063905,144.145562906207,145.553344694998,157.528902692389,117.342075010856,82.2039077478436,82.2039077478436
6.08938577671749,98.2985696150589,94.8406488715278,99.1692382439393,107.05622149813,81.1732511525026,75.0824370312233,76.1448135516037,100.968211423771,102.585342644811,90.6714134374337,94.1030417147145,100.574415816765,96.4796076480368,103.096258795262,100.269766738788,105.235438487638,101.857892390015,102.301332808957,111.17085340362,106.499337287564,107.904545498481,116.13979849529,111.519617689091,112.303140008997,107.323994750156,112.771517710275,115.97901979486,120.663855341435,114.922005374263,116.899499775563,124.111473745428,128.764650090581,123.88805268386,138.589234058678,155.355129217488,158.248509270102,174.531265688814,129.872734781874,90.8766323685588,90.8766323685588
6.08938577671749,98.2985696150589,94.8406488715278,100.054977638193,109.056831119505,82.6731023884707,76.4706024267356,77.7222750232905,103.458598604598,104.830652120498,92.6602620932789,96.2123561384978,102.691204427579,98.3631174973558,104.624173733499,101.646828454187,106.741485947006,103.369310446507,103.85116671837,112.473892263551,107.794330068046,109.293580377074,117.356400598489,112.504866439875,113.577276524006,108.961898068247,114.662402474478,118.116671758204,122.821710771085,116.839887468656,118.684513390141,124.477140889391,126.084304353553,121.178451047725,132.040165533128,143.883477387607,144.180463419994,153.788040516647,114.418501997852,80.0545202474199,80.0545202474199
6.08938577671749,98.2985696150589,94.8406488715278,99.6121079411035,108.059126762918,81.9258730229823,75.7824391469745,77.0016640495886,103.324413528237,105.160961257084,92.9672929136418,96.8874275227725,103.489074069708,99.0256819981987,106.208726427921,103.460547448172,108.26485333792,104.708660938501,105.28671971906,114.259759034251,109.554744925775,111.072739461618,119.4545788389,114.698526143727,115.533067443351,110.40046644211,116.261137750545,119.825408165487,124.02347295604,117.51412515054,120.685977853551,129.055167638806,131.306880270336,126.205406650102,139.119492495597,153.531212709202,156.208211890917,171.939535555006,127.933344050466,89.5188430781866,89.5188430781866
6.08938577671749,98.2985696150589,94.8406488715278,99.1692382439811,107.05912812665,81.1762648586093,75.0890533952575,76.1538090711621,101.359827339194,103.171610736109,91.2087220349531,94.6821652220113,101.022765880271,96.8595930688207,103.634941706261,100.90263097652,106.513113392007,103.44755457938,104.112212238464,113.760832099705,109.437153390221,111.057980165659,119.375714507091,114.716033346852,115.830906029881,110.946912622392,116.982803934989,120.94454602136,125.88466111306,119.845855621709,122.024804119836,129.208281094832,132.675607794813,127.506930520418,144.690909792196,164.641839092569,166.072590424269,225.132655847929,131.123188405797,91.7862318840564,91.7862318840564
6.08938577671749,98.2985696150589,94.8406488715278,98.9035164257033,106.458822089959,80.7261818007934,74.6723234471502,75.6853385079649,100.641850535484,102.52369204337,90.6339544905741,94.1029778771537,100.161849312722,95.7508951464643,102.305429017236,99.5584116184254,104.941746570586,101.836087767214,102.458929207515,111.936005850256,107.573748041711,109.424009092943,118.361746844039,113.572766556517,114.499180927042,109.429421858706,115.53801127682,118.976275111586,123.524035031715,117.468052657646,119.746455337158,126.950111452815,130.590151334944,125.742361219471,140.001098383909,156.217934601537,160.245378619376,333.438933000573,131.123188405797,91.7862318840579,91.7862318840579
6.08938577671749,98.2985696150589,94.8406488715278,99.0806643045413,106.858056814401,81.0252321645093,74.9479369918395,76.0289791398606,102.800450651104,105.345176252864,93.1231277498149,96.8044893522704,103.30193269662,98.8915693979812,106.054504703199,103.279792795718,108.572787896532,105.180870218464,105.714886208624,114.769699067172,109.834221598233,111.541711894105,119.981748817588,114.574735861823,115.37414827681,110.312769190117,116.109952044481,119.584057966352,123.70110700502,117.145518090151,118.933552595466,124.608695393358,126.046132996579,121.237195081593,135.947721339568,152.861535394575,153.344078010529,163.789235955897,121.947017394524,85.3925191975609,85.3925191975609
5.69443623361067,91.9255462181859,88.6928535427152,92.210684226949,99.5405237943026,75.6132934664828,69.9854243703982,71.007003879835,91.1755323771463,91.2620493796067,80.8205015210709,84.988934777037,91.9470900136585,89.0513599243909,96.5759386717422,94.4613422021568,101.0557603957,98.8206830794129,99.7021102089506,109.529102048548,106.05571984547,108.465527515832,118.229857401689,113.777908321034,115.089225762185,110.231335517751,116.860301849823,120.351213448457,125.415315141129,119.519694080168,122.50324856016,130.716485895235,133.631727755512,128.503499004126,144.695137315102,163.276925624184,165.709964286164,232.42399361671,131.123188405795,91.786231884008,91.786231884008
5.69443623361067,91.9253221782295,88.6924617104508,92.0327045002541,99.1038942576652,75.2758480656926,69.6305932704253,70.5748482798052,90.6738053364051,90.8644493991865,80.326335749545,84.1285883330719,90.7261385177238,87.3612538453903,94.6738659188129,92.4822802267442,98.4029882920488,95.8793080233221,96.5187213522329,105.914538791473,101.770818839833,103.716420939089,112.433048578267,107.679594817091,108.850617809171,104.49285239816,110.044472021968,114.138634758167,119.835339575797,115.111599644204,118.696031861833,128.168613759358,132.497724687734,127.92606849018,142.281270585961,158.726421803912,162.586728676391,359.296791793795,131.123188405797,91.7862318840579,91.7862318840579
5.69443623361067,91.9253221705667,88.6924616970491,93.4498875025546,102.301116717935,77.6717188675001,71.8431152452748,73.0082206867485,94.1729190511914,94.0025639149925,83.0822285181875,86.5094726310404,92.6072106741799,88.7371712584772,95.9604215521682,93.6284887100433,99.0374163204059,96.2015452023894,96.7416441312514,105.819651656555,101.316060167421,102.981013853405,111.051396328264,106.266017382704,107.193219464375,102.716649509591,109.539113251059,113.168228730153,117.962885641335,112.501189785994,114.417777222319,119.665346889457,120.224286598023,115.75009386333,130.189917211514,146.886004318791,147.604866746544,158.143191623023,117.801324667781,82.5461154632592,82.5461154632592
5.69443623361067,91.9253221705665,88.6924616970486,91.7669826535657,98.5064707241672,74.828753712809,69.220424911077,70.0981354325804,91.8540537752595,93.1117213959336,82.3297931794584,86.0572956352998,92.5214133859796,89.0535625850664,96.0487423626996,93.7405871787324,99.4461134965868,96.7689434130093,97.4796170344025,106.881736046442,102.423210349,104.179726466501,112.909400303656,108.315316316109,109.352607606312,104.975115638763,110.725068949051,114.587415349886,118.442557780843,112.160948121133,114.794018001839,121.076951494026,121.023954607133,116.321046579335,123.925592683179,131.612165740528,132.255050586299,141.941512593199,105.601021278024,73.8903000003704,73.8903000003704
5.69443623361067,91.9253221705665,88.6924616970486,93.6270353813915,102.700353154687,77.9707710066055,72.1187326927062,73.3690299989903,94.9447766900458,94.6941002577009,83.6885490208861,87.4399354326608,93.4206535091739,89.048376706908,94.8204000216337,92.1280942675493,97.404961425815,94.6172749683172,95.1801503492339,104.865723366294,100.751464854953,102.675064399485,111.8939468622,107.573462139385,108.705586996916,104.327836274676,110.926556200955,114.899855943144,120.505859380559,115.567423024016,118.779666957521,126.168565656889,126.68671944851,121.853287959416,134.629824194038,148.883629427834,151.503986052314,166.838496102281,124.095424866177,86.7935918957954,86.7935918957954
5.69443623361067,91.9253221705665,88.6924616970486,93.4498875025932,102.303868951803,77.6745724911948,71.8493801563443,73.0682284890304,93.0785013219071,92.1920495428538,81.4997676167038,85.3016628550016,91.4386613461883,87.5207031273678,95.0171363446283,92.8702087604778,98.5845107902178,95.9804352995187,96.6207872528586,105.351278317102,101.136541629198,103.031409550982,111.995808412766,107.596521039858,108.670581744803,104.285030720575,110.383767405163,114.031324406866,116.890700008029,109.757640656481,112.326311885985,119.24370067366,120.681040678581,116.160201907886,129.250383150368,144.263991925751,145.177709049977,155.929112289477,116.20587857322,81.4532730158923,81.4532730158923
5.69443623361067,91.9253221705665,88.6924616970486,92.0327044718325,99.1060133028856,75.2780451875447,69.635417002565,70.5299164877007,90.9537550559368,91.4612979154065,80.8678242772508,84.3653890218077,90.9206425403495,87.8541829273446,95.4154813621036,93.2895601923505,98.8270710497895,96.1090278179779,96.8311865634402,106.285887881273,101.822174020975,103.893801076274,113.217246179727,108.365442855129,109.347168728953,104.899965398484,111.300141660536,114.83619563607,118.572628713466,112.190225482492,114.753469686722,121.977718906798,124.407848430446,119.645287786777,131.745178383473,145.202735984407,147.771554783831,162.720146333732,121.064353428838,84.7003664079773,84.7003664079773
5.69443623361067,91.9253221705665,88.6924616970486,93.6270353813981,102.700811939208,77.9712466923364,72.1197770243263,73.3532864861816,95.69586079407,95.875110679043,84.7355611078888,88.3817873252207,94.9265884912208,91.1504712593687,97.3803558342155,94.6921847664943,99.599373367706,96.4888493662577,96.917398371125,105.364379523832,100.85324652408,102.665534934557,111.779829964177,107.254546066071,108.122996006659,103.531799467098,110.007850999144,113.80936776408,118.659407099211,113.294673628113,115.981674691377,122.874507463475,124.47882747796,119.893592173217,132.621201862713,146.900060205183,148.078898402619,159.7912919165,118.920803101515,83.2215136441063,83.2215136441063
5.69443623361067,91.9253221705665,88.6924616970486,93.0955917449041,101.504481299349,77.0755197343995,71.2960629574985,72.4810857709435,93.7412371796083,93.6292650133102,82.7742754631685,86.8083299619972,93.1330835578088,89.1123666566737,96.5198814854216,94.2870380252451,99.6284676165623,96.8014597403338,97.4805113159437,106.987674062497,102.841657628497,104.8796096875,114.296640863664,109.765267989541,111.000589435987,106.834837563943,114.223680756998,118.175121799373,123.680092023034,118.184457960358,120.921959138769,128.159643335354,129.215215935561,124.011767731342,136.633848795514,150.658403449742,150.777613217558,160.53366063055,119.360143805897,83.4535776722585,83.4535776722585
5.69443623361067,91.9253221705665,88.6924616970486,93.1841656843132,101.703412347885,77.2243333193912,71.4323074788234,72.5821285871219,94.520571214907,94.8287146834203,83.827583608856,87.5111802862401,94.1955627567388,90.7231551489636,96.8612637581535,94.2238839507381,99.7508801531523,96.953732652691,97.4187067902202,104.866567415261,100.410076129499,102.238927083577,111.401312195288,107.074623750009,108.102044171129,103.782675360187,110.43099734278,114.211222249789,119.33158948694,114.130652993575,116.657127864314,123.307160180354,125.02514163851,120.609563748866,132.472160178045,145.744353156711,146.746120405308,157.728089895265,117.525537778806,82.3489863459275,82.3489863459275
5.69443623361067,91.9253221705665,88.6924616970486,92.5641481083595,100.30463586288,76.1761484978982,70.4643481634197,71.4950271489499,92.0106995697423,92.0716787415755,81.3983834496877,85.0995985526184,91.9905031359833,88.9645386309362,95.9390158548094,93.6156100436643,99.4031122283058,96.7932731149069,97.4710747869432,106.848764864813,102.742819380734,104.796598966353,114.229782030752,109.707416677781,111.007971276771,106.913132573773,113.543924112635,117.144010534621,123.374511007228,118.509766698039,120.268640794311,125.450918392577,125.574883537185,120.492747009723,127.461413083721,134.249486234829,137.705669408393,154.195317570548,114.678931360768,80.2114614623679,80.2114614623679
5.69443623361067,91.9253221705665,88.6924616970486,92.9184438660332,101.10295338345,76.7740917001122,71.0152294211592,72.1303481107401,93.9014933575164,94.2691509712505,83.3299210425035,87.1186009346743,94.0669158855112,90.77695893464,96.9930274794413,94.3593969444476,99.9381905634178,97.138636574127,97.7060959683574,106.502014524029,101.886784189681,103.977276347101,113.488221144423,108.6203008183,109.426320303682,104.612120227822,110.927687394845,114.870709195346,119.875960022332,114.495172797268,116.982299540259,124.198037900611,127.125132403218,122.436354052865,136.384781992497,152.309774607254,155.905821422292,173.454521399653,129.19617849871,90.5018955727633,90.5018955727633
6.04262852602223,97.3955388294908,93.9128485294001,97.7827117729801,104.746901557847,79.3633099755071,73.3766560180594,74.4028396227862,94.6319172668328,94.1701065650081,83.1351068727277,86.850604694607,93.2364210307713,89.1741928140806,94.6301642031213,91.9056939834727,97.4368696998173,94.8317470310802,95.4494448600725,104.074994174133,99.9417247781272,102.040336971186,111.588685546578,107.326727945828,108.603513491114,104.553628701526,112.18470626855,116.120282876574,120.69487860332,114.851172793465,116.809152878422,122.173996064628,122.854712805592,118.23518363028,127.486798254986,137.287238548669,137.561093062333,146.631331816765,109.108809754304,76.3455264055666,76.3455264055666
6.04262852602223,97.3957312729634,93.9131851013352,97.5177044865462,104.17708424968,78.9445146773847,73.0242559684223,73.9686017746398,94.3506040424003,94.3433244878715,83.4023784135513,86.9827830981682,93.2215592478619,89.462844858013,96.3053085879613,93.9041642704952,100.060914997763,97.5391001459907,98.1542635405258,107.25102488134,102.826433330389,105.046555052365,115.158370008877,110.441303432036,111.352877743204,106.645890123095,113.02462256753,116.50522038023,120.929666344476,114.729696042137,116.502109122317,123.082494254478,126.368957091463,121.345211998805,132.681079191335,145.228399062816,147.968636509281,163.292900145207,121.56217197273,85.1149706686024,85.1149706686024
6.04262852602223,97.3957312795455,93.9131851128468,97.1634087532895,103.377256437463,78.3450055346499,72.469936706076,73.3629332556255,93.497230187969,93.5756779474849,82.7249108765053,86.4195091310131,93.0258833422298,89.59152597907,96.7803321863381,94.4622576751714,100.532642406807,97.9593742315202,98.5799663600782,107.300340610757,102.831606486395,105.090428608635,114.775507567439,109.749521818128,110.776246695965,106.253111613812,112.525121082125,116.253207120949,120.398091165654,114.181278662306,117.78410128464,127.3585787429,131.082161109443,126.180131464676,138.381945182684,151.931407739731,152.613039965897,163.431990761231,121.669624692048,85.1740085492146,85.1740085492146
6.04262852602223,97.3957312795457,93.9131851128472,97.7834263292374,104.775573333533,79.3927138363629,73.4368498564127,74.4657757127398,95.2560118910773,95.1516935555951,84.1070816558692,87.8891818658894,94.9211796675053,91.6379971893345,98.4287217727328,95.8889347052522,101.181371110917,98.1961977675276,98.7673146245519,108.314838320691,103.920742114165,106.030045065943,115.558873483672,110.561294858152,111.688623373974,107.432629704926,114.897663814222,118.508274757406,121.747313495888,114.710965401495,117.289192746707,123.996580481387,125.118065558388,120.302306510261,133.062040833387,147.360564903329,150.491564907508,166.90345835552,124.185241328264,86.8995835671805,86.8995835671805
6.04262852602223,97.3957312795457,93.9131851128472,97.6948523898305,104.576796483689,79.2440601306043,73.3009563414222,74.2622298908921,95.0085617089375,95.1020046175575,84.0711703624112,87.5357789314486,93.4970071646185,89.502639567205,95.8604050542826,93.3421835922022,98.5545757911922,95.7057145828473,96.3359981318436,105.858413335311,101.77477462898,103.951980182689,113.368204125059,108.579795149327,109.848171020874,105.689965452204,112.84443012912,117.020492963943,122.852438634382,117.912363967745,121.12933558148,129.313105110905,131.603939381718,126.665300484103,137.976569967279,150.304203577451,153.067992040889,168.70541290898,125.539910237422,87.8386663260241,87.8386663260241
6.04262852602223,97.3957312795457,93.9131851128472,98.3148699657842,105.975573060296,80.2922450470739,74.2689158656077,75.3321682412369,95.722715881098,95.2368905760529,84.1823970084574,87.5177571816256,93.5524171370047,89.6853352482517,95.8900083382699,93.3078846211519,98.8078404126049,96.0627325878604,96.5882231477744,104.848624377555,100.569248269065,102.54689980509,111.399260636766,106.64156066026,107.728788197574,103.464082521598,110.158963298212,114.091535745407,117.459296849648,110.840853172351,112.807478388212,119.133333486647,122.014387721584,117.575045920117,129.884389169412,143.871886719228,146.776553824945,162.056031806592,120.805351639963,84.7016150736519,84.7016150736519
6.04262852602223,97.3957312795457,93.9131851128472,97.5177045109992,104.178020633535,78.9454855456944,73.0263873329545,73.9543361399273,93.6918226479371,93.4193490284466,82.5917224754695,86.0739198881772,92.9317596699539,89.9948224658268,96.8284951717,94.4235513379758,99.9788933918109,97.2182972654426,97.922945332293,107.407636646867,103.014230714875,104.901296092335,113.440469561516,108.469565603035,109.585536301563,105.401001061617,112.402740847513,116.526753066436,120.127916565052,113.392485853618,115.83331886924,124.177924573773,129.182755088102,124.113452826659,137.690979195534,153.019805319588,154.214680925358,166.470495656436,123.857621696261,86.6565485705406,86.6565485705406
6.04262852602223,97.3957312795457,93.9131851128472,97.9605742080907,105.175879825008,79.6928754500464,73.7149030690777,74.7440797984266,95.2528414980072,94.9827154995442,83.9597124435082,87.5228291616447,94.1537349554775,90.7003296886281,96.9894062524557,94.378125955705,100.044549017914,97.2888638891735,97.7862388681251,106.326205603691,102.023785394045,103.938217375086,112.866355250501,108.098024020402,109.094121732263,104.600205696786,111.024059104956,114.35849803789,118.444542277933,112.39480891568,116.003660334357,125.951048588494,130.806367341095,125.91974284422,134.860860909932,144.167018234332,146.194043271393,159.692320133709,118.885206043672,83.2322483254962,83.2322483254962
6.04262852602223,97.3957312795457,93.9131851128472,98.2262960263685,105.776184590757,80.1429571900992,74.1316301204227,75.2297097932456,96.91864245057,96.9866954488979,85.7332253019057,89.4123955081621,95.6310036482742,91.5290507477971,98.2309431628541,95.6818522978772,101.420189109838,98.6177209126128,99.1773293412974,107.96642820601,103.358396531785,105.236652364026,113.928172971739,108.915253920085,109.924179211011,105.478120510671,112.136029799074,116.058966817749,120.771603884608,114.94549315984,116.403717607166,121.299048281267,122.390899699474,117.6241904059,131.05899248595,146.336195522472,147.904360837344,160.581630568075,119.502783623121,83.6352892424269,83.6352892424269
6.04262852602223,97.3957312795457,93.9131851128472,98.5805917840642,106.576031753053,80.7424863846668,74.6859933040578,75.8268563048931,98.8526887585562,99.3976532729523,87.8635107729002,91.3729483653812,97.640346860484,93.5676608259795,100.707560386844,98.1662774126322,103.737973383735,100.733371413741,101.2283179123,109.6877011846,105.045597760589,107.2641600155,117.498567542372,112.583041542923,113.597723335293,109.02887909364,115.987105477134,119.879088024143,124.93043100407,119.054681545783,121.475576600552,126.844543568918,125.059849186553,120.124272931729,132.10793281394,145.300695890186,147.316693178522,161.178824628776,119.808248693423,83.7464477947575,83.7464477947575
6.04262852602223,97.3957312795457,93.9131851128472,97.4291305715835,103.978632981027,78.7961985358494,72.8891034499658,73.8089717953723,94.3552574509447,94.5221409546349,83.5706068891702,87.1174908514877,93.2945988990654,89.5712430757732,96.3880338279089,94.0242649318283,100.935320131981,98.7757817689194,99.5405419835461,109.086277989707,104.963887395732,107.586451979032,117.750962966638,112.512700744513,113.82068754806,109.370298693224,115.781769701072,119.746569205572,124.578453000786,118.514800698019,121.643874976225,130.588919819253,134.333507349082,129.05470667503,142.290520281397,157.159583192151,160.251784536904,185.895071177132,131.123188394664,91.7862316707229,91.7862316707229
6.04262852602223,97.3957312795457,93.9131851128472,97.3405566321326,103.77679830128,78.6443743524785,72.7462493961441,73.8448314123405,94.9708180211817,94.9004978285294,83.8930478272304,88.697949469406,94.3384856516478,88.7852870173146,94.193309902302,91.4763440671212,97.318426429002,94.7961821057147,95.0396887899792,100.578531608447,96.6423134116796,98.9033064493426,107.836635445057,102.705007028512,104.127816400415,100.494414841832,104.710000793952,106.86078957631,110.107442560647,104.391552100296,106.557819000805,113.527872718798,118.993247572668,115.425286198193,130.609769198953,148.438526050685,151.692165419847,167.582570622393,125.112480179695,87.844647004736,87.844647004736
5.64071513706718,91.3354944157151,88.2291031394207,91.1191562163542,97.2502240692976,73.8081484500445,68.3129885509832,69.1956308828424,89.542989477226,90.2869594863853,79.9485735863648,83.9863430397152,91.2946328952668,88.8872559900898,97.8479424773193,96.0251172893701,102.713586003436,100.299106400923,100.945682326071,109.077368670605,104.457143910996,106.687271244621,116.071449633075,110.702045178675,111.54531646423,106.78622348277,112.491325463229,116.791786772684,120.373317853397,113.277985444346,115.736022172373,123.071949568116,124.430115105756,119.090781205885,132.391245491071,147.390289426837,151.421671752427,170.217727568054,126.506707023387,88.4116897202547,88.4116897202547
5.64071513706718,91.3352809669333,88.2287298304769,92.181250966052,99.6136829871471,75.5696837421879,69.8995675952288,71.0137016830236,91.6498047110468,91.5659565928761,80.9324252626446,85.0389582954688,91.4941745907789,87.5514256861174,94.4236513562331,92.0808351340146,99.6699769341748,97.7965524951676,98.1405267402765,104.875554959045,100.693794048338,102.866566195549,111.164172688663,105.672519776424,107.398331700397,104.066097203214,109.401942721807,112.826984009645,118.270833227854,113.434637390754,116.202933812028,124.279649553628,128.533528115813,123.857807863719,141.782215330655,162.82118235124,164.09644193053,182.216102097503,131.123188307179,91.7862301887116,91.7862301887116
5.64071513706718,91.3352809596328,88.2287298177088,92.0926769995497,99.4156491494301,75.4218004327528,69.7653655379214,70.7952922120876,92.7206456646132,93.5443869576329,82.69422956795,86.3821785830165,93.2561181167308,90.0731361666725,96.6943629061972,94.2004724913903,99.987400602226,97.2807415086019,97.7814274402727,106.23653368716,101.828412249198,103.668334181775,111.28212360827,105.61305596446,106.35553645197,101.737237425775,108.571187249187,111.579157393309,115.242757141142,109.14163189728,111.466620391688,118.253561823652,120.938151836324,116.394571765176,126.505695760254,137.55602273177,139.957308457498,153.899469883971,114.642786337574,80.330078814963,80.330078814963
5.64071513706718,91.3352809596326,88.2287298177083,92.7126945755025,100.814426167379,76.4699858068228,70.7333260680291,71.8309051870692,93.234907400465,93.499279373018,82.6463493634205,85.9817154142684,93.0286610956435,90.2965611409,98.2045669466867,95.9993225404673,102.325337180177,99.7639834734527,100.361618821284,108.93327147561,104.275247127116,106.695036760849,116.524434201948,111.147419646444,112.840882066361,109.434398275182,115.558819937465,118.433275668031,121.901944183454,114.808806696614,116.561251206582,121.19146194222,119.962669530334,115.028407660762,128.945575939557,144.705410531059,145.429098102168,156.383003218448,116.175095238405,81.1614589102068,81.1614589102068
5.64071513706718,91.3352809596326,88.2287298177083,92.0041030601397,99.2167207221285,75.2729895655594,69.629126990981,70.694257522301,91.9413296717151,92.3449655630654,81.640963320532,85.6794014698514,91.8256417047273,87.7259990389794,95.7660856075884,93.744021503952,99.475327839667,96.8165876680333,97.512963253996,107.736397374402,103.675423521494,106.524946849492,118.427322537829,113.669778812027,114.972244208732,110.721254566468,119.574036722975,123.639406587952,128.176170480262,121.731098516574,124.623757289439,131.665769077414,132.238236896674,126.978962358585,140.081947576145,154.496625343118,157.021932544415,172.786419646255,128.352620974563,89.6531961348832,89.6531961348832
5.64071513706718,91.3352809596326,88.2287298177083,92.1812509389667,99.6151918977043,75.5712482519531,69.9030024718841,71.0012083643301,91.5602083368547,91.4921913635435,80.8770996024556,84.8936085479727,91.3800985786763,87.6303208597415,96.5676317280138,94.7399463901206,99.6547489372082,96.6173329695044,97.1918937696806,106.416690862442,102.361766950633,104.119658627235,113.270797161594,109.129248848637,110.712144753308,107.332962268443,115.260507389236,118.371529280104,121.458308801674,114.32787505839,117.066462690706,126.257161004668,132.751139094557,128.12452885495,139.745045708535,152.707729636351,155.828675675675,171.953555582639,128.23311191716,89.9247417986295,89.9247417986295
5.64071513706718,91.3352809596326,88.2287298177083,91.9155291207043,99.0159560832574,75.1222748424095,69.4887086708385,70.5017232093846,90.6496774690448,90.6757877988539,80.1604033761397,83.9644949451908,90.9324668019151,87.9555068370725,94.5129873975256,92.1181846729686,97.7786393306808,95.172137423876,96.1206166103021,108.080474231405,103.518511416971,105.439329004841,114.754870225216,110.312566514432,111.896217014085,108.262270343865,114.821815945135,118.911549676004,123.679316714447,117.718647276198,120.682895239116,128.069062982214,129.011608080712,123.818973591723,137.118865657513,152.104499077695,152.621093236556,163.327450696822,121.530069219019,85.0515974431374,85.0515974431374
5.64071513706718,91.3352809596326,88.2287298177083,92.7126945754981,100.814120312211,76.4696686842256,70.7326298496384,72.0187557080023,95.7453777856048,96.5961118512967,85.3819333041419,89.9413931805575,96.1133532910862,91.1228264000652,99.1792536916407,96.9345949094677,102.966390439591,100.154472856752,100.805056985637,111.335047625538,106.21872662464,108.361638001165,120.245675780621,116.294490230727,117.740474034943,113.934072001591,121.792838032663,125.056256810287,130.584365690888,124.586075710605,127.922561380115,136.51392711727,138.114439122431,132.572030085751,146.358964110447,161.58316467477,161.008243344075,169.982477763547,126.260979425407,88.1846682958701,88.1846682958701
5.64071513706718,91.3352809596326,88.2287298177083,92.5355466966734,100.415802427928,76.1715689362383,70.4591033069049,71.7294426498671,94.8143576936594,95.4304129945384,84.3624857294986,89.0579010400094,96.1774019245964,92.1766563085154,99.6440398063955,97.2728554355893,103.193698043012,100.417370248391,101.037882043279,110.76454943818,106.520049024501,108.708410876996,119.983737282497,116.01442960233,117.032195271008,112.097527721358,118.030057605923,120.834265964111,124.345102981791,117.326881999337,120.428671364175,128.720568149911,131.429047279554,126.562083990379,136.068442278175,146.233820167614,147.600131702376,159.529169135734,118.917993642874,83.3876920095211,83.3876920095211
5.64071513706718,91.3352809596326,88.2287298177083,92.0041030601353,99.2164155021975,75.2726731016001,69.6284322204357,70.7962931535354,92.5389239485101,92.8816833414162,82.1134268853207,86.8176655709329,94.8686574788939,92.001201614676,100.186544667078,98.0091502536921,101.58647369582,97.8759928159595,98.6254812930507,107.713803669606,103.057130984713,105.823235207888,118.410305091373,114.323466209828,115.565921503153,111.110827491067,117.360816481946,122.134484299801,127.368325529452,121.67474895668,125.586132198473,134.972708709515,137.42831967494,132.569224366889,145.577708829801,159.834582845414,161.38486816421,174.790163994105,129.972714950176,90.8554986011057,90.8554986011057
5.64071513706718,91.3352809596326,88.2287298177083,92.624120636078,100.614426622632,76.3200643631788,70.5946493336605,71.726555570085,93.2961286308274,93.5544092064088,82.6950868561211,86.3655285448386,92.9412021852591,89.4210084468032,97.4820715586488,95.3522918441232,97.8670286459496,93.8551339194779,94.5268132759365,104.486729280931,100.394327481847,102.224514424901,109.933155441513,104.914473631078,105.845804065534,101.166558526981,107.286532974772,110.147849217315,115.525681863367,110.843546287097,113.592446179634,120.701499573451,122.958818209498,118.731329118389,131.081735095534,145.392282258762,146.346631916999,156.751152812496,117.143442403469,82.3452030505079,82.3452030505079
5.64071513706718,91.3352809596326,88.2287298177083,91.3840854841816,97.8176388349052,74.2244880911046,68.6604724895585,69.5547208039158,91.1079178895742,92.2688208087937,81.5796652312208,85.2962135140199,92.1145307663284,89.035670493607,97.1872921184324,95.1460896541755,100.406890133363,97.490062403415,98.1841460179852,107.187485991486,102.677290230974,105.308550977716,115.433580585103,109.839426007693,111.44045233571,108.110195265422,116.10963229332,119.832083462227,124.714066916351,118.553372929576,121.058466395237,129.4637460587,133.789714862209,128.284368510842,142.349526895534,158.035927246255,156.525451299546,163.141569891681,121.148774624458,84.5860057965915,84.5860057965915
6.42066587206906,104.135924839412,100.658949312479,104.375178587765,111.499471029968,84.5253661623826,78.1005121549478,78.735344176677,97.9488119607729,97.5222768760447,85.9245278102872,87.3153517654865,91.9551074225207,87.4698797081062,91.3558651328516,88.2532257904815,91.4345713262511,88.1133682527087,88.6137871012387,98.9154480802294,95.8565108555342,99.5926557579317,114.802834807637,111.243649751341,112.567412994202,107.87340698164,114.256229176728,120.178303925419,125.228568058472,119.692145148891,123.744295121915,133.483342639089,136.863747807051,131.614329719271,143.401992080828,155.941427452534,154.400533125745,160.836217689076,119.478382457387,83.4836389908601,83.4836389908601
6.42066587206906,104.136374633901,100.659735975697,104.46542258901,111.77261093672,84.7503647724543,78.3938249169272,79.2861571566244,100.83053890137,101.013006488517,89.2941748632221,92.4185299318492,98.3841596012998,94.271071858735,102.645008179182,100.356500437585,106.252450987011,103.218376993073,103.822691524695,115.262069386649,110.53493884095,113.46677866796,125.222806820107,118.751372528473,119.54664524762,114.638128107744,119.627295153442,122.9532800633,125.643238306822,117.100862290601,118.601860746146,124.981991205682,126.618732321689,121.098659321111,133.465102876306,147.741922786972,147.511558104388,155.897737937732,116.287270456364,81.607472562279,81.607472562279
6.42066587206906,104.136374649285,100.659736002603,105.174014161511,113.371586150134,85.9486775330885,79.5009140787603,80.5640410325527,102.93241060707,102.900984499941,90.9564486465503,94.2895751673355,100.505396406943,96.2699599313557,104.734634769309,102.378762908751,106.826822817957,103.166843329644,103.778609983985,113.414445390691,108.576264951684,110.899506988463,122.570024519346,118.257134001065,119.444194036975,114.687366467722,120.200486938709,123.72263762018,129.412123528116,123.886834344027,126.409119078527,132.805188209237,133.574520235735,128.775406468332,142.597983448062,157.995067324234,154.277804777754,155.349095890791,115.481895701924,80.691229636653,80.691229636653
6.42066587206906,104.136374649286,100.659736002604,104.908292343264,112.773268747717,85.5006563690494,79.0887108622998,79.9815813499686,100.680555711001,100.378388648488,88.7375028084774,91.3130222551813,96.9415838319613,93.0890575478442,100.615120891734,98.2299354740356,102.896101497803,99.6132447602095,100.240724689082,108.877797257258,104.68019267503,107.11864040966,118.9665935703,115.309713593809,117.052364827512,113.261265935675,120.746932973201,124.727942755542,129.729887764798,123.582448411658,127.056898579206,135.917293296113,138.716291433212,133.628800403171,147.577724736198,163.162254928701,160.746861780953,165.104780533498,122.845997324763,85.9399886362222,85.9399886362222
6.42066587206906,104.136374649286,100.659736002604,105.085440222102,113.172504653513,85.7997079576386,79.3643270995571,80.3080622724964,101.817769705885,101.733966216708,89.9308210393677,92.6069914815044,96.7453097050304,91.1727309614667,98.6823401692532,96.3474310002513,101.187411600537,98.0151926839892,98.6204656770932,108.034773067473,103.686681189722,106.264211420926,117.453813110643,112.75057988309,115.058591720407,112.504294126545,118.778069388583,123.031657955766,127.696332217922,121.353084757898,124.221864880645,131.853322778322,133.909892363036,128.798678799998,141.619135901375,155.988224621368,153.734824085911,157.983067401824,117.671381449935,82.433115261495,82.433115261495
6.42066587206906,104.136374649286,100.659736002604,104.731144464417,112.373422312107,85.2009717592763,78.8117048789323,79.6703743210962,100.204357532237,99.9502900154285,88.3600671416419,90.9377696438455,95.9249029171475,91.4653071743887,99.1375819989051,96.854971597714,102.831515223591,100.109223701546,100.905667846674,112.498476909101,108.273733103997,111.241103326372,122.813505429337,117.157201969768,119.102853793853,115.819845544173,122.385065249991,125.993911916086,129.039065089567,121.007658484988,124.019743485069,132.047587832534,133.337271511956,127.805794050876,136.577945170973,145.675348449307,144.326362899154,150.329236696282,111.885067382744,78.3362471951945,78.3362471951945
6.42066587206906,104.136374649286,100.659736002604,104.908292343253,112.772504744738,85.4998642208867,79.0869717634925,80.2023407294582,102.257265490127,101.962190490516,90.1325687785967,94.1490038611869,101.463523004334,97.7964430859926,105.112620405603,102.422971594728,107.434132219476,103.971451250726,104.633780318768,114.356213235396,109.058392323837,110.993394494496,120.322975746453,114.885656100627,115.801123600552,111.019112858654,115.447190489058,118.573614656633,121.717770990626,114.672988262528,117.605895738311,125.240895919655,127.347321708811,122.995862798978,136.543425357808,152.119559161751,152.570467704802,162.396995027573,121.15830792443,85.0039287987992,85.0039287987992
6.42066587206906,104.136374649286,100.659736002604,105.085440222102,113.172504199655,85.799707487061,79.3643260651135,80.5483480708249,104.347551354368,104.682062460067,92.5369322072905,96.7767428606058,102.979530269695,97.8003964616265,108.3675891229,106.449803500234,112.034797305387,108.59879044801,109.128391231114,118.936890566177,114.211030804837,115.747475085138,123.952826447099,118.622173026669,120.024891866018,115.869443390437,123.831397032099,127.592342028691,133.227857595818,126.940074879803,130.505285261612,138.702321446879,137.921974334958,132.263156073738,145.8445291425,160.893883310169,160.112606816745,168.516238221425,125.176672220581,87.4095763817405,87.4095763817405
6.42066587206906,104.136374649286,100.659736002604,105.528309919218,114.172045143078,86.5488410975963,80.0566699733856,81.3776232028628,106.120003309485,106.443524856631,94.0910603052817,98.6593729775916,105.486862581963,100.480608086029,109.77192986009,107.42868836204,112.458308924378,108.760791663367,109.380290437204,119.862638542939,115.017534266051,117.328866418902,140.188983703708,122.066666666666,123.595346484553,119.314736580459,127.573529411534,131.733333052183,137.218165056507,130.758397464625,134.450706057098,143.44396209549,144.801480904334,139.148472315456,152.677092828939,167.48032834812,165.439534209016,171.267473643027,127.28402096183,88.9536769681752,88.9536769681752
6.42066587206906,104.136374649286,100.659736002604,104.908292343273,112.773881095387,85.5012912750582,79.0901047517112,80.1894369256246,103.579902387016,103.997129924737,91.9404801283957,95.8650739018239,102.840570816821,98.8472727108013,107.366438541584,104.964069524178,112.797270319761,110.392484020304,111.276193841779,122.18009512301,117.086113424331,136.199111602973,146.906509666189,122.066666666667,123.595346484573,119.226888667992,126.132352941176,129.45333333385,134.832710511376,128.481299965284,131.197466175277,140.334341191623,145.980779105871,140.451946878058,154.493517162012,170.204489828046,171.319814582857,353.510221420927,131.123188405797,91.7862318840579,91.7862318840579
6.42066587206906,104.136374649286,100.659736002604,104.99686628268,112.972658036031,85.6499450749618,79.2259984736552,80.3243295417188,102.579676167742,102.420743653083,90.5389428548043,94.3342779770524,100.738999167051,96.3491828948248,104.242799174073,101.783132928826,106.485099943589,103.012694352973,103.873856685208,115.164961041545,110.510204388694,139.797128006083,149.900824298155,122.066666666667,123.395953464846,118.626739562624,124.981617647059,128.123333334383,132.342452800868,125.233719258577,129.307867076865,139.19452861176,141.409320687359,136.055126827908,150.439681809461,166.679361693312,166.609794807268,406.026211696437,131.123188405797,91.7862318840579,91.7862318840579
6.42066587206906,104.136374649286,100.659736002604,105.085440222104,113.172657309469,85.7998662373033,79.3646745896529,80.4286783175917,101.387939249613,100.677508683631,88.9979187509509,92.4581750605426,99.0580910550494,95.2997063802009,102.423119426803,99.8287856953552,105.07694589554,101.919494829683,102.54115925841,111.525281757437,107.118239730373,109.929967624395,121.325459204222,116.150565275293,117.596357662915,113.212945500979,118.938156206823,123.227029219323,128.729228139577,123.894043866464,127.957054920906,136.852821179346,139.146769975277,133.936326022166,148.480709115155,164.898616860575,164.730835476843,383.318977385931,131.123188405797,91.7862318840579,91.7862318840579
6.27243543901385,101.847357519703,98.4908084463053,102.614749465247,109.521543843571,82.8859869500823,76.6858162337409,77.7254839076297,99.4076413938807,99.4416098482652,87.962395972628,91.6385357592785,98.5329953299888,95.1654985779713,104.509752185282,102.470449513502,108.673163030428,105.718779665412,106.52618944032,117.72171621382,112.913831478409,115.40968110727,126.681506374131,121.43299791792,122.483983287236,117.514042896916,125.139668969621,128.037178562134,132.453833708988,125.220495679227,128.235546629544,135.627097445259,135.081151155769,129.46777747123,143.541819000611,159.469715527733,161.093121874566,400.280890975431,131.123188405797,91.7862318840579,91.7862318840579
6.27243543901385,101.847276952716,98.4906675395418,103.234467900484,110.906607552841,83.9200895341829,77.6246833900294,79.0998637531715,103.173043670426,102.950880076779,91.0016124576527,96.6825298109158,104.571627001258,99.8179254370923,111.494417165145,109.727858171874,114.755082718101,110.897157402395,111.140026473982,115.864615736586,110.097468460095,112.684884476029,124.681041726206,119.475282061603,120.866995789339,117.044186214235,126.830961467739,129.628048850334,136.03289119842,130.555140577874,134.425443352431,143.79058237078,145.889615962436,141.007001860327,156.128351279759,172.95631659255,317.889678584685,551.428477539677,131.123188405797,91.7862318840579,91.7862318840579
6.27243543901385,101.84727694996,98.4906675347224,102.703024253734,109.708587404983,83.0226108329285,76.7971235494208,77.9993105591717,101.885906375804,102.471036668332,90.5904072194984,95.1829191427179,103.605643731696,100.533953330628,109.462479763023,107.069342999057,113.447705189103,110.3379465161,115.595591008779,123.625610688604,120.060864088951,163.712070219362,146.35801039841,122.066666666612,123.994132522481,120.402087470487,128.033088217069,131.543326103698,136.078559120907,128.911894018486,131.985362036863,140.39802757345,142.749640597763,137.018552242501,152.496216633395,169.995106963835,384.059958810167,555.55944008019,131.123188405797,91.7862318840579,91.7862318840579
6.27243543901385,101.84727694996,98.4906675347222,101.994432738343,108.108894618603,81.823554038672,75.6884006880826,76.719205445599,98.9312272579025,99.3092668260213,87.7974189162963,92.1709950053233,99.2264848220109,95.233376558311,104.713257790308,102.707540990287,108.41371136925,105.31199735668,106.189369668684,116.579360309672,111.780081440281,139.242127737881,148.850238070164,122.066666666667,123.528882144664,119.07703777336,126.6875,131.163333335242,136.331754757825,129.686474079277,133.383362675145,143.086065674438,146.175713865992,140.630899517147,151.583901953857,163.243486918117,317.694956092559,555.583912133253,131.123188405797,91.7862318840579,91.7862318840579
6.27243543901385,101.84727694996,98.4906675347222,101.640136980636,107.3082827261,81.2232319419224,75.1322967481234,76.0596204239609,98.6205158119651,99.5292580776301,87.98787751643,92.1292336818717,98.5366705684081,94.0644576771201,104.6379627995,102.916488047864,108.825548822942,105.739214643177,106.279464655876,113.668901105316,108.654157785605,111.142116946701,121.535412562899,116.118990531649,118.065623359677,114.674687515295,119.945198668963,124.978693895011,130.555814582288,125.737715924956,128.642919639233,134.877942967739,135.73995871501,130.896774185012,142.263988243486,154.567861558484,290.247924655947,555.584057107063,131.123188405797,91.7862318840579,91.7862318840579
6.27243543901385,101.84727694996,98.4906675347222,102.437302435428,109.10629311884,82.5704662803367,76.375867746757,77.5075233338746,100.48908546005,100.867675513938,89.158005624175,93.6058619966365,100.425945168062,95.8911886266169,102.496021240501,99.7179163633028,104.317553130557,100.866002766548,101.593449960318,112.286654256971,107.559410771412,110.181462827146,121.707599186763,116.828207782972,117.847635872774,112.804218518751,120.023841499145,123.693090522072,128.415758102066,122.301620104568,125.380852480038,132.40280069249,132.742825183316,127.56393986439,141.754528728402,157.743691806947,157.670177247126,511.831937839809,131.123188405797,91.7862318840579,91.7862318840579
6.27243543901385,101.84727694996,98.4906675347222,102.437302435447,109.107669105668,82.5718929572849,76.3789999057475,77.4946184021205,99.5506916606776,99.5264043441303,87.9813385100644,92.3372960647182,97.7139156291462,91.9846372920693,98.9670190635924,96.4895768643875,103.381381504003,101.042168439362,101.922691514526,113.549526052158,109.042413289558,111.744605016578,121.637337150935,115.634302017878,117.220487305057,113.102172239505,119.892791114781,123.960979323319,128.808975038793,122.286786360414,125.014009254628,133.083062343542,135.869994752753,130.404347001178,145.314592161246,162.45789009377,180.517356988328,552.564329073162,131.123188405797,91.7862318840579,91.7862318840579
6.27243543901385,101.84727694996,98.4906675347222,102.968746071981,110.306751810571,83.4704733638724,77.2089784988493,78.7186037170607,104.936294641577,105.71198385333,93.4433665166814,99.6847537169171,107.005612000084,100.96884374776,110.751819293961,108.471764611612,114.197170439694,110.633505416054,111.231218108352,121.137358843056,115.150623847629,117.380833918192,127.546435005987,121.130811228042,122.049957338163,117.42813248852,124.737432237602,127.176269621773,132.363760527975,125.914992797359,129.392889644464,138.32464229509,139.800486208121,134.467305877648,148.830041431151,164.937786574004,165.526980899555,549.043875236382,131.123188405797,91.7862318840579,91.7862318840579
6.27243543901385,101.84727694996,98.4906675347222,103.057320011417,110.507516359404,83.621187993668,77.3493966137763,78.7051772890842,102.767545226314,102.924964300108,90.9846694730602,96.1203100821922,102.940633023815,97.6814083017766,108.231734186034,106.349343091448,112.753767409496,109.728237863743,110.420910156039,119.812221561682,126.162666286573,175.555762181987,148.282335208983,122.066666666667,124.392918563479,121.514537773358,128.970588235285,132.493333307618,138.294618929577,132.012361443128,134.953055070101,142.09064910243,142.109019020917,136.624239464508,149.185257822229,162.800791208612,218.664261556539,555.545313562816,131.123188405797,91.7862318840579,91.7862318840579
6.27243543901385,101.84727694996,98.4906675347222,101.108693344129,106.11103624486,80.3265554038296,74.3064979557795,75.1159318595743,96.8250748528412,97.7576104941022,86.4397849943122,90.5090598339793,96.5105515920692,91.9602937381243,102.045566300272,100.371762989916,108.38653373036,106.340407219913,107.425324023863,135.917202369607,175.591583639918,174.701882294942,154.080395914476,122.066666666667,123.927668184117,120.063991053678,125.852941176471,130.973333335712,136.880100763371,130.799858105217,134.270611089789,142.722132681966,143.787349874279,138.347673738745,153.078668087876,169.722257817477,167.436829546839,501.166399711319,131.123188405797,91.7862318840579,91.7862318840579
6.27243543901385,101.84727694996,98.4906675347222,101.728710920036,107.506600792077,81.3714099626283,75.2671459329846,76.3990533633371,99.3817737240171,99.8719848870296,88.2798277436897,93.625602758015,99.8693582054038,94.0035650707088,104.789534274772,103.083722934529,109.831404473545,107.023391947519,107.587716886695,136.794510341478,186.195930566291,178.72492252199,149.065185868197,122.066666666667,125.389883662114,124.276838966203,131.161764705882,135.533333326781,140.3853190859,133.153689494192,136.773907180171,145.735628675979,147.265676204518,141.609578231747,152.486851886018,163.880470403814,200.701396156399,555.137119933344,131.123188405797,91.7862318840579,91.7862318840579
6.27243543901385,101.84727694996,98.4906675347222,101.020119404674,105.908893438451,80.1744117426856,74.1629425063202,75.176582923132,97.8710721792714,98.6896784364887,87.2496903505997,92.7401177455797,100.126419875573,95.4623877826716,105.35371077227,103.420921348102,106.822580471519,102.739234619441,103.629669898843,142.554338798876,194.308700930845,184.981890953337,150.996228799688,122.066666666667,124.991097622661,123.013792246521,127.794117647059,130.973333335836,135.719843063941,128.776073314278,131.417184838498,138.674492428101,140.305769155244,135.018357938801,145.669112332108,157.152254974973,158.547399859133,547.638720438284,131.123188405797,91.7862318840579,91.7862318840579
7.00761859356282,113.876481222442,110.158020642854,114.209980347536,120.979289339343,91.508951236745,84.5632510454173,85.7490430415902,109.030914075204,108.344913095093,95.4978457347807,100.245660135252,106.155939270564,99.0120499606922,109.9391113704,107.936232981158,113.227586435753,156.033471701922,179.390009482022,153.470555227716,191.28347170619,183.952480410758,156.226573638718,122.066666666667,130.686998049649,125.264786282306,133.801470588235,138.699999996956,143.97389817509,136.802999257865,140.196863487326,148.34595996805,148.753318786822,143.025898584004,152.858307128923,162.79592863645,162.392003404392,355.050055874466,131.123188405797,91.7862318840579,91.7862318840579
7.00761859356282,113.876903944108,110.158759957352,115.451585041413,123.847713302016,93.6780906759704,86.6493534388906,88.0549600366027,115.749565417448,116.615873319042,103.074086759896,107.845228905806,118.491680547413,127.571472800626,144.916284680285,167.366374517635,176.348564942887,200.720680409263,178.631672836163,150.659088166174,182.454909253176,177.028981241401,154.301518850384,122.066666666667,124.658775923116,122.189239562624,128.647058823531,132.493333364151,142.303113849776,139.034125814041,142.532647091485,150.851019464239,151.466676551344,146.029908072404,156.005639086374,166.258174679674,166.517455505796,335.666364545532,131.123188405797,91.7862318840579,91.7862318840579
7.00761859356282,113.876903958566,110.158759982638,114.300123882637,121.251888177154,91.7334344217143,84.8560454094352,86.1277621090044,113.175811165486,114.317422298292,101.069623400032,106.459340361771,216.507351294702,190.355980764055,191.796106822757,183.279586818133,178.943888316856,190.664838353675,167.488511013751,139.472447803585,173.206739610885,170.878262486199,154.247936147606,122.066666666667,124.127061203844,120.726888667992,127.555147058824,130.403333335591,137.36488053713,132.115535225009,134.907387867006,143.379176905212,147.080824208276,141.528141943029,153.0255265835,165.475942803234,182.885582269827,543.328814646799,131.123188405797,91.7862318840579,91.7862318840579
7.00761859356282,113.876903958567,110.158759982639,114.034402064344,120.650360469832,91.2820846880178,84.4365345764814,85.7241641824818,111.436103849209,111.906234222616,98.928129547882,192.315788224368,397.510048848722,207.782738532695,185.129686486369,175.077009417015,173.281107328172,194.011983547197,175.772515831071,150.625131697648,190.638688383493,182.475391560329,151.140487430392,122.066666666667,122.930703085483,117.351888667992,124.540441176471,129.643333338131,138.608962612237,134.912350101617,139.967486189937,151.649336986905,153.814973003043,147.991262271322,158.784489762734,170.108958400825,421.660071842816,555.51145722434,131.123188405797,91.7862318840579,91.7862318840579
7.00761859356282,113.876903958567,110.158759982639,113.76868024607,120.050359562294,90.8323180000397,84.0204991920173,85.170821078434,110.785737368093,111.655649394976,141.298909045567,337.755691862246,398.762570592522,201.821483121094,182.821159777869,188.772918174236,187.10764221098,201.74059772481,180.188023627817,152.474296997553,183.989861431077,177.818197449003,152.089312619976,122.066666666667,124.193525543753,120.851640159046,127.216911764706,132.683333328147,137.746275382905,130.900088533906,133.992624784862,141.99532248516,143.472385208039,137.993758476757,150.619372064618,197.241323673451,669.278456016696,555.583627880132,131.123188405797,91.7862318840579,91.7862318840579
7.00761859356282,113.876903958567,110.158759982639,113.945828124908,120.449594467999,91.1313685516959,84.2961131498449,85.2398483232722,109.010584225273,109.551093246966,280.660430030185,345.547363051356,403.592550489903,198.723362758074,174.596135805007,173.937341293234,168.304847984153,184.649303919098,161.781127162834,136.983433553866,169.102780437272,166.127906627797,146.939127119011,122.066666666667,123.329489124937,118.451789264414,125.136029411765,129.263333337066,136.013924863978,130.698806001788,134.018827584184,142.133696010186,143.019943464166,137.617264524862,185.871294036761,256.122993162225,653.211926158914,555.584055423132,131.123188405797,91.7862318840579,91.7862318840579
7.00761859356282,113.876903958567,110.158759982639,114.565845700868,121.848828919738,92.1800282110059,85.2651149329488,86.4313473160138,109.862257395873,211.872929159347,327.09605057403,340.446735636932,381.263375337173,188.304636617258,165.346308459513,161.815288201876,156.697301503506,170.758634226481,149.183132380135,125.922286219222,157.010550207106,156.906820485891,141.61917944865,122.066666666667,123.196560445119,118.13953777336,125.647058823529,129.453333333669,137.469659905684,133.081021998925,137.079418289312,147.543279708751,151.074050145897,181.927322583583,329.146886300656,278.01363405396,668.955114602272,555.584057955921,131.123188405797,91.7862318840579,91.7862318840579
7.00761859356282,113.876903958567,110.158759982639,114.122976003772,120.850664689974,91.4323220310261,84.5759048402788,85.5376793901139,156.114185253715,250.141690446641,303.910554008748,310.159835475759,338.311369020517,167.914958010223,145.659381184759,150.072303453391,145.540450657066,159.991883122603,141.823050515114,123.051634904628,158.436930688286,162.537190709355,147.68301656591,122.066666666667,123.927668184117,120.013792246521,124.974264705882,129.263333330971,136.11940167288,130.882133172978,134.352342301023,142.100748820308,141.541549527772,197.765262459025,292.548933502886,238.406572267716,625.432774104211,555.584057970925,131.123188405797,91.7862318840579,91.7862318840579
7.00761859356282,113.876903958567,110.158759982639,114.742993579717,122.248829555506,92.479872701533,85.5424719259939,86.708704831017,220.783244205758,229.236942033539,287.04432994676,297.855924018725,321.77490791572,159.330842640079,145.889058252905,147.903641120392,146.500802682644,167.675980664723,151.850147359567,133.60853887775,171.716821974351,170.441286540879,153.02839516078,122.066666666667,124.060596863935,120.451540755467,126.261029411765,130.403333332504,135.993666119892,129.722932664439,133.570352045907,142.380450317489,142.831296033698,156.068788737482,297.893603175045,256.316629547651,650.875440997459,555.584057971014,131.123188405797,91.7862318840579,91.7862318840579
7.00761859356282,113.876903958567,110.158759982639,114.388697822044,121.450511671601,91.8819291226,84.9915898401347,86.0905461146272,210.670511737968,220.227919017708,283.255787799557,297.864533006023,326.035683115917,155.29619765953,144.974161705394,155.826439594113,153.873342581682,172.225493784894,155.69831423378,137.945807086631,182.090199147129,179.915988095859,163.530371369524,122.066666666667,123.861203844208,120.127485089463,129.466911764706,134.963333332921,140.448188107242,133.73385731112,136.298470226847,143.429536014914,144.853524762985,151.930744795551,312.860611698765,271.957382503835,662.984210414299,555.584057971014,131.123188405797,91.7862318840579,91.7862318840579
7.00761859356282,113.876903958567,110.158759982639,114.122976003768,120.850359652115,91.4320057558461,84.5752104847162,85.7426958166888,181.219098239154,221.5831713559,285.286648479707,299.635876980095,322.096124555943,163.987499696453,154.935693794579,158.271268051874,155.570747588726,174.221357643322,152.48491874834,130.011744328616,163.878160767537,161.649516624197,146.222262781731,122.066666666667,123.595346484573,119.164140159046,125.297794117647,129.263333335654,135.908446713971,130.514903776898,134.514008855034,143.311154657948,143.13657487273,168.679380458901,286.522500606442,225.587081103881,613.480531862201,555.584057971014,131.123188405797,91.7862318840579,91.7862318840579
7.00761859356282,113.876903958567,110.158759982639,113.502958427806,119.450971636812,90.3831868758273,83.6058591428737,84.430577965073,110.318705371355,216.914379044782,280.286738604133,296.042314665047,334.569435757201,166.952226806784,152.098931510935,152.261492255933,148.17132210962,165.022334728872,146.113433715888,126.050014290444,161.03114925162,162.958800188995,152.987735987688,122.066666666667,123.861203844208,120.077286282306,128.511029411765,132.683333331432,138.062709886546,131.452240149861,134.469490020811,141.294499925408,140.34633976387,134.986768093717,301.000639065348,271.674205515663,668.635726930782,555.584057971014,131.123188405797,91.7862318840579,91.7862318840579
5.68846722288361,92.7103022232869,89.7857771061335,93.2342801463572,99.3106306519436,75.2061395628841,69.70434551141,70.7665142259982,92.7789026885047,95.3675694427535,267.929614399723,292.934094530388,316.734769473708,155.237387108581,138.994977433053,146.333225865962,142.162099147608,156.810551890986,139.777727048266,123.658541260879,166.375389204581,166.959347795858,155.24668691071,122.066666666667,122.398988366211,115.851888667992,122.808823529412,126.413333340135,132.109145736419,126.237411419432,130.463369553384,140.073931413931,141.053934059836,219.571299639556,348.667587986752,257.349756047002,645.270613457249,555.584057971014,131.123188405797,91.7862318840579,91.7862318840579
5.68846722288361,92.7095580097794,89.7844755219497,93.4972387414924,99.7909671752856,75.533087069893,69.8676000640068,70.7426178850855,91.9208952947693,92.8217892490281,82.0557191606957,197.796867159391,307.740101971007,148.561420881268,136.451436561451,140.025394201478,138.331672988346,161.037377319771,143.484302229149,126.489234548964,161.301392569473,160.659167338396,145.991691576716,122.066666666667,123.395953464846,118.626739562624,125.290441176471,130.403333329006,137.259401170109,131.930320542064,134.11737331202,140.88844142714,143.011460214429,259.742345148764,325.750063936301,257.865865805638,649.050870262322,555.584057971014,131.123188405797,91.7862318840579,91.7862318840579
5.68846722288361,92.7095579843254,89.7844754774321,93.3200907681447,99.391656391491,75.2339578877404,69.5918138663694,70.5703763731609,91.6826988309832,92.2753992470361,81.573455369419,85.3756249714681,101.161789689933,149.605437061397,142.794001253106,150.142304100176,147.856419149115,164.49917238992,144.939926436813,123.819659434892,154.824080533239,154.781957752852,137.451531801563,122.066666666667,123.13009610521,117.926938369781,125.110294117647,129.073333334417,134.030798657776,127.395721724108,130.564564289387,139.834351397526,144.069443253681,296.101248743212,303.635094135362,244.562261350227,635.192973754293,555.584057971014,131.123188405797,91.7862318840579,91.7862318840579
5.68846722288361,92.7095579843245,89.7844754774306,94.5601259200489,102.189208500741,77.3303266382582,71.5277305353367,72.8647201836997,95.7063016002125,95.8873106971548,84.7503463162286,89.2988682691628,95.272945356108,90.1202589222259,110.85831369916,142.828422285552,138.701128768012,154.98133021877,138.128717828017,122.860303649577,159.430610236687,165.080215884197,147.567012685651,122.066666666667,123.661810824482,119.364189860835,125.801470588235,130.593333331213,135.867231941542,129.345552902736,133.268228062028,142.729275206858,166.518031690682,355.898574023477,357.918966724465,267.527183212865,660.874103474563,555.584057971014,131.123188405797,91.7862318840579,91.7862318840579
5.68846722288361,92.7095579843245,89.7844754774306,92.7886471316343,98.1944096841007,74.3372811151673,68.7660145586018,69.6610138513269,90.3697805375476,91.1057742818844,80.5575480166405,84.5107098771762,90.1421833818723,85.7858388891447,97.6781919140339,96.7032131285886,102.919976029097,100.380181574795,101.021048113501,110.792076076125,136.399636990116,163.257131978316,158.201761724931,122.066666666667,123.661810824482,119.464587475149,127.095588235294,130.593333333074,135.023408455468,127.87383774186,131.04238533,139.346107672944,238.048096854183,368.132929034199,351.315475040037,271.921043912201,661.080545732887,555.584057971014,131.123188405797,91.7862318840579,91.7862318840579
5.68846722288361,92.7095579843245,89.7844754774306,93.2315168287016,99.190587305101,75.0829275014997,69.4507025362054,70.5656969452266,91.2057570293274,91.1709201694816,80.5900940526589,85.381843783877,92.017960236241,87.6938194880495,97.4773717212252,95.8337618440689,101.335264781233,98.4503209143115,98.8825201690088,106.295357252601,101.925215619576,103.932938683858,113.441717322141,108.918935677284,110.793282551083,107.800618204169,114.614395723863,120.196626343542,126.539727382727,123.38393087095,127.999806835167,135.815778031828,287.655059169663,391.759561943871,379.616504210087,282.119494121294,671.002408658219,555.584057971014,131.123188405797,91.7862318840579,91.7862318840579
5.68846722288361,92.7095579843245,89.7844754774306,92.7886471316013,98.1921152219174,74.3349021270559,68.7607916706799,69.7912198580001,89.4578531329162,89.2689336163428,78.9187483860966,83.7324609946147,90.2124869608615,85.9202829068496,97.7846323819406,96.7472815774276,103.702202623826,101.372915021863,101.958364547935,111.083805484625,106.923116841128,108.112896928224,114.68125206191,109.832900160672,110.552625232358,105.485460886503,112.671714877035,116.647181705767,120.281562410054,113.338138454825,114.98857704538,120.216326823417,217.493442311616,351.015899643499,312.323385058207,240.921035352883,627.433272317189,555.584057971014,131.123188405797,91.7862318840579,91.7862318840579
5.68846722288361,92.7095579843245,89.7844754774306,93.674386525813,100.189820848315,75.8317423874777,70.1423467045906,71.239550371977,90.9460547111232,90.430972294246,79.9309602467997,84.0415652517439,90.5939753481871,86.8383416260742,94.8286572850583,92.7874236947701,99.3135296540108,96.9882353744208,97.5428357174959,106.74052374883,102.540891195046,103.406589780206,109.6350879258,105.583413816192,106.661431040967,102.44181720577,111.101342639117,115.837664565752,121.31712009746,116.413627327601,118.016388371321,122.949635805849,124.831506399181,230.352257628916,287.541835984041,231.305929870163,625.098993504627,555.584057971014,131.123188405797,91.7862318840579,91.7862318840579
5.68846722288361,92.7095579843245,89.7844754774306,93.0543689498791,98.7924208041038,74.7849847136227,69.1775205828676,70.1052186658157,89.5589233343181,89.5288711740729,79.1505328194574,82.9633971444579,89.6664412802906,86.526182899481,95.0109503624269,93.1456768073292,99.6758162707513,97.3563748957413,97.9249486438913,106.522181412505,102.337452036873,103.478379093353,110.801376238532,106.797772265922,107.835604176129,103.465886622436,109.246198223829,113.103605519876,116.30343443516,109.625686439432,112.166821137157,119.113340808965,121.071701869764,116.523698059056,130.608191180952,219.075020985537,627.064269676251,555.584057971014,131.123188405797,91.7862318840579,91.7862318840579
5.68846722288361,92.7095579843245,89.7844754774306,93.0543689498637,98.791351217357,74.7838757242598,69.1750858842483,70.2220520868088,90.5338498085318,90.5693878870223,80.0633401925053,84.6426502854635,90.6558995701974,85.9844488254266,93.8366832338846,91.8198952164863,98.175403927123,95.8292101484445,96.349099135886,104.519562765346,100.17819396086,101.661302876884,108.957866262076,104.223086713579,105.40111986151,101.465129521166,108.592760526002,112.816667483314,118.618332180552,114.03654225099,116.823704848425,124.990054915974,129.14713393253,124.350661276964,135.856318383157,148.43975450321,516.202423209715,555.584057971014,131.123188405797,91.7862318840579,91.7862318840579
5.68846722288361,92.7095579843245,89.7844754774306,92.8772210710192,98.3916566194683,74.4843485457731,68.8984255260358,69.65386438644,88.2768466086975,88.3709014584255,78.1218876942307,81.0303014026637,85.7247116896348,81.4700718267885,88.8279729101923,86.924903383108,91.9995437526327,89.4736991883329,90.1061209123926,99.367413593701,95.9324939181368,97.6621226980147,105.053741014107,100.584215042192,101.613561917874,97.3207763756805,104.346111461495,107.080750033439,111.798595595903,106.911399628561,110.08982180176,117.248519997171,118.144005491919,113.861209777402,126.120512860127,140.031993362958,224.720841893635,555.584057971014,131.123188405797,91.7862318840579,91.7862318840579
5.68846722288361,92.7095579843245,89.7844754774306,92.8772210710147,98.3913507633911,74.4840314222325,68.8977293055712,69.704407930047,88.574591641089,88.6376081320465,78.3556458622345,81.5946766551169,87.1004057273622,83.3106070411609,90.558121322716,88.5217689744543,93.8088065424662,91.2226848710295,91.5299459105467,98.0241116220578,94.2387118755151,95.6815329733797,103.011568005264,98.6609367796226,100.218455676012,97.3501462389957,102.120965289958,104.173698920503,107.32452847031,101.395834570293,103.831949718883,110.771943283843,113.738405142578,109.771525662739,120.801917061297,133.184204382831,136.210844318,151.486075581319,115.670192972696,86.5098527002315,86.5098527002315
4.52848947159255,73.1149529138049,70.5482853468657,74.7385120614819,81.533426395552,61.7513243008441,57.2467734828175,58.4047218287952,76.0797441628012,76.0441459015185,67.6397052948331,71.6128199842326,77.5257794691313,75.6335748673317,84.2113947786917,82.9627703698296,88.2133992388873,85.920289035698,86.4153782582645,92.2811198452828,89.0199857821905,91.169578698579,99.9791539178877,95.8826400195583,97.0948982187289,93.4257255688892,99.1135977532903,102.492257138358,105.633791778263,99.9671858136955,102.614527328632,109.622229605223,112.54816456278,108.564180848276,123.762895951675,141.420918740271,142.494324411112,153.587669869001,114.315143901043,80.0097262571733,80.0097262571733
4.52848947159255,73.1142649113561,70.5470820724066,73.6730702737395,79.0261182947929,59.8421589294674,55.3565066172461,56.3707049962458,74.5457066588619,75.0086033186702,66.3200969658022,70.480084402256,75.9910255000053,72.4018354136143,79.7586160710015,78.2757670570246,82.442078270684,79.9887542866136,80.5015048683412,87.5965666899636,84.2033412617046,86.0282319517198,94.2002462449053,90.5370573625761,91.3237967790236,87.3897243108922,94.9796450846932,99.2237650324805,103.801214441167,99.5544820172388,102.981584184949,111.528224650307,115.243404300787,111.170943724813,124.508085875237,139.775332270598,143.049854247176,159.07688353161,118.446823771676,82.9253825726155,82.9253825726155
4.52848947159255,73.1142648878247,70.5470820312514,72.6987568526969,76.8258971001146,58.1927885534525,53.8305480703458,54.5356249958774,71.2196721903364,72.012598997165,63.6701754241981,67.0451328050544,72.4860083162827,69.7632394806626,77.4405381193508,76.1594737469656,81.7523009750628,79.9920658212684,80.6631095203152,89.3395393897956,86.0098499905948,88.3275559486875,98.5066517300104,95.0318456055847,96.1865548943498,92.6297107662325,98.6020226239338,102.065403912636,106.236926536905,101.004529132952,103.57404533373,110.621655836194,112.408555950754,107.722400131244,119.406958882684,132.538808301718,136.045876874147,152.617521776935,113.504145715457,79.4051361746087,79.4051361746087
4.52848947159255,73.1142648878239,70.54708203125,72.787330792092,77.0240607435494,58.3408064628294,53.9650457386889,54.6171294388998,70.7632800623781,71.4256900006446,63.1393165250236,66.0411168711324,72.0154103161412,70.2204513428784,79.0190950899464,77.9434783137556,82.8640985168196,80.7072203193081,81.3146107257188,89.3192135811236,85.4801460071425,87.2172382486275,93.5172084468697,88.4417351258459,89.119839455343,85.3698496569282,92.6441244945498,97.0258235475994,101.082897126599,96.3338506820101,99.3156407259899,107.903050585502,112.573040724252,108.73449484166,123.82189674099,141.72574122627,146.185950897533,164.627740619833,122.838286381554,86.1779953766582,86.1779953766582
4.52848947159255,73.1142648878239,70.54708203125,73.1416265497832,77.8236005964039,58.9400170269517,54.5187093893179,55.3763769052034,72.796837700723,73.4222622967421,64.9012657093644,68.6899279040163,73.5216471518712,69.590275422564,75.191140917228,73.3662151525187,78.1403177263281,76.1339005381833,76.4386872600318,83.6842204849553,80.8323913821904,82.2574313515362,88.2599766125396,84.0378788498476,85.0679544774971,81.8230797449755,86.5506530486746,90.2511889084316,94.611288599912,90.9661572536261,94.2211169800004,101.990049746639,105.044341215029,101.333479812693,111.397409347874,122.635424103458,123.802442775976,133.875648886696,99.755179565812,69.9161856225523,69.9161856225523
4.52848947159255,73.1142648878239,70.54708203125,73.6730701863257,79.0232942855502,59.8392309258946,55.3500787642787,56.3276391581221,73.4785537261371,73.532141843775,64.9963978321975,68.8923984000278,73.8069592386685,69.8389521958362,76.2138973864925,74.5666969021255,78.9831825877204,76.7955064234943,77.1158271790118,82.590530109351,79.1740146338472,80.7552534913806,87.6134875094926,83.695467768868,84.476255234069,81.0839863252381,86.8122682702495,88.8963111412393,92.8299133387125,88.6533959494631,90.9867376404409,97.2376128749563,99.3338285895351,95.7596035817172,107.870512514017,121.848491847115,124.398831782825,137.656616130765,102.506298333064,71.7811642016795,71.7811642016795
4.52848947159255,73.1142648878239,70.54708203125,73.053052610383,77.625283347349,58.7918398532628,54.383862066405,55.0884366138985,69.7917739106763,69.5513174611948,61.4903846941296,64.4097897753069,69.2102191368014,66.4194527248143,70.1861590906493,68.1274642805502,72.7698374547645,71.0768280936824,71.7837508961099,79.8126912061266,76.7396259905033,78.410853493516,85.7428455453118,82.6115559501109,83.9511052380774,81.2315257968015,86.6186415203186,91.049383740184,93.9415024945501,88.9223516689604,91.510837406884,97.8958559945767,99.610527975182,95.7071806820552,103.449555724528,111.666488179774,112.762677666481,122.327733934426,90.9809206549436,63.6400694265373,63.6400694265373
4.52848947159255,73.1142648878239,70.54708203125,72.9644786709453,77.42436641645,58.6409672277833,54.2430970856408,55.032737961339,70.1465449651256,69.8665739398799,61.7630563243319,65.3393576621373,70.5606520532733,67.5061068035868,74.7678852829659,73.4472160897424,77.2384347693438,74.8552436121023,75.2110802919969,80.3720992482529,76.7020357643178,77.7340698065797,82.6975895944519,78.6744947232377,79.4072277399292,76.4386266502234,81.8657835066042,83.7797433745401,87.7207293154323,83.8847423278791,86.6939855785219,94.6614286350324,98.8311821457405,95.5995113721276,105.618391350696,117.153852069778,120.423419164925,134.571773501569,100.453579563866,70.5006312712815,70.5006312712815
4.52848947159255,73.1142648878239,70.54708203125,73.7616441257435,79.2228356842345,59.9886773457868,55.4877126222176,56.2932639209544,72.0493490318975,71.9080310916893,63.557678455752,66.2184783463958,71.0734687934715,68.2907865948784,72.5779903245361,70.4930025744743,73.5931660079522,71.0888001537851,71.5101147006874,78.7871534796104,75.7053087721442,76.7638564720152,82.6234610938366,79.4930885893401,80.6088963498199,77.9615187854364,84.0447050525471,86.5818358755662,90.632244067577,86.8967394388474,89.2992142640332,95.7856353183137,98.6131652752453,94.6814494466255,103.367221554186,112.708195888096,114.449840424395,125.752314451984,93.4324464455249,65.2894772428433,65.2894772428433
4.52848947159255,73.1142648878239,70.54708203125,73.2302004892297,78.0251300561647,59.0915247463066,54.6608686724699,55.5026247206463,70.8676607420623,70.5194153886576,62.3451716176561,65.9324537550666,71.075708961042,67.924150131146,73.9181026002557,72.2977101644432,76.358276909632,74.165237261773,74.6259440794781,80.6803298605549,77.2051518576464,78.4006914521597,84.4085583315411,80.892178018747,81.3382455236732,77.5503778643406,82.7654186834821,85.1589933092463,88.49443644364,84.0075542840095,86.4677405855948,92.8761836777526,94.3804934730865,90.7820276796397,103.651753136321,118.832151275342,121.440056433988,134.620768451013,100.320410815239,70.3138274507059,70.3138274507059
4.52848947159255,73.1142648878239,70.54708203125,73.053052610372,77.624519344138,58.791047704859,54.3821229670678,55.2062157617884,69.9209110976441,69.3290444378455,61.2888854001935,64.9791048436627,70.843732135955,68.3731464305784,72.7542437724969,70.7242955792141,75.8345715674124,74.1365285532862,74.8640069089335,84.3074525842099,80.8755774647547,82.4902149151008,89.0671831458654,84.8352143855241,85.5163984667213,81.7709083677492,86.7329248029626,89.3705618077362,94.954186827636,91.8502966182384,93.3331892388895,97.8357192529029,98.3829640354915,94.0918756614836,104.126971989634,115.321067498928,115.515228775845,123.465041682011,91.7295402623113,64.0985480928865,64.0985480928865
4.52848947159255,73.1142648878239,70.54708203125,73.4073483680567,78.4236008688368,59.3897830564275,54.9347433262345,55.8782279248499,71.1689567316049,70.4486611533051,62.2726066518246,66.2846772797172,71.8452277958478,68.6454664216681,72.4111285882386,70.1989218742403,73.371917060913,70.9152267516454,71.1171153125454,75.841076185688,72.8774544107258,74.5115885645104,81.2646339380318,77.5213284351903,78.4918502366419,75.6924458166381,80.358656975162,83.0622651364038,86.8139452252361,83.3586711382596,85.7086112867172,91.3665556480196,93.7635013346749,91.0965645987574,104.997869382523,121.361351132425,123.32568632532,134.843522821592,100.509134064418,70.4351938140655,70.4351938140655
3.77838379022595,60.9168431719871,58.7451075508542,61.5863879004091,67.0430666176344,50.91088807368,47.1723981346624,47.9758594989943,62.5516314322102,62.9022066937276,55.8692887380841,58.9046428752819,64.0071145863028,62.655647848355,68.5211099563197,67.17860320844,73.8840907440207,72.9920389014445,73.6068131152436,80.338582321807,77.1885556008659,78.9068519881139,85.3316907068894,81.1982323074524,82.0501478784618,78.6713907647398,83.2644104777644,86.5291766718742,90.2179104276116,85.6609972699554,87.1491784398931,91.8162790956581,92.2849179154875,88.1764495465172,96.7360196487658,106.371038146664,110.106780908102,125.473214936415,93.4072895754636,65.4101034149835,65.4101034149835
3.77838379022595,60.9164144676566,58.7443577730411,61.3190743269231,66.374896978119,50.3911634760317,46.6124880130352,47.4539044532275,62.2521221744189,62.4244387387465,55.1865024804878,58.6561781510589,63.7036338978267,61.1191432187686,65.3597313784102,63.6231688317231,68.3228505434881,66.8327807999028,67.2832810443136,73.2351801717071,70.1661980346329,72.1860118059123,79.8250583866658,76.1516810271834,77.0331924710847,74.0652111429061,79.4489507334592,82.9545696738228,89.1026378766643,87.4457487582436,91.0419563460318,98.3334043081124,99.3667754153148,96.0948534987697,110.369044081662,126.952852673658,129.029762538855,141.565700910892,105.298086009263,73.6275437662014,73.6275437662014
3.77838379022595,60.9164144529938,58.7443577473967,61.8505179090078,67.5734765530649,51.2892222425039,47.4413216065027,48.2300854541571,63.0572299879435,63.3104313070988,55.9604103890203,58.4044396545571,62.631118216516,60.0536842881318,64.2647593636785,62.5452483395186,66.4164713101746,64.647564900973,65.1400789483107,71.9192484622735,68.8768361677854,70.5033430999439,76.4916775219715,72.6198826652079,73.2551171009396,70.0670315362904,74.8871666341189,78.3252571107725,81.3310933677797,77.3605368940766,79.409900539149,84.475265780675,85.5984651377625,82.5237098424601,93.9631328078638,107.531436541271,111.270092997277,126.214196781286,94.2065205066268,66.1540347287804,66.1540347287804
3.77838379022595,60.9164144529933,58.7443577473958,60.8762045753742,65.376077027931,49.6427774441734,45.9217855799109,46.6096977565455,59.8194124068878,59.7366835653489,52.818253794492,55.858105224118,61.0340016392894,59.2270891870785,65.3545443420264,64.1791898916393,68.9378757235334,67.4726144183422,67.9618772613927,74.5696590496852,71.8089987488044,73.747208027862,80.5300750748055,76.2741374911527,76.7896430746239,73.2635841857384,76.6331154020436,79.5323470040525,83.2981955707089,79.5295603303332,81.849663784764,88.0784866163875,89.6014102455437,86.0011751507523,96.4973217227151,108.551427003963,110.144958267618,120.584307950867,89.7256907816212,62.7880359622663,62.7880359622663
3.77838379022595,60.9164144529933,58.7443577473958,61.4962221513059,66.7733242352311,50.6893766507429,46.8862637991022,47.6234128566139,60.2232311442979,59.5851142496738,52.6662340462631,55.2197815541717,59.071905022302,56.2752265580489,60.3329639150067,58.7503136927528,63.4732145701132,62.2523446987778,62.8884871746262,70.9645793660715,68.0718255234027,70.4009815115199,78.4003492912417,74.5677721071012,75.8462523542135,73.5148957318188,78.6621849623592,82.4239015037448,86.4874539673632,83.0664775740895,84.7317026362666,88.4875626681194,88.1741006230999,84.7445397384508,94.7184946347822,105.94129820807,106.587752748607,114.823575683627,85.3151471417468,59.6065236011717,59.6065236011717
3.77838379022595,60.9164144529933,58.7443577473958,60.9647785147876,65.5753118436911,49.7919059869015,46.0587215607385,46.7116806686708,59.4703162720233,59.2512986585784,52.3841567724715,55.0779054887106,59.2385929569357,56.7351714837044,62.7147634622977,61.5905785968591,66.3000700342454,64.9111596934675,65.3027374216064,69.587638128766,66.1548113268725,67.6868076966684,74.9155257157834,72.0854515083778,72.7601330815289,69.9490302811134,74.593110434745,76.6970507519749,78.9955247977209,74.5680834192638,76.3322966479856,80.6535983714691,81.1239830389589,78.5689739890284,87.1954459989121,97.1647466296235,99.9021982149639,111.673321365482,83.3708013412349,58.5271450917551,58.5271450917551
3.77838379022595,60.9164144529933,58.7443577473958,60.6104827570854,64.7750069869329,49.1919022368182,45.5033165299701,45.8470854143271,57.3970799060027,57.5505464847493,50.8787007783634,52.0044492743505,54.5552793779084,52.0154966157223,57.0833561546994,55.9653436029252,59.4093936382755,57.8641819318335,58.4407446968474,66.8336789065751,64.8880228714442,66.0770822478262,71.0629777327012,68.1201441015182,69.2321156464936,67.0051429452389,72.7343543238004,75.5980288383054,79.4360066702876,76.3703369801481,78.3916874108384,83.2747819256602,84.315089308067,81.0081062003933,87.4081233047469,94.2450145025895,95.3641755383458,103.811249808793,77.2755583314312,54.0985401029778,54.0985401029778
3.77838379022595,60.9164144529933,58.7443577473958,61.8505179089883,67.5722524683133,51.2879530635692,47.4385352193611,48.2606238629641,62.400842482718,62.2111812507887,54.9806460331931,57.6303973699469,62.6552959361964,60.6981401710019,63.8846761258173,61.8474840943357,64.5543407325473,62.2807120913213,62.4905736860474,67.2361231574453,63.7889977089668,64.8102723247855,69.7458359145005,66.0718538510831,65.8938084313676,62.1931855797446,66.2224523074504,68.4035022142524,71.7363313544626,68.9410604954635,70.683978573438,75.2335144410998,76.9004004490488,74.5474688724322,84.6977166114158,96.6599673760359,100.755682379014,115.714360863675,86.3620412728272,60.615884831727,60.615884831727
3.77838379022595,60.9164144529933,58.7443577473958,62.0276657878637,67.9740870569969,51.5896990681915,47.7200668376244,48.4578402806483,61.3431591991287,60.764597296885,53.7138948596134,55.6082640914906,59.4046216617608,57.1213068294224,61.6032033679911,60.1001432621332,63.8460228430527,62.1891011532897,62.5761644524829,67.4966581591284,64.7508989446293,66.779503848688,74.8064794349816,71.8825980113588,72.5102216801198,69.2575776602573,73.6558986357016,75.3948311598474,78.5778068365883,74.7227704721075,76.6949641377978,81.7809500384184,82.3637734412911,78.7506340962599,90.011433301033,102.934731088535,103.545100731112,111.800835307039,82.9398543899869,57.86622596319,57.86622596319
3.77838379022595,60.9164144529933,58.7443577473958,61.4962221513345,66.7753122968473,50.6914379507651,46.8907892255452,47.4750952182609,59.3373376917987,58.7965038942706,51.9821250975552,53.559006086914,56.2845579904509,53.4238778870956,57.4386599812085,56.0100410408565,61.2303103365646,60.3695080635323,60.7520307481694,65.6354737533064,63.106753146199,64.687573705917,70.2265871827434,66.7271950633773,67.5891643958172,64.9776533856983,68.6079777764644,71.8797596742574,74.8338016440776,71.2593812616297,73.5622438031967,79.0632278243863,80.2514642032833,77.3226456287383,88.4113940676858,101.62859840022,103.742285320136,114.542740982632,85.4625410031143,59.9631850957058,59.9631850957058
3.77838379022595,60.9164144529933,58.7443577473958,61.7619439695881,67.3739358559448,51.1397765500217,47.3036893475989,48.0241756609616,59.9782550087358,59.0322673885044,52.1815205663468,54.2970596497929,57.4389419600769,54.4076222113937,58.3585154208331,56.8362924163192,60.0462375463048,58.311522173607,58.7157755059303,64.9167569427401,62.2793378385519,64.734066125768,73.5796012677029,70.0191639876403,70.5860056639642,67.6211786077879,72.5351032273044,74.8126072965967,78.237516314383,74.9379601603048,76.5603260247164,80.5660275263376,80.9707025979832,77.8073242834406,85.1769360881792,93.0336662864502,95.2122219089194,106.35472650964,78.9454395936688,55.1128608829584,55.1128608829584
3.77838379022595,60.9164144529933,58.7443577473958,61.4076482119056,66.5750061695238,50.5411986303169,46.7514146148561,47.5242671234585,60.8612434844875,60.50238349541,53.488109654431,56.4008154035701,61.1925666953501,59.0101305761829,61.8197894762079,59.826412304612,64.2725663827373,62.8383820643215,63.2691281824157,69.070083814798,65.7015228487911,66.7948425578161,72.2293688050834,68.9155670216804,69.1919239589334,66.1609487275357,72.6306952638061,74.4693539447951,77.7830001787591,74.2242730245119,75.6779373962931,80.2111632109623,81.843889828034,78.784201366253,86.5796827365532,95.4435139925534,97.2610602863619,107.079944990571,79.8331865710679,55.9602095094779,55.9602095094779
3.54161303138609,56.9334370113885,54.840279128481,58.412998312067,63.8875459828255,48.3351093200147,44.7348173973165,45.5908247718075,58.1857829017421,57.4847813653752,50.896681076059,53.158224089681,57.6502200876013,56.1966740105053,60.2794236786133,58.7402111922173,63.8544567371858,62.7876612136974,63.5325399735324,72.9223107499344,70.1715318948571,71.4775191069471,77.3873851830336,74.2311534660548,74.5208513871286,70.5165779607707,73.9650610506297,76.6073938735788,79.2854865728579,74.9132892268328,75.7653750047203,78.8647602879808,78.9518357059912,75.3516458788798,84.0215838083401,93.9258719145618,95.6069880751129,105.583936747521,78.5618546381297,55.0094094117421,55.0094094117421
3.54161303138609,56.933297146661,54.8400345135751,57.0838699108283,60.8683636844512,46.0666272120665,42.614671494633,43.200116015704,55.0675957492048,54.9581082993348,48.5980959856825,50.7534098526723,54.5900776463167,52.6367938248623,57.1324832140822,55.8744071276529,60.9475459396437,60.0413137689908,60.5747181829574,67.0401682405844,64.5188987390866,67.1234621900304,76.7171007937287,73.5030945091094,74.4322857033416,71.711631944132,76.7412673071262,79.2458924420587,82.19150265236,78.206078513026,80.0521619361415,85.3443004995866,88.1259268667024,85.0324997606207,101.712077186414,121.500505758951,121.081426515485,127.722446808656,94.8478085938151,66.209884968987,66.209884968987
3.54161303138609,56.9332971418773,54.8400345052086,56.5524262564998,59.6669742199665,45.1656550750009,41.779442117266,42.1234621805957,52.8267266729137,52.9339097303376,46.7996035037544,48.0414445699195,50.5021236677404,48.1046107573206,52.7447617472503,51.7055644718727,56.5342575742827,55.7521193162516,56.2808786431953,62.9660056151637,60.7313826010855,64.1506164533042,76.2974402602018,73.3416582714919,74.5147387709765,72.0531095382379,76.3677976149874,79.4811960538991,83.162028843331,79.6308571081091,82.4219808325564,88.2128928995298,88.1514526683863,84.8107857798137,101.180316453565,120.720373918314,122.164413050578,133.080936135835,98.9510807507856,69.1902147525314,69.1902147525314
3.54161303138609,56.9332971418771,54.8400345052083,56.6410001959083,59.8659022632635,45.3144655440439,41.9156797889855,42.4991096289166,54.0746928635861,53.8852229732086,47.633534901686,50.3118959475082,54.6370340648261,52.6396889896726,56.5992358911402,55.1553678159592,59.2776870179311,57.9641980674256,58.3182358848418,63.404756616977,60.3484317427297,62.8166956405984,71.6693220598021,67.9054550281255,68.1993351118786,64.9775843237812,67.8362011566796,69.9677816748842,72.4047366737899,68.7491124476112,70.7585994046522,75.5848745133743,76.738578805317,74.3950225980609,88.0221473779417,104.7124083598,103.775060300664,107.293853864865,80.2713033720295,56.4835376017408,56.4835376017408
3.54161303138609,56.9332971418771,54.8400345052083,56.8181480747551,60.2657486077138,45.6141500592995,42.1926855645804,42.7759896315495,54.0683662614462,53.711295846431,47.4787813256924,49.9315950357478,53.4332485248923,50.8310554866595,53.4297498589711,51.7559235018897,55.2997739932061,53.9801587164094,54.5188764937708,62.1431394413542,59.8793847561206,61.6200530841298,67.9090407428125,64.6381006260541,65.5382949978447,63.2202688723633,67.5259888333161,70.6616438453485,73.931882949129,70.8138029775942,72.3233672931292,76.4195369357509,77.7066110698642,74.6943663596092,85.9254420892735,99.1399832385724,101.117827961856,111.823945013033,83.2260586417443,58.2451195048948,58.2451195048948
3.54161303138609,56.9332971418771,54.8400345052083,56.3752783776481,59.2668196476916,44.8656509770845,41.5017347154689,41.8456282532191,51.1351686044096,50.5723694886061,44.7109913649799,46.1740147737292,49.5447430196397,48.0115133843871,50.7980325715146,49.3266907183264,52.5416533128696,51.2627384637853,51.787966259028,58.752901969926,56.8977759061774,58.7265446941893,66.0928105739619,63.7172848392651,64.1991876748179,61.0665064220776,63.5289326546943,65.1373503769812,67.9707282820818,64.9262352348491,66.7396258283878,71.7054386414318,73.9965851181256,71.4072974351466,85.0674178922996,101.561965453879,101.24526550926,106.534751991661,79.4262178811197,55.7018238665001,55.7018238665001
3.54161303138609,56.9332971418771,54.8400345052083,56.6410001959039,59.8655961339374,45.3141481371881,41.9149829457255,42.4295087227019,52.542287282855,51.833827338266,45.818096652513,48.0453044488431,51.3674620968147,48.9197576593044,53.4670292108854,52.327257757774,55.0820562206385,53.391110263861,53.6338570960639,58.3938739758669,56.0390118014842,58.2101113871222,65.944946194647,62.5412745055425,63.3613489679384,61.3164225487056,64.8394435579104,67.3665161778408,69.1116145381872,65.0185659317399,66.040887305409,69.7189483576494,71.8160624763249,69.3016450517792,82.1024921879816,97.4012332192027,101.450351632406,116.734228096832,86.8687428986595,60.7753275329013,60.7753275329013
3.54161303138609,56.9332971418771,54.8400345052083,56.8181480747551,60.2657484258569,45.6141498707432,42.1926851500879,42.6558454650625,52.8034724248545,52.2372425001181,46.1757162764688,47.846684563962,50.7301536214308,48.3436646075389,52.6305394210493,51.465349798658,54.0291209007832,52.3324233053854,52.8727674514708,59.8779584117995,57.3590653973469,58.8902266435526,65.755777598442,63.4079623134443,63.9962329742771,61.2902115992594,64.9652931773666,66.7288726658408,69.018171222256,65.345563554789,66.5370155823519,70.9490387777679,73.8544855231157,70.8668045906114,81.0129675698309,92.9314780026502,92.8983663810859,98.5690791433325,73.3881967635423,51.3926450130904,51.3926450130904
3.54161303138609,56.9332971418771,54.8400345052083,57.1724438324485,61.0654424788243,46.213520315572,42.7466998102905,43.3297533019158,53.4904633647097,52.51939946968,46.4231384095085,48.4247813557442,51.9356778940733,49.8329982479516,53.1484100284922,51.6795654778338,53.9237317917624,52.0819740458958,52.4835690190746,57.9741024715817,55.4092986891975,57.6396590165877,65.4838761574222,62.1847523923026,62.6184112066868,59.6993039702154,61.7856286339493,63.745012503937,66.0903215061029,62.8511657976852,65.5121740941893,72.0459770133717,74.7634160670062,72.136806529492,81.3275373351206,91.9328961511047,96.2936736965734,111.950963121408,83.3755621016547,58.3953154295176,58.3953154295176
3.54161303138609,56.9332971418771,54.8400345052083,56.6410001959237,59.866972484586,45.3155751913597,41.9181159339445,42.3651148034292,52.1519375474251,51.4886368553424,45.5219674283998,47.322209506643,50.5004007633857,48.3991658403466,51.7734248681022,50.413090389289,53.5354749775924,52.1297984019953,52.4643060924425,56.9926787705598,54.7368353455304,56.8220441269571,64.2928613725963,61.283201731739,61.8662688035489,59.2227924055933,62.2157908607826,65.222345321874,67.6804126085315,64.2683896040817,66.1470121078144,70.2164692386707,69.8732951050006,67.2538780978268,77.7183949144088,90.0666492746058,91.5883838286526,100.610725994669,74.878071544881,52.3971767640792,52.3971767640792
3.54161303138609,56.9332971418771,54.8400345052083,56.9952959535996,60.6654432059795,45.9136772381772,42.4693459236521,42.8636029223188,51.2658005494378,50.0135825862267,44.2080062583487,45.2044871299654,47.3685905494936,45.0383162979068,49.639523848838,48.704404434339,51.6095260308834,50.2216194136455,50.6719418831229,56.891513222956,54.9037632123016,56.0337279712873,61.2109573793178,59.0307500049966,59.534822659688,56.8499595855774,61.3608197766383,63.6178949066486,66.6445342774622,63.7182274743792,66.0133646060286,71.6631020236225,73.1971242331544,70.4004837592529,79.3276746601723,89.7721056850575,90.5919257210461,97.8361139241757,72.9257427107537,51.113829948411,51.113829948411
3.54161303138609,56.9332971418771,54.8400345052083,57.0838698930307,60.8659013537607,46.0640741793805,42.6090665759942,43.0036985792895,51.9728774970469,50.9874354462433,45.0718866009863,45.9631969387451,48.5993454480132,46.7879488304025,48.7584525977966,47.1122038798421,50.1918299985908,48.9107159285374,49.1573609486422,53.3969337273853,51.2049308012805,53.0490041756229,61.7549963722055,60.2286876796961,60.3672847016058,57.1992163495654,62.0594317102013,63.6504766323469,65.7429825024395,62.420373377055,66.0997048032474,73.6011125244021,74.9002377494428,72.2085673419612,79.0777987394065,86.4730662786725,88.4594838254605,98.5209050932818,73.2143250448717,51.1668769155301,51.1668769155301
2.83925943583593,45.3875558376005,43.6214243807415,44.7930777402081,46.4152497128472,35.0175830027287,32.4702860065655,32.74125433307,41.0761164454571,41.3871677820521,36.8532360588214,38.2265595013507,40.8306051139073,40.140584597,45.8350128916475,45.5097052783391,48.5266792631376,47.3544503191513,47.8790473634804,51.9179057617375,49.8143595096435,51.2902763356955,57.4540240721116,55.3957344388648,55.9028828060507,53.5536314325482,57.4705338284556,60.8381117537798,62.262172815882,58.450255992493,60.8589057601373,66.7075848901,68.7642645154339,66.4803915399939,75.6468700038405,86.5202577476219,89.4490575630776,101.14860803215,75.4862201394717,52.9693018090191,52.9693018090191
2.83925943583593,45.3871501558482,43.620714868018,45.0572932847648,46.947206262068,35.3974819579416,32.7421222519851,33.0850487926958,42.3701411323916,42.6743235057492,37.7213803341673,39.0557197033296,42.0403892559658,40.7396417161904,44.3766504935845,43.3929540640744,45.6309947895304,44.2154392334097,44.4564245830387,48.2816607615809,46.2082061407178,47.3215909150902,53.0159607288516,51.4604266733999,51.7895113557761,49.4508008512814,54.4131611638846,56.3201366876052,58.6227582704338,56.0876524464118,58.3953021141073,64.0185671406264,66.8227015814291,64.6094435893696,71.1260776859432,78.4101469873607,80.7694825948358,90.8833602304243,67.7151577765258,47.4424988823603,47.4424988823603
2.83925943583593,45.3871501419728,43.6207148437508,44.791571414986,46.3480813414588,34.948623550836,32.32808113922,32.6030706357486,40.7124345265836,40.6830373554733,35.9668136219464,37.2020322926293,39.7463084938427,38.2829097686297,42.7028024938363,42.043891821047,44.8986824321575,43.8404983566457,44.2238328991878,49.9338998604213,48.4032872195207,49.4903971635072,53.2483176523679,50.4869623686386,51.3119115202546,49.6879436959869,51.9387621185781,53.3267415429025,55.8419537574477,53.3043874937225,55.075558175984,61.2235638638407,66.0042572925095,63.3030571181706,71.6060515311151,81.4292345378638,84.727593893237,97.269460705932,72.5568474646411,50.917656422905,50.917656422905
2.83925943583593,45.3871501419723,43.62071484375,45.1458671726667,47.1470107299553,35.5472011616419,32.8803551929396,33.1201416214583,41.342533577849,41.4130431636635,36.6051231402823,37.1547958439119,39.9778177243689,39.328583319849,40.1753596569872,38.5954874912356,40.9837743256539,39.8880157866906,40.1418311193269,44.18449927776,42.4367125430707,43.2118857484272,46.3656448617656,44.1373239662754,44.6420116010068,42.9787430456027,47.2724729162622,49.1398134576547,52.045435251375,50.6144470650103,52.7805470616567,57.8512717838158,60.5057380622535,58.7453332905454,65.5765194582566,73.3804574786047,74.841828134323,82.4303448322648,61.4447939627922,43.0552041025693,43.0552041025693
2.83925943583593,45.3871501419723,43.62071484375,45.1458671726755,47.14762216896,35.5478351255108,32.8817470112995,33.1735240337407,40.7986865489634,40.4235452399532,35.7344129008239,36.6279476951229,39.266964422116,38.2127079656164,39.9285101648921,38.6196984030456,40.838079503828,39.6922915672862,40.0371018003772,44.1780537260437,42.2671409100802,43.2892716613232,47.4314158127429,45.347693941224,46.107323159185,44.7800851673589,47.2175116712953,48.8252156767839,51.2225613128936,49.0636888455586,49.784920329816,52.1433939274413,52.8189974600875,50.7701808741902,54.8440274425654,59.2019704468357,61.4709521897229,70.4004945253768,52.4125360883741,36.708785774597,36.708785774597
2.83925943583593,45.3871501419723,43.62071484375,45.0572932332532,46.9477755509379,35.3980722422743,32.7434183841672,33.0181575831582,39.9958561760642,39.3662695838215,34.8007864486618,35.6965277697844,37.2340604359027,35.1590733579556,37.8273239206135,36.8856936780089,38.3193245137757,36.9661502952107,37.2073030565978,41.1492599815333,39.8663307470492,40.9466149010112,45.0536829764318,43.0941616659753,43.6343840048463,41.8809679368703,44.0193838386695,46.5766563253953,48.6500372091183,46.5392518977035,46.8723980851179,48.8320804787776,50.7107914966813,48.9540526356623,54.5359712333799,60.9212422260346,66.6299117765245,83.5023588926558,62.2225023506089,43.6058569215569,43.6058569215569
2.83925943583593,45.3871501419723,43.62071484375,44.5258495967174,45.7485407358101,34.499334121857,31.9130935448117,31.999661979453,37.5043546468881,36.7912021259781,32.5294417043729,32.8777403840554,34.1718118872286,32.5843778317655,35.5287343056994,34.787204155363,37.4375104731919,36.6902794887026,36.9964288422514,40.5518377147537,39.0973077203922,40.6611626859825,46.6269847986389,44.9372420883169,45.3794037729246,43.321681428844,44.7064852283429,46.0110195240036,47.7017298549973,45.186267806879,45.8748241278614,47.9299440547001,48.0524818181585,46.1230442497523,51.1919536449415,56.9338953609504,58.7596240884034,66.5387520990501,49.5286549536227,34.6816462414049,34.6816462414049
2.83925943583593,45.3871501419723,43.62071484375,45.1458671726601,47.1465519466066,35.5467254771263,32.8793108639909,33.1702118815271,39.3782022908424,38.301901698831,33.851866405754,34.7300013789783,36.2450969006831,34.1790071528394,34.9456982420855,33.565336882368,35.0423785939634,33.8353527402036,34.1008015080562,37.9696140692977,36.1911838519684,36.671927530574,39.029773749051,37.1848293577539,37.5412701422753,35.9777802830958,37.9361246208933,39.5770636089289,41.3082610242487,39.6881157463569,41.3812185399859,45.2143052506374,46.9434085904615,45.6369169524646,51.6238519045583,58.7661706223192,62.4981848236614,74.2908980706388,55.5366742812729,39.0317839976972,39.0317839976972
2.83925943583593,45.3871501419723,43.62071484375,44.7915714149864,46.3482339714227,34.9487818035516,32.3284285700866,32.6378697412188,38.9349778482303,37.9104989507173,33.5168850837802,34.9776384618272,36.9650184043593,34.9352248038758,36.8605530995512,35.7526445760437,39.3416771025892,38.8676167155325,39.0801068014008,42.0870004616412,40.2447790565467,40.9465950382342,43.5574901599429,41.0689782161705,41.1410193059625,39.0363808171423,41.6697257395038,42.8077638257958,42.7985760139038,39.100665632045,39.7919743589575,41.8531114974969,41.4446046669337,39.5634540827677,43.3409734391536,47.5965049551307,49.0768918338717,55.5038421555566,41.3284922828077,28.9536682636538,28.9536682636538
2.83925943583593,45.3871501419723,43.62071484375,44.7915714149776,46.3476228956297,34.9481482162747,32.3270375795671,32.5501617113431,38.1484180713515,37.0319002330216,32.7362047904589,33.6297602250527,35.1645216585275,33.2469172042426,36.2050260724206,35.4155580713237,37.6493546972271,36.6829221367181,36.9172369738814,40.1115586703357,38.5621204642184,39.5385808059759,43.0213766670786,40.881267273788,41.5543173841574,40.1560102488927,40.783498150394,42.8640832047454,43.6634377217195,40.8889975492235,42.4661411373697,45.9067055535169,46.4155198587072,44.7392128261076,48.1830385846167,51.7242533697845,53.6438711687271,61.3480582052978,45.5860111411614,31.8468221924329,31.8468221924329
2.83925943583593,45.3871501419723,43.62071484375,44.8801453543999,46.5474695138675,35.097911099735,32.4653662071912,32.6540380471551,37.8035192004212,36.5530990346922,32.3119388263133,32.8682105092491,34.2272465044575,32.4749449922871,34.0151077336656,32.9199505022394,35.5290985296069,34.8333104400219,35.1387476056924,38.9183736979762,37.2932880387564,37.6573041699589,39.6754519801119,38.0143004828199,38.3832125164001,36.7471774473474,39.4823684960495,40.3226035739218,42.078544944488,40.2192401137642,41.1376856039752,43.7125052093458,44.850284936652,43.2401221747323,46.5704404309861,50.2011623598382,51.004913100576,55.7909909671902,41.6147848888644,29.186888736233,29.186888736233
2.83925943583593,45.3871501419723,43.62071484375,44.7029974755576,46.1479284790038,34.7985431413972,32.1890554064867,32.4467564093709,37.6464752461542,36.2462606068805,32.043697614043,33.2766842882077,34.8978241949635,32.8179528929506,33.9343635678843,32.725884760052,34.1108650739843,32.9353483640344,33.143825133385,36.3205051807731,34.8720379352895,35.2352781759971,37.1591364859626,35.4222008319461,35.5472566066393,33.7129522676253,35.7465472018081,36.9196777445782,38.0757142563944,36.1637893165974,37.4620563669382,40.9908339133606,43.3512828980815,42.0136082665118,48.3583177991434,55.8449270815047,55.9544916442647,59.4475640870382,44.3327324720164,31.0923117755979,31.0923117755979
1.92202145411178,30.9032889173994,29.7694859036477,30.887312722808,32.4782806210977,24.5193034756301,22.7750920550846,23.1069933289779,28.6177930270161,28.3644157603272,25.3870414854721,26.9456884518045,29.3397254035523,29.2572673639239,33.038241592093,32.713564716287,35.2494289669244,34.5074198683945,34.8846754412419,38.0431757666969,36.4099536748753,36.8649218289545,38.5016020632876,36.2691504073321,36.5410861343446,34.9098397684293,35.9483349730971,36.6255556320198,37.3962840516204,34.9209349097037,35.5409463591727,37.2894423873232,37.1804241009119,35.7104533271985,38.4409460189969,41.4137468811564,42.7507942609009,48.3310190635326,36.035506391015,25.2748539274908,25.2748539274908
1.92202145411178,30.9027794439448,29.7685948655463,30.8854210763835,32.3968215588131,24.4357016769594,22.6030918507315,22.774767674008,27.5596067574478,27.1621890829267,24.0117257697006,24.3476272184764,25.2578747875042,23.9385938740357,25.6905192976826,25.0413053861438,27.3359596753767,26.958511258319,27.1599381757359,29.5705293654641,28.6810065356746,29.4407785902618,31.8334114358449,30.4319616590546,31.2284505670692,30.4269053113743,32.3568014152232,33.526095184999,35.1379884646214,33.9484061672054,35.4803503607313,38.9910651809414,41.1716955901383,39.9461605814952,43.0262545186946,46.2064552308613,48.6463250589378,57.0703627242251,42.4590949191822,29.6920841993988,29.6920841993988
1.92202145411178,30.9027794265194,29.7685948350705,30.6196991934173,31.7972289441742,23.9863583523751,22.1879861976716,22.3771590633856,26.9636878372462,26.4599188492879,23.3935755273723,24.1820055593692,25.5447509491698,24.3214395840283,27.1630835175993,26.7496517404141,28.0269477305534,27.1274326100412,27.2785749054498,29.4614103984998,28.2438834271126,28.3737018103012,29.2512510820178,27.7180291260417,27.7795400994518,26.3773447236869,28.2879804104366,28.8794012974456,30.2409983729331,28.9818779698944,29.9680365894532,32.6767157806176,34.1645879221094,33.1708692059994,36.1513374388934,39.5958323924358,42.4657887825067,51.1928625357296,38.3077216015212,26.9596393851518,26.9596393851518
1.92202145411178,30.9027794265188,29.7685948350694,30.7082731328307,31.9966171110662,24.1356458955543,22.3252712530722,22.5482700603867,27.0154359106811,26.3361856684407,23.2801879844944,24.1715251363116,25.3353402578899,23.796988499987,25.7895510039291,25.1890849030861,26.6838856094567,25.9501936043447,26.1400328204226,28.8978390644337,27.773066264424,28.6313577715077,31.5024732681401,29.8133515904456,30.1425863660166,28.9322378357077,30.867095838729,32.2026177902528,33.381081062116,31.7101744122032,33.2674914197908,36.6598246711985,37.252424399402,35.6455910219306,38.3753167325223,41.0999763688852,42.1930276024953,47.5484052547404,35.2350155401251,24.5569618066967,24.5569618066967
1.92202145411178,30.9027794265188,29.7685948350694,30.6196991934106,31.7969227851072,23.9860409146838,22.187289286642,22.3590481804355,26.579011252978,25.944599568903,22.936028569216,23.6083776187804,24.7852163526369,23.5067200716919,24.9244600059916,24.2070034862447,24.9222251032585,23.9397146896159,24.176026471951,27.0405501658193,25.9034571096221,26.2334673047586,27.8473123411291,26.6277310915487,26.8042921252318,25.5369594565582,27.4281238446159,28.527879717542,30.1192724359071,29.1411028051601,30.2450346948958,32.7720686619291,33.6863969204581,32.6580923449875,35.5697338998188,38.8377794753513,39.8617575889112,44.3936574643515,33.1565244571353,23.2856427894337,23.2856427894337
1.92202145411178,30.9027794265188,29.7685948350694,30.4425513145639,31.3970759854447,23.6863559274464,21.9102824735168,22.0650033947353,26.2027586576598,25.6064976056108,22.6381492265294,23.4243825048691,24.7843340040446,23.6132973910204,24.8898360782093,24.1349709084249,25.3959890844416,24.6264710038376,24.7394116633737,26.2822912348453,25.1381525782607,25.363331306258,26.8520964898046,25.7719940811729,25.7586014842402,24.2261445777037,25.5668844979539,26.7049081793239,27.8403329576329,26.5557349562453,27.0098860014727,28.3826198120547,28.863022033104,27.9014091581953,31.2602993039689,35.1812521388516,36.2105999609279,40.6010408809319,30.303493910764,21.2720390597136,21.2720390597136
1.92202145411178,30.9027794265188,29.7685948350694,30.5311252539818,31.5966170202007,23.8358019700035,22.0479155019818,22.2365874910706,26.2555553925473,25.4844091111306,22.5272168761259,23.4185525346957,24.9504637593804,23.8402309954284,24.9043838124551,24.0816558891246,24.3440416376823,23.1843059654114,23.3870856408409,26.0097692931155,24.8790985950694,25.2584375617597,27.2123989125268,26.12425324171,26.4623774456916,25.4896487932715,26.2742478474609,27.1397807451848,27.9268781476939,26.4092420338738,26.9996765688041,28.454468744217,28.6883992185439,27.5787441015946,30.0987273393079,32.7937588695466,33.0840375558073,35.868455800677,26.6518286939839,18.6284641519263,18.6284641519263
1.92202145411178,30.9027794265188,29.7685948350694,30.7082731328285,31.9964637288001,24.1354868628232,22.324922107554,22.5306319944561,26.6318072544417,25.8225096547105,22.8250931919713,23.6025327695173,24.8592765147521,23.5488883897636,25.3612341983657,24.7250589090101,25.3721204265839,24.3253235616255,24.3829376958008,26.3695116425513,25.5400893908929,25.9892118572116,27.8292522502813,26.4418689564358,26.635701826913,25.4032847281998,26.3447966606501,27.1547142982888,28.0410237921698,26.4586169209755,27.0705775576967,28.5719000220662,28.4516601018056,27.3413044028223,31.2715532258308,35.9041658008627,36.5337396145043,40.1702851218715,29.9195702886324,20.9572408111685,20.9572408111685
1.92202145411178,30.9027794265188,29.7685948350694,30.4425513145661,31.3972287314922,23.6865143005212,21.9106301689506,22.0998028600668,25.8384455083044,24.9440900793514,22.053582076781,23.0653963332456,24.2366727092396,22.7210238319002,23.8719524136118,23.1325659548921,23.749734163466,22.7901877328102,22.9203721063107,24.5436196070102,23.5572207157931,24.2021895128753,26.0778402569743,24.4796734731318,24.7379143715891,23.6725438187463,24.7001703986193,25.77926106238,26.6399928686682,25.3035517977975,25.9291120931174,27.7649164178925,28.9615158342628,27.9985670540745,31.1629338481696,34.7693177731761,34.9438762704535,37.393674371525,27.8645633197455,19.5230015431186,19.5230015431186
1.92202145411178,30.9027794265188,29.7685948350694,30.8854210116709,32.3960050359357,24.434855103463,22.6012335288268,22.7550778481538,26.0409156512731,24.9532743216406,22.0536869106778,22.2661054813606,22.7048853062391,21.1454166275562,22.3007931546043,21.6149272406574,22.1243019357441,21.1987975716631,21.2345652692498,22.1211067234612,21.2952834458486,21.8231874251726,23.9914394910736,23.0922558600552,23.5450794253603,22.8325363246201,23.6221566976224,24.0752391668162,24.8448009689647,23.5322729962549,24.3592499863326,26.1940861560278,26.6046250527103,25.7260835338629,28.0360106952569,30.5726251959792,31.373138109538,35.0236280394851,26.0989615400904,18.2885419465526,18.2885419465526
1.92202145411178,30.9027794265188,29.7685948350694,30.8854210116819,32.3967694027514,24.4356476288663,22.6029734569004,22.7574434302077,25.7635305673564,24.5394719817688,21.6928908818398,21.9162726665237,22.8290970836277,21.7979416026729,23.193985352656,22.5451347346756,23.5103623249058,22.7082342731878,22.7816624454367,23.6631844327538,22.5279906903636,22.6693921285199,23.4104083249818,22.1420120580914,22.1582461981874,20.8829472909166,21.2062307065756,21.5477463185133,22.1491900131445,20.7954834301603,20.9286818614715,21.7540363031418,22.1064976501488,21.3128644930689,22.9357548236355,24.833617025539,25.6378433028957,28.8001196450574,21.5923015201329,15.2291680709875,15.2291680709875
1.92202145411178,30.9027794265188,29.7685948350694,30.4425513145705,31.3975349505807,23.6868318004461,21.911327216799,22.0320970700585,24.8754974220832,23.7433333519756,20.9941182951769,21.5635598060441,22.5712223790418,21.4039690583564,23.2048499425644,22.6817455955483,23.5856897591895,22.7581531464138,22.921590763484,25.009645913339,24.0012333309385,24.308075499523,25.529873647633,24.1531901933568,24.202690135141,22.9267617460387,24.6586041999078,24.9535654878848,25.6484683537355,24.1249885071284,24.453222406884,25.5510037898577,25.6492774146643,24.4738249245258,26.370737864977,28.2885077738523,28.0455054181606,29.4307591425773,21.7928578124192,15.1735831333099,15.1735831333099
1.11222566547462,17.7768167965804,17.0840910236819,17.4586743730325,17.9904057305669,13.5777047095941,12.6463169515978,12.7503990076577,16.3690546586168,16.8424664531963,15.1777504296986,15.9145875476966,17.0063378108459,17.1495731344718,19.9453015604119,19.9337384064351,20.9615649257139,20.3037007755893,20.4598166547588,20.9711996234692,20.109781869293,20.6638385519697,22.7724284210033,21.7427167118846,21.990171206369,21.1453397277343,22.9048192481482,24.1551929268516,24.8667653835608,23.645235798286,24.2129491280262,25.1942485211573,25.0978017894847,24.4547738904704,26.8498363440467,29.4193674192182,28.3286637062142,27.5251561411413,20.4563552644513,14.2833588369592,14.2833588369592
1.11222566547462,17.7763554169643,17.0832840987805,17.3683873568782,17.7159188352112,13.351329002709,12.3502429702771,12.4190602629553,15.9101971501479,16.2001912957079,14.3222902915184,14.7719902205257,15.8652147217153,15.4033451282147,15.9119548072101,15.3476411612509,15.821054989829,15.218283332558,15.2837771430379,15.8143621579637,15.1807126687886,15.8074595672569,17.9274084025235,17.2108403622711,17.4682918083657,16.6944076395565,17.6689873347902,18.888112906429,19.5224594954506,18.7514694562167,19.2912868408132,20.1948818253823,20.5404129844941,20.0747254495337,22.4790220358579,25.2691466967594,24.9551783401518,25.5848891475391,19.148718108977,13.4842252014093,13.4842252014093
1.11222566547462,17.7763554011839,17.0832840711815,17.634109116551,18.3152595407709,13.8004111940394,12.7647758306885,12.8845437806964,16.6215518932123,16.8377209121583,14.8815385516086,15.3217067326998,16.3107213605568,15.6754523435541,16.535945056423,16.0246899870143,16.7796624831555,16.2256613764938,16.271550497842,17.221060599329,16.4294140910674,17.0864704360803,19.0769844062507,17.847958447617,17.894780233209,16.9253537594552,17.5108767389137,18.2007842781117,18.4604411449464,17.1265232457999,17.2824763643599,17.6751815498595,17.0752367359243,16.3320448982376,17.4868122071779,18.7612072399752,18.3295166625921,18.4497672773722,13.7896717925878,9.70422570147336,9.70422570147336
1.11222566547462,17.7763554011833,17.0832840711806,17.456961237711,17.9160242427689,13.5013602356359,12.4891609787449,12.5580647424848,16.0495984516604,16.3261987877665,14.4343632048754,14.773832719075,15.3204327591784,14.4101734464981,15.0765528185794,14.5935004317992,15.3287873761213,14.8614347936431,14.969074010793,16.1198781158996,15.4484536443573,15.9478825750719,17.7200595778382,16.917696318895,17.1235559027124,16.4058216072459,17.2162749324604,17.8746513269089,18.7252357538906,17.9631337916553,18.0942907656885,18.9619771767409,19.9495807565295,19.2184912952597,20.9406656176334,22.8106729973376,22.2861492997582,22.4646049581044,16.7074956671587,11.6796562893774,11.6796562893774
1.11222566547462,17.7763554011833,17.0832840711806,17.3683872982844,17.7158716782911,13.3512801351507,12.350135925155,12.4017514398769,15.4150207162508,15.5200031071148,13.7206876601605,14.0579729095985,14.3257312379538,13.1890457578961,14.6138079168647,14.3642127094165,15.0954278002882,14.6405711094897,14.7153297605112,15.6495084366801,15.0571325652821,15.2525949139563,15.775160885147,14.8193373252043,15.189105132038,14.9625065312537,16.0300532190736,16.2555623876353,16.4576247665425,15.2840997598679,15.3441654641515,15.6354261241606,15.519775140509,15.0432152224342,16.6895194764583,18.6621298911647,18.4893910555282,19.0423974452388,14.2791152580206,10.0690338634159,10.0690338634159
1.11222566547462,17.7763554011833,17.0832840711806,17.5455351771267,18.1154125314066,13.6506479050448,12.6264463116148,12.6948493732692,15.3942689196413,15.2651334535372,13.4923750238678,13.7113733583555,14.2505304374464,13.4915817953612,14.233269270147,13.7989551134972,14.3313624261275,13.8192143658347,13.8540634949907,14.5302569061581,13.9424169515745,14.1857921195445,15.0565907221203,14.2495613884003,14.2700123404292,13.4170315419561,13.833816594577,14.3764420938927,14.5298026312431,13.5555023797967,13.6915712617948,14.0509285009411,14.0753539986782,13.6438916059429,15.7599460183972,18.2766726200545,17.9405567650629,18.2063732808145,13.5954665000656,9.55127762637913,9.55127762637913
