0,2060.73828981775,939.541351183237,886.172881152958,912.37060550725,647.805322046494,637.424614041825,611.890394740031,650.786893093503,644.535021345123,515.143277814681,509.226424698711,546.129214371942,538.390451980705,527.699398400039,570.360117797725,588.865799405315,624.304843851018,632.32162194322,692.241752879328,672.241266010687,672.16169576754,713.687122906324,714.299199628971,711.545543944002,734.005676024121,795.301325821662,768.800988386781,741.877786363887,712.417818016942,747.970336380556,774.908293143587,743.755297522291,716.479080712651,708.455978494089,710.354437409664,599.296713567186,688.251920265324,532.396685729231,401.02086406053,401.02086406053
0,1118,1042.65569263332,1042.66374780474,1089.31746796671,847.014524002276,783.660742414489,784.348351447354,818.86681223113,968.245421931182,856.778824628743,857.439337151251,894.390197190479,873.979319697454,874.263981382953,825.788883251383,797.410701085271,779.548244748695,759.013390784497,795.339977288427,741.287291446708,709.781529979004,798.270535199218,680.168889944029,666.987725669586,680.028434633397,685.339541952957,666.893671742341,652.431828145644,637.059992300368,617.124305085528,654.501522168428,690.72080824434,650.054558567568,657.363473313338,691.511010175482,711.500800801114,771.617667943618,602.489945034233,424.042816832901,424.042816832901
0,1118,1042.64600033151,1042.64600060702,1078.6460012678,828.498634717765,766.366246410163,766.391076688384,806.345828120022,929.114366615489,821.413421659373,821.536918021495,856.405461232063,793.701662051192,812.67502484306,845.2950884975,849.318796560898,850.545073431281,867.305620173602,916.768389230849,901.856492207124,901.829317982709,948.578533283617,997.862016948895,983.124867767213,1006.64775997837,1028.9343259359,968.279823410026,982.706718869801,945.834354999688,941.347527907431,990.791450413952,934.454328931272,894.017944379758,867.394845047869,874.962879401877,820.128364061572,810.553109479242,646.021386870533,444.549195756619,444.549195756619
0,1118,1042.64600000001,1042.64600000002,1071.96320430112,828.484508398413,766.348173245199,766.34818803545,803.378535897499,939.798050848878,830.781513703497,830.781551929008,878.781383005762,838.279460674041,808.457257877367,826.488626523021,828.941130901162,803.530100471006,795.840098500388,821.575486160206,831.151387682842,833.831862122439,878.541834630774,825.54259200104,848.76126395369,873.655905567418,898.568204128694,874.596369103351,858.05540270086,842.784437153263,836.546667292004,888.559351096638,913.904574325003,890.867175131919,901.26392718298,885.319112414724,958.288397295756,950.027331455717,729.87841537496,513.545334241261,513.545334241261
0,1118,1042.646,1042.646,1059.96320430121,819.491385848786,758.03197249079,758.044072419249,774.172946004881,912.917430397443,819.471773711182,819.53192500918,851.768239363751,835.724517673233,854.120211421305,862.696522739669,863.204295187077,863.81068503486,853.384980356267,910.539440369294,856.0404757465,854.769372339933,894.286125645865,847.673560210761,845.411511050075,866.731226479357,933.372101635389,854.693721834942,860.291085134274,827.249089920203,848.228839595706,885.076437798376,866.207737571381,821.166662464492,822.508912206249,849.740057650816,765.985889316768,796.725735379592,592.798697309813,415.606375415657,415.606375415657
0,1118,1042.646,1042.646,1081.37718279583,810.491389934353,749.706977718004,749.719084841609,811.423221603627,848.444201706423,762.477494768377,762.537811151345,806.462270192225,723.014300007605,735.530607315327,745.58858960644,752.11067481899,763.268997620267,788.152945285319,795.459606282791,833.997531047726,849.60178993975,877.433536207359,843.604837583006,850.188732793375,872.647809551059,946.032573949598,925.282985997576,931.575779021262,878.014894050295,874.354713687504,899.226375177107,969.554391718318,878.25387668059,871.277575783516,903.416755181072,947.356898252912,932.108523176584,748.784312784179,523.261984105709,523.261984105709
0,842.67519025875,1040.79132477981,1042.646,1075.91481720377,846.621467198355,782.962927799079,782.914535328592,810.157512094595,910.794609704493,804.99368513686,804.753067010449,861.732199150755,840.389010630803,814.462708555953,803.153230964232,792.859333602145,752.946480510757,742.074465136003,739.776463147516,695.101602890804,689.338543553763,771.615545953261,662.548684621874,652.049695513787,661.656856657018,664.272698525071,684.834824655619,694.89628802315,659.333835260716,677.378079615337,690.677602464259,797.676240417714,781.310675205162,804.852699216143,812.498066978258,846.455942056175,825.502062309416,647.442675149319,457.47317839062,457.47317839062
0,824,767.842597760261,767.850574086422,793.235288208926,606.343483044277,561.284283659806,563.180808261019,592.267943070475,669.775747489397,596.540027151564,602.897608717406,638.263670749719,636.614862176578,667.783981641156,726.372246581279,745.333931209146,742.840739392564,760.961077737133,821.838017981188,745.836610974024,750.805925533917,835.828025318507,829.746869444904,832.256379234407,853.801625021631,868.74774251134,833.456854649225,801.888931556466,749.606259866647,734.198765727057,743.210864610823,755.918228532046,772.897268697709,760.589375343842,741.515124691828,727.949305601487,773.308914962158,531.567745422924,369.278530389248,369.278530389248
0,824,767.833000328269,767.83300060108,783.784614158092,623.111750000525,576.373760578726,576.350910955873,586.458066312654,701.21213568221,607.385785686609,607.272427000191,625.726144617311,601.453438027481,612.439287157864,612.166290320969,616.617149754219,594.126634938174,582.913355142493,620.878761686368,621.109362413468,628.029631750002,675.661234191671,696.233962938968,686.37734616852,708.684398354015,723.419505628378,758.482316794091,759.803778662584,723.717326018962,753.82566156712,802.431462212351,825.124975672592,781.700693608616,787.817434622811,751.543092373423,778.063017987504,836.213625147884,660.106466961142,461.797956346415,461.797956346415
0,824,767.833000000011,767.833000000021,794.564182796138,596.145399810339,551.441813824622,551.478099985697,582.348954979028,664.70302657736,600.124565220396,600.304899417428,617.998676862448,575.186252348824,576.699217011275,575.999154374956,566.997252327662,570.436027648077,575.561099375449,656.329495124774,583.943312376138,585.452558775734,622.301340283561,612.33900623765,636.511159052306,650.175613726776,662.722564331823,636.600847599587,668.877706922108,618.150291824299,621.169235652925,655.436597842616,691.223330171309,691.226001075681,695.155365991567,687.519640853975,658.133759120106,691.049953232127,557.091426240482,392.632158469616,392.632158469616
0,824,767.833,767.833,809.150204300547,632.097218891886,584.680169507289,584.631791432298,615.632067837473,699.940193870589,618.59845242754,618.358009111176,641.830927193632,594.947713260414,598.880201527622,622.041226001912,622.667648923007,605.380611369677,606.868727015724,634.752572250424,652.302696098839,650.586968218131,699.208356665836,640.818732921962,639.669918695184,650.301008469352,661.160504595446,638.118447342072,635.291157640996,586.137006375336,574.986584227026,603.351218540247,593.591606052653,577.782003221001,574.897644219763,578.172272530724,604.801255948811,599.520614529417,485.175849360933,341.470522836483,341.470522836483
0,824,767.833,767.833,803.833000000132,623.131619488871,576.399182809354,576.411253926155,601.449093601587,687.331024894662,607.637724643821,607.697724294119,626.530769993516,581.437005260498,581.950582402094,600.262559520912,603.442379758731,588.027338291191,585.177716426936,598.680892202718,587.356898126106,581.910838424872,623.093785528261,612.532841007627,598.200150414073,611.100600266186,657.380875850263,614.604346770587,606.209898698147,565.382873253963,574.715656350728,605.791639847802,610.463367541254,594.40129451575,600.507547008676,574.608955999547,590.242410827579,566.945835962182,442.136784194935,309.26554660301,309.26554660301
0,824,767.833,767.833,797.150204301075,623.124754080838,576.390398971163,576.390406157979,605.360071963241,681.874481901059,602.777069827672,602.777127462985,625.374483154521,565.595751055835,565.607683660913,569.500471303691,574.82940990582,560.619720757009,568.227361921362,580.490494015833,575.67660233327,577.070360090443,600.455473624756,595.204989713437,611.651207301906,616.987329642841,640.421077124398,644.518258127036,665.933597735428,629.972919901643,615.881104829179,647.848182091325,634.173318951994,609.049771487589,607.237348531479,603.768510961322,563.161078410302,557.104720159229,411.170783491215,286.53951678442,286.53951678442
0,824,767.833,767.833,778.467408602282,614.131635846221,568.074203737508,568.08630366145,573.245515908431,679.838657747974,601.014553255806,601.074664913791,621.310626292114,592.343623381174,586.876473195776,578.071178468909,573.217685803928,543.585871745174,543.685397213508,544.699835411793,549.743615980436,548.581907911568,552.349298923451,543.807631655453,527.716399258428,526.931626817367,572.058947645013,521.072606291926,511.431658472767,494.47433743083,509.144317861636,562.798124614982,547.542891628777,533.589438050188,540.280632007483,614.217378597634,586.578514027796,594.120912297618,461.43162738008,326.150434968436,326.150434968436
0,824,767.833,767.833,774.515795699189,596.138525778148,551.433018952408,551.457225995683,556.441929658659,637.910414399507,563.987224125279,564.107623970428,564.37214091441,530.572770035376,531.638781589682,545.14136197266,546.568435408316,532.318642428389,523.865776805076,547.398510950839,521.096718490968,532.229260308422,548.193213587614,530.692926904161,540.701289482477,550.804459215328,558.517541074462,594.676587326694,576.005339210833,541.087272654327,540.096855099444,584.496070687063,618.57001212373,570.78088092244,570.263108114734,614.517055717053,661.919152884057,665.571158444338,505.786821815931,352.863242405343,352.863242405343
0,824,767.833,767.833,799.881387096642,605.11787233974,559.731594235891,559.71950872835,590.560305446807,650.632799821115,575.122250805992,575.062175411292,585.527495572304,545.781956302374,539.30711651663,542.939795613051,547.600380456721,548.204811518496,551.108953125247,563.694672057408,551.394701425992,544.042041328268,588.660966015209,534.956380188337,542.319847626785,562.150354379481,588.41253662566,552.120393992227,571.464011000198,530.889503159602,533.991128794878,561.14368856372,561.441915269962,572.77055166844,571.389667151666,615.832393724367,579.646071728636,600.270054474429,457.500074840414,320.860529980745,320.860529980745
0,824,767.833,767.833,802.467408601754,632.104088382918,584.688958569408,584.652651615024,610.690767697997,699.996765340254,618.685537943969,618.505006700258,642.108717355992,606.395320630019,610.784789326427,593.19112528764,588.663496628163,579.694404765766,573.122668058103,583.234423838417,563.684187678971,565.263342147294,589.514683569663,573.094009690886,570.227512695455,591.627052709811,625.907207070262,594.617048785066,602.678897200555,558.870174175294,554.278617539272,578.940208931642,558.204903703136,537.370029394676,536.165775132007,610.750902823237,606.951762134445,618.885666439173,480.390676905088,335.13435302785,335.13435302785
0,824,767.833,767.833,805.198591398114,614.138509413507,568.082998014925,568.107176238217,607.031184649974,674.495273441715,596.328133034389,596.448321763621,626.010495661076,582.4036331062,583.433579051425,577.414840197881,583.770809889984,589.6922551566,591.190944048763,648.020512093026,583.183546000318,578.277021360437,583.653693496451,560.329335349777,560.876111219335,585.200468175224,598.914966585165,600.02993997016,589.609100807529,552.189955270988,549.109653947624,571.333177923287,597.682373885773,525.609994008919,525.334683926602,578.200324486753,605.363878465282,603.970013355414,477.011768155806,334.752111598587,334.752111598587
0,844.602536783359,767.568046397115,767.833,795.784612902961,631.452960563988,584.697784239047,584.673598794712,606.779924556409,705.453583531436,623.546628594283,623.426382049563,653.863941848825,617.160299680239,616.11858238827,585.697425531459,584.471869737847,585.185888977385,583.414923922916,642.300634584729,626.196597049803,627.11962004929,639.377074404786,592.255890054415,583.828566094956,623.3190039765,619.08003668843,619.183438755832,600.047695575159,564.122205878885,565.097614177173,589.173644535102,587.217524027439,607.87490070352,602.818560397702,588.623300006943,621.6518887235,610.900809801161,469.727904757636,328.621958880121,328.621958880121
0,846,787.005315575339,787.004746776559,839.100157312446,616.442053661549,570.187864623984,570.095608308884,612.88877553987,656.528913761639,592.601366126597,592.361803882987,610.72217384235,577.5297576243,577.586041251065,558.956249539467,554.905492839417,555.944826553685,565.455946503906,594.000327091837,608.591277531721,615.476870876625,648.847485214707,607.059671327673,616.344803233124,633.751447151924,689.92142073176,669.959426956898,680.688013528658,648.163156496905,637.556988162321,653.810787255922,636.470172741441,610.7357629085,608.423912003895,604.357476773624,561.963238084542,567.458395378605,423.597458467201,294.435278825147,294.435278825147
0,846,787.005999976591,787.005999957137,830.909225716155,670.463144439524,620.163750816982,620.091080606423,638.227955168443,721.241471231319,624.938548826128,624.57736844815,635.785638730722,600.997054170506,591.99360696298,578.865941260276,578.544054700185,550.549823958313,551.184671027495,595.458082963224,545.170284747481,540.889251736843,563.223512159145,540.530185027742,541.023166650381,573.675812911602,554.891655240845,551.220684071526,561.77812263392,545.648382726221,554.111876477722,568.49545704397,574.6927950575,538.695181440077,548.318744697422,536.500806846526,595.975044777719,598.288638147109,474.702675707875,334.530787802868,334.530787802868
0,846,787.005999999999,787.005999999998,805.688795699714,616.545790495287,570.319490973945,570.392047225873,587.406795196104,637.813629064678,588.881383776446,589.241995770328,602.032529642941,564.954132620761,579.920652338471,577.396738665843,575.163130995838,550.617849920045,553.763440769555,581.59955086803,588.082193335318,589.184020729286,593.911790220411,575.901213750186,567.544465371052,590.483002084124,614.479918192484,614.681289972238,603.259413352569,565.030486965269,572.875477502737,575.949289147862,570.579885489271,568.237239634733,564.099454827585,554.628397247423,501.456820095836,491.04965610631,382.534908978989,267.166840889517,267.166840889517
0,846,787.006,787.006,811.005999999868,625.497638684928,578.582883898485,578.570827176668,601.532996453354,607.637542658468,537.114569199503,537.054780895076,554.223157536646,510.820198966425,504.437904480748,513.649855804365,516.506138568693,498.60054993779,493.170197356666,518.547779630217,507.938765155533,517.884669721424,535.281220067346,512.091350356078,516.591189419273,524.796784671674,546.871404657081,514.731303825397,538.030433555858,508.386520931618,501.591893865595,518.374976884263,510.989724529318,472.902884218574,477.904343028431,507.374036793695,525.439652109092,514.997829393201,398.542519283353,280.465227708741,280.465227708741
0,846,787.006,787.006,817.688795698925,625.504495924018,578.591657285049,578.591650106785,597.621984306841,627.13877516932,541.975074140254,541.975016549991,555.377660965291,531.736221670023,531.724126426419,533.128947482247,530.403417419926,528.490521261746,524.473331212818,537.208491879505,522.541262121231,517.700345263582,534.757980177387,515.967233546455,514.645135756871,513.27909304585,557.868140527397,506.864314769967,495.436049863119,465.966476048332,474.806912478972,498.179241624059,501.785824178788,494.984983724429,496.437351565624,525.233555282002,515.822298767321,518.86657851121,389.883065714126,273.80688363758,273.80688363758
0,846,787.006,787.006,802.957612903094,634.497614153782,586.907852512496,586.895752588559,589.979249654846,636.465829886607,575.014171865592,574.953992418082,574.821774697742,557.60159177382,539.182834208921,545.097565807069,546.955896283284,543.265037460301,549.229880920814,560.396636204817,541.02398151536,539.121567267946,569.641582390713,529.004877854062,535.977475457767,535.566954732905,560.970650693225,565.466416996009,565.278262168559,524.816435968219,517.910298681838,548.251970274316,536.96889474691,513.707680916756,511.175841810845,507.790222661726,541.783273686576,538.60261995448,418.83112267162,292.110239586657,292.110239586657
0,846,787.006,787.006,793.688795699321,607.525153440836,561.968087219622,562.004379774713,571.966254736941,604.768694395438,509.895939364986,510.07642299253,515.771346790682,508.299646795098,515.851069950117,527.8061967912,522.025024525506,518.153269630884,514.146290055908,528.221703743893,519.836564724743,524.350255583608,549.136277128953,529.672301120152,531.055430726546,531.875973487919,556.185948344336,549.641073358528,539.365514591514,506.746797066775,507.084716257528,528.678285254529,578.35856308478,522.898430731255,524.143208544075,555.677822523667,494.294314221954,514.153397060239,379.802042370443,266.008208677077,266.008208677077
0,846,787.006,787.006,799.005999999868,616.497626425433,570.257868213267,570.245789901094,582.238284415079,651.461694647374,588.270552372526,588.210359462803,600.07725963179,585.033375404007,584.418342273965,607.434131348794,611.227389441818,601.560251630056,605.3934690387,604.054847328182,582.405138706638,577.410523101074,604.175832501718,560.988755754477,540.81090685534,544.217034113243,545.895318932346,529.400789331621,544.844508144072,503.112105329609,503.08574305927,520.07069454125,536.528832215887,537.592406510651,537.64871341347,577.158870244413,616.963441729606,610.656805286757,492.993208287839,345.905488705084,345.905488705084
0,846,787.006,787.006,819.054387096774,616.504495916736,570.266657275731,570.266650084641,602.145290955931,616.137518299896,557.081135957568,557.081165897391,574.380242954374,538.795871946373,556.72094230438,561.500649939519,567.10972935868,550.23185456964,551.440518376772,574.258710959355,531.980798737574,532.13712175225,543.19098538547,563.46913357489,573.384562463053,579.625335580095,590.032397081785,582.613205807328,575.370967643545,532.179566780108,536.745910634609,578.070216656208,554.415000401753,559.425542359427,559.074882352544,554.19571433593,560.88706881868,542.25222508527,414.73059785866,288.09342199994,288.09342199994
0,846,787.006,787.006,814.95761290283,643.483842466184,595.215232543678,595.178932780387,611.277730663756,638.708902294992,564.507112109633,564.326706313319,582.632759613052,546.394700165782,538.921195196552,528.107943894508,521.51158268561,503.228913554963,502.075599158754,547.441815749709,507.37090832161,511.910631442845,526.413408622709,492.242060369242,502.042659781494,512.617329505389,529.02611236113,494.977803562888,499.006160303129,473.826767043493,468.701287493941,526.427215131352,501.226807834398,483.833490163106,485.322300678629,506.047424402504,486.052480793731,478.227714511098,370.784905128999,261.716299735133,261.716299735133
0,846,787.006,787.006,792.323204301471,616.525145259729,570.293076752435,570.329354899672,582.351898230095,594.971585560556,526.066387918364,526.246747729988,543.941047107836,507.054665975573,508.611405254598,518.821849829032,525.820500554529,509.877844716628,515.941349824455,543.500207827261,544.83108794169,544.233975719141,563.528495058212,536.718714107579,529.629361572354,541.649301726893,543.007086944368,538.126439324898,546.213415987901,511.471424902331,516.812893737829,536.6863997557,562.702057521873,524.832166051252,521.45319277281,516.838393743525,551.443255672332,535.609213623515,411.625482667029,287.530867333319,287.530867333319
0,1203.73495687469,790.980304043273,787.006,807.054387096906,611.295047161008,561.950488175861,561.962609694475,578.93980338605,587.365857249253,519.268671095249,519.328916223074,532.86386764587,505.218229610478,511.684686648375,506.456994455535,501.715323179883,483.523963344173,476.749573479926,490.033856894918,484.514357069432,488.048351145531,492.66457110033,491.162423498499,491.439841477678,495.881777599729,537.935835811375,509.281680756456,481.477239280507,445.680073232016,451.716212288435,462.724668141754,495.790354289314,448.77516494659,454.168142885229,457.883104534543,436.707036037669,437.578497132726,332.498977873101,233.462657649521,233.462657649521
0,1228,1149.45439856229,1149.44392599634,1198.7844100965,922.005264274528,852.309769949224,849.828771018951,891.175675587292,845.021534070388,741.173076708994,732.870048915028,733.937969696932,651.948081108547,613.306352025752,579.44030151033,557.307443780167,519.715423006319,515.685532899974,510.956815039754,486.905304386545,483.863441075936,510.014839368609,461.913533804777,470.137855742976,471.033567001232,485.351735565509,487.776775923681,518.079165954849,476.661876243827,475.037080410503,500.836841274349,487.125742199166,514.721856794536,515.240691963754,517.000998075308,531.195496347336,521.252922418401,407.176478236561,285.087997400705,285.087997400705
0,1228,1149.466999569,1149.46699921081,1209.46699835181,941.585468183468,870.961319579123,870.935352360284,904.010232885408,897.722008183233,793.50634606263,793.376895605291,813.195682719373,779.42754231077,772.274959860005,788.282529636527,788.982059201307,745.854482538597,738.277022073573,768.50785254216,689.636114151672,674.560956792834,689.876096306865,660.302266689364,634.535172527772,631.136801417841,637.638278713869,605.35374862947,569.575560794742,507.002192368968,484.202963011999,509.576527921958,482.663631001542,451.838842813384,444.548789279198,464.78013179793,437.244816524974,457.005646457013,330.142599800574,231.377605240727,231.377605240727
0,1228,1149.46699999999,1149.46699999997,1182.73581720424,941.600241216682,870.980220012346,870.980204544324,896.010533589101,895.688454323804,779.372984467491,779.372962484034,795.268934160055,739.104499386498,739.137089607105,752.217216014781,752.506292609067,721.930439916266,726.48475527785,752.178755874125,739.699697054055,742.732541810449,749.060071461526,735.850929149998,753.234025889819,759.339700767996,792.809716879082,777.34956767629,779.008863040065,748.661553823116,714.635792341076,733.155129293325,741.836380774909,678.100571217073,664.723081916265,626.090020216985,657.875602988468,638.856153463104,506.833887210476,349.608028337731,349.608028337731
0,1228,1149.467,1149.467,1188.19818279623,905.627793369969,837.715471180948,837.763870850452,871.733269210563,881.881375144279,779.731862787561,779.972340532306,805.901895470337,785.794648430874,775.858320603766,785.436726647171,792.233904185958,760.06750639488,753.592317284041,788.809649377279,744.653792399564,744.588780338753,755.783375080844,690.796388884761,687.447876670506,692.098903281379,694.505513537218,671.204534681776,687.713085289031,675.84226035533,696.291941572812,716.329627717586,767.402436356486,696.12822383728,702.248037526927,648.711795470263,644.791468837177,642.379324440721,486.827997368459,342.895221047824,342.895221047824
0,1228,1149.467,1149.467,1189.4186129027,941.572722987023,870.945012246747,870.896641383755,891.957599602326,922.197808031346,815.074204105135,814.833790383324,826.306705955806,779.904555601738,801.707143567519,789.038827955974,781.745300302949,770.314663213408,757.092850864652,758.784664581114,752.460203301192,747.796553306366,778.810841809,731.974035265252,717.115424383255,721.709229328363,742.293437640619,715.734533327349,707.269980797426,674.191458427539,675.349397369524,692.097043628493,703.962482887142,745.780086766152,742.81261118408,700.398262005423,684.308423617555,658.11053731982,521.84213346059,364.594733377824,364.594733377824
0,1228,1149.467,1149.467,1213.56377419394,914.620891178897,846.031640281279,846.06791124171,888.938756781929,901.266454721846,781.494137282941,781.674439459304,788.771383145717,736.967593977565,732.552977018674,744.064269648709,751.019238326762,761.421030787137,774.695083492386,809.129659340035,753.673425293846,757.342849087611,768.39094532154,766.595651124384,783.867372009824,801.799904281471,799.033291304716,761.76019163396,772.613488168616,722.187658580269,729.142348545489,753.59165406936,757.828750695486,675.83403433258,670.871399927724,644.057966788336,638.893458244482,627.521740819232,465.077092600945,324.174468525623,324.174468525623
0,1228,1149.467,1149.467,1212.05302150458,968.558947199165,895.902387031917,895.829809108549,918.936402317669,999.067497088999,882.952580173895,882.591722393159,881.799705845087,839.248378233128,818.230423299787,798.677758872947,792.289742815785,782.977638822043,759.264360058863,791.721875057967,749.054011502586,744.642764583593,767.648008442442,688.658564590154,685.857477394503,707.949902252769,707.861375537385,682.760270124394,683.746597421676,642.197237880626,638.207636282481,670.42729861027,725.419587621179,704.632240520744,710.266192814576,723.040937137275,692.964896369282,692.562085995559,536.100848909114,377.442974948626,377.442974948626
0,1228,1149.467,1149.467,1205.51538709743,923.634654682949,854.374249779787,854.434706167422,897.320580591923,935.228556752115,826.927856763044,827.228385585799,838.484682613676,788.707615914437,809.163202897149,808.155559013359,816.154171554007,840.560618979354,862.115807536418,900.181452148924,859.972797221175,862.146190592387,912.331970407907,841.380261709098,840.165539310877,862.055620040261,904.832930662417,814.399925349098,808.616101160872,753.035714972707,743.679647145258,752.117443662198,793.603693983313,747.584312403916,735.027099832017,713.039760249442,752.245979724402,719.083077633638,566.921964872194,394.844918762227,394.844918762227
0,1228,1149.467,1149.467,1201.41861290283,950.5796129068,879.278827446103,879.242563681046,907.341383951411,984.252710858464,869.967930633101,869.787626712741,888.093329815498,832.496751607003,830.930181022049,800.934284404361,799.086027611886,775.810666014168,773.184673707172,785.590203911482,769.136591729663,759.72548445881,772.039912239604,760.140221110629,760.2412347621,777.124562210847,845.435339690745,813.900264920347,798.634392359023,757.623766385902,765.819162397866,792.855414471151,807.883339866122,814.037653535261,822.300438547734,802.175677704449,765.927365535816,741.40284602865,558.805210124573,389.728982883716,389.728982883716
0,1228,1149.467,1149.467,1172.10140860255,923.620895271872,854.35664551797,854.392923686593,863.506483022789,940.515231284672,831.526970806241,831.707330730413,838.804540559806,794.038648316322,789.63530771446,782.581312877125,771.322443461049,750.349508544919,760.124943071291,762.730385594531,759.428307661602,766.211780613047,768.025422877942,721.882822404441,723.454546845694,736.769192892766,763.991415907626,771.34360493072,781.810645399888,731.017406637949,740.676560724852,771.572513763137,818.975301326362,740.129339198902,740.896841299651,741.93546032857,757.979840367432,728.199342481103,573.275150304961,402.653879493352,402.653879493352
0,1228,1149.467,1149.467,1181.51538709704,905.61403395197,837.697866910276,837.722088348576,863.61578497122,909.27372068999,803.872422389047,803.992858384947,809.555746416492,756.346135502701,763.350891367985,797.842387104064,801.675386920517,765.980997122239,764.084821205766,798.093781204215,741.381676596545,743.23725012193,784.521140107643,705.132971645899,697.567218347554,709.119000835521,710.140740215146,696.562325729359,704.202415505026,650.338759237854,642.317102560062,685.020555713553,756.521857467463,731.778779686295,737.309741530574,756.993746269424,739.473681008724,720.737497668615,546.727131409343,384.643757642543,384.643757642543
0,3153.40071029936,1160.59505132116,1149.467,1197.4669999996,941.62745708771,862.628811773291,862.592526434956,887.600317296608,953.067610565616,842.400238671242,842.219841009907,848.525452161885,796.094399998945,794.537070391524,806.913373965765,810.351841323879,778.954096196048,772.865970728379,785.379616052112,770.547054298783,770.913329717091,809.972634301473,786.363587196981,785.462875760677,788.906949678198,796.712549142073,756.871628200807,757.32839995929,718.983528647993,708.896328143908,741.705784693622,795.208312241684,795.52501563755,788.90434933055,788.428665256244,803.661849646416,764.399016741841,596.076558213691,414.934184897762,414.934184897762
0,3284,3064.87403506789,3064.81838311105,3132.73334825477,2402.12517543199,2219.12058655127,2206.19168505428,2247.22007853028,2136.63015418544,1845.46014164658,1802.6061253255,1737.19108219107,1531.0811251787,1362.2612056538,1129.58301979689,1037.54342069136,892.572516021638,851.661840133012,839.836620597902,762.709486000996,750.295309053073,809.397107494423,740.305040987413,747.889893787318,756.593456277974,827.682986024451,732.407463417142,714.334145281877,681.501232052713,694.030719787924,711.546368055107,732.966193043973,719.300202380251,722.075805186808,691.908055039362,720.469824922952,694.280033756261,530.527740761016,372.312737415246,372.312737415246
0,3284,3064.94099770962,3064.94099580618,3182.35496973701,2437.4298108833,2254.6133850303,2254.56784529562,2328.41819556656,2279.74921297658,2002.01198169876,2001.78391952081,2019.97801069282,1878.77014843532,1882.45242812862,1874.9815834029,1875.52305271281,1776.98239685317,1751.16421243878,1788.16443446977,1634.3720297242,1588.79922148791,1609.58178514403,1500.77799094329,1448.33996378596,1411.47748037088,1438.41283997325,1376.62365403307,1325.28185618853,1157.56028212355,1064.39148520744,1043.07249157459,961.676550531836,881.845094567524,838.441362278135,792.159959798297,729.103026834071,692.92638411251,526.778877176907,364.23279380421,364.23279380421
0,3284,3064.94099999992,3064.94099999986,3202.25820430012,2482.42130536044,2296.22749909848,2296.16697234482,2374.12936083976,2361.33267600964,2087.23203683189,2086.93108571066,2103.56906632788,1964.5157704663,1938.05759748908,1899.67585929427,1909.5883692535,1847.81698241142,1843.20698538638,1899.27652711194,1804.37726114849,1801.56840496995,1834.46009558063,1755.47370897763,1745.59791007355,1783.90219932992,1779.61878298711,1751.16889065651,1710.51017035404,1576.5166479575,1561.51198055539,1582.89196573362,1560.35089497458,1438.03150847251,1408.39757495925,1334.23285033042,1297.10177634442,1253.08137782794,924.065728461178,636.411935826096,636.411935826096
0,3284,3064.941,3064.941,3196.94100000013,2473.46261538187,2287.95535255472,2287.96741643862,2361.00525161598,2369.05135555034,2081.13256570152,2081.19250747393,2100.02528672236,1980.33091994103,1992.75222876498,1941.64599150365,1915.95094464853,1854.26779268919,1861.67866328097,1888.77505826885,1845.77039821259,1834.11507409086,1841.97140722247,1806.14546082793,1796.58897092751,1830.47666536806,1900.18841262758,1800.82788752785,1847.9052724768,1720.10865712002,1708.76526275237,1732.46390305965,1707.81465979498,1652.16443648693,1647.91110762489,1553.66303514774,1557.02377981859,1488.56356690839,1169.04915243004,814.802514183473,814.802514183473
0,3284,3064.941,3064.941,3163.52702150538,2473.4557540784,2287.94657396804,2287.94658115056,2340.06794027394,2401.05683743138,2109.38835056199,2109.38833639751,2126.68648894186,1996.71629740732,1984.76049860109,2013.14747523068,2020.67624154561,1947.19248224554,1935.39191161106,1980.68168195364,1903.26602582118,1900.40598929346,1925.6491703107,1827.38114603646,1840.04315958123,1869.23618790672,1929.37754751178,1818.86726464272,1803.86181256755,1680.95552662294,1676.10860836756,1710.19203861515,1773.90337631225,1596.35863323755,1595.84974280889,1551.21680508062,1505.0493427233,1489.14719425205,1105.08037640356,775.031707193059,775.031707193059
0,3284,3064.941,3064.941,3130.25820430174,2428.49017922141,2246.36561867513,2246.42611827776,2294.46371289809,2379.73986824083,2090.7300664558,2091.03073115174,2120.98818629958,2002.40483110699,2004.92448613219,2009.19917188325,2014.11653485751,1969.32810081706,1971.35790287753,2086.28681974807,1955.77943881134,1964.84707539513,1973.00998810462,1912.31950996672,1902.94520857403,1953.08259163647,1996.48538954337,1917.31074544967,1915.28985817741,1792.68464076963,1778.69411845678,1817.01095980696,1884.03888642256,1863.87976152229,1856.18682983256,1767.38012589152,1808.20426833125,1782.45785792937,1374.84372941326,960.069843061787,960.069843061787
0,3284,3064.941,3064.941,3131.62379569906,2419.46265629656,2238.00540490238,2238.01754084169,2310.87338884474,2394.61174359343,2116.87406204526,2116.93431129799,2174.26005339693,2018.29283811313,2036.63340116731,2030.83826460954,2025.69073461071,1982.90306229293,1974.87081244114,2017.39440972742,2010.59460914787,1994.05969278614,2019.11816541985,1921.08366451107,1911.60337000872,1945.99911948766,2029.1034464821,1938.34850042917,1937.96931403754,1806.57887579547,1828.30061203636,1894.49391858139,1899.618942651,1825.64633839558,1823.23992276112,1753.58006958132,1701.54993067139,1668.57081064992,1294.82487551764,905.791520908607,905.791520908607
0,3284,3064.941,3064.941,3143.62379569879,2428.44886825891,2246.31276401473,2246.30067132038,2299.44485021101,2443.86161066813,2147.19057333455,2147.13038088016,2199.20654652592,2092.32260762253,2073.8818101403,2079.16829382173,2080.83838399886,2026.96003541481,2046.77971060099,2103.43644020767,2012.50486727779,2024.60068999524,2071.5033752302,1983.15555310813,1987.75856553453,2008.85986410394,2100.40425846628,1972.82027192438,1969.66183358114,1819.39448211855,1804.86230283687,1849.6028482355,1907.48901825862,1844.63400447898,1842.88803190348,1845.69124100387,1805.80290506298,1760.50505743182,1354.49962199471,947.420675115137,947.420675115137
0,3284,3064.941,3064.941,3135.57540860202,2437.44886006809,2254.63775353512,2254.62564641581,2322.49676835825,2476.68697904036,2163.06228227506,2163.0021402002,2206.66177167369,2038.04648714988,2055.43084301974,2056.24466309566,2053.2318350177,1974.53237234364,1956.23907416543,2049.12760356581,1933.03159269655,1918.04147150899,1973.16747278552,1908.78276965065,1903.32119303464,1985.84416705002,1960.50433164539,1930.04028865837,1943.89681173523,1820.61227346913,1824.89538860974,1921.61502282892,1840.69461743856,1817.60216238114,1825.94387747167,1937.59642229825,1866.48090079855,1861.54751832284,1400.67831707589,979.828693700876,979.828693700876
0,3284,3064.941,3064.941,3171.72056989274,2419.46951759461,2238.01418348211,2238.03837611325,2334.90171615681,2528.65422495065,2235.40462494863,2235.52462710929,2309.18897041196,2168.50661431984,2157.45439210708,2176.66625111202,2163.34715459342,2147.78301550682,2112.27794004664,2184.09476311551,2153.97224799647,2129.52583087679,2203.83898500758,2102.67212970763,2087.18970824182,2155.5665902736,2273.5283749446,2110.53308308984,2083.18956130697,1936.74737763934,1928.56408140988,2000.53861676678,2077.75472859244,1908.0820300545,1890.16426189734,1924.88213625658,2020.97326981873,1973.97576418709,1548.384004019,1081.39282697503,1081.39282697503
0,3284,3064.941,3064.941,3228.98938709585,2482.4075572721,2296.20990932323,2296.12522428909,2403.04226211764,2607.5914201274,2304.8505418235,2304.42959848935,2352.9093980332,2235.3863768275,2213.91872496882,2250.49043005472,2262.35671265265,2266.66037600857,2301.80388970698,2414.87127123349,2340.54096892681,2341.92568962888,2442.68144085135,2340.04824200441,2352.09308376498,2384.62921048113,2468.34508123951,2376.7313410355,2389.48550215886,2220.94537897761,2189.36958954745,2217.51870828902,2245.29248992016,2156.05033382931,2132.71831533826,2056.95400167712,2034.846769155,1980.70278204066,1507.0022904574,1049.61749664428,1049.61749664428
0,7058.01014713347,3114.75227734235,3064.941,3238.25820430068,2539.53974978177,2321.22010216784,2321.18375198989,2439.10048653587,2988.59515287978,2329.84307818937,2329.6623986746,2381.16191211209,2229.02060191064,2251.33229531808,2261.66706298064,2236.62846724591,2172.7057358133,2160.09307189067,2246.14151153322,2222.83050271931,2241.81884920772,2363.03967257905,2251.60197625236,2252.36237094904,2285.6960310696,2338.98070511051,2233.67039327217,2228.38570158267,2117.12675198039,2117.17353275213,2207.06767271591,2231.15617243699,2126.47026598471,2136.12318504129,2127.48942614,2082.91593238678,2099.61906846408,1574.8852313942,1103.61290811598,1103.61290811598
0,7314,6915.84139863812,6915.73036772998,7076.78138263197,5509.30875294032,5090.41564587734,5064.52960857147,5188.74985281209,5933.98963677538,5185.16560210519,5099.21857835902,5045.07794449201,4530.45824001822,4170.99823505298,3705.55077055452,3544.81519285727,3196.11884117274,3050.30988745773,3106.02724955607,2760.3895726051,2629.59796822636,2629.70661896774,2516.51033569126,2441.11700391657,2447.22118723209,2517.48336514887,2323.14395043784,2289.93045860071,2148.42167112279,2135.10815292001,2218.8896730913,2301.22210547637,2209.84290084759,2211.93283677156,2305.33357876344,2236.46990860888,2301.07792614986,1746.01675135519,1222.69524243749,1222.69524243749
0,7314,6915.97499543048,6915.97499163293,7098.70616532435,5516.97756756442,5103.2029521471,5103.19656281677,5232.28361530732,6061.00516813491,5357.90805912989,5357.87306277559,5452.69316579882,5120.91564038293,5137.93295122687,5052.58092747634,5042.66619071085,4874.13377691807,4869.66856093719,4946.59146772443,4745.61881088854,4679.26061514064,4726.81384160239,4377.07719287195,4323.29820576504,4322.40024257722,4377.6361799388,4092.66855412251,3972.95593298087,3580.20516940229,3364.01653965439,3354.52274275399,3256.12454426012,2969.63109379266,2827.747313606,2760.47377498355,2725.53183559351,2682.99938113575,2067.42045359816,1426.58348524715,1426.58348524715
0,7314,6915.97499999984,6915.97499999971,7160.07177419242,5552.95370441455,5136.47241348473,5136.42400991768,5297.18156115683,6133.91721931353,5369.7786972832,5369.53821053922,5422.31014668556,5044.19595114179,5036.25215333288,4969.89675297448,4976.20248430945,4844.2896541829,4803.95651808344,4931.8527205262,4726.17126332742,4721.91697257973,4779.84564434758,4632.96446879287,4608.71362375141,4699.11186596349,4869.39740167479,4620.04854772272,4617.11947200872,4319.28652618805,4320.88482372373,4405.41531299718,4468.74058478816,4199.15075312107,4172.69560280729,4082.95061629735,3916.93935504317,3842.07519342744,2900.68960856908,2009.51489431883,2009.51489431883
0,7314,6915.975,6915.975,7171.92661290243,5606.93991857369,5186.40477540751,5186.33214707145,5354.28701560856,6306.70253782092,5574.90173473944,5574.54036933103,5649.64114891683,5278.15268447926,5245.05309881182,5164.60033332619,5130.72534595022,5034.86202081208,5053.93091360437,5179.30135438413,4977.5812104511,4977.2237080505,5069.38939691626,4772.32109716745,4791.48016110684,4873.48070695818,5015.66920486743,4802.04746229572,4783.77185020162,4448.51683455964,4442.88835816517,4482.81192968648,4498.17492667658,4373.86682715373,4354.44736605849,4241.75634281805,4328.70723909301,4235.18821027325,3285.72324161008,2298.67596019448,2298.67596019448
0,7314,6915.975,6915.975,7109.19543010792,5580.00188297835,5161.50905478922,5161.54531130756,5279.87122782874,6284.73542106865,5555.81752975442,5555.99769649158,5636.4968412961,5310.18206656059,5323.61149081834,5342.89493696047,5352.01425837544,5216.41855020543,5198.98181405976,5386.08215339568,5131.96186445032,5090.07229308652,5225.62464231732,4985.41644790372,4931.81434125946,5050.35789283261,5110.69699561577,4963.34897293219,4918.19726689141,4546.98435404177,4532.2214737844,4582.38402499866,4487.89690909527,4348.22303161697,4346.26428211167,4243.69986277608,4164.40571303189,4096.64191244107,3129.96869992772,2188.63786227079,2188.63786227079
0,7314,6915.975,6915.975,7118.7545698934,5517.02946316365,5103.26934182296,5103.35406284677,5266.07298342998,6159.63460805748,5462.06775715383,5462.48898895704,5544.60760930431,5205.82441187362,5185.6300113199,5204.01165436747,5195.277156559,5100.18017360571,5121.08455662086,5251.29551179546,5228.20075221522,5235.77392579872,5318.44748293169,5230.47582250679,5229.79584341079,5372.51965928639,5514.88676433786,5250.8787936924,5287.15503852854,4923.12098480209,4900.33334525856,5020.60880482714,4963.12305883876,4651.9788800577,4619.16625365637,4597.89865764208,4482.84246060594,4362.06715649358,3366.37070692986,2346.44134117013,2346.44134117013
0,7314,6915.975,6915.975,7222.80295698832,5579.93307773458,5161.42102300363,5161.33637400623,5394.91970893998,6242.00608557875,5517.67321313971,5517.25243176322,5634.92663618836,5322.78314872283,5313.23096401443,5370.16397409312,5347.99197131485,5228.35398328116,5190.57210286102,5373.23404992941,5219.12522319597,5194.31682535975,5311.03787944978,5088.50364433273,5082.37782505061,5223.97838928402,5435.92637959485,5107.34299615526,5089.48273851775,4757.9001750887,4749.94632640735,4907.03832778242,4990.65107499307,4782.51699835274,4802.24179205921,4927.85522668081,4876.47401254108,4820.03337576306,3664.51755618136,2569.92932387017,2569.92932387017
0,7314,6915.975,6915.975,7296.02338709545,5669.91236294518,5244.64451979255,5244.5234701983,5505.35723362868,6381.56046130879,5640.92737897022,5640.32556157333,5771.00509194723,5456.37787722885,5457.15334364824,5573.00318934367,5559.24297305902,5489.83652748809,5485.10915069069,5638.9472359954,5599.24176724623,5586.31169444203,5669.23188447227,5526.38501476773,5525.35944726097,5672.37889624162,5838.40985169289,5668.10268570573,5634.53516309685,5259.90961000166,5220.86446809839,5447.10318225225,5393.91681401373,5166.8090294999,5125.74189994761,5211.4758996214,5194.51904035262,5102.27764484398,3925.56678706336,2737.754028401,2737.754028401
0,7314,6915.975,6915.975,7311.9749999996,5696.96055154608,5269.68117393909,5269.64480211087,5563.44016853609,6572.87752364793,5675.72942202587,5675.54858894042,5838.94311480975,5491.59533837419,5484.08199858191,5637.1534193313,5632.81381467038,5557.55680608037,5558.85017132558,5735.36351654717,5621.43741073548,5648.01774917572,5758.67873808303,5513.82164792114,5519.25152678177,5656.9264416067,5917.5540497887,5633.28433497382,5609.77746811082,5266.04563973869,5247.94999932561,5484.30949752034,5590.85718994239,5362.97186703258,5362.75552238455,5457.0557919086,5436.39245769711,5415.31080542264,4117.41179152998,2883.36818471157,2883.36818471157
0,7314,6915.975,6915.975,7332.02338709677,5696.98123770403,5269.70764051812,5269.70761886352,5599.52557341177,6836.72612926087,6043.66561226009,6043.66464460817,6263.55221289572,5914.30468353324,5901.82720524249,6045.636286672,6035.58398432248,5905.79735699866,5901.57866012097,6235.44519239083,5876.26547243049,5800.15635248672,5914.87540409612,5654.51786983753,5612.55909875186,5728.089158171,5944.57160227265,5734.11815546077,5714.93671721078,5339.00432404391,5354.78238126874,5593.30390443955,5572.76419033773,5399.73615343877,5403.96990052587,5489.22829188156,5514.58547903505,5478.12198795039,4243.79206449211,2968.89557660874,2968.89557660874
0,7314,6915.975,6915.975,7321.24381720391,5723.96059246131,5294.65622628744,5294.61992651555,5585.87041771437,6891.43365201076,6091.91576346456,6091.73525021697,6304.84614923755,5965.245514855,5999.42528784631,6142.26692088018,6158.50081410712,6070.50890835595,6009.13545618294,6377.8844496651,6252.72320700742,6271.79936032278,6397.94529719598,6197.85469890831,6176.8443198531,6354.77237778895,6695.65959043958,6279.30646240969,6300.06566694028,5898.85019481119,5828.898252644,6070.87307750391,6070.8637762864,5764.89925492991,5709.53294417815,5645.13419279079,5644.93243584894,5524.09016607098,4261.03537562422,2969.59391078861,2969.59391078861
0,6731.51009639776,6987.77742638179,6915.975,7326.70618279623,5708.57209117331,5261.41788048684,5261.46625855374,5548.46598214354,6867.20481441237,6023.07105591616,6023.31164621199,6187.94442076802,5848.35387515666,5820.67168473634,5920.09187793379,5922.95232228582,5943.71826851944,5988.65899636688,6166.44853587287,6214.79277634858,6220.75644032915,6354.2820157038,6207.0129900849,6194.43165871958,6368.8823359672,6790.25883742081,6546.80903211968,6548.74643347832,6168.23650491741,6201.78270346171,6429.31176309848,6402.61800123089,6192.20615587433,6179.4137841896,6124.94148185655,6035.73912186805,5882.79768397681,4533.60832936054,3167.27581833704,3167.27581833704
0,6692,6595.5259705259,6595.53758088792,7054.29659875555,5578.95668341331,5161.06993037156,5163.47707567188,5502.62488453091,6872.66363052774,6080.84740488121,6088.37163780577,6276.96635458572,5929.11816196603,5945.82839214511,6070.53585796107,6056.79038177363,6007.36780200211,5969.00539827523,6240.97392456257,5990.09374790439,5946.41312128721,6117.01526443403,5927.61425744274,5927.04510232497,6080.44365354141,6331.71717158094,6156.59766965919,6174.77819466229,5835.77518391365,5803.38254915639,6048.65825936902,6060.57602698664,5817.21473984988,5859.05125348042,6072.49637500769,5959.53209440392,5920.05836301963,4497.98794438371,3155.15440010487,3155.15440010487
0,6692,6595.51200047783,6595.51200087494,6988.63565774042,5613.35746030877,5192.34624344337,5192.29959853679,5465.72569242217,6946.00622117679,6140.12617450663,6139.89444962162,6344.78940835403,6058.76255178266,6020.99331895154,6190.55317793591,6177.61325612412,6214.27503878763,6184.95636187057,6514.31124900173,6379.88521733848,6392.20801544704,6518.46622705294,6428.94082474322,6408.15740410022,6586.21589806477,6863.21263007954,6587.64383965355,6518.7899662879,6105.15249975581,6163.64416756753,6437.24800159378,6451.39898156129,6094.25363549798,6044.84220351956,6147.73147042248,6252.01737567983,6203.8727842696,4759.68401628856,3324.56136092143,3324.56136092143
0,6692,6595.51200000002,6595.51200000003,6952.92597849641,5496.47350020576,5084.26970962877,5084.4269808226,5367.37301624282,6800.92605231884,5983.88999126559,5984.67185102456,6178.38719507643,5923.04477267243,5935.72956103713,6171.85485656699,6174.11643680114,6261.70371246189,6296.91917363034,6671.88695536765,6530.33265851977,6526.60851822059,6773.71889638321,6538.67792346338,6509.117087854,6740.09299813009,7166.19237188017,6769.1426553019,6751.38718760455,6331.43286728651,6200.3255557165,6467.79093977359,6657.31617307416,6338.79918294734,6327.82243988692,6601.28936825838,6312.88057300323,6266.83624776736,4835.43739936051,3384.05824211999,3384.05824211999
0,6692,6595.512,6595.512,7012.92597849396,5541.34962394884,5125.73621810271,5125.6758121389,5463.33488911017,6913.53764790796,6111.38158816175,6111.08116851765,6328.91388066319,6029.29289830197,6026.6183280549,6212.69408465161,6248.17507244402,6259.76342043443,6246.23780136629,6493.39003431036,6505.24859925723,6498.07477163791,6753.57095588932,6644.1822021314,6693.03584695458,6974.02778493691,7465.23700677697,7105.22614197118,7175.16851895744,6843.29159577045,6868.87609625319,7171.45876264984,7357.48509857187,7010.13630188866,7001.48009966354,7339.50095038142,7376.82652900267,7203.7680309103,5555.20065291775,3872.76728759094,3872.76728759094
0,6692,6595.512,6595.512,7012.78081720364,5586.34955035984,5167.36112395041,5167.30058838804,5510.29331006881,7004.99954035329,6192.23350492875,6191.93246033582,6459.16702046416,6105.23227203253,6156.23591911634,6240.89223183197,6201.01503470018,6275.33978720057,6226.61466726182,6616.91963670547,6383.31916465909,6348.70038573988,6650.42109826711,6454.62530872801,6406.39692304491,6713.03387035867,7120.84621280963,6976.58940997736,6921.95239457602,6576.32970172079,6615.24273326246,6986.96886617821,7087.00716775314,6970.41816550734,6991.53456194179,7163.2069454318,7322.3198827916,7283.4655418131,5529.44221888596,3876.05055361258,3876.05055361258
0,6692,6595.512,6595.512,6998.19479569945,5550.41152291029,5134.14041375413,5134.18877739183,5446.40086265733,6879.03413125425,6161.75236779856,6161.99272368244,6413.42972740294,6151.01749648924,6069.60166778975,6333.05358816853,6295.91898322847,6455.57599759375,6472.33868276942,7013.39153161127,6833.06613352046,6860.66029709863,7144.44225494351,7095.90920343381,7063.90745686173,7317.02358166728,7845.53138621104,7489.70887676408,7489.3876942103,7055.26074178873,7007.72105936487,7342.94559944805,7518.92567970086,7045.67108194774,6982.87475319948,7349.35244639474,6946.79629199023,6997.03850664129,5328.69153230771,3720.2897083168,3720.2897083168
0,6692,6595.512,6595.512,7070.33995698912,5559.37713050626,5142.42141093442,5142.40933980904,5572.64337218848,6715.4406582833,5936.41259058461,5936.35316928445,6219.70501973827,5989.5500374695,5935.76293669622,6329.51513651313,6339.80911020275,6508.57015465264,6480.66541966229,6863.00025187218,6973.36035152404,6960.24210857581,7214.04504176135,7200.29148607339,7207.19962058834,7566.81186677289,7952.66738791297,7692.60272933409,7614.35013301563,7161.86008729747,7151.39199173781,7478.92269853313,7603.88508594254,7394.10599919441,7385.71243590996,7670.4388896543,8000.24409267048,7902.76694112167,6181.25893731726,4325.77391346985,4325.77391346985
0,6692,6595.512,6595.512,6976.49049462234,5649.31513748119,5225.59209493477,5225.47108855122,5547.21503877871,6924.85498592734,6121.1998099398,6120.59796247329,6476.78301195186,6284.41869450918,6362.53214301261,6680.55984166463,6683.69174023432,6883.14588531482,6870.14523892453,7222.55985237698,7167.87713413957,7138.25776616519,7287.56736742884,7324,7242.01816879637,7656.45021563869,8264.05875219922,7880.79636202087,7876.70973531183,7385.03358806812,7358.4664827884,7716.38100515228,7908.74194072479,7467.07169764365,7472.27092196859,7840.52757015323,7509.14077144613,7492.10489126713,5691.13796050966,3980.76457592894,3980.76457592894
0,6692,6595.512,6595.512,6999.85070968033,5451.53544765557,5042.72396731789,5042.99009350717,5431.57903040268,6602.8482068883,5849.3925426459,5850.71559003006,6167.0213634327,5912.68854608538,5930.04901907295,6271.4764446078,6289.83753727333,6561.55879296023,6598.93615774098,7214.97035522547,7191.91054178602,7109.48775312706,7086.67601746796,7324,7324,7671.8543247344,8371.2127236579,8144.96470588178,8154.79999844422,7657.58058989025,7667.93444300327,8051.85013721001,8338.08691819396,8007.49802045157,8002.98520836023,8583.82491546486,8543.73177797641,8435.98409230609,6530.47558879027,4563.67314047371,4563.67314047371
0,6692,6595.512,6595.512,7038.00124730906,5640.23948724814,5217.17030543545,5216.9163655659,5589.97093735548,6840.32109000285,6046.06338396882,6044.80114489892,6363.22730410029,6099.91298998858,6041.47771668698,6323.9159816163,6294.38488752788,6525.23908606331,6508.21148974862,7179.63589742749,7070.6353198464,7024.25532752479,7304.53334425922,7324,7324,7744.18209408194,8347.16500994036,8020.01176470588,7961.00000022045,7551.12189049827,7467.67728297008,7926.45058769094,8211.92778047907,7841.9002682434,7844.36286571058,8627.15476637088,8475.42199925801,8378.69605651761,6445.93472838725,4516.84651408893,4516.84651408893
0,6692,6595.512,6595.512,6959.46361290468,5541.45965843359,5125.87699999137,5126.00994791945,5442.39594869718,6721.91697984852,5942.58319983568,5943.2439886056,6255.60302599135,6088.17218084961,6105.70713520297,6443.88445069062,6491.30305040733,6727.580542439,6507.61920909548,6989.22325859581,6897.61873546829,6860.73909234987,7128.23635155293,7324,7324,7804,8536,8276.62352941176,8325.79999969718,7969.46070696554,7979.83397518731,8394.08802885973,8772.22531223082,8507.89489575001,8503.44964285406,9011.86114420201,9315.88078879331,9120.73626523152,7039.59219934078,4917.96378861556,4917.96378861556
0,5783.61542364281,6572.46103654902,6595.512,6996.97436559179,5526.74268851835,5100.8316874575,5100.8680663699,5426.76931770868,6644.9868687661,5874.28024788827,5874.46125691744,6117.66514422242,5911.41736405129,5936.89190911925,6141.17190754625,6135.85428896099,6350.9056127694,6361.24520899814,6819.62792160409,6725.42002322679,6717.7682266829,7034.53995081767,7324,7324,7771.95144157815,8524.80318091451,8219.62352941177,8268.80000000723,7847.98223227344,7905.38088276924,8347.59403220305,8592.90646100601,8207.56062920043,8208.01539989682,8770.59988540024,8513.08280436521,8492.99282152789,6443.63750795057,4511.98627647265,4511.98627647265
0,5722,5630.50408252247,5630.5315761233,6101.32867304469,4922.89954593109,4555.06314741267,4561.32856103148,5004.4486295726,6197.92363359412,5493.49194719432,5514.04172951674,5861.56928708838,5630.53318763439,5657.32421783492,6017.11722130452,6020.59696344554,6330.22523411617,6384.73013743078,6813.28662171248,6769.27337275051,6742.75666855607,7085.1601111938,7324,7324,7788.04855842185,8453.60636182902,8253.15294117647,8154.80000007911,7705.14409383894,7679.07455654224,8118.7796126569,8490.69897320856,8203.98609553308,8205.38497622507,9062.00944473017,8968.6951171539,8943.93636145308,6911.83921977086,4841.4262810396,4841.4262810396
0,5722,5630.47100113151,5630.47100207186,6022.22906884191,4954.82827474281,4583.20730023511,4583.16339292312,4920.89457366488,6319.20122743851,5586.03904340424,5585.82116540985,5964.35843575955,5878.51811663593,5864.64922019338,6226.23798407149,6210.07426510984,6486.68889559229,6457.93313821156,6923.44072792344,6818.32342358606,6838.7830645829,7193.98371622029,7324,7324,7908.15781487102,8511.19681908549,8291.6,8291.59999992384,7907.07052336317,7860.0944747727,8320.39049132352,8642.39146528798,8242.69309764606,8241.38791983019,9177.88710626347,9160.31881340066,9119.86435925181,7008.37375427922,4902.97412214574,4902.97412214574
0,5722,5630.47100000004,5630.47100000007,6002.61616129245,4819.95652282596,4458.49638704075,4458.67785971576,4850.30520869827,6068.07505776742,5368.97498661905,5369.87731597777,5720.94780438341,5507.26745138641,5592.59827091734,6006.46639938872,6047.27569604149,6353.70058438833,5944.26205873384,6473.26117914146,6382.74368493617,6327.95619348913,6745.69523168729,7324,7324,7960,8712.78727634195,8382.94449987899,8372.19441461304,8071.18569278001,8039.87049060752,8591.64826021247,8975.90843858773,8587.29692052853,8586.33766635268,9584.45610131016,9493.36365665788,9430.98652985139,7264.35108660382,5082.1869278369,5082.1869278369
0,5722,5630.471,5630.471,6130.66454838591,4900.79133875532,4533.21004488298,4533.10125364931,5030.4875545739,6213.26265993741,5492.18979511916,5491.64888701783,5918.25293702486,5707.35694778246,5619.21846059902,5924.26608217648,5887.48801175059,5806.46682234552,5852.23872338616,6448.6127473849,6555.48250231,6594.05589141622,6945.79393009168,7324,7324,7980,8569.61150384124,8367.57421213263,8387.41675617622,8001.1629215894,8095.07911281621,8675.60472693854,9092.78489582583,8794.40093018974,8794.26579686835,9753,9752.99281824063,9751.94216961284,7449.4577023694,5214.6083039858,5214.6083039858
0,5722,5630.471,5630.471,6127.64304300917,5008.77058309591,4633.08348938141,4632.93822557418,5024.60642481507,6400.20169958075,5657.3317880336,5656.60951324628,6043.54608740385,6007.5652996503,5989.37978471884,5771.60517299216,5616.90731461089,5940.2967356456,5899.57984738208,6471.57467655114,6597.81563883747,6562.25378781091,6899.30443471389,7212.45263611168,7088.56881441191,7768.53484760831,8554.04335475076,8401.69271814771,8390.52309344771,7986.87377014052,7929.48266124683,8542.85274000597,8901.4807486046,8563.34068109596,8563.69672518671,9753,9752.99999998305,9747.19608864689,7532.39965627555,5272.67975936436,5272.67975936436
0,5722,5630.471,5630.471,6074.47100000132,4918.92205932948,4550.02729326298,4550.14820597412,4911.25368008897,6191.52435199734,5473.67922797232,5474.28058240211,5758.30309802535,5690.46358240209,5695.78406810387,5531.36931119407,5502.2552900107,5743.52762651653,5703.8693162135,6343.64693067882,6265.19093039138,6209.56358108473,6574.41409839052,6925.44992115845,6932.94334898351,7717.709618784,8617.95535185564,8381.76687933814,8371.92588614405,8072.42092373738,8030.67837370444,8576.99514914002,9277.41691350881,8712.47444134679,8712.25258968051,9753,9753,9775.55549678644,7494.70733088,5246.295131616,5246.295131616
0,5722,5630.471,5630.471,6141.29895698925,4918.85329087636,4549.93930854861,4549.9393805365,5009.332652022,6185.55793202542,5468.0334450683,5468.03384377862,5797.02036497233,5664.95344788349,5150.41679775308,5378.32163271312,5349.95409331974,5622.48276072781,5604.86727736494,6221.87481983494,6212.40260143325,6182.34619316938,6615.08286656854,7137.55845672192,7149.55305607129,7865.49760056616,8696.42726534326,8365.61522896963,8376.34264232017,8052.10384532721,8104.27881720271,8656.06526955595,9166.0374846184,8947.43294040323,8502.70141692475,9753,9753,9749.95807761355,7539.938121408,5277.9566849856,5277.9566849856
0,5722,5630.471,5630.471,6214.51938709545,5008.78439158632,4633.10115643701,4632.98015728304,5127.81395208181,6367.91542849503,5628.86528935134,5628.26357897764,6022.94232524032,5186.54818977364,4823.22004155149,5167.17932004002,5121.38123703309,5408.99528742739,5395.0666937578,6022.5060083048,6142.5768558514,6165.49641003734,6712.12714575003,7047.52193542319,7014.60250857479,7765.03097802244,8638.67453279166,8384.28364849606,8374.79162191182,8059.23853920565,8012.28147846331,8592.80955948388,9138.63090967079,8767.8346856814,8910.02754949799,9753,9753,9824.7530750373,7494.70733088,5246.295131616,5246.295131616
0,5722,5630.471,5630.471,6150.27745161251,5035.83255156309,4658.13777396086,4658.1014021626,5086.50354188962,6421.37473946389,5663.66701399811,5663.48618107036,5291.73547769264,4807.82135802889,4713.61390384331,5095.05387419344,5108.00146705663,5495.32945700826,5554.01297860211,6072.16576859426,6056.4818668112,5985.39581812171,6422.98138019514,6783.27209342974,6782.74883402136,7643.38790020905,8577.16489220238,8367.63927171392,8367.0000000001,8095.07999999956,8095.0786693873,8783.1791926516,9351.82721499644,8866.643816186,8707.53734144636,9753,9753,9839.57425480678,7592.707377024,5314.8951639168,5314.8951639168
0,5722,5630.471,5630.471,6166.66454838868,4927.9358678296,4558.369960331,4558.5151377125,4987.51433533566,6278.56876109171,5550.70098745533,5113.36873432276,4702.84266881349,4721.18253092374,4748.63331999154,5244.43024661724,5270.30937573125,5603.00213532855,5559.25686087253,5939.62962779551,5973.66122017073,6002.34566507737,6394.59761312016,6751.78830915095,6761.71605903831,7549.3824161809,8515.81028563213,8367.02139995006,8370.40279269603,8079.42715359828,8095.07999998622,8783.81885347503,9446.08211069022,8396.35197755879,8241.55528357366,9753,9753,9775.06248428473,7570.09198176,5299.064387232,5299.064387232
0,5722,5630.471,5630.471,6156.96024731024,5035.77066895377,4658.05859923091,4657.91348662909,5055.03568394849,6383.31813813271,5203.15187212328,4520.14387727209,4804.54532989466,4930.74496132647,5042.78092501734,5354.4877382895,5353.05134462434,5551.88513232973,5591.38101424839,6062.92175623005,6169.13133903291,6179.04685978812,6596.30564826929,7079.47315501005,7078.72563195618,7751.75715668998,8618.67515262478,8372.77963239113,8374.13426423198,8062.26238453291,8067.48044354267,8715.48090606924,9259.70882477297,8572.88298452126,8688.6837010692,9753,9753,9795.13592558644,7509.784261056,5256.8489827392,5256.8489827392
0,6247.36468797565,5584.63402670092,5630.471,6031.6430430122,4920.64280364901,4566.68610331264,4566.81911603328,4892.29617309743,5509.76514995579,4613.1730897199,4638.67865749539,5003.69373243268,5058.2640926399,5092.65167838845,5394.67731006852,5409.05819510792,5693.46502433475,5638.27597981873,6110.70290534871,6071.39843146175,6052.56355884399,6615.06235916279,6816.63963204072,6803.30105021254,7669.06134450635,8621.63392017546,8374.91892841966,8365.92588614392,8100.02092373797,8058.28014785215,8691.33338058872,9217.6400141091,8963.71603487427,9007.01138299236,9753,9753,10586.2183053778,7555.015051584,5288.5105361088,5288.5105361088
0,6283,5984.70081649399,5984.68902913246,6406.17152239885,5036.68788331262,4658.39253253311,4655.94580955464,5085.74259904917,5322.52543711785,4724.50342322861,4729.10401691261,5017.23344383792,5034.18499557991,4988.54569394866,5307.72440689797,5323.33650203625,5674.55784571953,5768.27731241388,6418.00534723132,6494.7231413984,6564.9513956369,7063.08695791279,7048.57937748794,7081.27216203826,7896.0949712588,8652.3030818149,8359.58684337566,8364.67132116013,8105.79192266341,8131.87881722108,8718.51028020917,9182.74154237249,8748.62336137091,8731.98618383036,9753,9753,10814.6846510644,7867.39130434783,5507.17391304348,5507.17391304348
0,6283,5984.71499951489,5984.71499911173,6464.71499814372,5137.20948571865,4751.89156717744,4751.7566847509,4327.8054191195,5216.28756246416,4553.89609944445,4501.98255593212,4905.25132296203,5022.7239344806,5093.23105596832,5600.51979903543,5629.59753001989,5901.90885524101,5911.49996733952,6426.23780402641,6351.27343363506,6388.8146110313,6910.58670725728,7116.83046329524,7088.17345512351,7879.65387617797,8624.58728921401,8368.65117157904,8380.34264232003,8033.70384532785,8085.88073922553,8590.09382431543,9254.66534611936,9004.98167305057,8984.7943049861,9753,9753,10235.9919782987,7867.39130434783,5507.17391304348,5507.17391304348
0,6283,5984.71499999998,5984.71499999997,6437.98381720424,5137.28620439557,4751.98972290216,3612.16312367561,4004.79033663709,5088.40223545242,4499.38069280474,4543.08158935131,5059.52876370189,5212.94527506195,5288.70221153661,5596.810379957,5576.58882169191,5822.69828587188,5798.19768223309,6206.76938606619,6159.14069814862,6069.81088299588,6550.57686554865,6986.23027666201,6993.19456123529,7887.85085778056,8582.89185916921,8388.25137617811,8365.18045112771,8103.44992481252,7993.88147848321,8611.35223468378,9042.58358112467,8454.15989609944,8291.44749561134,9753,9753,10217.5014957803,7867.39130434783,5507.17391304348,5507.17391304348
0,6283,5984.715,5984.715,6416.71500000053,5101.31379334809,4644.53553280681,3741.38560391763,4154.12367469646,5346.44095459649,4830.35004175386,4919.61903102941,5277.12903608232,5288.37844967055,5286.62063243551,5508.34074180254,5523.18107042494,5859.27707227749,5910.21384080357,6345.19122472724,6531.94141667705,6664.85148434077,7107.9583244852,7095.06173427303,7122.83481872264,7916.54744876245,8611.96759799855,8348.52252731434,8365.14822771236,8103.59815252314,8187.07689521663,8872.65327538103,8734.52984772807,8117.6256244611,7922.82649439342,9294.51503484946,8955.33766646405,10217.391957128,7867.39130434783,5507.17391304348,5507.17391304348
0,6283,5984.715,5984.715,6423.39779569892,5101.2862663622,4029.58348442114,4076.48673147391,4484.9291799013,5619.71158536652,5014.96845390567,5044.19889683851,5339.05960778172,5318.17205986609,5384.428663542,5768.8901157674,5815.9145222676,6083.58978524175,6120.43723619322,6527.80904455198,6580.54142152939,6506.05012517109,6826.88480338631,7014.3356188227,6979.97638745757,7692.23740235867,8547.48448081284,8377.87185280926,8383.53705692786,8019.00953813183,8039.88236552875,7969.95121422749,8308.29565171562,7857.55493961569,7805.67945036918,9236.56218140733,9182.81265194125,10217.3913082149,7867.39130434783,5507.17391304348,5507.17391304348
0,6283,5984.715,5984.715,6442.08059139772,4520.61367774042,4218.13315176086,4313.77142250784,4705.34763169591,5790.68373661324,5183.81345799658,5263.31414459257,5590.22282481512,5510.36729052743,5601.17992670558,5860.79926093661,5824.38564356504,5925.0971928593,5775.37315518101,6151.93044089475,6123.65280700643,6087.00160195009,6533.61737500381,6935.79381246185,6963.68077133079,7787.98329955893,8657.17322006781,8386.66745604713,8373.38882921586,8065.69138560707,7316.17674403421,7602.75740953314,8021.01499476704,7519.76512338206,7415.52819204373,8835.84190805279,8823.67937252958,10217.3913043707,7867.39130434783,5507.17391304348,5507.17391304348
0,6283,5984.715,5984.715,6365.83865591371,4825.07606755693,4535.81010752343,4695.17929297773,5069.40910741656,6069.56130198978,5433.41045339386,5469.57524842597,5655.72763114781,5500.53358723672,5384.74228669378,5463.35200931529,5432.24699956752,5643.72973495595,5755.63204043153,6320.92602733762,6461.76697363237,6521.93578762705,6951.47136194591,7195.18814075073,7214.60293718096,7909.97417095658,8635.06371754012,8268.41673628341,8067.50400105351,7426.3706310942,6819.44973958525,7504.13806399116,8089.69597947325,8004.25800501098,8146.29759904615,9136.55791539861,9163.51060604295,10217.391304348,7867.39130434783,5507.17391304348,5507.17391304348
0,6283,5984.715,5984.715,6283.34940860387,5200.62654686657,4867.94029881457,4963.52260981123,5256.97966007803,6125.85644067456,5388.71318190486,5342.32355733667,5514.8277305828,5288.70149003092,5289.83272726078,5755.11135414375,5815.06962925624,6068.07606524889,6084.10680138323,6449.54944993527,6399.75914729692,6374.32330279385,6752.78688388505,6857.93047102391,6690.33472232478,7193.31636082447,7834.22540803423,7549.554776967,7390.52452264295,7059.90875464129,7037.19229637455,7588.25523804013,8091.27059805724,7617.10092380871,7476.77502372272,8986.58532050597,8981.57490091793,10217.3913043478,7867.39130434783,5507.17391304348,5507.17391304348
0,6283,5984.715,5984.715,6312.81177419381,5346.03723733418,4942.36083200887,4912.90029576967,5138.14300378811,5960.91029585142,5229.49718524034,5223.50769875635,5507.61673797905,5497.4112941544,5616.36580670287,5870.17643797057,5839.11886671167,5948.17262021025,5811.37916343868,6080.81733900222,5730.88701273204,5433.42612740233,5710.07372187944,5985.97116392423,5873.34210736195,6521.89983256051,7299.16709893058,7134.35091117499,7068.86343326028,6969.87178420189,6900.58437712774,7454.35071513561,7945.57167072717,7669.27946436653,7716.28176046908,9118.26600785652,9125.60335385207,10217.3913043478,7867.39130434783,5507.17391304348,5507.17391304348
0,6283,5984.715,5984.715,6331.34940860136,5145.49799546623,4706.06508852394,4621.38929521405,4882.37242698276,6004.29090964986,5349.43047681983,5390.42123556396,5594.47349585628,5483.32229868745,5320.24790907746,5218.29518470624,5072.74689291894,5102.48901563933,4996.13888582786,5354.69304710172,5275.41071325836,5221.5246631889,5617.30643912078,5753.72716789673,5731.00868915679,6414.41228593796,7142.00396615287,6977.50335795748,6951.84421816372,6832.58079714473,6793.5297586212,7402.2855497509,7914.91891849081,7554.26737393668,7548.425163049,9027.71528926739,9020.44669987749,10217.3913043478,7867.39130434783,5507.17391304348,5507.17391304348
0,6283,5984.715,5984.715,6267.25263440886,5054.81854992197,4685.21574782699,4719.27392908577,4967.39924211653,6071.85386037345,5334.52330599092,5257.43372021311,5284.53576979018,5045.84669475948,4789.61344533267,4705.29895034762,4649.91990711219,4699.00035457392,4657.70559838296,5036.14646151127,5084.87868601439,5186.82968386062,5597.67962340586,5957.61353078033,6027.42920184616,6666.06761973735,7244.37734299222,7097.24533221915,7162.09664119075,6939.59901473842,7018.86109358232,7583.17292255436,8053.95903861156,7893.23026270455,7980.09336036309,9079.31822314841,9090.9258807225,10217.3913043478,7867.39130434783,5507.17391304348,5507.17391304348
0,6542.40466768138,5962.19394375479,5984.715,6318.274139786,5100.86164421338,4706.15504932268,4637.20746227757,4812.59143517732,5813.70474294179,5043.23844873522,4941.24354748968,4988.84489733721,4688.04368185631,4619.75863120026,4878.78768723383,4953.21291408584,5135.1271797547,5248.97488115172,5705.05885758705,5816.1177078172,5954.00333879065,6228.82183905771,6544.99309212938,6623.8467548199,7070.92600152172,7542.92702363327,7332.77446132692,7333.70881718663,6938.95610241406,6956.57754853601,7583.99965785712,8186.0311165949,7882.7256717644,7831.28809499164,9090.32828747283,9078.93272350376,10217.3913043478,7867.39130434783,5507.17391304348,5507.17391304348
0,6560,6160.00398741162,6159.9981595215,6534.57020904219,4821.62742817362,4383.13582251149,4208.13819441188,4430.28070956844,5410.80522824463,4667.19578884261,4570.23407399791,4736.75404604932,4742.03130043927,4855.01968082188,5204.04481519426,5284.62573666908,5595.96446713281,5703.25818406167,6192.82590260855,6185.72665409462,6264.19806660331,6594.77293867109,6687.98279491355,6673.81301432275,7015.98702813937,7456.28963959636,7215.82491060367,7225.7727543538,7076.28847694301,7085.87593448169,7595.68516699625,8012.93178642704,7573.59496457112,7589.89620658451,9020.99668718692,9007.51181338716,10217.3913043478,7867.39130434783,5507.17391304348,5507.17391304348
0,6560,6160.01099976015,6160.01099956082,6508.0109990836,4367.1200551391,3950.95836037537,3785.9874912562,4048.95352304276,5161.08429173796,4567.72406470117,4635.02980143821,5062.2994083871,5130.63777697274,5366.83322467941,5655.58601226849,5737.29268274381,5985.30306076547,6020.52523321955,6437.36517347597,6326.80753013285,6307.97826655638,6667.12747494923,6727.89150187835,6746.52402616093,7106.683893198,7541.11793079798,7256.68926111357,7306.19209621261,7168.44837659087,7284.78320715388,7932.17752603896,8270.62506958409,8216.05042668082,8368.07197365545,9008.27546646799,8994.37796743886,10217.3913043478,7867.39130434783,5507.17391304348,5507.17391304348
0,6560,6160.01099999999,6160.01099999998,6427.81745161287,4094.70164516765,3778.93955972429,3816.26827792247,4152.77735553688,5473.55938891717,4979.91257498566,5122.03863804355,5502.91012049257,5518.20460164261,5693.14100327226,5992.30856866997,6020.64881721218,6100.6663604215,6117.43671710584,6564.36485814824,6515.93476505018,6627.81057848624,7063.72210064132,7006.66275147927,7068.77342849099,7433.03284781028,7851.63529962678,7631.18105019863,7732.69174524693,7440.78304473977,7591.93597860755,8195.11937110505,8546.35740711231,8252.51487803908,8141.41663261445,8936.66401372519,8922.94788769615,10217.3913043478,7867.39130434783,5507.17391304348,5507.17391304348
0,6560,6160.011,6160.011,6457.57013978653,4373.85219476878,4142.70587250501,4355.17428339107,4681.80214222186,5924.28673176261,5349.21097140411,5456.5362794721,5783.95032293435,5724.40044896446,5793.61590085114,6043.4267218776,6059.7842100438,6123.2856854225,6196.35620114203,6639.58454516438,6653.38521723586,6686.61929273517,7024.44994168488,7068.94467421045,7116.6694235128,7529.80081053193,8036.58950020688,7853.69280439531,7902.17755575455,7617.45544053767,7580.38012186716,7978.42543936399,8213.93365904268,7655.37325086387,7575.90807538084,8923.73270678585,8897.25425158051,10217.3913043478,7867.39130434783,5507.17391304348,5507.17391304348
0,6560,6160.011,6160.011,6552.05938709493,4878.99240509237,4611.86308529795,4806.47505051255,5154.6807964286,6343.23714299539,5719.67471423053,5805.4620935226,6029.88895290786,5970.09156897269,6135.25447932201,6355.56656578156,6398.78362842842,6477.90161902777,6509.26803926255,6867.85557934925,6974.96476537071,7000.78382052977,7306.78436498067,7320.767338888,7324,7660.81248560701,8034.13041280621,7722.90226679897,7598.62243236475,7213.91681576208,7013.35371410392,7580.33929135284,8137.81080521651,7894.40734358718,7936.41777865377,8781.70930826323,8813.0107168696,10217.3913043478,7867.39130434783,5507.17391304348,5507.17391304348
0,6560,6160.011,6160.011,6514.5486344082,5312.10207473747,4991.58843418913,5153.11873835642,5527.46209562827,6615.80234037966,5922.71174295981,6001.25348098513,6345.14915017917,6244.84806503992,6330.49817650576,6389.05031848903,6400.86996576846,6522.95599581228,6515.54281958476,6911.97225434433,6854.11891762191,6852.38434241175,7295.74040788767,7323.98444391067,7324,7246.11072521827,7697.74517354471,7404.09069727338,7385.45758121045,7199.12830565951,7304.31206132873,7894.86336003516,8287.40195405108,8088.77827231027,8204.34894274483,9084.45626666267,9149.36775405242,10217.3913043478,7867.39130434783,5507.17391304348,5507.17391304348
0,6560,6160.011,6160.011,6438.59702150643,5687.44511790499,5326.43022689138,5476.50136743537,5810.09638727456,6896.39731082297,6177.69213497096,6258.21995519785,6566.83502133211,6308.11680234255,6337.9365129571,6510.19062879672,6540.40044876978,6578.63370774039,6529.28046520047,6898.08403443226,6623.70941369964,6542.78167031102,6865.47623131783,6824.13836229289,6812.36376132061,7149.51605011634,7743.93256373771,7587.5667357678,7685.01086781348,7507.68539471497,7634.56985100224,8123.82656806868,8470.60481598358,8214.29018112461,8243.75716707821,9165.27655637294,9117.23444254335,10217.3913043478,7867.39130434783,5507.17391304348,5507.17391304348
0,6560,6160.011,6160.011,6432.05938709743,6098.18259897739,5718.99397872456,5863.43849202304,6129.36438317401,7174.97436164078,6400.42096031131,6430.42487807531,6604.74037976569,6397.33386532454,6422.20655320621,6485.99493280273,6430.91926139942,6323.34488443923,6303.47244046377,6841.56390406243,6861.03763554542,6972.08594795387,7235.700782718,7290.81715545064,7324,7760.24609980407,8130.09424476965,7851.6531114853,7897.23573933928,7664.332735536,7716.23783389174,8244.13163891078,8476.23136761793,8069.71996632951,7981.32380073009,8846.55295583312,8830.18075552602,10217.3913043478,7867.39130434783,5507.17391304348,5507.17391304348
0,6560,6160.011,6160.011,6474.7421827953,6388.68338897673,5951.13358949867,6020.04247782273,6310.58906308642,7242.91140326825,6402.08190106309,6393.72740899617,6603.25534775755,6306.82826579707,6213.3552666951,6207.80954669906,6228.55275628512,6410.68934400562,6504.63153197555,7064.94877167987,6976.79073016049,6977.55858865779,7272.59455384726,7323.8403187726,7324,7555.98786561789,8119.11769521212,7791.80097652794,7767.42540478323,7559.70391101777,7516.69408007472,8090.22185058499,8485.19583066742,8262.28537259765,8323.44296585503,9045.75350367825,9097.76953891483,10217.3913043478,7867.39130434783,5507.17391304348,5507.17391304348
0,6560,6160.011,6160.011,6516.05938709625,5158.20343733525,4787.51168137199,6109.6479402835,6396.24009862566,7193.28337499271,6335.81595210233,6319.659382141,6543.28672047028,6321.23093219447,6424.52586259842,6560.25238185375,6603.64962250577,6658.24205683302,6641.29030528387,7038.117710442,6926.18655741436,6889.68654515179,7246.51151217179,7323.99923158805,7324,7624.10925644917,8038.3777338122,7944.09233681783,8002.06411993379,7731.04482565976,7795.60485089313,8147.82046201195,8449.10545077379,8049.43352079983,8016.34446977478,9134.03964363577,9101.41797188526,10217.3913043478,7867.39130434783,5507.17391304348,5507.17391304348
0,6560,6160.011,6160.011,6498.59702150498,5146.51057944367,4760.52311162042,4762.68501579545,5075.19924784389,7171.042897635,6353.65631940867,6379.49038724309,6644.48546589739,6537.91563459964,6632.81619682006,6668.99140397953,6660.53030497303,6610.0152158864,6589.7739511294,7008.31207158793,6813.38464188074,6846.88892762931,7291.65126055856,7323.99999630228,7324,7595.9028831563,7984.04771371769,7923.5544209463,7882.49526398659,7577.25075961025,7468.55075171717,7923.26007116207,8354.57777147408,7976.12021704951,7954.49420931322,8888.46099754433,8915.28242877218,10217.3913043478,7867.39130434783,5507.17391304348,5507.17391304348
0,6557.19056316591,6157.09651036827,6160.011,6485.37659139851,5098.91057691386,4718.93918294253,4718.99968633697,4931.46202491316,6038.04243818492,5263.69188390004,6525.38011007207,6820.57043479424,6627.0527633329,6611.08282942449,6595.62637965565,6636.49895815935,6703.09952620596,6857.38283054023,7256.14946605495,7061.51002415931,7244.99117841615,7557.4180326941,7323.99999998221,7324,7523.93930197269,7808.81908548708,7507.23529411765,7842.55825906303,7678.98474310502,7794.07256418948,8266.1722170282,8537.36171102386,8444.63708070696,8624.98470544209,9264.99934795905,9287.3077137726,10217.3913043478,7867.39130434783,5507.17391304348,5507.17391304348
0,6557,6147.22934016703,6147.22962286665,6443.13352642746,5097.95926495715,4715.62507089808,4715.68230339305,4968.38305375374,6061.00703467185,5381.42791642585,5381.60327734657,5532.15411955331,5354.81426368845,6481.53099371925,6739,6739.00485235973,6631.36324811039,6573.32916229199,6934.98444549456,6697.99782584488,6837.81358902269,7254.55757561833,6866.69108143065,6703.92296167474,6902.29479425738,7285.97070957123,6886.55860875749,6806.20112599811,6712.04810634671,7758.71119850292,8307.5276596532,8686.80840787056,8275.97304941267,8165.11728666877,9032.48588858218,9014.71804362458,10217.3913043478,7867.39130434783,5507.17391304348,5507.17391304348
0,6557,6147.22900001163,6147.2290000213,6391.1806129485,5043.96308903912,4665.68050931392,4665.75315074462,4914.889306303,6048.60238053993,5335.50247350041,5335.86338670515,5600.65374962753,5501.72477946407,5498.77285743022,5684.76549394865,5689.33603411351,5792.68985829325,5804.97953103539,6262.79189313302,6183.0011758921,6244.84659221103,6627.66015348369,6717.56787340928,6784.90052746463,7085.50790877742,7582.42122054706,7338.67122675766,7438.84010331588,7321.74466847788,7435.06772185363,8428.77064121199,8630.59395355389,8346.23909357495,8435.35762150008,9171.6124920441,9156.67315954898,10217.3913043478,7867.39130434783,5507.17391304348,5507.17391304348
0,6557,6147.229,6147.229,6408.64297849502,5016.94243208901,4640.67908012308,4640.71542313083,4916.55597481251,6069.49151813347,5330.48645048507,5330.66706807422,5600.36141291949,5507.16076685587,5502.70896295386,5684.90660063755,5683.64113904997,5767.25106745965,5775.61328086134,6210.22985404316,6173.12031491472,6182.56754183862,6533.07422358724,6488.07650308361,6479.80610439394,6659.15524209758,7106.91589542704,6918.56151782007,6918.79692217377,6774.21431683202,6767.60836001411,7162.77033368214,8751.98084363886,8435.30668608738,8346.65452543255,8943.01127278851,8917.22398095126,10217.3913043478,7867.39130434783,5507.17391304348,5507.17391304348
0,6557,6147.229,6147.229,6502.05695698859,5061.88733306727,4682.23358454742,4682.17310658652,5028.74112279095,6199.1430236681,5479.85649819035,5479.55564460465,5770.78987207755,5658.04575295698,5655.33027872369,5817.4508389784,5823.85718959702,5871.76068897791,5864.2910042156,6258.39735303134,6189.29402769935,6171.09589581446,6495.8851911491,6493.84512225347,6493.2435410369,6682.05068281511,7122.85164474427,6801.23250616176,6786.44963700635,6654.96389432369,6660.96647343021,7042.14375947077,7328.51352912765,8130.98435560972,8093.74435127032,9016.17212167543,9025.80015086521,10217.3913043478,7867.39130434783,5507.17391304348,5507.17391304348
0,6557,6147.229,6147.229,6481.71824731051,5151.85287111657,4765.43949274731,4765.3184575438,5060.63764855019,6291.10976826695,5607.70999626548,5607.10823480485,5907.19067795075,5819.05846612309,5801.94319927481,5925.09274218827,5911.27421884661,5951.95436960266,5943.50474647758,6367.14789442487,6237.07660089972,6228.70793284675,6560.05588057348,6510.66800892019,6505.25166301756,6708.63658918233,7104.98018735771,6968.37258875898,6965.67914630795,6758.09341448146,6814.93642853015,7281.0283651098,7467.56260940585,7218.5625873933,8146.12125101895,8986.36889600909,8924.69785409724,10217.3913043478,7867.39130434783,5507.17391304348,5507.17391304348
0,6557,6147.229,6147.229,6456.64297849608,5052.99745336409,4674.04947622699,4674.18250328274,4981.11347330693,6072.57795706546,5356.8826023679,5357.54418167602,5646.99741688344,5577.38236963086,5589.20175156831,5786.27379018879,5786.27856028862,5876.91106942327,5879.10352441668,6297.63636472863,6264.27155915836,6282.59771916275,6636.0842856143,6603.79035942321,6628.29655657788,6847.4352632732,7272.1447089607,6994.00735329063,6994.44347150206,6760.17472560337,6707.35816354165,7126.87600114233,7524.48131310662,7164.4223299846,7158.11018239303,8674.4436637226,8702.73030300767,10217.3913043478,7867.39130434783,5507.17391304348,5507.17391304348
0,6557,6147.229,6147.229,6443.13222580579,5097.88736575279,4715.5336263664,4715.47320596842,5002.58735392558,6169.43325995204,5441.90803964948,5441.60763645333,5734.2468368701,5627.33902541374,5642.60525737223,5832.35166231463,5837.0247726545,5910.88044839565,5917.06485513962,6333.07937564371,6232.77484373876,6229.65258864083,6568.35104713962,6516.87185165467,6499.20729877013,6713.32949997973,7110.69263539279,6911.7246955954,6911.27580435498,6702.66428027171,6736.17304782099,7192.11357264608,7443.32348538502,7181.11500167549,7191.59779127671,8201.71300977901,8765.78724323868,10217.3913043478,7867.39130434783,5507.17391304348,5507.17391304348
0,6557,6147.229,6147.229,6464.69136559219,5043.96304463673,4665.68045252265,4665.7530160681,4987.55539792501,6144.6197315744,5408.6963521469,5409.05698670875,5709.84747143034,5620.06512225218,5599.26272589571,5788.60567022925,5781.12835526257,5865.60351896357,5850.65743138691,6316.38672854813,6200.87241041565,6193.21661443126,6522.82611207776,6526.58031257811,6512.69255586084,6722.20648801682,7149.89070955863,6927.60017723559,6901.40054622066,6746.14918733965,6669.47652209317,7057.27231893312,7576.84100750817,7220.98154808433,7220.91890341011,8089.65518195798,8309.23581252367,10217.3913043478,7867.39130434783,5507.17391304348,5507.17391304348
0,6557,6147.229,6147.229,6540.64297849357,5115.86668778081,4732.15717026079,4732.06041410559,5086.84859626359,6260.6907773048,5557.52372702468,5557.04261679779,5855.98639246766,5790.55004652524,5768.46140331686,5962.04008956213,5961.95520280133,6035.71590628604,6049.01936167394,6500.60631123556,6422.42435609713,6414.17157230736,6743.40095843861,6704.12758817488,6702.71192071961,6881.99881364956,7334.27020374527,7079.97793168908,7089.6701670541,7028.90495097107,6980.13736891108,7379.85166599066,7538.75799789585,7385.91526674929,7369.39981339344,8036.15924214586,8033.58023173063,9115.55144454145,7867.39130434783,5507.17391304348,5507.17391304348
0,6557,6147.229,6147.229,6520.44943010687,5160.88728807116,4773.80852697786,4773.74796977375,5108.86203265234,6338.03549709546,5555.89629047165,5555.59535861373,5865.53315698178,5799.33051561441,5802.79120582619,5991.25871835678,5981.26009285006,6038.37098505852,6014.90952824467,6470.04100944092,6391.93944441609,6385.64958304336,6768.4414196172,6714.26972484824,6706.93225166007,6910.99539608033,7297.25728054026,7091.01783870232,7100.35418182545,7042.56828801473,7086.81883635075,7429.79178327019,7722.95861222941,7457.98428983959,7460.35869211264,8205.22854084581,8115.50591363643,9095.81589389393,7016.10028576965,4909.17100483762,4909.17100483762
0,6557,6147.229,6147.229,6436.44943010845,5097.96993043438,4715.63926244801,4715.72392583187,5001.04958385246,6286.7179992936,5604.45984077551,5604.88041494745,5919.20382618661,5859.01071394649,5868.38679701234,6075.94464630203,6093.90799675794,6175.40999061511,6197.14043157411,6597.71799140437,6560.77504753937,6564.93069432318,6928.20825258256,6902.53091811166,6917.64484223492,7117.99347443859,7517.32985224303,7262.07781986906,7262.95840938559,7104.59791900776,7119.42407584718,7426.69777532643,7637.11451581443,7221.99985953445,7206.4739798836,8242.34029977585,8019.24035077778,9051.9889041144,6922.83966737215,4844.12214269547,4844.12214269547
0,6148.69518011162,6158.62200492405,6147.229,6452.69136559232,5038.75362858113,4657.36432526044,4657.44907510422,4958.35004559528,6065.69135684354,5397.38746561321,5397.80908450746,5682.84041283555,5635.40588201134,5645.17270193551,5828.60191249285,5821.22866672854,5887.15787968449,5894.13599955526,6319.14935343062,6226.31687106398,6248.64507572047,6594.30795266756,6562.43868228151,6606.87821704089,6832.4527685213,7218.79427688314,7001.94052434222,7007.29763895753,6818.50779175043,6886.49682212613,7263.59698778595,7594.65911318792,7323.36531897579,7347.59210378129,8202.89586271431,8569.86204626342,9661.88325534721,7401.82106094519,5185.21869110851,5185.21869110851
0,6121,5788.43305022967,5788.4438957692,6016.17957466129,4856.60516923885,4492.88473215948,4495.25799728308,4743.05509294503,5958.71823487294,5214.51301749455,5222.14146456669,5531.17012376424,5452.53125554055,5484.33968743627,5748.53791400314,5748.5296616556,5842.14467844539,5829.95102323211,6253.00415145721,6162.52489128872,6173.27966438439,6542.13208223067,6408.27727491896,6406.15915374311,6627.37125329359,7037.31057410737,6783.03324563927,6796.86612785713,6627.34250778461,6566.55681679767,7006.62902031847,7241.15056747434,7020.00328919408,7031.16732860282,7741.35136918145,7677.20195826159,9002.0016271707,6824.40491169942,4784.84541202803,4784.84541202803
0,6121,5788.42000044635,5788.4200008173,6000.6135500961,4693.1899249837,4341.24495758693,4341.46446968759,4635.23681043001,5836.96354524048,5172.23566861688,5173.32675086258,5511.71829948585,5466.81795969902,5458.06345031146,5731.88106938118,5755.74346008952,5888.50437887485,5895.48056422711,6308.11964748275,6210.87155258927,6208.3772895879,6583.88070323196,6488.58874309219,6476.4515988214,6663.89876034038,7070.41188034715,6849.20257151491,6845.33661314437,6767.50343578863,6732.35284001227,7120.76633525803,7577.48498607692,7191.61055182448,7188.39430044214,7948.57323014617,7930.72074602439,9113.56091074626,7146.16019383852,4999.83132571887,4999.83132571887
0,6121,5788.42000000001,5788.42000000003,6111.19956989095,4800.98244408867,4440.87950013933,4440.73443180248,4776.46225401579,5956.66515786745,5276.93139845013,5276.21033514811,5605.33061380371,5562.44823347318,5562.27165770717,5746.98905819763,5737.96972537376,5830.43771422544,5837.24003944154,6262.6081273452,6139.13410678301,6116.3749451989,6478.22339529444,6407.65414203585,6414.83779907289,6611.57423497958,6991.85669223137,6767.14397770108,6752.39657747418,6732.62828509262,6741.52634784307,7130.05551667209,7419.85837519402,7232.44692627192,7239.66488269786,8046.24540143546,8011.17011970835,9030.4592422266,7026.41449545239,4918.21941121539,4918.21941121539
0,6121,5788.42,5788.42,6148.41999999908,4864.01675005087,4499.19839236244,4499.11360655525,4846.0305817139,6048.15147289819,5322.93482564737,5322.51339589677,5650.88798495673,5584.34115443804,5586.73764104171,5796.05194803344,5782.07629649477,5872.78077629573,5843.58584919768,6229.46679495934,6213.95394815954,6215.10606636511,6628.20249717874,6500.00777896293,6477.03442202896,6688.9302127634,7054.43706162183,6869.4710411965,6859.00921256596,6817.42756102021,6823.81093915124,7206.66397595319,7501.14115710209,7218.1929304414,7208.2469672611,7912.6713904424,8026.67690514126,9363.81094174583,6929.82473830298,4849.19089825315,4849.19089825315
0,6121,5788.42,5788.42,6061.54365591398,4864.06497133699,4499.26008832757,4499.26003784878,4777.68474775466,6094.11051681739,5387.1934993794,5387.19308627655,5717.89256675138,5669.61239217913,5651.63176431434,5905.2925836289,5899.22153301463,6034.25026851761,6038.83350828971,6442.88146674454,6331.75610095861,6333.67216696298,6680.05231015378,6710.28122619739,6689.18670602956,6867.13441535402,7277.9700240674,7037.12070809045,7038.7784520119,6879.32576433354,6946.12765781245,7368.9803809337,7580.69017815609,7265.59601664996,7253.88227863512,7910.3733663328,7848.61025071896,9127.86790219183,7184.52110456871,5025.64313413699,5025.64313413699
0,6121,5788.42,5788.42,6085.97913978666,4747.15451595233,4391.14965477549,4391.30695370126,4744.85860373372,5935.06416406259,5235.39494737494,5236.17693329802,5583.08662558233,5556.35058636681,5545.18582208832,5836.80646171353,5846.85159456846,5991.82613519486,5997.98377031621,6411.97845500701,6334.57452299547,6335.02549956055,6704.46270194522,6644.29984021325,6654.67982784886,6824.25158200452,7186.3833624658,6975.19472023926,6983.46433658315,6825.80518470572,6738.50909863936,7107.70331148818,7651.34204196325,7207.96826903996,7211.29754549938,8166.29479420939,7928.0059598414,9434.98112092293,7035.44195055233,4928.36715045597,4928.36715045597
0,6121,5788.42,5788.42,6227.2479569874,4872.96865136403,4507.46185325502,4507.29254803063,4933.85361603617,6155.70924460713,5441.1265738808,5440.28480624602,5815.73593991248,5790.11756903636,5788.77645888221,6017.06139650672,6016.18600432731,6124.36820516943,6111.47354340087,6500.32529078273,6403.06591673362,6389.96023725384,6757.37060224932,6686.02443459614,6691.17706134544,6874.39477383268,7215.83705566007,6974.53180619649,6958.7411876916,6895.43751087298,6895.32032245579,7200.8065045805,7551.28275365389,7432.29560322834,7433.28316103163,8275.30334964354,8544.53210696183,9689.03907941722,7794.78919311613,5454.65486083869,5454.65486083869
0,6121,5788.42,5788.42,6247.00602150406,4962.99608432588,4590.74695192604,4590.62585192997,5018.61127733669,6316.69740571039,5560.21778847121,5559.61572559674,5958.190440061,5895.04380955576,5901.78704984135,6115.05337651891,6098.80970725123,6195.50188880763,6202.1586267904,6604.29245632464,6477.33913174966,6467.65980408274,6840.71269496489,6769.57073010836,6750.29198639253,6926.80654591686,7331.8596871034,7099.33289397767,7087.00030549223,6993.68066872072,7010.39324811936,7442.42961444878,7621.45897550861,7277.58604728708,7270.70706286348,8070.05703247789,7913.59125631838,9322.35544599047,6868.370268895,4805.57708390977,4805.57708390977
0,6121,5788.42,5788.42,6187.00602150604,4918.09938827945,4549.25412254259,4549.31455004181,4930.62514779906,6296.22903203204,5577.73738507574,5578.03757481851,5977.50054348878,5945.04645920001,5941.54091989192,6198.01640537089,6207.63284689032,6300.22602290692,6282.51965631004,6701.40276734318,6582.44990131595,6573.2846955465,6933.9813889737,6879.89251653361,6881.91156862363,7052.16614068303,7423.92806303065,7206.3712928802,7189.52448992925,7086.10601866644,7050.84750903239,7457.88903214724,7959.54932250464,7579.03312920378,7572.3243990061,8761.51440348052,8444.21669900611,9881.68330881816,7679.03921583411,5373.20045011957,5373.20045011957
0,6121,5788.42,5788.42,6140.37161290389,4873.09944964743,4507.62920105888,4507.68973663405,4864.81836961787,6190.08612383713,5472.2222334432,5472.52332209719,5845.1848054431,5791.0255109468,5811.57558412924,6047.92792730696,6054.15785859117,6197.00938971743,6206.85327476281,6630.93231850744,6554.01106604683,6566.22920341328,6987.01923547143,6867.8719123449,6882.96200081113,7054.01217666386,7470.09743765414,7220.74271454144,7256.6727612816,7167.97314306498,7190.75133730255,7538.21860812435,7956.13422442469,7658.03608191664,7650.41583122508,8839.76586267578,9055.3011500913,10702.8661183687,7867.39130434783,5507.17391304347,5507.17391304347
0,6121,5788.42,5788.42,6137.78559139824,4846.08567799629,4482.63658113671,4482.67291693674,4856.57414146431,6204.1696057375,5437.85662598035,5438.03726943445,5821.030654566,5761.3836526144,5745.05370878786,5984.79991778986,5973.50469710552,6111.29344613552,6110.16526603282,6542.71246762762,6446.67960619187,6454.42488250264,6902.4618221723,6795.71298341184,6814.36599339104,6990.13294970446,7361.78120969276,7152.56990916004,7138.57650669515,7032.44896790748,7048.08315945875,7371.62383827617,7703.03724681762,7537.66353505294,7544.54167316827,8623.61689243178,8591.98640308453,9873.55690353587,7867.39130434783,5507.17391304348,5507.17391304348
0,5749.21785895484,5784.71064955961,5788.42,6101.64043010726,4867.83488964906,4499.24252074752,4499.21834254137,4852.35501146858,6096.90459026649,5587.5081484519,5587.38766498889,5993.71843288735,5934.71625540554,5933.49416387887,6186.5688870315,6196.7875677431,6324.97911580224,6310.85221310782,6694.16136378562,6604.8837559197,6590.05329589396,7029.52399024203,6894.34028319838,6874.48415170939,7026.60671147962,7451.90589615955,7157.83802548092,7175.04347798114,7068.31141817015,7028.73108540909,7427.47812388084,7665.84617545525,7275.38279656252,7274.23170489558,8516.03706944791,8407.38444670162,9858.73184503104,7315.03642822435,5121.77473056999,5121.77473056999
0,5724,5413.19006103842,5413.20091556069,5675.86134717645,4538.54590374462,4198.72348415406,4201.31250673547,4535.97057513265,5478.88370065435,4840.53909909434,4849.23009126426,5279.48661346618,5307.92893930609,5343.08159546345,5656.50012099308,5667.68053212941,5901.22739082102,5929.24098476477,6377.30332771375,6306.16972585816,6363.34319072821,6844.95292754568,6780.71254829606,6826.67449926204,7033.54777941848,7379.51322661522,7252.63576423395,7221.07280690741,7194.24140008675,7171.18164481007,7686.50064609365,8067.8022849302,7713.22332604814,7710.20994024759,8827.62720031153,8980.23090933014,10645.1898722585,7867.39130434783,5507.17391304339,5507.17391304339
0,5724,5413.17700044672,5413.17700081798,5772.10173289109,4518.89757459593,4179.98551012909,4180.01155226522,4574.6333316343,5451.7763293813,4819.45039613285,4819.5801449727,5211.97019210674,5228.61192593295,5241.67523072342,5552.73257927586,5548.93681360465,5746.78329512904,5752.75848139932,6208.25425826495,6093.50689293217,6106.24913039,6533.04483081342,6454.95160156977,6460.77568902545,6643.20702302676,7101.82485964525,6818.56272246505,6848.31808549,6849.70344060979,6906.69597865223,7308.59842975666,7699.8703486749,7647.76866897601,7675.56410941078,8722.01229414027,8729.95319921515,9981.93055285922,7867.39130434783,5507.17391304348,5507.17391304348
0,5724,5413.17700000002,5413.17700000003,5730.20388171838,4662.77258530806,4313.02559526977,4312.8320120679,4636.22747622931,5711.18841860903,4985.8959900512,4984.93371109125,5365.42033979921,5338.4073543681,5324.23027550863,5610.78853599024,5617.7093226026,5775.60747322575,5772.09271214336,6221.62962500606,6088.09832624182,6078.96361004528,6502.40125673622,6400.07353337662,6375.96104296222,6567.79954115534,6920.9669602639,6807.50749742912,6790.09372380919,6704.60305968956,6750.07138715965,7126.63775860455,7184.02760179373,6939.34582243788,6945.0056317998,7586.76821647444,8078.7302375335,9072.16154102075,7062.87687860983,4947.6556360468,4947.6556360468
0,5724,5413.177,5413.177,5769.51570967993,4492.01351558852,4155.15884972291,4155.38863294309,4570.86397020355,5515.54293956678,4938.64570284032,4939.78759076751,5343.58826496194,5303.87011706558,5343.21375510399,5608.01747789524,5624.43523072394,5802.46648417633,5806.13660478056,6265.90799919512,6158.58622737447,6145.39262093997,6587.8048645858,6504.48703958015,6498.91897896656,6681.33855046069,7110.2960688729,6869.77830974938,6875.24492099314,6804.12757833174,6729.65688726796,7194.05296970694,7302.37609655313,6985.50265992372,6979.26279476011,7619.50314997948,7238.66911572903,8635.76032452925,6339.28920442668,4435.24289367702,4435.24289367702
0,5724,5413.177,5413.177,5867.81140859938,4680.7382249619,4329.63163346602,4329.37767195902,4757.28053697166,5632.27066350719,5022.57507766845,5021.31294125317,5426.5466528036,5359.46841726468,5342.90260241448,5558.51836985467,5527.68565605296,5686.41841611426,5677.03649809903,6084.03147417649,6030.40805006055,6045.08789129717,6484.04428950103,6447.42200871201,6454.40772836308,6650.52945350238,7046.47655140033,6882.02873466515,6893.99135658864,6803.23428635681,6934.04538144094,7395.82460343852,7645.61753715987,7312.35744656799,7311.19727756499,8209.89860016706,8188.59961853087,9379.12205950543,7451.22028011028,5212.00784437945,5212.00784437945
0,5724,5413.177,5413.177,5750.25226881747,4662.89643583212,4313.18405387238,4313.20810251054,4644.79948094589,5601.80084068901,4889.86630775297,4889.98605700223,5282.35466342253,5291.78416765928,5251.24218764207,5567.18074764946,5572.21252562867,5746.23503167478,5758.82611797112,6225.35534327962,6058.08468225664,6068.1924977519,6559.34840284614,6437.96888776494,6455.79126239146,6648.42913837556,7066.13063410888,6839.1918817633,6841.87946441194,6640.20079726382,6585.45843938888,6993.67637770262,7306.80880627458,6965.70966796769,6969.61211447318,7857.574040803,7934.5195559163,9300.69243144338,6963.99326830817,4880.64690007522,4880.64690007522
0,5724,5413.177,5413.177,5785.46732258276,4518.99293163085,4180.10751390243,4180.30112693523,4591.8146653329,5497.05643184589,4851.10724143316,4852.06945663505,5236.77532324524,5257.22928417821,5271.25097564068,5579.56346309953,5597.37361154103,5760.02560118452,5766.54166907868,6183.09364702886,6121.30651832345,6109.33044125851,6584.13019223604,6521.78693113935,6501.92657130776,6673.00007821369,7105.48645349504,6904.74273060767,6890.17173816419,6780.00180100908,6731.41352894952,7139.30584574682,7403.47041193963,7180.82101140534,7178.71726720663,8029.39382919418,7986.1504791424,9252.01385471512,7267.28952052595,5084.70284401122,5084.70284401122
0,5724,5413.177,5413.177,5841.08022580407,4680.75887026534,4329.65804777437,4329.44036449159,4746.39611154668,5723.10856940495,5085.21587041644,5084.13366647333,5493.65485617155,5442.59602827367,5469.02827556212,5702.5932244028,5681.53108598966,5800.31137167125,5789.33096197546,6210.22061744421,6068.78054194936,6051.19479144478,6510.434223733,6441.00902704055,6435.27276396428,6631.59827329785,7073.90792931377,6836.00675251266,6828.56206584481,6826.53289164017,6797.68041768676,7242.89198891362,7467.54884831353,7184.91792202786,7193.615530393,8089.06604567435,8079.50331128506,9173.84973292672,7136.48314225586,4994.67373026363,4994.67373026363
0,5724,5413.177,5413.177,5815.85979569972,4626.92399147171,4279.9193095015,4279.99177941733,4684.09748968836,5647.65886445888,4966.09621630597,4966.45652779011,5383.35177965661,5385.31627374073,5346.74199940042,5635.01374962721,5657.22228151471,5812.83408178424,5808.08758442003,6167.16747729342,6151.35923974415,6170.49945770981,6629.79785784572,6590.03393931449,6585.91607937245,6788.22959984661,7240.51509116987,7082.49390767251,7090.50730796236,7077.58662209896,7091.0674776215,7494.46829142591,7760.66200542158,7458.30226380057,7440.70606388052,8219.18033983741,8286.21218973583,9358.58966204291,7169.63827699203,5013.12603984766,5013.12603984766
0,5724,5413.177,5413.177,5774.3974301074,4635.87588865581,4288.18276511123,4288.17070833812,4655.37558689617,5659.60987711073,5029.71502680861,5029.65501653136,5425.52279911118,5455.88561631922,5443.38930893781,5665.017407906,5653.43303704428,5819.79374862204,5817.22395916146,6229.32199161279,6040.40525176079,6024.60456776996,6484.83775267422,6419.73761538945,6424.47742500056,6638.35330277154,7045.17671012948,6842.06346197046,6852.67333498734,6900.16066771346,6847.83917961449,7186.26418990558,7431.23755444917,7216.45117537481,7236.57382493194,7672.9084908636,8015.93942361912,9442.92951592117,7044.3379053846,4936.07258670985,4936.07258670985
0,5724,5413.177,5413.177,5763.90818279662,4572.93094683058,4229.97820842587,4230.06290068529,4614.96383536512,5554.16116215584,4883.48184045317,4883.90300698126,5286.12644000106,5334.16632525352,5337.87231785617,5604.34076250595,5616.93660261986,5803.64454142578,5807.59638689441,6254.41833337044,6143.44141547617,6164.56916284405,6678.74061883225,6563.51060958549,6582.44500066686,6764.63609147727,7223.13233362805,7050.99999781291,7028.64063207727,7055.50093455926,7110.58600188233,7455.26919075844,7689.98583321182,7248.18227776629,7229.56482058339,7884.63914321578,7383.72174291562,9065.0618561607,6886.55978219409,4816.51511715225,4816.51511715225
0,6051.76763064435,5412.91204639712,5413.177,5751.76302150485,4600.79441770891,4263.18134044444,4263.13299118896,4633.22430150923,5616.1106132389,5000.03576751513,4999.79526255021,5412.56512783159,5418.98308203359,5446.6175360784,5656.90378805891,5661.56381666686,5830.44313214935,5828.31819444762,6235.58821132389,6120.3602824151,6113.20705138084,6589.13870848562,6537.01480284038,6517.21804909799,6701.78559151382,7154.24527708557,6882.09751125366,6892.24255172077,6836.29284285678,6869.71036783609,7205.77449046224,7482.71246912561,7337.66264231374,7346.18124317188,8032.59345205807,8377.03760339896,9504.68783044943,7746.70041821509,5426.23949694583,5426.23949694583
0,6074,5731.80278096733,5731.79345726458,6023.72271719698,4764.77208555676,4406.95779931962,4404.89238158413,4739.82683957669,5675.67734353045,4994.78245220803,4988.10641236366,5380.58971870603,5367.17952065317,5350.45156884484,5537.17540340266,5514.34163900836,5702.72397533225,5689.90482186481,6122.14340678106,5991.96921338012,5996.50348668763,6526.84575018606,6430.26736066252,6439.60367674966,6636.39290354879,7083.3209048897,6948.68896465727,6967.21697259446,6891.93237946179,6891.07036760787,7202.85915147391,7549.69323537948,7091.17402313876,7094.11101781681,7712.87266204769,7550.79812017677,8905.3884422622,6548.74251960919,4582.57000968078,4582.57000968078
0,6074,5731.81399961628,5731.81399929738,5981.08281573755,4739.13030668922,4383.70255447225,4383.73736610435,4698.85001474763,5660.47851747666,5003.9699308367,5004.14270481308,5393.81896782687,5384.23988643289,5367.77069148078,5638.38240367962,5634.24985622971,5848.28911155416,5852.34600875944,6273.45539663113,6166.37023641819,6169.58599982333,6707.21883505678,6608.10539987718,6626.47820592218,6809.36689827964,7206.02881678462,7009.59116975289,6990.31322281378,6884.02220090466,6883.78176252824,7348.85266198871,7614.44825435813,7294.01620331924,7280.71271992828,8042.83162701522,7987.56194845486,9224.78103451417,7292.86943712358,5105.61122285466,5105.61122285466
0,6074,5731.81399999999,5731.81399999998,6006.59356989295,4703.1380551395,4350.4124674893,4350.46088788662,4702.24826715228,5614.37232819771,4963.2539583346,4963.49465259032,5365.32107470474,5397.27955803709,5375.4915587442,5662.9906423538,5667.73546051028,5860.61735618724,5877.56245389121,6320.95182775854,6185.7630511768,6169.89638918369,6696.37039736915,6594.17852928043,6584.97130908767,6790.79331465626,7259.26872578894,6969.38618532258,6975.19242725695,6807.72071182854,6850.87671973836,7321.14374162192,7702.11449970044,7566.06233923705,7570.80788788056,8400.14618495274,8356.22742568519,9799.99328166724,7299.08140164679,5110.12423706602,5110.12423706602
0,6074,5731.814,5731.814,6037.13120430015,4766.06231546262,4408.59056355247,4408.50589294278,4748.57463306256,5719.44765390896,5046.84582618877,5046.42489935215,5437.60580407579,5448.25770660335,5498.27983136007,5747.00091160296,5753.33608231513,5890.25458776335,5891.77186605165,6321.21559264983,6240.27305700665,6235.24452684992,6739.26653374381,6630.61233344885,6633.67769148915,6837.5237757313,7301.16742636376,7133.30737166942,7110.49648544434,6996.98532473673,6882.65792408969,7343.76345439901,7581.43020156503,7221.81474403013,7218.13839061565,8001.56881268017,8104.83106968311,9646.6503667877,7454.12157729342,5215.78013578708,5215.78013578708
0,6074,5731.814,5731.814,6078.59356989261,4757.11735721965,4400.33598586169,4400.348035371,4766.17349095982,5675.92344051302,5044.21032491525,5044.27022174467,5411.10308310217,5381.56387524154,5370.1583740323,5599.83636363576,5600.53101553213,5751.77882116628,5742.34287497084,6131.42807917881,6090.3077419309,6106.48647773879,6587.62093862091,6507.5041637706,6514.7877089596,6719.08449493984,7167.24327601859,7008.47076361518,7021.2295778366,6948.41830756955,7074.7418380647,7462.07011365737,7900.88098822773,7596.17938111274,7599.91802904615,8328.78812891621,8266.73119675979,9729.85782517486,7534.59916865425,5272.67622997173,5272.67622997173
0,6074,5731.814,5731.814,6055.66883870875,4820.06230316697,4458.540547821,4458.45585555726,4790.64593686722,5714.50785139578,5051.36467615384,5050.94382050745,5415.32032301997,5429.32434620806,5381.1201148951,5606.75385883386,5598.47307726912,5760.74368867018,5763.76395527162,6212.42436599744,6032.74977133883,6034.15489614388,6489.83526490115,6396.85623413639,6398.49363961562,6607.94580475277,7047.18040663077,6864.86496853128,6845.4921447244,6671.58734292122,6650.45119034104,7022.54636783625,7472.09970017681,7042.67045928984,7054.502755207,8003.11290324191,7912.95376955755,9254.82275183964,7237.6293177038,5073.82476887844,5073.82476887844
0,6074,5731.814,5731.814,6041.22797849581,4739.17244396272,4383.75646572759,4383.86531458143,4737.75092155053,5614.83414594091,4954.96227246881,4955.50334852817,5333.98863032023,5377.18331783053,5399.68934794961,5656.61323412018,5665.41308027855,5838.19154883021,5833.09783592655,6226.64491120577,6188.56256159871,6180.85384289248,6644.57989319966,6519.15393247683,6508.1739361821,6695.31427217573,7137.55273593552,6942.27487882293,6991.60518398615,6829.33038214596,6803.54915121711,7301.25178608218,7739.05218605269,7456.42862368526,7446.80716959951,8078.39420381975,8416.08929257734,9697.34706484857,7434.78491028118,5202.02011124296,5202.02011124296
0,6074,5731.814,5731.814,6087.86238709611,4784.07610757899,4425.25820965855,4425.19777486557,4805.03886589318,5729.32801152388,5037.88323009582,5037.58274661049,5426.22173163546,5411.85500389818,5442.01978131769,5672.35997282952,5662.6875573423,5843.73577690605,5837.33183335041,6262.35104726422,6116.97190122857,6121.42712364268,6586.79517016476,6479.30196330663,6485.88144122409,6673.84153762321,7097.49865167182,6897.79220534601,6861.50988227342,6772.93142976771,6743.68853494083,7109.68883449876,7620.78740737885,7550.14352292798,7555.1845706532,8259.47542862882,7929.18600288827,9223.13905033545,7132.06293605454,4993.1786538342,4993.1786538342
0,6074,5731.814,5731.814,6130.5451827953,4811.0898220377,4450.25075640678,4450.21442066663,4846.61599485926,5859.53470564609,5144.17432660954,5143.99351811434,5531.64789506574,5505.3207265381,5491.74304486783,5751.33187833379,5740.91113787263,5918.32383386377,5917.06325475677,6312.88508272316,6217.09731683347,6201.5037919071,6732.10552482027,6561.73859969932,6534.91523520509,6731.65712595352,7176.07883793144,6965.4000235484,6963.53800906494,6922.25569232512,6896.72958959041,7230.84726025163,7192.5889132286,7064.40273065365,7057.45142435399,7955.23894492446,8048.49075373594,9392.07085440181,7171.78067565702,5019.11691217109,5019.11691217109
0,6074,5731.814,5731.814,6064.93765591345,4847.08294434102,4483.54195684607,4483.49353553422,4817.85784902066,5913.76936128972,5272.05152959739,5271.81064637401,5649.28106649889,5607.29610375393,5614.05964955877,5880.18897770437,5889.97664475793,6071.8367642681,6044.00228482443,6468.8757899147,6308.57714934041,6302.73586563535,6867.23683497256,6724.43915082837,6754.98249257539,6952.06977341046,7358.5401108995,7189.7101306568,7192.7452814486,7130.95248745047,7143.280892747,7602.41994635157,7856.34345088475,7218.45449504782,7207.45637590372,8098.45036284409,7991.53827396024,9568.8449458022,7198.45212499405,5031.94644512378,5031.94644512378
0,6074,5731.814,5731.814,5989.13120430279,4730.19999959985,4375.46672135357,4375.62399148076,4748.90316358483,5660.72993241516,5013.45435623383,5014.23641335021,5454.88688209779,5269.06676720387,5374.27458454639,5614.40581128766,5641.4558959097,5894.37985597949,5926.54690613516,6137.08948366973,6284.24511814056,6297.83324374394,6859.61265065679,6715.8568248883,6750.76204467076,6989.48404499287,7257.22595533256,7069.03748017814,7184.79415233431,7017.60622325888,7110.88804188114,7470.52209517645,8060.43151705999,7753.73004418899,7743.28240050177,8734.87872629495,8643.7770755683,10158.5484631734,7867.39130434783,5507.17391257588,5507.17391257588
0,5695.66250634195,5738.17288646923,5731.814,5950.40002150551,4723.91404918075,4367.03609050869,4367.04828406228,4681.48060251416,5704.03916385701,5033.5224048252,5033.58286963382,5502.02749500832,5469.73520551697,5327.11722103887,5535.63917358104,5488.58064402727,5699.61283788121,5687.77092634288,6053.64951866694,5782.72175622695,5798.53880470078,6338.62391887545,6189.06011440821,6162.30042171072,6375.86321771229,6778.74394152737,6563.07393062523,6411.64737457863,6286.6354480373,6263.49312601778,6684.93410820118,6964.28627347348,6868.2902498944,6925.51717189155,8042.28342483717,8164.1189327877,9901.71507936378,7484.45159832338,5254.72416754719,5254.72416754719
0,5670,5384.88644359615,5384.8967849861,5657.11512618291,4430.21820874152,4098.4857557686,4100.91409395121,4476.92820326535,5380.62882078159,4788.82033115788,4796.91441518189,5235.22674394839,5248.07232477578,5333.23535940539,5726.77532553983,5761.50703736221,6046.20177888007,6017.94638405536,6309.21495203827,6277.10455967905,6267.42863465975,6778.70010446449,6606.29649212781,6642.12271072053,6876.99819877945,7147.82923729093,6937.82552934079,7007.50720636102,6895.052687935,6796.67912666073,7198.25899488593,7626.10097594929,7182.10624390421,7145.44687235308,8435.28991103964,8106.46591847602,9564.40693767672,7602.14107247656,5313.28169498227,5313.28169498227
0,5670,5384.8740004256,5384.87400077931,5714.19120592678,4536.57386004475,4196.3018838621,4196.15841720108,4561.22095930952,5554.7659856344,4856.65833768615,4855.94551575868,5277.18947966491,5306.76898955823,5253.08554116705,5522.73160376315,5524.85010804088,5822.43978074275,5867.79314971006,6239.69979568478,6044.23390539286,6041.62764290029,6522.49609939254,6338.11290947325,6340.35118658541,6548.05771689486,7085.70934625418,6749.99105866231,6769.61904057869,6711.16653553095,6806.07824344523,7196.37985037774,7597.78593255911,7418.9552428447,7431.46847182315,8385.88959532447,8955.16502931822,10234.832204156,7867.39130434783,5507.17390890153,5507.17390890153
0,5670,5384.87400000002,5384.87400000003,5755.65356989266,4527.66233734749,4188.09008543654,4188.10209994834,4567.98821110077,5582.46657050478,4961.59428423285,4961.653774077,5341.88706219624,5433.82949918464,5404.38817000035,5676.33889719142,5652.02834948342,5854.97808927708,5836.84449051612,6262.06236159308,6101.9115110772,6109.70473495188,6651.48728494904,6375.09613764121,6336.78335786761,6589.64781686023,6891.87504415615,6689.64583180939,6694.74944359853,6544.01673554441,6548.49791383678,6882.30720226985,7053.40668641499,6980.5501239926,6983.67430591054,7857.76430495089,7565.58125024732,8789.03180199417,6873.34684672928,4814.99702617811,4814.99702617811
0,5670,5384.874,5384.874,5739.41163440768,4590.60730315517,4246.29467280589,4246.20998052137,4620.21802983345,5610.2511678521,4959.20177794487,4958.78096180523,5349.65054151441,5325.90994524025,5417.793668454,5760.26297519865,5759.95935242804,5966.16244332787,5985.83900840716,6438.82810640803,6282.15647410974,6256.51482762698,6900.49369501265,6707.6396535489,6668.84517878666,6914.67143688001,7541.24880571499,7163.67036984492,7105.99654008187,6942.90955308348,6888.52840179687,7270.19311910402,7333.51649738803,6924.24528529086,6901.70445964571,7927.68309162742,7958.79757920827,9409.24693682222,6984.26461679142,4879.354000013,4879.354000013
0,5670,5384.874,5384.874,5710.23959139891,4518.71055811892,4179.82678074318,4179.92352967733,4561.92297237951,5510.20664460196,4897.97697346499,4898.45779923192,5331.51170484939,5283.34425645677,5263.55994233876,5638.81228905802,5624.64129023712,5786.01314249791,5808.99526008199,6213.02311748508,6213.93465034091,6220.52541128963,6701.55638543763,6837.34159884447,6820.18672872161,7090.62600305504,7578.82033201537,7368.45437393334,7418.3643952771,7231.85307452765,7303.86591099444,7746.47002335363,8257.53379645697,7632.79103367603,7618.73774151508,8380.64377678914,8497.31439387151,10020.8239494929,7716.86214077674,5390.81008093163,5390.81008093163
0,5670,5384.874,5384.874,5700.82561290296,4536.64176101982,4196.38875937818,4196.36461714029,4555.50130843587,5489.61537348196,4852.74582992235,4852.62597614733,5273.76703972232,5300.47199369017,5257.81925158449,5642.97106555337,5684.39678340724,5814.32828524451,5797.03997817027,6424.2786989459,6112.18047006829,6141.70601703797,6584.20079422985,6532.38501112672,6547.7549309182,6827.00789612414,7261.19825317239,7155.36826103028,7102.29175680626,6934.07372641094,6859.6725035034,7315.45272959522,7650.73657635456,7662.39574853781,7687.47173129698,8523.22140775343,8398.92512999929,9652.30141717672,7679.66536817109,5385.79070052074,5385.79070052074
0,5670,5384.874,5384.874,5745.01916129072,4509.67614936971,4171.45775701089,4171.49404239628,4605.03117160151,5520.83428200362,4809.44378485121,4809.62420256838,5255.11003790563,5186.35903863135,5277.33041022435,5556.56730757017,5527.09108037812,5729.40073419239,5710.32824543256,6294.13928352041,6216.96521300827,6211.11068501829,6757.74697433299,6684.08314337201,6618.75399086592,6914.07651098166,7421.44534176879,7089.35464475831,7134.69298056026,7108.84951786842,7063.1188365719,7584.75290755292,7816.7382404628,7446.55001841869,7429.13841550338,8418.50853080174,8365.74744927323,9420.90713714871,7294.41250887801,5104.26290719878,5104.26290719878
0,5670,5384.874,5384.874,5779.50840860096,4590.59353967264,4246.27706333492,4246.16818566111,4691.13086744832,5776.04211965325,5123.45777259278,5122.91599824851,5619.0224769348,5525.98618142256,5467.36958400391,5808.28068514608,5816.07569456806,6009.85473346236,6009.26837140514,6432.50300333782,6422.37407829205,6373.12359747839,6892.64296092097,6977.47035308734,6977.6694138436,7192.62267578398,7661.27563792292,7483.68690532708,7503.37540861724,7385.65591202315,7475.16454263632,7981.7655724035,8329.20647732462,7971.96542614669,7954.32180514505,8583.56623502857,8887.07405711236,9971.97898957793,7591.63451580538,5302.9611358671,5302.9611358671
0,5670,5384.874,5384.874,5728.77722580672,4572.6692348799,4229.72391037579,4229.74804539263,4643.94507491209,5695.58590572409,5061.62910523032,5061.74914376992,5566.01294850192,5589.12411998005,5530.59937851092,5845.35538357279,5836.37132613536,5957.56664619086,6025.04221490346,6501.358161682,6350.05931797627,6391.20294147004,7007.81529091761,6947.57290632406,6960.86577613983,7174.16236876426,7543.73680398799,7372.93338479308,7250.05595784663,7124.73045795687,7039.61291996022,7599.39331794393,7854.38220905233,7586.08460897585,7593.72503942274,8275.21702810925,8042.86010921878,9394.49954304222,7124.77640414954,4994.5557330007,4994.5557330007
0,5670,5384.874,5384.874,5743.65356989327,4518.69682322202,4179.80920784565,4179.88182173303,4577.98762153874,5572.64848691195,4926.44448442872,4926.80561311924,5383.91191619275,5475.15970878586,5520.07209688056,5879.05152560272,5880.54901522153,5844.45203197141,5872.55956895757,6356.61411666828,6199.38135462208,6183.42785908279,6659.45368694134,6760.49830741498,6859.4079725897,7022.08882584927,7480.58798924935,7204.38470092585,7328.06905798807,7281.17711165325,7300.48493740078,7789.26559645193,8178.84490987887,7932.36261163755,7954.15346201334,8726.88267889121,8790.90205649776,9878.60697686259,7806.35192203026,5458.85402790737,5458.85402790737
0,5670,5384.874,5384.874,5687.31486021413,4581.60732364159,4237.96969901692,4237.88504281131,4564.25717853044,5653.76542817079,4962.12586430792,4961.70521136726,5356.78369462709,5380.68466737477,5365.26050680819,5718.86398946409,5721.13751064739,5698.19743843502,5631.30803516867,6077.76264271003,6005.48902355853,6023.65964891081,6605.30065272812,6284.11131940165,6294.8684178647,6551.05173406864,6967.31978548821,6660.7153225132,6608.87095303888,6627.46318128537,6650.6127772258,7084.59135676527,7550.44634310322,7097.18298705222,7123.87974710335,8117.23737765723,7996.5755242319,8927.819256214,7000.70664776969,4920.02458094572,4920.02458094572
0,6404.19949264333,5397.32681933559,5384.874,5639.60518279755,4459.70002872727,4121.60464066519,4121.77398913881,4374.24328669375,5495.333912684,4893.93825569842,4894.77991387325,5207.84807426317,5323.13191425224,5342.14022961642,5660.20331133466,5708.76537925053,5809.99349180372,5849.4037442049,6264.27121430156,6199.22851969651,6160.63741385841,6938.63220759914,6684.2808735835,6590.36556046156,6790.58495501364,7266.1538886371,7285.67740813973,7189.9250077336,7098.1387279394,7113.20237577455,7622.23409836391,7958.63299646784,7722.34234184668,7697.06211065054,8552.56085444081,8691.97599854401,9462.48567765014,7286.1108347602,5088.24853422725,5088.24853422725
0,6454,6143.55077796712,6143.528985853,6426.15953637096,5075.38247750509,4693.60113337786,4688.47137030171,4985.00351956992,5905.14118470651,5172.58156550541,5155.47166861723,5387.2803633301,5302.41125487651,5248.19278248637,5378.27481531716,5295.19354742889,5361.46810314184,5286.80209516252,5788.84385809095,5737.67144966398,5751.39065133205,6568.71679228441,6572.94813662757,6674.61898508048,6922.29971136687,7228.60580030407,7104.14343982739,7210.69823552512,7100.45111364826,7181.52870893349,7656.33498969281,8166.36129974445,7899.77552342297,7896.85978315626,8658.86176885138,8576.77850988936,9403.83652986284,7183.15086157559,5018.09206321026,5018.09206321026
0,6454,6143.57699910314,6143.57699835779,6485.03936216213,5087.67377330895,4706.09506010292,4706.07930204429,5067.76612463081,6060.83548806897,5357.72986415093,5357.65049179333,5704.06814312621,5663.25518054389,5656.2643115241,6027.75332538471,6021.39002625508,6164.07533742851,6193.1026195844,6668.44673056695,6629.63250049353,6632.09633045702,7239.39395412015,7249.57949838108,7125.08235170837,7325.029367361,7672.74477146026,7391.36307474104,7377.19680379802,7217.25798976751,7026.05173743603,7355.26238786855,7540.27128466172,7308.43322960792,7265.91955926668,8196.47144341422,8125.80575328348,8649.60973881372,6962.5920496958,4884.06535916731,4884.06535916731
0,6454,6143.57699999997,6143.57699999994,6507.52861290205,5159.62765791254,4772.63605704635,4772.53924829058,5094.78247769921,6144.24073129444,5457.86821787688,5457.38691879302,5779.24104290516,5780.34745221537,5776.19759588134,6126.60402089646,6142.72577452508,6193.10792842295,6190.01059977862,6577.9847903073,6521.00156908756,6514.57589710105,7058.39595122267,7108.09084941797,7095.42804006392,7350.93085314417,7787.8642173537,7436.04842940289,7423.35825721081,7378.34191477781,7433.21006064165,7913.37941647382,8127.17753678762,7709.92130800663,7726.5243880999,8702.01394289018,8689.72870283284,9226.37525555031,6938.08899529173,4850.23961948079,4850.23961948079
0,6454,6143.577,6143.577,6504.94259139824,5132.70337480379,4747.75793183041,4747.79417395243,5074.72567888661,6042.68052950379,5324.0697339158,5324.25016850864,5605.94641308308,5482.30082629727,5585.34345287065,5893.16648922425,5893.79612844213,5980.49849221233,5976.79468561257,6420.59732749875,6269.04535275462,6280.81156050181,6885.46736074983,6844.88070670843,6918.58281562857,7287.54249663098,7618.21604970431,7488.94293653535,7483.67656533253,7380.22965424092,7414.94690469949,7899.93196146147,8270.20898799992,8006.70434152498,8017.72802419027,8896.71828084251,8973.92402107858,9540.28542637385,7373.79032894278,5159.53188764005,5159.53188764005
0,6454,6143.577,6143.577,6488.84581720404,5150.66899056462,4764.36393945709,4764.33976119529,5069.4764300879,6084.01877335512,5395.96956813419,5395.84926236206,5678.28602175529,5531.06894847841,5470.363857688,5782.41815382609,5780.84586001508,5908.71231475104,5880.91156103935,6400.22170361935,6237.57479211871,6221.20087138333,6901.60587674491,6729.51280081007,6765.03479298541,7143.87969138833,7603.36031117638,7349.56544235525,7381.89947734594,7210.58361791372,7281.18508547386,7774.67070387906,8023.13077791277,7729.27898719443,7727.9207279999,8302.88161453631,8579.35235417523,9234.79406536979,7055.72552642067,4942.19802089727,4942.19802089727
0,6454,6143.577,6143.577,6480.94259139838,5114.71028520136,4731.11677322975,4731.16515851341,5105.74014529303,6006.90078676877,5301.36338241833,5301.60402849851,5647.01379528904,5563.26568397132,5487.91843046332,5805.89289715232,5811.29829586284,5984.07221117412,6006.55342209274,6537.33383379418,6462.15863836421,6496.42398623983,7065.41088043339,7053.47537680618,7029.43211818609,7298.40188013498,7692.39059196427,7559.03549661124,7559.63471496519,7295.13770336301,7260.45950909925,7732.64957725699,8009.8314256069,7696.22731167009,7668.34764305258,8327.46408152269,8012.14416471187,8950.76698215259,6713.89567356283,4699.17283007524,4699.17283007524
0,6454,6143.577,6143.577,6504.94259139758,5132.66899466976,4747.71394470935,4747.68977367716,5157.55339908838,6168.07379457116,5408.07458361695,5407.9541267158,5850.28493814387,5785.55407720122,5867.78658515956,6203.08548162523,6145.37829568369,6260.24175820776,6238.28707504355,6662.22640332567,6604.52960896304,6543.50353943019,6956.18239307403,6921.10477330881,6893.13936603759,7132.34662695879,7597.88326271526,7156.88329938177,7114.41687939799,7011.00742484798,6880.37929575169,7437.50024111394,7530.70681189681,7350.48740903255,7379.7517679387,8375.06780601647,8366.57575389629,9380.20111418805,7252.85717054529,5088.64893282607,5088.64893282607
0,6454,6143.577,6143.577,6548.99097849436,5150.66897014102,4764.36391332643,4764.33969909635,5218.08194298653,6291.05966853811,5552.33659288196,5552.21593243743,6023.84491283053,5893.0786598442,5868.02378769759,6368.71028102383,6386.98821001405,6507.31745130897,6515.9274268806,6986.78871295206,6858.99548954484,6852.66184829024,7376.23573915086,7147.85613183216,7117.33038160014,7385.77272288671,7919.50123583491,7676.47835131634,7655.54052172146,7625.49374358562,7616.40449278818,8196.51669106825,8418.86592098201,7960.85635861377,7935.7893644243,8864.96046178867,8849.16358205931,9657.59693179504,7526.15038554168,5257.42023326441,5257.42023326441
0,6454,6143.577,6143.577,6528.79743010687,5195.64831259506,4805.96248335457,4805.9019693398,5203.25876839074,6376.77027631769,5645.76455839571,5645.46361831691,6105.01145040662,6073.20512127283,6028.83648516174,6430.90471067513,6445.72130172238,6596.60734481533,6525.64749980202,7078.74258215738,6878.59948785663,6901.05205596303,7471.11921917668,7324,7323.99999999996,7599.99999999885,8061.62226639786,7854.82352939774,7903.99998313096,7840.54109994838,7845.5038478775,8336.08694941314,8938.0777890414,8357.94147779816,8348.90833892735,9258.65279805871,9211.4180591466,10364.813815612,7649.02407265664,5345.92888039685,5345.92888039685
0,6454,6143.577,6143.577,6498.25979569985,5132.73093044895,4747.79318746665,4747.87785087617,5131.93046093529,6199.32679413386,5516.00777120804,5516.42880770374,5932.05496095339,5897.32858884312,5930.83636264808,6285.23821758629,6297.8441714507,6536.17580473657,6623.54904121825,7203.47391740901,7017.32724019337,7025.16680545985,7505.89084605575,7324,7324,7575.96358118361,8022.40954274354,7757.36470588235,7767.200000031,7651.47023891753,7708.87799791706,8275.41484949749,8549.95000254071,8426.01056999086,8427.11681268345,9381.47360924704,9361.24694054252,10494.889792791,7867.39130434783,5507.17391304348,5507.17391304348
0,6454,6143.577,6143.577,6510.25979569879,5141.67589277792,4756.0477703852,4756.03572087161,5130.08891062351,6105.07985489865,5432.39624335951,5432.33657128826,5824.31157074557,5811.12306076968,5780.95097368949,6093.2006142638,6106.98797572956,6191.79384756181,6180.7616611784,6605.65385433492,6624.0973248226,6630.61226332164,7463.00170202384,7324,7324,7564,7928.01590457256,7736.57647058823,7687.40000006299,7529.66085969922,7514.02315551463,8079.83083565226,8459.567644538,8162.14599007439,8163.30760967451,9174.93344881043,9167.36489313215,10219.7279068184,7867.39130434783,5507.17391304348,5507.17391304348
0,6314.46463723998,6144.63681441154,6143.577,6495.52861290309,5139.8184323658,4764.37272855375,4764.3606214601,5126.41377540344,6070.84748774284,5339.93506057981,5339.87512505705,5717.04394066216,5724.29717838596,5717.98238281206,6020.26032689904,5989.72714172131,6133.47153542257,6115.16968978097,6646.4404494755,6426.58469653756,6427.09438382241,7054.14699363393,6992.61832895126,6969.03391651761,7199.99997267322,7727.09173273861,7319.95754443365,7393.6217531594,7340.64608933043,7433.64263198784,8006.25556701659,8213.90584697091,8031.55156297302,8036.17956132994,9056.78197471675,9069.4239273316,10345.2427414889,7867.39130434783,5507.17391304348,5507.17391304348
0,6305,6011.19669687879,6011.20060027251,6393.98952829798,4975.51832640039,4602.56819878984,4603.54540578176,5093.3488307123,5973.90735566413,5274.38298635199,5277.74375835768,5768.53793582264,5659.55042196998,5709.92991467828,6189.4260407033,6148.22697081012,6319.81728387016,6343.12677992475,6633.06824791605,6739.98509691503,6774.82988870454,7436.85320686173,7301.1986662196,7285.97987507522,7557.35462697616,8147.92061418987,7697.00952041177,7682.23071372806,7645.37901063945,7513.2297407536,8075.27929458793,8241.17947816839,7796.884044711,7768.06664827379,8814.81580573372,8770.83435402531,10488.9533079964,7867.39130434783,5507.17391304348,5507.17391304348
0,6305,6011.19200016065,6011.19200029415,6391.09522641975,5037.84619331753,4659.99078423525,4659.9067747577,5096.33998944151,6217.55157256862,5460.51467927234,5460.09674745916,6018.19212984913,6082.28657120565,5989.07552622554,6537.43507379319,6583.67149031246,6690.9599818729,6653.8294441437,7217.25813729547,6673.92673334906,6605.84810760569,7259.88455792345,7143.24717330723,7168.51692369617,7484.37179591878,7961.09431930152,7819.51069253266,7777.68293102006,7733.37305924411,7833.30843467245,8371.93849074247,8774.17560501071,8420.74863335181,8460.42011161959,9568.69024041472,9512.59741259024,10267.2582695239,7867.39130434783,5507.17391304348,5507.17391304348
0,6305,6011.19200000001,6011.19200000001,6305.72963440942,4983.9352866639,4610.15477357192,4610.22732307617,4980.57579215579,6117.85501389863,5435.06378488831,5435.4244331699,5917.6183999429,5951.48110454175,6032.03719983766,6428.83690119006,6424.16057994343,6594.89291862443,6620.27679096602,7248.27173487786,7086.45617288678,6995.44370199574,7516.14391052001,7324,7323.9999999967,7615.91502266905,8164.80318061611,7951.61176359778,7892.59956622191,7767.19962136881,7734.71364110915,8285.32129758333,8614.93976952834,8239.5092553029,8221.11313455006,9026.28040867826,9349.73088301094,10217.6867190377,7867.39130434783,5507.17391304348,5507.17391304348
0,6305,6011.192,6011.192,6236.46081720536,4911.94911127682,4543.57246125523,4543.66930380646,4873.91151404158,5988.37418520576,5267.36351245217,5267.84513497778,5726.30586188488,5679.95030573328,5714.00259349866,6177.59139025599,6162.4524594172,6319.55780706143,6318.7198414008,6711.6532404121,6684.81990128768,6706.80488641683,7480.78607089128,7324,7324,7644.08497723824,7923.24453280318,7899.30588235294,7869.80000011454,7775.95840505946,7781.18844475662,8204.78519999913,8561.80072032818,8437.26220434503,8437.85397102883,9001.74931318556,8978.39178049645,10217.393054401,7867.39130434783,5507.17391304348,5507.17391304348
0,6305,6011.192,6011.192,6275.33716129085,4875.92157611418,4510.23723182502,4510.28568916078,4893.95173674147,5951.48373234971,5279.0318484375,5279.2726509858,5739.6958171993,5653.79304973195,5643.86746062721,6110.62226297518,6174.98928287183,6313.98961636866,6344.35287859061,6881.71590430056,6535.50554482118,6519.24946713629,7140.35680403613,6996.82829698772,6967.13943189896,7196.1073560571,7775.85594531285,7400.85631436708,7498.72163370064,7420.60319909914,7544.26295549735,7995.09322506308,8099.79738390427,7834.9104170304,7853.8064511007,8721.07904764659,8501.2323857166,10217.3913147152,7867.39130434783,5507.17391304348,5507.17391304348
0,6305,6011.192,6011.192,6323.19199999881,4956.83204378749,4585.0476810996,4584.9388106725,4975.90149696639,6022.28410284365,5350.02150925928,5349.4803374505,5822.99497117802,5668.67732665124,5753.47131759701,5990.49962515732,5983.07498179817,6112.03402702298,6051.96016599286,6633.48641549849,6456.71747446551,6453.56464628473,7069.23670579898,6930.61763101638,7009.69246697832,7239.11308408118,7622.55547227757,7435.14368079508,7421.58543132433,7323.34254325985,7338.09720627411,7806.84265623327,8140.71356677734,7661.91586958098,7653.83639186343,8743.03602823675,8675.9030493821,10037.1068301016,7867.39130434783,5507.17391304348,5507.17391304348
0,6305,6011.192,6011.192,6363.28877419355,4956.89396319475,4585.12690291011,4585.12683809191,5089.42900850638,6051.99762941596,5278.88048641267,5278.88031060386,5836.9562786849,5548.77452309697,5519.07823752416,5840.50007067675,5789.37461186325,6040.69443834978,6062.53010636169,6631.28664679673,6525.38480315481,6542.54479737345,7189.98693929255,6972.20132477255,6938.05812107265,7217.50844922908,7720.00224400428,7377.99934683752,7437.65875939913,7402.4418883068,7337.20718162482,7874.51359137108,8094.18512999121,7842.41609712888,7824.26082007067,8885.81165920563,8935.18395515737,10253.6280511221,7867.39130434783,5507.17391304348,5507.17391304348
0,6305,6011.192,6011.192,6401.87479569813,5010.85268491536,4635.02409006559,4634.95149050905,5118.17942492131,6292.71342042835,5606.96362358062,5606.60199100088,6224.81828874508,6085.51714436785,6058.13062486562,6523.6009644153,6508.30587669672,6659.24032561391,6638.01032496321,7069.04980167781,6961.20763587238,6909.03743085776,7662.96918402771,7311.86123017358,7267.84867368252,7603.42232648097,7974.47006177026,7692.22411534033,7630.5761773064,7593.44843184239,7554.89956784153,8055.03834682068,8311.20966460771,8069.28406393273,8068.03835265886,8951.97643376881,9071.57826157022,10295.8734971634,7867.39130434783,5507.17391304348,5507.17391304348
0,6305,6011.192,6011.192,6260.17049462352,5019.88708961287,4643.39310861401,4643.38096547076,4958.34425691991,6185.59160393482,5459.14010647771,5459.08016838361,5957.96622158984,5861.13030487776,5860.8844981066,6363.53640665418,6380.96058548689,6609.7825406634,6583.69427182459,7196.06542017314,6915.52208356132,6727.11454359431,7477.15116112356,7324,7324,7687.91502276171,8112.83499005949,8047.95294117592,7949.59999845707,7926.04943107807,7920.74168658769,8440.96249741202,8590.11950578151,8202.53257788734,8197.45436787048,9119.5615021011,8954.04351647366,10217.8562372462,7867.39130434783,5507.17391304348,5507.17391304348
0,6305,6011.192,6011.192,6189.97156989538,4822.0454844584,4460.44576440469,4460.71195540789,4837.30093261064,5854.47942378004,5185.06366060718,5186.38709965873,5684.87374558317,5458.50784665523,5517.61762428746,6032.56450841537,6022.30577939497,6346.99552379685,6380.42443319476,6862.65041856278,6798.65149448148,6690.26873707988,7400.30812777902,7324,7324,7836.26707132018,8098.37773359841,7809.22352941177,7858.4000001427,7795.79187363112,7847.99148631301,8414.96278003699,8663.39260771451,8299.40583474337,8300.86042432471,9057.73278722024,9334.72417996125,10568.3310186983,7867.39130434783,5507.17391304348,5507.17391304348
0,6305,6011.192,6011.192,6173.72963440768,4884.84588908316,4518.4653952451,4518.38085428948,4879.5406910325,6002.6647179873,5297.21007840805,5296.78966462138,5877.16486593248,5709.4766710978,5640.21390424253,6168.90896525173,6185.02337607176,6331.32527517708,6421.40351685116,7004.11956205827,6607.77324980676,6578.35261338999,7471.48512757806,7324,7324,7875.92716236722,8244.83499005964,8063.15294117647,8131.99999960685,7984.06230956745,7989.22136965153,8468.00555607563,8825.25041267943,8500.17483052478,8496.57469390485,9001.04081511756,9013.42587220978,10222.7545607999,7867.39130434783,5507.17391304348,5507.17391304348
0,6997.05794013192,6022.05509771828,6011.192,6231.43393548493,4816.40369426169,4451.99739330849,4452.09414233253,4870.75985978489,5910.99269808208,5234.50054427136,5234.98142103598,5813.43867537201,5675.98451210096,5727.74326696029,6250.83793530181,6205.25528088614,6239.96391264529,6164.35407716646,6799.56813571851,6461.74338324479,6489.16218093326,7432.39160636785,7324,7324,7948.14567526555,8387.93638170974,7956.75294117647,7858.40000015019,7752.61611049153,7726.56439885666,8221.33682279398,8368.20998600051,8098.44899564069,8101.10147632807,8583.41508480178,8643.37402362354,9762.22485354953,7867.39130434783,5507.17391304348,5507.17391304348
0,7044,6723.30735625335,6723.28687579169,7116.7969149961,5494.57150980185,5081.39197426103,5076.43766432021,5555.1344696295,6634.55780711184,5746.61419056374,5729.87074408684,6242.57703912363,6139.93938147747,5940.72299764153,6503.13893552343,6476.17397886947,6593.24682286737,6079.25030749409,6702.68455135566,6516.19750928858,6545.69932795505,7357.98758467754,7324,7324,7980,8408.83499005964,8262.98823529412,8293.62664832212,8432.59741771826,8208.17995547192,8755.5910024455,8927.02738045875,8586.04156037536,8581.55391504027,8959.26465522857,8953.77607500475,10047.2439619243,7867.39130434783,5507.17391304348,5507.17391304348
0,7044,6723.33199915712,6723.33199845663,7104.45565268939,5623.65058812211,5201.84191482496,5201.6689986284,5653.80425854961,6997.55394166203,6185.30592084201,6184.44520559376,6725.04388989277,6555.94232639249,6198.06682221095,6249.90525868257,6035.4640641924,6075.92775263326,6092.90036711955,6756.43277664523,6675.11163344283,6724.61186453368,7386.86340650255,7324,7324,7727.9028831563,8245.59045725647,7890.58823529418,7949.60000184904,8199.49450534545,8342.04754884244,8828.47687219824,9255.69962168555,8742.65657054358,8761.79448434426,9252.89006694265,9144.1996073821,10575.2533875462,7867.39130434783,5507.17391304348,5507.17391304348
0,7044,6723.33199999997,6723.33199999995,7015.28361290483,5506.83845750334,5093.8572799939,5094.01447598516,5543.08181929431,6808.24058517768,6063.39607870143,6064.1774040019,6663.08475687937,5802.52823083134,5504.43718357633,5963.46743727361,5993.3362231858,6256.93290963385,6296.77041921611,6960.93412135366,6841.57868700408,6753.26028219092,7393.74387338693,7324,7324,7551.78148710167,8152,7961.89411764706,7824.20000013545,8026.03872036495,7926.93211350053,8595.16514038554,8750.40459721016,8489.5051733017,8491.68851658175,9042.49619738278,9101.17685417787,10364.4542242384,7867.39130434783,5507.17391304348,5507.17391304348
0,7044,6723.332,6723.332,6979.28361290362,5479.76971067385,5068.7943229455,5068.8307162944,5479.09604058102,6734.35075684647,5935.50666316756,5935.68777287292,5698.49506933293,5593.40713760766,5614.0011821246,6111.11383049373,6088.38431139486,6196.68429615045,6144.36519321121,6751.80762944234,6527.80360909712,6557.26663687852,7438.33002869757,7324,7324,7632.23065250379,7880.01590457256,7798.2705882353,7778.60000028788,7901.66027862297,8094.74100609701,8704.46106099279,9166.94447888471,8878.20024173563,8879.47573627933,9489.5166436743,9355.99271204539,10218.2625133079,7867.39130434783,5507.17391304348,5507.17391304348
0,7044,6723.332,6723.332,6976.69759139825,5452.76966983462,5043.81927069439,5043.85559212079,5386.24222633605,6669.05773128491,5922.21564390953,5347.56130126569,5683.29207329663,5664.94220254687,5653.41292950334,5864.58747286375,5855.56461254123,6057.56924095343,6091.23116721488,6723.7590176804,6647.48249424062,6699.84030633909,7434.22552809167,7324,7324,7603.84218512898,8137.59045725646,7882.31764705882,7960.99999968882,7937.52179103968,7854.00531203434,8368.38975885394,8572.34954026652,8281.22607420803,8279.62550860541,9073.33418517835,8530.69247210344,10217.3964654384,7867.39130434783,5507.17391304348,5507.17391304348
0,7044,6723.332,6723.332,7034.11156989221,5470.73524059137,5060.42522074132,5060.40104252663,5454.99161549369,6522.89129535045,5810.58998581906,5247.70299310776,5651.56266356544,5702.11964690312,5769.27081563005,6131.62785672178,6184.83894917445,6365.21252945624,6432.434721464,6998.40546875769,6915.44995212911,6965.10144191214,7521.606187844,7324,7324,7535.97572078907,8039.98409542744,7736.12941176471,7755.80000022394,7904.50742800179,7841.92836010727,8437.22307331005,8752.01267251037,8255.11113675165,8257.03587149173,8807.45135478057,8689.99825318164,10217.3913349224,7867.39130434783,5507.17391304348,5507.17391304348
0,7044,6723.332,6723.332,7037.91802150445,5533.70079091961,5118.6561446513,5118.57143081858,5466.8828533716,6568.90559987077,5295.64739311164,5316.32848495089,5841.42551264004,5827.1443605929,5914.16888592119,6349.82481236623,6388.03981117005,6615.24458392334,6678.95746331142,7203.78975714492,7133.11009627208,7145.02954772899,7589.25195021398,7324,7324,7616.13353566009,7852.04771371769,7796.70588235294,7767.20000002016,7927.47023216434,7984.8613199355,8568.54429056464,8807.07655366169,8719.99417442115,8000.19650557625,8544.76366407975,8593.18457920312,10217.3913045289,7867.39130434783,5507.17391304348,5507.17391304348
0,7044,6723.332,6723.332,7058.11156989313,5488.78340058026,5077.13683828066,5077.19728744299,5472.87078672503,6219.0997146403,5573.87335189503,5674.47274197779,6178.99493740642,6071.82050387732,6197.17147482505,6561.19853783897,6592.30411119961,6809.04610379314,6808.14579758866,7251.27238989851,7076.95409865473,7009.95405815332,7488.16651621723,7324,7324,7676.02427921092,8027.98409542743,7745.96470588235,7755.79999985827,7790.32459210668,7852.92799037865,8442.28703487666,8553.9170867731,8169.77823874299,8439.37193914949,9020.04840551468,9061.02722720516,10217.3913043489,7867.39130434783,5507.17391304348,5507.17391304348
0,7044,6723.332,6723.332,7068.60081720338,5551.70081952917,5135.30618125536,5135.22151780732,5523.29026238087,6469.95669559754,5776.26804063888,5822.1196794622,6301.78478575399,6174.82988831906,6201.92719894782,6600.23445983294,6572.72378487678,6670.73234803499,6627.6580543885,7072.76811838232,6868.39720446168,6847.37852450156,7387.73008281848,7324,7324,7659.96358118361,8268.73956262425,7902.88235294117,7824.19999995023,7778.16637411447,7783.37595986633,8268.31878729795,8631.38820712589,8244.22240706506,8380.73232468411,8805.12771815546,8730.59579157479,10217.3913043478,7867.39130434783,5507.17391304348,5507.17391304348
0,7044,6723.332,6723.332,7027.28361290375,5515.77651475345,5102.103028318,5102.15137759059,5506.06006728097,6578.0649717875,5821.73054640532,5814.59840874459,6275.47281728125,6223.24562808564,6208.81658037301,6457.62408730596,6449.19402614377,6588.84111187192,6548.51163277324,6990.50819971336,6681.67641535167,6684.84619552962,7264.63522229602,7324,7324,7615.95144157815,8057.65407554672,8009.28235294118,8097.79999997527,8081.44975795587,8024.03143866718,8574.00163186985,8593.90843017005,8360.94544931947,8184.6389575979,8617.43868268125,8689.95486237018,10217.3913043478,7867.39130434783,5507.17391304348,5507.17391304348
0,7044,6723.332,6723.332,6964.55243010792,5488.7696738766,5077.11927586584,5077.15560441062,5385.78495236601,6561.8019437292,5797.36021824351,5807.11849781438,6304.3978747181,6118.95000364256,6062.12722575023,6413.61717506627,6414.05275629214,6552.91556242021,6612.93903009744,7124.94314753946,7009.49310618433,7077.13732709052,7510.07782297992,7324,7324,7632.04855842185,8141.55864811133,7765.63529411765,7755.80000013921,7768.24464744039,7830.89422661389,8369.7789601768,8538.02038108801,8261.84310165396,8489.70344750474,9173.88229948071,9166.7749847422,10217.3913043478,7867.39130434783,5507.17391304348,5507.17391304348
0,5802.22891933028,6713.79367029615,6723.332,6960.74597849555,5419.05244748506,5018.87951060405,5018.96423167064,5351.74382960878,6563.41168412209,5857.35913675041,5846.00240966922,6210.6580108749,6083.37327831859,6111.51272679235,6521.79313939321,6540.36044532879,6718.49797488031,6747.38459644042,7208.82156095383,7060.73931347085,7037.47080473073,7404.54457399541,7324,7324,7471.73292867982,8110.4254473161,7931.49411764705,7960.99999988594,7902.81282096826,7887.13440899168,8486.6832016733,8531.85601276404,8100.7907311706,8099.20608562299,8620.83680653932,8555.15150974201,10217.3913043478,7867.39130434783,5507.17391304348,5507.17391304348
0,5718,5479.86938601635,5479.90544245117,5764.04027250913,4512.73710316598,4176.1146732118,4184.43899148183,4501.65503525739,5615.76903229774,5058.29588324365,5892.83843211803,6349.01632273794,6223.95135469702,6299.18775113688,6628.50193441268,6661.14340288832,6866.31006596225,6864.72045575075,7242.44262094054,6964.54299431753,6948.47261855092,7388.89048917823,7324,7324,7504.18209408194,7806.40954274354,7673.31764705883,7584.80000040812,7631.56985002092,7574.2446851659,8044.53253413719,8534.90352558568,8141.63307393371,7732.96955573998,8792.73020016325,8827.1597271206,10217.3913043478,7867.39130434783,5507.17391304348,5507.17391304348
0,5718,5479.82600148392,5479.82600271714,5766.46041427548,4534.35224671637,4194.26971067718,4194.23936634241,4530.03847605703,5549.30920556206,4923.26770176845,4923.34314964174,6429.61169956937,6304.06294942478,6336.65745753215,6739,6719.76811937415,6790.22720824413,6771.65698814975,7186.25377811865,7055.87493374949,7065.48899365761,7543.9200227687,7324,7324,7531.95144157815,8028.78727634194,7755.35294117647,7824.19999974037,7821.94687155028,7915.81923252382,8360.92774903968,8704.58584984021,8254.62148357682,8024.46910914695,8786.53688305962,8811.10265052302,10217.3913043478,7867.39130434783,5507.17391304348,5507.17391304348
0,5718,5479.82600000005,5479.82600000009,5849.38513978541,4516.38326144561,4177.65939436479,4177.68357616549,4624.06149084698,5536.43989724207,4894.28717606279,4894.40732216514,5339.77783948227,5739.09717125239,6229.90107361863,6559.93852619684,6549.46968341151,6727.91489698145,6778.38714534319,7243.7315847174,7100.83331506155,7169.55233430466,7651.76666492029,7324,7324,7580.0971168437,7928.01590457256,7793.57647058823,7744.40000006503,7659.38085927124,7643.74330344648,8222.49381490035,8496.53660509952,8315.68826460244,8229.38810915249,8946.18013652455,8922.97197064468,10217.3913043478,7867.39130434783,5507.17391304348,5507.17391304348
0,5718,5479.826,5479.826,5790.17008601966,4642.27310636187,4294.06845817772,4293.89907369943,4632.5826229915,5753.82761060834,5085.86295937709,5085.02077897371,5543.3811679009,5419.99320942403,5407.21553533355,6545.36677491011,6717.705895065,6899.23605606214,6917.45459676721,7259.9527161258,7049.46639893495,7035.48504401818,7479.77869718327,7324,7324,7612,8109.57455268389,7756.91764705882,7835.59999987278,7719.01105279719,7760.73317416414,8309.97903404016,8676.06729637189,7846.81711171827,7605.46374608586,8670.60107417289,8614.79841400144,10217.3913043478,7867.39130434783,5507.17391304348,5507.17391304348
0,5718,5479.826,5479.826,5717.23997849726,4462.50715961305,4127.86791392402,4128.10981147106,4504.86572459219,5425.29879153752,4832.25026791115,4833.45288099843,5298.4800236391,5160.61613004131,5147.15033334868,5764.03966149423,5802.19278771532,5999.97015937215,6022.8108944877,6357.64542319258,6374.84288179365,7013.5297008592,7334.43648972706,7324,7324,7636.03641881639,8037.62226640159,7894.61176470588,7835.59999998442,7625.47345716074,7672.4302645116,8154.00808795288,8333.44395343273,7700.0048515896,7654.47532749614,8617.87474578085,8591.38824614206,10217.3913043478,7867.39130434783,5507.17391304348,5507.17391304348
0,5718,5479.826,5479.826,5710.41202150472,4507.33515255806,4169.27284220633,4169.21248662658,4534.32667489365,5450.36173791645,4835.7056057893,4835.40564315954,5350.74805804115,5252.23852160492,5261.62916928297,5783.86002660006,5750.02571064414,5942.47840875286,5907.01925485869,6273.24227043159,6135.11172703461,6115.51293717458,6438.18908698895,6519.22405238155,6535.13614063703,6735.7304887251,7335.91550940079,7125.91996589319,7211.79758061254,7178.0447238144,7403.03585225699,7874.29838887859,8166.24748747646,7416.48525667355,7369.82719346073,8495.49334327174,8564.43047837985,10217.3913043478,7867.39130434783,5507.17391304348,5507.17391304348
0,5718,5479.826,5479.826,5750.65395698991,4462.4039088148,4127.73581131621,4127.7962749805,4507.71249259445,5345.87411970515,4734.82423901082,4735.1249031658,5219.99382124236,5194.29811459538,5155.21697441098,5741.42195166433,5804.83689464565,6073.42590628663,6082.37490131178,6501.7014570757,6398.10418535088,6415.38701046771,6635.06317739555,6611.64778097783,6589.9740096403,6745.32746841799,7266.1231746686,7027.47555864137,6998.83090234601,6889.98778746246,6800.2883072895,7026.36345499457,7301.69717736185,7905.40920427801,8185.58925568408,8989.87484849267,9091.44668662411,10217.3913043478,7867.39130434783,5507.17391304348,5507.17391304348
0,5718,5479.826,5479.826,5757.04643010621,4552.30066200268,4210.8537138084,4210.73275060996,4544.96097040321,5446.38215661373,4796.45877048681,4795.85761480798,5222.64444194859,5239.19725517084,5210.30049756445,5574.65519212579,5567.2454216862,5816.66569561306,5819.29412246524,6192.86120334081,6150.53712641056,6152.45347170276,6406.60815276979,6343.24790724612,6335.00482897152,6527.88009614543,6903.37769281936,6902.491044223,6950.25987394513,6858.4511088642,6984.81763965604,7335.08096682279,7484.15175750506,7205.27454936074,8463.73036897224,9105.25611428532,9115.27146022295,10217.3913043478,7867.39130434783,5507.17391304348,5507.17391304348
0,5718,5479.826,5479.826,5719.82600000092,4489.41766001319,4152.72840507044,4152.81303249027,4511.65324951861,5381.48969720429,4748.61132707283,4749.03196916745,5195.04416986165,5104.55393904014,5191.57097396886,5577.26874492057,5588.74060843975,5837.26321137855,5841.38249374448,6226.76510990167,6128.14252233094,6140.24712221237,6478.31976687779,6355.66846688278,6407.86633595531,6606.34262386062,7047.2958690844,6799.53355789112,6786.21633119258,6696.4832005845,6577.54118636593,6991.58039349479,7397.37256184555,6988.25863192276,6991.42188354334,7881.42788004985,9028.88956388499,10217.3913043478,7867.39130434783,5507.17391304348,5507.17391304348
0,5718,5479.826,5479.826,5706.46040860215,4489.36952860958,4152.66682410408,4152.66687448878,4434.18266311329,5424.11149861091,4803.80033352766,4803.80041155032,5216.32118471436,5159.17203664299,5159.0669295256,5499.54078440384,5509.19371298918,5712.10700838935,5749.75260890667,6132.21413942135,6027.25871398838,6010.69163765161,6369.29519388963,6236.89208038032,6253.38520281473,6412.20072735069,6919.2474146031,6661.45160468678,6769.00004899883,6761.65417052327,6842.19253505943,7300.88725905834,7516.21321870413,7454.37257058562,7461.03967661784,8214.2945433736,8164.18649767657,10217.3913043478,7867.39130434783,5507.17391304348,5507.17391304348
0,5718,5479.826,5479.826,5695.82600000026,4471.38327170459,4136.03440749056,4136.05860735983,4414.98262923304,5302.16984760486,4687.19261335489,4687.31326165384,5015.4758864679,4922.73193802858,4888.20430960731,5212.54168285627,5215.49420298648,5371.85199872651,5368.42195129997,5614.93274330905,5736.90257484096,5755.94963508821,6129.34438315748,6040.25960610969,6035.05290253154,6297.11720520901,6530.8438033517,6393.42004744713,6424.84500200633,6333.02855637829,6414.68397771363,6844.54005120538,7179.26527321789,6819.27199699355,6831.67258664411,7589.62545632063,7701.75963496267,10217.3913043478,7867.39130434783,5507.17391304348,5507.17391304348
0,4626.06555048198,5448.03156765382,5479.826,5802.7507311828,4463.80221007543,4136.0167979672,4136.01681237507,4497.53140270868,5217.73997335298,4701.33873532374,4701.33875173407,5049.33840161509,4974.82926731603,4998.63642246966,5298.62611932981,5311.30613846726,5445.73330757983,5473.36109226177,5656.45371928977,5647.06890791184,5654.3227125309,6091.39410606235,5910.31903264134,5919.65620677736,6133.28943464267,6566.31393186034,6317.14292492354,6250.42193523018,6065.18958917655,6083.7500742176,6469.06772623276,6792.78667715265,6564.98074482962,6586.29153976433,7611.59499821311,7325.13124105568,8566.27928263389,6765.56157539237,4858.14810485325,4858.14810485325
0,4552,4305.74810903483,4305.78144209745,4633.66780756718,3705.19561352267,3428.98349791492,3436.59537064039,3799.31847609954,4582.87338397213,4033.38149861654,4058.38231768999,4492.81536061944,4422.4689162666,4538.01449203991,4945.40114240847,4977.76622218978,5120.36518174759,5155.21734214188,5470.32810090128,5309.76928572657,5341.19914693143,5780.23429638282,5747.49636801849,5752.9584011735,5897.8031495729,6427.11919982839,6183.4714492824,6149.53542830147,6034.47230938248,5998.03114882173,6463.2835293145,6775.40419507854,6496.28005856367,6513.85085089658,7635.4514236806,7778.15053071488,9192.69117068665,6859.42145990814,4801.23604384383,4801.23604384383
0,4552,4305.70800137183,4305.70800251191,4496.1972525586,3592.36674898851,3322.96963299199,3323.12028786655,3587.7599990754,4499.99221395461,3978.45632002227,3979.20581794813,4387.76141135061,4373.51196956348,4344.11012481686,4695.47814948345,4696.54602342148,4828.4699447227,4799.32525719681,5192.33561434579,5046.06611950974,5052.20047570228,5552.63859795425,5453.09619260215,5432.22344175457,5607.62204042882,5951.24056663268,5902.62124467876,5953.42590194883,5938.53165584199,5973.26892103433,6447.93963708422,6824.22262093783,6651.84929624143,6670.2566234888,7589.12303934477,7687.6432748829,9241.88355560291,7104.5767515239,4974.76659841038,4974.76659841038
0,4552,4305.70800000005,4305.70800000009,4444.39079570056,3493.35679522799,3231.38190001074,3231.51508884795,3462.68886879576,4310.2411599268,3819.54825080963,3820.21052545189,4160.47013588982,4239.63747500972,4185.79436883976,4586.14780446919,4569.56842481794,4778.38462853233,4799.5239492761,5223.98615541849,5128.83374521835,5160.59099943569,5609.71293138933,5588.85978276927,5701.91073633508,5859.32682932108,6364.97743337287,6191.70885788811,6123.92423475818,6072.98296352675,6060.27174797712,6513.38114889852,6894.46101054971,6488.22184947754,6463.34400787464,7511.53335936564,7289.6344565945,8974.78302620078,6816.09340728722,4767.1741200492,4767.1741200492
0,4552,4305.708,4305.708,4476.43918279557,3502.27415918255,3239.60117262385,3239.58915200067,3527.21761842105,4295.63479699646,3788.41859763419,3788.35899150142,4142.6175391119,4094.45555742645,4213.22708057271,4624.38684862804,4676.60869882534,4841.59498833088,4842.43321915849,5109.39639406288,5174.10426503314,5128.80876042855,5489.17046513041,5331.23612500331,5306.50410755075,5451.3481821916,5732.39403609509,5760.62159279804,5821.54941285597,5767.6100782089,5780.03104092061,6242.92995099039,6614.76006347342,6497.71591060381,6524.06969049958,7403.66544288139,7794.91576744486,8976.0081790882,7352.48511724307,5159.20802802527,5159.20802802527
0,4552,4305.708,4305.708,4537.80477419302,3538.25345256101,3272.874679863,3272.82627302749,3607.58382223348,4375.34915925164,3894.3167922192,3894.07594256186,4306.84474599211,4177.59983075875,4175.41652535384,4418.09814209535,4401.97290915112,4562.15963064246,4568.034032291,4805.86385514452,4813.11329491518,4849.94348293142,5218.5437534326,5058.56366114158,5042.27273099085,5200.22294391538,5594.97531441402,5321.2914700653,5415.0713345059,5420.81251847025,5457.96943521756,5884.94430117794,6224.05890072739,6063.15937493145,6080.00878876159,6881.14650686718,6744.94832569016,7948.29465933352,5979.05743160097,4189.71754176411,4189.71754176411
0,4552,4305.708,4305.708,4522.92843010673,3592.23966857259,3322.8070441561,3322.7344158181,3585.17470298053,4371.9744058552,3900.14480339383,3899.78386993185,4271.30607158822,4235.07077574137,4190.33713175017,4427.10043104074,4474.00181412753,4606.45717808847,4607.73038540966,5000.17208396316,4737.50748896028,4750.44087803083,5101.4513796956,5044.99926225268,5021.72806613208,5196.76954773154,5491.68924012339,5455.22120494881,5333.77866847436,5249.43398751068,5319.20375696779,5698.35500152624,5937.20110471241,5733.54858618796,5745.57621490303,6393.88731141077,6701.66705159134,7734.04251880528,6147.9202568219,4305.2645299887,4305.2645299887
0,4552,4305.708,4305.708,4479.025204302,3529.32917635354,3264.64656347684,3264.73121967387,3535.63213192682,4172.784605138,3689.00187814177,3689.42308164777,4034.14082354802,3975.37047671953,3985.16716348886,4144.36575099646,4087.64785683301,4238.71097140416,4264.60968562095,4548.52193526347,4579.17067147649,4604.3775594302,4906.86397556841,4901.93205964942,4956.69335700665,5149.23626876112,5545.9190426454,5335.2604632589,5462.96302441104,5399.49317185599,5335.34110013762,5782.1152125659,6097.85432785539,5749.5196747275,5742.43084092331,6278.8251307901,6141.65684988757,7366.79999202674,5463.31280373886,3821.19866750763,3821.19866750763
0,4552,4305.708,4305.708,4533.85316129046,3520.28791446308,3256.2687716009,3256.28092192237,3537.2581335262,4212.05551603019,3705.72308177123,3705.78337945992,4047.52653750044,4073.75535530388,4050.36640821521,4359.90761858555,4406.83296538454,4478.2780570205,4491.31461672614,4820.02448487948,4634.27147533223,4602.12214585907,4852.7761032884,4768.7425134803,4720.46968339426,4884.61575847769,5261.56713543537,5046.28669602506,5026.78460247241,5024.80079956525,5033.08453967275,5418.3694956455,5849.65914717526,5704.53583345214,5735.97068232765,6346.47446019849,6443.46186383781,7631.67057861519,6010.14724581656,4219.05034168237,4219.05034168237
0,4552,4305.708,4305.708,4541.61122580526,3601.21903151338,3331.10564039569,3330.9967483525,3622.86840521105,4294.75715598423,3814.0019691032,3813.46070734512,4142.66213781335,4072.26161236895,4097.4471956927,4257.92215908284,4229.58015446846,4289.14351758936,4265.32800922711,4565.03515646952,4524.03138470143,4542.31852632866,4821.52500534219,4756.98804690283,4769.58531536041,4900.6308978329,5314.24495574705,5198.43571425369,5194.91015253397,5180.29879841639,5213.80436633085,5619.52398110738,5841.04384792046,5691.95189968716,5680.88696679753,6509.35110901385,6198.95077384529,7420.61511569883,5616.25894266626,3924.16275071205,3924.16275071205
0,4552,4305.708,4305.708,4496.34240860294,3547.32227825024,3281.28773780721,3281.36027249421,3570.43568438171,4210.80945733397,3740.3497922144,3740.71029705937,4130.79920724078,4114.10698741025,4075.44900786876,4308.60445735344,4337.86260986659,4475.33456546807,4449.91423570638,4927.61901483105,4641.89152932435,4632.30911145879,4987.13935947001,4826.94965481203,4853.53068112482,4960.41612747502,5265.53829862595,5120.65510301454,5109.53959855478,5161.42651145262,5040.45325704057,5345.00711029492,5648.41174499058,5447.64208326656,5446.92166077838,6351.57853403275,6535.76832014383,7497.20505450262,6012.33542282277,4213.45725424006,4213.45725424006
0,4552,4305.708,4305.708,4512.43918279596,3529.29479620904,3264.6025763424,3264.62681936679,3587.42951342117,4159.65834920164,3677.21251698332,3677.33312401161,4089.49390727807,4065.54039427281,4102.3887858347,4234.08350598442,4243.45773475285,4398.46253776526,4448.19171319717,4645.52024821585,4858.58661548178,4852.53464788528,5245.9916183103,5088.74853005269,5090.11286313144,5243.15386247975,5513.25861267312,5361.87947507895,5362.23370846417,5413.65242330441,5511.01779709431,5794.30133310195,5934.97371052276,5678.66468412857,5645.51253968901,6587.47847833156,6342.65871244102,7383.68228644249,5514.10642002954,3852.64069101707,3852.64069101707
0,3845.89487569761,4296.43462389903,4305.708,4547.07359139732,3567.22754258719,3297.8496955482,3297.80131030302,3573.10496889069,4227.08791471898,3736.5969875713,3736.35639910948,4098.94716964806,4132.74344549644,4118.72798530008,4224.86545997767,4211.93531245442,4330.90748505291,4254.91360509873,4552.43232415813,4359.42134258422,4372.64726464355,4753.79318621105,4635.09439948016,4651.27970611142,4797.64454985861,5113.04019031653,5013.66516761926,4983.73590818423,4979.96393325366,5001.52026829558,5321.87973452787,5561.18543743261,5412.02929703743,5465.79387592544,6312.96627391715,6674.87431228336,7998.26793142601,6022.28391745871,4221.38363070558,4221.38363070558
0,3798,3585.37599252285,3585.39676283889,3817.39817122708,3055.10350128308,2827.02593094762,2831.81802552145,3123.56422100525,3761.50998627761,3336.33304303531,3352.15732428504,3698.53346463935,3682.19886013324,3759.3388709013,3996.74616534309,4030.7161925064,4323.79811050151,4379.52233408667,4690.83706134289,4609.14646507027,4631.31333605195,5084.91324694641,4871.23785877673,4871.89393844715,5011.1424083678,5348.47994333698,5190.33498057748,5191.75060031245,5261.7798908351,5139.65983619732,5542.83605671206,5538.12248396063,5326.68546208194,5290.58697279103,6237.83484632938,5850.40709806652,7184.38900702107,5603.79400190524,3923.10616216947,3923.10616216947
0,3798,3585.35100085481,3585.35100156521,3841.4477774623,3025.03586750489,2798.16619248899,2798.20592103252,3077.32162315654,3755.37971066702,3310.99223070311,3311.19014882927,3635.93867702139,3665.44672612935,3667.14859312612,3818.20978634169,3817.39012990338,3989.50394810962,4009.96684799417,4366.31079197274,4204.25254251457,4209.97188207797,4614.25858069517,4539.01775429067,4569.10086163101,4686.08866510878,5020.09399028316,4968.19032224137,4977.27418042937,5059.34122840734,5246.74492549461,5656.82735953049,5926.94397230538,5735.45027697197,5765.69120992618,6776.14698808706,6982.40689705121,8270.56954623566,6322.50497480268,4422.51961238904,4422.51961238904
0,3798,3585.35100000003,3585.35100000005,3799.84024731115,3078.97194837745,2848.03441353941,2847.96183769037,3094.09877085355,3758.67158422258,3357.98527652852,3357.62462334122,3647.32709176716,3636.04508751487,3603.22105728791,3781.5740250257,3752.71490037111,3895.60972172918,3878.85389405838,4160.87874937265,4149.14261689504,4132.61017006712,4567.22186259238,4351.69308318979,4357.19295991248,4467.41628250554,4685.83276186135,4680.99855488384,4699.51542664635,4692.96335712378,4641.6322136446,5018.69169689246,5187.5306960357,4940.74340775165,4951.4225905476,5840.75998489725,5914.22900976989,7057.90136621083,5636.88719729288,3956.67386127833,3956.67386127833
0,3798,3585.351,3585.351,3788.13056989393,2980.08896974643,2756.60913468712,2756.74219059403,3011.73385588882,3553.58342720208,3168.4336963061,3169.09522766952,3473.35284631211,3488.28179846423,3553.62535122471,3815.30195564408,3850.75139349836,4046.20787244027,4048.35686510053,4483.8664818374,4277.00147492297,4308.53992492827,4815.77716252278,4578.63729510738,4576.44824946916,4727.56067855938,4979.98668410992,4796.98753409131,4771.94082024315,4775.45932138928,4771.77361981999,5052.97558080134,5260.84286666271,5171.79339937278,5160.07050904514,5940.5053404957,5970.32848521795,6863.86998721483,5385.44917304779,3768.47901282809,3768.47901282809
0,3798,3585.351,3585.351,3785.25422580553,3042.96509407493,2814.72564391004,2814.64102368985,3047.7401338106,3595.50429244023,3160.3944598027,3159.97404277579,3440.35197102251,3391.89455600408,3376.51359348294,3556.28214581681,3525.01882156517,3731.89607433494,3735.14068192667,4014.80611197445,4051.61375113881,4084.30953140416,4507.15676303162,4527.25221905692,4474.06632642607,4646.92081651836,4996.07062305907,4861.34319865262,4945.43409022469,4899.3302302122,4983.98865444537,5263.26521550084,5296.74127450092,5089.40908796533,5084.67238430705,5708.41224313445,5826.77140144383,6822.1974324756,5128.1675138339,3583.23617995336,3583.23617995336
0,3798,3585.351,3585.351,3726.61981720509,2989.05453645563,2764.89007955547,2764.96262869308,2903.55380685798,3564.87736161463,3142.688880851,3143.04940634829,3357.65977839439,3377.25474840076,3404.11028902227,3677.0955787997,3695.43471581155,3856.38608069827,3894.66958160805,4236.50104363318,4029.50628243057,3969.28867961235,4236.45952562989,4285.88480123755,4325.12709050267,4461.75366015729,4812.64251055587,4623.77876149132,4601.82304511849,4527.51666378586,4474.08500515583,4759.30085620398,4905.40478528612,4682.47630100871,4714.13843934171,5178.49813078575,5344.06106462929,6268.79710191679,4987.47313327272,3501.57365633187,3501.57365633187
0,3798,3585.351,3585.351,3798.91013978548,2953.04081790151,2731.57252756744,2731.62097043977,2990.80159039924,3462.91593608472,3052.4809855511,3052.7220467018,3247.43203423323,3202.17927442127,3120.92979694334,3330.92041845899,3357.92061617551,3460.99932678997,3471.85091591001,3758.91869428485,3839.36697040205,3893.28137228665,4207.28025401851,4061.79600637167,4087.20864609109,4177.963357606,4545.85598746149,4520.60168406353,4535.88173029833,4562.26649408602,4582.22021880889,4867.91738053141,5044.59477747815,4866.66695486163,4860.4863720236,5424.95472872308,5183.47579764242,6401.49080323154,4636.34297808979,3245.57344992011,3245.57344992011
0,3798,3585.351,3585.351,3886.716591396,3078.91686456363,2847.96393742133,2847.79456738727,3110.84101371477,3703.1049020258,3299.68105354183,3298.83876199159,3547.89910561879,3607.57847064736,3641.88841026011,3736.29973388093,3710.84904566014,3768.00261770333,3736.84272547928,3968.97704070546,3855.67356542893,3827.33986253801,4225.63761608288,4018.13190199016,3964.31123106498,4009.7134831203,4249.08753515534,4065.66627676357,4104.21013285514,4116.37395478352,4136.46362972781,4450.29561461859,4592.23233578938,4438.6911139191,4472.84813234593,5414.62920189608,5316.29820568197,6353.17191868833,5167.95111746172,3627.20573345874,3627.20573345874
0,3798,3585.351,3585.351,3857.25422580619,3096.99942105439,2864.71956302332,2864.69526234614,3077.9532097663,3635.90860936162,3222.95424062678,3222.8336915768,3410.67547418989,3374.49904210956,3427.27840976534,3595.12889080624,3606.00859572799,3763.96037031595,3731.34606919738,3952.15822473733,3877.15678779759,3885.05393667776,4262.90640113405,4249.40198349466,4312.95588068153,4430.73469686181,4634.02771379523,4606.13746058007,4523.68986959084,4473.1529395279,4483.36622832645,4825.90166992392,4970.54316460245,4754.03700303132,4725.03804577559,5652.10210873073,5661.41020986941,6618.75019652081,4993.1680687314,3483.47388437945,3483.47388437945
0,3798,3585.351,3585.351,3845.39938709757,3043.05455684766,2814.84010564573,2814.91269069601,3058.71508592659,3507.4345382199,3118.56656655211,3118.92750585331,3314.21271845117,3202.27152745325,3205.43267322574,3359.11116825641,3360.60246245139,3568.14894889439,3622.17048381194,3919.55011931844,3781.01836757483,3786.40518877194,4326.1225074614,4014.79370119192,4003.63170380264,4127.4591201982,4460.88393199284,4250.04740175021,4312.78558045545,4297.78954570475,4275.56287569778,4563.20384262917,4764.46520079915,4632.11451381351,4639.3587377243,5318.36101810656,5589.5729120121,6648.45159749961,5115.62507747599,3589.4267221308,3589.4267221308
0,3798,3585.351,3585.351,3834.6198172039,3069.99261700705,2839.7358576921,2839.69960114805,3106.58605525998,3582.26869116606,3131.07146228627,3130.89123398081,3395.58574657413,3331.55622196312,3264.45733268362,3390.93397684439,3410.17754497915,3533.43517727138,3498.69133041642,3830.30619771548,3723.46969119073,3736.76027031312,4113.21843563119,4225.98778315814,4201.14983925842,4299.25745668155,4742.03773706144,4478.98133504364,4488.7564377958,4496.10982644009,4496.27760961829,4750.56223664222,4937.13092256182,4673.62895395559,4668.43945700644,5156.06723581437,5116.85164575476,6089.60645679649,4749.93789543861,3315.70846293409,3315.70846293409
0,3575.11801116185,3579.25706713365,3585.351,3886.8617526887,3022.19631451791,2806.49748050549,2806.54585859808,3096.45456621137,3589.76831087551,3209.04642059655,3209.28657926586,3484.72127745054,3550.67679814774,3540.60783457098,3604.92866129424,3589.58473827672,3784.58830207334,3770.30292385929,4235.23293003018,3980.10750471621,3942.09137092747,4223.38417049024,4157.69800642909,4134.93402130082,4175.55185635239,4435.84346210105,4514.29921321588,4468.1612366877,4429.27961201573,4453.45638147072,4645.30469388374,4855.31689457378,4724.02932087413,4727.05208197518,5330.75114363594,5249.39326959044,6220.02233507302,4782.32707886371,3352.99383598485,3352.99383598485
0,3560,3347.06615380706,3347.07293011974,3606.84724040514,2901.26060611648,2683.9957540146,2685.48700688266,2905.84268500119,3465.32148809438,3048.9928036195,3053.80086456354,3290.16579861719,3319.37779300737,3371.80044063032,3524.49754163052,3524.41267153304,3757.19415270667,3767.25967282184,4086.38067284022,4193.05171274626,4210.29191369143,4733.51923152321,4439.97229273441,4453.86920796329,4567.39675849327,4815.37510479748,4575.75806481946,4596.44363241473,4512.21686096999,4494.79735360997,4710.33863616432,4887.87967580609,4557.09995694981,4521.09875273279,5736.75953996396,5165.9229553009,6035.17359906502,4715.51344040349,3299.59789480145,3299.59789480145
0,3560,3347.05800027888,3347.05800051065,3486.96122687473,2765.39740268964,2558.02942371254,2558.21199816219,2692.75019128457,3296.8516828437,2914.97806419672,2915.88575914095,3103.48858513926,3108.73621245705,3158.20762949174,3349.39908003851,3352.46442765917,3588.3012048845,3602.47882613945,3919.88849638285,3857.76958971331,3871.13392434519,4607.08432714651,4409.8932859022,4410.18567054656,4578.10709667698,4835.87446430516,4774.05728756739,4754.75354652353,4703.93464136194,4692.36471078156,5064.70084143388,5115.12358640309,5086.62849874606,5101.94998563724,6679.6792337788,6682.52781674229,7667.46067435783,5704.24756947297,3983.60796094023,3983.60796094023
0,3560,3347.05800000001,3347.05800000002,3461.74079569975,2711.33487678783,2507.99942637956,2508.07213460213,2697.69257444751,3165.73008027321,2807.6145720971,2807.97621022527,3009.65175196737,2930.76311602982,2886.27664543923,3090.1507994506,3102.33386831236,3326.51864563294,3345.1271589751,3640.30386204286,3612.27686551888,3643.88295606513,4320.86677443229,4348.36630636482,4400.49949628952,4534.9814431023,4790.54811581502,4731.67974205006,4768.87176323394,4720.98437883286,4777.85142648654,5139.62882872196,5305.39484241008,5088.10184801926,5088.64714678882,6415.99213078267,6639.62056550728,7195.0322377459,5943.5645453402,4155.945391533,4155.945391533
0,3560,3347.058,3347.058,3480.42359139772,2720.28663873619,2516.26270896407,2516.25065233253,2720.24316032952,3223.10370561062,2858.07222649898,2858.01209410116,3135.28174480834,3117.28845215754,3158.38133938036,3287.51664628017,3309.32206895755,3464.37983212524,3477.85188404553,3839.38521338157,3657.18385444041,3620.90590456378,4065.58046184016,4080.69310222444,4074.32730168753,4180.0936423728,4404.89541660271,4242.46455973788,4198.06690049305,4142.83469747591,4124.94674685667,4380.03825727276,4612.53392076541,4429.3507686429,4463.70135588366,5569.41456608614,5759.18245978901,6631.25807352888,4791.88052234034,3371.39474162524,3371.39474162524
0,3560,3347.058,3347.058,3457.64402150511,2738.27972423646,2532.90386231628,2532.87965529872,2667.28935428579,3192.60694713536,2848.8471316947,2848.72687954154,3064.77678593814,3092.56120814461,3049.86332919957,3105.90509663688,3105.35541011338,3223.72732960871,3238.80952298456,3545.56086405452,3588.58803906628,3592.76308536724,3993.78190845205,3914.91025844488,3878.28603756324,3972.358397898,4191.65585594258,4144.92129753621,4239.69863072091,4216.69794094015,4248.82817865565,4511.29163419072,4697.54669623772,4485.22559095256,4481.66198157655,5616.96281231328,5452.69907812148,6164.1313128113,4994.200177711,3495.49446295326,3495.49446295326
0,3560,3347.058,3347.058,3451.10638709743,2693.32792103546,2491.34052695175,2491.40101213799,2661.13521115132,3034.13177747128,2682.35847767567,2682.65948189879,2876.41178456725,2836.19398646325,2880.69080306322,2989.0456717322,2959.60144309959,3063.29372486817,3075.76430782712,3293.8892021529,3392.02813955851,3413.86655437064,3928.01821356625,3767.31211685927,3823.03709035591,3964.12121496555,4120.99597363722,3970.74734069953,3908.24102261887,3845.90127958123,3895.57411409095,4109.00599980942,4412.90410322283,4271.08289301821,4284.4378461088,5508.79476267084,5585.90809996337,6759.32532076598,4757.97806334896,3335.90115100703,3335.90115100703
0,3560,3347.058,3347.058,3480.42359139745,2720.27286291651,2516.24508370853,2516.20881996058,2681.27730157743,3120.20740932817,2749.26620202163,2749.08579915078,2962.19644053822,2936.80807952331,2935.18545955827,3136.75795214252,3139.63546546644,3200.48057995394,3203.46661583166,3569.29961703202,3354.98172571532,3362.34070808905,3762.22370450392,3812.12351963924,3752.47647033255,3865.77805492001,4148.1874248269,3991.41463890918,4041.99097067045,3924.53104731997,3901.11395590439,4082.02860987444,4371.69665604068,4145.22312613347,4158.09870310675,5175.55149422127,5357.06782705615,6182.21781898109,5213.49969041252,3648.4872017437,3648.4872017437
0,3560,3347.058,3347.058,3517.78918279544,2738.27971605289,2532.90385184595,2532.87963041622,2729.65220849316,3114.21545681225,2770.66334220626,2770.54297658813,2966.17488216687,2925.46963327721,2900.61987645233,3073.16340610803,3087.92098791948,3133.37106477872,3139.94539832312,3446.79432151652,3436.25817492712,3441.54392384082,3937.83913052805,3748.37200954717,3804.47773880666,3895.85895569486,4045.73855229296,4018.73688400742,4003.73235995045,3924.5905917478,3920.73381328734,4246.31859948464,4405.98529980772,4262.88090439424,4252.00827543668,5030.14852463293,5111.23129014576,6305.32382868953,4402.2209421879,3082.30426406877,3082.30426406877
0,3560,3347.058,3347.058,3498.96122580592,2774.26594843642,2566.18623708587,2566.1378229865,2730.35044763752,3161.38393719262,2785.62894787183,2785.38830457051,2990.26359985945,2980.09408232953,2989.97989487709,3100.22677840169,3100.77392867003,3145.49355107939,3124.91844275375,3335.6253677557,3334.37111360743,3324.55792135185,3822.36251971867,3740.68076990656,3731.08514353815,3821.20178924491,3988.70774037609,3884.42504447353,3824.70075023622,3768.19090288339,3771.06994786111,4117.56696369807,4297.69848109307,4315.3443753876,4328.20839176952,5146.07088076794,5056.30928831076,6091.49976160934,4999.87296862664,3501.7736082695,3501.7736082695
0,3560,3347.058,3347.058,3493.78918279649,2720.3347986957,2516.32432646584,2516.3968971596,2657.53300876772,3048.85930498862,2730.95729880736,2731.31804570399,2887.01947456316,2877.02580312048,2903.94995042079,3044.93565032667,3024.78542335734,3119.79666055865,3127.78790411972,3411.30950899769,3285.06268992191,3284.21012073183,3584.57371144722,3704.10457596879,3676.99210390434,3752.03682624025,4058.98237200966,3861.40243727676,3913.34071931244,3882.05200907365,3856.1033762449,4200.49800884678,4314.60945756216,4033.08659346063,4035.23268586961,4839.87465263897,4953.66571010332,5721.71409927948,4493.40349764666,3144.879004885,3144.879004885
0,3560,3347.058,3347.058,3521.7407956984,2756.26598115841,2549.5362789515,2549.48792247924,2687.45787365482,3021.08628051025,2652.72042037346,2652.48037550092,2754.65758705533,2739.91135170628,2702.29897787441,2878.282692205,2922.26426606034,3017.54409386577,3013.29716481873,3215.95060862147,3275.97989007213,3294.2257927381,3699.04495487298,3584.03292817868,3541.8450002998,3588.11363879221,3940.7115287851,3770.0790188902,3817.07369439892,3772.69537052622,3823.09364846275,4304.58106956766,4361.40991916928,4224.93801073767,4224.02902555517,4778.37237569615,4937.46581267816,5838.30099222589,4369.48577954145,3062.88119385166,3062.88119385166
0,2898.84586504312,3335.40004147307,3347.058,3460.23004301062,2751.30354696111,2557.88765659987,2557.87552789015,2646.17137770392,3059.28832222029,2704.37357606874,2704.31319605918,2800.18017558211,2772.08754971192,2807.27692982415,2861.7352851869,2826.73223279052,2907.95924045418,2934.64295571224,3125.07575255263,3056.89067700642,3072.29584807683,3425.59556968631,3561.48519168783,3613.72126078176,3678.12205933459,3884.68622808193,3930.57815386259,3819.02859794081,3702.05925067601,3745.2224026233,4205.13303129463,4510.17414661172,4323.24172289784,4332.51404051767,4913.28245918885,4756.01864532699,5798.21882566214,4400.06942759685,3075.00165188461,3075.00165188461
0,2854,2662.33165035701,2662.35130525108,2742.44681368327,2101.02422312,1944.48808366012,1949.23185683164,2064.89165089894,2490.66005004588,2195.17537916004,2211.19416352928,2357.17610896715,2379.01455566191,2408.43507582,2689.00096299893,2730.58231670035,2820.53414742368,2841.26701914908,3048.37693744292,2982.53517387358,2988.86157057861,3279.62934609917,3334.96256548796,3323.74406633189,3386.22152678489,3729.74652699123,3553.22022147598,3650.28670522679,3536.00663331424,3507.01535954958,3853.31778509868,4136.39010704001,3969.07334783084,3988.82349239964,4542.50807845072,4758.6141761192,5738.18610683668,4517.42599628829,3170.42124585781,3170.42124585781
0,2854,2662.3080008089,2662.30800148115,2738.25961599566,2124.96226783493,1965.5834571286,1965.55052643948,2065.65141670999,2530.41883356064,2263.44611874494,2263.28282005004,2401.6271761787,2421.95365870845,2444.37850297143,2615.87925164118,2603.57724384446,2666.77090309398,2652.92635400458,2875.95096354781,2798.4837543192,2772.49236844307,3014.5465187352,3009.67152621417,3087.625600404,3195.50421700665,3299.21308350785,3347.66137523477,3379.20820125631,3361.1990277417,3365.25914678471,3690.55464489315,4140.42457787414,3857.00633528009,3876.56661536218,4446.78867649831,4312.55808430484,5417.89950187272,4058.96692126949,2844.03662661408,2844.03662661408
0,2854,2662.30800000003,2662.30800000005,2749.0391827962,2098.00164640752,1940.65884072091,1940.6951208888,2026.77834280407,2450.90770185673,2157.82830133431,2158.00881731679,2258.61466209364,2348.96260922821,2296.97458611778,2462.5342639737,2522.63350926282,2617.89014995233,2630.42990139874,2829.06406958536,2872.76320113492,2904.19723317124,3104.23234044873,3030.31789218204,3029.21774211832,3126.78752884805,3437.55523550936,3216.88850151543,3199.60449257415,3207.69861862486,3198.26324962335,3483.89654788388,3782.73739143536,3809.76573092365,3798.18342709024,4336.67082952471,4478.60789958251,5310.59209871199,4344.17832322766,3047.38759351492,3047.38759351492
0,2854,2662.308,2662.308,2770.30799999947,2133.95346888986,1973.8972007547,1973.84882267615,2072.72774442248,2454.79582813686,2196.54780940071,2196.30738841694,2271.67610989212,2331.94069175939,2359.71499919094,2330.76485698632,2315.72924947413,2388.06546157044,2393.28094720144,2617.0753557251,2531.78191337777,2546.20275258424,2767.96420873542,2658.71247619726,2648.23943797652,2766.6542317205,2896.19820302991,2933.17811801463,2948.38880745928,2992.91318162241,3036.86682390062,3241.56743091808,3502.05240006759,3492.39120095327,3524.71999743272,3837.93881717396,4035.92516132326,4810.84155180799,3681.44445952158,2580.68134643727,2580.68134643727
0,2854,2662.308,2662.308,2763.62520430108,2133.98098364507,1973.93240407495,1973.93237527207,2070.96269602397,2405.30949686334,2144.06483952712,2144.06477404943,2240.06522096478,2221.17864468976,2292.76247793698,2332.28406216616,2317.18190418274,2358.04493929207,2381.53749403717,2533.9516797482,2554.62906238449,2536.02845460481,2772.60736350918,2711.01648314116,2720.86163647344,2814.51222718387,2977.89364156584,2979.01294490887,2929.51294060703,2921.40246288204,2943.82133073351,3009.51560195456,3221.2991918028,3048.71253339625,3046.21085245141,3357.319837136,3256.10837457596,4557.98296454004,3144.17598331557,2201.32651571171,2201.32651571171
0,2854,2662.308,2662.308,2718.21122580658,2124.98788583408,1965.61623497198,1965.62833487454,2006.96957909317,2341.83078110653,2087.98693872589,2088.04718691971,2157.68730090859,2120.88283544833,2109.54440147734,2214.4967038818,2213.14162068053,2243.82601898906,2217.96901771264,2375.14088609857,2365.40600076558,2391.97984482295,2712.93306427344,2600.16207267151,2585.64969995852,2658.12373831809,2758.75968155811,2715.7197138617,2794.59937952372,2768.96390141916,2792.35511386221,2887.07849232576,2944.13754575509,2927.02688518844,2937.24315813974,3315.95090463765,3350.6683224319,4288.27715831473,3729.32197636549,2613.34509872557,2613.34509872557
0,2854,2662.308,2662.308,2733.08756989327,2071.02231915333,1915.71029014002,1915.78289686198,2005.46395091335,2197.1679770425,1951.40536076188,1951.76650226238,2015.05278230073,1939.92622476398,1955.06266990593,2051.46015679346,2087.23224932178,2171.95402742358,2201.41676932215,2428.35121910057,2324.72020428642,2345.83846322353,2534.03571860576,2658.22149833416,2696.23452529901,2762.82492440279,2884.55580230089,2777.16606658913,2760.66117144021,2706.1821045372,2711.17606841274,2894.48520138718,2941.06007744842,2773.58925054411,2767.38265498514,3172.47480066548,3131.36424485227,4087.91384684434,2971.70563530928,2080.20350805215,2080.20350805215
0,2854,2662.308,2662.308,2743.57681720338,2133.93282363917,1973.87078651383,1973.78613030396,2080.70318605808,2298.40845178103,2031.53286610599,2031.11198434524,2152.68116653197,2054.37155750666,2050.74042917037,2033.71587142527,2013.92021294208,2086.5007599273,2030.12116441221,2177.77366220894,2184.16618376815,2171.4710311181,2335.12416247274,2216.10667410531,2231.08976146524,2276.51262735291,2470.53022440044,2355.69284753855,2374.62381653573,2295.86885494025,2381.28694478142,2580.02810178344,2710.57850593488,2709.57354384144,2738.21501714787,3072.12782067308,3232.13938422756,3949.68852080059,3317.9263734923,2332.54031981346,2332.54031981346
0,2854,2662.308,2662.308,2722.30800000053,2098.0085147559,1940.66762832112,1940.71597759801,2023.89771526849,2264.41021818452,2010.77286434605,2011.01310502681,2141.04666696704,2094.11122450959,2096.11348823255,2161.71134934775,2145.15867456262,2294.70533763088,2332.05700293195,2476.53197980962,2418.85720813173,2414.6867433928,2618.56591506001,2478.13763904143,2464.13869297023,2540.57041480691,2520.72201046808,2622.03697202065,2568.46582954774,2399.00470423817,2346.0399379227,2536.98767597482,2540.89271801669,2392.18258137541,2373.80724496606,2587.75153773772,2617.80777253219,3314.56349292693,2478.87246622016,1735.79667587792,1735.79667587792
0,2854,2662.308,2662.308,2728.99079569893,2097.98101634521,1940.63244591262,1940.63247469839,2008.69316992833,2211.86222023133,1964.17198835946,1964.17228742753,2044.27833803904,2000.68404953845,1994.81503225456,2100.65412907784,2124.93348427942,2209.3582810016,2200.97532820309,2401.64544504411,2299.62429875459,2313.7272278531,2426.23825261387,2463.18727728792,2452.87603642728,2525.3076014713,2737.93694221144,2489.4719816616,2571.84499228472,2488.48599424751,2453.33985295341,2630.17653618273,2811.89536328092,2679.10380624458,2684.35276956645,2836.85610699155,2844.83393533815,3373.20687914142,2739.88261776505,1914.61246792878,1914.61246792878
0,2854,2662.308,2662.308,2720.94240860202,2106.97411416591,1948.94861502802,1948.93651512544,2034.80764155591,2183.17633291234,1938.77637280008,1938.7163295788,2030.37662453387,1931.06572483747,1948.49669953723,1967.33996772873,1975.19703013436,2056.20707318751,2089.99862640131,2240.05042806712,2241.56184623919,2237.59728232539,2326.84250551668,2267.56898914453,2280.85802896919,2319.01703019493,2474.98436657059,2439.8691810304,2419.35621443531,2374.91183560813,2413.15440682585,2580.36304706654,2734.16244167124,2588.75844654355,2594.40733048394,2960.01393291541,2761.0639297911,3172.74100844078,2491.69689882199,1747.8209653323,1747.8209653323
0,1990.56641298832,2661.24818558846,2662.308,2730.35638709704,2085.70463798588,1932.32503973523,1932.34923237066,2027.33392707351,2174.69154252071,1922.50166258894,1922.62185684258,2044.28796145704,1991.92259494849,1969.07717357704,1980.98762161916,1963.55308560312,1986.44312452451,1976.12090184206,2131.3322107058,2083.53424984952,2092.32227611737,2195.00179694281,2103.39452320664,2125.33204991677,2172.89609442567,2224.80985964094,2193.06065810523,2215.18066467469,2148.73796615812,2169.82735899585,2322.45798923498,2454.2843384979,2502.23604887726,2520.81649599071,2809.22033877248,3071.47098948276,3517.86151378832,2655.00412361029,1861.97476382469,1861.97476382469
0,1932,1816.89970118577,1816.92438468885,1900.98356178354,1470.5704843801,1361.53010401356,1367.2172449318,1436.83830663862,1686.88877099984,1504.44861192775,1523.22248912833,1632.6369418298,1661.2745600675,1755.43604183544,1921.80799186788,1962.81388297722,2062.04384367616,2070.44519210367,2180.89757429156,2181.72647324718,2184.59722049252,2306.26126718408,2178.83652426934,2176.14902443993,2240.53800569345,2335.00111694886,2195.49406048195,2197.53333792119,2111.2334188546,2095.25609458222,2244.55869237839,2338.51388467651,2146.05407910464,2142.62719963191,2286.04921124574,2277.7560784636,2989.45291052077,2158.52502760403,1513.49126842263,1513.49126842263
0,1932,1816.87000101586,1816.8700018601,1880.82161678735,1466.9048265773,1356.88778757285,1356.89185766423,1421.86404662456,1619.66530294631,1440.68250895843,1440.70354618204,1497.94744745881,1441.91665146042,1436.31563244214,1519.05779898786,1502.47832316863,1586.76985818478,1617.51067549914,1717.4133383612,1702.10199201327,1720.86039214047,1793.40841754337,1811.69557973499,1825.91769954327,1889.73131323508,2070.48694986831,1986.96411428086,2011.56571109994,2012.66357978845,2036.90437003232,2225.97601102816,2400.04766898438,2376.43026946278,2396.76963488971,2521.28892162825,2541.35503769737,3291.14426199376,2548.83527518312,1783.28198660565,1783.28198660565
0,1932,1816.87000000003,1816.87000000006,1871.55279569945,1439.92315891855,1331.93624422794,1331.97254642897,1407.93442738981,1577.41727302779,1403.43409576623,1403.61453164234,1493.30869281955,1439.87147938804,1459.2863750417,1590.38266122502,1604.97910442485,1633.30115118451,1627.64595660247,1757.46293507543,1695.8822108963,1694.63300562675,1850.7114703202,1658.99825031532,1663.0817475625,1698.82096438896,1800.11825317083,1769.08567954278,1732.76407784674,1721.4792648583,1738.91267819366,1947.55140980456,2010.6805734954,1971.98001486415,1990.25215235996,2162.41034792015,2177.77078158397,2784.18890898304,2286.33861149934,1608.92430726389,1608.92430726389
0,1932,1816.87,1816.87,1870.18720430094,1448.89562642869,1340.22601821743,1340.21393991099,1403.29745042101,1580.21312440784,1396.87128785409,1396.81127906967,1482.08277762174,1440.23250002693,1427.81930999922,1501.23679414046,1511.34509418517,1535.20526899994,1557.01161626068,1711.10467192805,1657.12591758181,1666.38397586544,1771.80487054578,1800.68667677954,1788.80109542674,1824.57946117192,1963.63141234016,1916.06060346531,1932.15706741517,1915.68229117015,1902.61046473219,2093.20447457174,2228.56261162404,2150.20993633349,2138.73546131583,2270.13828117494,2260.49870028869,2693.44814737911,2123.57249554577,1479.87065268526,1479.87065268526
0,1932,1816.87,1816.87,1851.50440860228,1439.90938176053,1331.91861726014,1331.93070998873,1386.96856310434,1556.63391844838,1376.10156113462,1376.16171415296,1453.59247147705,1415.82590585574,1410.40320430152,1449.05646644583,1452.42020917468,1449.53891007466,1436.38288137695,1516.42437417984,1551.26045036079,1554.20742657733,1614.45059147701,1602.86775710847,1597.66386549292,1608.25752751391,1712.74313881813,1716.80640034088,1711.67278305252,1719.97760860171,1748.46616830961,1859.54284602496,1979.40408227019,1944.37883024884,1959.48554069925,2155.73765401246,2136.07787114432,2547.67035059261,1982.67743077626,1392.57402719968,1392.57402719968
0,1932,1816.87,1816.87,1847.55279569919,1421.91627577572,1315.2774376993,1315.3016447383,1379.25600973446,1526.25404818894,1358.1686330016,1358.28895359177,1447.85130954955,1421.73744561222,1416.79784346123,1444.46190187109,1448.0982545055,1451.11436251776,1477.58826023025,1616.09027152799,1508.03969129527,1508.28915469564,1589.20413369463,1546.94000999793,1546.31964487038,1585.57678708173,1595.26052931499,1583.97245982854,1602.29449075943,1573.30968753201,1593.34409737472,1672.90738514144,1713.51973415531,1665.97363175077,1674.08454949172,1873.56039143189,1934.96886763684,2254.19687321915,1813.29433118434,1272.74674425209,1272.74674425209
0,1932,1816.87,1816.87,1866.23559139772,1430.89562233974,1323.57601298589,1323.56392747835,1394.52607885343,1529.10655678104,1351.69305925436,1351.63301256756,1442.20296643197,1418.98731730921,1430.4138597257,1458.34855460745,1444.89935334748,1402.17531185988,1391.05835792469,1447.13366235898,1512.40412243486,1492.74591570416,1596.39136008856,1552.01038736709,1567.4551945026,1611.77906555788,1687.32161819681,1626.98015147856,1628.38684471109,1588.52221295786,1584.55452203243,1687.24174062506,1705.40917188652,1655.89440289435,1654.72464609568,1909.77109414956,1803.65673782506,2141.06665784424,1601.93103823231,1119.37680514733,1119.37680514733
0,1932,1816.87,1816.87,1856.82161290296,1448.88872422671,1340.21718730381,1340.1929802691,1407.20827661145,1539.38309139894,1369.62591208585,1369.50559151828,1463.83887033562,1396.07304520941,1412.93330338581,1471.47301415605,1483.50353454061,1457.0030489833,1459.51941369753,1528.83904761083,1513.01125453451,1532.40536345357,1667.19951994334,1563.90935700816,1586.51213738615,1622.17852843117,1681.79431803222,1641.10481343812,1629.28285789733,1584.38782159845,1587.51701525853,1676.54887851488,1773.5043189663,1642.22982107622,1640.47826416934,1911.26894901594,1974.72911904745,2252.79675860751,1794.05622893174,1256.62195212256,1256.62195212256
0,1932,1816.87,1816.87,1874.28397849502,1421.92314934786,1315.28623198293,1315.32251732982,1371.40574246596,1486.46759580041,1323.0345378088,1323.21492460686,1394.52086980908,1355.74506974634,1363.26142991401,1388.74778140246,1387.95395729353,1364.76357590274,1367.41126396861,1397.1765883329,1408.93540850867,1413.43324294758,1533.0164771555,1495.84074530426,1468.78040838791,1524.33556032266,1559.83008074171,1501.77036023605,1546.7556637428,1501.83329915392,1518.21310786785,1630.48133280573,1677.82883204062,1671.65869395365,1679.91402324447,1843.56875961638,1912.31247752469,2223.25011790925,1670.04924723209,1170.31165942931,1170.31165942931
0,1932,1816.87,1816.87,1900.86999999934,1466.86808304781,1356.84077827253,1356.78030027738,1410.74271909456,1487.35502998549,1323.52167001982,1323.22121464067,1346.56341869598,1300.99163209458,1268.72499765337,1301.33096937415,1296.89563443944,1283.21950681106,1271.92785429978,1317.98244006351,1264.21944687365,1277.71700675091,1336.35294763802,1363.41472226366,1385.53535160331,1420.71690512708,1483.67596294666,1446.06242133309,1444.51435000897,1407.95632175753,1411.93637977529,1483.97538134556,1587.06625951008,1535.61895804244,1543.56501203177,1625.24711495441,1681.49438577886,1972.1032043559,1564.19995161586,1096.1563846838,1096.1563846838
0,1932,1816.87,1816.87,1867.45602150538,1466.90247955452,1356.88478634135,1356.88475033455,1400.94540527055,1472.3684339985,1301.57359391302,1301.57345291039,1341.4690845273,1295.92763140889,1307.87649616037,1357.73210934814,1352.70808408054,1358.40000143198,1362.49405639127,1454.71679454325,1362.06696721242,1351.67944142182,1414.08693196652,1330.76274623526,1328.52072348548,1337.50691149671,1448.47681747354,1289.3388269598,1292.8647791108,1259.15859699625,1247.72900580962,1293.08821529763,1330.52017901032,1275.98704436659,1278.77186958413,1386.93414369037,1365.84893640464,1584.24630669644,1286.25011962045,906.87666384558,906.87666384558
0,1169.70613901572,1807.86157750192,1816.87,1834.18720430174,1417.16624127065,1315.30386240649,1315.36436198347,1337.52331124447,1456.33463175383,1259.34640098879,1259.64709771061,1304.410678177,1269.7724569182,1284.23814350138,1350.52280981145,1360.9047357329,1348.19124262002,1365.48918878483,1375.29544580904,1432.18254433305,1440.07399985631,1552.85048741819,1457.45818806596,1449.19141160141,1476.19782692485,1568.08412351586,1548.41960594263,1497.21392927309,1441.8835304624,1447.4993104277,1504.56064802238,1500.86098611624,1480.47629237442,1468.42949547155,1584.79017652398,1555.86792756187,1581.66670222882,1314.4152848739,915.300028121608,915.300028121608
0,1118,1042.67289742039,1042.69525082286,1048.06604595611,813.845426370029,753.955091909233,759.174214500604,785.301035771818,996.747478823922,893.324420677529,910.665025781917,976.069432490496,986.431810348878,1028.97438806831,1150.69761995005,1196.02430438611,1202.62158446918,1218.22204653536,1249.54326123979,1195.35837853774,1206.58691215758,1334.19627056499,1294.91044476335,1304.56300271308,1327.4224119876,1398.08901891694,1431.954186758,1449.31157561109,1383.08068010703,1418.71414789716,1475.19732984718,1492.50966025986,1448.64511928905,1467.28643342822,1610.66149439374,1618.065208057,1660.32217370414,1229.3086214727,859.166921106956,859.166921106956
0,1118,1042.64600091996,1042.64600168451,1062.69439061437,801.493516079022,741.384696504335,741.400523309445,780.319340761429,971.956267999175,859.258146324347,859.337417491103,907.513592860241,917.481570430092,924.200707692881,927.41869153002,920.858469675056,921.230584342058,913.096999953477,960.935152490796,908.051370276656,910.842760127317,1069.77523360988,1007.45939903325,1032.65042173627,1056.1096481074,1102.03254618808,1103.78031230818,1133.28677438574,1093.29261055059,1125.088167373,1179.8975926144,1179.12226543972,1185.592637465,1204.48352697202,1300.43583014453,1389.80306832177,1427.6352102131,1142.65381991723,804.246160577032,804.246160577032
0,1118,1042.64600000003,1042.64600000006,1065.28040860187,828.463847829207,766.321739405262,766.28544908602,793.353914178296,1010.3894309768,893.072717180876,892.892313096514,935.198038683514,918.232555299055,940.527140613245,957.952105784291,961.481399220856,972.108586532586,973.539682589629,1031.17868475617,984.916817798118,985.764845464044,1106.0733325478,1087.2390556439,1070.87750685702,1089.71109320347,1128.00991694708,1084.33189396124,1092.0470566867,1055.53965947172,1027.59139474799,1044.42204258346,1119.36793850394,985.582664397552,979.922693894255,1067.95734519932,1031.86639819864,1088.33931396317,823.990166011762,579.166215288686,579.166215288686
0,1118,1042.646,1042.646,1047.96320430134,810.498259419119,749.715766772105,749.73994500528,768.785308079815,965.443090492913,865.941583703134,866.061792292525,902.325597866027,845.687888306648,864.610406789887,887.381998119923,875.610025907952,889.62024302224,891.686087618584,931.075833578971,925.465779879007,926.90721866144,983.834656631974,995.807100071942,1015.0617791337,1067.47405219006,1117.15349737666,1046.74951589359,1072.47907961453,1044.06824454924,1077.78802749932,1093.13090666318,1120.14702841035,1151.48980126688,1153.10947771558,1242.09848076274,1254.58701485357,1303.54703281634,1003.29794357458,701.714818020667,701.714818020667
0,1118,1042.646,1042.646,1056.01159139798,801.491394017615,741.381982942269,741.39409725696,764.371286468477,917.113276832447,823.180964801368,823.241259609631,854.075464390262,814.621345930141,791.342745473763,850.424261200416,861.852762564989,872.729911069361,878.434266569384,904.874047584936,898.654708163495,903.427953916925,955.598248028866,894.099103078047,889.160239512259,911.34630792228,979.994056171211,994.297823954969,975.333743258116,913.678502580386,917.045985592075,928.123388570958,927.938908592263,895.801421110178,902.592913346054,1049.6374349428,1026.41714401406,1082.97869268596,850.457786066941,599.722840836865,599.722840836865
0,1118,1042.646,1042.646,1086.69438709651,819.470732407815,758.005547770994,757.981355144126,806.814628461643,915.992096171252,809.662678375614,809.542501432066,843.87658113003,816.430507140909,809.494907721671,818.176942692235,827.937306809829,832.912445430307,829.152861950079,886.129464585096,831.541007287373,836.545017094471,878.109229300332,853.717903054502,854.973683304016,872.225019636679,869.88683777068,850.931343067926,862.58652563356,807.262720711859,813.330142787802,851.388118595161,824.124642353508,812.429432803709,818.633496356572,912.871827999304,1005.216994103,1053.12669819703,813.119879323873,571.009593002757,571.009593002757
