0,1107.40272411505,949.079680887091,886.172881152958,909.029207657788,632.900284146523,637.424614041825,611.890394740031,640.84757042182,631.894729740535,515.143277814681,509.226424698711,540.830669464767,532.430206581932,527.699398400039,599.076866438678,588.865799405315,624.304843851018,632.32162194322,659.310359947935,678.873993283414,672.16169576754,731.66159099143,729.476593388562,711.545543944002,725.993536418658,828.891783078123,768.800988386781,741.877786363887,722.853048951421,747.970336380556,752.487910977982,743.755297522291,716.479080712651,708.455978494089,809.290026219032,599.296713567186,675.568800749093,532.396685729231,401.02086406053,401.02086406053
0,100,142.942147288353,146.156154792839,190.214826643311,176.926068596238,168.154949505779,174.769157049023,215.78094258272,393.137617802308,362.201709825817,382.474697014221,458.067735280989,498.741925135522,555.302823635301,723.708127006161,755.029303041092,781.91724595846,791.917121083696,869.981570750242,786.637536839315,771.308577713585,829.225958170593,778.077967322814,788.64171041547,797.364312172465,807.324037332352,812.05675516997,782.410723792386,754.947615793406,736.299081716165,745.248505082745,757.815466241863,705.127326543862,706.201967012942,830.628568608659,917.989404205034,1015.67780892418,732.290421572905,512.501741499527,512.501741499527
0,100,128.765380932077,135.124489628169,164.442226704613,139.868113667177,129.397291856785,129.488342926417,155.604768686242,329.646410985817,291.650446094162,292.020912621479,330.170289832491,351.647548940415,372.045116105559,445.763283104604,456.647978376645,481.711035347194,479.783913240531,512.42681705395,573.588569305342,590.857326646305,734.264320420154,644.963396316437,657.619951416038,679.419304921149,774.873960593451,739.525119527465,760.176056757988,756.235108831489,807.476884868051,878.187893673542,864.50573542791,841.395741756397,841.376294657452,933.577042776467,875.345247721763,1012.42156565163,763.493299639313,531.730321866898,531.730321866898
0,100,110.033088732142,113.212974063695,133.872636114465,115.135194087416,106.527023515872,106.651598202865,155.575653273156,286.439602930021,264.073758730157,264.524474983713,315.860533034428,289.166032689222,291.341882230253,336.883754577935,341.132835313521,383.403279065986,385.483124657542,399.820061365577,407.051510964709,412.099619032643,454.38678200928,563.917272319557,546.053383092734,551.487107724337,571.717919617124,625.352224169277,643.385990677756,622.349483139658,625.529267573354,731.493472256254,797.125691335292,733.574207473411,745.232432226764,880.99143573904,902.851920075387,1037.06720120035,813.698286829724,571.486120238495,571.486120238495
0,100,102.256265997002,102.25648705679,123.598414883509,104.35134939031,95.0277651883077,95.0901085448466,129.249372184968,272.786138684254,251.850300151746,252.075885285178,310.004968196198,338.051496003069,333.153086191127,373.318545850331,366.016335120533,400.475613368555,404.078424302454,415.952509860512,407.917291442393,402.248441768972,427.658180513858,407.609583054519,420.396492935215,425.923033313826,428.101051612427,408.002210687612,425.188804740306,417.471228317312,423.301535499546,487.624120460909,611.234353917312,619.75816280113,630.819478361409,820.047345257894,789.659836822019,1091.98291946379,724.235842544026,512.964885014623,512.964885014623
0,100,102.256000009098,102.256000016659,122.914602185257,112.864880056373,105.908339927338,105.896420193032,165.706979838134,242.563990248301,214.389732799154,214.329928017756,275.287851825859,240.187031342198,251.648635290621,307.466023023122,320.681052218214,343.850875061619,352.807297238338,377.104316623184,371.290629155356,384.779341384203,442.847066561132,421.673665390978,426.427570120672,434.819763293718,457.769981509659,437.555820830538,440.643801328728,429.1147356673,428.903514954003,441.849630417735,508.425386906447,510.145842398371,507.528876177639,599.813077768825,732.966070107887,994.260846891831,839.427983311476,587.181456289941,587.181456289941
0,100,102.256,102.256000000001,120.256000000067,102.685680179884,94.9866643831201,94.998620114979,121.248760153984,265.230917037185,234.501082095762,234.561089953693,300.305227319161,332.434008973369,326.950889710796,340.667094626536,335.434719211555,346.661469891604,338.167855165594,394.109019997044,337.321737643152,331.80012060478,397.480404927761,375.263117878006,371.594254140164,392.433146640565,400.814651593483,377.633699571203,357.312220782324,347.47262449433,360.330067610996,372.718189780213,396.17171380967,403.353208702371,411.222730412981,466.937805620184,423.091178732353,620.70999177343,516.862627475856,362.916353456474,362.916353456474
0,100,102.256,102.256,130.280193548387,107.578545056613,94.9779691684849,94.9779762827943,127.886964714649,233.912895431588,196.225823529585,196.226019441045,208.227519643287,225.573408197477,213.744074946747,261.800449992381,252.161042757095,283.956294642064,290.18760079728,308.161818093254,343.826778763375,352.479421991015,402.692534962138,443.382852738894,434.558033815022,508.718060963167,505.686878079186,517.843431968937,522.814993851514,499.993878301407,492.788277966003,532.107761390476,564.077286846543,484.460774298211,473.447308854996,499.210840185764,536.135585342394,586.259163039651,534.020631030215,370.464689677108,370.464689677108
0,100,111.794329703854,102.256,148.280193548189,138.136467380557,127.768997395337,127.733108925844,188.559110197759,285.677331911463,262.980957889293,262.800348747252,300.891084668377,278.247948744598,294.419844665536,349.535635047446,365.43661087511,370.925670876943,370.59611768326,391.007995435641,361.751834547405,344.495271414432,349.4340596369,396.424212956949,391.700447813828,414.937585407724,502.85066501816,476.568061269086,480.932423920726,464.581213440058,455.040335249834,491.621529257578,574.77143726516,583.129096858588,591.837004677244,618.860671439953,590.838816532287,667.440584033608,466.412320482076,327.645225101275,327.645225101275
0,100,125.584872359724,135.122538929578,169.072562009788,170.273247204243,161.994500553471,161.807707468348,192.906498360959,324.797870336114,286.659671644016,285.98397152779,335.52579890144,331.962157590495,334.680451865165,333.417528970287,323.392793604613,332.65743583312,323.334096226632,335.165076993179,360.133268572192,358.482583142426,357.745616424163,362.355556514445,385.16865363092,401.760345829448,411.266703638192,423.747971786886,417.092141315446,416.323248380515,428.908425245172,478.715237059917,510.994995599,491.762198377888,489.451357378097,546.689185173312,545.334029352942,630.310246084345,498.414441949429,349.87330147089,349.87330147089
0,100,102.25679790913,102.25746102045,130.283244337674,107.716479564204,95.1532012531051,95.3757323276258,124.481185337295,228.368704074999,202.450146097971,203.305656697361,218.372551499197,218.387379382018,217.355700279848,255.897945218013,268.172439001064,294.261029343644,314.420959655893,362.852916104903,348.634922756667,366.516959962006,388.730499389951,353.463425293997,357.428136154435,376.821533476827,388.573262685564,405.150958094787,416.380206186008,409.807894010192,400.050053453396,449.518871031281,481.969014285301,482.112490793517,480.030506871958,564.60754417061,542.450576205539,606.81765985879,481.291705203259,338.231229576697,338.231229576697
0,978.417250126847,102.256000027291,102.256000049971,134.914602254685,136.503332841438,127.769107128005,127.733369048582,162.680818411109,262.142444062313,231.623374026639,231.44364049928,241.641442413963,241.008213752462,221.490877280489,226.829891295706,217.232626113141,209.654867410899,200.456114877487,203.430085211475,233.340068493123,233.474260806021,266.975264734874,243.798415263988,246.006125286927,260.893994235817,330.53473616833,264.571850572349,270.658063881152,284.812977433714,304.632315849016,353.202049178792,389.108902571307,389.097648583159,399.910581449376,516.756546321384,524.275748554042,584.812485627347,452.455807724033,318.239497244167,318.239497244167
0,1038,958.619873590519,958.594836700502,981.852016684592,744.605322484343,690.542987796007,684.918686914667,702.6085159762,753.797157407019,653.257434117334,634.676623583233,620.49845458278,575.875478308105,518.065351664923,440.393899407852,415.104845929487,375.632690095469,352.03036888793,342.115265770326,321.520025200346,299.799436680283,322.834879952223,304.534528965011,299.826458778561,314.670794207681,329.84203116859,362.782610559645,354.714926895335,355.233943712118,327.807114689043,365.952568612618,376.085260604044,357.972721524703,357.367165482786,398.956962996728,473.673036480408,518.090924625276,411.144490755467,287.399862944996,287.399862944996
0,1038,958.649998969597,958.649998113269,983.332791759329,731.124248897663,673.272482232813,673.292383905788,696.274416524128,742.52025034279,656.449374500021,656.549079934863,663.470237402098,631.645023985109,638.443207663862,630.307984243037,622.935758749433,620.562750302221,623.486698731892,633.777521775841,620.586057227111,622.44427437565,632.036042070913,588.787700600062,579.182204806841,576.222447589941,607.623889932528,578.916009732763,561.192546486497,530.175117756458,518.121821467841,563.874485213033,536.343540046029,497.556179153027,474.986402984799,486.585201369223,421.802230040304,457.027665815244,348.169339446962,241.448719752405,241.448719752405
0,1038,955.470556765347,958.649999999935,978.625806451346,748.218457620164,695.118710016682,695.09479619027,714.110271933725,767.404854828462,678.311915606472,678.191629964825,683.222858306822,634.413336681613,633.312266031586,637.462321772757,646.676799245256,633.029242673805,631.566220704296,642.704525694346,616.820582532808,619.344424810724,631.082735809319,591.043968798213,591.153209070912,599.333131854391,626.639553776934,605.992038188354,596.034091177043,569.294683322118,557.655039853082,606.620776848757,634.927255564679,598.775079853792,598.779029315034,609.727635064891,645.697129914223,672.1960423317,516.721123729793,360.84622141063,360.84622141063
0,1038,960.412038917279,947.694487023474,969.719210512998,713.888199879666,661.875612544463,661.961781206772,680.014498122404,732.50985471524,647.766535828512,648.111990912383,666.098946942497,619.726292499573,621.90138298201,603.657104790254,600.361872146036,591.645226690296,597.355178147075,610.570162437878,582.884536783504,584.495511935716,615.220434891067,567.999321253641,561.126309376319,589.948727719035,576.993064209868,593.840170181778,605.526795195054,582.368725712407,597.43804600304,635.863780358251,685.787429715201,627.625925500993,629.392769821773,659.745932389562,609.89148857891,655.072807426336,491.297456824383,343.188993367533,343.188993367533
0,1038,988.33749285925,991.516051922761,1024.85533002639,756.27061800105,696.477373556106,696.240364675219,714.096413427589,762.450535249368,673.428033812414,672.587766490686,684.440517790156,654.862393486807,645.155688132015,635.974519563902,631.206956393033,606.258033468119,604.662419928155,604.840245990164,586.556418619968,582.118104752842,590.561367659142,586.599166514768,593.369594241836,612.441921105804,650.159812608274,607.007175598624,605.724706464827,572.344360563905,566.355569942817,594.80633546238,617.804863058183,642.333949862593,642.540912442092,670.532709368635,706.112039225327,799.757691306574,577.7632922832,403.938042797039,403.938042797039
0,1038,971.023936238564,980.562486956845,999.856027577905,761.187316559818,707.128347232156,707.166513824189,720.219735216714,773.043386549931,683.449685290979,683.553688423726,689.004086563447,639.282270941546,651.173770398883,655.305075034087,654.793714045178,634.164956101664,629.712275673672,640.178591762977,611.212454945976,607.210875349619,606.903030040402,575.599404307064,567.693344427783,571.278597771367,602.927593616522,583.690442901748,582.482351389093,556.179653021054,552.940752062377,560.30615423316,582.205291802163,546.924936573714,547.569142863926,583.546221482364,562.94760730279,639.320253086736,531.544220537428,373.601929842256,373.601929842256
0,1038,950.874241180136,947.695461087078,967.062642326197,708.673505517223,651.036070514547,651.246796596031,693.193219179253,705.877532904637,635.084648271801,635.880689126113,665.307500792371,610.995835196906,603.402013714352,616.08592061107,622.019496920661,618.079386873838,621.38096988924,646.250085720036,624.079467785483,633.237614775289,652.397643280356,604.9839058987,613.490789761363,622.314111682705,627.649808622686,638.496889300162,619.509754075773,592.366000998314,591.265649453649,612.612711039976,577.161055696128,573.988692960297,569.073035883422,592.347478614772,612.258456838883,662.090451515194,508.421165250595,355.01397931446,355.01397931446
0,1038,958.649734048485,958.649513026499,988.648983139673,751.438969307887,695.060362214578,694.962359868049,727.993304027205,770.53836513245,670.338240557866,669.93324654278,701.216758148443,668.995690153953,678.186259939822,667.115752374871,661.852505411231,651.738437945437,641.216707524352,685.182259738329,630.850391624542,620.063524692422,641.837724609617,597.691892926143,595.314724199501,605.040325439752,626.656034884234,587.849638532473,615.393977517138,576.725620489148,588.113074999246,617.779261639368,628.044332464257,584.647750631134,588.008325141057,595.80326211396,597.669213061835,667.216898906275,501.502918901417,351.007530188591,351.007530188591
0,1038,961.829443225522,958.649999983344,995.332795664145,753.131683688205,695.136065621944,695.136001313487,730.105622687219,749.040720205909,683.258273179984,683.257940895011,695.25715900504,645.595829657892,639.6268496404,642.569228990292,645.157783369787,645.939967407515,656.836861571735,693.894969934483,689.85083624911,694.239732474337,710.019838969999,675.173838900773,676.622885621384,690.204709735828,692.988526908127,680.801547765835,682.211707104433,633.020355284741,623.572348726459,651.591889656983,638.778227424148,614.306793095765,603.306950068499,675.529064797187,592.584434051718,648.639505502756,509.874395164537,355.861478110318,355.861478110318
0,1038,966.426290786574,969.605512976525,998.239391637604,770.756714869741,717.466257625546,717.392037519374,743.407424195278,737.988051398407,652.190601538951,651.905350634499,668.650007271798,614.773994323249,619.179617448801,614.751853809761,611.433849202912,590.648325635663,591.159165775281,616.729189818028,608.503381203602,615.799983485783,639.160501008529,594.104249541563,596.72788822853,611.13276585144,623.943805926191,593.475980305276,585.927759057844,557.90054162353,558.271293566921,582.752588230468,620.813544703267,582.573898023895,590.487170081999,631.575566216002,737.714286382874,784.993183380413,606.645563034794,426.158359601159,426.158359601159
0,1038,955.470822735092,958.650487006817,969.968221230969,726.272863551662,673.333830821033,673.431926380703,687.552733449243,700.06117598064,608.565562034011,608.971016263822,628.494272827166,583.997605089188,586.72707067471,600.681469580318,603.269901455992,591.708801406692,591.061457443915,605.842676393249,593.463755388026,592.361461418168,635.273403252931,578.935070261735,579.140128632141,583.039459459079,591.654534730359,603.438782671219,582.968531861107,552.248902455974,556.681141486247,583.516960651816,587.481926882315,579.254714222075,582.148854084563,584.549457297583,550.154594922632,574.662562527666,467.928287804277,327.771782871142,327.771782871142
0,781.404769152712,950.873709222522,947.694487040131,957.036414848789,703.688660773962,650.927914265143,651.002198697153,658.077867986642,675.197202509671,607.618623710887,607.904286224152,615.161117532905,577.374986380843,573.023632028067,584.484251244498,585.634587611958,575.840205073587,580.330927074137,603.74708216961,571.715038662402,575.121674117461,596.16835669044,583.762360470801,583.986356801677,600.414734224898,640.774877757234,560.789460060395,591.474205259445,567.067377050704,558.71705566923,580.765267389028,609.103834371643,586.980174230309,587.197419508125,589.978147635963,613.649667644824,619.821005814423,476.704499546452,333.253726689355,333.253726689355
0,764,705.317091047482,708.503626792825,733.886222023523,542.590563771767,494.691610456024,496.275811114945,533.051646532433,540.38461760328,460.27706755807,465.497415590422,480.019553829744,450.814681317813,476.278407680061,515.513451473372,525.058016940378,518.82675677055,529.066214284557,556.583788635828,536.694812480824,541.661416235861,556.187521602104,524.568112142044,526.922686277812,553.035563590589,558.453313408032,594.855275870625,586.788370694429,579.771124565756,576.918729394357,582.719280510318,591.922467829863,584.262329126357,587.092454037981,573.321298051992,575.708424044112,601.938994344187,451.482204632047,316.111121391516,316.111121391516
0,764,697.532266270702,697.532487557952,716.826028832893,571.994085687174,536.649822932222,536.653400566787,548.836816917717,629.134910721564,566.680813241334,566.610771456483,573.076579969917,531.757762097774,530.041329151446,542.019786410998,531.059314528533,498.789371264447,489.673057505539,499.131290544904,473.239089463908,465.710954215101,483.022420771283,447.686954284524,438.554671639511,454.321202186691,518.871531693531,462.372882894006,456.822667316229,449.981216291089,482.635928093249,496.431424574683,493.616472143131,485.711662763563,493.821917974533,492.068336402719,498.92069235247,538.52079029503,416.996373723067,293.674990583735,293.674990583735
0,764,700.711443243725,697.532000016676,703.532000035151,519.425165447155,481.991066742304,482.050888991965,483.118408362496,517.716571694384,468.399778558737,468.700813595079,469.370702733806,444.537532245695,435.450721830215,484.871474058584,496.474252403997,487.116405508829,496.621096278509,501.394724960904,498.727300857491,507.056378194915,517.355836798541,516.171537054099,526.810537888527,532.884783862181,545.89107866753,575.286627733777,593.816860732407,558.806206816614,535.38909638494,542.846705440472,535.972572954142,506.436480502853,498.817393005307,499.978000112035,479.842959051907,546.150692278054,392.934148468185,273.073484544268,273.073484544268
0,764,705.308290786575,708.487512976526,717.82838088505,524.810305214184,482.417015086676,482.366756265716,502.215003391723,494.140535563448,436.703514376811,436.53876111853,446.849517890277,417.199773224184,422.68353062477,433.11507228788,438.649816152303,431.760803037351,418.63169452078,452.540792254508,406.181240047902,406.40119556537,408.406834495563,393.342151205362,388.011485340257,398.258737139623,403.073192354879,374.026523941319,377.274163751544,374.062362580903,393.464490815372,418.208165957683,417.829646986966,414.738091555025,426.734202530001,518.31778798051,470.634741580344,528.435110422943,437.035251053401,309.891585668698,309.891585668698
0,764,710.250038908182,697.532487006817,729.581404026339,536.14237162834,492.91888399995,492.957179694969,536.858787962421,525.508071856708,464.628850662254,464.733440894026,499.483232646719,460.929117989652,460.864539108792,452.661299981477,449.199040640295,457.665909293211,466.642765098492,490.3960100187,479.746786727834,479.540020506375,504.601186963282,453.895794926232,459.775406625181,462.321570942022,481.432500382724,466.42066331085,455.621470381665,429.160237318551,425.670002785954,432.20121922049,445.122707204173,419.189615180575,410.71435744082,475.584817436679,530.363812266935,529.690395879784,430.954394526456,300.617533625624,300.617533625624
0,764,728.637163155395,741.35405192276,765.962147230496,600.943827508631,560.346495752678,560.073569910898,573.119666186518,606.640320464135,535.580680742721,534.559692126237,559.413362401528,549.109367103719,537.718647742047,520.928955476957,521.869247059646,494.18053916811,493.077630636969,503.28460191584,480.577011099377,475.07346021325,499.189050874808,471.62422575161,468.723504612268,466.009905744207,487.341089595282,461.931733123477,459.483526505721,432.055827161138,432.085907138683,432.819745063876,423.025369470016,422.414304389392,425.10649377077,423.812740804143,448.684257349186,491.395000303635,340.553145219582,237.882048682173,237.882048682173
0,764,700.712507113459,697.533948027267,703.536067718984,519.568245452065,482.172466816672,482.457197888636,488.630809484482,500.569069595531,443.228945413413,444.30934119668,451.692300158687,423.048883874671,440.967345174848,435.744452678302,438.229507657348,432.60251021985,431.460097931122,447.170831864656,435.865517464835,443.653702636492,462.784885841632,447.953172513725,451.947405312932,471.618401937095,459.659730232496,461.850295219017,474.868421913181,450.502506496545,452.8580621033,498.54775513976,449.66519271169,420.943748196675,420.562510766094,412.063854269337,398.505055040658,446.899363875962,355.972649014866,248.685944028869,248.685944028869
0,764,711.667177292198,708.487513043154,727.852574572563,526.443615696188,482.417130361922,482.367029342079,508.215374480151,499.541271677422,441.478238324107,441.314220619862,458.327621994446,422.475389473637,416.001205660415,413.649687805277,408.392734147888,406.424775535267,410.379625188601,422.630855846459,402.790897193491,404.05361687292,416.841464061264,399.57608442757,393.253444376438,402.649314003893,453.374949327734,409.871132831221,402.210757017185,388.590338773205,386.517985433108,437.623570753019,461.615799577334,447.50963012614,451.338324799898,476.848806319265,457.615663465862,483.211327559576,386.577491254883,272.117779050979,272.117779050979
0,764,722.623177246715,719.443512959871,742.76018730162,564.472826011444,526.648829911513,526.550648390173,536.6118199093,572.693601943273,495.442904667929,495.036967163556,512.915232831502,486.886294803715,484.127853499585,492.946948670092,487.512771022368,467.307058680872,463.543531205396,495.166139140941,448.890181128785,436.907436975756,446.004647626869,422.419675462329,426.810474011807,423.655582003644,434.98930887227,433.733681964868,439.847768784087,412.704113038659,419.185631934704,438.675862013813,453.226604176824,435.387214432227,435.307144110343,441.022887344874,477.403615793565,524.49165874444,378.440106783701,264.397970331101,264.397970331101
0,764,720.861404308241,730.399512959868,738.374789452548,546.313176025917,505.333431341085,505.306998155881,511.291408045096,550.335215469234,486.453290576278,486.408287557242,498.387487253991,469.598164981314,470.16268012411,491.850632100977,498.146744944513,485.767300940614,487.201802115081,491.124562991238,519.098443085401,523.086521152003,526.268432050367,508.660188614899,500.651010503938,524.043942102484,522.622467814715,485.113640113555,483.467148567294,447.590400194528,436.636009459471,452.549633161182,430.152396677403,415.805479305359,407.040717801811,395.238180620759,376.5629182293,408.569340865361,338.36151370083,236.498144453627,236.498144453627
0,764,697.532797927324,697.533461053764,707.559244407041,514.215608200564,471.157681992804,471.344432000762,487.397307670398,520.354515462745,460.454892068044,461.130328428953,469.094903881774,442.820201073612,452.001212535468,470.276831380001,461.89106155776,455.942448251378,454.006227477449,454.922649229974,445.494790804442,446.611310264557,456.157724198279,436.642389564304,437.417535722557,450.31329076285,499.131141763161,475.132795220718,477.179584589945,473.734242534404,458.733285526823,493.65530580958,483.721965992468,461.790537902663,468.551339388658,443.768625374891,471.63314699784,471.761641848626,375.492341858641,262.144973761507,262.144973761507
0,752.762252663622,697.532000027291,697.532000049972,708.849204405225,541.389580412763,503.799610660039,503.763851289273,511.802303403366,574.443158811657,494.660779270078,494.480913866336,494.08118458168,454.080591415548,452.43122382687,486.222747108414,494.795805567002,480.500455689322,485.445616848582,495.052239291551,464.796710673296,466.534751896236,468.918871738957,456.408478966493,463.850120065334,463.784582216119,487.734423249015,463.230944633254,462.603197833949,463.724339350763,475.881018072693,494.90421452445,506.528992289521,484.174485880309,482.509238255289,446.039576514939,433.72725587612,477.948871037236,331.010274508923,232.023248001007,232.023248001007
0,752,686.576385412489,686.576705713855,689.236075766237,511.453340372476,474.625761444387,474.721771262289,475.810573903118,560.291958711439,495.540078080054,495.898738198338,496.587799862047,463.549345102972,459.552605642029,460.001433492255,466.58551765035,454.961993174167,444.951327140894,468.309251269119,437.42743021577,433.263373188123,432.689646010281,412.056673541523,404.128849341934,404.156622814099,428.417998630151,417.432049671947,409.582023143784,396.929766113438,408.493534456154,453.819909870736,416.218392175848,417.554241029305,421.376292880169,427.682966301383,406.718441126234,489.457939352683,365.939286473085,257.357482812222,257.357482812222
0,752,696.114329717037,686.576000024137,703.28298929778,504.473762440602,463.619197564934,463.631226184258,483.517347536871,544.676658100415,481.531380974095,481.591904760481,492.323608328244,460.34846400631,454.94968311158,441.192459256006,436.653268911054,445.752711415176,450.322352420055,452.954170670632,464.2752520476,465.432720907862,466.028196990893,446.616041370534,454.772418344855,455.311914231926,468.497018114205,467.498990695297,468.080874883812,462.910891137938,440.990694147255,469.99514338307,492.212140161714,456.143857275901,450.364281680805,466.476909317231,460.660379972264,509.652300211447,415.573568935866,289.754529174837,289.754529174837
0,752,713.084315594343,719.442538929579,752.782346955895,566.754577014179,519.670540196456,519.459849975667,548.301079014024,615.885914726597,543.907575145196,543.111659218583,554.983292002461,540.796751793386,536.438780497603,526.649769713204,523.036901093851,504.035153797259,507.031781589091,504.455207309618,479.438629784968,476.936591901937,500.711309170743,438.576353073509,434.939829958363,431.324456640873,440.716322551277,427.401935855142,423.269211829107,414.786833697755,437.855003062226,449.123842178788,437.639531785464,436.116079758148,440.509781497307,427.174115602603,469.383192280314,574.593166068815,394.225471650488,276.957009052414,276.957009052414
0,752,700.711975164941,697.532973996976,736.875431673874,572.76626534486,529.828488396222,529.91697106001,559.970287578745,631.531997066174,558.470530357372,558.739641309008,559.179051036013,524.992313223399,537.402645273607,540.7218282387,535.020496250395,509.000429951125,504.258973610147,536.469901344444,476.532211369685,475.637827611917,493.33629581862,478.821555943209,478.957415658933,479.230571091712,513.871509057584,488.421635676642,478.99459564591,446.172361926408,441.068319591966,453.058267278598,448.497168156134,418.558785482565,416.334672424632,397.46789984901,367.841053254254,435.309982770399,382.964307140665,266.637545153703,266.637545153703
0,752,711.667177274004,708.487513009839,747.145585255621,581.780636409607,541.155080963927,541.092888356763,571.055072999919,641.180044226267,566.649504549672,566.424653862444,576.601388909772,520.291986278271,519.222797348576,540.007140157209,539.356711326958,525.142737440862,521.10308886624,556.907558082639,532.47320163703,529.590620300292,550.914228859287,508.288563288574,508.828914695677,517.351753154403,534.470693208449,521.765105510338,541.385833930082,502.97385952767,504.257107521127,535.967750515584,521.336796869652,482.323131166757,476.270511436231,468.590243931115,464.610873338055,517.847463737532,385.364951256787,269.143321696744,269.143321696744
0,752,713.08484754286,719.443512959869,742.077391603023,570.520063301093,530.743852363635,530.705477769725,550.743143168961,631.906161982603,558.525065365056,558.419989418008,582.265634486678,547.488079555917,535.581253388821,552.916129278959,558.576785574494,556.650573798538,553.602512089317,556.992770274785,568.508600438385,571.089613245166,576.477917699497,555.122023376223,553.685759768824,564.034140446584,564.349001454668,555.983973124278,553.571021186773,506.750604834695,502.983356916996,519.150533183536,549.461199730803,536.505327484097,533.236186709648,533.59572431784,518.676222625608,559.261631013322,442.496459558936,309.470604473583,309.470604473583
0,752,700.711975183135,697.53297403029,729.582420991081,533.662453374047,486.115899591692,486.26431089981,524.233519603491,594.273075035664,514.545021202058,515.115605759838,534.926608539741,520.270227929911,523.529576653765,537.122683382769,531.975328644387,539.551613498376,546.008353210037,558.631330840586,527.333484344664,525.950349366852,535.741518719662,494.024210477789,494.228856025211,506.239642159499,517.372191393272,490.593552980012,480.669213645539,447.711258933416,444.455864122912,460.893207625484,558.817297405585,437.407841627352,443.875621515662,456.195933500361,476.015584543486,485.020158038574,400.790017116525,282.24837351779,282.24837351779
0,752,708.487734039387,708.48751300984,763.16977880368,600.105516978296,552.050629191843,551.92865812288,598.82335059599,706.027511506704,612.615703904639,612.090080479648,617.70214104513,605.934612643767,590.134573207664,600.94421576025,607.128234636594,592.398627803772,582.945548908461,613.282946635418,559.208474858943,555.45113431414,563.889494370442,531.075254817889,520.747029831113,522.527317180295,552.389688093097,514.551830139931,523.000160737267,491.092376771886,489.861972261356,513.31865588614,569.159479494751,640.758467040807,639.242859397974,617.31265729137,614.234791535923,645.300719273058,458.136698818907,319.501064733303,319.501064733303
0,752,721.205772929376,708.487999983344,771.82939781455,615.650925818944,574.004453688283,573.980449467835,616.995869026659,750.763198189599,663.600390939423,663.479572880239,673.807679140672,636.113175308941,652.844863380688,634.089387830309,629.848016808862,616.019247855655,624.13853859592,658.352154883618,622.549268779325,614.59614491215,615.117154469243,590.222249697405,595.563440466645,593.666479734521,616.484292854469,584.657544145094,583.555385378716,552.325727875977,545.125726404422,582.62698790672,591.913645635159,551.198400245844,544.345780353961,541.059112642787,521.529261441925,592.102331662203,441.355487250117,307.595508747784,307.595508747784
0,752,749.131492850153,752.310051906103,804.942340744431,629.561703957301,586.830080988049,586.616926205095,608.609155421063,768.866179706596,667.999234311408,667.278942666761,684.696829595921,650.539658673863,641.930155533282,630.457880896597,632.163861111863,602.056851721649,598.454398921066,623.61442443938,621.887256296994,616.038321579534,625.435253986728,585.50323925652,578.244265110335,578.540876749226,602.750736686401,572.842509682184,573.321554921786,545.025279317542,551.712827893163,600.53951537539,655.56295901378,608.12773426948,608.535449980892,612.557321002945,612.5482178453,670.797101908274,528.968373716129,370.290706511069,370.290706511069
0,752,734.997379473182,741.356486956844,776.674221126621,586.801406334043,542.811983723765,542.909978632994,556.000384536059,740.644899113569,643.820475473906,644.225391739257,651.747241247388,627.468306275441,630.172584264699,637.198439338827,621.325107775346,608.112884944978,606.897069923304,632.251208676798,637.268703550002,638.079390643621,659.233250170627,617.990265739485,625.160601141591,624.622436292957,659.392095555814,615.325732104236,614.589927747983,575.694398312912,574.244596218145,606.425989778421,720.965029137054,655.288466389347,652.078395189178,661.829881190048,645.246529599229,628.459794742996,532.182779734411,371.472104230254,371.472104230254
0,1148.13059360731,722.623975201329,719.444974063603,759.470227512124,565.330997094537,519.93668449595,520.061263286149,547.045998236673,746.586276037919,649.116153391132,649.566810446463,655.708004092016,627.282822288424,623.446495117368,679.713819535841,691.285231871242,671.771337706112,679.360906526022,692.433338021518,690.949345107013,698.923846990196,712.629932197488,673.211144843778,671.056145139064,676.621235287702,702.659656313812,665.26719334084,660.808458319532,613.345534828485,604.047748718306,608.370918483906,673.817909222886,701.403425445825,698.457823826776,689.190135688433,713.127089432514,749.290263001891,514.609422797592,360.108796781269,360.108796781269
0,1175,1116.58514824918,1116.57363659653,1161.20464030688,876.616716165846,811.803356203876,809.175542420666,832.616064313362,1034.66530213946,908.492614246578,899.741163159502,896.165252126884,848.255504942493,808.376494852003,778.117576091092,752.709129602297,691.157124375855,674.798047750245,701.945319073151,644.826274054656,623.450590572904,649.620650258465,594.619304330447,584.558720517589,594.899129031641,618.947635208851,598.40557127513,599.664199797095,571.308085413174,574.99852634238,602.840942140897,591.547227990863,604.708188452243,614.289946425705,613.619384049952,607.502837259158,700.649282339913,528.255922851545,370.289725511709,370.289725511709
0,1175,1126.13732923009,1116.5989991325,1168.62319173702,868.121002464855,803.01395980178,803.024047547492,846.908963534621,1043.57786306627,911.379973013471,911.430516419631,944.736083937801,876.068616849659,894.371827388579,934.905657113551,935.078521476468,900.645862614499,896.396580851489,931.840996844891,915.916401515277,919.849495969664,951.79223156285,899.417163868059,891.908109686705,895.180676318033,900.998133560214,878.241291790665,843.563694870063,769.95975111529,750.937638024326,778.806481401033,746.613479194982,688.556389935344,664.39472250026,686.075460557293,628.95125379203,667.907967670195,546.043371933707,378.713143494333,378.713143494333
0,1175,1136.74842912509,1149.46553892955,1222.82954050435,918.19707646232,837.206031172167,837.019265436269,914.723670703132,1139.70126316789,984.686296869127,984.010641890666,1032.14898803131,969.064552707297,965.757575477879,990.799352715584,993.249107004071,954.306972810005,954.046379666738,1009.51773234748,950.629795843453,933.702255703747,947.86317072563,907.991633594778,911.730904916854,952.379487293695,941.329477853191,884.807822383607,902.223335433474,833.844333850786,827.842597674652,868.221947241177,885.172770691517,828.36413623166,828.53444777308,850.39543626594,873.030770215432,981.638493304484,679.647629368079,474.209474739492,474.209474739492
0,1175,1118.36183682641,1105.64494804392,1179.62287420465,939.01513978772,879.198700430518,879.351897694165,918.716806344353,1249.5262916459,1104.90016598889,1105.31867480812,1131.33320136059,1068.03333064484,1061.84746277806,1073.508240581,1062.52905138568,1019.70288803095,1002.12547176989,1035.71615186587,1025.16720577558,1024.20225493698,1021.55563326593,980.533971760178,953.502284424911,986.283028899193,1043.77214902399,999.419841032163,979.118139982277,906.844179136631,911.700929502158,932.027031854268,938.174719836647,919.524184591201,911.857658460303,914.370405528053,893.597349518274,988.308751277235,795.700390991027,555.181442170072,555.181442170072
0,1175,1152.64537935578,1149.46505197273,1242.19411507737,928.398348199983,848.156361533361,847.991187461876,917.649173612351,1171.86956847474,1035.57670814476,1035.09789468517,1051.65039877706,990.066593444997,983.737985499101,1047.86667816213,1036.97299274046,1052.90649166219,1039.63158514408,1100.80158303213,1053.78997062706,1054.77871994512,1076.65566656501,1024.29346124622,1049.68694268672,1059.32157160868,1167.99300168073,1089.07991958624,1077.46210955814,997.680346184968,977.998396993585,1007.14724603682,1071.34940313577,915.751189551584,909.792994247659,911.347123829279,918.732357258209,1026.5269914196,763.703904922082,533.17142255164,533.17142255164
0,1175,1150.88440428095,1160.4225129099,1227.64241300346,994.182466976371,936.206414236061,936.060294965,959.3040429156,1594.29346401008,1143.77329598713,1143.12618125889,1165.76668760577,1110.03863488425,1099.08690854159,1175.85098076376,1180.76539592958,1187.47893424617,1201.69416988713,1246.05672889038,1204.26630976779,1204.15893318531,1222.81221186201,1182.62496122882,1131.42922027413,1141.84008147113,1195.32301870902,1167.00241442737,1179.03313980883,1087.44223184259,1082.80291810606,1122.7517926244,1186.27693731814,1186.52190877767,1177.43561378961,1141.87111293011,1137.80816432677,1245.70767452237,958.458779186307,670.410584167599,670.410584167599
0,1175,1146.63245733503,1127.55646105376,1211.02041645077,861.539746413086,781.883921896928,782.202191754971,859.003084330663,1853.48463656431,1639.348427099,1640.68406308189,1683.30067663195,1587.14402887207,1589.56352577011,1638.62673541397,1629.31025432848,1573.01701698924,1551.88049435324,1599.67845576987,1459.66357890282,1388.83134387828,1397.09479291116,1316.26552893214,1303.37045281113,1303.91347645917,1314.13593077748,1274.20374237239,1255.12093520763,1155.16620480132,1144.41153293555,1180.0135416941,1228.65637582803,1201.37763824571,1204.35653604859,1256.61763038839,1162.94859523715,1265.87204977541,970.343191772458,675.538897062599,675.538897062599
0,1175,1174.21274474674,1193.28807790913,1299.23651122004,1037.23930677309,959.341413651144,958.848449310697,1033.6381098513,2080.30760406801,1837.69933074953,1835.74741853006,1875.98883508875,1773.66900574341,1779.51936132386,1820.1504383799,1811.68950025378,1747.68963837595,1737.89551484397,1811.73054265986,1716.3144236444,1707.58010647628,1774.65180990536,1661.02086536348,1668.84602775845,1698.00478304077,1774.02844122887,1649.36815322261,1641.46463893087,1512.72511972486,1504.93521531068,1540.38559403252,1557.08072696839,1429.2104506135,1394.92571620776,1408.84467205674,1431.66766714336,1472.29063401091,1145.6537504783,793.005103324017,793.005103324017
0,1175,1124.37715258364,1127.5579220409,1210.87830587926,961.876941175999,891.327703433686,891.700917599249,983.806491293708,2056.58115428686,1774.3527777994,1775.70222296928,1828.71822996868,1682.72133145857,1689.17541641273,1758.97657521339,1765.93572151911,1755.32446337656,1730.51848942737,1838.88847291773,1772.11625935347,1760.21853268543,1801.80439746528,1780.83916054485,1753.18834448136,1791.7276641567,1843.86026558361,1806.40984443451,1798.31135764675,1665.16760665485,1650.76969266793,1729.96067854727,1700.75632976283,1683.61768287184,1672.19978447838,1652.03987801902,1614.39564031912,1804.40480297507,1260.40019475733,878.850856223139,878.850856223139
0,1175,1129.31703897186,1116.59948712342,1214.64840427001,942.383862097686,868.699557008086,868.774035111101,969.789147360741,2133.3359534201,1886.06056770592,1886.34692292764,1965.60331486006,1841.85782379626,1837.3292466477,1878.158314317,1880.29892226858,1906.44510534539,1909.43228788423,1959.31006766444,1973.2429997359,1961.444467292,2003.55035042025,1921.12095827516,1911.25536958228,1930.12941137968,1991.21240276833,1917.74788039328,1890.33866342064,1759.50616161339,1743.0766346201,1817.69355534712,1866.84128963577,1708.46118428604,1694.26640948406,1751.58484812923,1679.99950657717,1899.59136468118,1485.53059986141,1038.82649786536,1038.82649786536
0,1175,1154.06304962463,1160.42105192276,1267.73613647782,1012.06441075177,936.10085314528,935.827948835155,1032.69202651617,2198.09845184317,1942.42975227237,1941.40893641206,2006.15903869846,1881.6128070892,1876.21796617189,1907.07366532139,1892.65814264875,1878.53596383346,1896.55309283395,1964.41857893138,1922.75718015786,1907.53956223695,1984.78294850219,1910.87086409683,1926.11896234461,2006.56333754507,2089.25389118592,1917.15035738234,1957.80105597557,1862.32892976754,1840.74304486964,1885.59004725329,1985.9222470232,1915.93588473059,1918.48648833895,1908.69526830736,2002.79885165599,2044.3410610241,1682.69067499494,1174.77863320076,1174.77863320076
0,3173.44606798581,1148.04986162508,1138.51197398032,1250.53722733821,987.557323408043,913.517443346969,913.641771471634,1004.7477053459,2157.80410829066,1921.99276311602,1922.44218380525,1977.98381454052,1918.2056983203,1860.74892080494,1941.01726588674,1942.42458435916,1902.86179926169,1889.58111346682,1973.22501925617,1962.69955323468,1979.53530432547,2027.53250544696,1982.53439405803,1981.68191810676,2040.39177762621,2153.00435451404,2128.29151452348,2115.69950969317,2005.41458194328,2026.70387816683,2085.69877227069,2146.0263453553,2023.19264565166,2016.03388796265,2003.69306367463,1905.20385024044,2006.05338953291,1452.56104692113,1012.78739052287,1012.78739052287
0,3309,3116.4722196597,3119.59403951605,3249.48008475679,2445.05118869517,2252.76612914056,2239.75669138574,2346.7367181765,3285.7069917147,2874.21818613983,2831.13426970516,2808.06542269999,2581.82596056846,2484.38297309003,2318.69387362295,2238.18441100475,2112.57216955913,2063.03021332027,2124.65148207745,2063.49633866625,2032.03333394775,2117.93242769909,2009.7248134279,1976.29257162154,2000.63787938303,2087.97395986405,1969.96285106886,1962.62834548421,1835.52048499774,1818.99331905999,1920.34713122183,2014.84599988761,1936.7012936023,1940.79996557681,2023.02688498788,2024.92695670664,2144.64158816441,1683.01897206848,1183.66360151217,1183.66360151217
0,3309,3111.94470684191,3108.76548268109,3240.08321219785,2476.93545610186,2295.6994347294,2295.70454068315,2405.76755739404,3398.52731132468,3004.27494899394,3004.2115718615,3069.28456660044,2918.08858268949,2838.77844876172,2864.06558372749,2870.19101070813,2816.19570766359,2799.108772372,2898.2798890077,2803.11973098375,2796.5618214454,2823.40508051827,2756.21146724828,2759.32524493645,2793.61110884035,2825.7839923094,2669.64652975778,2614.16297540435,2407.35124807234,2314.02565180405,2428.57990391733,2396.0439071038,2291.53422169686,2236.70988550379,2263.73613580908,2219.75144332104,2416.84527017384,1748.29405733946,1214.83006395946,1214.83006395946
0,3309,3135.6179502033,3119.72051299303,3292.49955296266,2473.40853102418,2274.30009023175,2274.27373044729,2446.86378328847,3497.78898538955,2977.60752261668,2977.56291518237,3070.73734884305,2953.34220813743,2971.80608228789,2974.1996504004,2967.43572077528,2960.74423096098,2940.08759328148,3092.54650561325,2940.17533548198,2936.33859502957,2984.31505771289,2858.54389526168,2806.47392489701,2874.80274120027,2961.53454965888,2830.2461455612,2828.35418651735,2651.09157219305,2641.05809883242,2754.31797519241,2808.73787126679,2693.36781036786,2687.61921692741,2758.42817340239,2689.49520090362,2955.35854691885,2246.71179081223,1568.69026508946,1568.69026508946
0,3309,3190.39688626996,3174.49856486597,3387.83731299169,2620.26159891346,2429.69579296655,2429.27681965189,2585.20264449733,3902.92922508154,3449.08682609585,3447.41844744875,3553.50466871246,3413.80335303742,3397.00165136103,3370.50273552938,3362.3219934823,3338.43382658804,3322.42430791225,3474.08739424778,3315.4425082665,3234.80136401671,3288.49580000242,3155.74232321614,3154.9359682893,3246.22901107694,3377.44585938104,3151.39175180211,3096.50712844819,2922.5112723159,2874.05180931503,2941.6259326936,3021.74390658244,2802.92024658585,2782.16472184954,2928.85696742705,2855.0943389398,3132.1066770926,2390.69170425222,1667.28423706539,1667.28423706539
0,3309,3241.99744299895,3229.27856479934,3488.71408704696,2656.16717120625,2443.30027215822,2443.03655796734,2642.57346088914,3883.40057538136,3432.30400073765,3431.41741730632,3531.1425847549,3373.84330637502,3382.62211144483,3393.95086824772,3364.59534807099,3370.47242187839,3360.83513792269,3529.839143097,3528.79554519736,3532.13462413103,3590.89898248878,3514.43567710027,3492.54650418839,3624.78286686723,3771.79701259686,3662.41454845454,3679.54341029236,3475.68536505531,3486.83462052035,3586.08202457079,3533.85827119886,3456.88979113584,3416.83226934629,3511.22442927504,3473.88360588518,3706.44010775942,2835.98095016718,1971.74482038327,1971.74482038327
0,3309,3266.74504957005,3273.10305182281,3540.36974917187,2787.56518377042,2587.4865116203,2587.12963034009,2777.03253073031,4112.6234431168,3594.07631944413,3592.63295494835,3708.33875067125,3508.27744416788,3510.86630579768,3611.61067389159,3587.02484987901,3567.37948963675,3574.50137374955,3735.83544075971,3694.46821777406,3688.24720397641,3738.55301397387,3657.6040503468,3627.92480098084,3696.90754538102,3903.04786427187,3775.03540660547,3715.56990694974,3461.68275512609,3451.7333537496,3550.85140173091,3666.32724419961,3371.78518187183,3364.74751080753,3392.86887302752,3479.4334480335,3720.15859522594,2878.07003233412,2015.82284208755,2015.82284208755
0,3309,3244.83464545199,3251.19397398032,3520.58481873645,2716.68896332742,2499.38211075829,2499.57816585857,2720.48597016236,4083.49431363265,3610.33793240967,3611.14791241703,3734.19073822596,3605.97650531012,3551.67589335013,3741.67998263994,3737.70423554658,3701.89013998256,3696.46879538595,3876.00976936468,3807.94813235714,3806.90142067189,3888.67601507181,3771.06957668095,3801.19177255509,3873.11651258477,4114.25501955042,3876.49867121731,3866.46144073869,3612.04662357107,3578.10687842438,3698.01579564475,3749.03372204198,3669.5787202784,3663.08469600695,3780.4319333846,3585.71321261635,3856.33812594627,2928.17644024282,2046.65008293128,2046.65008293128
0,3309,3270.61429402584,3229.28197408026,3580.76959313771,2793.3656872556,2574.80416582625,2574.82114353874,2897.25358361683,4188.4507019033,3702.56546270004,3702.47488021639,3878.99575112147,3684.70352236346,3711.67272616716,3899.231096149,3897.29564391539,3896.23215020148,3845.73981073796,3988.37598782773,3947.97467417862,3920.78227998338,4001.9831489704,3895.61025317153,3858.4355460801,4003.52098639314,4151.85259045787,4094.50493439773,4094.88456361457,3856.11168794725,3832.56285316714,3970.51984864199,4022.01346220559,3850.02465801041,3844.6150503494,4070.87935896549,4074.86114843227,4350.19920467585,3332.76636446947,2328.84165394557,2328.84165394557
0,3309,3371.7055422937,3371.70266872815,3730.25760748793,2993.63529466658,2788.56243735979,2787.68133833846,3019.81207041009,4507.63065854956,3958.20309610568,3954.91447570691,4164.94797938216,4011.67718763462,4006.14873280115,4147.34763682426,4133.15458578193,4166.64278161576,4178.83620722919,4444.34434672925,4248.09283876428,4225.32852766485,4315.01638998648,4221.52123633585,4178.30800981618,4322.03966310411,4619.90434886998,4405.39324318283,4372.51700971956,4108.8697618562,4095.61770121386,4308.55715009042,4228.92886001029,4073.38908583517,4047.32038475791,4219.69226995195,4207.73872304033,4636.61141165387,3437.94464057978,2400.99277802229,2400.99277802229
0,3309,3349.45289723941,3371.70899978345,3709.07459094653,2879.73310472539,2647.16633466243,2647.32124918132,2936.93211322781,4307.28138888389,3808.11599508506,3808.8953181139,3993.12080604072,3777.87409947437,3791.04234746823,3976.55364390388,4003.5497160841,4039.83695128671,4041.15427962795,4347.70004073741,4318.38915962383,4340.76675630185,4430.00916577429,4431.51691342628,4446.67075448316,4557.3608365112,4822.70472573814,4683.26105309228,4757.18027387818,4478.28079295987,4464.82163656999,4707.1346384129,4700.35291810707,4510.25491650808,4482.18443063234,4684.07860223818,4559.70220329909,4812.83117075043,3853.93778840314,2687.73090318763,2687.73090318763
0,3309,3260.04498627085,3295.02040916431,3599.5859467076,2902.05357457342,2687.48885349754,2687.79315530985,2944.27980121774,4430.42852212554,3917.16896889164,3918.0836074014,4093.17136291969,3921.47737745086,3928.78251795441,4061.48811132238,4019.31018857124,4052.13043055676,4040.91058831128,4291.88241499268,4254.03645226633,4247.79847741849,4349.08087451344,4320.32904109258,4262.56849538006,4439.70681688922,4547.09886641539,4392.31289776181,4355.66268876084,4134.17572538422,4137.64402755149,4418.43210570805,4504.70879341119,4209.20157966044,4225.94979721574,4511.91422081104,4573.15650728906,4870.62510312738,3685.93616317177,2588.36088846076,2588.36088846076
0,6740.25885337395,3231.73390405369,3174.50635737482,3507.99874599267,2747.38988506174,2539.97804587192,2540.68702421794,2811.96675006107,4167.77996988334,3754.54159141526,3757.14026370828,3903.23851818421,3704.84819530823,3700.00211535719,3985.83088902778,4013.8206889084,4108.37307576855,4093.60993130941,4406.8293669123,4306.02838460545,4302.02123885898,4437.53012887722,4480.31332672637,4515.77496418393,4731.40033575894,5087.54519189294,4804.07119502773,4771.79273365998,4488.75470330382,4496.47752659087,4741.2113774328,4983.39479757268,4740.35500285529,4724.19191844955,4786.82334909434,4884.227651164,5286.61722421105,3971.35899803683,2769.74403343295,2769.74403343295
0,6973,6700.92131702877,6716.71675579762,7100.47275106985,5415.21967760622,4996.43283884479,4973.28453695617,5265.09932282642,6201.29590575098,5427.82842106862,5350.90322287588,5387.54215415391,4979.13401375168,4667.14315903154,4434.49021383827,4287.1309770846,4168.74014018275,4132.59274389569,4360.49656560052,4335.24006479276,4318.28013083725,4468.13838452307,4423.83932108419,4468.4074561574,4615.26533104791,5077.08380834725,4868.4295658783,4895.00622706709,4649.44481234259,4592.00088006582,4881.05152017176,5114.91943115791,4843.01753159716,4834.87117445752,4973.04595163137,4793.01193681594,5241.02163935705,4046.31602844502,2831.279624079,2831.279624079
0,6973,6735.28952010157,6662.16342744763,7102.96983224755,5409.55273941055,5012.95264892581,5013.18759335032,5295.51146286503,6333.42524639329,5599.28058855089,5600.02059160181,5781.25923514647,5532.28305227414,5497.91439690508,5677.95253808908,5629.30404715103,5545.73603386797,5494.51163863982,5681.78771044642,5608.12291596812,5558.6023880684,5677.08841832779,5475.50079552858,5385.83311912783,5476.37008069416,5773.57098707221,5479.05367907708,5409.90964505579,5042.79531873579,4928.64511800643,5150.84650535899,5325.70250312169,5142.23427162886,5093.6091745754,5530.66658735014,5307.11585286701,5749.40082227609,4402.48826736689,3083.15383853563,3083.15383853563
0,6973,6933.21954194049,6914.13779854312,7423.51539493698,5633.70731526995,5209.3730383862,5208.01306842593,5493.12643097674,6460.73832749033,5717.8848222369,5713.0676082945,5889.48523660023,5605.60816537612,5625.97831299967,5870.90684824085,5913.92511130712,5879.74813932409,5886.51081447924,6184.41417789853,5989.33132194376,5941.353023286,6076.4321551571,6008.3847389128,5963.36344188545,6109.97032677198,6477.08494021691,6270.57598751766,6209.85150493307,5807.17592525899,5768.38599110298,6025.5643335143,6193.11924433591,5839.13970978994,5798.09663656968,6315.74316772858,6263.19687025428,6682.49225917675,5086.12169469821,3542.40762173271,3542.40762173271
0,6973,6944.90952833712,6979.88207747604,7471.12352106897,5718.78550561079,5289.79311916093,5289.40666580037,5582.1411707771,6530.46611989314,5771.96895419428,5770.55282833547,5965.17973934688,5639.9606102574,5638.87647401761,5758.8316951414,5712.36656981189,5688.7309954781,5663.30228119577,5984.35088752897,6003.85282313676,6005.70047550209,6193.57096851952,6118.17874887747,6116.47885051793,6356.16946825896,6656.03045813571,6419.77502862661,6405.68748813333,6089.75753679112,6044.51612755577,6393.59437868954,6488.02135866011,6299.32313652362,6274.17806353762,6577.58016297271,6714.84418465564,7087.07343071404,5482.641790684,3829.87682384279,3829.87682384279
0,6973,6853.01303924305,6859.37435715826,7291.30760575539,5571.86987454903,5164.70294452841,5165.38750828533,5444.89476950098,6427.25578196441,5683.38568822383,5685.86129822889,5915.6844653142,5582.24882903238,5594.03270599366,5877.91430629982,5895.68581211839,5952.75113813108,5932.73966798287,6281.42607684926,6266.15547216677,6277.66268122988,6470.66968116423,6471.47420463559,6427.50999679876,6759.9078867017,7174.05142622163,6787.88174608847,6820.62960450047,6476.264817001,6470.21204106614,6792.48059005127,6973.35836036887,6604.84690612463,6580.39193603554,6853.1058307623,6705.30966910005,7273.86179983179,5429.68988586661,3793.1642495071,3793.1642495071
0,6973,6840.6369752923,6837.45797423018,7258.82462570988,5480.35957045265,5064.84435019037,5065.05307771511,5331.24180596546,6319.44919851375,5586.96132812714,5587.83534265279,5815.1266004736,5560.63404553351,5536.86763107915,5787.60177035359,5788.17590998891,5930.78998404623,5912.10088784191,6362.83597841698,6222.18310549427,6250.83601862463,6400.39610003397,6479.76067630633,6496.69160115817,6870.26410879656,7363.37892956983,7074.65110665175,7067.09178020097,6692.03964605561,6694.83404625159,7101.91425859746,7198.57076469806,6933.48239006288,6927.31620527695,7303.20562690806,7250.75098423354,7757.85649805661,6052.85629387934,4230.28080650982,4230.28080650982
0,6973,6854.77162050863,6848.41251300985,7317.16735944899,5537.82893814688,5108.87452258999,5108.77651306358,5457.20067950524,6347.09997588095,5610.57194825955,5610.16702169805,5843.73533852821,5540.13383314345,5543.416016074,5842.49995731907,5790.69436853776,5983.27141941384,5970.59313405857,6326.87062378018,6322.33100379567,6309.85343094143,6478.52986875668,6593.79151761514,6458.2690165418,6839.14191048281,7401.94617938878,7086.51742764435,7036.39044254312,6663.53891782325,6649.97746258198,7063.39837881529,7315.47926441853,6981.17464833887,6977.63419952725,7715.51662744372,7388.26323995597,8130.21833304363,6052.69230006989,4240.04335287674,4240.04335287674
0,6973,6876.68335450253,6870.3240259364,7328.22619184212,5631.37449096696,5230.12293292423,5229.89068870376,5531.14242415939,6547.5021520055,5787.35086464221,5786.35835324217,6077.60807374875,5806.7859757671,5775.69043444766,6175.13334154727,6211.24062891197,6389.74379965173,6377.3976983137,7035.87201919012,6618.12304896374,6582.72811280846,6786.07337371457,6904.04335615611,7009.35956968229,7360.42127605157,7962.07733037795,7695.11306922725,7641.20402972069,7232.79857601601,7162.53895020982,7547.29443671528,7712.26621430861,7428.92203766582,7406.86514120372,7940.20582285697,8299.05738424572,8954.57830553123,6965.00005087368,4861.4342218832,4861.4342218832
0,6973,6939.92811654346,6892.23602591974,7428.50109503466,5542.98574968819,5100.07547570813,5100.11829058328,5502.44878890118,6357.29492948585,5623.66165508138,5624.05306326079,5951.57500967186,5748.95288695801,5700.93384195612,6001.41616575423,5996.21120785055,6255.21429909794,6233.83031979104,6640.39888715526,6905.88705829039,6918.36220502774,7197.43833801403,7306.51248181547,7167.24049482726,7571.68435303361,8168.22733293016,7862.64107398216,7907.17233218585,7549.79211629048,7542.42914566462,8027.50923539336,8118.07486801766,7744.39622133383,7699.20259352129,8166.81817520705,7856.31394446911,8451.80859791467,6536.66993202461,4571.17945124688,4571.17945124688
0,6973,6989.80470237272,7056.56969461457,7603.70959492442,5908.13030271899,5467.79640442911,5466.64722843131,5882.00624937417,6801.70868598288,6009.73649986765,6005.27545960986,6356.54933165623,6163.03037495044,6154.73509399146,6398.19613363494,6385.80265680721,6609.83252984753,6604.84979563477,7169.34697602946,6860.19315030834,6832.21564160894,7121.7965161184,7324,7324,7800.08497723813,8424.7872763416,8066.72941176338,8086.39999689623,7673.74675212517,7715.37740904203,8202.94919603148,8434.99705001272,8112.12377747828,8107.05554826879,8735.65592064044,8745.54566488025,9256.78079229425,7132.62375151369,4986.43517847064,4986.43517847064
0,6973,6861.48046099929,6826.51122724309,7339.25353852815,5624.45643361325,5207.44210137623,5208.77265542611,5613.64268765761,6565.85386506815,5807.51738242751,5812.36256776085,6186.7629985407,5999.50445673453,6029.07606200599,6340.94384631181,6351.24819475687,6607.66561642783,6613.32685764611,7213.10796372926,7197.80811485734,7151.36379323497,7364.43157915589,7324,7324,7771.91502276176,8478.40954274354,8257.84705882353,8188.99999986948,7721.55997478044,7721.54048240804,8274.67522503649,8470.63090734323,8042.09139304636,8040.94510303375,8648.96838439359,8657.68020305607,9174.47962600193,7062.46180333507,4942.13555799228,4942.13555799228
0,7197.75494672755,6908.86075560874,6947.01164309158,7477.66441627189,5746.75357148575,5298.98819438873,5298.34017077415,5719.82528110982,6630.12220335337,5859.44950696267,5857.15777293701,6187.84792781625,6026.71064204896,6010.6622546644,6279.36468158275,6281.84105414983,6532.75075986895,6522.69795821403,7000.47881424051,7006.19618010857,6905.94330326775,7140.03145890644,7324,7324,7719.96358118361,8515.16500994036,8085.95294117647,8154.80000011989,7752.70740772893,7690.11167767937,8137.71179744346,8611.80810808026,8308.53455376381,8309.41101550802,9056.45073783442,8885.91885556168,9182.09782069815,7233.20737103124,5064.24483690706,5064.24483690706
0,7213,7060.09602927281,7034.65672982141,7552.62353733078,5852.20763315027,5429.72772369286,5428.90065908033,5799.73444460431,6768.78036814611,5981.6785664276,5978.94702772471,6262.07752856239,6136.94572722171,6054.25567357064,6272.62196756646,6283.7472679683,6544.78410834953,6538.15741816107,6948.54223946542,6860.30729550913,6857.82022772602,7130.46546805933,7324,7324,7756.07283763278,8387.22862823062,8215.37647058823,8166.20000002414,7833.06400216913,7833.06025641832,8293.15825455525,8705.75710574565,8162.46365681124,8162.04838212171,9274.40654309583,9049.90599747583,9703.0288014647,7121.81050856222,4984.14923885014,4984.14923885014
0,7213,7135.02864495353,7122.30910352934,7632.30486369424,5832.87251654588,5401.36857378331,5401.00151339119,5730.96211936354,6685.53679689843,5909.18893346673,5908.04644968254,6183.54529317168,6072.92310241942,6135.97361132116,6345.03570106319,6310.09882077769,6598.99546570263,6592.69728794179,7025.66578667253,6956.05481303266,6983.85343955865,7210.88618645142,7324,7324,7868.13353566009,8496.78727634195,8189,8188.9999999206,7843.60475594065,7854.03233096548,8284.86939934411,8684.0294972888,8648.74375986365,8648.27623714692,9753,9752.97885518485,10428.2235089444,7867.39130434783,5507.17391304347,5507.17391304347
0,7213,7147.05927660428,7166.13505177283,7684,5858.05447835569,5403.54878337314,5403.34733933677,5801.77041255146,6667.91164879047,5883.15670261202,5882.49538244756,6171.83606649447,6026.41858472176,5970.71296593726,6295.65324351325,6308.89503643659,6599.4396680227,6620.01499963627,7229.46981042745,7048.83036667426,6900.43556193745,7063.56810011626,7324,7324,7980,8665.59045725646,8439,8359.99999979811,7999.71519171507,7989.24709841515,8368.68641451293,8561.67172549327,8211.8742092242,8209.81136217233,9056.09575932633,9086.2502691256,9657.4939597842,7554.62411286627,5421.85261209255,5421.85261209255
0,7213,7090.8642661326,7100.40392207421,7621.04151025762,5884.38468784835,5444.62545322018,5444.88979343669,5873.95800282042,6806.12592300246,6017.19564737693,6017.98351445083,6364.42657244192,6274.2298090428,6257.14439107995,6532.66004983215,6515.95753191492,6741.97563851196,6106.15511874255,6604.03749414659,6392.73634126428,6284.26039158383,6558.92545101418,7146.94401641759,7124.5826911486,7980,8572.99442855452,8383.53959684739,8386.6713211602,8004.59192266308,8030.67892858476,8549.20010431014,8598.8290247305,8295.62141360856,8295.48943757047,9082.66273320311,9106.68390789255,9690.68221802537,7424.01389087715,5196.3131000422,5196.3131000422
0,7213,7061.17491152177,7067.53446117036,7587.56024465058,5845.1757061509,5399.27677013297,5399.47569803272,5881.29343305874,6781.31280825261,5995.17968105875,5995.91632321005,6395.80783724382,6313.8686442077,6317.61525802632,6094.96740443969,5743.64595254511,5755.52925907021,5756.82178771771,6368.71984225174,6437.31096255444,6480.80665856758,6744.97511685704,7213.82044020958,7152.44326367877,7826.50113292414,8665.60802276002,8390.71654100781,8380.79162191187,8031.6385392054,7984.68073922669,8539.8407457615,8985.37935906191,8419.8360368764,8419.90514585986,9262.95471140867,9176.6286266407,10050.6071778883,7527.59466268571,5269.4067486854,5269.4067486854
0,7213,7106.03095344265,7045.62197409692,7597.01281897922,5851.70514249227,5430.97092872495,5431.03576543917,5848.52946540511,6774.66837804534,6067.29508350272,6067.44513389644,6483.72341001545,5945.40998901532,5343.0935265547,5527.7097879447,5537.11807569472,5939.70635107089,5932.17070860028,6463.54252853511,6377.85091920375,6269.78793515727,6475.60978906962,6839.26734003404,6850.87766182156,7749.85731416571,8683.05790945291,8373.65376301383,8379.80558539215,8036.17430719612,8067.47866937965,8729.99957480158,9030.83051786302,8746.57876271441,8746.38984447251,9707.70950511066,9619.99581346954,10460.292139395,7867.39130434783,5507.17391304348,5507.17391304348
0,7213,7174.29386555541,7253.77574658731,7684,5855.90797608924,5422.74250193691,5422.66684011736,5794.80188855579,6551.07062770064,5790.92000080919,5790.56240220797,6175.23260760626,5297.02945226306,5126.9653133597,5398.48318424369,5343.69559362593,5654.75674700256,5570.34633914481,6176.38855157723,6206.17962388502,6246.43820445692,6577.33224408205,7049.99571943903,7039.52169563337,7722.03279142206,8519.95413104122,8384.57971708734,8375.92588614387,8054.02092373821,8012.28088707156,8666.60028344788,9233.90077091124,8812.26932468609,8812.36169661976,9753,9752.99961237887,10686.7710106109,7867.39130434783,5507.17391304348,5507.17391304348
0,7213,6989.42997900119,6979.89717527036,7412.66655906407,5628.28073583326,5196.69941333818,5208.76335662647,5591.99420857782,6356.59903979043,5641.17538288394,5666.15753226339,5188.68738910639,5033.6387805042,4899.20090792525,5127.31106224356,5111.25303267193,5518.42373897502,5601.3708574382,6240.62018022253,6206.58329931608,6147.10159478764,6385.49788614955,6771.26093652268,6748.10517852846,7529.4483629992,8552.93436957865,8369.57548810151,8359.92588614402,8127.62092373752,8085.87881722873,8738.19180888723,9343.67413680141,8847.01382961605,8846.87121207968,9753,9365.30687938318,10315.2504257482,7867.39130434783,5507.17391304348,5507.17391304348
0,7213,6987.31665641406,7012.751539346,7491.4569392229,5760.58197258407,5308.84069906218,5308.56605783346,5751.00347808035,6406.85510691798,5680.04128009569,4880.55209848434,4852.88355083841,4847.56315166839,4841.91871199546,5295.46087636094,5301.53726068632,5683.71438660504,5620.19067859019,6031.65361411632,5934.79678229271,5888.88545537478,6230.06253672452,6855.14200588443,6862.72606372015,7660.25942862077,8619.87956744936,8353.60882204935,8359.80558539214,8128.17430719617,8159.47881720731,8798.63681945915,9482.73505248033,9193.11048599948,8536.6214776348,9753,9752.99908513757,10229.5988838747,7867.39130434783,5507.17391304348,5507.17391304348
0,7213,6953.72211691474,6925.10889613784,7433.82012485797,5787.92480961216,5359.94980350329,5360.29216332393,5801.58925375297,6495.9047774749,4823.39932898324,4555.45196678106,4855.56817415134,4921.05364138721,4906.63994228326,5079.64819428111,5043.59188642567,5427.32983736857,5433.16309501757,5887.43846103746,5902.25617694576,5882.32091597681,6307.87495641959,6727.18447764072,6734.14872379321,7584.11055970821,8598.25521654434,8364.5782126654,8368.40279269596,8088.62715359857,8104.28088707309,8678.91450850411,9378.86478377862,8595.28580484494,8435.10026167458,9753,9752.99999999784,10217.4636227315,7867.39130434783,5507.17391304348,5507.17391304348
0,7213,6991.91217391733,7023.70461692199,7458.82350351219,5831.87260642591,5418.54221369525,5418.03000146519,5796.0832628139,5299.6709808307,4591.52853253013,4575.95159931726,4868.84840455833,4764.32853057732,4699.92379209522,5081.51059029694,5099.13779034546,5478.16070724415,5496.94510152454,5934.79340817344,6060.59946148782,6184.51989959931,6571.88775371894,6946.79234689093,6948.62006819551,7701.87193240012,8586.96851006621,8370.76479646839,8369.86573576796,8081.89761546739,8076.68044355185,8695.94205258481,8971.45660487006,8839.63201458869,8922.0087283902,9753,9753,10217.391732766,7867.39130434783,5507.17391304348,5507.17391304348
0,7367.51902587519,6910.97221647158,6914.15387008483,7367.03551341883,5589.93238040521,5130.07107189503,5130.88469079713,4491.61314236746,5119.42610370755,4492.0336706444,4467.43719655692,4822.48304518212,4802.0006367525,4888.43972618524,5307.44016491153,5353.08589164721,5691.55020145261,5688.31754931554,6169.15458306336,6189.20691777808,6156.03825216225,6398.86526749614,6843.6733174315,6852.65469940797,7643.52346866018,8557.84294462987,8369.06582110165,8362.19441460796,8117.18569280339,8085.87985215704,8745.8796979863,9199.80377671048,8891.45842089301,8890.68232393768,9751.32221590521,9683.02041533744,10217.3913068858,7867.39130434783,5507.17391304348,5507.17391304348
0,7378,7066.55073958654,7053.82878362457,7488.94241101049,5912.44976618908,5263.7908549351,3830.87616630505,4321.3186023127,5034.58710307154,4450.91805352649,4478.46811652245,4944.48703352709,5043.52906530618,5148.55182431513,5402.21646244931,5432.15429038887,5777.39258634455,5868.03407232358,6424.48516576753,6463.44618924282,6502.06154713176,6763.21090484833,7030.16415377559,7050.14984007752,7769.87775532114,8579.72406907662,8357.44437136174,8367.20837808814,8094.12146079455,8141.07911291313,8733.8170413616,9212.32694761914,8734.22346999123,8646.10356596414,9463.6077532588,9445.38918670461,10217.3913043629,7867.39130434783,5507.17391304348,5507.17391304348
0,7378,7078.58427650491,7097.66005159088,7453.63373793745,4678.16704874586,4069.78367776028,3973.82749481934,4357.85487077276,5159.74952522242,4619.49563720083,4683.42004206114,5149.60956397815,5222.73812212095,5334.523848572,5695.15142079813,5705.64787535052,5939.96367064453,5917.89797336966,6337.83713476312,6291.05590932261,6301.97555098718,6682.50864803278,7119.73241159574,7090.58871385717,7726.6258481172,8470.60272132557,8374.35162361066,8378.40279269593,8042.62715359872,8058.28133061882,8670.07040396389,9004.51637499335,8846.39132285121,8866.54023168307,9612.65416524861,9563.91928458955,10217.3913043479,7867.39130434783,5507.17391304348,5507.17391304348
0,7378,7031.92759583645,7031.9289220742,7366.56651024967,4395.92773900045,4094.3548706939,4192.99682053882,4590.82909061319,5457.02161151736,4929.4013781735,5032.26403141284,5458.71797188626,5335.84631001869,5330.62246329191,5583.94726293305,5572.90433141273,5878.04857421138,5829.78305979543,6253.96189631643,6183.95269455736,6104.84314820685,6432.71111596694,6828.41379375214,6827.94721196606,7617.32992968358,8515.41135261348,8380.75721128302,8376.46294307193,8051.5504618691,8030.68044355645,8693.6278275411,9159.17038623686,8307.33952315305,8040.50625074943,9184.68807087371,9109.98793921116,10217.3913043478,7867.39130434783,5507.17391304348,5507.17391304348
0,7378,7019.20822711611,7031.92600009994,7195.83047820616,4624.00555889145,4325.38880124453,4426.93790388538,4785.6449439769,5757.32739150616,5131.07549474531,5134.58848307027,5389.31494404542,5218.68230597454,5144.53794537191,5419.82451929923,5390.73021468385,5656.88095038264,5674.87419538044,6198.83108864432,6277.90426526088,6341.88762684265,6683.06164207016,7002.03183454672,7026.57134828308,7774.26377224624,8604.09102666572,8373.28665116688,8377.53705692808,8046.60953813085,8067.47940861437,8664.74418469839,9006.61538731164,7940.35732103754,7877.94442413588,9163.98232396465,9199.14748976674,10217.3913043478,7867.39130434783,5507.17391304348,5507.17391304348
0,7378,6994.46195038447,6988.1039480939,6916.14701184077,4843.60313685805,4511.74457077356,4565.18832323783,4892.91707592539,5747.18646756688,5056.55781763236,5037.05110611332,5341.00561805817,5241.81409411888,5289.79230771064,5487.73174567445,5511.22019508528,5808.89011813574,5802.51676396586,6309.85340197758,6330.23785426725,6356.63377067664,6764.66416293742,7192.64816727695,7196.19045857771,7889.1179466311,8649.23563753651,8380.71481715123,8379.86573576795,8035.89761546744,8030.6805913841,8515.420061583,8346.75556706587,7952.53391351696,8071.79991188578,9346.96474300102,9382.04684794441,10217.3913043478,7867.39130434783,5507.17391304348,5507.17391304348
0,7378,6994.11625190568,7010.01302601968,6791.56760453701,4930.89791503586,4561.40391427597,4576.86492649591,4845.56932103734,5707.73825422932,5049.8973528683,5080.30116590241,5400.97802582297,5308.70257007082,5326.42640036937,5536.60321413119,5571.21899710586,5920.21577069369,6025.84965575122,6581.00953794701,6672.91532885502,6734.09590244114,7108.68379685229,7159.1515462494,7175.61318400328,7900.91828890386,8675.97498311945,8379.06414801825,8373.32867883997,8065.96807733615,8039.87985215856,8269.25648912076,8583.14191712008,8456.42431700162,8599.28024653751,9380.040827526,9469.06648355155,10217.3913043478,7867.39130434783,5507.17391304348,5507.17391304348
0,7378,6926.62034076428,6779.14318126613,6748.09283099812,5042.18758048612,4692.38619860629,4722.3843739686,4958.43548617563,5913.89391186404,5302.94930846019,5342.80716494474,5512.76466355209,5370.41575370666,5478.15351218635,5957.83507399395,6029.17193691515,6353.89787753129,6415.12611196208,6860.94584113076,6921.52258442486,6960.00750562757,7172.23215737856,7150.62483075741,7109.31713545828,7782.18844338967,8614.73495171075,8369.37062069334,8367.86573576804,8091.097615467,8085.87926076069,8495.42468510664,9002.52724219004,8893.10982654166,9092.43191418996,9711.92510755703,9753,10217.3913043478,7867.39130434783,5507.17391304348,5507.17391304348
0,7378,6862.99128032399,6580.02019660118,6692.786167482,5058.69284693456,4690.13649539631,4738.06667662037,5109.79127272054,5964.52358604769,5277.210744284,5312.57320993468,5693.13779671091,5667.30819999397,5821.38294458637,6183.63229796386,6200.60734543773,6370.60936356358,6283.98801218179,6620.2985999384,6417.44767663571,6263.25110659606,6492.42229642916,6937.27061869451,6954.3999618785,7781.51100827052,8651.43692374464,8367.08610137977,8377.20837808809,8048.12146079479,8095.07985214479,9050.9042913337,9457.53489241685,9264.7531709201,9166.25520049473,9565.48482812442,9384.16414926162,10217.3913043478,7867.39130434783,5507.17391304348,5507.17391304348
0,7378,6900.79757076659,6520.80460066791,6717.49129653532,5208.40555429486,4847.88511278721,4906.68893735202,5225.23240621587,6139.44862903666,5504.20969470617,5577.06438901523,5919.27329464457,5849.14776074578,5868.52045434568,6054.31962608782,5972.39770812643,5921.5619133562,5849.97175077708,6263.78175091288,6298.82596331467,6350.76554057444,6704.45804815627,7093.98900547358,7118.64128660719,7846.16837418053,8658.52188522065,8384.33963033839,8379.32867883986,8038.36807733664,8012.28133062647,8637.65190349238,9036.98646246215,8250.52476421644,7922.05711542068,9164.35827883121,9101.41383215455,10217.3913043478,7867.39130434783,5507.17391304348,5507.17391304348
0,7378,6498.38953620054,6491.77788664603,6791.15205792011,5405.09974505938,5052.91827303312,5171.998460191,5532.0490988045,6373.36032642024,5685.06845007874,5718.42107350986,5992.06700116026,5725.23141229002,5583.41183576949,5663.60890958353,5636.3976333692,5830.82022022035,5887.09186179888,6420.05634396508,6567.60961777438,6649.63471132634,6942.33762653278,7249.24310452615,7239.32143418564,7892.32042799711,8610.94431776518,8375.34636709064,8373.86573576804,8063.49761546699,8058.27926077599,8556.80927547539,8465.19087090662,8004.20086990774,8019.64098681684,9122.03151410819,9155.02897867313,10217.3913043478,7867.39130434783,5507.17391304348,5507.17391304348
0,7009.15582045638,6515.12341560647,6531.77170462784,6934.53494907788,5678.90046126308,5296.09462368978,5380.95475130324,5677.92943304011,6398.25046405,5603.91040000329,5524.69515607359,5666.78379806371,5463.34491480746,5410.92566765746,5782.25509290628,5866.68046251382,6244.13345810287,6329.70845078353,6780.77861330802,6765.49799352899,6766.64722807624,6988.99245344347,7292.51036189436,7311.472682812,7980,8667.73224660858,8373.08528947793,8374.13426423202,8062.26238453271,8067.47985214479,8288.11061846008,8529.81340608373,8354.34467970562,8504.3311127015,9319.52626355181,9400.6598053143,10217.3913043478,7867.39130434783,5507.17391304348,5507.17391304348
0,7034.69448748542,6670.46338363747,6712.15141538664,7157.48551072077,5824.51224374243,5383.4637318914,5337.63221640395,5537.57540001107,6233.2216265082,5499.35732386024,5514.55719234923,5804.17578520356,5680.1652902527,5891.59648116397,6279.26802517303,6334.15255363656,6436.54015983527,6422.53456331166,6766.27311003342,6671.03252336998,6687.37990636544,6962.8676598891,7323.83673014955,7324,7980,8568.75546719682,8190.78823749353,8085.49188739612,7770.88549364814,7920.18590524541,8494.32488400659,8856.7438175743,8700.23970590758,8823.81498487559,9595.44739702988,9659.80275759871,10217.3913043478,7867.39130434783,5507.17391304348,5507.17391304348
0,7230.61403223535,6849.82589379514,6885.10620660352,7297.00566918325,5678.13831976971,5226.4348784308,5183.97545486831,5477.49379360205,6263.80865805867,5575.18328725864,5634.69562618896,6048.93966845193,6045.52038800429,6194.90405228984,6495.4882914676,6492.8658357172,6456.05663493413,6450.21455897758,6855.56944816482,6808.39643463363,6796.42137550301,7044.10708911938,7323.99921431901,7324,7751.86646626412,8395.21273042328,8126.41179313116,8234.61354192954,7840.51291184632,7836.59554003234,8233.84073316615,9086.44246046602,8813.93272766638,8879.76263967689,9722.48395814478,9700.08129939649,10217.3913043478,7867.39130434783,5507.17391304348,5507.17391304348
0,6718,6966.88679403694,6987.94233916661,7344.0963744172,5626.88666864625,5220.03156774007,5287.60621386825,5644.02946851938,6505.78586065571,5843.65880163118,5938.45265811205,6341.11280837746,6136.14829071708,6106.50400976303,6320.64957693158,6309.1227254008,6442.75298623133,6476.19922334573,6939.25691109857,6864.99406176101,6897.32197681141,7199.81693001796,7323.99999621918,7324,7740.04855842185,8181.62226640159,8007.04705882353,7938.20000021781,7610.44973721537,7579.18667558561,7973.86368685802,8236.18534372741,8921.26923492753,8860.0962980634,9501.80078741182,9450.36579356041,10217.3913043478,7867.39130434783,5507.17391304348,5507.17391304348
0,6718,6268.26705533526,6998.23611858151,7424.75256662731,5881.9231559572,5508.48279331923,5654.28167181395,5976.67798375278,6797.42940665356,6057.22036225894,6079.13245783169,6310.80706456883,6095.05972513192,6100.92515197597,6383.72871637441,6413.32177964111,6644.78092567883,6713.597616522,7108.69655532789,7050.96551532949,7078.81099891723,7280.05569255397,7323.99999998181,7324,7731.96358118361,8224,7973.96470588235,7983.79999994516,7656.0302975083,7687.3275635478,8149.00033536807,8222.77464378753,8016.56671998486,8622.66147733494,9419.99524950357,9461.34173649842,10217.3913043478,7867.39130434783,5507.17391304348,5507.17391304348
0,6718,6275.96173681254,6275.9615180877,6494.57066980315,6249.47438895308,5843.50779302649,5950.37293290142,6228.41552930962,6874.94578196177,6083.93727157196,6084.64736015911,6322.94699607978,6202.95645183327,6286.36726463408,6569.70392943937,6602.52904790499,6762.96935846659,6633.35685273598,7004.58122886009,6870.11757131263,6851.42141171935,7061.04707767525,7323.99999999991,7324,7687.95144157815,8288.77137176938,7948.03529411765,7938.2000000528,7615.66731857491,7579.15395519595,8042.85006803176,8272.98503746295,7899.9146786933,7900.84761416864,8583.70178871629,8776.41263119652,10217.3913043478,7867.39130434783,5507.17391304348,5507.17391304348
0,6718,6282.32088646023,6275.96199998352,6489.30339781526,5441.56232530202,5971.92076902255,5994.07087073769,6282.04758300052,6916.4292953203,6148.06845621523,6183.86912591151,6516.78071318844,6290.18288222318,6278.4055408463,6442.40676482036,6400.40919027163,6380.18484609283,6460.21779755403,7075.80834099019,7078.15025153711,7074.58658612356,7260.15653469881,7324,7324,7728.08497723824,8147.22862823062,7947.58823529412,8006.60000003647,7698.4815417892,7719.34761688802,8113.97572750584,8376.94624327535,8034.84674983219,8034.30833446836,8587.79388082565,8696.41249761872,10217.3913043478,7867.39130434783,5507.17391304348,5507.17391304348
0,6718,6297.87346804239,6297.87302595305,6520.55476177003,4915.0124047258,4543.45514507774,4770.68667187086,6333.52044036188,6953.79446477167,6137.95851332461,6127.83455812122,6481.9111796089,6262.05789728336,6268.53437586663,6487.73650599915,6515.64882445015,6569.54796384908,6567.59784840779,7033.15032520528,7018.43341369086,7037.78443311432,7302.72216043949,7324,7324,7627.80576631259,8224,8023.58823529411,7915.3999999194,7549.5470652115,7591.28843086146,8000.65622984699,8181.47807818358,7894.27101415517,7894.6254456943,8330.50608318976,8382.20853759408,9168.51995098371,6925.34602344206,5042.96514410092,5042.96514410092
0,6718,6291.51511351257,6297.87399996669,6502.48421498407,4926.96645698543,4564.99284565486,4564.96932235876,4865.98507251334,5798.21813158907,6145.18032499482,6151.26869577727,6511.72908880278,6344.76883563138,6417.40597746972,6696.64791339739,6716.50639020743,6710.54838902873,6733.58782244176,7195.24808854671,7135.73168858418,7145.20476847257,7344.25043905797,7324,7324,7531.95144157815,8043.19681908549,7720.70588235294,7858.40000025798,7518.35704767822,7450.56098298058,7860.17479957808,7971.05759954083,7786.95260976366,7788.92520089321,8224.70129451198,8206.69739216184,9030.71699532959,7007.10716082524,4908.24710279234,4908.24710279234
0,6718,6279.14197519223,6275.96297404695,6502.06080812284,4869.33809653682,4487.55873456941,4487.74304909545,4812.70423368342,5679.36310997999,5011.1172701193,5012.61089548895,6592.7770441251,6423.11997314988,6437.17156313239,6660.68605386469,6662.36508431794,6720.77460498369,6724.17585158015,7178.81579161317,7102.34457432882,7123.00544958631,7298.98613562385,7324,7324,7556.06069802731,8029.59045725646,7703.94117647059,7664.60000008534,7467.92817287144,7415.77010156216,7804.31544035089,7962.48548970115,7554.24549552267,7555.47701011793,8217.86718573736,8036.94133428818,8537.91847515796,6813.203028552,4771.64303581335,4771.64303581335
0,6718,6290.097177274,6286.91751300984,6504.82020891081,4972.37829878113,4619.04941899754,4618.85569234567,4874.19120591189,5874.01650712342,5162.27265200559,5161.38614376701,5460.90893006434,5568.08568407797,6529.54822896992,6739,6743.43376731906,6788.71053857882,6762.2792904342,7225.66010074359,7158.05968097863,7141.82626415083,7285.5727792037,7324,7324,7584.01213960546,8125.59045725646,7830.90588235294,7801.39999989843,7573.74374685767,7651.98534195835,8065.85564616321,8358.82903028494,7910.77546556638,7909.07997915847,8486.13728667054,8664.71407519681,9224.98991721765,6924.86433771706,4843.42301490148,4843.42301490148
0,6718,6297.8737340121,6297.87351295987,6533.99395074353,4876.91151090051,4488.50006389626,4488.59320210278,4758.46989601642,5727.88744229297,5063.77935017116,5064.33580110972,5305.96480313465,5273.62909425212,5220.14071858246,5413.47300927708,5395.2600897459,5681.35071968193,6480.23477128276,7008.24008523383,6883.16299442829,6870.55290994638,7182.23111504876,7324,7324,7620.04855842185,8061.62226640159,7930.37647058823,7881.19999996835,7570.25922383899,7559.81836969577,7991.81252839726,8114.63064921985,8053.86009061661,8053.5724436588,8404.94396951327,8478.40022910774,8868.4659174217,7039.8913210164,4927.6953360137,4927.6953360137
0,6718,6294.69455675629,6297.87399998334,6513.7288386739,5001.88723906044,4652.39192121317,4652.21252827443,4888.34374130887,5861.7248774156,5220.93969712188,5220.0373822581,5445.71920544228,5289.7290990304,5353.00531433804,5587.85807453148,5586.43766913115,5751.46598682918,5808.88569831895,6236.38030771982,6350.94307972968,6845.81411148914,7116.16666349547,7324,7324,7539.85432473444,7924.85089463221,7854.82352941176,7903.99999994805,7529.83337482155,7602.87427843684,7997.50104459995,8110.8911081775,7743.55479463391,7743.22444817593,8181.48394572958,8069.18075139172,8538.17696664037,6449.50419304789,4514.27456195432,4514.27456195432
0,6854.72592592593,6305.99492538652,6286.91848702347,6508.381382557,4832.82115418352,4455.3067343691,4455.57225288134,4743.37237534011,5585.88532769145,4928.77285470712,4930.02063899253,5231.31286769753,5059.23039670778,5081.72498747156,5308.63098484005,5362.90510396928,5457.32461141132,5456.80381881942,5931.67044173776,5843.22526920183,5842.45875055367,6040.00031763035,6139.48273817125,6231.15195131565,6455.90319647629,6749.0031750991,6585.32197294965,6761.51989990003,6830.27869614209,6967.96166121364,7437.70545939757,7795.84878355714,7309.27123830117,7313.92408543151,7882.91162175346,7899.90429325827,8615.67610875479,6519.74472010301,4573.20956882958,4573.20956882958
0,6864,6482.76627171636,6485.9404916906,6736.56237786004,5100.40059091099,4722.10464812912,4720.73435747597,4955.29682668911,5913.00959067515,5213.83063264027,5208.97701335188,5458.98933257295,5316.61139935395,5281.69727358076,5263.9921011359,5273.6844107547,5314.51325856292,5337.71576333577,5697.23013046051,5753.25147048267,5743.99945818023,5993.56846382493,5885.78216692155,5939.07021594136,6061.91067945937,6484.13298974614,6292.43840197841,6305.9926111698,6228.49651446757,6356.23700696315,6821.31755317189,7036.25046549798,6949.03134949242,6959.83868567589,7542.376098527,7589.13788440331,8519.56295425969,6472.65341324981,4541.73495343751,4541.73495343751
0,6864,6465.45793605999,6474.99648662986,6731.70400539007,5071.43790875865,4679.01475509535,4679.1119440533,5010.50406007059,5848.98753363878,5150.90198980235,5151.30293532634,5418.2949193623,5277.80812849294,5185.1961661061,5167.22116574212,5133.81437185818,5166.14798677893,5138.4439128582,5589.42172986764,5497.01278563998,5509.83272959716,5845.20709746275,5756.39378624056,5710.14602857532,5885.40511433522,6219.33399399197,5917.3578778861,5976.51232165563,5802.91051157301,5829.18756364828,6190.98558112091,6670.46704933477,6336.34577330284,6358.16411369745,7247.86497600846,7012.12714602515,7834.19398193587,6191.36314406187,4342.07932776588,4342.07932776588
0,6864,6448.48768441475,6442.12946108707,6668.69287888465,5091.35233728349,4732.18299916835,4732.27413212224,4996.87435311854,6027.23852345526,5348.10937042834,5348.3033916851,5692.59788134434,5598.0706579947,5691.97410583375,5729.04803158982,5752.19945564472,5785.92195769226,5783.35420718353,6284.95122739573,6117.48967096535,6089.25573664415,6270.52660837987,6368.94976562535,6322.29213969577,6473.21682845681,6878.99802976036,6622.01297095574,6588.1103403314,6297.55268993424,6240.81529543933,6632.04290463481,6696.02709614548,6514.82315670358,6479.86229141736,7480.70107100247,7481.71272582903,8395.20657193331,6276.87748728177,4383.81115247366,4383.81115247366
0,6864,6473.57779777353,6464.03902600302,6706.15893391832,4982.77554881381,4590.94786935004,4591.00286943828,4896.67466634619,5813.69138624661,5099.82103847139,5100.27396673256,5425.4413898432,5251.9272331395,5264.20430066269,5324.64370490272,5263.99924801102,5353.28135564221,5359.18088106161,5831.20085418722,5878.14696230133,5880.63810110447,6091.00750037109,6108.6704619003,6146.4502000558,6329.44236698841,6884.70070326072,6569.34829247068,6539.05288572979,6336.02748292794,6352.95850270455,6800.05011418522,7204.20882022674,6805.20598189326,6802.24035438631,7933.37768344913,7753.44619450952,8429.94244889421,6737.47905963521,4714.34201606647,4714.34201606647
0,6864,6468.29221293382,6496.90653889627,6698.71140064911,5117.50129628414,4756.28026039046,4755.94995551002,4964.41463096824,6049.08674665154,5386.21686010289,5384.8190087048,5668.85828333807,5553.82514413731,5490.13836841105,5710.18802361794,5722.32309203697,5738.67106289617,5743.69175653863,6057.37486567186,6123.91759823474,6137.28533319038,6335.81598950896,6260.24779456,6274.54732243991,6406.50983436531,6730.0570158357,6692.05495361341,6709.7230707608,6431.4992080557,6421.96350250663,6803.88307037684,7296.0689942191,6861.80366227411,6857.53382640041,7992.43794317796,8120.47113997656,8862.78428722546,6664.34945106562,4666.07838530573,4666.07838530573
0,6864,6417.38305318968,6398.30838316129,6579.75132461996,4865.29520222206,4489.98039750712,4490.71994053795,4736.80796972476,5592.70511142779,4975.68795716161,4978.61659337177,5250.90734637009,5171.98520975129,5184.2482689046,5404.4467567009,5422.4500866566,5479.55984901322,5496.55582723572,5878.52794903747,5761.16188132851,5793.34050370369,6088.9259199162,5941.78123173481,6001.36693392776,6165.1582154529,6610.90687636052,6281.47856361578,6270.10582323106,6035.41834553699,6046.00990694833,6508.77341471231,6686.87086498006,6829.69036271202,6860.14545371331,8118.93907920339,7952.18808984122,8960.79834021571,6785.54208898213,4757.15305835647,4757.15305835647
0,6864,6473.57673391289,6464.03707800907,6706.76508132141,5018.34075465686,4634.31390169688,4633.85711246373,4921.39620850716,5787.85890397572,5065.6243354521,5063.85458014801,5365.69623841079,5238.54339240241,5281.93194239885,5444.83187151826,5428.764593399,5451.44731776155,5439.73050838884,5883.98761224192,5683.11432413275,5685.32715859719,5929.70459978985,6034.89882683413,5822.35331366549,5914.81307367497,6368.44537504868,6181.34664086877,6243.37439894931,6092.05237246814,6024.9574976332,6556.38602269969,6804.38559158308,6335.94293073167,6347.71648978672,7545.94476201028,7802.87432794917,8389.40438956686,6835.54581037377,4786.30459564205,4786.30459564205
0,6864,6493.72775877438,6496.90653882964,6744.19795965023,5100.03616238833,4723.52380984774,4723.27691622888,4997.24733751398,5975.44112658938,5291.57476354741,5290.59641352394,5600.6575509805,5528.70533997926,5409.24208810115,5607.73164064642,5590.24245068727,5646.4301838963,5599.03585216246,6113.68787441436,5887.06942597879,5862.40242480493,6062.87476507026,6221.54641756128,6365.26537995206,6426.69909405631,6854.66123738559,6630.39712277109,6508.24639208946,6335.70683673705,6403.67864224591,6844.25532990038,7284.13127806775,7006.38478979602,6978.26736258015,7580.62913748048,7861.26934989777,8487.81861550634,6320.83322828926,4412.85985199491,4412.85985199491
0,6864,6485.95226595151,6485.9524869735,6733.31860825824,5053.6381640344,4668.59547818547,4668.70542183417,4983.49986744211,5877.45888656344,5205.90750558124,5206.3726225889,5545.82024939086,5434.36338822735,5556.88986748188,5765.51860542677,5810.66585732882,5912.59299591055,5959.8228157743,6391.17476369478,6352.68784779607,6346.03415458019,6600.55968800733,6505.27302942095,6464.5019750802,6579.33666769193,6799.38912144629,6690.57289578734,6763.45208361651,6514.38768022547,6407.47643552093,6832.82009443302,7008.90169511544,6771.12288757988,6745.58415177148,7611.14226498717,7142.25009746376,7762.20019283874,6119.38829598151,4289.14766511737,4289.14766511737
0,6864,6450.9781244283,6485.95200001666,6723.90361293774,5102.48188555137,4712.23246789667,4712.18468801257,5001.36736249622,5970.1187322433,5257.57221468821,5257.33180597789,5565.21447300869,5497.34080656808,5429.5390122008,5507.18087821035,5486.33410483011,5540.49873536116,5497.81295922437,6004.04241413279,5841.01760838047,5819.26142531382,6081.53332499888,6078.60172479005,6158.93140440871,6394.39593106779,6507.31051084221,6432.93511423208,6414.88607459902,6331.71154704996,6390.11459672416,6810.61930906936,7233.87499401617,6950.45393079465,6980.63366817668,7824.56336044322,8199.67277933943,8904.2510496074,6678.8541505467,4671.54284033411,4671.54284033411
0,6864,6384.51558517459,6365.44135725822,6604.15417585626,5016.08022120694,4641.52113208218,4642.1461192029,4954.34330426417,5905.30371447028,5221.79579410004,5223.97185751102,5493.02570949455,5374.95041166785,5407.88218382341,5553.78305866587,5571.45843933446,5695.89489350708,5720.40581978257,6117.0073966073,6209.16726539521,6212.5044071562,6446.20160896482,6436.1810299442,6320.24278381656,6577.04468326885,6945.9344820073,6459.5454721502,6508.326960132,6337.9637315099,6333.84096651844,6733.98147847571,6820.93157908148,6635.18228687897,6603.69893908737,6946.64034926588,7174.60714303206,7598.15912998299,6190.17593872242,4337.95600429359,4337.95600429359
0,6447.26686960933,6427.99096099261,6431.16907804239,6676.48310289688,5077.8961946499,4698.48633848557,4698.12519566712,5015.90576978801,5996.58033155663,5290.15975968067,5288.87096832538,5603.78060892092,5479.36827908412,5473.43372154982,5567.7900407987,5545.5403874169,5604.3145462554,5607.48581102584,5945.1618880246,5916.60082455435,5951.94100946523,6177.74091845422,6185.00439041483,6305.58453181304,6449.61814412905,6888.22710980634,6737.55479218611,6694.02186396806,6572.67013294263,6523.4119651659,6905.65708972334,7194.90067251276,6927.47851529093,6945.62084506812,7507.83163485471,7091.44581770199,7613.96884468822,5641.7422682238,3939.89474910109,3939.89474910109
0,6419,6033.0222177117,6013.95765714558,6233.93827623624,4741.13664250142,4404.28463213748,4407.03251168018,4642.21049433085,5760.17318470551,5098.41514261813,5107.54261078463,5421.26287492103,5311.34164341587,5393.92232618907,5644.35528826072,5627.18330427143,5669.60667617085,5704.30093983256,6297.12340234085,5898.68449570739,5879.93929442548,6069.76028137563,5943.13844648317,5961.11627694886,6143.85462008575,6257.89337658984,6150.79481433357,6142.55636892305,6060.47523053135,6120.57754006034,6478.5862026783,6713.47856934856,6382.7322318136,6412.52424474465,7349.77519308775,7401.86671699652,8112.80020410827,6218.14802805022,4368.82182205959,4368.82182205959
0,6419,6098.7420640328,6079.6640787709,6350.488857107,4714.03356761593,4339.27931266571,4339.05128550874,4664.24714230558,5621.57226795969,4949.13208772168,4948.5133887654,5254.00519774159,5156.11225443931,5037.34264412403,5336.89321358981,5386.28554318408,5431.43912495929,5391.92876377381,5813.8981267094,5947.68055874964,5958.94983007613,6179.91938184429,6071.86442569595,6004.71666867542,6204.54718710368,6577.4368283078,6290.1959948302,6316.09420868481,6234.0366034486,6173.783297501,6644.72979621588,6834.72918221806,6612.22525012349,6586.28988162385,7366.96917748399,7440.78107166586,8315.51194999087,6259.94626087942,4378.62634732536,4378.62634732536
0,6419,6129.5041878995,6145.40007775924,6456.03130660572,4932.45485386516,4560.895342743,4560.3541481073,4883.17451001161,5961.46321986458,5278.42408030252,5276.22926993716,5600.03333425697,5646.08921884679,5625.71211783986,5713.11327946399,5690.11367091983,5756.93692142471,5756.78919978665,6248.68644196624,6037.05101578536,5986.90025436357,6146.45919077497,6145.7006387412,6123.365647665,6266.25831373788,6544.51973086381,6347.6347112655,6309.30316481606,6240.25716446318,6270.52330122829,6697.13514784853,7170.86921981005,6770.67470955714,6784.12721922849,7421.37044198365,7501.10693594954,8743.47929034184,6507.30128149967,4552.92028953543,4552.92028953543
0,6419,6068.36822719712,6090.62543501742,6360.55550396846,4878.01134044834,4515.24685573597,4515.54582113264,4868.51507035712,5879.47465827025,5198.18678809527,5199.25082990801,5536.90674154752,5449.32327346355,5531.69666397511,5731.66017557186,5696.03747442924,5847.42955544272,5761.16585265047,6159.10054504476,6269.84114693512,6266.66222225299,6546.15270709631,6407.79256920972,6425.86230079196,6651.91822729311,7064.6433637893,6678.9490599064,6686.54130581716,6658.77371685285,6537.3422801533,6868.28541020765,7153.19329556301,7011.27824344918,6976.24807531408,7373.32223040774,7474.08731810763,8460.98289923332,6778.17318654256,4737.89032284499,4737.89032284499
0,6419,6010.75341866252,6013.9344092476,6269.96231247378,4777.61263766313,4413.34798879808,4413.80792301052,4764.1485881684,5871.11734010273,5151.48950129147,5153.1870374653,5520.61219117636,5514.28149069419,5451.30568324768,5782.46759713141,5798.30776592649,6055.48771443065,6142.28479591887,6582.79714061951,6477.30810193275,6517.57588387311,6737.43844691481,6735.61531808274,6738.58304815767,6985.04546540154,7281.31554149653,7177.77208848388,7195.01220259186,7110.51554275067,7191.7685674501,7538.29967279128,7683.55416197567,7315.71176873082,7286.64715419205,7866.7850393288,7530.21017438582,8520.97854420707,6437.68257105416,4496.59141732769,4496.59141732769
0,6419,6015.69303898096,6002.97548714008,6273.65881290663,4802.46347254536,4445.30406533095,4445.31878690825,4833.08438861397,5765.37343204988,5264.82794088391,5264.81392003799,5641.68808909543,5569.32497213918,5603.87895189844,5878.79805402926,5870.90747599204,5952.60718822724,5925.53296410739,6442.80808033199,6228.60050776662,6195.1466148688,6462.47146228511,6306.39648099568,6301.75555301954,6478.27601456134,6903.92347211089,6624.85129517779,6588.59700486652,6441.43813073116,6478.91862039152,6769.04627793128,7079.05496341415,6948.27427176027,6997.04104767049,7782.49528623304,7929.01988434843,8826.4159507585,6937.11441979844,4868.22815384278,4868.22815384278
0,6419,6043.61849285925,6046.79705192276,6312.77073862862,4828.1676467122,4469.02744345621,4468.80235488619,4809.99953764202,5548.50148152007,4896.78132492221,4896.00175794965,5290.90482082041,5361.18950680998,5304.86176821859,5611.78636881406,5622.50853794784,5786.05249563573,5798.84757551902,6281.28369879625,6302.43761031058,6347.6607221401,6532.65310085251,6603.8330581954,6629.84934456303,6845.0818206816,7113.26814574185,6953.83536096517,6949.16410205073,6709.09120343768,6740.16867329354,7062.62252894296,7070.3681396747,6728.0948545864,6690.56904043955,7306.27648413915,7343.84393871704,8305.58226813164,6285.37176364001,4393.35929449504,4393.35929449504
0,6419,6035.84326594242,6035.84348695685,6317.23380177172,4807.03265046751,4435.948369779,4436.03439476259,4845.60160382223,5473.46183600986,4838.76767914641,4839.11255242426,5223.48753553889,5217.56604908566,5261.53721608505,5525.2163362607,5548.66702471557,5685.54381051579,5711.33528198629,6050.22790915814,6092.00165493985,6105.64383097951,6292.38200733899,6175.86364365935,6164.48996842203,6363.90723843497,6788.67273381239,6515.39712483799,6528.71963860797,6322.55416458244,6287.20712853258,6625.46854624174,7019.0734906383,6678.74616066435,6716.34153982215,7509.07158681732,7372.70917828339,8374.14476947216,6502.49534087038,4563.71180011793,4563.71180011793
0,6419,6029.48411353986,6035.84300001665,6345.8671935827,4886.44789484764,4512.3937886987,4512.31010610777,4978.01538636768,5687.80531188441,4974.89130639046,4974.47013775635,5433.42813786889,5372.73383567785,5398.54102403521,5567.93949816493,5562.4524244454,5676.26771063869,5623.94928717965,6117.9013900068,5846.99310187479,5807.56810900374,5951.05660746421,6030.98660135771,5966.18951477633,6128.04407280797,6584.45715437489,6370.17647537882,6356.45961842316,6302.21731845692,6252.65153202987,6493.68852850857,6983.20896171714,6685.99750398513,6715.7953958479,7549.63985017135,7650.38663514682,8628.22398688123,6619.66876024925,4632.96828038046,4632.96828038046
0,6419,6026.64930489609,6013.93197404695,6291.83625973508,4886.61645503331,4544.30677051572,4544.37142108374,4894.16839202087,5791.33286847961,5172.53033266802,5172.67916742725,5605.16161563638,5672.2880452508,5564.13924263262,5764.51907375742,5726.6833827642,5903.95749523563,5916.32849478027,6338.08534017088,6334.17148781427,6343.55723331925,6518.14492490303,6442.77504140979,6515.11023764908,6685.18454270357,7042.55303734679,6896.96388308208,6887.42504979848,6771.26616588887,6824.93222787405,7057.1366346674,7399.13451245058,7068.45099690453,7010.5424578095,8021.5559429552,7646.46430406705,8513.35818515338,6614.25224370138,4619.53964543021,4619.53964543021
0,6419,6038.67727669526,6057.75305193942,6307.09233006217,4784.38378907213,4414.96458605437,4414.90701272998,4808.44984296658,5405.9815671752,4816.62874767275,4816.69168456022,5226.24295109683,5254.43826657176,5342.78768664137,5688.13065436465,5706.26850464136,5881.8623217936,5897.54748477354,6352.18899173854,6235.4078120107,6268.32395895838,6496.27146044362,6419.86826810516,6405.51130932456,6585.37313609642,6940.96874673181,6803.46362167543,6783.12386560601,6609.18892583633,6556.57541617625,6940.68224278942,7119.81243087594,6986.07928027243,7001.62536545634,7694.61379157335,8323.26606444771,9273.0548347191,7048.54850270444,4939.5941805539,4939.5941805539
0,6024.74236428209,5998.37948230569,5992.02192207422,6234.0009080989,4773.53530455621,4423.13777792616,4423.42752338527,4826.63291295586,5485.04137511744,4796.57082695499,4797.50041126353,5276.28459708237,5256.57035048837,5247.25309548919,5577.16062864223,5551.11885218322,5728.30378081972,5712.95616902711,6101.53954707593,6010.7644554242,6024.03754588629,6314.62687742257,6238.48994329819,6214.55348393499,6390.34145480643,6844.67276463251,6525.29828502474,6588.41969256454,6481.46654162974,6522.44522221379,6886.71529020225,7351.36980629476,6975.52331967589,6991.6157363586,7625.62859317117,7240.71833031695,8075.88552908983,6394.91927104508,4477.55778625498,4477.55778625498
0,5998,5632.75043288637,5629.58178484733,5870.29046132501,4469.76712770084,4133.5659129576,4136.03112039331,4504.73496181561,5326.3343655769,4706.70053987762,4714.91831636462,5191.1730023373,5206.19412079433,5291.78560098143,5715.1569528637,5764.07293092008,5975.68446523684,5985.19840174324,6469.91498845674,6213.18975213056,6166.43891391484,6433.40300319709,6349.36307558095,6449.87614145065,6580.0395696871,6937.93813267547,6830.25310833782,6783.32439825668,6666.46073848159,6585.42790069556,6862.62984382381,7235.00446967558,6973.47980895677,6967.87180831806,7949.86841980847,7880.25242606597,8400.43192394228,6601.27473416029,4617.6677425268,4617.6677425268
0,5998,5624.61651829238,5640.51351379003,5883.17158688469,4497.23910260027,4153.88772022076,4153.81525905293,4603.22496481151,5284.94707338753,4694.36628969272,4694.09008417225,5175.7368444901,5083.67216531245,5022.62960850767,5323.18650678385,5299.50749165708,5509.20090426717,5515.40852698292,5976.59468112336,5939.14336063975,5993.55222768575,6224.43372320003,6126.12942481506,6085.8579135272,6264.97626595651,6651.00027490716,6482.81505898064,6469.07076995604,6476.12368903049,6542.86333406029,6850.11584019987,7245.25456557426,6964.7785655784,6961.87577891588,7953.86924630642,7993.40427886884,8573.89859521391,6506.83341967652,4559.39424629979,4559.39424629979
0,5998,5592.09421635419,5585.73643510074,5822.39768693794,4471.43491355896,4140.66721707903,4140.93060289462,4504.72722124937,5358.17322195862,4714.5877521036,4715.47251954421,5197.66712338994,5276.9615194343,5315.78406795048,5648.75830506812,5685.16673852822,5838.65200038652,5856.15681011552,6363.79801592253,6113.14194928419,6080.38954390397,6334.97862235741,6191.63179645982,6134.53558866018,6329.78080298044,6583.44774476083,6497.07281344021,6488.27528854062,6410.28836799829,6376.89760969295,6722.29886207271,7058.00755102158,6787.83892451095,6806.10684180263,7839.05806432528,7823.40529646385,8729.37078087962,6528.27584232745,4573.09869153123,4573.09869153123
0,5998,5629.9015707302,5607.64502603634,5905.13052538494,4484.98434360301,4130.46208790778,4130.37364858511,4551.83494033175,5247.62040581087,4661.35882212365,4661.09020294119,5041.84787230124,4958.2183442291,4993.63859482231,5213.7752973785,5220.92404738294,5385.88036852677,5370.37328755615,5835.9606715413,5767.55930246659,5814.11130565062,6125.70424437534,6099.68210302338,6167.64607888466,6416.05177470362,6829.94914476499,6627.40838619562,6662.06901456916,6624.12467548368,6684.01691406663,7196.1625231867,7434.12505607299,7227.11089560571,7213.75542199953,8032.79825227878,8168.34238406084,8947.82597068819,7010.93775965656,4895.6622194113,4895.6622194113
0,5998,5658.90059225321,5684.33459080237,5988.89270913528,4685.4785516713,4341.49800263911,4340.91858343208,4828.26094658887,5508.76736228443,4845.57063115307,4843.27186351322,5326.19598406444,5214.6075377801,5116.99749771892,5302.34998191277,5268.99102335259,5428.46065806987,5432.87567879744,6100.39806356984,5705.71249830405,5649.32979751858,5972.04343166312,5866.31548525732,5849.93947089594,6057.94458701184,6461.72665541738,6291.87424716112,6314.45308028467,6212.96767380075,6262.43084001138,6707.04881753248,7150.93720613117,6875.62677623772,6900.92292436919,7778.53447123072,7692.6464674369,8761.22202614708,6536.48889904489,4586.14800565049,4586.14800565049
0,5998,5618.9482304091,5596.69389607119,5849.99114622537,4516.5964555022,4196.10027459747,4196.65775993392,4570.75600586629,5440.95088588596,4841.42638903595,4843.52633945012,5366.67487936076,5403.07107807271,5479.72656755853,5778.83377737921,5772.05602393089,5895.85321986878,5896.24853312297,6382.62557628842,6467.99270221713,6465.12447227462,6819.76346845571,6631.33494748589,6610.98856295155,6736.62231693474,7191.27589632248,6964.10548434207,6893.23614916234,6725.38704898872,6590.79560206522,6931.53917320754,7065.85263900141,6895.97420672757,6835.38186708596,7583.59172011212,7702.42218279585,8455.63830044414,6795.24331192978,4748.52348683264,4748.52348683264
0,5998,5654.30347881342,5673.37859096894,5950.13025787178,4508.15307372629,4144.29387085238,4144.00200371588,4566.37139281792,5221.37821422752,4599.96114213449,4599.10945928374,5019.1787319535,5075.80880587654,4967.97400648047,5321.94381697608,5332.92045889688,5504.86630810954,5509.41274899394,5757.58844804059,5918.86791521503,5945.14821877203,6262.24856647929,6329.52838288071,6319.04771097326,6518.00131474036,6906.57775841896,6765.81619312324,6823.31411272894,6794.83420303889,6841.93335743384,7266.5265251227,7517.48671511216,7074.39408193853,7099.99509458083,7965.25002819678,7752.25471256477,8955.00607385513,6445.15224405047,4507.52579917367,4507.52579917367
0,5998,5623.54481198226,5607.64892202425,5913.65210154228,4599.30888270694,4261.9541894966,4262.12414931664,4735.01238041831,5435.82470409934,4805.56233362429,4805.88915381837,5277.72053244094,5302.09877744472,5334.78946004871,5618.94328678739,5621.57201506273,5779.04440145939,5746.63073978267,6128.93534615083,5832.72734767532,5813.90130283186,6099.75206308209,5961.26154252294,6029.20363262931,6206.2095638843,6592.46403677743,6432.41924512483,6407.4763310444,6352.49013560664,6355.15001799326,6745.80835021126,7072.38688076174,6934.66643832815,6977.48776520761,7826.29068478918,8086.39742935179,9324.98847349549,7345.55612506435,5152.83281474339,5152.83281474339
0,5998,5665.60411339516,5662.42356498257,5955.05532398877,4601.78697857191,4264.15129317056,4263.89995816519,4684.11200542787,5474.13048886584,4838.54748264068,4837.72294884938,5351.19609725444,5370.96682888033,5427.85669848916,5723.6560525622,5683.29808885877,5883.68961195977,5892.8000599406,6233.70359246828,6171.24225770594,6163.96407373171,6426.48052786178,6277.87815467137,6248.87712098068,6418.55199003016,6837.23379388106,6601.94407253568,6643.86266644953,6646.23101912416,6549.50029267218,6994.73097005902,7152.03275978543,6806.96701062173,6772.29025117697,7522.42898557376,7411.00147622463,8809.8465671638,6604.68422666609,4621.28353799458,4621.28353799458
0,5998,5660.66396103724,5673.38151289324,5968.74657425979,4576.42334125462,4221.10430365793,4221.10168101947,4639.04021239556,5380.05314171306,4748.44483499751,4748.51978790686,5184.97558243387,5235.63002353485,5165.88512156332,5564.25661787564,5619.89435645313,5804.95130485317,5818.87945341087,6302.04727492204,6092.70716248913,6077.55776032084,6436.81838029671,6263.40651336887,6212.01097098728,6396.6212824148,6925.49934006553,6561.72189698196,6586.97572118458,6686.05523851093,6688.74569838157,7083.17652207049,7521.03368951849,7189.07330268581,7193.02663693771,8248.51278973119,7992.38202183822,9227.67761494401,7279.35097386236,5094.66348209676,5094.66348209676
0,5998,5629.55906390613,5629.55994807724,5902.14808932798,4592.22949806454,4262.95419280893,4263.10751163131,4663.32080249551,5416.39099346537,4811.06740976331,4811.48670962296,5239.89252000038,5336.39779016356,5288.59636322227,5521.98774502635,5490.92879166805,5680.49703133847,5647.21636852574,5949.86174655072,6092.01715689274,6114.49705495745,6469.91118853756,6442.12574193117,6473.59395341179,6640.19016607998,7087.00687874516,6963.67093410474,6943.69047867883,7035.39736077703,7039.7129510032,7484.66571232951,7883.52941396043,7409.88941591054,7385.70261254257,8542.71050710209,8546.8397327783,9602.86263610028,7401.8608094144,5168.74839703567,5168.74839703567
0,5883.74956874683,5645.45521620948,5629.55800006663,5895.60638723656,4491.90066836603,4153.5215291864,4153.64127263401,4495.04942082611,5257.31154515457,4647.83385797261,4648.43629007684,5054.19339214796,5211.62061952004,5300.65234366144,5618.51606865883,5656.53697707855,5872.97961037639,5928.83188020992,6287.98813862658,6101.07144515045,6131.37859657376,6434.84460102709,6399.5684418529,6377.94241440955,6540.57713781951,6969.80773587605,6763.49134961849,6684.00990388428,6677.6728383477,6746.1047074555,7214.79342025937,7627.08182967692,7520.05681296176,7541.04900345269,8572.71748154728,8721.56796835394,9956.5281408571,7555.63297554791,5298.51203253,5298.51203253
0,5876,5550.69848582393,5572.95673964013,5854.96189693577,4494.30533039244,4146.74892295868,4147.15881721717,4576.79871283476,5201.33321834941,4591.32829905117,4592.56731941353,4987.5057441422,4963.53301481262,4960.92861440156,5203.70694716477,5179.3280709142,5314.37976904996,5314.8722629576,5864.52519362327,5560.90846786251,5549.37390712981,5842.45818776741,5825.59891911818,5887.05559922069,6077.31296105231,6648.17898785934,6438.19336935391,6498.13415742861,6527.05254912011,6530.42068798737,7076.08975080147,7472.98841098152,7154.85222442998,7186.68203307778,8081.41955977305,8183.10746310855,9469.29382860321,7318.35854833229,5123.45949489452,5123.45949489452
0,5876,5486.72353223633,5496.26340932643,5744.85314059477,4467.53420017817,4143.12176538706,4143.47412834622,4504.23335431746,5344.49987536807,4702.69825419633,4703.85449013991,5127.58254471025,5238.35476965224,5217.98090241422,5537.78530795111,5531.13584939109,5696.02400752047,5634.01941476783,6181.46220775844,6017.93020762278,6060.26174577061,6304.04174055084,6166.01859545327,6147.68244881714,6293.01940604665,6665.78629948481,6548.843023056,6604.42099337438,6558.38375313417,6589.77236058843,6983.59912916351,7271.63009174771,7215.80874463384,7185.51699553153,8046.91692603767,7972.48877250625,8864.13428486433,7124.7464270864,4989.70810746428,4989.70810746428
0,5876,5488.82834387705,5463.39346118703,5682.05365328793,4344.29054987484,4032.12268559472,4032.39344871892,4369.58955608174,5220.26868818037,4585.22772864428,4586.32594964941,4978.91823942402,5023.8235292756,5036.96344408771,5415.25824285945,5406.76507090429,5703.91589468477,5727.9128198937,6219.94082301229,5993.20714333069,6003.15143622999,6262.23198166807,6183.3653945373,6152.09522100227,6381.9230350913,6836.58974885243,6509.64878411778,6462.27811511665,6425.48740376041,6361.13087664683,6666.91045151276,6984.75815814728,6498.10665167437,6498.70422348103,7358.14707917479,7508.01396591958,8383.35220051997,6387.18975934504,4476.56506743668,4476.56506743668
0,5876,5557.39675866607,5551.03610386218,5773.71466008804,4351.16094089199,4024.73778392598,4024.34757049834,4320.35446339267,5214.98042077434,4646.90945037059,4645.65025427997,5045.0965326013,5105.48560326066,5149.39978882036,5550.51300104028,5554.58818493217,5835.57735563538,5794.15708956231,6240.05457928742,6068.29043892185,5952.77263420366,6279.63660239653,6095.30939260189,6139.84725188401,6367.13274687669,6803.35465591759,6678.87168359707,6670.22262619679,6660.88295382976,6670.97555798203,7010.76031240173,7434.36235880106,7095.98798733238,7107.97222183503,7818.90969373238,7803.72906119421,8653.97785736991,6682.3903018301,4671.03145337448,4671.03145337448
0,5876,5544.33647885805,5572.95102581979,5820.99835288956,4400.58870516889,4047.85660659428,4047.73181197212,4415.17050839398,5120.09309990183,4533.40661640561,4532.95517758367,4885.41142864222,4845.44081823643,4873.30271537643,5238.90901769215,5273.50692742857,5568.19983833335,5667.94279153836,6116.1537584963,6166.27012967797,6231.09912603449,6523.34375587803,6520.61129206477,6461.45137782006,6625.8021955839,7215.91317107464,6919.02296574721,6944.21057439635,6875.77554888221,6911.48934552056,7292.01592047867,7639.89012504884,7380.94621057424,7328.28386912344,8000.70851878372,7941.3063037642,9143.71469905773,6730.72487511161,4705.45958744949,4705.45958744949
0,5876,5474.35039379107,5474.35238317795,5688.23618486781,4417.91042152178,4109.31318578331,4109.6939723579,4474.0444458181,5259.18060896061,4642.39214869023,4643.5156061264,5063.5815818425,5056.79185513484,4938.91230059638,5237.9719901535,5176.84944195953,5276.07709038034,5249.97343384923,5787.56021316531,5624.26171969242,5609.67996577362,5867.51885660094,5861.0744726828,5893.89907137024,6127.56814743289,6483.47733779728,6413.13699022298,6344.04499572328,6353.44670553323,6358.58289153577,6795.80677863143,7001.3844844619,7016.44073615649,7081.33043440674,7782.03783364324,7904.94508344382,9268.57488558177,7174.55390954317,5030.39567171061,5030.39567171061
0,5876,5496.6041027242,5474.34800014992,5711.83455945382,4284.46890767689,3945.04122525985,3945.22094814716,4369.93824673791,5076.45978206907,4510.80481853462,4511.70875402161,5011.01561603585,5028.51512513157,5167.8563317943,5593.08690156128,5685.08262854324,5837.43912161754,5830.90663957456,6189.52431815455,6317.04436372437,6305.39570474692,6559.57879002428,6401.8422880775,6431.61527088559,6619.49508056549,7069.75447614326,6972.20532536309,6934.32846162138,6867.49655065299,6798.93553481637,7223.17787123679,7421.94099718678,6857.27396192225,6815.95702107187,7789.09373823801,7401.54892828641,8719.51106944718,6730.77108623295,4705.96792305576,4705.96792305576
0,5876,5538.32036520988,5551.03659083569,5825.66728985001,4492.96921104973,4155.87325309033,4155.29400543953,4592.93986186571,5345.81418776601,4678.86215517113,4676.56434114367,5176.0129175313,5161.48348035274,5052.0029440096,5190.87353266309,5139.877064145,5344.80234921799,5304.76788768758,5733.54101478847,5579.37171503278,5605.9897840553,5850.01502050719,5828.50044543549,5765.34430151883,5994.81002234859,6522.26145866486,6270.71105555479,6357.72411453187,6439.92912570828,6518.81697567856,7027.19395153262,7434.22232593442,7272.92275918408,7317.45863802191,8058.66770048424,8585.14697139511,9793.31733784072,7586.44324659609,5315.48877209756,5315.48877209756
0,5876,5513.57595032079,5507.21794797729,5801.2926482596,4455.40280142774,4110.72632524975,4110.97496759292,4519.30818131919,5360.54090800004,4761.9907351807,4762.88921191294,5199.68566725413,5233.2373744721,5338.66206628338,5642.57839399855,5630.49549856362,5860.66538541655,5885.87146770301,6491.36102751655,6181.31821842585,6148.75885115147,6470.21805571332,6320.044570019,6312.63977288761,6487.76221498766,6946.19618701124,6803.37933303552,6785.06150198939,6672.52748476685,6675.18532743287,7086.41800121784,7369.43975411034,7040.52135817755,7007.43532754211,7493.76119404835,7349.24962207292,8690.93907774097,6612.11867223612,4625.27996978489,4625.27996978489
0,5876,5519.58913837492,5529.12702601968,5783.63940706992,4525.09398351896,4209.83979216246,4209.63170982769,4601.56473701048,5376.68538083548,4752.42373487103,4751.55335228249,5171.95948991403,4968.19019401502,4980.27021050104,5328.14293574065,5326.97159468512,5535.99692847747,5510.79024122738,6004.09484690289,6059.55696821872,6083.90447638243,6352.99835883551,6413.04774045411,6480.49595844347,6687.77069014234,7124.35235501394,6967.24846526905,7005.36648566768,6977.4490538167,6890.06062234587,7288.21204314864,7642.39606921758,7333.30798428744,7303.71691669339,8193.5824760079,7805.89139498943,9097.80399127155,7029.01623400267,4911.24831641838,4911.24831641838
0,5876,5515.33745732594,5496.26146103711,5710.28724437332,4320.3285285696,4000.91506952894,4001.29311064761,4307.04131220635,5154.48460500459,4580.2760343593,4581.91353889404,5027.13427944066,5063.32480154461,4973.96250436401,5354.65659283957,5360.77746983603,5679.204955151,5658.30760290179,6002.20831560265,6026.72113685191,6054.57698748632,6413.17728665996,6119.92934609945,6128.52557605649,6308.54652909175,6612.6040280022,6555.8720127459,6485.34065676678,6516.94472408923,6574.63640133703,6946.63584417011,7099.72825628687,6988.04155228422,7017.07498972211,7905.66602061631,8291.77808967118,9386.25205552878,7397.10201876241,5193.03486278203,5193.03486278203
0,5428.36306443429,5536.5588582775,5561.99307790913,5780.64850046821,4375.00897403632,4036.23461270706,4035.89720065301,4363.44981478299,5052.8321198018,4465.89235358967,4464.72347905353,4815.90331333431,4894.1687207503,4871.77079636219,5238.05405393984,5245.7981080163,5606.24068141899,5629.89383825115,6034.98766544538,5801.55598973604,5812.55332943534,6158.62345959755,6101.68320380348,6095.85645902357,6295.51479874122,6701.63351613844,6401.60420514159,6492.49020664858,6364.52578617241,6458.07919814182,6768.23986458435,7103.1808532871,6705.6430939087,6720.5803242686,7139.88409984316,7383.45377422055,8337.12455194932,6494.60529853949,4545.69587179098,4545.69587179098
0,5398,5069.74591238616,5037.96600702299,5290.75621087071,4032.71850249947,3729.4770895676,3732.76337131485,4125.41730657443,4901.45755054804,4280.13117768629,4291.00938620473,4723.24723938607,4771.38419788585,4841.65685463153,5223.2239825677,5253.95784301431,5561.05298190788,5597.53349283849,5920.63334451066,5852.52148360229,5837.25498236799,6145.64658411352,5989.15619570004,6015.18414344365,6171.22091874329,6642.31116099342,6477.00457237193,6376.46330642642,6267.96033026692,6156.9366707,6573.17877227608,6613.67669863501,6510.27303873854,6516.21288142074,7023.25103446134,6786.75360636673,7711.06575291705,5967.83659193395,4182.2120119645,4182.2120119645
0,5398,5122.05579493285,5147.48913085998,5409.43544554429,4167.44160006398,3851.72530148201,3851.09311478233,4282.52655126684,5143.36518982867,4560.27206804165,4557.9716078114,5054.84402097026,5074.9336153032,5045.59211254268,5318.25180837114,5290.2209387794,5506.71660881375,5478.74914273587,5870.01092375629,5665.38328315548,5615.00714436677,6033.15141075987,5813.54111654536,5723.03142205869,5847.09907874619,6406.87698381749,6228.27063248601,6216.93300555052,6218.52882311223,6300.724795357,6794.98365384235,7199.69153655826,6727.64840185308,6754.18987180562,7517.67120452419,7443.38310749007,8359.74646977988,6400.28510681724,4479.09709849445,4479.09709849445
0,5398,5072.56590067798,5059.84989602126,5319.2197267658,4089.50132168404,3782.89163850799,3783.36533470791,4196.80473079354,5066.31514020645,4502.43647346674,4504.11531439535,5008.7187422953,5039.611445754,5106.66959636654,5474.79365204542,5476.20422545608,5692.91778816293,5742.02810943876,6260.6009927314,6090.87831710362,6108.8190538047,6447.11437066704,6527.20276961794,6526.7186562221,6717.19748590906,7102.84762084889,6973.71356456636,7034.68611345102,6891.00662676228,6839.64679511112,7324.68695670283,7618.69596873865,7339.43236618443,7278.56717115742,8100.15119075887,7928.71428752746,9345.69681526676,6748.11028335006,4705.9084723182,4705.9084723182
0,5398,5103.66893615754,5103.66805203936,5373.66593242034,4138.55648881742,3828.11090513074,3827.8622059693,4220.80200485488,5038.40718057296,4453.33761203108,4452.43880715668,4902.86465688652,4841.05626907635,4872.68588361609,5210.8705335655,5243.49746679025,5367.93012396567,5370.47273518992,5889.75398709265,5825.29363185487,5831.8535087866,6151.21719922868,6173.81317150322,6158.54459231647,6382.41449428023,6927.95580570443,6710.51554140827,6731.53939900818,6652.0330503212,6699.32226027099,7195.22838753201,7434.4558704696,7342.33000601727,7361.88724186587,8040.38707768442,8318.09585276179,9387.49921500807,7682.03898348503,5381.36477180412,5381.36477180412
0,5398,5129.10554584056,5103.66999993338,5427.13236545228,4151.77876453074,3828.30949194053,3828.30931998338,4233.21819717532,5057.48175806624,4440.60211824031,4440.60129017011,4846.10702452557,4877.11490117283,4769.85291096779,5026.25906384058,5003.12695813367,5165.77264451553,5141.83129182589,5593.02652720107,5597.52359049189,5618.43874507389,5944.4711221796,5947.70161818822,6017.49494315093,6228.01472041701,6709.9935954702,6504.3677958002,6571.15563488999,6437.94330177027,6513.22101224069,6993.1085117825,7221.95885802181,6833.16405512842,6841.72444068322,7593.51910781146,7376.28595631395,8561.00695606105,6370.30633773989,4461.33379794174,4461.33379794174
0,5398,5197.67475863878,5191.31410381221,5570.67545568148,4335.24254788751,4006.95077865282,4006.35701800775,4468.66096760978,5249.97037981365,4669.65811106426,4667.3751170517,5082.62183324881,5071.44275374387,5100.06226181573,5411.99106874585,5382.20236617193,5583.28005977379,5540.03286949274,5953.3235098566,5844.03622752804,5809.01917050176,6147.73858555006,6030.42298181539,5999.64173426654,6131.11808861932,6621.19020257722,6409.5582336524,6376.21212718242,6218.17049448649,6127.07169529208,6584.48956149907,7002.56200238083,6624.26998720491,6632.52133775416,7738.44424160185,7605.97356655075,8903.43680439302,6868.27700370311,4817.84959944439,4817.84959944439
0,5398,5203.69113826575,5213.22902581979,5546.42420235179,4357.79457814803,4052.07832702836,4051.92948563508,4436.3847510403,5333.9149666224,4684.5866062105,4684.01378418568,5141.70478544771,5198.8790354855,5153.87415353374,5506.58179533524,5542.99929491071,5743.18715286577,5812.51591992444,6318.45157750847,6154.11011701125,6135.45026842478,6465.21076714799,6471.78796758164,6405.40864388669,6502.64241153357,6934.74497056186,6715.15565511027,6692.08524257616,6591.461035078,6547.88096261586,7139.19072049941,7321.67337591807,7110.28953313398,7077.47777939114,8118.58945931381,8200.032906668,9593.32761495189,7252.90029208456,5070.22240583219,5070.22240583219
0,5398,5196.26001409131,5180.3634610371,5521.82741641618,4196.23248491625,3864.97120956558,3865.32536028468,4330.93618291773,5122.16354470807,4528.97193422076,4530.48944819111,5013.3111836891,5009.97116179083,5068.59754339875,5344.57944195046,5334.51767067915,5457.2583678201,5430.04371629278,6063.29999107536,5934.66947219452,5958.8556245246,6332.99840232709,6414.18500213216,6373.53332366684,6514.82957633804,6865.38608738682,6722.33502792843,6684.7863064065,6636.16361531123,6665.39183042713,7335.53714683606,7653.70182097417,7410.22163083425,7417.1180553071,8371.11946210673,8344.07899730268,9553.93030031515,7535.38534167235,5268.55270211022,5268.55270211022
0,5398,5228.78178366402,5235.1395649326,5592.40573248553,4359.9596225396,4041.93314968706,4041.49050111606,4432.79601391634,5360.74605884823,4760.38223356701,4758.59531312957,5226.13779187823,5288.7861999874,5253.36731166183,5540.79427177083,5529.240465967,5717.32977266396,5665.87265845268,5974.12878246255,6174.38364015239,6158.35549745626,6460.45502435736,6540.85279080715,6668.61357014307,6800.7884695429,7117.25636345322,6992.08028760312,6994.37404561234,6937.57980387296,6884.07980121902,7430.75951596947,7816.82845042296,7412.36392367542,7389.85906412608,8615.53570034751,8319.6059995636,9061.95169440734,7255.57736134076,5072.93011912154,5072.93011912154
0,5398,5213.23053191213,5213.23097396366,5535.86644235759,4267.90407640437,3953.89555342006,3954.09155149318,4271.54541631788,5159.49537990588,4546.41724309184,4547.2275694892,4895.78278925886,4969.74515937672,4987.36099662428,5323.38852398878,5335.8881147921,5610.83101834624,5666.89694763234,6105.87876418344,5909.01619921122,5936.50076775836,6264.82891879017,6162.74631025993,6145.44747266944,6280.73850368102,6719.0459275154,6431.69928633449,6437.24680249696,6428.12941851442,6471.74246113394,7008.59800620263,7295.39179792368,7107.9271224597,7141.66217127096,7857.13367235171,8695.64355643113,9551.87986873736,7191.10384680511,5050.45770743956,5050.45770743956
0,5398,5175.07668120277,5213.23000003331,5501.84021512359,4235.20729182349,3910.02277339706,3910.07075330854,4280.70617114296,5068.92475906723,4496.18355919639,4496.42501892374,4839.35070322381,4809.52280562267,4835.6257589697,5133.34364509276,5154.61788796022,5407.53790427898,5339.96842254377,5820.07019945948,5721.88231351701,5725.90122367028,6020.28356288739,6074.36886771038,6030.35645828268,6176.31155144486,6577.55562932122,6457.73014740271,6453.41935934071,6381.49926326889,6435.8427636907,6912.60191861921,7243.35246385102,7033.62621970439,7041.45784165283,7270.89909788605,7155.01203498774,8249.96550653724,6287.11288449092,4398.38368773952,4398.38368773952
0,5604.02536783359,5100.8378511534,5081.76384428169,5341.74601002503,4123.34675073516,3827.84199229002,3828.5292936363,4168.21944958868,5050.07862792905,4458.37799317405,4460.77933338924,4861.16342618831,4828.1892415058,4862.10192616739,5124.31008179687,5108.02385659432,5472.25654808006,5516.9383875238,5997.08141966701,5897.82584344524,5916.40398791753,6279.46104156071,6247.91629367705,6244.95798189988,6410.39634894161,6949.43627856952,6643.75481828414,6631.54283775383,6557.36030224299,6481.38580563537,6999.53837383544,7218.19052853106,6786.03225136242,6762.66827331302,7286.82989534904,7074.13483756066,8365.55084109485,6314.31071377316,4418.88037377123,4418.88037377123
0,5618,5354.70422480995,5348.33813997174,5630.39346299094,4262.4770619949,3931.86609282137,3930.27876247708,4294.1070133015,5142.5346679092,4504.56706412305,4499.38801058946,4886.32816232256,4841.73592658786,4799.99033738311,5100.71563706293,5097.30918982552,5378.61722611028,5360.58216691328,5775.61121323975,5711.95065474425,5712.27259398313,6121.22607495624,6133.04498393322,6190.32512430338,6470.37402658156,6986.53001195789,6762.4665554939,6806.27840038169,6807.64957475254,6810.24736899498,7358.69435638256,7663.80822916763,7533.65555684831,7545.57451064083,8303.93469004228,8146.63902771512,9286.70817107368,7254.00176014105,5069.18230580795,5069.18230580795
0,5618,5367.08602451152,5370.2650254106,5656.21557784109,4351.31539775018,4032.47631824902,4032.26692465706,4424.01710552053,5349.25992861996,4720.62258680378,4719.74487583807,5161.63728545673,5143.75765890968,5071.93099451219,5385.73866209404,5346.8444224666,5617.86389463922,5627.35351632606,6235.97643606539,5861.7733293782,5845.8603687637,6241.29624982022,6193.28039668703,6149.27872258828,6452.27958777932,7018.4621824181,6869.02266358382,6836.04418058007,6859.96638994779,6813.77282212374,7460.76093130386,7634.0958798197,7199.48956669922,7202.22139004222,8414.67351152738,8114.02680272831,9308.10418457612,7095.6262939863,4968.92641640576,4968.92641640576
0,5618,5359.3102659606,5359.31048699014,5659.38359754037,4302.87242614202,3966.58594394096,3966.70787871629,4402.54011569509,5317.26983680673,4708.35776107117,4708.88293275345,5208.67098150515,5223.349117478,5298.58831154164,5742.02714763812,5734.25368683524,5912.34717255913,5959.81526929521,6551.54010910742,6412.58731268315,6387.71582788677,6785.48483594522,6760.60079618766,6719.55718328447,6930.84388153437,7502.92124547643,7324.31344926287,7303.13007744445,7303.86314990564,7255.84791367473,7901.13898249331,8221.32620483083,7957.35871804244,7916.37627156186,9222.52691376268,9218.22379401633,10439.4814808027,7867.39130434783,5507.17386285519,5507.17386285519
0,5618,5378.3866594168,5359.31000001666,5669.94440863634,4378.14090348194,4064.86593490103,4064.75834802961,4463.96452859591,5400.86051102809,4804.23910404901,4803.69791951383,5299.79359825538,5287.47080782902,5228.86434069319,5665.597831071,5686.17567063751,5784.8457462837,5745.82402223019,6077.61915480032,6196.35250741573,6189.04816564987,6454.18955945201,6526.40047977275,6645.78485027951,6812.92911050795,7299.0085274782,7144.07370239144,7167.14380638179,7143.94048057853,7252.53243343919,7867.31215380694,8104.61025428502,7841.0055191579,7852.76865672834,8746.41948247795,9166.85106145246,10311.2161725485,7867.39130434783,5507.17391304348,5507.17391304348
0,5618,5412.32663118868,5425.04307785916,5741.7468874611,4365.07336946649,4024.03954048547,4023.78556125226,4408.66307851813,5228.95782299051,4652.05674086601,4651.30729493698,5101.13383969421,5198.50254651177,5203.67744775639,5539.58284488963,5574.22637916368,5741.32741221802,5778.21854281334,6227.24712548069,6033.72975229493,6026.08231938129,6365.03709283664,6091.95883682366,6065.1387989072,6211.11042873544,6599.77495269675,6490.7199449707,6469.44901723127,6401.81709323254,6392.38006430358,6900.53996547855,7471.23688824957,6967.14812104336,7008.11024406865,7984.56185412975,7773.27299400133,8685.82139188158,6954.62693304662,4891.61516440762,4891.61516440762
0,5618,5390.7613935645,5381.22394799395,5741.29864829379,4417.35883666415,4077.02472205255,4077.16589851919,4525.85588546104,5246.34553695636,4615.39287971375,4615.75135819367,5037.32234253947,4993.55912513204,5052.65667850926,5325.22060491742,5279.51094502726,5424.41241535264,5388.5236872854,5713.5063213456,5801.09250042092,5851.18163439116,6223.28004585835,6254.63461382396,6140.57016171454,6308.94386051032,6731.05825795928,6547.28647354729,6570.93604559719,6450.99934511936,6568.51684140858,7122.07040492872,7431.01387384353,7353.39847316969,7341.69503377698,8217.52882745588,8421.59659997405,9426.54697188247,7010.13859942535,4898.55203068156,4898.55203068156
0,5618,5455.42196415,5414.0885389962,5804.76974494422,4497.42991322586,4176.68580343011,4176.42736272876,4598.51196177256,5452.25474482782,4811.55703108685,4810.52067006182,5292.34891555434,5182.40046613378,5187.60572319578,5651.05736110842,5583.61949854167,5792.2122347177,5762.8228246415,6232.25202913117,5933.79068049185,5868.06898375775,6190.45832935046,6218.55750300236,6350.98524200017,6591.53617687705,6940.58297942497,6674.63289087707,6708.48517405298,6566.44077792468,6415.77967316715,6924.76724998977,7255.34722281812,7000.60625580893,7007.25672332697,7994.63561280622,7766.94617829276,8805.64114814124,6892.65638837178,4824.29727094172,4824.29727094172
0,5618,5537.43788284051,5556.51166864487,5959.18757505708,4559.01105256174,4204.85066709747,4204.17274224414,4687.33755932936,5480.07290994045,4812.5796310851,4810.31329461664,5342.09897438613,5261.35968932364,5193.84506779386,5783.11839502129,5867.11180815947,6098.07878095654,6116.98536647881,6653.70539251997,6572.05044276626,6587.26630447166,6936.4370582639,6700.45501720717,6693.04863334537,6934.87386727722,7385.29946973226,7181.15503262222,7137.81259940451,7045.15767046087,7024.64886102504,7551.52632321144,7852.34004617071,7314.66011934359,7257.23277176402,8210.58615483879,8324.95016058794,9112.31842387687,7122.05129139352,4982.10060404421,4982.10060404421
0,5618,5452.63027693916,5490.7849219243,5838.64294004384,4557.10202856401,4224.44522935391,4224.72258891456,4633.43603781014,5603.05525006773,4976.38475215891,4977.25161403618,5491.11692568022,5494.51488747497,5543.97343325673,5813.18164749485,5825.86981995473,5987.10887441211,5999.35985308824,6444.88109853904,6462.40974182669,6407.01641438262,6664.8667337185,6545.05708081611,6534.67152733291,6683.0520777578,7148.31863194641,6887.79723753523,6942.49296322461,6918.46773815435,6904.17080443626,7500.53939388435,7954.89326691107,7768.65561489394,7787.90592630862,8689.55518785037,8620.82258311889,9571.97012246827,7196.36673713742,5037.12136105418,5037.12136105418
0,5618,5384.74873767721,5359.31584438163,5662.66360163229,4336.30909642099,4021.8372674155,4022.65633227647,4378.36770446062,5312.26446132083,4675.45240288905,4678.51708408516,5116.37914728784,5061.42823703001,5071.93089010542,5333.94993588629,5361.33167604811,5538.83029272721,5561.53419490728,6171.21330106077,6083.91179508646,6157.81218978903,6489.16405736213,6340.06160880166,6303.05130121923,6502.95724957198,6871.33399714726,6644.22968807039,6642.61508973287,6686.05513247406,6743.99192584136,7250.02911612886,7629.15784379224,7410.75383783662,7417.31227563653,8221.2831427641,8414.7124099168,9325.71309849988,7297.19359123304,5112.12873454869,5112.12873454869
0,5618,5427.879212871,5446.9541040121,5762.97405825042,4377.90467262909,4035.87442999252,4035.46067111513,4422.96751127543,5304.38660519749,4703.21331362111,4701.83591111146,5126.1107285976,5059.91001664708,5067.09468895957,5275.72621174203,5245.68301352676,5376.44411996629,5391.30830859634,5882.98842842038,5914.07116083732,5936.27760933474,6309.6661711038,6234.97162778758,6253.07097486097,6460.84167436646,6883.30652298565,6685.95366169469,6655.52928008797,6601.84153900136,6675.92844862108,7069.00123934914,7309.36070956891,7179.76095372317,7190.05477619691,7730.18916327236,7876.75128596371,8869.96097495022,6739.93107512521,4715.33922323686,4715.33922323686
0,5918.6097412481,5378.04415256545,5381.22492200759,5675.15552086287,4382.7460906257,4066.18507057854,4066.45065447142,4482.4893338562,5325.72695749907,4731.19021480134,4731.99824201238,5216.90055778623,5156.86207483065,5074.89723991444,5432.86243222987,5381.8348216107,5499.08780635778,5466.69589066372,5801.77811710252,5793.6957865339,5796.03748465437,6123.94267672951,6120.14189391931,6117.75150654453,6255.0071971077,6692.18384056862,6606.35491751897,6552.06752686047,6425.31646563832,6426.70308930395,6800.36085950383,7173.65165478025,6637.15407327644,6660.14237250641,7475.55566265412,7177.67128209328,8562.34281403112,6375.82952555525,4467.51171029473,4467.51171029473
0,5939,5682.40561565704,5663.32060927785,5943.32479150576,4496.54609634468,4163.44551275087,4161.67484587247,4550.78784935576,5456.95206515003,4759.47823204007,4753.80654325822,5292.10635427378,5359.78768345849,5341.22809437521,5801.07590140131,5831.50189129051,5986.34694950839,5984.54570720448,6538.37996014338,6139.3758450135,6112.29389025783,6362.4617011214,6265.95720364714,6308.51614047366,6482.66749902427,6849.3794576176,6538.1662877556,6568.69411813807,6517.86964800751,6340.36088110738,6785.02945558537,7100.84821117723,6931.9999892539,6933.92786306004,7990.66306905726,7973.27278473457,9358.23369943564,7263.50482266525,5090.11931003465,5090.11931003465
0,5939,5738.61173348749,5729.07207723014,6040.45868184611,4547.70211310077,4200.50764503247,4200.16871064369,4569.05410460682,5524.15507769553,4920.30096712875,4919.12358753572,5407.89072340369,5439.35345624098,5487.94638917375,5840.61446687969,5823.6099432079,6004.49219643724,5969.42423140166,6519.46310124278,6386.15757820116,6380.77025137652,6802.95951216869,6403.46719192009,6383.20892812963,6531.65877162687,7187.87069151384,6860.1668551759,6882.34404579839,6998.45462129832,6991.05945470128,7423.84552181825,7720.9320955079,7508.01967771632,7477.25027402619,8653.48469734162,8445.4988719788,9620.02342997117,7495.06298143702,5237.48871180893,5237.48871180893
0,5939,5746.04498583589,5761.94153882961,6061.86736825239,4619.14455641217,4278.70150007635,4278.46663940395,4604.56589409058,5522.33409618089,4873.58027355024,4872.66311228727,5293.67055167298,5333.74813704137,5268.89673291302,5671.98660200082,5674.39952310399,5896.31654462864,5933.49184448237,6431.97683966462,6347.68137299435,6363.13249388205,6703.11287375934,6721.41370344283,6696.36643889066,6865.00853793742,7166.51974956499,7183.37728278118,7164.07250011597,7170.53037313,7264.49072073238,7627.66155857432,7999.56647735353,7483.3557402099,7458.52594774146,8534.51124083891,8736.90381039827,9761.94301140458,7567.02318675784,5288.42205903925,5288.42205903925
0,5939,5678.54934075518,5707.16543506739,5949.75410622368,4515.21889594205,4178.1652143798,4178.52419416142,4571.2880342048,5395.31846850992,4777.93116597001,4779.2970328156,5262.71307088477,5161.97562154068,5270.90175146108,5639.50537212942,5684.77538613778,5830.50024322335,5847.67408671792,6277.44680744637,6188.22038141931,6208.09908631223,6503.132642995,6371.30830052768,6392.96028448893,6547.09890659936,6971.90240832856,6714.8584018754,6692.56734428826,6609.77391953994,6628.8372916796,7033.62131370975,7327.0273481254,7220.99497122962,7254.13007645303,8374.88619080493,8257.11685759528,9220.35910955529,7190.71332212593,5046.07559597718,5046.07559597718
0,5939,5611.74083708937,5608.56338329455,5817.88535715537,4388.8621511296,4064.35344282807,4064.92596441452,4368.91136224765,5370.23127032505,4741.15403890599,4743.24184598008,5239.7924768988,5269.20779870212,5231.61583832989,5435.99094940397,5475.68210954469,5590.71971964418,5607.9768377334,6171.72531070077,5879.60869114444,5837.48394429217,6199.16533634291,6017.20040809124,6019.08176204013,6231.4179982283,6568.64518180176,6428.42218743129,6444.64274084837,6414.79062860669,6437.40254171748,6955.81116462401,7240.66516796538,6937.55428299947,6969.78557187025,8085.61470494041,8255.8092078513,9087.49606546522,7064.55503997245,4947.91676898149,4947.91676898149
0,5939,5648.12972321463,5619.51451312645,5870.29355324125,4378.44948971746,4042.50597015647,4042.47999599949,4379.13096574093,5239.39564127999,4639.13704223078,4639.09476442044,5042.87392234171,5019.61293662665,5008.49318528368,5160.71667511622,5101.03464240742,5192.74746665867,5214.79875708475,5609.46228961642,5741.54377114053,5803.48184862222,6137.84664454106,6108.91956923569,6119.20450879593,6361.73713372098,6742.7320554749,6594.34663633454,6657.51853099417,6676.3832806325,6660.9688881971,7091.22290510978,7548.27291156707,7272.00554134431,7245.55863452461,8259.39114151492,8145.71374035156,9184.1286747825,6859.60999146932,4792.84698579343,4792.84698579343
0,5939,5714.93716294702,5718.11461677208,5999.42705158566,4538.81281735375,4199.77921653537,4199.15906577703,4541.81151602422,5527.65602386302,4794.24439047502,4791.91664626944,5231.45649554591,5233.72775132952,5215.27472266914,5624.69117988011,5531.17763469339,5616.55149634278,5529.1497961286,5960.19496761822,5712.03226095758,5675.17896575147,6028.34407396624,5901.68538843462,5842.38059954366,6011.19757751228,6536.24900136921,6212.14590191484,6149.57933591552,6196.88098628236,6184.28340174354,6600.76974151655,6984.47379787677,6646.56589110332,6694.96492620061,7590.06490236822,7937.43183441992,9170.35009904139,7057.12710868861,4954.44856847923,4954.44856847923
0,5939,5703.98382266231,5707.16348687356,5969.79842525365,4511.77509169683,4177.93995089748,4178.01374801147,4574.72505057989,5660.94757040362,5004.46706708938,5004.7497515582,5523.47467981912,5468.32639941449,5445.75683080257,6048.00782808799,6148.13941236032,6395.49047011186,6365.58108638886,6781.56435439228,6570.91831156799,6583.84793619817,6859.61153198501,6779.35867880784,6836.93714690116,6977.1396966828,7359.89716272852,7255.52147325812,7202.01407536393,7061.71795474458,7028.79108482398,7504.39164260039,7856.23192314485,7469.82368212053,7390.58422414321,8171.6064975802,7854.34402399193,9092.88640891169,6941.39895218089,4842.45813416503,4842.45813416503
0,5939,5705.74559569176,5696.20748704013,5994.98758689192,4486.79817470648,4133.69101808172,4133.78921370268,4611.42466431042,5637.90262195143,5021.93492866383,5022.34064326092,5651.05699594545,5600.37006289477,5662.56116177891,5986.25335536775,5917.08792223161,6214.28933783028,6231.34166091944,6847.78902005688,6356.18155702189,6334.27009232717,6692.06215535288,6393.27389453434,6366.87158075454,6581.51552976194,6974.66772439938,6738.81210325941,6779.27287771998,6770.16986951864,6716.60467277458,7302.62625217128,7742.40487105082,7520.89394199818,7551.17502937026,8539.24798516936,8596.94886682445,9807.16164354033,7600.57361221926,5328.80910040723,5328.80910040723
0,5939,5738.61253177653,5729.07353894624,6091.80313193632,4643.96644247865,4288.04836488519,4287.73006650944,4670.20220417625,5803.01619000513,5113.89226535417,5112.55517820358,5614.76121700483,5688.27593976003,5649.23720151966,6134.07273671035,6180.42010672607,6409.1672468421,6400.34440629116,6899.5902079277,6795.62197825503,6744.05192896202,7119.87033506232,6942.6366082072,6932.37602697677,7208.77035300915,7743.65921128303,7342.84324255654,7360.72008672427,7388.23051297638,7335.83294219177,7826.26198375212,8059.45612948164,7878.50222587558,7828.96588872743,8597.13267633353,8664.55304894189,9890.09781279385,7533.77944059241,5259.73531868764,5259.73531868764
0,5939,5726.96832645549,5761.94153887961,6109.1845726578,4732.10465115016,4377.1442670022,4376.89747376844,4801.35220009917,5765.01851356942,5118.28764067749,5117.31054913701,5508.26063866609,5439.54369631475,5415.89178038091,5788.58700891271,5733.17133095502,6013.84030307225,6000.44430995463,6318.4167327843,6453.80615145008,6448.9632580059,6808.22199887276,6707.83569352932,6722.86066369732,6999.24179027232,7497.10296484415,7405.11870617651,7438.20906579256,7491.39734509808,7568.71355664392,8111.31739472437,8343.56242892696,7897.59851072259,7898.6489764484,8707.67962872574,8583.44587359727,9832.16886382272,7588.79766868593,5306.28410753249,5306.28410753249
0,6285.49720953831,5666.86547161653,5641.43235720824,5956.09678865546,4581.83183167486,4251.93923294193,4252.62389778446,4671.1615604362,5644.34606887381,5029.05782925473,5031.53384413607,5542.65577898661,5508.42591469002,5544.00314754968,6125.11481185131,6121.44743339098,6444.91984826683,6426.44489545691,6947.17056078692,6658.22533945136,6702.57034228877,6967.0200056245,6790.49688489622,6834.4736054033,7027.07311556825,7582.04884549302,7201.32880838463,7140.2112833767,7118.60719660079,7062.09496079572,7645.8689503503,7799.76366436283,7612.16338617853,7620.5453649734,8566.59386794348,8586.63748927806,9832.00297013404,7598.22486101305,5331.24570843986,5331.24570843986
0,6309,6035.07655637171,6066.85934448497,6345.41744969287,4833.60469068561,4470.5088704105,4467.89569993078,4890.25484171861,5742.55795336486,5070.34332469942,5061.73307494972,5597.15014073629,5521.44088479968,5502.17969868072,6074.32465012843,6054.65873266419,6387.89924771263,6408.17590010964,6981.79374188702,6780.64069140529,6762.96491462278,6977.08081076324,6792.34379279532,6745.87046148218,6995.41097071938,7399.4792517452,7356.31275391975,7299.16400954762,7341.67588436225,7302.06637192624,7954.52555941633,8414.15169234945,7761.46699510428,7752.48054813357,8667.98257545321,8679.84882359345,10057.1788034444,7620.06600935063,5333.9403805631,5333.9403805631
0,6309,6005.01930782812,5957.32986935726,6289.52871619959,4726.60116292787,4358.6439224341,4359.26462482096,4860.18693843354,5690.07751753955,5008.90281621839,5011.14498628698,5611.12478826061,5464.08487135739,5534.27205094957,6178.74274289972,6190.15709379404,6560.49859845521,6491.59422650561,7189.89896807366,6943.09959694213,6947.9849076004,7280.02324178675,6975.65987859643,6938.51426430252,7219.04102257439,7811.58222149496,7411.1482307871,7439.86746688867,7522.2179640931,7481.55628706113,8124.21157033067,8549.91819382219,8412.97841012507,8401.08752008371,9411.23652286312,9223.98194283597,10591.3418112851,7867.39130434783,5507.17391304339,5507.17391304339
0,6309,6086.68713482805,6121.65769481443,6474.21157383697,4999.69801828938,4627.51833020961,4626.47723540556,5087.17647875176,6003.09317757238,5341.85877030382,5337.94135709193,5918.73618050779,5739.30613718983,5735.94810461228,6264.64719084271,6278.5999319679,6659.61246274909,6613.0280723954,7245.05936295613,7096.62868397227,7089.99392934311,7465.00456224305,7324,7323.99999940462,7623.99998627691,8136.83494678139,7998.32925620151,8017.98826716317,8062.65714633474,8090.17218288646,8662.88373929106,9068.30052511671,8651.52218131904,8618.29640019642,9681.98130613298,9666.50072147495,10763.6989052132,7867.39130434783,5507.17391304348,5507.17391304348
0,6309,6023.40802827275,6001.15435700836,6309.13599253928,4827.91696891849,4481.08342699517,4481.79147292942,4867.61671554554,5736.43891961173,5087.881930853,5090.47601821336,5607.47530402868,5546.6242133624,5434.57390588382,5914.05527395847,5948.3730624231,6211.57165448355,6207.71582015645,6778.64659159616,6664.86068901669,6713.57799065765,7274.37031479243,7324,7324,7567.91502276176,8083.21272365805,7879.63529411764,7869.80000004024,7844.61747238136,7891.59384687886,8439.08586916171,8727.19730382283,8478.68455037066,8480.11930726833,9531.25060373691,9561.99004312869,10225.7923023484,7867.39130434783,5507.17391304348,5507.17391304348
0,6309,6061.94192207532,6077.83759101891,6347.76130098674,4805.4509696771,4451.0149281527,4450.6992429342,4897.05382856572,5600.91573147016,4958.05697772698,4957.08519959999,5548.15504080687,5401.52896674942,5483.14281190407,5866.75327082174,5861.51048198997,6100.49397134237,6161.87662349455,6544.02339252152,6587.34866773957,6590.83227072531,6904.72705355146,6829.90729468636,6869.55410356264,7117.78857500882,7641.96257640661,7322.62817433703,7321.9867590274,7348.94466757498,7357.83417407008,7798.89348338647,8270.67643667649,8075.05493229155,8138.64016019611,8981.84519244192,9250.2126884298,10217.4410723297,7867.39130434783,5507.17391304348,5507.17391304348
0,6309,6054.85676217654,6023.06343500077,6335.89404156844,4719.55181821292,4350.5551358939,4350.91404361429,4728.64867621955,5598.08426241032,4934.51738630947,4935.88251835625,5515.45699562824,5576.46745739461,5536.18082704975,5962.57655391984,5956.64854049847,6139.10265560048,6071.75200089772,6695.40916378021,6316.51712114556,6287.19448719246,6596.04945587899,6500.83195612153,6386.86848641567,6739.95246169694,7024.09994211945,7028.38626259106,6996.4563279906,7155.02937021856,7126.41355802657,7637.82200624911,7961.87527701879,7501.66849869173,7552.3845527463,8324.10753584597,8318.41734026633,9470.93730033187,7867.39130434783,5507.17391304348,5507.17391304348
0,6309,6107.18279438047,6132.61612984854,6435.12427138867,4926.6100043128,4573.57341949932,4572.83146235129,4932.37870736114,5728.82627790682,5062.37465685033,5059.52270956245,5508.2642099491,5356.95534992921,5400.51786047802,5815.19719337606,5816.95154956066,6052.35506592813,6124.62740737045,6637.51619942265,6677.84288146513,6709.41642728998,6961.15791009807,7057.12415270364,7116.63007084031,7418.55036310034,7931.84401057346,7747.50388671214,7738.2880938583,7904.11927550611,7867.46362299368,8435.45349904384,8717.22561489501,8565.23293053201,8485.40690035655,9355.11943940925,9036.24818622477,10084.464807701,7867.39130434783,5507.17391304348,5507.17391304348
0,6309,6041.79568450487,6044.97689602122,6343.76070526121,4740.81275436733,4362.72511976282,4363.35426735221,4768.46553828784,5527.13719390586,4902.73121804524,4905.19188400177,5406.2336238752,5330.10200660989,5320.81750786334,5766.99111885693,5763.03743663043,5904.21686828759,5879.03143998903,6279.38647676431,6267.49355841681,6277.60804773889,6584.20851508966,6431.64718513704,6468.58140075525,6711.79793452218,7157.91440939482,6863.94864040685,6946.80143052787,7149.4463743794,7230.33899418011,7888.66103092352,8133.49632178268,7809.04671416844,7873.92336270359,8861.15629912795,9142.18325855495,10591.892746753,7867.39130434783,5507.17391304348,5507.17391304348
0,6309,6024.47893634773,6034.01748715673,6329.92124304819,4866.17680460312,4514.78749259713,4514.67072978501,4908.71867527075,5683.76768533867,5024.05072561524,5023.37553896718,5504.28901804483,5391.79453859059,5372.75015815332,5823.18811352079,5814.9713424264,6026.47936944523,5984.21127697845,6417.44593424018,6223.72140764267,6199.02611251181,6416.69889997509,6407.75153117206,6423.87354431791,6669.25744326725,7224.73367922219,6935.1192738109,6916.02643707033,6999.67101008106,7053.2231302074,7685.87572137901,8091.99261477722,7740.57559860235,7747.34140211367,8740.01398232843,8563.07200478751,9864.93077409214,7867.39130434783,5507.17391304348,5507.17391304348
0,6309,5997.9703547109,6001.15046108708,6281.85904017614,4747.348893638,4382.2954810412,4382.58985470532,4747.92199121896,5544.54397016577,4902.17129250983,4903.38805582114,5363.57012652559,5313.42909280162,5363.3212896075,5836.9445561893,5857.5121897249,6127.33883389267,6175.17214976333,6689.60991659686,6530.2817874237,6542.35804640266,6767.19642936514,6607.7421120338,6557.9639980985,6776.18094835228,7216.11074421133,7094.90828476118,7102.85423760041,7093.83796539467,7065.04093085883,7623.15307967397,8050.03537729251,7697.77039554378,7673.42217827886,8498.92746499459,8789.71161575897,10163.277206749,7867.39130434783,5507.17391304348,5507.17391304348
0,6309,6002.91103894457,5990.19348707345,6260.8042321222,4777.98195098896,4436.25036913914,4436.24104258016,4726.65914857349,5530.74272357039,4919.32026326229,4919.18556358284,5286.91242520127,5218.75334171767,5162.98517467025,5560.74126065211,5576.96623354924,5756.05434337842,5759.14730618409,6209.41841421338,6195.54274763042,6187.94484040799,6463.42846972064,6334.51586501286,6433.44454735203,6618.83326665998,7201.32299276554,6866.43009851506,6912.82587028629,6926.71262350387,7006.02017424812,7474.41681039477,7824.84125473478,7730.46297049019,7742.29300307505,8353.27749718644,8348.72011287957,9666.86080812077,7867.39130434783,5507.17391304348,5507.17391304348
0,6364.25225773719,6018.11871992078,6034.01505192276,6262.62314723136,4712.0260164518,4361.61813738282,4361.50069992331,4697.06700073359,5318.63628468631,4716.57182802239,4716.33334426713,5138.30252644553,5039.45328178414,5047.38335086813,5396.60591843043,5410.21784996277,5543.62160326997,5620.14960577082,6170.40914983456,6024.17890083012,6085.84270593101,6281.68250956421,6264.93974961591,6174.118445412,6284.30980345047,6632.16830493511,6579.60891487045,6622.41783617098,6618.56278400953,6598.60365655717,7128.39392713059,7312.19296734605,6905.07652308325,6919.73553625465,7670.55622745812,7647.86093742401,9416.77912076098,6914.84099920718,4850.57129864409,4850.57129864409
0,6368,6052.18009432062,6033.10296529096,6263.15022650365,4669.13692580769,4318.94580664012,4318.92640620693,4681.82507893599,5310.88292263964,4702.39000630757,4702.46310823567,5234.65269288748,5188.98488992995,5179.01860672573,5480.92066046453,5490.4564917791,5556.46079329523,5466.08334533565,6116.59745946879,5872.07520560115,5827.42927580417,6085.93332930025,5932.99516858435,5986.35694269229,6127.44368266206,6346.66414011875,6101.9234831017,6079.3898471351,6112.28573262703,6172.60165964397,6711.79779399644,7220.98231654978,6980.65261842923,7019.16369907733,8104.61047980876,7839.66943534059,9385.96580081997,7535.44738051886,5281.68622050787,5281.68622050787
0,6368,6076.5823014655,6098.83707782377,6304.73712394568,4735.02188498291,4387.3680122327,4386.99444459329,4668.28305396053,5391.42396061632,4749.98995210534,4748.63872339495,5234.52902226477,5251.22364909565,5262.65185109012,5527.25618885071,5515.22955400813,5735.99184100929,5761.30696015712,6243.62222549111,6314.10259104874,6340.33289632314,6665.28748802918,6513.86625044553,6480.43812091915,6640.7520647181,7031.3048724525,6710.05222691494,6662.27037993514,6543.60582966306,6553.77478640618,7072.60180329312,7348.70896780052,7024.36618064328,6962.64756290165,8019.55092617672,8165.98942173647,9246.03038198831,7304.97915818766,5105.27808473558,5105.27808473558
0,6368,6031.68819150092,6022.15140906437,6226.22769918815,4607.75563481133,4253.21594428859,4253.71130086681,4522.98296591212,5216.62797088554,4605.20758712449,4607.08360338358,4992.20610210216,4949.58552449398,4995.71228212927,5335.57647315342,5339.21240694082,5557.33934398024,5542.94721019582,5995.74422700326,5933.43082957617,5903.96511377646,6267.42659278951,6221.29948483057,6217.26193714175,6384.33093024543,6653.1227096482,6649.68093897607,6583.67588584816,6455.71686889978,6468.55345216001,7003.04683103488,7299.22505711227,7202.8294858622,7237.72436215722,8360.50565023002,8195.25848218864,9182.84365036253,7084.83314322305,4958.43438898911,4958.43438898911
0,6368,6020.04132654646,6055.01453904618,6239.57477730663,4702.31300656152,4352.60615157834,4352.34793961011,4642.06861683888,5313.07969287969,4703.63270291841,4702.59785280724,5080.32740106878,5035.85175139346,4933.98035436463,5301.95432773034,5254.55497311806,5499.70576535751,5497.7852556646,5949.67396547095,5942.3291693522,5946.57423389005,6281.33086344949,6254.98622286965,6291.0606897156,6510.03686453932,6901.79573968499,6500.2239173196,6608.47570888982,6501.52233859762,6490.45828914803,6917.9110058471,7322.26943443052,6842.12952557474,6828.04223955196,7694.06544049543,8091.10171893323,9198.23470267301,6981.2933560394,4886.55775860428,4886.55775860428
0,6368,5972.65624455501,5934.50535720825,6171.38753059109,4569.23879402875,4205.54873232861,4206.25731602708,4530.50645808588,5192.96120782353,4592.3435819672,4594.9399849658,4977.44887059987,5032.4831393225,5110.91767634335,5602.50422651401,5655.08921723369,5857.22754173483,5898.67847336811,6335.1062928056,6287.98210799493,6320.1163088162,6626.71709630956,6482.87220815456,6480.18851906043,6651.07848201819,7082.29886714784,6894.24296029296,6829.98777567863,6738.70356105028,6625.06164240843,6990.17710894828,7414.8691426811,7110.67194145298,7101.55833866023,7543.05201220153,7642.76969423804,9253.4513961164,6802.24918586781,4761.6266071655,4761.6266071655
0,6368,6065.96880835438,6065.96615590154,6358.59420541009,4852.92929946418,4494.80711172167,4493.89303281947,4828.30463921064,5394.18096220185,4841.62121968473,4838.07913698389,5181.65217490911,5064.777837382,5068.06368729003,5392.20197214148,5333.96319759288,5442.10252485742,5419.4050903935,5831.90158687112,5687.83405034721,5689.73482122792,5907.11169140875,5880.60531429751,5926.66894203617,6114.54353744038,6381.51612438574,6366.82903015383,6394.0515185935,6426.60538518009,6558.83794653195,7046.03283730467,7419.63902064486,7221.43982318916,7265.02780580911,7913.11415140609,7666.89177356252,8851.66744995127,7280.73470407334,5098.26747430197,5098.26747430197
0,6368,6062.79255665622,6065.97199980012,6334.60640818503,4807.85076450911,4451.80366584494,4451.85090131159,4802.78924325453,5268.8918099823,4627.63531350362,4627.87317361324,5044.19516742282,4968.84680922179,4923.56320166813,5496.4212076862,5448.553816734,5617.94508065309,5615.74409353367,6074.47209557302,5904.61373331402,5921.90992403225,6144.76805180594,5930.65102306453,5932.57849786608,6171.22628189198,6380.90968853214,6260.40927730562,6146.84427463281,6057.94713289225,6022.94069998066,6464.04916879702,6919.69060801006,6609.3720667681,6604.52808183899,7342.5985300099,7531.30948807854,8772.82097582009,6559.80649073638,4606.01467230446,4606.01467230446
0,6368,6045.47793627495,6055.01648702347,6306.33422126574,4766.56052880405,4407.57847933687,4407.6766531595,4717.00987951746,5297.39155640364,4683.15903629671,4683.56463407104,5087.39954809013,5115.57714991832,5130.0656492087,5807.6743985826,5866.1176524657,6052.46128254753,6021.13793900615,6507.96532207318,6294.9199277924,6253.67279406102,6407.1239360305,6360.30723742086,6220.32268146199,6419.84181037139,6916.16956584017,6567.19698129899,6625.51512607214,6487.47495722347,6437.40373589957,6897.77548996888,7002.07009126961,6983.60290454026,6969.09075301898,7687.42088992965,7523.20590805073,9008.32307626044,6804.24042199386,4756.00706091648,4756.00706091648
0,6368,6028.50768441476,6022.14946108708,6278.17524447654,4741.30409249333,4384.23359334852,4384.40846666445,4709.36294470852,5219.50526535333,4622.02027392791,4622.63616907936,4980.9624507298,4945.45235918417,4942.27615919241,5464.81992851808,5438.60600931738,5677.13883748825,5721.59429162889,6172.83714609447,6115.28413791126,6154.5991851821,6416.62426244206,6325.3774856812,6417.57763123269,6563.57428707179,6919.35219138919,6929.32847111005,6956.23288329184,6884.31384693301,6888.94224094596,7359.51236626021,7626.87259624353,7136.71119041542,7111.23955752296,7702.95697745535,7868.61388640581,8961.89211687032,7206.68218371722,5031.50053747039,5031.50053747039
0,6368,6040.88002483506,6044.05902600302,6291.35097692801,4769.52378436818,4417.82307197654,4417.68671670162,4752.57330771788,5271.14764430021,4651.79735998116,4651.28740307975,5060.80519754262,5022.90407620682,5014.22961595195,5591.18173714005,5617.68097783409,5729.04887866387,5748.03314812784,6146.41450064327,6044.32099392222,6005.35087331212,6262.84227364666,6164.84873567601,6182.07501285999,6352.07062717121,6743.96036044753,6349.25303346257,6350.65713545549,6268.99414772695,6320.99171865497,6614.53666601665,7146.05893053764,6844.64744340361,6877.93722573931,7824.29507345803,7423.15433302702,8552.66645722039,6503.20572612035,4565.73052582993,4565.73052582993
0,6368,5998.13039037981,6033.10448699016,6237.03243625002,4719.7927242441,4362.80991848434,4362.91993390304,4659.23018140404,5215.31600030412,4633.29933488908,4633.76463074664,5025.73320192137,5035.16338631758,5074.13492628433,5518.25301992024,5565.23908529623,5681.18704829643,5643.16049388212,6007.0690097615,5947.94640460488,5985.19387069745,6271.31622192561,6112.4756730726,6087.58262484843,6278.00833139017,6681.41768326212,6621.6128266155,6604.60495972882,6504.94690570419,6472.93714689226,6842.29350237112,7030.26596331363,6843.48261311704,6845.0611367066,8028.50423621597,8091.89801221592,9298.93370572615,7079.42496535665,4950.25283688018,4950.25283688018
0,5896.01461187214,5941.20591488754,5912.59335727487,6095.94058449338,4591.30710830982,4259.18835941656,4259.8493348995,4508.49362875794,5007.759230793,4458.68909540147,4461.04642428402,4789.41492394524,4741.91459485288,4752.81752532163,5102.89187223017,5082.23341003183,5306.68696706492,5331.6683736354,5687.36822002108,5564.18871626062,5578.30151158259,5901.78463650048,5864.75789669766,5870.15189763397,6072.01101949391,6460.46868087485,6276.91746039888,6355.35598241802,6340.70542963445,6387.52321552056,6822.31964407704,7196.90235851248,6919.22231340534,6932.70157059691,7887.81989689491,8069.84851963549,9019.43608314751,7183.21170192346,5029.16293725258,5029.16293725258
0,5864,5563.77156655377,5551.06525695379,5777.18951375005,4299.55720358319,3965.5693617654,3968.13363717842,4204.71453408065,4655.23761329295,4121.20114837183,4129.67448924426,4421.01329761165,4492.881609883,4489.80363358905,4941.00519016892,4995.81415909453,5163.65137392327,5223.3801869559,5558.78354158026,5488.41692338376,5491.86486677067,5749.45461231026,5784.73753989617,5798.82349159548,5943.64065829011,6347.1601469144,6175.8465989213,6156.55501221388,6083.84163212881,6113.45254844722,6569.17783379769,6907.8679002418,6606.03846112963,6616.12553608401,7683.85771984953,7488.41017164849,8487.02769175664,6441.64972726016,4514.22906283832,4514.22906283832
0,5864,5582.14516361808,5594.86205276996,5859.54272964432,4438.54585826505,4096.51771040535,4096.17481466566,4434.32793974856,4774.18438430293,4204.36765244882,4202.99506639784,4495.74171741368,4403.78925745991,4448.91317257941,4695.36447898359,4706.88062073094,4781.55320459955,4750.87148183195,5280.77311522467,5007.02895693809,5020.69060164902,5389.23783563279,5256.22537588216,5269.09200187178,5428.48075549381,5698.51524840824,5658.97087699845,5667.00100117686,5618.29319330823,5692.00578369035,6035.57722500362,6621.23409510054,6470.46585493298,6510.42790923596,7500.56173377345,7792.55241807044,8765.16326277245,6809.1765194699,4773.74395309872,4773.74395309872
0,5864,5554.22050711347,5551.0419480273,5790.97148707329,4434.18484089921,4116.76766375213,4116.94468777599,4357.77948519437,4916.6131950452,4361.78423636057,4362.32229956999,4685.01807702464,4647.50750349687,4678.02378071443,4847.72411826147,4860.15610181445,5005.37959927595,4970.6362379237,5307.50768507384,5380.28222652167,5360.65396088937,5647.84333976486,5653.0224095538,5677.59541115247,5813.58568284664,6112.11462850185,5957.35208750887,5928.63193656847,5826.05704994337,5784.73050563124,6180.56432728682,6434.22922960712,6058.1710401959,6020.24340653902,6696.36861521226,6784.99138879946,7911.69918564462,5971.45566864915,4175.63118923915,4175.63118923915
0,5864,5539.73963141525,5561.99551304315,5764.62939177746,4349.44765716916,4018.71756062324,4018.77506093313,4309.3565571373,4655.34343540565,4130.64594505442,4131.02362423062,4423.52800618417,4267.11558216513,4259.9121337344,4463.98212432882,4425.01305439295,4648.16545719986,4696.03839120978,4975.32656185898,4988.46169636966,5012.17285830452,5277.57070217874,5220.77771705364,5251.48520673984,5450.29786057828,5756.83861605109,5548.04819849075,5670.53926730111,5662.37796638811,5670.01342183059,6021.24514169349,6481.10916447689,6479.26939695641,6501.70338362396,7249.8364777917,7104.71709372725,8150.32582036701,6396.40805265308,4482.82384236542,4482.82384236542
0,5864,5501.20307801565,5485.30740914766,5710.725097211,4301.7720241539,3971.67259791281,3972.07253836559,4303.16354566123,4669.25999257296,4128.5918478339,4129.98756871037,4504.53298682947,4441.48273654908,4417.45050760659,4737.64054471329,4765.7295849008,4861.4473677255,4877.81646137109,5118.14279085437,5030.36990323708,5049.08485190898,5297.80739062533,5168.75390842534,5131.51226650404,5251.69644138929,5586.20200333026,5472.916345648,5372.85350444019,5338.14090914535,5346.88590831545,5667.62807285118,5910.29395020011,5562.62620579158,5587.82858855446,6385.58713372761,6591.97220214198,7486.28857587288,5876.00191673419,4122.24342581639,4122.24342581639
0,5864,5536.90322693503,5540.08156499923,5745.29934552828,4392.90959503237,4083.00145624505,4082.63063583807,4333.92011385791,4793.59346066845,4236.5831683004,4235.15778119232,4583.19224096283,4565.1614249767,4545.10626457252,4693.73831545146,4741.82196550569,4791.17556544378,4780.24234559668,5004.97100872655,4837.71013912036,4828.41259067035,5062.76751718369,5034.39897671565,5033.69552554728,5102.05784469748,5419.86961726148,5242.2294925295,5326.44868879504,5264.82840602405,5317.76882577266,5699.63944129807,6023.67833174224,5915.3718805345,5933.7793217271,6694.62178906189,6563.85881742004,7280.33830688829,5691.62636116059,3982.089699009,3982.089699009
0,5864,5513.23104976023,5529.12848694019,5697.12901679143,4256.54905329209,3929.79900941282,3930.01653275717,4198.93851867276,4566.16251135381,4037.12187159758,4038.12822581921,4374.88377521485,4377.76010696741,4368.21787058253,4420.87657780849,4386.25061755129,4514.41746181333,4510.06669171191,4856.43115258174,4650.56808185424,4646.80774606558,4957.18012877288,4801.12619266413,4873.44129124252,4949.20065789144,5285.04549472249,5083.90359417009,5051.19885473769,5032.74418197604,5012.05167582019,5332.08976959971,5564.2929611464,5459.47235098667,5466.09583649034,6159.82296072691,6379.03026312758,7261.60379491436,5447.32183285513,3818.01467409782,3818.01467409782
0,5864,5477.52877313775,5474.35043513403,5665.74286980308,4255.45741745348,3927.28909942051,3927.54070694313,4273.26815161285,4610.30138120455,4068.5382625596,4069.36392262686,4461.19011857165,4424.14862523442,4444.60333762218,4629.00977087952,4623.63520880228,4728.15830387995,4750.79227614899,5063.84590485814,4979.93874703374,4993.99245921716,5276.45838339233,5137.73728924211,5091.26049137117,5169.70929620794,5460.53700918761,5306.68579521246,5319.83052982011,5267.82793440873,5260.10010388388,5547.92831874349,5737.88012670127,5380.37632431084,5355.21074052712,5935.88893003237,5870.51400048665,6817.28701300097,5270.82243104747,3687.73110352451,3687.73110352451
0,5864,5466.22707465897,5485.30351305981,5661.88900471442,4322.2171162184,4004.06583580362,4003.93198129449,4269.42606119027,4732.37263988497,4213.25324490715,4212.6676837683,4575.9658246083,4594.05960976482,4619.34138725002,4797.69083662588,4794.61871485887,4872.28415801531,4815.99011644278,5111.06320657287,4942.77826371877,4919.97362540303,5160.12521140165,5094.23100122952,5054.91807989598,5190.91798617869,5460.71653966688,5283.07442850932,5257.77809929285,5167.55563718667,5203.63945850677,5517.50183506089,5769.89700439398,5616.08519603613,5631.83226581971,6218.8007193638,6251.72147317626,6960.12071193231,5521.4239796823,3864.39297651487,3864.39297651487
0,5864,5448.18458497531,5419.57092212419,5609.67087594591,4212.4206683869,3892.04743163072,3892.4687407461,4138.72556101467,4453.50306112859,3960.6261512769,3962.21799494685,4213.38749848363,4133.54041249992,4190.16741320113,4425.02590248612,4421.2677705986,4633.42430606766,4670.32008697924,5035.15399852703,4894.17840038634,4916.86293489342,5229.56090422481,5112.12791825864,5187.00184554252,5399.83828952913,5646.98429318176,5526.73217816175,5574.11122820637,5474.06606043361,5435.11690115749,5855.93184990351,5838.35428755482,5670.12176052938,5643.25719408558,6099.49810121976,6160.39516497806,6955.87117100342,5210.81799566443,3641.58651973073,3641.58651973073
0,5864,5495.91350360299,5518.16761688868,5703.4074711841,4347.23163064357,4027.10369080026,4026.50777379302,4311.90223772662,4549.40786641156,4005.07615138873,4002.87062652025,4290.26671197853,4202.11000209775,4071.70686423493,4288.59539135469,4310.32526084817,4432.01227421053,4446.29755162811,4914.51391018505,4707.44820264471,4725.85104881721,4953.97672490222,4897.6752959042,4915.20683304118,5089.77509017597,5423.38741624168,5228.20663779168,5222.21877847152,5136.28983032572,5213.12669050137,5607.17792211362,5780.71670805944,5613.39665413853,5628.19796895834,6145.67076475963,6065.62725374863,6764.20888766496,5365.47509194761,3761.95255913798,3761.95255913798
0,4635.33962455605,5457.37907794287,5441.4834090144,5637.58389263213,4231.92232520269,3904.05696209617,3904.54020556454,4164.04705141766,4520.39314047518,3989.69839553521,3991.51297472514,4292.80869602406,4315.63661251413,4450.32308976748,4580.33727373442,4590.99711858212,4666.60333179876,4674.43520603758,5032.96232794427,5006.17403994165,4971.80797677533,5185.78549903016,4954.85789200455,4925.61204941258,5014.79813171056,5228.47227856886,5147.22297975446,5111.47583158106,4955.58491525645,4916.69249710287,5238.01312693106,5282.25618463539,5071.12965882234,5076.83746010381,5756.58778034118,5737.1409033608,6219.05601268239,4922.17999022438,3453.31648887476,3453.31648887476
0,4552,4307.98313830552,4298.47872304714,4529.90142857169,3491.99733061265,3234.7703147081,3242.25914709224,3528.60368807556,3927.04500160637,3481.30157433435,3505.82964891887,3795.35743988275,3694.18133592121,3771.43000123397,4013.93236655422,4054.27540683064,4226.63088811688,4214.75209942015,4421.45923139619,4509.86156558271,4560.74157331682,4878.33450809132,4723.26728173213,4731.7980211319,4926.29104042508,5133.76592466186,4979.11221762591,4987.18575381371,4986.74007428243,4970.49593702584,5244.81755972615,5527.47325705121,5220.03753381318,5228.74087493546,6040.89556424156,5911.49974685614,6708.28804303331,4850.08869881972,3391.36521294009,3391.36521294009
0,4552,4296.29732787854,4331.2705414853,4505.12379315304,3492.37309831376,3240.985692286,3240.82821973754,3598.30811926904,3924.72100907914,3491.74095291122,3491.21318345423,3901.54931687238,3815.1170164585,3694.06790804162,3837.14839858305,3823.64541092308,3989.35671440392,4033.46328882735,4246.95198104041,4082.82280567609,4081.58739001166,4409.2659298503,4287.42920588442,4347.97472981313,4520.88199372134,4821.11436499953,4757.4191034767,4764.48599795549,4761.49465941385,4870.90574834536,5199.52701736913,5235.19206183629,5198.82528006354,5236.96164154712,6049.17333427095,6186.51967682235,7461.58739393026,5500.89740333066,3851.80977867396,3851.80977867396
0,4552,4229.83558514734,4210.76135720833,4380.20535854858,3296.87918674592,3039.20326757749,3039.97172537,3322.9862083472,3774.6821991575,3346.32292827831,3349.22035151097,3774.32192973967,3887.62284501003,4046.21325694093,4238.15285071753,4256.48329119024,4342.82225275631,4327.32378654031,4469.0960034395,4412.98791880306,4380.92603816588,4664.23027837368,4462.31599677645,4421.40894996959,4520.67659894846,4878.59343192244,4644.35229437444,4625.51161359023,4527.23353979501,4462.79779933327,4726.50484773793,5022.65791821194,4717.40516377082,4727.47490209409,5271.58967375555,5515.33168445192,6590.10904582274,5370.57203548314,3767.97450067933,3767.97450067933
0,4552,4263.77263128875,4276.48907804239,4453.75471579957,3435.20174845094,3183.50688622045,3183.05012617761,3382.16567493169,3772.69451981374,3348.98714739862,3347.21800972096,3548.0787276149,3517.69675167509,3460.02662269689,3615.23339289507,3604.45943608051,3760.33533266965,3754.51247718788,4053.57525214393,3864.93090401268,3897.84430268447,4182.81810227984,4139.86704769242,4148.01931738884,4301.56510105038,4668.16863653439,4588.54726411642,4701.26013535442,4686.98518932537,4772.91688950319,5010.62692455924,5161.96974405659,5083.71465415498,5083.46833565708,5376.81079763899,5398.34106509929,6167.8509952061,4852.65379558751,3389.31688671591,3389.31688671591
0,4552,4254.92516650298,4232.66994799396,4388.6720676495,3333.9529384365,3094.54506785827,3094.84164038063,3300.90125703645,3633.47966037872,3182.5473489174,3183.6874800119,3388.18987108184,3313.84133057,3326.45733720788,3530.30292152534,3542.1369337515,3691.5279720094,3744.53783566973,3930.86658775358,4000.98565551318,4041.72947595187,4265.20308438811,4200.98902952685,4229.26903756912,4309.02379113397,4577.27993882302,4541.90904868673,4500.30330211414,4420.5069226175,4393.77161268564,4547.5350318265,4636.2665766956,4498.2273374591,4485.22003974052,4698.46030527003,4817.09285707744,5566.20895007734,4306.77249315024,3023.23888496265,3023.23888496265
0,4552,4312.53758141935,4309.35659090231,4482.05987063554,3355.37102597445,3097.59785683245,3097.24599634693,3336.85114640709,3673.17987898202,3276.48485105998,3275.3305179122,3559.91544853369,3482.48764851739,3502.48869529684,3662.97646284708,3658.27877477925,3710.61823077483,3685.1339776247,3971.23633340543,3700.97216510134,3687.61559868714,3991.39024414616,3781.25014995894,3748.96928701212,3808.32675441345,4000.32432751174,3921.01769560774,3927.47009830755,3878.33425359779,3940.05011604775,4150.28074948882,4186.49433262455,4052.24957437024,4109.66124558997,4304.74647970815,4372.79822577457,5370.52027250067,3990.49361973594,2804.73036025223,2804.73036025223
0,4552,4307.59796101904,4320.31551285993,4519.68057418963,3421.74588234765,3153.00593485331,3152.89557499058,3408.76714554471,3721.46734680794,3274.36887286888,3273.90178869675,3541.15226796216,3502.63972077292,3481.52717798234,3614.25692072926,3648.16116871585,3733.88484843354,3746.4325280287,3957.68629022051,3904.00643275038,3902.64268475643,4162.23837393039,4163.25800419531,4172.82195196112,4222.47636540695,4496.28604931827,4292.81731819121,4331.61088551095,4254.73856116554,4188.34795655896,4398.78306043834,4499.5060355279,4268.61006209726,4230.46694905705,4653.16177337636,4300.32819287528,5275.85427935173,4097.97098759733,2858.97969675255,2858.97969675255
0,4552,4257.41640449842,4276.49394807724,4419.66811083335,3431.08040030563,3194.93417973371,3195.08743444631,3363.72542673939,3796.92183061056,3356.79803121942,3357.21695239591,3564.63613784567,3567.02608164791,3531.11401509224,3547.36442516301,3537.02224807879,3583.99736993586,3590.20946773982,3857.09684571561,3662.36635325478,3658.76332830345,3921.55971406072,3824.25433501503,3811.60220102483,3899.99364765092,3984.86418702927,4063.3933096006,3976.90807495419,3995.30380789996,4034.54691853835,4251.35637225164,4448.75959851191,4264.45070815421,4292.06286771404,5154.24586109959,5008.27821135591,5736.59700011087,4587.44367020977,3216.88742744192,3216.88742744192
0,4552,4226.65481208232,4210.75892220747,4334.17608042155,3222.50850583474,2973.38138066616,2973.92251883309,3159.04144454452,3493.305598317,3097.07660030355,3099.27093454495,3294.27032207635,3306.00322974824,3338.17543511087,3428.56814481854,3439.79953846071,3514.65351622014,3520.95517543766,3719.55178360105,3740.1938365941,3731.15304165238,3997.55850511044,3957.76718276145,3977.80213926883,4064.68679837768,4344.22662924477,4131.16259192422,4168.32189942678,4066.53905372866,4130.37767938097,4324.62534929804,4425.73265606943,4314.8608838513,4300.90685557495,5141.84055654221,5248.68875289781,5891.73807442411,4506.14018918125,3150.47575402493,3150.47575402493
0,4552,4262.35522692593,4265.53356498258,4405.50672183759,3331.53502293275,3084.61197577388,3084.2412333958,3266.07568000956,3606.23622100844,3194.51242615867,3193.08745578375,3394.31710859537,3426.50022140542,3376.65661593384,3411.00144777571,3420.07497038666,3533.25721363355,3472.18447330807,3725.16271831131,3600.89921456276,3614.04490542437,3891.90202152603,3743.37064428001,3790.18256881393,3848.38322557353,4096.90224017295,4032.37088020776,4057.59174144614,3998.88954142128,3906.975788763,4110.33487348054,4336.89305189136,4069.53610184922,4083.78308604206,4773.3578827538,4887.64012618009,5661.64228712821,4302.49923594511,3015.5420183859,3015.5420183859
0,4552,4238.68304976023,4254.58048694019,4393.26381248963,3310.48660771616,3051.64326155132,3051.7291938715,3276.50871598443,3528.87256290097,3142.40887030933,3142.75316445505,3358.03636567306,3357.069163144,3424.82697841122,3445.41908520698,3426.64551358318,3617.59610019297,3674.44903429979,4027.75744214337,3868.34902726512,3849.08442017515,4136.89075498614,3955.11030124971,3937.41976473211,4005.91763182043,4307.53153111272,4075.45760995496,4086.90772437109,4113.61732441504,4100.07403722327,4307.76246271123,4448.58878341839,4319.72096328809,4297.98992570941,4811.39410381254,4865.87083369442,5583.75697256485,4362.05017448466,3054.40682445683,3054.40682445683
0,3682.94753932013,4222.05743254546,4199.80243513403,4337.12228915779,3305.34341949156,3071.08974446171,3071.31734803145,3245.81867899957,3556.52475091731,3144.47829448867,3145.18329842111,3358.45802033416,3356.06228970366,3327.7993310139,3410.42473009592,3417.62609825487,3482.69628751119,3484.80380285692,3723.14076056105,3799.13270451396,3824.13587607051,4149.74152175582,3973.88380874634,3962.74642783571,4067.50163357885,4279.25435847932,4275.31668513907,4263.01910711242,4257.40500930814,4295.84227470697,4541.91483735011,4715.09425386853,4515.17444052599,4509.98734958705,5194.86294434922,4941.89499766749,5711.76592288979,4315.44676228582,3014.53294783956,3014.53294783956
0,3624,3426.07650019163,3429.27916612359,3581.38322812351,2696.4167076279,2484.76531453309,2490.0134992177,2754.58102615603,2990.8000747096,2648.56722125621,2665.97562236288,2957.77659439237,2970.05784564792,3031.14845626891,3234.09020785783,3229.63509024183,3385.96990544045,3374.72991632909,3648.95737327858,3540.32425008045,3568.23698505441,3848.02250008793,3783.1894205402,3810.56794041715,3946.32748893785,4151.80108471049,4008.72556409421,4041.19277657578,4009.16063417531,4030.07703272179,4262.33988562498,4620.66876942952,4328.79809406218,4353.09934582052,5361.29380812087,5270.91744214902,6157.59745478446,4684.72475236727,3282.8917366539,3282.8917366539
0,3624,3415.09282369993,3418.27248877349,3562.88323567203,2742.20095248528,2545.59760928375,2545.57987775688,2822.59835543948,3130.30994976045,2782.20602676686,2782.02890457259,3156.04820030494,3207.32331907073,3162.87131408208,3389.13856580712,3384.47307705487,3540.14849030899,3539.00908350292,3753.60249011135,3640.24550573327,3618.56571965116,3943.22329974581,3787.96378659152,3681.04532121914,3745.35966350316,4017.94839101109,3970.65995589229,3894.77597427231,3925.74794569571,3845.10772970555,4155.06484503284,4435.91146520771,4293.68637537931,4302.89407041321,5368.26544016548,5413.45735484893,6518.85168664764,4878.5123363994,3421.11789042364,3421.11789042364
0,3624,3400.9573795187,3407.31648704019,3519.95142560193,2665.4862620072,2468.62419738652,2468.7582270366,2700.11373847113,3038.83210949717,2679.1506676187,2679.73690792148,3051.87093876777,3141.98670085482,3211.96013540048,3440.29259424485,3460.5257511994,3599.8662501376,3623.33639832532,3776.61882625387,3734.3974305415,3725.41791943451,4048.90007906125,4041.63801718883,4120.47833204497,4198.44734649033,4517.20154069987,4205.14774852895,4263.28245143232,4273.90982864491,4328.2617146271,4597.11761032327,4888.95094514514,4831.6652876783,4813.66473597479,5699.94174903444,5749.67764683904,6621.42157427596,5281.29106165981,3684.01853836333,3684.01853836333
0,3624,3414.01952107827,3385.40497406361,3487.40603396387,2605.65799395642,2423.86200114633,2424.01052702919,2571.55624154337,2928.78755765779,2619.64145926903,2620.21273550874,2913.53326187868,2995.48722331589,2957.08770479812,3159.28745025173,3144.38478815984,3249.54494696039,3265.87168856176,3490.31091367184,3354.83583810344,3376.86390365258,3662.48729436202,3593.27510208552,3615.90706786152,3684.46912782723,4047.87556575868,4072.25788748344,4038.22453064523,4039.77230157353,4068.59960240877,4356.32116634152,4472.60630309111,4334.74626424158,4360.75168368672,5368.84763959068,5282.30434596183,5999.46604398231,4714.62196040502,3305.70627316458,3305.70627316458
0,3624,3477.64671973969,3484.00361682205,3579.31605169092,2624.94033616746,2427.97023025931,2427.51768085738,2549.30463734346,2814.45724590546,2471.82335682114,2470.3391758553,2709.16013248466,2813.91741564994,2815.405854558,3060.15712093906,3079.78368949083,3169.74539894585,3173.90789242611,3462.40654695786,3350.13784068554,3358.42660218322,3587.37582182596,3494.15540969197,3524.97252701024,3595.05477820909,3823.82156261521,3704.17468456856,3792.5535941736,3774.25436477333,3788.50006536223,4003.02695479402,4256.03726245386,4082.66493559004,4088.26067611602,4950.04117549984,5216.30344830944,6135.18079284106,4547.01116254392,3190.96576248507,3190.96576248507
0,3624,3433.48154276418,3462.09697389703,3548.75663576645,2613.62005773283,2405.53961437689,2405.66380564181,2530.70897722974,2811.52807670725,2485.69751229676,2486.14617196276,2677.89433691957,2730.28223141381,2809.85864300098,2990.55173378961,2996.8265626001,3090.93220307238,3091.19163157761,3291.38437879744,3320.19538297729,3323.16079454116,3679.92328851499,3362.76400570502,3356.62744259869,3410.87925992807,3697.88647099155,3609.83275512474,3566.75773224078,3522.7354356509,3565.24199733728,3805.72866187697,3982.33853083144,3789.57489039256,3794.89179922092,4845.83591562971,4512.2704133197,5275.87985673805,4292.92570882501,3010.66735256467,3010.66735256467
0,3624,3369.85328029669,3363.49638324458,3467.54953984611,2590.51445569214,2390.28498621901,2390.74968469456,2631.3331671014,2821.51574326451,2480.20323243709,2481.74898243161,2729.14316423342,2657.94618047461,2591.72333613159,2761.90492255223,2768.83104771851,2879.27492493179,2876.54983132315,3069.10826488174,3021.22728276866,3033.28674910681,3321.66736159904,3303.07080244716,3322.80237937836,3372.74280944775,3568.51631554622,3557.27371485147,3578.04398529502,3532.62176963056,3538.79053539894,3834.63456574362,3958.73892803764,3952.19910421936,3957.90475747193,4925.80819467824,5239.36302784843,5749.70915363373,4484.37442726964,3134.84088531712,3134.84088531712
0,3624,3385.40346812426,3385.40302610297,3508.74336423329,2657.27071259427,2456.42814373202,2456.25610839882,2635.66661938713,3003.22965337741,2677.05860385274,2676.36874515812,2951.61725466368,3016.3619413377,3095.18170854613,3192.7786780772,3199.30904739148,3267.86365298532,3262.00560078624,3598.77750892772,3331.61945354261,3290.04879509512,3572.19509455291,3308.46835170457,3274.1484491313,3363.37011871741,3432.67275445813,3353.04810562907,3313.98647640793,3235.05814711613,3242.86550143534,3560.04398382248,3620.68028877936,3463.2805141999,3476.03883142468,4461.02597256132,4292.95947619029,4981.2753618246,3749.19217563032,2634.8352557759,2634.8352557759
0,3624,3385.40399998181,3385.40399996669,3484.67281713468,2654.49628787853,2467.49246207041,2467.48038489257,2604.62457202293,2891.5976466909,2548.5822657374,2548.52196905217,2720.28670610708,2714.85334232807,2631.1329475983,2724.79336996654,2724.20297744189,2825.89319822119,2837.64291128899,3071.921818906,3187.03007307832,3222.68335241313,3557.67037340062,3452.68155576927,3473.10529211769,3634.07153816757,3925.79440288422,3710.88208041127,3813.61134716228,3783.0488822708,3739.26455522146,4078.20836939659,4306.7228803232,3997.45667772543,3957.44573340549,5013.60078786407,4943.44052874429,5501.00402231327,4289.29330252876,2987.01421669723,2987.01421669723
0,3624,3385.404,3385.404,3483.4523870973,2582.81467161127,2380.05849006607,2380.15418547578,2517.1833234353,2773.69013884027,2474.89653358183,2475.37786587265,2641.95470515588,2700.67767329136,2758.70983746662,2862.85130588026,2867.4946834971,2920.63747864301,2957.96622986675,3165.58375305797,3111.80490973895,3118.10103807271,3300.76739078315,3306.60797250857,3275.00361797676,3368.58871454836,3516.42814558936,3509.86081224359,3445.75648521974,3419.43408723546,3469.41564062684,3861.08266333453,4024.36641969566,3945.26023670082,3977.55011418839,5129.21547439727,5130.39766505096,5796.93194004074,4388.92333401412,3080.68394958092,3080.68394958092
0,3624,3375.86567029615,3385.404,3476.01421505337,2637.34324573441,2445.5709591538,2445.49923915027,2583.45466374337,2781.34900371555,2473.59631735847,2473.2357367555,2625.62972110226,2617.69464059505,2590.65787669579,2703.60202587423,2682.66013059386,2681.82344624457,2662.71881077815,2866.6000496079,2815.76342203374,2809.55809807236,3032.5744725552,2922.8782402052,2934.99090137851,3004.23112144222,3242.45945445036,3098.35696053124,3136.91432127758,3120.65290968219,3135.9833216449,3621.36099581906,3701.44629619202,3697.71233214034,3723.78408313172,4551.08695602636,4947.62014442451,5405.67588693127,4369.95043936415,3065.11213831663,3065.11213831663
0,3262.51912734652,3377.97234381337,3352.53746107042,3467.97722293671,2567.79017394355,2367.70234007084,2367.93692042138,2496.14087823124,2669.39524464436,2375.46048306884,2376.37654336135,2521.08490219058,2616.21505070992,2603.78869829039,2774.79953923354,2800.39710371006,2837.10458628233,2849.37807436373,3111.1665984833,3037.2522985967,3034.63324509991,3282.96127034731,3212.05654596703,3191.99319214881,3221.34528281467,3497.17100329541,3336.3809660671,3273.27938480534,3257.64427742092,3198.79662939155,3586.82663198141,3792.67998422137,3553.65498199428,3535.7562942756,4240.63549941792,4068.23303336843,4624.98236040016,3434.54387890111,2403.26371726572,2403.26371726572
0,3238,3068.69961022416,3087.78480432445,3224.43967429096,2464.78133797091,2277.29203284463,2279.05371021952,2495.5703823219,2548.16185209291,2264.11826500224,2269.68789143824,2460.01564978678,2434.48145693231,2487.92595725502,2627.54519658729,2607.62575963441,2637.12091028881,2640.20600183294,2927.77137437557,2888.03924816303,2912.54709481628,3115.82406772841,3140.50142597538,3156.64905042672,3210.03222591699,3430.01228132653,3385.14151818063,3457.61903348396,3462.31554714614,3513.36939389983,3915.31813112545,3967.26457782009,3880.98822599354,3878.10610563106,4599.34993863528,4657.34777487036,5365.12185973301,4023.46011414174,2809.46821850273,2809.46821850273
0,3238,3031.56992592795,3022.032922784,3138.01190958135,2400.1749003358,2229.30246162272,2229.65335847092,2409.20014068945,2584.16029869805,2285.25073461258,2286.48774624159,2550.2669314956,2606.51278500659,2587.93975141278,2753.76855930423,2799.87497035575,2818.85868232308,2809.57366312121,3095.67745796522,3007.85801932443,2995.06153154277,3185.18576784929,3073.67602294658,3093.59035687929,3131.00156483555,3372.90788801063,3288.73746468005,3197.80404501194,3125.70516159998,3149.69561266235,3505.03066406021,3674.92176410183,3502.86210820968,3512.8817192596,4130.11930741674,4252.7038069576,5090.93982445792,3905.80101505724,2742.73263475038,2742.73263475038
0,3238,3038.99998594508,3054.89653902954,3146.18796006839,2375.85290538322,2197.63802155321,2197.52327153413,2340.60616123047,2486.02574631626,2204.96084658819,2204.64776432417,2405.69841111956,2455.43440901847,2491.388218628,2536.00959420121,2512.43773179988,2537.83430752687,2576.16368986924,2780.21004559267,2816.50812749508,2832.8554382033,3044.43139512207,2964.27515379545,2959.13402856481,3017.80186664725,3244.33012727187,3220.41109688857,3275.70551402449,3222.70184695715,3211.37706246739,3517.21597719094,3696.73623927224,3553.80976882436,3555.28436489355,4084.08774553164,4077.86935359738,4745.51209624964,3787.7786975804,2648.86116234353,2648.86116234353
0,3238,3003.29877310136,3000.1204350674,3081.46448256752,2314.23609003669,2140.73575791171,2141.04695786937,2264.32719777031,2387.84366486399,2119.17565490441,2120.30126485116,2274.51149139491,2279.14032075967,2302.47043097802,2413.06733683444,2453.82051246233,2420.55462242461,2418.68443693381,2537.22705536453,2564.15861790837,2574.43301852298,2721.44595502723,2743.42973963787,2742.92602341872,2805.84907077205,2917.92626259914,2963.76258235461,2970.75220548478,2935.14294720465,2984.7389153344,3261.44319011024,3311.21198705522,3330.33895178453,3356.43653828707,3897.53940329184,3946.31444208498,4485.48291053114,3523.00167182553,2470.77216486053,2470.77216486053
0,3238,3007.89429083206,3011.07351305981,3085.04878966104,2323.11250227506,2151.88708728051,2151.8250451789,2271.78732332785,2358.77433789355,2092.55616572385,2092.33219468444,2234.51165811801,2170.33274738807,2199.1375212385,2198.08483723401,2179.79836489603,2165.88372481815,2171.26522450313,2291.63378386485,2230.80448500823,2253.78536726066,2389.0349744588,2346.52934025299,2387.33686661024,2443.12193237432,2621.22874245359,2539.48211032825,2568.51425084355,2529.15639594405,2573.48962015103,2794.9060494222,2965.47283892683,2788.70375818461,2814.5344731388,3218.1399793083,3419.79412521659,3963.42065768855,3062.37940619496,2151.7297664261,2151.7297664261
0,3238,3006.47715243895,3000.11848700682,3086.16740402661,2296.97380515456,2118.67614755033,2118.76228753283,2228.87566397182,2316.46184393498,2047.9800106334,2048.32534059234,2173.2223443907,2116.80204661731,2130.91246998179,2187.20988783847,2202.35304318362,2218.37374892239,2184.77243181358,2306.37675766989,2228.3484962023,2221.30926569498,2354.73039214972,2266.9212080976,2275.24668348905,2327.54276346963,2422.662062218,2413.63705846893,2421.85418510361,2368.32285955021,2353.82817368893,2482.78076096673,2644.237384343,2571.5976667208,2580.36117604469,2832.51250170771,2886.80642289327,3426.50147080178,2670.50009675881,1875.01181458307,1875.01181458307
0,3238,3028.38835452072,3022.02902596971,3114.00377255717,2354.17621435039,2185.13005048528,2184.95774195065,2277.94334198533,2364.48906763375,2089.75279694433,2089.06211314395,2182.28342749602,2103.5349803432,2069.43124738803,2097.32063937992,2067.83186664621,2155.13918625993,2156.25225381509,2264.06795901997,2219.7828411875,2224.13180213461,2368.48143074174,2268.37281088555,2274.96955859413,2366.37278253512,2455.98758486033,2378.15612024198,2417.21387365503,2376.08180842575,2390.51365798087,2557.88309679014,2550.10147964278,2501.35243974237,2491.40173848367,2699.69844620958,2706.72491194727,3218.27312287471,2490.0723385418,1743.21391985732,1743.21391985732
0,3238,3034.40313832034,3043.94102591974,3114.57437460396,2326.39599563352,2153.41210304544,2153.34728816468,2228.39969770084,2311.6332842895,2050.91359700997,2050.7635184771,2147.9915369818,2082.54572354149,2118.91081502666,2244.59800428044,2246.25331225877,2314.65583122402,2327.76471823413,2557.82106321645,2366.4231271459,2370.88045781852,2476.76271627155,2404.89992845658,2390.90949426852,2446.80243055541,2636.12427907317,2497.07684454627,2462.37231992367,2365.01970088332,2356.82824973232,2482.52560699518,2629.97925134974,2461.03517256134,2457.4608717323,2615.27623941387,2666.46371039374,3290.03464339694,2447.40181377485,1714.18900519332,1714.18900519332
0,3238,3011.07479791823,3011.07546103711,3074.4184486734,2280.87161522363,2108.33835192426,2108.53703592517,2170.71868348872,2234.30341403466,1983.17546702989,1983.91102073975,2053.41271608773,1965.50213330902,1975.28893972189,2096.06780698529,2114.96200648522,2141.08511655334,2174.40880412529,2307.38667475731,2347.46162867597,2349.66067976808,2459.84793739615,2379.83159591368,2379.22219706858,2458.53435787746,2563.1159625726,2500.87713842412,2549.42731875553,2474.59944433539,2462.74369488844,2606.73476156219,2688.74474536545,2570.90538605992,2563.96616117581,2781.01682760013,2660.86165743012,3113.92220469662,2556.60676307608,1787.61272853047,1787.61272853047
0,3238,3017.43288649653,3011.07400004997,3080.41539795374,2289.30007319852,2119.1109123908,2119.09908577037,2203.94004192481,2219.43169275646,1961.94105904666,1961.88167957086,2041.54167935486,1904.01586506902,1903.53064766541,1955.99280002918,1966.37307550293,1946.94198571614,1933.54265897056,2054.43376052219,2021.47411922521,2021.45531750278,2115.73442625289,2114.12131990778,2098.30175680245,2174.07683976031,2282.63871797136,2228.59537347994,2231.84891749123,2181.75251307622,2243.49006341394,2413.70484870475,2493.97861364137,2517.99343587124,2546.71358071738,2757.93892884058,2889.3552464534,3386.84784772061,2513.23871958032,1762.23223960628,1762.23223960628
0,3238,3029.80602480777,3032.98502595305,3094.95977252272,2300.53173976515,2130.98877030236,2130.87621160358,2200.92928603685,2256.75668350564,1994.70215324583,1994.31181701116,2103.005152071,2010.92479636189,1997.34434148248,1999.69201201234,2006.21814912,2011.65609076465,2009.49671418001,2095.11251395656,2084.92115733081,2088.88242249759,2178.29021655263,2122.4901301453,2155.962965112,2219.62279514436,2270.18102359487,2227.31098954523,2193.8345156294,2108.12710455521,2088.8531350273,2231.05296650357,2312.17930301347,2161.22517922161,2158.38681942386,2407.61021478635,2310.5525490497,2808.06720297954,2226.68149711318,1561.10317302889,1561.10317302889
0,2674.23967529173,3018.85082272599,3022.03048699016,3106.10359754021,2284.22486658161,2097.81899919943,2097.90510312872,2203.71507053574,2197.49975973241,1950.37023376074,1950.71541634918,2036.8064961489,1955.68132253192,1963.84581109596,1962.26500394219,1951.40263906774,1971.07900136559,1970.3710305377,2067.15535930612,1994.57367202848,2008.46074153242,2097.55483782308,2019.07568688935,2028.70316827181,2086.59120369946,2208.73733686784,2104.26467753035,2116.30920060778,2070.36166249844,2064.85402722641,2151.98780289271,2335.72484333209,2243.77301235868,2252.5578734293,2399.85825646659,2582.42117341598,2968.89640838404,2338.59109630776,1638.70538630386,1638.70538630386
0,2636,2455.10871437848,2461.48389035175,2529.42616918582,1958.46599340596,1827.47404020834,1831.03401635858,1912.39754132263,1996.94509188245,1773.51411007916,1785.10135737264,1893.26867796292,1801.05096051584,1853.6260716727,1941.43463672948,1960.00749237249,2002.6593187237,2004.66286070601,2146.52690731708,2007.45445306407,2004.99614383699,2069.61157066725,2017.68453041375,1986.55164559755,2058.11347565738,2186.61976473121,2050.59891323832,2079.34482576769,2023.01857882698,2040.53926510358,2154.06704450411,2105.9729453375,2132.55699684477,2135.78178520702,2286.47352420722,2169.67792479794,2733.44934287392,1970.50206162615,1381.20642163035,1381.20642163035
0,2636,2436.3570893934,2439.53697527449,2472.19663864342,1829.62718484746,1692.45673675373,1692.70343848587,1759.88542865264,1817.1783012833,1614.62419441622,1615.6894828605,1720.60142741946,1646.39945644991,1642.34317114415,1714.98775138338,1710.36023429143,1767.96092117697,1786.51118198488,1948.48300288064,1880.33728688751,1889.55543632982,2030.06040700369,1918.61821676545,1958.76062075221,2012.60073047407,2193.5579453322,2143.9643705658,2137.32273581068,2063.14145938972,2085.75534040564,2271.78989186673,2309.1665066692,2142.08030709632,2139.20429126581,2338.11386081394,2365.31165067176,2735.71071305488,2288.92722971873,1599.04713092999,1599.04713092999
0,2636,2434.93915246626,2428.58048705683,2478.62940413091,1823.67357167974,1680.8686489937,1680.9310650352,1741.99935788493,1779.10214109942,1580.43347205552,1580.65954222543,1650.59043803636,1597.67277644909,1610.71795519516,1704.68461021411,1713.56055052308,1732.59995238281,1741.47203155363,1832.66880003843,1841.62431999283,1844.50881644396,1912.18096017433,1926.13957170947,1912.16928091924,1953.06081807608,2047.08245773781,2010.27790312366,2000.40853214351,1922.79352962223,1919.15431429078,2105.13252152356,2148.26352443223,2131.6531325136,2137.67774265249,2192.92872192545,2324.83234938916,2660.58287079845,2015.02899983384,1413.69191006646,1413.69191006646
0,2636,2460.02979775534,2450.49102596971,2513.1485682561,1882.52268667367,1747.33980572971,1747.1674830785,1787.18341299834,1811.11737297474,1608.12498789124,1607.43425121768,1642.05850179685,1547.39618905595,1549.06875434012,1598.41907884414,1605.60101462824,1600.24836219743,1605.32496809889,1743.24032736985,1647.06921110243,1645.28189045435,1711.8226850844,1638.33015227897,1660.1198336649,1707.46573285173,1795.55799598443,1759.98272746645,1800.09243205657,1745.37270080374,1773.45516919759,1917.88134367891,2058.49243728947,1929.93312688147,1948.99662533074,2149.03651251121,1958.39947632224,2291.95666986627,1808.20264997218,1269.76227501739,1269.76227501739
0,2636,2470.64142910691,2483.35853889626,2523.30856194049,1875.63391119828,1737.9520136928,1737.8129787359,1773.72908164585,1768.24438605172,1562.81415812307,1562.37879445633,1608.24677901079,1520.17417392323,1501.31722773482,1518.61951914018,1527.2982141127,1508.0702765784,1521.67813224435,1579.75571835396,1648.5349067648,1654.33678193156,1729.550026187,1666.24483357901,1662.08668825437,1701.3816166496,1764.51591260345,1700.70272751815,1704.53269684241,1633.11729994195,1642.57022368111,1737.09428565184,1829.36241430604,1803.83032304106,1799.30548293306,1971.08208807907,2155.44799670885,2578.83956800462,1887.75358321592,1323.54106300975,1323.54106300975
0,2636,2442.71650712255,2439.53794804392,2496.95404624832,1820.69661341159,1670.60652467348,1670.87937858494,1776.62086698891,1736.30406218453,1511.57846331525,1512.59900289651,1601.04231124615,1504.95212741745,1522.25209386405,1528.38072516869,1524.37125774997,1484.78224748076,1487.95248336564,1592.5211347882,1516.39080636534,1519.38077656782,1563.74349921377,1530.75061085326,1536.51784481356,1578.59009950368,1629.19217187546,1567.67114056187,1556.72463575298,1488.3279933681,1496.61493494229,1624.20470965989,1656.27478767077,1613.72704416659,1632.30795258395,1745.41708400569,1711.17556462094,2153.9388327773,1712.25454660753,1201.03748743348,1201.03748743348
0,2636,2447.31229082296,2450.49151304315,2514.44259607728,1916.37272689848,1780.1632708684,1779.9935345354,1870.07091055347,1950.07138414524,1723.37668884071,1722.61058516692,1835.68670017992,1741.96192423075,1729.78717957197,1729.18753187385,1718.67347408616,1651.06347029681,1631.2590584736,1731.18494110624,1649.58314231468,1642.49834962333,1712.4909646484,1579.51008450027,1569.20310996988,1592.10589977788,1662.21821838836,1596.53647043958,1589.70260900185,1528.06830924747,1506.71466411926,1588.33949116189,1681.85812614123,1637.04095860541,1633.85216299568,1796.15415242594,1770.82994345019,2065.30837644598,1677.7426368476,1174.82220614559,1174.82220614559
0,2636,2439.53626596971,2439.53648700682,2474.17142553218,1846.67155867618,1714.23962210155,1714.36158647374,1763.64892179013,1859.47671121171,1644.11598278966,1644.64154516833,1737.83499782192,1669.85802447901,1673.71871277225,1697.67361534654,1714.80773135913,1697.56527566779,1695.57431731219,1751.89082508993,1741.52990768128,1729.93353380719,1846.16666810769,1755.6417632132,1748.62914574479,1772.3033628971,1842.77886282843,1761.48454429698,1757.76642954747,1704.91950708763,1687.66908773418,1728.76809630915,1794.223416834,1663.80141922987,1650.33044015872,1834.89327636116,1807.50961499176,2128.73194348241,1571.56691505579,1096.19481843837,1096.19481843837
0,2636,2445.89488647833,2439.53600001666,2476.90159143289,1809.1209822545,1670.42511338081,1670.47304324663,1697.59384861538,1781.96550624984,1575.40580704643,1575.647011003,1621.69105654897,1566.20665806436,1574.43410771125,1558.52246065605,1558.93982438414,1545.95751072896,1568.92759306373,1631.03241710305,1593.96823520806,1616.20234874123,1723.31982988272,1682.52967444987,1696.41716940965,1734.91303503192,1826.10705869746,1731.62663199183,1750.148098182,1697.89497263228,1731.62129852908,1823.10736793285,1831.3522568817,1815.88016949238,1818.81142025865,2017.01432273095,2002.06252326616,2267.34832109018,1806.12951692704,1262.53447123579,1262.53447123579
0,2636,2455.08858157315,2461.44702595305,2506.10456822145,1855.77626835085,1715.05054502717,1714.90213341262,1753.72055390006,1793.23901035331,1595.39490958776,1594.82442686047,1616.31286476084,1508.31713958081,1517.03519634493,1524.04510214199,1498.37368101343,1461.3269867058,1438.42557053343,1497.98760810757,1460.16472672132,1440.96323188911,1548.78251307131,1481.95930803741,1486.84901076012,1528.20015380789,1661.87291163688,1572.52421593707,1570.21618102203,1513.28801912427,1522.14197239296,1630.46727402413,1671.18069771826,1626.24359244439,1643.30399541534,1878.24918847448,1895.59556548793,2194.08739952284,1657.78648286271,1164.44696402453,1164.44696402453
0,2636,2439.53653193942,2439.53697401363,2484.87943170879,1843.01003867895,1703.29808190303,1703.41053326735,1745.47874680187,1769.75822920691,1575.28990626479,1575.67958550077,1607.08843144566,1500.22173494893,1507.78167246192,1584.29447255923,1603.36567154881,1604.05094532807,1611.72784077106,1671.91987883023,1662.45976242306,1677.80715874931,1730.88876012355,1702.49739497345,1699.6590566114,1723.85924663416,1804.57163854587,1805.81440641439,1776.9924746277,1688.41035031973,1663.59138160615,1700.77682228302,1791.9090716562,1660.95277887507,1639.983057928,1767.04319713952,1839.5068798549,2017.90102466015,1650.00180604155,1153.08758112716,1153.08758112716
0,261.089396245539,2442.71544325281,2439.53600003331,2480.85320437057,1848.22485984631,1714.13778610048,1714.12590217476,1751.14885470725,1760.91794429614,1556.61471965564,1556.55501971974,1591.01994142721,1488.71412416111,1464.37177181189,1480.66749499315,1477.86727485243,1458.17268625851,1469.69882300857,1574.18098186735,1485.66443741466,1497.0685559355,1572.10143192111,1471.1615507908,1483.79783801011,1505.44053211809,1567.49066589052,1521.64616847332,1570.23209493968,1495.71976599302,1540.06869396424,1566.27815394355,1601.26378468799,1618.23655265729,1634.49754616686,1681.38378091233,1734.79974095169,1784.88476146675,1454.28168332691,1021.61444432292,1021.61444432292
0,100,138.384627761617,135.272653837435,181.45860067321,152.883868193234,141.744534446791,156.956443071605,207.126149101767,395.573363855458,385.15930740059,435.51244374606,567.44808846573,663.414345662975,859.910275611249,1178.06381471807,1259.34911822796,1357.05983817072,1405.03446995663,1463.3644329357,1519.75437159499,1525.31533624879,1594.41728082075,1541.40483743685,1523.84612505043,1532.35795076849,1577.42989660225,1505.06652647826,1489.66788710325,1386.7683099342,1371.54371451734,1381.96236248466,1357.58924015806,1329.67784200024,1330.35579758253,1432.59757588093,1374.01636975822,1387.10664147427,1082.85498901436,760.411188710829,760.411188710829
